timestamp,y_long,y_short,weights
2023-01-03 21:00:00,1,0,1.0
2023-01-03 22:00:00,1,0,1.0
2023-01-03 23:00:00,1,0,1.0
2023-01-04 00:00:00,1,0,1.0
2023-01-04 01:00:00,1,0,1.0
2023-01-04 02:00:00,1,0,1.0
2023-01-04 12:00:00,1,0,1.0
2023-01-04 18:00:00,0,1,1.0
2023-01-05 15:00:00,1,0,1.0
2023-01-05 16:00:00,1,0,1.0
2023-01-05 17:00:00,1,0,1.0
2023-01-05 18:00:00,1,0,1.0
2023-01-05 19:00:00,1,0,1.0
2023-01-05 20:00:00,1,0,1.0
2023-01-05 21:00:00,1,0,1.0
2023-01-05 22:00:00,1,0,1.0
2023-01-05 23:00:00,1,0,1.0
2023-01-06 06:00:00,0,1,1.0
2023-01-06 14:00:00,1,0,1.0
2023-01-06 17:00:00,1,0,1.0
2023-01-07 13:00:00,1,0,1.0
2023-01-07 14:00:00,1,0,1.0
2023-01-07 16:00:00,1,0,1.0
2023-01-07 17:00:00,1,0,1.0
2023-01-08 03:00:00,1,0,1.0
2023-01-08 04:00:00,1,0,1.0
2023-01-08 05:00:00,1,0,1.0
2023-01-08 06:00:00,1,0,1.0
2023-01-08 07:00:00,1,0,1.0
2023-01-08 08:00:00,1,0,1.0
2023-01-08 09:00:00,1,0,1.0
2023-01-08 17:00:00,1,0,1.0
2023-01-08 18:00:00,1,0,1.0
2023-01-08 19:00:00,1,0,1.0
2023-01-08 20:00:00,1,0,1.0
2023-01-08 21:00:00,1,0,1.0
2023-01-08 22:00:00,1,0,1.0
2023-01-08 23:00:00,1,0,1.0
2023-01-09 00:00:00,1,0,1.0
2023-01-09 16:00:00,0,1,1.0
2023-01-09 17:00:00,0,1,1.0
2023-01-10 12:00:00,1,0,1.0
2023-01-10 13:00:00,1,0,1.0
2023-01-10 14:00:00,1,0,1.0
2023-01-10 20:00:00,0,1,1.0
2023-01-10 21:00:00,0,1,1.0
2023-01-10 22:00:00,0,1,1.0
2023-01-10 23:00:00,0,1,1.0
2023-01-11 00:00:00,0,1,1.0
2023-01-11 01:00:00,0,1,1.0
2023-01-11 09:00:00,0,1,1.0
2023-01-11 10:00:00,0,1,1.0
2023-01-11 11:00:00,0,1,1.0
2023-01-11 13:00:00,1,0,1.0
2023-01-11 15:00:00,1,0,1.0
2023-01-11 16:00:00,1,0,1.0
2023-01-11 17:00:00,1,0,1.0
2023-01-11 18:00:00,1,0,1.0
2023-01-11 19:00:00,1,0,1.0
2023-01-11 20:00:00,1,0,1.0
2023-01-11 21:00:00,1,0,1.0
2023-01-11 22:00:00,1,0,1.0
2023-01-12 09:00:00,1,0,1.0
2023-01-12 10:00:00,1,0,1.0
2023-01-12 11:00:00,1,0,1.0
2023-01-12 12:00:00,1,0,1.0
2023-01-13 05:00:00,1,0,1.0
2023-01-13 09:00:00,0,1,1.0
2023-01-13 13:00:00,1,0,1.0
2023-01-13 14:00:00,1,0,1.0
2023-01-13 15:00:00,1,0,1.0
2023-01-13 16:00:00,1,0,1.0
2023-01-13 17:00:00,1,0,1.0
2023-01-13 18:00:00,1,0,1.0
2023-01-13 19:00:00,1,0,1.0
2023-01-13 20:00:00,1,0,1.0
2023-01-13 21:00:00,1,0,1.0
2023-01-13 22:00:00,1,0,1.0
2023-01-13 23:00:00,1,0,1.0
2023-01-14 00:00:00,1,0,1.0
2023-01-14 04:00:00,1,0,1.0
2023-01-14 06:00:00,0,1,1.0
2023-01-14 08:00:00,0,1,1.0
2023-01-15 19:00:00,1,0,1.0
2023-01-15 21:00:00,1,0,1.0
2023-01-15 22:00:00,1,0,1.0
2023-01-15 23:00:00,1,0,1.0
2023-01-16 00:00:00,1,0,1.0
2023-01-16 02:00:00,0,1,1.0
2023-01-16 03:00:00,0,1,1.0
2023-01-16 04:00:00,0,1,1.0
2023-01-16 05:00:00,0,1,1.0
2023-01-16 06:00:00,0,1,1.0
2023-01-16 07:00:00,0,1,1.0
2023-01-17 17:00:00,0,1,1.0
2023-01-17 18:00:00,0,1,1.0
2023-01-17 19:00:00,0,1,1.0
2023-01-17 20:00:00,0,1,1.0
2023-01-17 21:00:00,0,1,1.0
2023-01-17 23:00:00,1,0,1.0
2023-01-18 05:00:00,0,1,1.0
2023-01-18 06:00:00,0,1,1.0
2023-01-18 08:00:00,1,0,1.0
2023-01-18 13:00:00,0,1,1.0
2023-01-18 14:00:00,0,1,1.0
2023-01-18 15:00:00,0,1,1.0
2023-01-19 12:00:00,1,0,1.0
2023-01-19 13:00:00,1,0,1.0
2023-01-19 14:00:00,1,0,1.0
2023-01-19 15:00:00,1,0,1.0
2023-01-19 17:00:00,1,0,1.0
2023-01-20 10:00:00,1,0,1.0
2023-01-20 11:00:00,1,0,1.0
2023-01-20 12:00:00,1,0,1.0
2023-01-20 13:00:00,1,0,1.0
2023-01-20 14:00:00,1,0,1.0
2023-01-20 15:00:00,1,0,1.0
2023-01-20 16:00:00,1,0,1.0
2023-01-20 17:00:00,1,0,1.0
2023-01-20 18:00:00,1,0,1.0
2023-01-20 19:00:00,1,0,1.0
2023-01-21 10:00:00,1,0,1.0
2023-01-21 11:00:00,1,0,1.0
2023-01-22 02:00:00,1,0,1.0
2023-01-22 03:00:00,1,0,1.0
2023-01-22 04:00:00,1,0,1.0
2023-01-22 05:00:00,1,0,1.0
2023-01-22 06:00:00,1,0,1.0
2023-01-22 07:00:00,1,0,1.0
2023-01-24 07:00:00,0,1,1.0
2023-01-24 08:00:00,0,1,1.0
2023-01-24 16:00:00,0,1,1.0
2023-01-24 18:00:00,0,1,1.0
2023-01-24 19:00:00,0,1,1.0
2023-01-24 20:00:00,0,1,1.0
2023-01-24 21:00:00,0,1,1.0
2023-01-24 22:00:00,0,1,1.0
2023-01-25 14:00:00,1,0,1.0
2023-01-25 15:00:00,1,0,1.0
2023-01-25 16:00:00,1,0,1.0
2023-01-25 17:00:00,1,0,1.0
2023-01-25 18:00:00,1,0,1.0
2023-01-25 19:00:00,1,0,1.0
2023-01-25 20:00:00,1,0,1.0
2023-01-25 22:00:00,1,0,1.0
2023-01-25 23:00:00,1,0,1.0
2023-01-26 19:00:00,0,1,1.0
2023-01-26 20:00:00,0,1,1.0
2023-01-27 12:00:00,1,0,1.0
2023-01-27 15:00:00,1,0,1.0
2023-01-27 18:00:00,1,0,1.0
2023-01-27 19:00:00,1,0,1.0
2023-01-27 20:00:00,1,0,1.0
2023-01-27 21:00:00,1,0,1.0
2023-01-27 22:00:00,1,0,1.0
2023-01-28 20:00:00,1,0,1.0
2023-01-28 22:00:00,1,0,1.0
2023-01-29 13:00:00,1,0,1.0
2023-01-29 14:00:00,1,0,1.0
2023-01-29 15:00:00,1,0,1.0
2023-01-29 16:00:00,1,0,1.0
2023-01-29 23:00:00,0,1,1.0
2023-01-30 03:00:00,0,1,1.0
2023-01-30 04:00:00,0,1,1.0
2023-01-30 05:00:00,0,1,1.0
2023-01-30 06:00:00,0,1,1.0
2023-01-30 07:00:00,0,1,1.0
2023-01-30 08:00:00,0,1,1.0
2023-01-30 09:00:00,1,0,1.0
2023-01-30 14:00:00,0,1,1.0
2023-01-30 15:00:00,0,1,1.0
2023-01-30 16:00:00,0,1,1.0
2023-01-30 17:00:00,0,1,1.0
2023-01-30 18:00:00,0,1,1.0
2023-01-31 09:00:00,1,0,1.0
2023-01-31 10:00:00,1,0,1.0
2023-01-31 11:00:00,1,0,1.0
2023-01-31 12:00:00,1,0,1.0
2023-01-31 13:00:00,1,0,1.0
2023-01-31 14:00:00,1,0,1.0
2023-01-31 15:00:00,0,1,1.0
2023-02-01 11:00:00,0,1,1.0
2023-02-01 12:00:00,0,1,1.0
2023-02-01 15:00:00,1,0,1.0
2023-02-01 16:00:00,1,0,1.0
2023-02-01 17:00:00,1,0,1.0
2023-02-01 18:00:00,1,0,1.0
2023-02-01 19:00:00,1,0,1.0
2023-02-01 20:00:00,1,0,1.0
2023-02-01 21:00:00,1,0,1.0
2023-02-01 22:00:00,1,0,1.0
2023-02-01 23:00:00,1,0,1.0
2023-02-02 13:00:00,1,0,1.0
2023-02-02 14:00:00,1,0,1.0
2023-02-02 18:00:00,0,1,1.0
2023-02-02 19:00:00,0,1,1.0
2023-02-02 20:00:00,0,1,1.0
2023-02-03 13:00:00,1,0,1.0
2023-02-04 08:00:00,1,0,1.0
2023-02-04 10:00:00,1,0,1.0
2023-02-04 17:00:00,0,1,1.0
2023-02-04 18:00:00,0,1,1.0
2023-02-04 19:00:00,0,1,1.0
2023-02-04 20:00:00,0,1,1.0
2023-02-04 21:00:00,0,1,1.0
2023-02-04 22:00:00,0,1,1.0
2023-02-05 06:00:00,0,1,1.0
2023-02-05 07:00:00,0,1,1.0
2023-02-05 08:00:00,0,1,1.0
2023-02-05 09:00:00,0,1,1.0
2023-02-05 10:00:00,0,1,1.0
2023-02-05 11:00:00,0,1,1.0
2023-02-05 13:00:00,0,1,1.0
2023-02-05 14:00:00,0,1,1.0
2023-02-05 18:00:00,1,0,1.0
2023-02-05 19:00:00,1,0,1.0
2023-02-05 20:00:00,1,0,1.0
2023-02-05 21:00:00,1,0,1.0
2023-02-05 22:00:00,1,0,1.0
2023-02-06 15:00:00,0,1,1.0
2023-02-06 17:00:00,0,1,1.0
2023-02-06 18:00:00,0,1,1.0
2023-02-06 19:00:00,0,1,1.0
2023-02-06 20:00:00,0,1,1.0
2023-02-07 11:00:00,1,0,1.0
2023-02-07 13:00:00,1,0,1.0
2023-02-07 14:00:00,1,0,1.0
2023-02-07 15:00:00,1,0,1.0
2023-02-07 16:00:00,1,0,1.0
2023-02-07 18:00:00,1,0,1.0
2023-02-07 19:00:00,1,0,1.0
2023-02-08 10:00:00,0,1,1.0
2023-02-08 11:00:00,0,1,1.0
2023-02-08 12:00:00,0,1,1.0
2023-02-08 13:00:00,0,1,1.0
2023-02-08 14:00:00,0,1,1.0
2023-02-08 20:00:00,0,0,1.0
2023-02-08 21:00:00,0,1,1.0
2023-02-08 22:00:00,0,1,1.0
2023-02-08 23:00:00,0,1,1.0
2023-02-09 00:00:00,0,1,1.0
2023-02-09 01:00:00,0,1,1.0
2023-02-09 13:00:00,0,1,1.0
2023-02-09 14:00:00,0,1,1.0
2023-02-09 15:00:00,0,1,1.0
2023-02-09 16:00:00,0,1,1.0
2023-02-09 17:00:00,0,1,1.0
2023-02-09 18:00:00,0,1,1.0
2023-02-09 19:00:00,0,1,1.0
2023-02-09 20:00:00,0,1,1.0
2023-02-10 19:00:00,0,1,1.0
2023-02-10 20:00:00,0,1,1.0
2023-02-11 15:00:00,1,0,1.0
2023-02-11 16:00:00,1,0,1.0
2023-02-11 17:00:00,1,0,1.0
2023-02-11 18:00:00,1,0,1.0
2023-02-11 19:00:00,1,0,1.0
2023-02-11 20:00:00,1,0,1.0
2023-02-12 12:00:00,1,0,1.0
2023-02-12 13:00:00,1,0,1.0
2023-02-12 14:00:00,1,0,1.0
2023-02-12 16:00:00,0,1,1.0
2023-02-12 17:00:00,0,1,1.0
2023-02-12 18:00:00,0,1,1.0
2023-02-12 19:00:00,0,1,1.0
2023-02-12 20:00:00,0,1,1.0
2023-02-13 03:00:00,0,1,1.0
2023-02-13 04:00:00,0,1,1.0
2023-02-13 05:00:00,0,1,1.0
2023-02-13 06:00:00,0,1,1.0
2023-02-13 07:00:00,0,1,1.0
2023-02-13 16:00:00,1,0,1.0
2023-02-13 17:00:00,1,0,1.0
2023-02-14 04:00:00,1,0,1.0
2023-02-14 05:00:00,1,0,1.0
2023-02-14 08:00:00,1,0,1.0
2023-02-14 09:00:00,1,0,1.0
2023-02-14 10:00:00,1,0,1.0
2023-02-14 11:00:00,1,0,1.0
2023-02-14 12:00:00,1,0,1.0
2023-02-14 13:00:00,1,0,1.0
2023-02-14 14:00:00,1,0,1.0
2023-02-14 15:00:00,1,0,1.0
2023-02-14 16:00:00,1,0,1.0
2023-02-15 06:00:00,1,0,1.0
2023-02-15 07:00:00,1,0,1.0
2023-02-15 08:00:00,1,0,1.0
2023-02-15 09:00:00,1,0,1.0
2023-02-15 10:00:00,1,0,1.0
2023-02-15 13:00:00,1,0,1.0
2023-02-15 14:00:00,1,0,1.0
2023-02-15 15:00:00,1,0,1.0
2023-02-15 16:00:00,1,0,1.0
2023-02-15 17:00:00,1,0,1.0
2023-02-15 18:00:00,1,0,1.0
2023-02-15 19:00:00,1,0,1.0
2023-02-15 20:00:00,1,0,1.0
2023-02-15 21:00:00,1,0,1.0
2023-02-15 22:00:00,1,0,1.0
2023-02-16 10:00:00,0,0,1.0
2023-02-16 13:00:00,1,0,1.0
2023-02-16 14:00:00,1,0,1.0
2023-02-16 15:00:00,0,1,1.0
2023-02-16 16:00:00,0,1,1.0
2023-02-16 17:00:00,0,1,1.0
2023-02-16 18:00:00,0,1,1.0
2023-02-16 19:00:00,0,1,1.0
2023-02-16 20:00:00,0,1,1.0
2023-02-17 11:00:00,1,0,1.0
2023-02-17 12:00:00,1,0,1.0
2023-02-17 13:00:00,1,0,1.0
2023-02-17 14:00:00,1,0,1.0
2023-02-17 15:00:00,1,0,1.0
2023-02-17 16:00:00,1,0,1.0
2023-02-18 10:00:00,1,0,1.0
2023-02-18 11:00:00,1,0,1.0
2023-02-18 12:00:00,1,0,1.0
2023-02-18 13:00:00,1,0,1.0
2023-02-18 14:00:00,1,0,1.0
2023-02-19 08:00:00,1,0,1.0
2023-02-19 09:00:00,1,0,1.0
2023-02-19 10:00:00,1,0,1.0
2023-02-19 14:00:00,0,1,1.0
2023-02-19 15:00:00,0,1,1.0
2023-02-19 16:00:00,0,1,1.0
2023-02-20 01:00:00,1,0,1.0
2023-02-21 02:00:00,0,1,1.0
2023-02-21 03:00:00,0,1,1.0
2023-02-21 04:00:00,0,1,1.0
2023-02-21 05:00:00,0,1,1.0
2023-02-21 06:00:00,0,1,1.0
2023-02-21 07:00:00,0,1,1.0
2023-02-22 00:00:00,0,1,1.0
2023-02-22 17:00:00,1,0,1.0
2023-02-22 18:00:00,1,0,1.0
2023-02-22 20:00:00,1,0,1.0
2023-02-22 21:00:00,1,0,1.0
2023-02-23 05:00:00,0,1,1.0
2023-02-23 06:00:00,0,1,1.0
2023-02-23 07:00:00,0,1,1.0
2023-02-23 08:00:00,0,1,1.0
2023-02-23 09:00:00,0,1,1.0
2023-02-23 10:00:00,0,1,1.0
2023-02-23 12:00:00,0,1,1.0
2023-02-24 09:00:00,0,1,1.0
2023-02-24 10:00:00,0,1,1.0
2023-02-24 11:00:00,0,1,1.0
2023-02-24 12:00:00,0,1,1.0
2023-02-24 13:00:00,0,1,1.0
2023-02-24 14:00:00,0,1,1.0
2023-02-24 15:00:00,0,1,1.0
2023-02-25 13:00:00,0,1,1.0
2023-02-25 14:00:00,0,1,1.0
2023-02-25 15:00:00,0,1,1.0
2023-02-25 16:00:00,0,1,1.0
2023-02-25 17:00:00,0,1,1.0
2023-02-25 20:00:00,1,0,1.0
2023-02-25 21:00:00,1,0,1.0
2023-02-26 12:00:00,1,0,1.0
2023-02-26 13:00:00,1,0,1.0
2023-02-26 14:00:00,1,0,1.0
2023-02-26 15:00:00,1,0,1.0
2023-02-26 16:00:00,1,0,1.0
2023-02-26 17:00:00,1,0,1.0
2023-02-26 23:00:00,0,1,1.0
2023-02-27 02:00:00,0,1,1.0
2023-02-27 03:00:00,0,1,1.0
2023-02-27 08:00:00,1,0,1.0
2023-02-27 09:00:00,1,0,1.0
2023-02-27 10:00:00,1,0,1.0
2023-02-27 12:00:00,1,0,1.0
2023-02-27 13:00:00,0,1,1.0
2023-02-27 14:00:00,0,1,1.0
2023-02-27 15:00:00,0,1,1.0
2023-02-28 03:00:00,0,1,1.0
2023-02-28 13:00:00,0,1,1.0
2023-02-28 14:00:00,0,1,1.0
2023-02-28 15:00:00,0,1,1.0
2023-02-28 16:00:00,0,1,1.0
2023-02-28 17:00:00,0,1,1.0
2023-02-28 18:00:00,0,1,1.0
2023-02-28 21:00:00,1,0,1.0
2023-02-28 22:00:00,1,0,1.0
2023-02-28 23:00:00,1,0,1.0
2023-03-01 00:00:00,1,0,1.0
2023-03-01 01:00:00,1,0,1.0
2023-03-01 02:00:00,1,0,1.0
2023-03-01 23:00:00,0,1,1.0
2023-03-02 04:00:00,0,1,1.0
2023-03-02 10:00:00,0,1,1.0
2023-03-02 11:00:00,0,1,1.0
2023-03-02 19:00:00,0,1,1.0
2023-03-02 20:00:00,0,1,1.0
2023-03-02 21:00:00,0,1,1.0
2023-03-02 22:00:00,0,1,1.0
2023-03-02 23:00:00,0,1,1.0
2023-03-03 00:00:00,0,1,1.0
2023-03-03 01:00:00,1,0,1.0
2023-03-03 18:00:00,1,0,1.0
2023-03-04 12:00:00,0,1,1.0
2023-03-04 13:00:00,0,1,1.0
2023-03-04 14:00:00,0,1,1.0
2023-03-04 15:00:00,0,1,1.0
2023-03-04 16:00:00,0,1,1.0
2023-03-04 17:00:00,0,1,1.0
2023-03-04 18:00:00,0,1,1.0
2023-03-04 21:00:00,1,0,1.0
2023-03-04 22:00:00,1,0,1.0
2023-03-04 23:00:00,1,0,1.0
2023-03-05 00:00:00,1,0,1.0
2023-03-05 19:00:00,0,1,1.0
2023-03-05 20:00:00,0,1,1.0
2023-03-05 21:00:00,0,1,1.0
2023-03-05 22:00:00,0,1,1.0
2023-03-06 00:00:00,0,1,1.0
2023-03-06 15:00:00,0,1,1.0
2023-03-06 16:00:00,0,1,1.0
2023-03-07 04:00:00,0,1,1.0
2023-03-07 05:00:00,0,1,1.0
2023-03-07 06:00:00,0,1,1.0
2023-03-07 07:00:00,0,1,1.0
2023-03-07 08:00:00,0,1,1.0
2023-03-07 14:00:00,1,0,1.0
2023-03-07 23:00:00,0,1,1.0
2023-03-08 00:00:00,0,1,1.0
2023-03-08 01:00:00,0,1,1.0
2023-03-08 02:00:00,0,1,1.0
2023-03-08 04:00:00,0,1,1.0
2023-03-08 10:00:00,0,1,1.0
2023-03-08 11:00:00,0,1,1.0
2023-03-08 13:00:00,1,0,1.0
2023-03-08 14:00:00,1,0,1.0
2023-03-08 16:00:00,0,1,1.0
2023-03-08 20:00:00,0,1,1.0
2023-03-09 13:00:00,0,1,1.0
2023-03-09 14:00:00,0,1,1.0
2023-03-09 15:00:00,0,1,1.0
2023-03-09 16:00:00,0,1,1.0
2023-03-09 17:00:00,0,1,1.0
2023-03-09 18:00:00,0,1,1.0
2023-03-09 19:00:00,0,1,1.0
2023-03-09 20:00:00,1,0,1.0
2023-03-10 09:00:00,1,0,1.0
2023-03-10 10:00:00,1,0,1.0
2023-03-10 11:00:00,1,0,1.0
2023-03-10 19:00:00,1,0,1.0
2023-03-10 20:00:00,1,0,1.0
2023-03-10 21:00:00,1,0,1.0
2023-03-11 01:00:00,0,1,1.0
2023-03-11 02:00:00,0,1,1.0
2023-03-11 03:00:00,0,1,1.0
2023-03-11 04:00:00,0,1,1.0
2023-03-11 05:00:00,0,1,1.0
2023-03-11 06:00:00,0,1,1.0
2023-03-12 12:00:00,1,0,1.0
2023-03-12 13:00:00,1,0,1.0
2023-03-12 14:00:00,1,0,1.0
2023-03-12 15:00:00,1,0,1.0
2023-03-12 16:00:00,1,0,1.0
2023-03-12 17:00:00,1,0,1.0
2023-03-12 18:00:00,1,0,1.0
2023-03-12 19:00:00,1,0,1.0
2023-03-12 20:00:00,1,0,1.0
2023-03-12 21:00:00,1,0,1.0
2023-03-12 22:00:00,1,0,1.0
2023-03-12 23:00:00,1,0,1.0
2023-03-13 09:00:00,1,0,1.0
2023-03-13 10:00:00,1,0,1.0
2023-03-13 11:00:00,1,0,1.0
2023-03-13 12:00:00,1,0,1.0
2023-03-13 13:00:00,1,0,1.0
2023-03-14 06:00:00,1,0,1.0
2023-03-14 07:00:00,1,0,1.0
2023-03-14 08:00:00,1,0,1.0
2023-03-14 09:00:00,1,0,1.0
2023-03-14 10:00:00,1,0,1.0
2023-03-14 11:00:00,1,0,1.0
2023-03-14 12:00:00,1,0,1.0
2023-03-14 13:00:00,0,1,1.0
2023-03-14 14:00:00,0,1,1.0
2023-03-14 15:00:00,0,1,1.0
2023-03-14 16:00:00,0,1,1.0
2023-03-14 17:00:00,0,1,1.0
2023-03-15 07:00:00,0,1,1.0
2023-03-15 08:00:00,0,1,1.0
2023-03-15 09:00:00,0,1,1.0
2023-03-15 10:00:00,0,1,1.0
2023-03-15 11:00:00,0,1,1.0
2023-03-15 12:00:00,0,1,1.0
2023-03-15 13:00:00,0,1,1.0
2023-03-15 14:00:00,0,1,1.0
2023-03-15 15:00:00,0,1,1.0
2023-03-15 16:00:00,1,0,1.0
2023-03-16 20:00:00,1,0,1.0
2023-03-17 00:00:00,1,0,1.0
2023-03-17 04:00:00,1,0,1.0
2023-03-17 05:00:00,1,0,1.0
2023-03-17 06:00:00,1,0,1.0
2023-03-17 07:00:00,1,0,1.0
2023-03-17 08:00:00,1,0,1.0
2023-03-17 09:00:00,1,0,1.0
2023-03-17 10:00:00,0,0,1.0
2023-03-17 11:00:00,0,1,1.0
2023-03-17 16:00:00,1,0,1.0
2023-03-17 17:00:00,1,0,1.0
2023-03-17 18:00:00,1,0,1.0
2023-03-17 19:00:00,1,0,1.0
2023-03-17 20:00:00,1,0,1.0
2023-03-17 21:00:00,1,0,1.0
2023-03-18 10:00:00,0,1,1.0
2023-03-18 11:00:00,0,1,1.0
2023-03-18 12:00:00,0,1,1.0
2023-03-18 13:00:00,0,1,1.0
2023-03-18 14:00:00,0,1,1.0
2023-03-19 08:00:00,1,0,1.0
2023-03-19 10:00:00,1,0,1.0
2023-03-19 18:00:00,0,1,1.0
2023-03-19 22:00:00,0,1,1.0
2023-03-20 11:00:00,0,1,1.0
2023-03-20 12:00:00,0,1,1.0
2023-03-20 14:00:00,0,1,1.0
2023-03-20 23:00:00,1,0,1.0
2023-03-21 06:00:00,1,0,1.0
2023-03-21 07:00:00,1,0,1.0
2023-03-21 08:00:00,1,0,1.0
2023-03-21 09:00:00,1,0,1.0
2023-03-21 10:00:00,1,0,1.0
2023-03-21 11:00:00,1,0,1.0
2023-03-21 12:00:00,1,0,1.0
2023-03-21 13:00:00,1,0,1.0
2023-03-21 14:00:00,1,0,1.0
2023-03-21 15:00:00,1,0,1.0
2023-03-21 16:00:00,1,0,1.0
2023-03-21 17:00:00,1,0,1.0
2023-03-21 18:00:00,1,0,1.0
2023-03-21 19:00:00,1,0,1.0
2023-03-21 23:00:00,1,0,1.0
2023-03-22 01:00:00,1,0,1.0
2023-03-22 02:00:00,1,0,1.0
2023-03-22 05:00:00,0,1,1.0
2023-03-22 13:00:00,0,1,1.0
2023-03-22 14:00:00,0,1,1.0
2023-03-22 15:00:00,0,1,1.0
2023-03-22 16:00:00,0,1,1.0
2023-03-22 17:00:00,0,1,1.0
2023-03-22 18:00:00,0,1,1.0
2023-03-23 01:00:00,1,0,1.0
2023-03-23 03:00:00,1,0,1.0
2023-03-23 04:00:00,1,0,1.0
2023-03-23 10:00:00,1,0,1.0
2023-03-23 12:00:00,1,0,1.0
2023-03-23 13:00:00,1,0,1.0
2023-03-23 15:00:00,0,1,1.0
2023-03-23 16:00:00,0,1,1.0
2023-03-24 05:00:00,0,1,1.0
2023-03-24 06:00:00,0,1,1.0
2023-03-24 07:00:00,0,1,1.0
2023-03-25 12:00:00,0,1,1.0
2023-03-25 13:00:00,0,1,1.0
2023-03-25 14:00:00,0,1,1.0
2023-03-25 15:00:00,0,1,1.0
2023-03-25 16:00:00,0,1,1.0
2023-03-25 17:00:00,0,1,1.0
2023-03-26 07:00:00,1,0,1.0
2023-03-26 11:00:00,0,1,1.0
2023-03-26 12:00:00,0,1,1.0
2023-03-26 13:00:00,0,1,1.0
2023-03-26 22:00:00,0,1,1.0
2023-03-26 23:00:00,0,1,1.0
2023-03-27 00:00:00,0,1,1.0
2023-03-27 09:00:00,0,1,1.0
2023-03-27 10:00:00,0,1,1.0
2023-03-27 11:00:00,0,1,1.0
2023-03-27 12:00:00,0,1,1.0
2023-03-27 13:00:00,0,1,1.0
2023-03-28 07:00:00,1,0,1.0
2023-03-28 08:00:00,1,0,1.0
2023-03-28 09:00:00,1,0,1.0
2023-03-28 10:00:00,1,0,1.0
2023-03-28 11:00:00,1,0,1.0
2023-03-28 12:00:00,1,0,1.0
2023-03-28 13:00:00,1,0,1.0
2023-03-28 15:00:00,1,0,1.0
2023-03-28 16:00:00,1,0,1.0
2023-03-28 17:00:00,1,0,1.0
2023-03-28 18:00:00,1,0,1.0
2023-03-28 20:00:00,1,0,1.0
2023-03-28 21:00:00,1,0,1.0
2023-03-28 22:00:00,1,0,1.0
2023-03-28 23:00:00,1,0,1.0
2023-03-29 00:00:00,1,0,1.0
2023-03-29 01:00:00,1,0,1.0
2023-03-29 03:00:00,1,0,1.0
2023-03-29 04:00:00,1,0,1.0
2023-03-29 05:00:00,1,0,1.0
2023-03-29 06:00:00,1,0,1.0
2023-03-29 11:00:00,0,1,1.0
2023-03-29 18:00:00,0,1,1.0
2023-03-29 19:00:00,0,1,1.0
2023-03-29 20:00:00,0,1,1.0
2023-03-30 11:00:00,0,1,1.0
2023-03-31 02:00:00,1,0,1.0
2023-03-31 03:00:00,1,0,1.0
2023-03-31 04:00:00,1,0,1.0
2023-03-31 05:00:00,1,0,1.0
2023-03-31 06:00:00,1,0,1.0
2023-03-31 07:00:00,1,0,1.0
2023-03-31 08:00:00,1,0,1.0
2023-03-31 09:00:00,1,0,1.0
2023-03-31 10:00:00,1,0,1.0
2023-03-31 11:00:00,1,0,1.0
2023-03-31 12:00:00,1,0,1.0
2023-04-01 02:00:00,0,1,1.0
2023-04-01 04:00:00,0,1,1.0
2023-04-01 18:00:00,0,1,1.0
2023-04-01 19:00:00,0,1,1.0
2023-04-01 20:00:00,0,1,1.0
2023-04-01 21:00:00,0,1,1.0
2023-04-01 22:00:00,0,1,1.0
2023-04-01 23:00:00,0,1,1.0
2023-04-02 09:00:00,0,1,1.0
2023-04-02 13:00:00,0,1,1.0
2023-04-02 14:00:00,0,1,1.0
2023-04-02 22:00:00,0,1,1.0
2023-04-02 23:00:00,0,1,1.0
2023-04-03 01:00:00,1,0,1.0
2023-04-03 02:00:00,1,0,1.0
2023-04-03 03:00:00,1,0,1.0
2023-04-03 04:00:00,1,0,1.0
2023-04-03 05:00:00,1,0,1.0
2023-04-03 06:00:00,1,0,1.0
2023-04-03 08:00:00,0,1,1.0
2023-04-03 09:00:00,0,1,1.0
2023-04-03 10:00:00,0,1,1.0
2023-04-03 11:00:00,0,1,1.0
2023-04-03 12:00:00,0,1,1.0
2023-04-03 13:00:00,0,1,1.0
2023-04-03 16:00:00,1,0,1.0
2023-04-03 18:00:00,0,1,1.0
2023-04-04 11:00:00,0,1,1.0
2023-04-04 12:00:00,0,1,1.0
2023-04-04 23:00:00,1,0,1.0
2023-04-05 10:00:00,0,1,1.0
2023-04-05 11:00:00,0,1,1.0
2023-04-05 12:00:00,0,1,1.0
2023-04-06 03:00:00,0,1,1.0
2023-04-06 04:00:00,0,1,1.0
2023-04-06 05:00:00,0,1,1.0
2023-04-06 06:00:00,0,1,1.0
2023-04-06 08:00:00,0,1,1.0
2023-04-07 00:00:00,0,1,1.0
2023-04-07 04:00:00,0,1,1.0
2023-04-07 08:00:00,1,0,1.0
2023-04-07 11:00:00,1,0,1.0
2023-04-07 20:00:00,1,0,1.0
2023-04-07 21:00:00,1,0,1.0
2023-04-07 23:00:00,1,0,1.0
2023-04-08 00:00:00,1,0,1.0
2023-04-08 14:00:00,0,1,1.0
2023-04-08 15:00:00,0,1,1.0
2023-04-08 16:00:00,0,1,1.0
2023-04-08 19:00:00,1,0,1.0
2023-04-08 20:00:00,1,0,1.0
2023-04-08 21:00:00,1,0,1.0
2023-04-08 22:00:00,1,0,1.0
2023-04-08 23:00:00,1,0,1.0
2023-04-09 17:00:00,1,0,1.0
2023-04-09 19:00:00,0,1,1.0
2023-04-09 21:00:00,0,1,1.0
2023-04-09 22:00:00,0,1,1.0
2023-04-10 11:00:00,1,0,1.0
2023-04-10 12:00:00,1,0,1.0
2023-04-10 13:00:00,1,0,1.0
2023-04-10 14:00:00,1,0,1.0
2023-04-10 15:00:00,1,0,1.0
2023-04-10 16:00:00,1,0,1.0
2023-04-10 17:00:00,1,0,1.0
2023-04-10 19:00:00,1,0,1.0
2023-04-10 20:00:00,1,0,1.0
2023-04-10 21:00:00,1,0,1.0
2023-04-10 22:00:00,1,0,1.0
2023-04-10 23:00:00,1,0,1.0
2023-04-11 00:00:00,1,0,1.0
2023-04-11 01:00:00,1,0,1.0
2023-04-11 02:00:00,1,0,1.0
2023-04-11 03:00:00,1,0,1.0
2023-04-11 04:00:00,1,0,1.0
2023-04-11 05:00:00,1,0,1.0
2023-04-11 06:00:00,1,0,1.0
2023-04-11 10:00:00,0,1,1.0
2023-04-11 11:00:00,0,1,1.0
2023-04-11 12:00:00,0,1,1.0
2023-04-11 13:00:00,0,1,1.0
2023-04-11 20:00:00,0,1,1.0
2023-04-11 21:00:00,0,1,1.0
2023-04-11 22:00:00,0,1,1.0
2023-04-11 23:00:00,0,1,1.0
2023-04-12 00:00:00,0,1,1.0
2023-04-12 06:00:00,1,0,1.0
2023-04-12 07:00:00,1,0,1.0
2023-04-12 08:00:00,1,0,1.0
2023-04-12 09:00:00,1,0,1.0
2023-04-12 10:00:00,1,0,1.0
2023-04-12 11:00:00,1,0,1.0
2023-04-12 22:00:00,1,0,1.0
2023-04-13 06:00:00,1,0,1.0
2023-04-13 07:00:00,1,0,1.0
2023-04-13 14:00:00,1,0,1.0
2023-04-13 15:00:00,1,0,1.0
2023-04-13 16:00:00,1,0,1.0
2023-04-13 17:00:00,1,0,1.0
2023-04-13 19:00:00,1,0,1.0
2023-04-13 21:00:00,1,0,1.0
2023-04-13 22:00:00,1,0,1.0
2023-04-13 23:00:00,1,0,1.0
2023-04-14 00:00:00,1,0,1.0
2023-04-14 10:00:00,0,1,1.0
2023-04-14 11:00:00,0,1,1.0
2023-04-15 01:00:00,1,0,1.0
2023-04-15 02:00:00,1,0,1.0
2023-04-15 03:00:00,1,0,1.0
2023-04-15 04:00:00,1,0,1.0
2023-04-15 05:00:00,1,0,1.0
2023-04-15 06:00:00,1,0,1.0
2023-04-15 07:00:00,1,0,1.0
2023-04-15 08:00:00,1,0,1.0
2023-04-15 09:00:00,1,0,1.0
2023-04-15 10:00:00,1,0,1.0
2023-04-16 08:00:00,0,1,1.0
2023-04-16 13:00:00,1,0,1.0
2023-04-16 15:00:00,1,0,1.0
2023-04-16 16:00:00,1,0,1.0
2023-04-16 17:00:00,1,0,1.0
2023-04-16 18:00:00,0,1,1.0
2023-04-16 19:00:00,0,1,1.0
2023-04-16 20:00:00,0,1,1.0
2023-04-16 21:00:00,0,1,1.0
2023-04-16 22:00:00,0,1,1.0
2023-04-16 23:00:00,0,1,1.0
2023-04-17 02:00:00,0,1,1.0
2023-04-17 10:00:00,0,1,1.0
2023-04-18 00:00:00,1,0,1.0
2023-04-18 01:00:00,1,0,1.0
2023-04-18 02:00:00,1,0,1.0
2023-04-18 03:00:00,1,0,1.0
2023-04-18 04:00:00,1,0,1.0
2023-04-18 08:00:00,1,0,1.0
2023-04-18 11:00:00,0,1,1.0
2023-04-18 12:00:00,0,1,1.0
2023-04-18 13:00:00,0,1,1.0
2023-04-18 23:00:00,0,1,1.0
2023-04-19 00:00:00,0,1,1.0
2023-04-19 01:00:00,0,1,1.0
2023-04-19 02:00:00,0,1,1.0
2023-04-19 03:00:00,0,1,1.0
2023-04-19 04:00:00,0,1,1.0
2023-04-19 05:00:00,0,1,1.0
2023-04-19 06:00:00,0,1,1.0
2023-04-19 07:00:00,0,1,1.0
2023-04-20 09:00:00,0,1,1.0
2023-04-20 10:00:00,0,1,1.0
2023-04-20 11:00:00,0,1,1.0
2023-04-20 12:00:00,0,1,1.0
2023-04-20 13:00:00,0,1,1.0
2023-04-20 14:00:00,0,1,1.0
2023-04-20 15:00:00,0,1,1.0
2023-04-21 12:00:00,0,1,1.0
2023-04-21 13:00:00,0,1,1.0
2023-04-21 14:00:00,0,1,1.0
2023-04-21 15:00:00,0,1,1.0
2023-04-21 16:00:00,0,1,1.0
2023-04-21 17:00:00,0,1,1.0
2023-04-21 18:00:00,0,1,1.0
2023-04-22 07:00:00,1,0,1.0
2023-04-22 08:00:00,1,0,1.0
2023-04-22 09:00:00,1,0,1.0
2023-04-22 10:00:00,1,0,1.0
2023-04-22 11:00:00,1,0,1.0
2023-04-22 22:00:00,0,1,1.0
2023-04-23 08:00:00,0,1,1.0
2023-04-23 09:00:00,0,1,1.0
2023-04-23 10:00:00,0,1,1.0
2023-04-23 11:00:00,0,1,1.0
2023-04-23 12:00:00,0,1,1.0
2023-04-23 13:00:00,0,1,1.0
2023-04-23 18:00:00,1,0,1.0
2023-04-23 19:00:00,1,0,1.0
2023-04-23 20:00:00,1,0,1.0
2023-04-23 21:00:00,1,0,1.0
2023-04-24 00:00:00,0,1,1.0
2023-04-24 08:00:00,1,0,1.0
2023-04-24 09:00:00,1,0,1.0
2023-04-24 11:00:00,0,1,1.0
2023-04-24 13:00:00,0,1,1.0
2023-04-24 14:00:00,0,1,1.0
2023-04-25 14:00:00,1,0,1.0
2023-04-25 15:00:00,1,0,1.0
2023-04-25 16:00:00,1,0,1.0
2023-04-25 17:00:00,1,0,1.0
2023-04-25 18:00:00,1,0,1.0
2023-04-25 19:00:00,1,0,1.0
2023-04-26 03:00:00,1,0,1.0
2023-04-26 04:00:00,1,0,1.0
2023-04-26 05:00:00,1,0,1.0
2023-04-26 06:00:00,1,0,1.0
2023-04-26 07:00:00,1,0,1.0
2023-04-26 08:00:00,1,0,1.0
2023-04-26 09:00:00,1,0,1.0
2023-04-26 10:00:00,1,0,1.0
2023-04-26 11:00:00,1,0,1.0
2023-04-26 13:00:00,0,1,1.0
2023-04-26 14:00:00,0,1,1.0
2023-04-26 15:00:00,0,1,1.0
2023-04-26 16:00:00,0,1,1.0
2023-04-26 17:00:00,0,1,1.0
2023-04-26 18:00:00,0,1,1.0
2023-04-26 19:00:00,1,0,1.0
2023-04-26 20:00:00,1,0,1.0
2023-04-27 12:00:00,1,0,1.0
2023-04-28 05:00:00,0,1,1.0
2023-04-28 06:00:00,0,1,1.0
2023-04-28 07:00:00,0,1,1.0
2023-04-28 08:00:00,0,1,1.0
2023-04-28 10:00:00,0,1,1.0
2023-04-29 08:00:00,1,0,1.0
2023-04-29 12:00:00,1,0,1.0
2023-04-29 19:00:00,0,1,1.0
2023-04-29 20:00:00,0,1,1.0
2023-04-29 21:00:00,0,1,1.0
2023-04-30 09:00:00,1,0,1.0
2023-04-30 10:00:00,1,0,1.0
2023-04-30 11:00:00,1,0,1.0
2023-04-30 12:00:00,1,0,1.0
2023-04-30 13:00:00,1,0,1.0
2023-04-30 16:00:00,0,1,1.0
2023-04-30 17:00:00,0,1,1.0
2023-04-30 18:00:00,0,1,1.0
2023-04-30 19:00:00,0,1,1.0
2023-04-30 20:00:00,0,1,1.0
2023-04-30 21:00:00,0,1,1.0
2023-04-30 22:00:00,0,1,1.0
2023-05-01 00:00:00,0,1,1.0
2023-05-01 12:00:00,0,1,1.0
2023-05-01 13:00:00,0,1,1.0
2023-05-01 14:00:00,0,1,1.0
2023-05-02 10:00:00,1,0,1.0
2023-05-02 11:00:00,1,0,1.0
2023-05-02 12:00:00,1,0,1.0
2023-05-02 13:00:00,1,0,1.0
2023-05-02 14:00:00,1,0,1.0
2023-05-02 23:00:00,0,1,1.0
2023-05-03 05:00:00,0,1,1.0
2023-05-03 06:00:00,0,1,1.0
2023-05-03 07:00:00,0,1,1.0
2023-05-03 08:00:00,0,1,1.0
2023-05-03 09:00:00,0,1,1.0
2023-05-03 10:00:00,0,1,1.0
2023-05-03 12:00:00,1,0,1.0
2023-05-03 15:00:00,1,0,1.0
2023-05-03 16:00:00,1,0,1.0
2023-05-03 17:00:00,1,0,1.0
2023-05-03 18:00:00,1,0,1.0
2023-05-03 19:00:00,1,0,1.0
2023-05-03 20:00:00,1,0,1.0
2023-05-04 12:00:00,0,1,1.0
2023-05-04 20:00:00,1,0,1.0
2023-05-04 21:00:00,1,0,1.0
2023-05-04 22:00:00,1,0,1.0
2023-05-05 06:00:00,0,1,1.0
2023-05-05 09:00:00,1,0,1.0
2023-05-05 12:00:00,1,0,1.0
2023-05-05 13:00:00,1,0,1.0
2023-05-06 06:00:00,0,1,1.0
2023-05-06 07:00:00,0,1,1.0
2023-05-06 08:00:00,0,1,1.0
2023-05-06 09:00:00,0,1,1.0
2023-05-06 10:00:00,0,1,1.0
2023-05-06 11:00:00,0,1,1.0
2023-05-06 12:00:00,0,1,1.0
2023-05-06 13:00:00,0,1,1.0
2023-05-06 14:00:00,1,0,1.0
2023-05-06 15:00:00,1,0,1.0
2023-05-07 19:00:00,0,1,1.0
2023-05-07 20:00:00,0,1,1.0
2023-05-07 21:00:00,0,1,1.0
2023-05-07 22:00:00,0,1,1.0
2023-05-07 23:00:00,0,1,1.0
2023-05-08 00:00:00,0,1,1.0
2023-05-08 08:00:00,1,0,1.0
2023-05-08 11:00:00,0,1,1.0
2023-05-08 12:00:00,0,1,1.0
2023-05-08 13:00:00,0,1,1.0
2023-05-08 14:00:00,0,1,1.0
2023-05-08 15:00:00,0,1,1.0
2023-05-08 16:00:00,0,1,1.0
2023-05-10 04:00:00,0,1,1.0
2023-05-10 05:00:00,0,1,1.0
2023-05-10 10:00:00,1,0,1.0
2023-05-10 11:00:00,1,0,1.0
2023-05-10 16:00:00,0,1,1.0
2023-05-11 05:00:00,0,1,1.0
2023-05-11 07:00:00,0,1,1.0
2023-05-11 08:00:00,0,1,1.0
2023-05-11 09:00:00,0,1,1.0
2023-05-11 10:00:00,0,1,1.0
2023-05-11 11:00:00,0,1,1.0
2023-05-11 17:00:00,1,0,1.0
2023-05-11 18:00:00,1,0,1.0
2023-05-11 19:00:00,1,0,1.0
2023-05-12 03:00:00,1,0,1.0
2023-05-12 16:00:00,1,0,1.0
2023-05-12 17:00:00,1,0,1.0
2023-05-12 18:00:00,1,0,1.0
2023-05-12 19:00:00,1,0,1.0
2023-05-12 20:00:00,1,0,1.0
2023-05-13 23:00:00,1,0,1.0
2023-05-14 09:00:00,1,0,1.0
2023-05-14 10:00:00,1,0,1.0
2023-05-14 11:00:00,1,0,1.0
2023-05-14 12:00:00,1,0,1.0
2023-05-14 13:00:00,1,0,1.0
2023-05-14 15:00:00,0,1,1.0
2023-05-14 19:00:00,1,0,1.0
2023-05-14 20:00:00,1,0,1.0
2023-05-15 00:00:00,1,0,1.0
2023-05-15 19:00:00,0,1,1.0
2023-05-15 20:00:00,0,1,1.0
2023-05-15 21:00:00,0,1,1.0
2023-05-15 22:00:00,0,1,1.0
2023-05-16 01:00:00,1,0,1.0
2023-05-16 19:00:00,1,0,1.0
2023-05-16 20:00:00,1,0,1.0
2023-05-16 21:00:00,1,0,1.0
2023-05-16 22:00:00,1,0,1.0
2023-05-16 23:00:00,1,0,1.0
2023-05-17 00:00:00,1,0,1.0
2023-05-17 01:00:00,0,1,1.0
2023-05-17 02:00:00,0,1,1.0
2023-05-17 03:00:00,0,1,1.0
2023-05-17 04:00:00,0,1,1.0
2023-05-17 11:00:00,1,0,1.0
2023-05-17 12:00:00,1,0,1.0
2023-05-17 13:00:00,1,0,1.0
2023-05-17 14:00:00,1,0,1.0
2023-05-17 15:00:00,1,0,1.0
2023-05-17 16:00:00,1,0,1.0
2023-05-17 17:00:00,1,0,1.0
2023-05-18 10:00:00,0,1,1.0
2023-05-18 11:00:00,0,1,1.0
2023-05-18 12:00:00,0,1,1.0
2023-05-18 13:00:00,0,1,1.0
2023-05-18 14:00:00,0,1,1.0
2023-05-18 15:00:00,0,1,1.0
2023-05-18 16:00:00,0,1,1.0
2023-05-18 17:00:00,1,0,1.0
2023-05-18 22:00:00,0,1,1.0
2023-05-19 18:00:00,0,1,1.0
2023-05-19 22:00:00,0,1,1.0
2023-05-20 16:00:00,1,0,1.0
2023-05-21 04:00:00,0,1,1.0
2023-05-21 05:00:00,0,1,1.0
2023-05-21 06:00:00,0,1,1.0
2023-05-21 07:00:00,0,1,1.0
2023-05-21 08:00:00,0,1,1.0
2023-05-21 09:00:00,0,1,1.0
2023-05-21 12:00:00,0,1,1.0
2023-05-21 13:00:00,0,1,1.0
2023-05-21 14:00:00,0,1,1.0
2023-05-22 00:00:00,1,0,1.0
2023-05-22 01:00:00,1,0,1.0
2023-05-22 03:00:00,1,0,1.0
2023-05-22 04:00:00,1,0,1.0
2023-05-22 05:00:00,1,0,1.0
2023-05-22 06:00:00,1,0,1.0
2023-05-22 07:00:00,1,0,1.0
2023-05-22 22:00:00,1,0,1.0
2023-05-22 23:00:00,1,0,1.0
2023-05-23 00:00:00,1,0,1.0
2023-05-23 01:00:00,1,0,1.0
2023-05-23 02:00:00,1,0,1.0
2023-05-23 19:00:00,0,1,1.0
2023-05-23 20:00:00,0,1,1.0
2023-05-23 21:00:00,0,1,1.0
2023-05-23 22:00:00,0,1,1.0
2023-05-23 23:00:00,0,1,1.0
2023-05-24 00:00:00,0,1,1.0
2023-05-24 01:00:00,0,1,1.0
2023-05-24 02:00:00,0,1,1.0
2023-05-24 03:00:00,1,0,1.0
2023-05-24 09:00:00,0,1,1.0
2023-05-24 19:00:00,0,1,1.0
2023-05-24 20:00:00,0,1,1.0
2023-05-24 21:00:00,0,1,1.0
2023-05-24 22:00:00,0,1,1.0
2023-05-24 23:00:00,0,1,1.0
2023-05-26 12:00:00,1,0,1.0
2023-05-26 13:00:00,1,0,1.0
2023-05-26 14:00:00,1,0,1.0
2023-05-26 15:00:00,1,0,1.0
2023-05-26 16:00:00,1,0,1.0
2023-05-26 17:00:00,1,0,1.0
2023-05-27 13:00:00,1,0,1.0
2023-05-27 16:00:00,1,0,1.0
2023-05-27 17:00:00,1,0,1.0
2023-05-27 18:00:00,1,0,1.0
2023-05-27 19:00:00,1,0,1.0
2023-05-27 20:00:00,1,0,1.0
2023-05-27 21:00:00,1,0,1.0
2023-05-27 22:00:00,1,0,1.0
2023-05-27 23:00:00,1,0,1.0
2023-05-28 06:00:00,1,0,1.0
2023-05-28 07:00:00,1,0,1.0
2023-05-28 09:00:00,1,0,1.0
2023-05-28 16:00:00,1,0,1.0
2023-05-28 17:00:00,1,0,1.0
2023-05-28 18:00:00,1,0,1.0
2023-05-28 19:00:00,1,0,1.0
2023-05-28 20:00:00,1,0,1.0
2023-05-30 08:00:00,0,1,1.0
2023-05-30 09:00:00,0,1,1.0
2023-05-30 10:00:00,0,1,1.0
2023-05-30 11:00:00,0,1,1.0
2023-05-30 12:00:00,0,1,1.0
2023-05-31 00:00:00,0,1,1.0
2023-05-31 01:00:00,0,1,1.0
2023-05-31 03:00:00,0,1,1.0
2023-05-31 19:00:00,0,1,1.0
2023-05-31 20:00:00,0,1,1.0
2023-05-31 21:00:00,0,1,1.0
2023-05-31 22:00:00,0,1,1.0
2023-05-31 23:00:00,0,1,1.0
2023-06-01 00:00:00,0,1,1.0
2023-06-01 01:00:00,0,1,1.0
2023-06-01 20:00:00,1,0,1.0
2023-06-01 21:00:00,1,0,1.0
2023-06-01 22:00:00,1,0,1.0
2023-06-01 23:00:00,1,0,1.0
2023-06-02 00:00:00,1,0,1.0
2023-06-02 01:00:00,1,0,1.0
2023-06-02 06:00:00,1,0,1.0
2023-06-02 13:00:00,1,0,1.0
2023-06-03 15:00:00,0,1,1.0
2023-06-03 16:00:00,0,1,1.0
2023-06-03 19:00:00,1,0,1.0
2023-06-03 20:00:00,1,0,1.0
2023-06-03 21:00:00,1,0,1.0
2023-06-03 22:00:00,1,0,1.0
2023-06-03 23:00:00,1,0,1.0
2023-06-04 00:00:00,1,0,1.0
2023-06-04 17:00:00,0,1,1.0
2023-06-04 18:00:00,0,1,1.0
2023-06-04 19:00:00,0,1,1.0
2023-06-04 20:00:00,0,1,1.0
2023-06-04 21:00:00,0,1,1.0
2023-06-04 22:00:00,0,1,1.0
2023-06-04 23:00:00,0,1,1.0
2023-06-05 01:00:00,0,1,1.0
2023-06-05 09:00:00,0,1,1.0
2023-06-05 10:00:00,0,1,1.0
2023-06-05 11:00:00,0,1,1.0
2023-06-05 12:00:00,0,1,1.0
2023-06-05 13:00:00,0,1,1.0
2023-06-05 14:00:00,0,1,1.0
2023-06-05 15:00:00,0,1,1.0
2023-06-06 07:00:00,0,1,1.0
2023-06-06 08:00:00,0,1,1.0
2023-06-06 09:00:00,0,1,1.0
2023-06-06 10:00:00,0,1,1.0
2023-06-06 11:00:00,0,1,1.0
2023-06-06 13:00:00,1,0,1.0
2023-06-06 19:00:00,0,1,1.0
2023-06-06 21:00:00,0,1,1.0
2023-06-06 22:00:00,0,1,1.0
2023-06-06 23:00:00,0,1,1.0
2023-06-07 03:00:00,0,1,1.0
2023-06-07 04:00:00,0,1,1.0
2023-06-07 05:00:00,0,1,1.0
2023-06-07 06:00:00,0,1,1.0
2023-06-07 08:00:00,0,1,1.0
2023-06-07 09:00:00,0,1,1.0
2023-06-07 10:00:00,0,1,1.0
2023-06-07 11:00:00,0,1,1.0
2023-06-07 12:00:00,0,1,1.0
2023-06-07 13:00:00,0,1,1.0
2023-06-08 12:00:00,0,1,1.0
2023-06-08 13:00:00,0,1,1.0
2023-06-08 14:00:00,0,1,1.0
2023-06-08 15:00:00,0,1,1.0
2023-06-09 01:00:00,0,1,1.0
2023-06-09 03:00:00,0,1,1.0
2023-06-09 07:00:00,1,0,1.0
2023-06-09 08:00:00,1,0,1.0
2023-06-09 11:00:00,0,1,1.0
2023-06-09 12:00:00,0,1,1.0
2023-06-09 13:00:00,0,1,1.0
2023-06-09 14:00:00,0,1,1.0
2023-06-09 15:00:00,0,1,1.0
2023-06-09 16:00:00,0,1,1.0
2023-06-09 17:00:00,0,1,1.0
2023-06-09 18:00:00,0,1,1.0
2023-06-09 19:00:00,0,1,1.0
2023-06-09 20:00:00,0,1,1.0
2023-06-09 21:00:00,0,1,1.0
2023-06-09 22:00:00,0,1,1.0
2023-06-09 23:00:00,0,1,1.0
2023-06-10 00:00:00,0,1,1.0
2023-06-10 01:00:00,0,1,1.0
2023-06-10 02:00:00,0,1,1.0
2023-06-10 03:00:00,0,1,1.0
2023-06-10 16:00:00,1,0,1.0
2023-06-10 18:00:00,1,0,1.0
2023-06-10 20:00:00,1,0,1.0
2023-06-10 22:00:00,0,1,1.0
2023-06-11 14:00:00,1,0,1.0
2023-06-11 15:00:00,1,0,1.0
2023-06-12 02:00:00,1,0,1.0
2023-06-12 03:00:00,1,0,1.0
2023-06-12 04:00:00,1,0,1.0
2023-06-12 05:00:00,1,0,1.0
2023-06-13 05:00:00,1,0,1.0
2023-06-13 06:00:00,1,0,1.0
2023-06-13 08:00:00,0,1,1.0
2023-06-13 09:00:00,0,1,1.0
2023-06-13 10:00:00,0,1,1.0
2023-06-13 11:00:00,0,1,1.0
2023-06-13 12:00:00,0,1,1.0
2023-06-14 07:00:00,1,0,1.0
2023-06-14 14:00:00,0,1,1.0
2023-06-14 15:00:00,0,1,1.0
2023-06-14 16:00:00,0,1,1.0
2023-06-14 17:00:00,0,1,1.0
2023-06-14 18:00:00,0,1,1.0
2023-06-14 19:00:00,0,1,1.0
2023-06-15 00:00:00,0,1,1.0
2023-06-15 16:00:00,1,0,1.0
2023-06-16 05:00:00,0,1,1.0
2023-06-16 06:00:00,0,1,1.0
2023-06-16 07:00:00,0,1,1.0
2023-06-16 08:00:00,0,1,1.0
2023-06-16 09:00:00,0,1,1.0
2023-06-16 11:00:00,1,0,1.0
2023-06-16 12:00:00,1,0,1.0
2023-06-16 13:00:00,1,0,1.0
2023-06-16 14:00:00,1,0,1.0
2023-06-16 23:00:00,1,0,1.0
2023-06-17 00:00:00,1,0,1.0
2023-06-17 01:00:00,1,0,1.0
2023-06-17 02:00:00,1,0,1.0
2023-06-17 03:00:00,1,0,1.0
2023-06-17 04:00:00,1,0,1.0
2023-06-18 14:00:00,0,1,1.0
2023-06-18 15:00:00,0,1,1.0
2023-06-18 16:00:00,0,1,1.0
2023-06-18 17:00:00,0,1,1.0
2023-06-18 18:00:00,0,1,1.0
2023-06-18 19:00:00,0,1,1.0
2023-06-19 14:00:00,1,0,1.0
2023-06-19 15:00:00,1,0,1.0
2023-06-19 16:00:00,1,0,1.0
2023-06-19 17:00:00,1,0,1.0
2023-06-19 18:00:00,1,0,1.0
2023-06-20 00:00:00,0,1,1.0
2023-06-20 14:00:00,1,0,1.0
2023-06-20 15:00:00,1,0,1.0
2023-06-20 16:00:00,1,0,1.0
2023-06-20 17:00:00,1,0,1.0
2023-06-20 18:00:00,1,0,1.0
2023-06-20 19:00:00,1,0,1.0
2023-06-20 20:00:00,1,0,1.0
2023-06-20 21:00:00,1,0,1.0
2023-06-20 22:00:00,1,0,1.0
2023-06-20 23:00:00,1,0,1.0
2023-06-21 00:00:00,1,0,1.0
2023-06-21 10:00:00,1,0,1.0
2023-06-21 12:00:00,1,0,1.0
2023-06-21 13:00:00,1,0,1.0
2023-06-21 18:00:00,1,0,1.0
2023-06-21 19:00:00,1,0,1.0
2023-06-21 20:00:00,1,0,1.0
2023-06-21 21:00:00,1,0,1.0
2023-06-21 22:00:00,1,0,1.0
2023-06-21 23:00:00,1,0,1.0
2023-06-22 07:00:00,0,1,1.0
2023-06-22 08:00:00,0,1,1.0
2023-06-22 09:00:00,0,1,1.0
2023-06-22 10:00:00,0,1,1.0
2023-06-23 07:00:00,0,1,1.0
2023-06-23 08:00:00,0,1,1.0
2023-06-23 12:00:00,1,0,1.0
2023-06-23 13:00:00,1,0,1.0
2023-06-23 14:00:00,1,0,1.0
2023-06-24 09:00:00,0,1,1.0
2023-06-24 10:00:00,0,1,1.0
2023-06-24 11:00:00,0,1,1.0
2023-06-24 12:00:00,0,1,1.0
2023-06-24 13:00:00,0,1,1.0
2023-06-24 14:00:00,0,1,1.0
2023-06-24 21:00:00,1,0,1.0
2023-06-24 22:00:00,1,0,1.0
2023-06-24 23:00:00,1,0,1.0
2023-06-25 00:00:00,1,0,1.0
2023-06-25 09:00:00,0,1,1.0
2023-06-25 22:00:00,0,1,1.0
2023-06-25 23:00:00,0,1,1.0
2023-06-26 11:00:00,0,1,1.0
2023-06-26 12:00:00,0,1,1.0
2023-06-26 13:00:00,0,1,1.0
2023-06-26 14:00:00,0,1,1.0
2023-06-26 15:00:00,0,1,1.0
2023-06-27 15:00:00,1,0,1.0
2023-06-27 16:00:00,1,0,1.0
2023-06-27 17:00:00,1,0,1.0
2023-06-27 20:00:00,0,1,1.0
2023-06-27 21:00:00,0,1,1.0
2023-06-27 22:00:00,0,1,1.0
2023-06-27 23:00:00,0,1,1.0
2023-06-28 06:00:00,0,1,1.0
2023-06-28 13:00:00,0,1,1.0
2023-06-28 14:00:00,0,1,1.0
2023-06-28 15:00:00,0,1,1.0
2023-06-28 16:00:00,0,1,1.0
2023-06-29 05:00:00,1,0,1.0
2023-06-29 21:00:00,1,0,1.0
2023-06-29 22:00:00,1,0,1.0
2023-06-29 23:00:00,1,0,1.0
2023-06-30 00:00:00,1,0,1.0
2023-06-30 01:00:00,1,0,1.0
2023-06-30 02:00:00,1,0,1.0
2023-06-30 04:00:00,1,0,1.0
2023-06-30 05:00:00,1,0,1.0
2023-06-30 06:00:00,1,0,1.0
2023-06-30 10:00:00,0,1,1.0
2023-06-30 11:00:00,0,1,1.0
2023-06-30 12:00:00,0,1,1.0
2023-07-01 07:00:00,1,0,1.0
2023-07-01 08:00:00,1,0,1.0
2023-07-02 20:00:00,1,0,1.0
2023-07-02 21:00:00,1,0,1.0
2023-07-03 13:00:00,1,0,1.0
2023-07-03 14:00:00,1,0,1.0
2023-07-04 03:00:00,0,1,1.0
2023-07-05 04:00:00,0,1,1.0
2023-07-05 05:00:00,0,1,1.0
2023-07-05 06:00:00,0,1,1.0
2023-07-05 07:00:00,0,1,1.0
2023-07-05 08:00:00,0,1,1.0
2023-07-05 09:00:00,0,1,1.0
2023-07-06 00:00:00,1,0,1.0
2023-07-06 01:00:00,1,0,1.0
2023-07-06 02:00:00,1,0,1.0
2023-07-06 03:00:00,1,0,1.0
2023-07-06 04:00:00,1,0,1.0
2023-07-06 05:00:00,1,0,1.0
2023-07-06 06:00:00,0,1,1.0
2023-07-06 08:00:00,0,1,1.0
2023-07-06 09:00:00,0,1,1.0
2023-07-06 10:00:00,0,1,1.0
2023-07-06 11:00:00,0,1,1.0
2023-07-06 12:00:00,0,1,1.0
2023-07-08 05:00:00,1,0,1.0
2023-07-08 10:00:00,1,0,1.0
2023-07-08 11:00:00,1,0,1.0
2023-07-08 12:00:00,1,0,1.0
2023-07-08 13:00:00,1,0,1.0
2023-07-08 14:00:00,1,0,1.0
2023-07-09 01:00:00,0,1,1.0
2023-07-09 02:00:00,0,1,1.0
2023-07-09 18:00:00,0,1,1.0
2023-07-09 19:00:00,0,1,1.0
2023-07-09 20:00:00,0,1,1.0
2023-07-09 21:00:00,0,1,1.0
2023-07-09 22:00:00,0,1,1.0
2023-07-09 23:00:00,0,1,1.0
2023-07-10 00:00:00,1,0,1.0
2023-07-10 01:00:00,1,0,1.0
2023-07-11 18:00:00,1,0,1.0
2023-07-11 19:00:00,1,0,1.0
2023-07-12 11:00:00,0,1,1.0
2023-07-12 12:00:00,0,1,1.0
2023-07-12 13:00:00,0,1,1.0
2023-07-12 14:00:00,0,1,1.0
2023-07-12 15:00:00,0,1,1.0
2023-07-13 07:00:00,1,0,1.0
2023-07-13 09:00:00,1,0,1.0
2023-07-13 10:00:00,1,0,1.0
2023-07-13 11:00:00,1,0,1.0
2023-07-13 12:00:00,1,0,1.0
2023-07-13 13:00:00,1,0,1.0
2023-07-13 14:00:00,1,0,1.0
2023-07-13 15:00:00,1,0,1.0
2023-07-13 16:00:00,1,0,1.0
2023-07-13 17:00:00,1,0,1.0
2023-07-13 18:00:00,1,0,1.0
2023-07-13 19:00:00,1,0,1.0
2023-07-13 20:00:00,1,0,1.0
2023-07-13 21:00:00,1,0,1.0
2023-07-13 22:00:00,1,0,1.0
2023-07-14 11:00:00,0,1,1.0
2023-07-14 12:00:00,0,1,1.0
2023-07-14 13:00:00,0,1,1.0
2023-07-14 14:00:00,0,1,1.0
2023-07-14 15:00:00,0,1,1.0
2023-07-14 16:00:00,0,1,1.0
2023-07-15 19:00:00,0,1,1.0
2023-07-15 20:00:00,0,1,1.0
2023-07-15 21:00:00,0,1,1.0
2023-07-15 23:00:00,0,1,1.0
2023-07-16 00:00:00,0,1,1.0
2023-07-16 14:00:00,0,1,1.0
2023-07-16 15:00:00,0,1,1.0
2023-07-16 17:00:00,0,1,1.0
2023-07-17 04:00:00,0,1,1.0
2023-07-17 06:00:00,0,1,1.0
2023-07-17 13:00:00,0,1,1.0
2023-07-17 14:00:00,0,1,1.0
2023-07-18 18:00:00,1,0,1.0
2023-07-18 19:00:00,1,0,1.0
2023-07-18 20:00:00,1,0,1.0
2023-07-18 21:00:00,1,0,1.0
2023-07-18 22:00:00,1,0,1.0
2023-07-18 23:00:00,1,0,1.0
2023-07-19 12:00:00,1,0,1.0
2023-07-19 13:00:00,1,0,1.0
2023-07-19 14:00:00,1,0,1.0
2023-07-19 15:00:00,1,0,1.0
2023-07-19 16:00:00,1,0,1.0
2023-07-19 17:00:00,1,0,1.0
2023-07-19 20:00:00,1,0,1.0
2023-07-19 22:00:00,1,0,1.0
2023-07-20 10:00:00,0,1,1.0
2023-07-20 11:00:00,0,1,1.0
2023-07-20 12:00:00,0,1,1.0
2023-07-20 13:00:00,0,1,1.0
2023-07-22 23:00:00,1,0,1.0
2023-07-23 00:00:00,1,0,1.0
2023-07-23 15:00:00,1,0,1.0
2023-07-23 20:00:00,0,1,1.0
2023-07-23 23:00:00,0,1,1.0
2023-07-24 00:00:00,0,1,1.0
2023-07-24 04:00:00,0,1,1.0
2023-07-24 05:00:00,0,1,1.0
2023-07-24 06:00:00,0,1,1.0
2023-07-24 07:00:00,0,1,1.0
2023-07-24 08:00:00,0,1,1.0
2023-07-26 09:00:00,1,0,1.0
2023-07-26 10:00:00,1,0,1.0
2023-07-26 11:00:00,1,0,1.0
2023-07-26 12:00:00,1,0,1.0
2023-07-26 13:00:00,1,0,1.0
2023-07-26 14:00:00,1,0,1.0
2023-07-26 16:00:00,1,0,1.0
2023-07-26 17:00:00,1,0,1.0
2023-07-26 22:00:00,1,0,1.0
2023-07-26 23:00:00,1,0,1.0
2023-07-27 00:00:00,1,0,1.0
2023-07-28 05:00:00,1,0,1.0
2023-07-28 06:00:00,1,0,1.0
2023-07-28 07:00:00,1,0,1.0
2023-07-29 11:00:00,1,0,1.0
2023-07-29 12:00:00,1,0,1.0
2023-07-29 22:00:00,1,0,1.0
2023-07-29 23:00:00,1,0,1.0
2023-07-30 00:00:00,1,0,1.0
2023-07-30 01:00:00,1,0,1.0
2023-07-30 02:00:00,1,0,1.0
2023-07-30 03:00:00,1,0,1.0
2023-07-30 05:00:00,0,1,1.0
2023-07-30 08:00:00,0,1,1.0
2023-07-30 14:00:00,0,1,1.0
2023-07-30 15:00:00,0,1,1.0
2023-07-30 16:00:00,0,1,1.0
2023-07-30 17:00:00,0,1,1.0
2023-07-30 19:00:00,1,0,1.0
2023-07-30 20:00:00,1,0,1.0
2023-07-30 21:00:00,1,0,1.0
2023-07-30 22:00:00,1,0,1.0
2023-07-31 12:00:00,0,1,1.0
2023-07-31 15:00:00,0,1,1.0
2023-07-31 16:00:00,0,1,1.0
2023-07-31 17:00:00,0,1,1.0
2023-07-31 18:00:00,0,1,1.0
2023-07-31 19:00:00,0,1,1.0
2023-07-31 20:00:00,0,1,1.0
2023-07-31 21:00:00,0,1,1.0
2023-07-31 22:00:00,0,1,1.0
2023-07-31 23:00:00,0,1,1.0
2023-08-01 00:00:00,0,1,1.0
2023-08-01 17:00:00,1,0,1.0
2023-08-02 08:00:00,0,1,1.0
2023-08-02 09:00:00,0,1,1.0
2023-08-02 10:00:00,0,1,1.0
2023-08-02 11:00:00,0,1,1.0
2023-08-02 12:00:00,0,1,1.0
2023-08-02 13:00:00,0,1,1.0
2023-08-03 01:00:00,0,1,1.0
2023-08-03 02:00:00,0,1,1.0
2023-08-03 05:00:00,0,1,1.0
2023-08-03 16:00:00,0,1,1.0
2023-08-04 10:00:00,1,0,1.0
2023-08-04 11:00:00,1,0,1.0
2023-08-04 14:00:00,0,1,1.0
2023-08-04 15:00:00,0,1,1.0
2023-08-04 16:00:00,0,1,1.0
2023-08-04 17:00:00,0,1,1.0
2023-08-05 13:00:00,1,0,1.0
2023-08-05 20:00:00,1,0,1.0
2023-08-06 08:00:00,0,1,1.0
2023-08-06 09:00:00,0,1,1.0
2023-08-06 10:00:00,0,1,1.0
2023-08-06 11:00:00,0,1,1.0
2023-08-06 19:00:00,1,0,1.0
2023-08-06 20:00:00,1,0,1.0
2023-08-06 21:00:00,1,0,1.0
2023-08-06 22:00:00,1,0,1.0
2023-08-06 23:00:00,1,0,1.0
2023-08-07 00:00:00,1,0,1.0
2023-08-07 01:00:00,0,1,1.0
2023-08-07 02:00:00,0,1,1.0
2023-08-07 03:00:00,0,1,1.0
2023-08-07 04:00:00,0,1,1.0
2023-08-07 06:00:00,1,0,1.0
2023-08-07 09:00:00,0,1,1.0
2023-08-07 10:00:00,0,1,1.0
2023-08-07 11:00:00,0,1,1.0
2023-08-07 12:00:00,0,1,1.0
2023-08-07 13:00:00,0,1,1.0
2023-08-07 14:00:00,0,1,1.0
2023-08-08 06:00:00,1,0,1.0
2023-08-08 07:00:00,1,0,1.0
2023-08-08 08:00:00,1,0,1.0
2023-08-08 09:00:00,1,0,1.0
2023-08-08 10:00:00,1,0,1.0
2023-08-08 11:00:00,1,0,1.0
2023-08-08 12:00:00,1,0,1.0
2023-08-08 13:00:00,1,0,1.0
2023-08-08 14:00:00,1,0,1.0
2023-08-08 15:00:00,1,0,1.0
2023-08-08 16:00:00,1,0,1.0
2023-08-09 12:00:00,0,1,1.0
2023-08-09 16:00:00,1,0,1.0
2023-08-09 17:00:00,1,0,1.0
2023-08-09 18:00:00,1,0,1.0
2023-08-10 00:00:00,0,1,1.0
2023-08-10 03:00:00,0,1,1.0
2023-08-10 11:00:00,1,0,1.0
2023-08-10 13:00:00,0,1,1.0
2023-08-11 11:00:00,0,1,1.0
2023-08-11 13:00:00,0,1,1.0
2023-08-11 14:00:00,0,1,1.0
2023-08-12 05:00:00,1,0,1.0
2023-08-12 10:00:00,0,1,1.0
2023-08-12 12:00:00,0,1,1.0
2023-08-12 13:00:00,0,1,1.0
2023-08-12 14:00:00,0,1,1.0
2023-08-12 15:00:00,0,1,1.0
2023-08-12 16:00:00,0,1,1.0
2023-08-13 14:00:00,1,0,1.0
2023-08-13 15:00:00,1,0,1.0
2023-08-13 17:00:00,0,1,1.0
2023-08-13 18:00:00,0,1,1.0
2023-08-13 19:00:00,0,1,1.0
2023-08-13 20:00:00,0,1,1.0
2023-08-13 21:00:00,0,1,1.0
2023-08-14 12:00:00,1,0,1.0
2023-08-14 13:00:00,0,0,1.0
2023-08-14 14:00:00,0,1,1.0
2023-08-14 15:00:00,0,1,1.0
2023-08-14 16:00:00,0,1,1.0
2023-08-15 09:00:00,0,1,1.0
2023-08-15 12:00:00,0,1,1.0
2023-08-15 13:00:00,0,1,1.0
2023-08-15 14:00:00,0,1,1.0
2023-08-15 15:00:00,0,1,1.0
2023-08-15 16:00:00,0,1,1.0
2023-08-15 17:00:00,0,1,1.0
2023-08-15 18:00:00,0,1,1.0
2023-08-16 07:00:00,0,1,1.0
2023-08-16 08:00:00,0,1,1.0
2023-08-16 09:00:00,0,1,1.0
2023-08-16 10:00:00,0,1,1.0
2023-08-16 11:00:00,0,1,1.0
2023-08-16 13:00:00,1,0,1.0
2023-08-17 09:00:00,0,1,1.0
2023-08-17 10:00:00,0,1,1.0
2023-08-17 11:00:00,0,1,1.0
2023-08-17 12:00:00,0,1,1.0
2023-08-17 13:00:00,0,1,1.0
2023-08-17 14:00:00,0,1,1.0
2023-08-17 17:00:00,0,1,1.0
2023-08-17 18:00:00,0,1,1.0
2023-08-17 19:00:00,0,1,1.0
2023-08-17 20:00:00,0,1,1.0
2023-08-19 08:00:00,1,0,1.0
2023-08-19 09:00:00,1,0,1.0
2023-08-19 10:00:00,1,0,1.0
2023-08-19 11:00:00,1,0,1.0
2023-08-19 12:00:00,1,0,1.0
2023-08-20 06:00:00,1,0,1.0
2023-08-20 07:00:00,1,0,1.0
2023-08-20 08:00:00,1,0,1.0
2023-08-20 13:00:00,1,0,1.0
2023-08-20 14:00:00,1,0,1.0
2023-08-21 01:00:00,0,1,1.0
2023-08-21 02:00:00,0,1,1.0
2023-08-21 03:00:00,0,1,1.0
2023-08-21 05:00:00,0,1,1.0
2023-08-21 09:00:00,0,1,1.0
2023-08-21 11:00:00,0,1,1.0
2023-08-21 12:00:00,0,1,1.0
2023-08-21 13:00:00,0,1,1.0
2023-08-21 14:00:00,0,1,1.0
2023-08-22 07:00:00,0,1,1.0
2023-08-22 08:00:00,0,1,1.0
2023-08-22 09:00:00,0,1,1.0
2023-08-22 10:00:00,0,1,1.0
2023-08-22 11:00:00,0,1,1.0
2023-08-22 12:00:00,0,1,1.0
2023-08-22 13:00:00,0,1,1.0
2023-08-22 14:00:00,0,1,1.0
2023-08-22 16:00:00,0,1,1.0
2023-08-22 17:00:00,1,0,1.0
2023-08-22 19:00:00,1,0,1.0
2023-08-22 21:00:00,1,0,1.0
2023-08-23 10:00:00,1,0,1.0
2023-08-23 11:00:00,1,0,1.0
2023-08-23 12:00:00,1,0,1.0
2023-08-23 13:00:00,1,0,1.0
2023-08-23 14:00:00,1,0,1.0
2023-08-23 15:00:00,1,0,1.0
2023-08-24 08:00:00,0,1,1.0
2023-08-24 09:00:00,0,1,1.0
2023-08-24 10:00:00,0,1,1.0
2023-08-24 11:00:00,0,1,1.0
2023-08-24 12:00:00,0,1,1.0
2023-08-24 13:00:00,0,1,1.0
2023-08-24 15:00:00,1,0,1.0
2023-08-24 19:00:00,1,0,1.0
2023-08-24 20:00:00,1,0,1.0
2023-08-24 21:00:00,1,0,1.0
2023-08-25 01:00:00,0,1,1.0
2023-08-27 01:00:00,1,0,1.0
2023-08-27 02:00:00,1,0,1.0
2023-08-27 03:00:00,1,0,1.0
2023-08-27 04:00:00,1,0,1.0
2023-08-27 05:00:00,1,0,1.0
2023-08-27 14:00:00,0,1,1.0
2023-08-27 22:00:00,0,1,1.0
2023-08-27 23:00:00,0,1,1.0
2023-08-28 06:00:00,1,0,1.0
2023-08-28 07:00:00,1,0,1.0
2023-08-28 08:00:00,1,0,1.0
2023-08-28 09:00:00,1,0,1.0
2023-08-28 10:00:00,1,0,1.0
2023-08-28 11:00:00,1,0,1.0
2023-08-28 12:00:00,1,0,1.0
2023-08-28 13:00:00,1,0,1.0
2023-08-29 00:00:00,0,1,1.0
2023-08-29 01:00:00,0,1,1.0
2023-08-29 02:00:00,0,1,1.0
2023-08-29 03:00:00,0,1,1.0
2023-08-29 04:00:00,0,1,1.0
2023-08-29 05:00:00,0,1,1.0
2023-08-29 08:00:00,1,0,1.0
2023-08-29 09:00:00,1,0,1.0
2023-08-29 10:00:00,1,0,1.0
2023-08-29 11:00:00,1,0,1.0
2023-08-29 12:00:00,1,0,1.0
2023-08-29 13:00:00,1,0,1.0
2023-08-29 20:00:00,0,1,1.0
2023-08-29 21:00:00,0,1,1.0
2023-08-29 22:00:00,0,1,1.0
2023-08-30 08:00:00,0,1,1.0
2023-08-30 10:00:00,0,1,1.0
2023-08-31 07:00:00,0,1,1.0
2023-08-31 08:00:00,0,1,1.0
2023-08-31 09:00:00,0,1,1.0
2023-08-31 10:00:00,0,1,1.0
2023-08-31 11:00:00,0,1,1.0
2023-08-31 12:00:00,0,1,1.0
2023-08-31 13:00:00,0,1,1.0
2023-08-31 14:00:00,0,1,1.0
2023-08-31 15:00:00,0,1,1.0
2023-09-01 11:00:00,0,1,1.0
2023-09-01 12:00:00,0,1,1.0
2023-09-01 13:00:00,0,1,1.0
2023-09-01 14:00:00,0,1,1.0
2023-09-03 21:00:00,1,0,1.0
2023-09-03 22:00:00,1,0,1.0
2023-09-04 16:00:00,0,1,1.0
2023-09-04 17:00:00,0,1,1.0
2023-09-04 18:00:00,0,1,1.0
2023-09-05 20:00:00,1,0,1.0
2023-09-06 02:00:00,0,1,1.0
2023-09-06 03:00:00,0,1,1.0
2023-09-06 11:00:00,1,0,1.0
2023-09-06 12:00:00,1,0,1.0
2023-09-06 14:00:00,1,0,1.0
2023-09-06 15:00:00,1,0,1.0
2023-09-06 16:00:00,1,0,1.0
2023-09-07 07:00:00,0,1,1.0
2023-09-07 08:00:00,0,1,1.0
2023-09-07 09:00:00,0,1,1.0
2023-09-07 11:00:00,1,0,1.0
2023-09-07 12:00:00,1,0,1.0
2023-09-07 13:00:00,1,0,1.0
2023-09-07 15:00:00,1,0,1.0
2023-09-07 16:00:00,1,0,1.0
2023-09-07 17:00:00,1,0,1.0
2023-09-07 18:00:00,1,0,1.0
2023-09-07 19:00:00,1,0,1.0
2023-09-07 20:00:00,1,0,1.0
2023-09-08 04:00:00,0,1,1.0
2023-09-08 05:00:00,0,1,1.0
2023-09-08 06:00:00,0,1,1.0
2023-09-08 07:00:00,0,1,1.0
2023-09-08 08:00:00,0,1,1.0
2023-09-09 18:00:00,0,1,1.0
2023-09-09 19:00:00,0,1,1.0
2023-09-09 20:00:00,0,1,1.0
2023-09-09 21:00:00,0,1,1.0
2023-09-09 22:00:00,0,1,1.0
2023-09-09 23:00:00,0,1,1.0
2023-09-10 00:00:00,0,1,1.0
2023-09-10 01:00:00,0,1,1.0
2023-09-10 02:00:00,0,1,1.0
2023-09-10 03:00:00,0,1,1.0
2023-09-10 11:00:00,0,1,1.0
2023-09-10 12:00:00,0,1,1.0
2023-09-10 13:00:00,0,1,1.0
2023-09-11 03:00:00,0,1,1.0
2023-09-11 04:00:00,0,1,1.0
2023-09-11 05:00:00,0,1,1.0
2023-09-11 06:00:00,0,1,1.0
2023-09-11 07:00:00,0,1,1.0
2023-09-11 12:00:00,0,1,1.0
2023-09-11 13:00:00,0,1,1.0
2023-09-11 14:00:00,0,1,1.0
2023-09-11 15:00:00,0,1,1.0
2023-09-11 21:00:00,1,0,1.0
2023-09-11 22:00:00,1,0,1.0
2023-09-11 23:00:00,1,0,1.0
2023-09-12 00:00:00,1,0,1.0
2023-09-12 01:00:00,1,0,1.0
2023-09-12 02:00:00,1,0,1.0
2023-09-13 03:00:00,1,0,1.0
2023-09-13 05:00:00,1,0,1.0
2023-09-13 18:00:00,1,0,1.0
2023-09-13 19:00:00,1,0,1.0
2023-09-13 23:00:00,1,0,1.0
2023-09-14 00:00:00,0,1,1.0
2023-09-14 08:00:00,1,0,1.0
2023-09-14 09:00:00,1,0,1.0
2023-09-14 10:00:00,1,0,1.0
2023-09-14 20:00:00,1,0,1.0
2023-09-14 21:00:00,1,0,1.0
2023-09-15 05:00:00,0,1,1.0
2023-09-15 06:00:00,0,1,1.0
2023-09-15 08:00:00,0,1,1.0
2023-09-15 09:00:00,0,1,1.0
2023-09-15 10:00:00,0,1,1.0
2023-09-15 16:00:00,1,0,1.0
2023-09-15 17:00:00,1,0,1.0
2023-09-15 18:00:00,1,0,1.0
2023-09-15 19:00:00,1,0,1.0
2023-09-15 20:00:00,1,0,1.0
2023-09-15 21:00:00,1,0,1.0
2023-09-17 11:00:00,0,1,1.0
2023-09-17 12:00:00,0,1,1.0
2023-09-17 13:00:00,0,1,1.0
2023-09-17 14:00:00,0,1,1.0
2023-09-17 15:00:00,0,1,1.0
2023-09-17 16:00:00,0,1,1.0
2023-09-17 18:00:00,0,1,1.0
2023-09-17 19:00:00,0,1,1.0
2023-09-17 20:00:00,1,0,1.0
2023-09-17 21:00:00,1,0,1.0
2023-09-17 23:00:00,0,0,1.0
2023-09-18 00:00:00,1,0,1.0
2023-09-18 01:00:00,1,0,1.0
2023-09-18 04:00:00,1,0,1.0
2023-09-18 05:00:00,1,0,1.0
2023-09-18 06:00:00,1,0,1.0
2023-09-18 07:00:00,1,0,1.0
2023-09-18 08:00:00,1,0,1.0
2023-09-18 09:00:00,1,0,1.0
2023-09-18 14:00:00,0,1,1.0
2023-09-18 16:00:00,0,1,1.0
2023-09-19 06:00:00,1,0,1.0
2023-09-19 07:00:00,1,0,1.0
2023-09-20 09:00:00,1,0,1.0
2023-09-20 12:00:00,1,0,1.0
2023-09-20 15:00:00,0,1,1.0
2023-09-20 16:00:00,0,1,1.0
2023-09-20 17:00:00,0,1,1.0
2023-09-20 18:00:00,0,1,1.0
2023-09-21 04:00:00,0,1,1.0
2023-09-21 17:00:00,0,1,1.0
2023-09-24 13:00:00,0,1,1.0
2023-09-24 14:00:00,0,1,1.0
2023-09-24 17:00:00,0,1,1.0
2023-09-24 18:00:00,0,1,1.0
2023-09-24 21:00:00,0,1,1.0
2023-09-24 22:00:00,0,1,1.0
2023-09-25 20:00:00,1,0,1.0
2023-09-26 18:00:00,1,0,1.0
2023-09-27 05:00:00,1,0,1.0
2023-09-27 06:00:00,1,0,1.0
2023-09-27 07:00:00,1,0,1.0
2023-09-27 08:00:00,1,0,1.0
2023-09-27 10:00:00,0,1,1.0
2023-09-27 11:00:00,0,1,1.0
2023-09-27 12:00:00,0,1,1.0
2023-09-27 13:00:00,0,1,1.0
2023-09-28 04:00:00,1,0,1.0
2023-09-28 05:00:00,1,0,1.0
2023-09-28 08:00:00,1,0,1.0
2023-09-28 09:00:00,1,0,1.0
2023-09-28 10:00:00,1,0,1.0
2023-09-28 11:00:00,1,0,1.0
2023-09-28 12:00:00,1,0,1.0
2023-09-28 13:00:00,1,0,1.0
2023-09-29 08:00:00,1,0,1.0
2023-09-29 09:00:00,1,0,1.0
2023-09-29 10:00:00,1,0,1.0
2023-09-29 11:00:00,1,0,1.0
2023-09-29 14:00:00,0,1,1.0
2023-09-29 15:00:00,0,1,1.0
2023-09-29 16:00:00,0,1,1.0
2023-09-30 10:00:00,1,0,1.0
2023-09-30 11:00:00,1,0,1.0
2023-09-30 12:00:00,1,0,1.0
2023-09-30 13:00:00,1,0,1.0
2023-09-30 14:00:00,1,0,1.0
2023-09-30 15:00:00,1,0,1.0
2023-10-01 04:00:00,1,0,1.0
2023-10-01 05:00:00,1,0,1.0
2023-10-01 06:00:00,1,0,1.0
2023-10-01 07:00:00,1,0,1.0
2023-10-01 08:00:00,1,0,1.0
2023-10-01 09:00:00,1,0,1.0
2023-10-01 11:00:00,0,1,1.0
2023-10-01 12:00:00,0,1,1.0
2023-10-01 13:00:00,0,1,1.0
2023-10-01 16:00:00,1,0,1.0
2023-10-01 17:00:00,1,0,1.0
2023-10-01 18:00:00,1,0,1.0
2023-10-01 19:00:00,1,0,1.0
2023-10-01 20:00:00,1,0,1.0
2023-10-01 21:00:00,1,0,1.0
2023-10-02 04:00:00,1,0,1.0
2023-10-02 05:00:00,1,0,1.0
2023-10-02 06:00:00,1,0,1.0
2023-10-02 12:00:00,0,1,1.0
2023-10-02 13:00:00,0,1,1.0
2023-10-02 14:00:00,0,1,1.0
2023-10-02 15:00:00,0,1,1.0
2023-10-02 16:00:00,0,1,1.0
2023-10-02 17:00:00,0,1,1.0
2023-10-03 13:00:00,0,1,1.0
2023-10-03 18:00:00,0,1,1.0
2023-10-03 19:00:00,0,1,1.0
2023-10-03 20:00:00,0,1,1.0
2023-10-03 22:00:00,0,1,1.0
2023-10-03 23:00:00,0,1,1.0
2023-10-04 15:00:00,1,0,1.0
2023-10-05 06:00:00,1,0,1.0
2023-10-05 07:00:00,1,0,1.0
2023-10-05 08:00:00,1,0,1.0
2023-10-05 09:00:00,1,0,1.0
2023-10-05 12:00:00,1,0,1.0
2023-10-06 09:00:00,0,1,1.0
2023-10-06 11:00:00,0,0,1.0
2023-10-06 12:00:00,1,0,1.0
2023-10-06 13:00:00,1,0,1.0
2023-10-06 14:00:00,1,0,1.0
2023-10-07 00:00:00,0,1,1.0
2023-10-07 01:00:00,0,1,1.0
2023-10-07 03:00:00,0,1,1.0
2023-10-07 04:00:00,0,1,1.0
2023-10-07 05:00:00,0,1,1.0
2023-10-07 06:00:00,0,1,1.0
2023-10-07 07:00:00,0,1,1.0
2023-10-07 08:00:00,0,1,1.0
2023-10-07 09:00:00,0,1,1.0
2023-10-08 01:00:00,0,1,1.0
2023-10-08 02:00:00,0,1,1.0
2023-10-08 03:00:00,0,1,1.0
2023-10-08 04:00:00,0,1,1.0
2023-10-08 21:00:00,0,1,1.0
2023-10-08 23:00:00,0,0,1.0
2023-10-09 00:00:00,1,0,1.0
2023-10-09 03:00:00,0,1,1.0
2023-10-09 04:00:00,0,1,1.0
2023-10-09 05:00:00,0,1,1.0
2023-10-09 06:00:00,0,1,1.0
2023-10-09 07:00:00,0,1,1.0
2023-10-09 08:00:00,0,1,1.0
2023-10-10 06:00:00,0,1,1.0
2023-10-10 07:00:00,0,1,1.0
2023-10-10 08:00:00,0,1,1.0
2023-10-10 09:00:00,0,1,1.0
2023-10-10 10:00:00,0,1,1.0
2023-10-10 21:00:00,0,1,1.0
2023-10-10 22:00:00,0,1,1.0
2023-10-10 23:00:00,0,1,1.0
2023-10-11 00:00:00,0,1,1.0
2023-10-11 01:00:00,0,1,1.0
2023-10-12 05:00:00,0,1,1.0
2023-10-12 08:00:00,0,1,1.0
2023-10-13 09:00:00,1,0,1.0
2023-10-13 10:00:00,1,0,1.0
2023-10-13 18:00:00,1,0,1.0
2023-10-13 20:00:00,0,1,1.0
2023-10-14 07:00:00,1,0,1.0
2023-10-15 07:00:00,0,1,1.0
2023-10-15 08:00:00,0,1,1.0
2023-10-15 09:00:00,0,1,1.0
2023-10-15 10:00:00,0,1,1.0
2023-10-15 14:00:00,1,0,1.0
2023-10-15 15:00:00,1,0,1.0
2023-10-15 16:00:00,1,0,1.0
2023-10-15 17:00:00,1,0,1.0
2023-10-15 19:00:00,1,0,1.0
2023-10-15 20:00:00,0,1,1.0
2023-10-15 22:00:00,1,0,1.0
2023-10-15 23:00:00,1,0,1.0
2023-10-16 00:00:00,1,0,1.0
2023-10-16 01:00:00,1,0,1.0
2023-10-16 02:00:00,1,0,1.0
2023-10-16 03:00:00,1,0,1.0
2023-10-16 04:00:00,1,0,1.0
2023-10-16 12:00:00,0,1,1.0
2023-10-17 07:00:00,0,1,1.0
2023-10-17 08:00:00,0,1,1.0
2023-10-17 09:00:00,0,1,1.0
2023-10-17 10:00:00,0,1,1.0
2023-10-17 11:00:00,0,1,1.0
2023-10-17 12:00:00,0,1,1.0
2023-10-18 04:00:00,0,1,1.0
2023-10-18 09:00:00,1,0,1.0
2023-10-18 16:00:00,0,1,1.0
2023-10-18 17:00:00,0,1,1.0
2023-10-18 18:00:00,0,1,1.0
2023-10-18 19:00:00,0,1,1.0
2023-10-18 20:00:00,0,1,1.0
2023-10-18 21:00:00,0,1,1.0
2023-10-18 22:00:00,0,1,1.0
2023-10-18 23:00:00,0,1,1.0
2023-10-19 00:00:00,0,1,1.0
2023-10-19 08:00:00,1,0,1.0
2023-10-19 09:00:00,1,0,1.0
2023-10-19 10:00:00,1,0,1.0
2023-10-19 17:00:00,1,0,1.0
2023-10-19 18:00:00,1,0,1.0
2023-10-19 21:00:00,1,0,1.0
2023-10-19 22:00:00,1,0,1.0
2023-10-20 01:00:00,1,0,1.0
2023-10-20 02:00:00,1,0,1.0
2023-10-20 04:00:00,1,0,1.0
2023-10-20 06:00:00,1,0,1.0
2023-10-20 07:00:00,1,0,1.0
2023-10-21 02:00:00,1,0,1.0
2023-10-21 03:00:00,1,0,1.0
2023-10-21 04:00:00,1,0,1.0
2023-10-21 05:00:00,1,0,1.0
2023-10-21 06:00:00,1,0,1.0
2023-10-21 07:00:00,1,0,1.0
2023-10-21 08:00:00,1,0,1.0
2023-10-21 09:00:00,1,0,1.0
2023-10-21 10:00:00,1,0,1.0
2023-10-21 11:00:00,1,0,1.0
2023-10-21 12:00:00,1,0,1.0
2023-10-21 13:00:00,1,0,1.0
2023-10-21 23:00:00,1,0,1.0
2023-10-22 03:00:00,1,0,1.0
2023-10-22 05:00:00,0,1,1.0
2023-10-22 06:00:00,0,1,1.0
2023-10-22 11:00:00,1,0,1.0
2023-10-22 14:00:00,1,0,1.0
2023-10-22 15:00:00,1,0,1.0
2023-10-22 16:00:00,1,0,1.0
2023-10-22 18:00:00,1,0,1.0
2023-10-22 19:00:00,1,0,1.0
2023-10-22 20:00:00,1,0,1.0
2023-10-22 21:00:00,1,0,1.0
2023-10-22 22:00:00,1,0,1.0
2023-10-23 13:00:00,1,0,1.0
2023-10-23 14:00:00,1,0,1.0
2023-10-23 15:00:00,1,0,1.0
2023-10-23 16:00:00,1,0,1.0
2023-10-23 17:00:00,1,0,1.0
2023-10-23 18:00:00,1,0,1.0
2023-10-23 19:00:00,1,0,1.0
2023-10-23 20:00:00,1,0,1.0
2023-10-23 21:00:00,1,0,1.0
2023-10-23 22:00:00,1,0,1.0
2023-10-23 23:00:00,1,0,1.0
2023-10-24 00:00:00,1,0,1.0
2023-10-24 01:00:00,1,0,1.0
2023-10-24 02:00:00,0,1,1.0
2023-10-24 06:00:00,1,0,1.0
2023-10-24 07:00:00,1,0,1.0
2023-10-24 11:00:00,0,1,1.0
2023-10-24 12:00:00,0,1,1.0
2023-10-24 13:00:00,0,1,1.0
2023-10-24 14:00:00,0,1,1.0
2023-10-25 08:00:00,1,0,1.0
2023-10-25 09:00:00,1,0,1.0
2023-10-25 10:00:00,1,0,1.0
2023-10-25 11:00:00,1,0,1.0
2023-10-25 12:00:00,1,0,1.0
2023-10-25 14:00:00,0,1,1.0
2023-10-25 15:00:00,0,1,1.0
2023-10-25 21:00:00,1,0,1.0
2023-10-25 22:00:00,1,0,1.0
2023-10-25 23:00:00,1,0,1.0
2023-10-26 00:00:00,1,0,1.0
2023-10-26 01:00:00,1,0,1.0
2023-10-26 02:00:00,1,0,1.0
2023-10-26 03:00:00,1,0,1.0
2023-10-26 05:00:00,1,0,1.0
2023-10-26 08:00:00,0,1,1.0
2023-10-26 09:00:00,0,1,1.0
2023-10-26 10:00:00,0,1,1.0
2023-10-26 12:00:00,0,1,1.0
2023-10-26 13:00:00,0,1,1.0
2023-10-27 07:00:00,1,0,1.0
2023-10-27 10:00:00,1,0,1.0
2023-10-27 11:00:00,1,0,1.0
2023-10-27 22:00:00,1,0,1.0
2023-10-27 23:00:00,1,0,1.0
2023-10-28 00:00:00,1,0,1.0
2023-10-28 01:00:00,1,0,1.0
2023-10-28 10:00:00,0,1,1.0
2023-10-29 02:00:00,1,0,1.0
2023-10-29 03:00:00,1,0,1.0
2023-10-29 05:00:00,1,0,1.0
2023-10-29 06:00:00,1,0,1.0
2023-10-29 07:00:00,1,0,1.0
2023-10-29 10:00:00,1,0,1.0
2023-10-30 03:00:00,1,0,1.0
2023-10-30 04:00:00,1,0,1.0
2023-10-30 05:00:00,1,0,1.0
2023-10-30 06:00:00,1,0,1.0
2023-10-30 07:00:00,1,0,1.0
2023-10-30 08:00:00,1,0,1.0
2023-10-31 01:00:00,0,1,1.0
2023-10-31 02:00:00,0,1,1.0
2023-10-31 08:00:00,0,1,1.0
2023-10-31 09:00:00,0,1,1.0
2023-10-31 10:00:00,0,1,1.0
2023-10-31 11:00:00,0,1,1.0
2023-10-31 12:00:00,0,1,1.0
2023-10-31 23:00:00,0,1,1.0
2023-11-01 10:00:00,1,0,1.0
2023-11-01 11:00:00,1,0,1.0
2023-11-01 13:00:00,1,0,1.0
2023-11-01 14:00:00,1,0,1.0
2023-11-01 15:00:00,1,0,1.0
2023-11-01 16:00:00,1,0,1.0
2023-11-01 17:00:00,1,0,1.0
2023-11-01 18:00:00,1,0,1.0
2023-11-01 19:00:00,1,0,1.0
2023-11-02 02:00:00,0,1,1.0
2023-11-02 09:00:00,0,1,1.0
2023-11-02 10:00:00,0,1,1.0
2023-11-02 15:00:00,1,0,1.0
2023-11-02 16:00:00,1,0,1.0
2023-11-03 17:00:00,1,0,1.0
2023-11-04 16:00:00,1,0,1.0
2023-11-04 19:00:00,1,0,1.0
2023-11-04 21:00:00,1,0,1.0
2023-11-04 22:00:00,1,0,1.0
2023-11-04 23:00:00,1,0,1.0
2023-11-05 00:00:00,1,0,1.0
2023-11-05 01:00:00,1,0,1.0
2023-11-05 02:00:00,1,0,1.0
2023-11-05 05:00:00,1,0,1.0
2023-11-05 06:00:00,1,0,1.0
2023-11-05 07:00:00,1,0,1.0
2023-11-05 08:00:00,1,0,1.0
2023-11-05 09:00:00,1,0,1.0
2023-11-05 10:00:00,1,0,1.0
2023-11-05 11:00:00,0,1,1.0
2023-11-05 12:00:00,0,0,1.0
2023-11-05 13:00:00,1,0,1.0
2023-11-06 04:00:00,1,0,1.0
2023-11-06 05:00:00,1,0,1.0
2023-11-06 06:00:00,1,0,1.0
2023-11-06 07:00:00,1,0,1.0
2023-11-06 13:00:00,1,0,1.0
2023-11-06 14:00:00,1,0,1.0
2023-11-06 15:00:00,1,0,1.0
2023-11-06 16:00:00,1,0,1.0
2023-11-06 17:00:00,1,0,1.0
2023-11-06 18:00:00,1,0,1.0
2023-11-06 19:00:00,0,0,1.0
2023-11-06 20:00:00,0,1,1.0
2023-11-06 21:00:00,0,1,1.0
2023-11-07 04:00:00,0,1,1.0
2023-11-07 05:00:00,0,1,1.0
2023-11-07 11:00:00,0,1,1.0
2023-11-07 12:00:00,0,1,1.0
2023-11-07 13:00:00,0,1,1.0
2023-11-07 15:00:00,1,0,1.0
2023-11-07 16:00:00,1,0,1.0
2023-11-07 17:00:00,1,0,1.0
2023-11-08 20:00:00,1,0,1.0
2023-11-08 21:00:00,1,0,1.0
2023-11-08 22:00:00,1,0,1.0
2023-11-08 23:00:00,1,0,1.0
2023-11-09 00:00:00,1,0,1.0
2023-11-09 01:00:00,1,0,1.0
2023-11-09 02:00:00,1,0,1.0
2023-11-09 03:00:00,1,0,1.0
2023-11-09 05:00:00,1,0,1.0
2023-11-09 07:00:00,1,0,1.0
2023-11-09 08:00:00,1,0,1.0
2023-11-09 09:00:00,1,0,1.0
2023-11-09 14:00:00,0,1,1.0
2023-11-09 15:00:00,0,1,1.0
2023-11-09 20:00:00,1,0,1.0
2023-11-10 08:00:00,0,1,1.0
2023-11-10 09:00:00,0,1,1.0
2023-11-10 10:00:00,0,1,1.0
2023-11-10 11:00:00,0,1,1.0
2023-11-10 12:00:00,0,1,1.0
2023-11-10 14:00:00,1,0,1.0
2023-11-10 17:00:00,1,0,1.0
2023-11-10 18:00:00,1,0,1.0
2023-11-10 19:00:00,1,0,1.0
2023-11-10 23:00:00,0,1,1.0
2023-11-11 00:00:00,0,1,1.0
2023-11-11 04:00:00,1,0,1.0
2023-11-11 11:00:00,1,0,1.0
2023-11-11 12:00:00,1,0,1.0
2023-11-11 13:00:00,1,0,1.0
2023-11-11 18:00:00,0,1,1.0
2023-11-11 19:00:00,0,1,1.0
2023-11-11 22:00:00,0,1,1.0
2023-11-12 21:00:00,0,1,1.0
2023-11-12 22:00:00,0,1,1.0
2023-11-12 23:00:00,0,1,1.0
2023-11-13 00:00:00,0,1,1.0
2023-11-13 01:00:00,0,1,1.0
2023-11-13 02:00:00,0,1,1.0
2023-11-13 07:00:00,0,1,1.0
2023-11-13 08:00:00,0,1,1.0
2023-11-13 09:00:00,0,1,1.0
2023-11-13 15:00:00,0,1,1.0
2023-11-13 16:00:00,0,1,1.0
2023-11-13 18:00:00,0,1,1.0
2023-11-13 19:00:00,0,1,1.0
2023-11-13 20:00:00,0,1,1.0
2023-11-14 00:00:00,1,0,1.0
2023-11-14 01:00:00,1,0,1.0
2023-11-14 02:00:00,1,0,1.0
2023-11-14 07:00:00,0,1,1.0
2023-11-14 08:00:00,0,1,1.0
2023-11-14 11:00:00,1,0,1.0
2023-11-14 13:00:00,0,1,1.0
2023-11-14 14:00:00,0,1,1.0
2023-11-14 15:00:00,0,1,1.0
2023-11-14 16:00:00,0,1,1.0
2023-11-14 17:00:00,0,1,1.0
2023-11-14 18:00:00,1,0,1.0
2023-11-15 05:00:00,1,0,1.0
2023-11-15 06:00:00,1,0,1.0
2023-11-15 09:00:00,1,0,1.0
2023-11-15 10:00:00,1,0,1.0
2023-11-15 14:00:00,1,0,1.0
2023-11-15 16:00:00,1,0,1.0
2023-11-15 17:00:00,1,0,1.0
2023-11-16 01:00:00,1,0,1.0
2023-11-16 02:00:00,1,0,1.0
2023-11-16 03:00:00,1,0,1.0
2023-11-16 04:00:00,1,0,1.0
2023-11-16 05:00:00,1,0,1.0
2023-11-16 06:00:00,1,0,1.0
2023-11-16 07:00:00,0,0,1.0
2023-11-16 08:00:00,0,1,1.0
2023-11-16 09:00:00,0,1,1.0
2023-11-16 10:00:00,0,1,1.0
2023-11-16 13:00:00,0,1,1.0
2023-11-16 14:00:00,0,1,1.0
2023-11-16 15:00:00,0,1,1.0
2023-11-16 16:00:00,0,1,1.0
2023-11-17 09:00:00,0,1,1.0
2023-11-17 10:00:00,0,1,1.0
2023-11-17 11:00:00,0,1,1.0
2023-11-17 12:00:00,0,1,1.0
2023-11-17 13:00:00,0,1,1.0
2023-11-17 15:00:00,1,0,1.0
2023-11-17 23:00:00,0,1,1.0
2023-11-18 09:00:00,1,0,1.0
2023-11-18 10:00:00,1,0,1.0
2023-11-18 11:00:00,1,0,1.0
2023-11-18 12:00:00,1,0,1.0
2023-11-18 13:00:00,1,0,1.0
2023-11-18 14:00:00,1,0,1.0
2023-11-18 15:00:00,1,0,1.0
2023-11-19 14:00:00,1,0,1.0
2023-11-20 02:00:00,1,0,1.0
2023-11-20 03:00:00,1,0,1.0
2023-11-20 04:00:00,1,0,1.0
2023-11-20 05:00:00,1,0,1.0
2023-11-20 06:00:00,1,0,1.0
2023-11-20 07:00:00,1,0,1.0
2023-11-20 08:00:00,1,0,1.0
2023-11-20 10:00:00,0,1,1.0
2023-11-20 15:00:00,0,1,1.0
2023-11-21 08:00:00,0,1,1.0
2023-11-21 10:00:00,0,1,1.0
2023-11-21 11:00:00,0,1,1.0
2023-11-21 12:00:00,0,1,1.0
2023-11-21 13:00:00,0,1,1.0
2023-11-21 14:00:00,0,1,1.0
2023-11-21 15:00:00,0,1,1.0
2023-11-21 16:00:00,0,1,1.0
2023-11-21 17:00:00,0,1,1.0
2023-11-21 19:00:00,0,1,1.0
2023-11-21 20:00:00,0,1,1.0
2023-11-21 21:00:00,0,1,1.0
2023-11-21 23:00:00,1,0,1.0
2023-11-22 14:00:00,1,0,1.0
2023-11-22 15:00:00,1,0,1.0
2023-11-22 16:00:00,1,0,1.0
2023-11-22 17:00:00,1,0,1.0
2023-11-22 18:00:00,1,0,1.0
2023-11-23 09:00:00,0,1,1.0
2023-11-23 10:00:00,0,1,1.0
2023-11-23 19:00:00,1,0,1.0
2023-11-23 20:00:00,1,0,1.0
2023-11-23 21:00:00,1,0,1.0
2023-11-23 22:00:00,1,0,1.0
2023-11-23 23:00:00,1,0,1.0
2023-11-24 00:00:00,1,0,1.0
2023-11-24 03:00:00,0,1,1.0
2023-11-25 10:00:00,1,0,1.0
2023-11-25 11:00:00,1,0,1.0
2023-11-26 07:00:00,0,1,1.0
2023-11-26 08:00:00,0,1,1.0
2023-11-26 09:00:00,0,1,1.0
2023-11-26 10:00:00,0,1,1.0
2023-11-26 11:00:00,0,1,1.0
2023-11-26 12:00:00,0,1,1.0
2023-11-26 13:00:00,0,1,1.0
2023-11-26 14:00:00,0,1,1.0
2023-11-26 16:00:00,1,0,1.0
2023-11-26 18:00:00,1,0,1.0
2023-11-26 19:00:00,1,0,1.0
2023-11-27 00:00:00,0,1,1.0
2023-11-27 09:00:00,0,1,1.0
2023-11-28 00:00:00,0,1,1.0
2023-11-28 01:00:00,0,1,1.0
2023-11-28 02:00:00,0,1,1.0
2023-11-28 05:00:00,1,0,1.0
2023-11-28 08:00:00,1,0,1.0
2023-11-28 09:00:00,1,0,1.0
2023-11-28 10:00:00,1,0,1.0
2023-11-28 11:00:00,1,0,1.0
2023-11-28 12:00:00,1,0,1.0
2023-11-28 13:00:00,1,0,1.0
2023-11-28 14:00:00,1,0,1.0
2023-11-29 08:00:00,0,1,1.0
2023-11-29 09:00:00,0,1,1.0
2023-11-29 15:00:00,1,0,1.0
2023-11-30 02:00:00,0,1,1.0
2023-11-30 03:00:00,0,1,1.0
2023-11-30 04:00:00,0,1,1.0
2023-11-30 20:00:00,1,0,1.0
2023-11-30 22:00:00,1,0,1.0
2023-11-30 23:00:00,1,0,1.0
2023-12-01 00:00:00,1,0,1.0
2023-12-01 05:00:00,1,0,1.0
2023-12-01 13:00:00,1,0,1.0
2023-12-02 03:00:00,1,0,1.0
2023-12-02 04:00:00,1,0,1.0
2023-12-02 05:00:00,1,0,1.0
2023-12-02 06:00:00,1,0,1.0
2023-12-02 07:00:00,1,0,1.0
2023-12-02 09:00:00,0,1,1.0
2023-12-02 14:00:00,1,0,1.0
2023-12-02 15:00:00,1,0,1.0
2023-12-02 16:00:00,1,0,1.0
2023-12-02 17:00:00,1,0,1.0
2023-12-02 18:00:00,1,0,1.0
2023-12-02 19:00:00,1,0,1.0
2023-12-03 07:00:00,0,1,1.0
2023-12-03 09:00:00,0,1,1.0
2023-12-03 10:00:00,0,1,1.0
2023-12-03 16:00:00,1,0,1.0
2023-12-03 17:00:00,1,0,1.0
2023-12-03 18:00:00,1,0,1.0
2023-12-03 19:00:00,1,0,1.0
2023-12-03 20:00:00,1,0,1.0
2023-12-03 21:00:00,1,0,1.0
2023-12-03 22:00:00,1,0,1.0
2023-12-03 23:00:00,1,0,1.0
2023-12-04 00:00:00,1,0,1.0
2023-12-04 02:00:00,1,0,1.0
2023-12-04 03:00:00,1,0,1.0
2023-12-04 08:00:00,0,1,1.0
2023-12-04 09:00:00,0,1,1.0
2023-12-04 10:00:00,0,1,1.0
2023-12-05 01:00:00,0,1,1.0
2023-12-05 10:00:00,1,0,1.0
2023-12-05 11:00:00,1,0,1.0
2023-12-05 12:00:00,1,0,1.0
2023-12-05 13:00:00,1,0,1.0
2023-12-05 14:00:00,1,0,1.0
2023-12-05 15:00:00,1,0,1.0
2023-12-05 16:00:00,1,0,1.0
2023-12-05 17:00:00,1,0,1.0
2023-12-05 18:00:00,1,0,1.0
2023-12-06 05:00:00,1,0,1.0
2023-12-06 07:00:00,1,0,1.0
2023-12-06 08:00:00,1,0,1.0
2023-12-06 09:00:00,1,0,1.0
2023-12-06 10:00:00,1,0,1.0
2023-12-07 04:00:00,0,1,1.0
2023-12-07 05:00:00,0,1,1.0
2023-12-07 06:00:00,0,1,1.0
2023-12-07 10:00:00,1,0,1.0
2023-12-07 11:00:00,1,0,1.0
2023-12-07 12:00:00,1,0,1.0
2023-12-07 13:00:00,1,0,1.0
2023-12-07 14:00:00,1,0,1.0
2023-12-07 15:00:00,1,0,1.0
2023-12-07 23:00:00,1,0,1.0
2023-12-08 00:00:00,1,0,1.0
2023-12-08 01:00:00,1,0,1.0
2023-12-08 02:00:00,1,0,1.0
2023-12-08 03:00:00,1,0,1.0
2023-12-08 04:00:00,1,0,1.0
2023-12-08 05:00:00,1,0,1.0
2023-12-08 06:00:00,1,0,1.0
2023-12-08 07:00:00,1,0,1.0
2023-12-08 08:00:00,1,0,1.0
2023-12-08 09:00:00,1,0,1.0
2023-12-08 10:00:00,1,0,1.0
2023-12-08 11:00:00,1,0,1.0
2023-12-08 12:00:00,1,0,1.0
2023-12-08 13:00:00,1,0,1.0
2023-12-08 14:00:00,1,0,1.0
2023-12-08 21:00:00,1,0,1.0
2023-12-08 22:00:00,1,0,1.0
2023-12-08 23:00:00,1,0,1.0
2023-12-09 00:00:00,1,0,1.0
2023-12-09 01:00:00,1,0,1.0
2023-12-09 02:00:00,1,0,1.0
2023-12-09 03:00:00,1,0,1.0
2023-12-09 04:00:00,1,0,1.0
2023-12-09 05:00:00,1,0,1.0
2023-12-09 06:00:00,1,0,1.0
2023-12-09 10:00:00,0,1,1.0
2023-12-09 11:00:00,0,1,1.0
2023-12-09 12:00:00,0,1,1.0
2023-12-09 13:00:00,0,1,1.0
2023-12-09 15:00:00,0,1,1.0
2023-12-10 09:00:00,1,0,1.0
2023-12-10 16:00:00,1,0,1.0
2023-12-10 20:00:00,0,1,1.0
2023-12-10 21:00:00,0,1,1.0
2023-12-10 22:00:00,0,1,1.0
2023-12-10 23:00:00,0,1,1.0
2023-12-11 00:00:00,0,1,1.0
2023-12-11 01:00:00,0,1,1.0
2023-12-11 18:00:00,1,0,1.0
2023-12-11 19:00:00,1,0,1.0
2023-12-11 20:00:00,1,0,1.0
2023-12-12 01:00:00,1,0,1.0
2023-12-12 02:00:00,1,0,1.0
2023-12-12 03:00:00,1,0,1.0
2023-12-12 04:00:00,1,0,1.0
2023-12-12 05:00:00,1,0,1.0
2023-12-12 06:00:00,1,0,1.0
2023-12-12 10:00:00,0,1,1.0
2023-12-12 11:00:00,0,1,1.0
2023-12-12 12:00:00,0,1,1.0
2023-12-12 13:00:00,0,1,1.0
2023-12-12 14:00:00,0,1,1.0
2023-12-12 15:00:00,0,1,1.0
2023-12-13 00:00:00,0,1,1.0
2023-12-13 06:00:00,1,0,1.0
2023-12-13 07:00:00,1,0,1.0
2023-12-13 08:00:00,1,0,1.0
2023-12-13 09:00:00,1,0,1.0
2023-12-13 10:00:00,1,0,1.0
2023-12-13 11:00:00,1,0,1.0
2023-12-13 12:00:00,1,0,1.0
2023-12-13 13:00:00,1,0,1.0
2023-12-13 16:00:00,1,0,1.0
2023-12-13 17:00:00,1,0,1.0
2023-12-13 18:00:00,1,0,1.0
2023-12-13 20:00:00,1,0,1.0
2023-12-15 08:00:00,0,1,1.0
2023-12-15 11:00:00,0,1,1.0
2023-12-15 18:00:00,0,1,1.0
2023-12-15 20:00:00,0,1,1.0
2023-12-15 21:00:00,0,1,1.0
2023-12-16 00:00:00,1,0,1.0
2023-12-17 03:00:00,0,1,1.0
2023-12-17 04:00:00,0,1,1.0
2023-12-17 17:00:00,0,1,1.0
2023-12-17 18:00:00,0,1,1.0
2023-12-17 19:00:00,0,1,1.0
2023-12-17 20:00:00,0,1,1.0
2023-12-17 21:00:00,0,1,1.0
2023-12-17 22:00:00,0,1,1.0
2023-12-17 23:00:00,0,1,1.0
2023-12-18 00:00:00,0,1,1.0
2023-12-18 04:00:00,0,1,1.0
2023-12-18 05:00:00,0,1,1.0
2023-12-18 06:00:00,0,1,1.0
2023-12-18 07:00:00,0,1,1.0
2023-12-18 10:00:00,1,0,1.0
2023-12-18 12:00:00,1,0,1.0
2023-12-18 15:00:00,1,0,1.0
2023-12-18 16:00:00,1,0,1.0
2023-12-18 17:00:00,1,0,1.0
2023-12-18 18:00:00,1,0,1.0
2023-12-18 19:00:00,1,0,1.0
2023-12-18 20:00:00,1,0,1.0
2023-12-18 22:00:00,1,0,1.0
2023-12-19 05:00:00,0,1,1.0
2023-12-19 06:00:00,0,1,1.0
2023-12-19 07:00:00,0,1,1.0
2023-12-19 08:00:00,0,1,1.0
2023-12-19 09:00:00,0,1,1.0
2023-12-19 10:00:00,0,1,1.0
2023-12-19 11:00:00,0,1,1.0
2023-12-19 12:00:00,0,1,1.0
2023-12-19 13:00:00,0,1,1.0
2023-12-19 16:00:00,0,1,1.0
2023-12-20 01:00:00,1,0,1.0
2023-12-20 12:00:00,1,0,1.0
2023-12-20 15:00:00,0,1,1.0
2023-12-20 17:00:00,0,1,1.0
2023-12-20 18:00:00,0,1,1.0
2023-12-21 05:00:00,1,0,1.0
2023-12-21 13:00:00,0,0,1.0
2023-12-21 14:00:00,1,0,1.0
2023-12-21 15:00:00,1,0,1.0
2023-12-21 16:00:00,1,0,1.0
2023-12-21 18:00:00,1,0,1.0
2023-12-21 19:00:00,1,0,1.0
2023-12-21 20:00:00,1,0,1.0
2023-12-21 21:00:00,1,0,1.0
2023-12-22 00:00:00,0,1,1.0
2023-12-22 01:00:00,0,1,1.0
2023-12-22 20:00:00,0,1,1.0
2023-12-22 21:00:00,0,1,1.0
2023-12-22 22:00:00,0,1,1.0
2023-12-22 23:00:00,0,1,1.0
2023-12-23 00:00:00,0,1,1.0
2023-12-23 17:00:00,1,0,1.0
2023-12-23 19:00:00,1,0,1.0
2023-12-23 20:00:00,1,0,1.0
2023-12-23 21:00:00,1,0,1.0
2023-12-23 22:00:00,1,0,1.0
2023-12-23 23:00:00,1,0,1.0
2023-12-24 01:00:00,0,1,1.0
2023-12-24 02:00:00,0,1,1.0
2023-12-24 04:00:00,0,1,1.0
2023-12-24 16:00:00,0,1,1.0
2023-12-24 17:00:00,0,1,1.0
2023-12-24 18:00:00,0,1,1.0
2023-12-24 19:00:00,0,1,1.0
2023-12-24 20:00:00,0,1,1.0
2023-12-25 08:00:00,1,0,1.0
2023-12-25 09:00:00,1,0,1.0
2023-12-25 10:00:00,1,0,1.0
2023-12-25 11:00:00,1,0,1.0
2023-12-25 23:00:00,0,1,1.0
2023-12-26 00:00:00,0,1,1.0
2023-12-26 01:00:00,0,1,1.0
2023-12-26 02:00:00,0,1,1.0
2023-12-26 03:00:00,0,1,1.0
2023-12-26 04:00:00,0,1,1.0
2023-12-26 06:00:00,1,0,1.0
2023-12-26 07:00:00,1,0,1.0
2023-12-26 09:00:00,1,0,1.0
2023-12-26 11:00:00,0,1,1.0
2023-12-26 12:00:00,0,1,1.0
2023-12-26 13:00:00,0,1,1.0
2023-12-26 14:00:00,0,1,1.0
2023-12-26 15:00:00,0,1,1.0
2023-12-26 16:00:00,0,1,1.0
2023-12-27 07:00:00,1,0,1.0
2023-12-27 10:00:00,1,0,1.0
2023-12-27 11:00:00,1,0,1.0
2023-12-27 12:00:00,1,0,1.0
2023-12-27 13:00:00,1,0,1.0
2023-12-27 14:00:00,1,0,1.0
2023-12-27 15:00:00,1,0,1.0
2023-12-27 18:00:00,1,0,1.0
2023-12-27 20:00:00,1,0,1.0
2023-12-27 21:00:00,1,0,1.0
2023-12-27 22:00:00,1,0,1.0
2023-12-27 23:00:00,1,0,1.0
2023-12-28 07:00:00,0,1,1.0
2023-12-28 08:00:00,0,1,1.0
2023-12-28 09:00:00,0,1,1.0
2023-12-28 10:00:00,0,1,1.0
2023-12-28 11:00:00,0,1,1.0
2023-12-29 10:00:00,0,1,1.0
2023-12-29 11:00:00,0,1,1.0
2023-12-29 12:00:00,0,1,1.0
2023-12-29 13:00:00,0,1,1.0
2023-12-29 14:00:00,0,1,1.0
2023-12-30 08:00:00,1,0,1.0
2023-12-30 09:00:00,1,0,1.0
2023-12-31 16:00:00,0,1,1.0
2023-12-31 17:00:00,0,1,1.0
2023-12-31 18:00:00,0,1,1.0
2023-12-31 19:00:00,0,1,1.0
2023-12-31 20:00:00,0,1,1.0
2023-12-31 21:00:00,0,1,1.0
2023-12-31 22:00:00,1,0,1.0
2024-01-01 13:00:00,1,0,1.0
2024-01-01 14:00:00,1,0,1.0
2024-01-01 15:00:00,1,0,1.0
2024-01-01 16:00:00,1,0,1.0
2024-01-01 17:00:00,1,0,1.0
2024-01-01 18:00:00,1,0,1.0
2024-01-01 19:00:00,1,0,1.0
2024-01-01 20:00:00,1,0,1.0
2024-01-01 21:00:00,1,0,1.0
2024-01-01 22:00:00,1,0,1.0
2024-01-01 23:00:00,1,0,1.0
2024-01-02 00:00:00,0,1,1.0
2024-01-02 08:00:00,0,1,1.0
2024-01-02 09:00:00,0,1,1.0
2024-01-02 10:00:00,0,1,1.0
2024-01-02 11:00:00,0,1,1.0
2024-01-02 16:00:00,0,1,1.0
2024-01-03 05:00:00,0,1,1.0
2024-01-03 06:00:00,0,1,1.0
2024-01-03 07:00:00,0,1,1.0
2024-01-03 08:00:00,0,1,1.0
2024-01-03 09:00:00,0,1,1.0
2024-01-03 10:00:00,0,1,1.0
2024-01-03 11:00:00,0,1,1.0
2024-01-04 11:00:00,1,0,1.0
2024-01-04 19:00:00,0,1,1.0
2024-01-04 20:00:00,0,1,1.0
2024-01-04 21:00:00,0,1,1.0
2024-01-04 22:00:00,0,1,1.0
2024-01-04 23:00:00,0,1,1.0
2024-01-05 00:00:00,0,1,1.0
2024-01-05 08:00:00,0,1,1.0
2024-01-05 09:00:00,0,1,1.0
2024-01-05 10:00:00,0,1,1.0
2024-01-05 23:00:00,0,1,1.0
2024-01-06 00:00:00,0,1,1.0
2024-01-06 01:00:00,0,1,1.0
2024-01-06 02:00:00,0,1,1.0
2024-01-06 03:00:00,0,1,1.0
2024-01-06 04:00:00,0,1,1.0
2024-01-07 13:00:00,0,1,1.0
2024-01-07 16:00:00,0,1,1.0
2024-01-07 17:00:00,0,1,1.0
2024-01-07 18:00:00,0,1,1.0
2024-01-07 19:00:00,0,1,1.0
2024-01-07 20:00:00,0,1,1.0
2024-01-07 21:00:00,0,1,1.0
2024-01-07 22:00:00,0,1,1.0
2024-01-07 23:00:00,0,1,1.0
2024-01-08 00:00:00,0,1,1.0
2024-01-08 06:00:00,1,0,1.0
2024-01-08 07:00:00,1,0,1.0
2024-01-08 08:00:00,1,0,1.0
2024-01-08 09:00:00,1,0,1.0
2024-01-08 12:00:00,1,0,1.0
2024-01-08 13:00:00,1,0,1.0
2024-01-08 14:00:00,1,0,1.0
2024-01-08 15:00:00,1,0,1.0
2024-01-08 16:00:00,1,0,1.0
2024-01-08 17:00:00,1,0,1.0
2024-01-09 04:00:00,0,1,1.0
2024-01-09 06:00:00,0,1,1.0
2024-01-09 07:00:00,0,1,1.0
2024-01-09 10:00:00,0,1,1.0
2024-01-09 11:00:00,0,1,1.0
2024-01-09 20:00:00,1,0,1.0
2024-01-10 06:00:00,0,1,1.0
2024-01-10 08:00:00,1,0,1.0
2024-01-10 09:00:00,0,1,1.0
2024-01-10 10:00:00,0,1,1.0
2024-01-10 11:00:00,0,1,1.0
2024-01-10 12:00:00,1,0,1.0
2024-01-10 13:00:00,1,0,1.0
2024-01-10 14:00:00,1,0,1.0
2024-01-10 15:00:00,1,0,1.0
2024-01-10 16:00:00,1,0,1.0
2024-01-10 17:00:00,1,0,1.0
2024-01-10 18:00:00,1,0,1.0
2024-01-10 19:00:00,1,0,1.0
2024-01-10 20:00:00,1,0,1.0
2024-01-10 21:00:00,1,0,1.0
2024-01-11 05:00:00,1,0,1.0
2024-01-11 06:00:00,1,0,1.0
2024-01-11 07:00:00,1,0,1.0
2024-01-11 08:00:00,1,0,1.0
2024-01-11 09:00:00,1,0,1.0
2024-01-11 12:00:00,0,1,1.0
2024-01-11 14:00:00,0,1,1.0
2024-01-12 10:00:00,0,1,1.0
2024-01-12 11:00:00,0,1,1.0
2024-01-12 12:00:00,0,1,1.0
2024-01-12 13:00:00,0,1,1.0
2024-01-12 14:00:00,0,1,1.0
2024-01-12 20:00:00,0,1,1.0
2024-01-13 22:00:00,0,1,1.0
2024-01-14 13:00:00,0,1,1.0
2024-01-14 14:00:00,0,1,1.0
2024-01-14 15:00:00,0,1,1.0
2024-01-14 16:00:00,0,1,1.0
2024-01-14 17:00:00,0,1,1.0
2024-01-14 18:00:00,0,1,1.0
2024-01-14 19:00:00,0,1,1.0
2024-01-14 20:00:00,0,1,1.0
2024-01-14 21:00:00,0,1,1.0
2024-01-14 23:00:00,1,0,1.0
2024-01-15 08:00:00,0,1,1.0
2024-01-15 09:00:00,0,1,1.0
2024-01-15 10:00:00,0,1,1.0
2024-01-15 11:00:00,0,1,1.0
2024-01-15 12:00:00,0,1,1.0
2024-01-15 13:00:00,0,1,1.0
2024-01-15 14:00:00,1,0,1.0
2024-01-15 15:00:00,1,0,1.0
2024-01-16 06:00:00,1,0,1.0
2024-01-16 07:00:00,1,0,1.0
2024-01-16 12:00:00,0,1,1.0
2024-01-16 14:00:00,1,0,1.0
2024-01-17 10:00:00,0,1,1.0
2024-01-17 12:00:00,0,1,1.0
2024-01-18 06:00:00,0,1,1.0
2024-01-18 07:00:00,0,1,1.0
2024-01-18 08:00:00,0,1,1.0
2024-01-18 13:00:00,0,1,1.0
2024-01-18 14:00:00,0,1,1.0
2024-01-18 15:00:00,0,1,1.0
2024-01-18 16:00:00,0,1,1.0
2024-01-18 17:00:00,0,1,1.0
2024-01-19 09:00:00,0,1,1.0
2024-01-19 10:00:00,0,1,1.0
2024-01-19 11:00:00,0,1,1.0
2024-01-19 12:00:00,0,1,1.0
2024-01-19 13:00:00,0,1,1.0
2024-01-19 14:00:00,0,1,1.0
2024-01-19 16:00:00,1,0,1.0
2024-01-19 17:00:00,1,0,1.0
2024-01-19 20:00:00,1,0,1.0
2024-01-21 10:00:00,0,1,1.0
2024-01-21 13:00:00,0,1,1.0
2024-01-21 14:00:00,0,1,1.0
2024-01-21 17:00:00,0,1,1.0
2024-01-21 18:00:00,0,1,1.0
2024-01-21 19:00:00,0,1,1.0
2024-01-21 20:00:00,0,1,1.0
2024-01-21 21:00:00,0,1,1.0
2024-01-21 22:00:00,0,1,1.0
2024-01-21 23:00:00,0,1,1.0
2024-01-22 00:00:00,0,1,1.0
2024-01-22 06:00:00,0,1,1.0
2024-01-22 13:00:00,0,1,1.0
2024-01-22 14:00:00,0,1,1.0
2024-01-22 15:00:00,0,1,1.0
2024-01-22 17:00:00,0,1,1.0
2024-01-23 02:00:00,0,1,1.0
2024-01-23 03:00:00,0,1,1.0
2024-01-23 04:00:00,0,1,1.0
2024-01-23 05:00:00,0,1,1.0
2024-01-23 06:00:00,0,1,1.0
2024-01-23 07:00:00,0,1,1.0
2024-01-23 08:00:00,0,1,1.0
2024-01-23 13:00:00,1,0,1.0
2024-01-24 04:00:00,1,0,1.0
2024-01-24 05:00:00,1,0,1.0
2024-01-25 05:00:00,1,0,1.0
2024-01-25 09:00:00,1,0,1.0
2024-01-25 11:00:00,0,1,1.0
2024-01-25 12:00:00,0,1,1.0
2024-01-25 13:00:00,0,1,1.0
2024-01-25 14:00:00,0,1,1.0
2024-01-26 04:00:00,1,0,1.0
2024-01-26 05:00:00,1,0,1.0
2024-01-26 06:00:00,1,0,1.0
2024-01-26 07:00:00,1,0,1.0
2024-01-26 08:00:00,1,0,1.0
2024-01-26 09:00:00,1,0,1.0
2024-01-26 10:00:00,1,0,1.0
2024-01-26 13:00:00,1,0,1.0
2024-01-27 02:00:00,0,1,1.0
2024-01-27 03:00:00,0,1,1.0
2024-01-27 04:00:00,0,1,1.0
2024-01-27 08:00:00,1,0,1.0
2024-01-27 21:00:00,1,0,1.0
2024-01-27 22:00:00,1,0,1.0
2024-01-27 23:00:00,1,0,1.0
2024-01-28 00:00:00,1,0,1.0
2024-01-28 01:00:00,1,0,1.0
2024-01-28 02:00:00,1,0,1.0
2024-01-28 04:00:00,0,1,1.0
2024-01-28 09:00:00,0,1,1.0
2024-01-28 10:00:00,0,1,1.0
2024-01-29 10:00:00,1,0,1.0
2024-01-29 11:00:00,1,0,1.0
2024-01-29 12:00:00,1,0,1.0
2024-01-29 13:00:00,1,0,1.0
2024-01-29 14:00:00,1,0,1.0
2024-01-29 15:00:00,1,0,1.0
2024-01-29 16:00:00,1,0,1.0
2024-01-29 17:00:00,1,0,1.0
2024-01-30 00:00:00,1,0,1.0
2024-01-30 08:00:00,0,1,1.0
2024-01-30 09:00:00,0,1,1.0
2024-01-30 10:00:00,0,1,1.0
2024-01-30 11:00:00,0,1,1.0
2024-01-30 20:00:00,0,1,1.0
2024-01-30 21:00:00,0,1,1.0
2024-01-31 04:00:00,0,1,1.0
2024-01-31 05:00:00,0,1,1.0
2024-01-31 07:00:00,0,1,1.0
2024-01-31 08:00:00,0,1,1.0
2024-01-31 11:00:00,1,0,1.0
2024-01-31 12:00:00,1,0,1.0
2024-01-31 13:00:00,1,0,1.0
2024-01-31 14:00:00,1,0,1.0
2024-01-31 15:00:00,0,0,1.0
2024-01-31 16:00:00,0,0,1.0
2024-01-31 17:00:00,0,1,1.0
2024-01-31 18:00:00,0,1,1.0
2024-01-31 19:00:00,0,1,1.0
2024-01-31 20:00:00,0,1,1.0
2024-02-01 13:00:00,1,0,1.0
2024-02-01 15:00:00,1,0,1.0
2024-02-01 16:00:00,1,0,1.0
2024-02-01 17:00:00,1,0,1.0
2024-02-01 18:00:00,1,0,1.0
2024-02-01 19:00:00,1,0,1.0
2024-02-02 03:00:00,1,0,1.0
2024-02-02 04:00:00,1,0,1.0
2024-02-02 05:00:00,1,0,1.0
2024-02-02 06:00:00,1,0,1.0
2024-02-02 07:00:00,1,0,1.0
2024-02-02 10:00:00,0,1,1.0
2024-02-02 11:00:00,0,1,1.0
2024-02-02 20:00:00,1,0,1.0
2024-02-03 03:00:00,1,0,1.0
2024-02-03 09:00:00,0,1,1.0
2024-02-04 00:00:00,0,1,1.0
2024-02-04 01:00:00,0,1,1.0
2024-02-04 02:00:00,0,1,1.0
2024-02-04 03:00:00,0,1,1.0
2024-02-04 12:00:00,0,1,1.0
2024-02-04 13:00:00,0,1,1.0
2024-02-04 14:00:00,0,1,1.0
2024-02-04 16:00:00,0,1,1.0
2024-02-04 17:00:00,0,1,1.0
2024-02-04 18:00:00,0,1,1.0
2024-02-04 19:00:00,0,1,1.0
2024-02-04 20:00:00,0,1,1.0
2024-02-04 21:00:00,0,1,1.0
2024-02-05 01:00:00,1,0,1.0
2024-02-05 02:00:00,1,0,1.0
2024-02-05 10:00:00,0,1,1.0
2024-02-05 11:00:00,0,1,1.0
2024-02-05 12:00:00,0,1,1.0
2024-02-05 13:00:00,0,1,1.0
2024-02-05 14:00:00,0,1,1.0
2024-02-06 13:00:00,1,0,1.0
2024-02-06 14:00:00,1,0,1.0
2024-02-06 21:00:00,0,1,1.0
2024-02-06 22:00:00,0,1,1.0
2024-02-06 23:00:00,0,1,1.0
2024-02-07 00:00:00,0,1,1.0
2024-02-07 01:00:00,0,1,1.0
2024-02-07 02:00:00,0,1,1.0
2024-02-07 03:00:00,0,1,1.0
2024-02-07 05:00:00,0,1,1.0
2024-02-07 06:00:00,0,1,1.0
2024-02-07 11:00:00,1,0,1.0
2024-02-07 12:00:00,1,0,1.0
2024-02-07 13:00:00,1,0,1.0
2024-02-07 14:00:00,1,0,1.0
2024-02-07 15:00:00,1,0,1.0
2024-02-07 16:00:00,1,0,1.0
2024-02-07 17:00:00,1,0,1.0
2024-02-07 18:00:00,1,0,1.0
2024-02-07 19:00:00,1,0,1.0
2024-02-07 20:00:00,1,0,1.0
2024-02-07 21:00:00,1,0,1.0
2024-02-07 22:00:00,1,0,1.0
2024-02-07 23:00:00,1,0,1.0
2024-02-08 01:00:00,1,0,1.0
2024-02-08 02:00:00,1,0,1.0
2024-02-08 03:00:00,1,0,1.0
2024-02-08 04:00:00,1,0,1.0
2024-02-08 05:00:00,1,0,1.0
2024-02-08 06:00:00,1,0,1.0
2024-02-08 22:00:00,1,0,1.0
2024-02-10 10:00:00,1,0,1.0
2024-02-10 12:00:00,1,0,1.0
2024-02-10 14:00:00,1,0,1.0
2024-02-10 15:00:00,1,0,1.0
2024-02-10 16:00:00,1,0,1.0
2024-02-10 17:00:00,1,0,1.0
2024-02-10 18:00:00,1,0,1.0
2024-02-10 19:00:00,1,0,1.0
2024-02-10 20:00:00,1,0,1.0
2024-02-10 23:00:00,1,0,1.0
2024-02-11 06:00:00,0,1,1.0
2024-02-11 14:00:00,0,1,1.0
2024-02-12 00:00:00,0,1,1.0
2024-02-12 01:00:00,0,1,1.0
2024-02-12 09:00:00,1,0,1.0
2024-02-12 10:00:00,1,0,1.0
2024-02-12 11:00:00,1,0,1.0
2024-02-12 12:00:00,1,0,1.0
2024-02-12 13:00:00,1,0,1.0
2024-02-12 14:00:00,1,0,1.0
2024-02-13 00:00:00,0,1,1.0
2024-02-13 07:00:00,0,1,1.0
2024-02-13 08:00:00,0,1,1.0
2024-02-13 09:00:00,0,1,1.0
2024-02-13 10:00:00,0,1,1.0
2024-02-13 11:00:00,0,1,1.0
2024-02-13 12:00:00,0,1,1.0
2024-02-14 02:00:00,1,0,1.0
2024-02-14 03:00:00,1,0,1.0
2024-02-14 04:00:00,1,0,1.0
2024-02-14 05:00:00,1,0,1.0
2024-02-14 06:00:00,1,0,1.0
2024-02-14 07:00:00,1,0,1.0
2024-02-14 08:00:00,1,0,1.0
2024-02-14 09:00:00,1,0,1.0
2024-02-15 05:00:00,1,0,1.0
2024-02-15 06:00:00,1,0,1.0
2024-02-15 07:00:00,1,0,1.0
2024-02-15 08:00:00,1,0,1.0
2024-02-15 09:00:00,1,0,1.0
2024-02-15 10:00:00,1,0,1.0
2024-02-15 11:00:00,1,0,1.0
2024-02-15 12:00:00,1,0,1.0
2024-02-16 08:00:00,1,0,1.0
2024-02-16 09:00:00,1,0,1.0
2024-02-16 11:00:00,0,0,1.0
2024-02-16 12:00:00,0,1,1.0
2024-02-16 13:00:00,0,1,1.0
2024-02-17 07:00:00,0,1,1.0
2024-02-17 08:00:00,0,1,1.0
2024-02-17 09:00:00,0,1,1.0
2024-02-17 10:00:00,0,1,1.0
2024-02-17 11:00:00,0,1,1.0
2024-02-17 12:00:00,0,1,1.0
2024-02-17 14:00:00,1,0,1.0
2024-02-17 15:00:00,1,0,1.0
2024-02-17 16:00:00,1,0,1.0
2024-02-17 17:00:00,1,0,1.0
2024-02-17 18:00:00,1,0,1.0
2024-02-17 19:00:00,1,0,1.0
2024-02-17 20:00:00,1,0,1.0
2024-02-17 21:00:00,1,0,1.0
2024-02-17 22:00:00,1,0,1.0
2024-02-17 23:00:00,1,0,1.0
2024-02-18 11:00:00,0,1,1.0
2024-02-19 03:00:00,1,0,1.0
2024-02-19 04:00:00,1,0,1.0
2024-02-19 10:00:00,0,1,1.0
2024-02-19 16:00:00,1,0,1.0
2024-02-20 09:00:00,0,0,1.0
2024-02-20 10:00:00,0,1,1.0
2024-02-20 11:00:00,0,1,1.0
2024-02-20 13:00:00,0,1,1.0
2024-02-21 03:00:00,0,1,1.0
2024-02-21 05:00:00,0,1,1.0
2024-02-21 17:00:00,1,0,1.0
2024-02-21 18:00:00,1,0,1.0
2024-02-21 23:00:00,0,1,1.0
2024-02-22 01:00:00,1,0,1.0
2024-02-22 02:00:00,1,0,1.0
2024-02-22 03:00:00,1,0,1.0
2024-02-22 04:00:00,1,0,1.0
2024-02-22 05:00:00,1,0,1.0
2024-02-22 08:00:00,0,1,1.0
2024-02-22 09:00:00,0,1,1.0
2024-02-22 20:00:00,0,1,1.0
2024-02-23 15:00:00,1,0,1.0
2024-02-23 16:00:00,1,0,1.0
2024-02-23 19:00:00,0,1,1.0
2024-02-23 20:00:00,0,1,1.0
2024-02-23 21:00:00,0,1,1.0
2024-02-25 16:00:00,1,0,1.0
2024-02-25 22:00:00,0,1,1.0
2024-02-25 23:00:00,0,1,1.0
2024-02-26 02:00:00,1,0,1.0
2024-02-26 03:00:00,0,1,1.0
2024-02-26 05:00:00,0,1,1.0
2024-02-26 06:00:00,0,1,1.0
2024-02-26 07:00:00,0,1,1.0
2024-02-26 09:00:00,1,0,1.0
2024-02-26 10:00:00,1,0,1.0
2024-02-26 11:00:00,1,0,1.0
2024-02-26 12:00:00,1,0,1.0
2024-02-26 13:00:00,1,0,1.0
2024-02-26 14:00:00,1,0,1.0
2024-02-26 15:00:00,1,0,1.0
2024-02-27 07:00:00,1,0,1.0
2024-02-27 13:00:00,0,1,1.0
2024-02-27 17:00:00,1,0,1.0
2024-02-28 02:00:00,1,0,1.0
2024-02-28 03:00:00,1,0,1.0
2024-02-28 04:00:00,1,0,1.0
2024-02-28 05:00:00,1,0,1.0
2024-02-28 06:00:00,1,0,1.0
2024-02-28 07:00:00,1,0,1.0
2024-02-28 08:00:00,0,1,1.0
2024-02-28 09:00:00,0,1,1.0
2024-02-28 11:00:00,1,0,1.0
2024-02-28 12:00:00,1,0,1.0
2024-02-28 16:00:00,0,1,1.0
2024-02-28 23:00:00,1,0,1.0
2024-02-29 00:00:00,1,0,1.0
2024-02-29 01:00:00,1,0,1.0
2024-02-29 02:00:00,1,0,1.0
2024-02-29 03:00:00,1,0,1.0
2024-02-29 04:00:00,1,0,1.0
2024-02-29 05:00:00,1,0,1.0
2024-02-29 13:00:00,0,1,1.0
2024-02-29 14:00:00,0,1,1.0
2024-02-29 15:00:00,0,1,1.0
2024-02-29 16:00:00,0,1,1.0
2024-03-01 07:00:00,1,0,1.0
2024-03-01 16:00:00,1,0,1.0
2024-03-01 17:00:00,1,0,1.0
2024-03-01 18:00:00,1,0,1.0
2024-03-01 19:00:00,1,0,1.0
2024-03-01 20:00:00,1,0,1.0
2024-03-01 21:00:00,1,0,1.0
2024-03-01 22:00:00,1,0,1.0
2024-03-01 23:00:00,1,0,1.0
2024-03-02 02:00:00,0,1,1.0
2024-03-02 03:00:00,0,1,1.0
2024-03-02 04:00:00,0,1,1.0
2024-03-03 01:00:00,0,1,1.0
2024-03-03 02:00:00,0,1,1.0
2024-03-03 03:00:00,0,1,1.0
2024-03-03 04:00:00,0,1,1.0
2024-03-03 20:00:00,1,0,1.0
2024-03-03 21:00:00,1,0,1.0
2024-03-03 22:00:00,1,0,1.0
2024-03-03 23:00:00,1,0,1.0
2024-03-04 00:00:00,1,0,1.0
2024-03-04 01:00:00,1,0,1.0
2024-03-04 02:00:00,1,0,1.0
2024-03-04 03:00:00,1,0,1.0
2024-03-04 04:00:00,1,0,1.0
2024-03-04 05:00:00,1,0,1.0
2024-03-05 10:00:00,0,1,1.0
2024-03-05 11:00:00,0,1,1.0
2024-03-05 12:00:00,0,1,1.0
2024-03-05 13:00:00,0,1,1.0
2024-03-05 14:00:00,0,1,1.0
2024-03-05 15:00:00,0,1,1.0
2024-03-05 16:00:00,0,1,1.0
2024-03-05 17:00:00,0,1,1.0
2024-03-05 18:00:00,0,1,1.0
2024-03-05 19:00:00,1,0,1.0
2024-03-06 01:00:00,1,0,1.0
2024-03-06 02:00:00,1,0,1.0
2024-03-06 03:00:00,1,0,1.0
2024-03-07 00:00:00,0,1,1.0033333333333334
2024-03-07 01:00:00,0,1,1.0033333333333334
2024-03-08 09:00:00,0,1,1.0066666666666666
2024-03-08 10:00:00,0,1,1.0066666666666666
2024-03-08 11:00:00,0,1,1.0066666666666666
2024-03-08 12:00:00,0,1,1.0066666666666666
2024-03-08 13:00:00,0,1,1.0066666666666666
2024-03-08 14:00:00,0,1,1.0066666666666666
2024-03-10 07:00:00,0,1,1.0133333333333332
2024-03-10 08:00:00,0,1,1.0133333333333332
2024-03-10 09:00:00,0,1,1.0133333333333332
2024-03-10 10:00:00,0,1,1.0133333333333332
2024-03-10 11:00:00,0,1,1.0133333333333332
2024-03-10 16:00:00,0,1,1.0133333333333332
2024-03-10 19:00:00,0,1,1.0133333333333332
2024-03-10 20:00:00,0,1,1.0133333333333332
2024-03-11 01:00:00,1,0,1.0166666666666666
2024-03-11 02:00:00,1,0,1.0166666666666666
2024-03-11 03:00:00,1,0,1.0166666666666666
2024-03-11 04:00:00,1,0,1.0166666666666666
2024-03-11 05:00:00,1,0,1.0166666666666666
2024-03-11 06:00:00,1,0,1.0166666666666666
2024-03-11 11:00:00,1,0,1.0166666666666666
2024-03-11 12:00:00,1,0,1.0166666666666666
2024-03-11 13:00:00,1,0,1.0166666666666666
2024-03-11 14:00:00,1,0,1.0166666666666666
2024-03-11 15:00:00,1,0,1.0166666666666666
2024-03-11 16:00:00,1,0,1.0166666666666666
2024-03-11 21:00:00,0,1,1.0166666666666666
2024-03-11 22:00:00,0,1,1.0166666666666666
2024-03-12 02:00:00,0,1,1.02
2024-03-12 12:00:00,0,1,1.02
2024-03-13 07:00:00,0,1,1.0233333333333332
2024-03-13 08:00:00,0,1,1.0233333333333332
2024-03-13 09:00:00,0,1,1.0233333333333332
2024-03-13 10:00:00,0,1,1.0233333333333332
2024-03-13 11:00:00,0,1,1.0233333333333332
2024-03-13 12:00:00,0,1,1.0233333333333332
2024-03-14 01:00:00,1,0,1.0266666666666668
2024-03-14 02:00:00,1,0,1.0266666666666668
2024-03-14 03:00:00,1,0,1.0266666666666668
2024-03-14 04:00:00,1,0,1.0266666666666668
2024-03-14 05:00:00,1,0,1.0266666666666668
2024-03-14 06:00:00,1,0,1.0266666666666668
2024-03-14 08:00:00,0,1,1.0266666666666668
2024-03-14 09:00:00,0,1,1.0266666666666668
2024-03-14 10:00:00,0,1,1.0266666666666668
2024-03-14 11:00:00,0,1,1.0266666666666668
2024-03-14 12:00:00,0,1,1.0266666666666668
2024-03-14 13:00:00,0,1,1.0266666666666668
2024-03-14 14:00:00,0,1,1.0266666666666668
2024-03-14 22:00:00,0,1,1.0266666666666668
2024-03-14 23:00:00,0,1,1.0266666666666668
2024-03-15 00:00:00,0,1,1.03
2024-03-15 01:00:00,0,1,1.03
2024-03-15 02:00:00,0,1,1.03
2024-03-15 06:00:00,0,1,1.03
2024-03-15 18:00:00,0,1,1.03
2024-03-16 07:00:00,0,1,1.0333333333333332
2024-03-16 08:00:00,0,1,1.0333333333333332
2024-03-16 09:00:00,0,1,1.0333333333333332
2024-03-16 10:00:00,0,1,1.0333333333333332
2024-03-16 11:00:00,0,1,1.0333333333333332
2024-03-16 12:00:00,0,1,1.0333333333333332
2024-03-16 13:00:00,0,1,1.0333333333333332
2024-03-16 14:00:00,0,1,1.0333333333333332
2024-03-16 15:00:00,0,1,1.0333333333333332
2024-03-16 16:00:00,0,1,1.0333333333333332
2024-03-16 17:00:00,0,1,1.0333333333333332
2024-03-17 03:00:00,0,1,1.0366666666666666
2024-03-17 06:00:00,1,0,1.0366666666666666
2024-03-17 07:00:00,1,0,1.0366666666666666
2024-03-18 00:00:00,1,0,1.04
2024-03-18 01:00:00,1,0,1.04
2024-03-18 02:00:00,1,0,1.04
2024-03-18 03:00:00,1,0,1.04
2024-03-18 07:00:00,0,1,1.04
2024-03-18 08:00:00,0,1,1.04
2024-03-18 10:00:00,0,1,1.04
2024-03-18 11:00:00,0,1,1.04
2024-03-18 12:00:00,0,1,1.04
2024-03-18 20:00:00,0,1,1.04
2024-03-18 21:00:00,0,1,1.04
2024-03-18 22:00:00,0,1,1.04
2024-03-18 23:00:00,0,1,1.04
2024-03-19 00:00:00,0,1,1.0433333333333334
2024-03-19 02:00:00,0,1,1.0433333333333334
2024-03-19 03:00:00,0,1,1.0433333333333334
2024-03-19 16:00:00,0,1,1.0433333333333334
2024-03-19 17:00:00,0,1,1.0433333333333334
2024-03-20 05:00:00,1,0,1.0466666666666666
2024-03-20 15:00:00,1,0,1.0466666666666666
2024-03-20 16:00:00,1,0,1.0466666666666666
2024-03-20 17:00:00,1,0,1.0466666666666666
2024-03-21 16:00:00,0,1,1.0499999999999998
2024-03-22 05:00:00,0,1,1.0533333333333332
2024-03-22 06:00:00,0,1,1.0533333333333332
2024-03-22 07:00:00,0,1,1.0533333333333332
2024-03-22 08:00:00,0,1,1.0533333333333332
2024-03-22 09:00:00,0,1,1.0533333333333332
2024-03-22 10:00:00,0,1,1.0533333333333332
2024-03-22 12:00:00,0,1,1.0533333333333332
2024-03-23 23:00:00,1,0,1.0566666666666666
2024-03-24 03:00:00,1,0,1.06
2024-03-24 16:00:00,1,0,1.06
2024-03-24 17:00:00,1,0,1.06
2024-03-24 18:00:00,1,0,1.06
2024-03-24 19:00:00,1,0,1.06
2024-03-25 00:00:00,1,0,1.0633333333333332
2024-03-25 01:00:00,1,0,1.0633333333333332
2024-03-25 08:00:00,1,0,1.0633333333333332
2024-03-25 09:00:00,1,0,1.0633333333333332
2024-03-25 10:00:00,1,0,1.0633333333333332
2024-03-25 11:00:00,1,0,1.0633333333333332
2024-03-25 12:00:00,1,0,1.0633333333333332
2024-03-25 13:00:00,1,0,1.0633333333333332
2024-03-25 23:00:00,1,0,1.0633333333333332
2024-03-26 00:00:00,1,0,1.0666666666666664
2024-03-26 05:00:00,1,0,1.0666666666666664
2024-03-26 09:00:00,0,1,1.0666666666666664
2024-03-26 10:00:00,0,1,1.0666666666666664
2024-03-26 11:00:00,0,1,1.0666666666666664
2024-03-26 12:00:00,0,1,1.0666666666666664
2024-03-27 01:00:00,0,1,1.0699999999999998
2024-03-27 02:00:00,0,1,1.0699999999999998
2024-03-27 03:00:00,0,1,1.0699999999999998
2024-03-27 04:00:00,0,1,1.0699999999999998
2024-03-27 05:00:00,0,1,1.0699999999999998
2024-03-27 06:00:00,0,1,1.0699999999999998
2024-03-27 08:00:00,1,0,1.0699999999999998
2024-03-27 09:00:00,0,1,1.0699999999999998
2024-03-27 10:00:00,0,1,1.0699999999999998
2024-03-27 11:00:00,0,1,1.0699999999999998
2024-03-27 12:00:00,0,1,1.0699999999999998
2024-03-27 13:00:00,0,1,1.0699999999999998
2024-03-27 15:00:00,1,0,1.0699999999999998
2024-03-29 01:00:00,0,1,1.0766666666666667
2024-03-29 03:00:00,0,1,1.0766666666666667
2024-03-29 04:00:00,0,1,1.0766666666666667
2024-03-29 05:00:00,0,0,1.0766666666666667
2024-03-29 07:00:00,1,0,1.0766666666666667
2024-03-29 08:00:00,1,0,1.0766666666666667
2024-03-29 09:00:00,1,0,1.0766666666666667
2024-03-29 10:00:00,1,0,1.0766666666666667
2024-03-29 14:00:00,0,1,1.0766666666666667
2024-03-29 18:00:00,1,0,1.0766666666666667
2024-03-29 19:00:00,1,0,1.0766666666666667
2024-03-29 20:00:00,1,0,1.0766666666666667
2024-03-29 21:00:00,1,0,1.0766666666666667
2024-03-30 23:00:00,1,0,1.08
2024-03-31 00:00:00,1,0,1.0833333333333335
2024-03-31 23:00:00,0,1,1.0833333333333335
2024-04-01 00:00:00,0,1,1.0866666666666667
2024-04-01 01:00:00,0,1,1.0866666666666667
2024-04-01 02:00:00,0,1,1.0866666666666667
2024-04-01 03:00:00,0,1,1.0866666666666667
2024-04-01 04:00:00,0,1,1.0866666666666667
2024-04-01 05:00:00,1,0,1.0866666666666667
2024-04-01 08:00:00,0,1,1.0866666666666667
2024-04-01 09:00:00,0,1,1.0866666666666667
2024-04-01 10:00:00,0,1,1.0866666666666667
2024-04-01 11:00:00,0,1,1.0866666666666667
2024-04-01 12:00:00,0,1,1.0866666666666667
2024-04-01 13:00:00,0,1,1.0866666666666667
2024-04-01 20:00:00,0,1,1.0866666666666667
2024-04-01 21:00:00,0,1,1.0866666666666667
2024-04-01 22:00:00,0,1,1.0866666666666667
2024-04-01 23:00:00,0,1,1.0866666666666667
2024-04-02 00:00:00,0,1,1.0899999999999999
2024-04-02 01:00:00,0,1,1.0899999999999999
2024-04-02 06:00:00,0,1,1.0899999999999999
2024-04-02 07:00:00,0,1,1.0899999999999999
2024-04-03 14:00:00,0,1,1.0933333333333333
2024-04-04 03:00:00,1,0,1.0966666666666667
2024-04-04 04:00:00,1,0,1.0966666666666667
2024-04-04 06:00:00,1,0,1.0966666666666667
2024-04-04 11:00:00,1,0,1.0966666666666667
2024-04-04 16:00:00,0,1,1.0966666666666667
2024-04-04 17:00:00,0,1,1.0966666666666667
2024-04-04 23:00:00,0,1,1.0966666666666667
2024-04-05 00:00:00,0,1,1.1
2024-04-05 11:00:00,1,0,1.1
2024-04-06 13:00:00,1,0,1.1033333333333333
2024-04-06 19:00:00,1,0,1.1033333333333333
2024-04-06 21:00:00,1,0,1.1033333333333333
2024-04-07 13:00:00,0,1,1.1066666666666665
2024-04-07 14:00:00,0,1,1.1066666666666665
2024-04-07 16:00:00,0,1,1.1066666666666665
2024-04-08 01:00:00,1,0,1.1099999999999999
2024-04-08 02:00:00,1,0,1.1099999999999999
2024-04-08 03:00:00,1,0,1.1099999999999999
2024-04-08 04:00:00,1,0,1.1099999999999999
2024-04-08 05:00:00,1,0,1.1099999999999999
2024-04-08 06:00:00,1,0,1.1099999999999999
2024-04-08 07:00:00,1,0,1.1099999999999999
2024-04-09 02:00:00,0,1,1.1133333333333333
2024-04-09 05:00:00,0,1,1.1133333333333333
2024-04-09 06:00:00,1,0,1.1133333333333333
2024-04-09 07:00:00,1,0,1.1133333333333333
2024-04-09 08:00:00,1,0,1.1133333333333333
2024-04-09 09:00:00,1,0,1.1133333333333333
2024-04-09 10:00:00,1,0,1.1133333333333333
2024-04-09 12:00:00,0,1,1.1133333333333333
2024-04-09 20:00:00,0,1,1.1133333333333333
2024-04-09 21:00:00,0,1,1.1133333333333333
2024-04-09 22:00:00,0,1,1.1133333333333333
2024-04-10 06:00:00,0,1,1.1166666666666667
2024-04-10 07:00:00,0,1,1.1166666666666667
2024-04-10 08:00:00,0,1,1.1166666666666667
2024-04-10 09:00:00,0,1,1.1166666666666667
2024-04-11 07:00:00,0,1,1.1199999999999999
2024-04-11 08:00:00,0,1,1.1199999999999999
2024-04-11 09:00:00,0,1,1.1199999999999999
2024-04-12 03:00:00,0,1,1.123333333333333
2024-04-12 04:00:00,0,1,1.123333333333333
2024-04-12 06:00:00,0,1,1.123333333333333
2024-04-12 07:00:00,0,1,1.123333333333333
2024-04-12 08:00:00,0,1,1.123333333333333
2024-04-12 09:00:00,0,1,1.123333333333333
2024-04-12 10:00:00,0,1,1.123333333333333
2024-04-12 11:00:00,0,1,1.123333333333333
2024-04-12 12:00:00,0,1,1.123333333333333
2024-04-12 13:00:00,0,1,1.123333333333333
2024-04-12 14:00:00,0,1,1.123333333333333
2024-04-12 15:00:00,0,1,1.123333333333333
2024-04-12 16:00:00,0,1,1.123333333333333
2024-04-12 17:00:00,0,1,1.123333333333333
2024-04-12 18:00:00,1,0,1.123333333333333
2024-04-13 10:00:00,0,1,1.1266666666666667
2024-04-13 11:00:00,0,1,1.1266666666666667
2024-04-13 12:00:00,0,1,1.1266666666666667
2024-04-13 13:00:00,0,1,1.1266666666666667
2024-04-13 14:00:00,0,1,1.1266666666666667
2024-04-13 15:00:00,0,1,1.1266666666666667
2024-04-13 16:00:00,0,1,1.1266666666666667
2024-04-13 17:00:00,0,1,1.1266666666666667
2024-04-13 18:00:00,0,1,1.1266666666666667
2024-04-13 19:00:00,0,1,1.1266666666666667
2024-04-13 20:00:00,1,0,1.1266666666666667
2024-04-14 17:00:00,1,0,1.13
2024-04-14 19:00:00,1,0,1.13
2024-04-14 20:00:00,1,0,1.13
2024-04-14 21:00:00,1,0,1.13
2024-04-15 00:00:00,1,0,1.1333333333333333
2024-04-15 01:00:00,1,0,1.1333333333333333
2024-04-15 02:00:00,1,0,1.1333333333333333
2024-04-15 03:00:00,1,0,1.1333333333333333
2024-04-15 04:00:00,1,0,1.1333333333333333
2024-04-15 05:00:00,1,0,1.1333333333333333
2024-04-15 08:00:00,0,1,1.1333333333333333
2024-04-15 09:00:00,0,1,1.1333333333333333
2024-04-15 10:00:00,0,1,1.1333333333333333
2024-04-15 11:00:00,0,1,1.1333333333333333
2024-04-15 12:00:00,0,1,1.1333333333333333
2024-04-15 13:00:00,0,1,1.1333333333333333
2024-04-15 14:00:00,0,1,1.1333333333333333
2024-04-15 15:00:00,0,1,1.1333333333333333
2024-04-16 08:00:00,0,1,1.1366666666666667
2024-04-16 09:00:00,0,1,1.1366666666666667
2024-04-16 10:00:00,0,1,1.1366666666666667
2024-04-16 11:00:00,0,1,1.1366666666666667
2024-04-17 08:00:00,0,1,1.1400000000000001
2024-04-17 09:00:00,0,1,1.1400000000000001
2024-04-17 10:00:00,0,1,1.1400000000000001
2024-04-17 11:00:00,0,1,1.1400000000000001
2024-04-17 12:00:00,0,1,1.1400000000000001
2024-04-17 13:00:00,0,1,1.1400000000000001
2024-04-17 15:00:00,1,0,1.1400000000000001
2024-04-17 16:00:00,1,0,1.1400000000000001
2024-04-18 08:00:00,1,0,1.1433333333333333
2024-04-18 19:00:00,0,1,1.1433333333333333
2024-04-18 20:00:00,0,1,1.1433333333333333
2024-04-18 21:00:00,0,1,1.1433333333333333
2024-04-18 22:00:00,0,1,1.1433333333333333
2024-04-18 23:00:00,0,1,1.1433333333333333
2024-04-19 00:00:00,0,1,1.1466666666666665
2024-04-19 01:00:00,1,0,1.1466666666666665
2024-04-19 02:00:00,1,0,1.1466666666666665
2024-04-19 03:00:00,1,0,1.1466666666666665
2024-04-19 04:00:00,1,0,1.1466666666666665
2024-04-19 05:00:00,1,0,1.1466666666666665
2024-04-19 23:00:00,1,0,1.1466666666666665
2024-04-20 00:00:00,1,0,1.15
2024-04-20 01:00:00,1,0,1.15
2024-04-20 02:00:00,1,0,1.15
2024-04-20 03:00:00,1,0,1.15
2024-04-20 04:00:00,1,0,1.15
2024-04-20 06:00:00,0,1,1.15
2024-04-20 07:00:00,0,1,1.15
2024-04-20 11:00:00,1,0,1.15
2024-04-20 12:00:00,1,0,1.15
2024-04-20 13:00:00,1,0,1.15
2024-04-20 14:00:00,1,0,1.15
2024-04-20 15:00:00,1,0,1.15
2024-04-20 16:00:00,1,0,1.15
2024-04-21 11:00:00,0,1,1.1533333333333333
2024-04-21 23:00:00,1,0,1.1533333333333333
2024-04-22 00:00:00,1,0,1.1566666666666667
2024-04-22 01:00:00,1,0,1.1566666666666667
2024-04-22 02:00:00,1,0,1.1566666666666667
2024-04-22 22:00:00,0,1,1.1566666666666667
2024-04-23 00:00:00,0,1,1.16
2024-04-23 09:00:00,0,1,1.16
2024-04-23 10:00:00,0,1,1.16
2024-04-24 04:00:00,0,1,1.163333333333333
2024-04-24 05:00:00,0,1,1.163333333333333
2024-04-24 06:00:00,0,1,1.163333333333333
2024-04-24 07:00:00,0,1,1.163333333333333
2024-04-24 08:00:00,0,1,1.163333333333333
2024-04-24 09:00:00,0,1,1.163333333333333
2024-04-24 10:00:00,0,1,1.163333333333333
2024-04-24 11:00:00,0,1,1.163333333333333
2024-04-24 12:00:00,0,1,1.163333333333333
2024-04-24 13:00:00,0,1,1.163333333333333
2024-04-25 06:00:00,0,1,1.1666666666666665
2024-04-26 00:00:00,1,0,1.17
2024-04-26 05:00:00,0,1,1.17
2024-04-26 19:00:00,0,1,1.17
2024-04-26 20:00:00,0,1,1.17
2024-04-26 21:00:00,0,1,1.17
2024-04-26 23:00:00,0,1,1.17
2024-04-27 11:00:00,1,0,1.1733333333333333
2024-04-27 15:00:00,1,0,1.1733333333333333
2024-04-27 16:00:00,1,0,1.1733333333333333
2024-04-27 20:00:00,1,0,1.1733333333333333
2024-04-27 21:00:00,1,0,1.1733333333333333
2024-04-27 22:00:00,1,0,1.1733333333333333
2024-04-28 06:00:00,0,1,1.1766666666666667
2024-04-28 07:00:00,0,1,1.1766666666666667
2024-04-28 17:00:00,0,1,1.1766666666666667
2024-04-28 18:00:00,0,1,1.1766666666666667
2024-04-28 19:00:00,0,1,1.1766666666666667
2024-04-28 20:00:00,0,1,1.1766666666666667
2024-04-28 21:00:00,0,1,1.1766666666666667
2024-04-28 22:00:00,0,1,1.1766666666666667
2024-04-28 23:00:00,0,1,1.1766666666666667
2024-04-29 00:00:00,0,1,1.1800000000000002
2024-04-29 01:00:00,0,1,1.1800000000000002
2024-04-29 21:00:00,1,0,1.1800000000000002
2024-04-30 02:00:00,0,1,1.1833333333333333
2024-04-30 03:00:00,0,1,1.1833333333333333
2024-04-30 04:00:00,0,1,1.1833333333333333
2024-04-30 05:00:00,0,1,1.1833333333333333
2024-04-30 06:00:00,0,1,1.1833333333333333
2024-04-30 07:00:00,0,1,1.1833333333333333
2024-04-30 08:00:00,0,1,1.1833333333333333
2024-04-30 09:00:00,0,1,1.1833333333333333
2024-05-01 01:00:00,0,1,1.1866666666666665
2024-05-01 02:00:00,0,1,1.1866666666666665
2024-05-01 03:00:00,0,1,1.1866666666666665
2024-05-01 04:00:00,0,1,1.1866666666666665
2024-05-01 05:00:00,0,1,1.1866666666666665
2024-05-01 06:00:00,0,1,1.1866666666666665
2024-05-01 07:00:00,1,0,1.1866666666666665
2024-05-01 08:00:00,1,0,1.1866666666666665
2024-05-01 13:00:00,1,0,1.1866666666666665
2024-05-01 14:00:00,1,0,1.1866666666666665
2024-05-01 15:00:00,1,0,1.1866666666666665
2024-05-01 16:00:00,1,0,1.1866666666666665
2024-05-01 17:00:00,1,0,1.1866666666666665
2024-05-03 02:00:00,0,1,1.1933333333333334
2024-05-03 03:00:00,0,1,1.1933333333333334
2024-05-03 04:00:00,0,1,1.1933333333333334
2024-05-03 07:00:00,1,0,1.1933333333333334
2024-05-03 08:00:00,1,0,1.1933333333333334
2024-05-03 09:00:00,1,0,1.1933333333333334
2024-05-03 10:00:00,1,0,1.1933333333333334
2024-05-03 11:00:00,1,0,1.1933333333333334
2024-05-03 12:00:00,1,0,1.1933333333333334
2024-05-04 06:00:00,1,0,1.1966666666666668
2024-05-04 07:00:00,1,0,1.1966666666666668
2024-05-04 08:00:00,1,0,1.1966666666666668
2024-05-04 09:00:00,1,0,1.1966666666666668
2024-05-04 10:00:00,0,1,1.1966666666666668
2024-05-04 18:00:00,0,1,1.1966666666666668
2024-05-04 19:00:00,0,1,1.1966666666666668
2024-05-04 20:00:00,0,1,1.1966666666666668
2024-05-04 21:00:00,0,1,1.1966666666666668
2024-05-04 22:00:00,0,1,1.1966666666666668
2024-05-04 23:00:00,0,1,1.1966666666666668
2024-05-05 12:00:00,1,0,1.2
2024-05-06 01:00:00,1,0,1.2033333333333331
2024-05-06 02:00:00,1,0,1.2033333333333331
2024-05-06 03:00:00,1,0,1.2033333333333331
2024-05-06 04:00:00,1,0,1.2033333333333331
2024-05-06 05:00:00,1,0,1.2033333333333331
2024-05-06 07:00:00,0,1,1.2033333333333331
2024-05-06 08:00:00,0,1,1.2033333333333331
2024-05-06 09:00:00,0,1,1.2033333333333331
2024-05-06 11:00:00,0,1,1.2033333333333331
2024-05-07 17:00:00,0,1,1.2066666666666666
2024-05-07 18:00:00,0,1,1.2066666666666666
2024-05-08 08:00:00,1,0,1.21
2024-05-08 09:00:00,1,0,1.21
2024-05-08 10:00:00,1,0,1.21
2024-05-08 11:00:00,1,0,1.21
2024-05-08 12:00:00,1,0,1.21
2024-05-08 13:00:00,1,0,1.21
2024-05-10 08:00:00,0,1,1.2166666666666668
2024-05-10 09:00:00,0,1,1.2166666666666668
2024-05-10 10:00:00,0,1,1.2166666666666668
2024-05-10 11:00:00,0,1,1.2166666666666668
2024-05-10 12:00:00,0,1,1.2166666666666668
2024-05-10 13:00:00,0,1,1.2166666666666668
2024-05-11 07:00:00,0,1,1.22
2024-05-12 13:00:00,0,1,1.2233333333333332
2024-05-12 14:00:00,0,1,1.2233333333333332
2024-05-12 15:00:00,0,1,1.2233333333333332
2024-05-12 20:00:00,0,1,1.2233333333333332
2024-05-12 21:00:00,0,1,1.2233333333333332
2024-05-12 22:00:00,0,1,1.2233333333333332
2024-05-12 23:00:00,0,1,1.2233333333333332
2024-05-13 00:00:00,0,1,1.2266666666666666
2024-05-13 02:00:00,1,0,1.2266666666666666
2024-05-13 03:00:00,1,0,1.2266666666666666
2024-05-13 04:00:00,1,0,1.2266666666666666
2024-05-13 05:00:00,1,0,1.2266666666666666
2024-05-13 06:00:00,1,0,1.2266666666666666
2024-05-13 16:00:00,0,1,1.2266666666666666
2024-05-15 04:00:00,1,0,1.2333333333333334
2024-05-15 05:00:00,1,0,1.2333333333333334
2024-05-15 06:00:00,1,0,1.2333333333333334
2024-05-15 07:00:00,1,0,1.2333333333333334
2024-05-15 08:00:00,1,0,1.2333333333333334
2024-05-15 10:00:00,1,0,1.2333333333333334
2024-05-15 11:00:00,1,0,1.2333333333333334
2024-05-15 12:00:00,1,0,1.2333333333333334
2024-05-15 13:00:00,1,0,1.2333333333333334
2024-05-15 14:00:00,1,0,1.2333333333333334
2024-05-15 15:00:00,1,0,1.2333333333333334
2024-05-15 16:00:00,1,0,1.2333333333333334
2024-05-15 17:00:00,1,0,1.2333333333333334
2024-05-15 22:00:00,1,0,1.2333333333333334
2024-05-15 23:00:00,1,0,1.2333333333333334
2024-05-16 04:00:00,0,1,1.2366666666666666
2024-05-16 09:00:00,0,1,1.2366666666666666
2024-05-16 11:00:00,0,1,1.2366666666666666
2024-05-16 12:00:00,1,0,1.2366666666666666
2024-05-16 14:00:00,1,0,1.2366666666666666
2024-05-17 01:00:00,1,0,1.24
2024-05-17 02:00:00,1,0,1.24
2024-05-17 03:00:00,1,0,1.24
2024-05-17 04:00:00,1,0,1.24
2024-05-17 05:00:00,1,0,1.24
2024-05-17 06:00:00,1,0,1.24
2024-05-18 07:00:00,0,0,1.2433333333333332
2024-05-18 08:00:00,0,1,1.2433333333333332
2024-05-18 09:00:00,0,1,1.2433333333333332
2024-05-18 10:00:00,0,1,1.2433333333333332
2024-05-18 11:00:00,0,1,1.2433333333333332
2024-05-18 13:00:00,1,0,1.2433333333333332
2024-05-19 02:00:00,0,1,1.2466666666666666
2024-05-19 03:00:00,0,1,1.2466666666666666
2024-05-19 04:00:00,0,1,1.2466666666666666
2024-05-19 06:00:00,0,1,1.2466666666666666
2024-05-19 07:00:00,0,1,1.2466666666666666
2024-05-19 08:00:00,0,1,1.2466666666666666
2024-05-19 09:00:00,0,1,1.2466666666666666
2024-05-19 10:00:00,0,1,1.2466666666666666
2024-05-19 11:00:00,0,1,1.2466666666666666
2024-05-19 12:00:00,0,1,1.2466666666666666
2024-05-19 13:00:00,0,1,1.2466666666666666
2024-05-19 14:00:00,0,1,1.2466666666666666
2024-05-19 23:00:00,1,0,1.2466666666666666
2024-05-20 00:00:00,1,0,1.25
2024-05-20 01:00:00,1,0,1.25
2024-05-20 02:00:00,0,0,1.25
2024-05-20 04:00:00,0,1,1.25
2024-05-20 05:00:00,0,1,1.25
2024-05-20 13:00:00,1,0,1.25
2024-05-20 14:00:00,1,0,1.25
2024-05-20 15:00:00,1,0,1.25
2024-05-20 16:00:00,1,0,1.25
2024-05-20 17:00:00,1,0,1.25
2024-05-20 18:00:00,1,0,1.25
2024-05-20 19:00:00,1,0,1.25
2024-05-20 20:00:00,1,0,1.25
2024-05-21 17:00:00,0,1,1.2533333333333334
2024-05-22 06:00:00,0,1,1.2566666666666666
2024-05-22 07:00:00,0,1,1.2566666666666666
2024-05-22 08:00:00,0,1,1.2566666666666666
2024-05-22 09:00:00,0,1,1.2566666666666666
2024-05-22 10:00:00,0,1,1.2566666666666666
2024-05-23 04:00:00,0,1,1.2599999999999998
2024-05-23 07:00:00,0,1,1.2599999999999998
2024-05-23 08:00:00,0,1,1.2599999999999998
2024-05-23 09:00:00,0,1,1.2599999999999998
2024-05-23 11:00:00,0,1,1.2599999999999998
2024-05-23 12:00:00,0,1,1.2599999999999998
2024-05-25 07:00:00,0,1,1.2666666666666666
2024-05-25 09:00:00,0,1,1.2666666666666666
2024-05-25 10:00:00,0,1,1.2666666666666666
2024-05-27 01:00:00,0,1,1.2733333333333334
2024-05-27 02:00:00,0,1,1.2733333333333334
2024-05-27 07:00:00,1,0,1.2733333333333334
2024-05-27 08:00:00,1,0,1.2733333333333334
2024-05-27 09:00:00,1,0,1.2733333333333334
2024-05-27 10:00:00,1,0,1.2733333333333334
2024-05-27 11:00:00,1,0,1.2733333333333334
2024-05-27 12:00:00,1,0,1.2733333333333334
2024-05-27 13:00:00,1,0,1.2733333333333334
2024-05-27 15:00:00,0,1,1.2733333333333334
2024-05-27 16:00:00,0,1,1.2733333333333334
2024-05-27 17:00:00,0,1,1.2733333333333334
2024-05-27 22:00:00,0,1,1.2733333333333334
2024-05-27 23:00:00,0,1,1.2733333333333334
2024-05-28 00:00:00,0,1,1.2766666666666666
2024-05-28 02:00:00,0,1,1.2766666666666666
2024-05-29 09:00:00,0,1,1.2799999999999998
2024-05-29 10:00:00,0,1,1.2799999999999998
2024-05-29 12:00:00,0,1,1.2799999999999998
2024-05-29 13:00:00,0,1,1.2799999999999998
2024-05-30 01:00:00,0,1,1.2833333333333332
2024-05-30 02:00:00,0,1,1.2833333333333332
2024-05-30 03:00:00,0,1,1.2833333333333332
2024-05-30 04:00:00,0,1,1.2833333333333332
2024-05-30 05:00:00,0,1,1.2833333333333332
2024-05-30 06:00:00,1,0,1.2833333333333332
2024-05-30 07:00:00,1,0,1.2833333333333332
2024-05-31 06:00:00,1,0,1.2866666666666666
2024-05-31 07:00:00,1,0,1.2866666666666666
2024-05-31 09:00:00,1,0,1.2866666666666666
2024-05-31 12:00:00,0,1,1.2866666666666666
2024-06-01 15:00:00,1,0,1.29
2024-06-01 16:00:00,1,0,1.29
2024-06-01 18:00:00,1,0,1.29
2024-06-01 23:00:00,1,0,1.29
2024-06-02 03:00:00,0,1,1.2933333333333334
2024-06-02 04:00:00,0,1,1.2933333333333334
2024-06-02 05:00:00,0,1,1.2933333333333334
2024-06-02 06:00:00,0,1,1.2933333333333334
2024-06-02 11:00:00,0,1,1.2933333333333334
2024-06-02 12:00:00,0,1,1.2933333333333334
2024-06-02 13:00:00,0,1,1.2933333333333334
2024-06-02 14:00:00,0,1,1.2933333333333334
2024-06-02 15:00:00,0,1,1.2933333333333334
2024-06-02 16:00:00,0,1,1.2933333333333334
2024-06-02 19:00:00,1,0,1.2933333333333334
2024-06-02 21:00:00,1,0,1.2933333333333334
2024-06-03 00:00:00,1,0,1.2966666666666666
2024-06-03 14:00:00,1,0,1.2966666666666666
2024-06-03 15:00:00,1,0,1.2966666666666666
2024-06-03 16:00:00,1,0,1.2966666666666666
2024-06-03 17:00:00,1,0,1.2966666666666666
2024-06-03 18:00:00,1,0,1.2966666666666666
2024-06-04 02:00:00,0,1,1.2999999999999998
2024-06-04 03:00:00,0,1,1.2999999999999998
2024-06-04 09:00:00,1,0,1.2999999999999998
2024-06-04 11:00:00,1,0,1.2999999999999998
2024-06-04 12:00:00,1,0,1.2999999999999998
2024-06-04 13:00:00,1,0,1.2999999999999998
2024-06-04 14:00:00,1,0,1.2999999999999998
2024-06-05 13:00:00,1,0,1.3033333333333332
2024-06-06 09:00:00,1,0,1.3066666666666666
2024-06-06 10:00:00,1,0,1.3066666666666666
2024-06-06 13:00:00,0,1,1.3066666666666666
2024-06-06 14:00:00,0,1,1.3066666666666666
2024-06-06 15:00:00,0,1,1.3066666666666666
2024-06-06 16:00:00,0,1,1.3066666666666666
2024-06-06 17:00:00,0,1,1.3066666666666666
2024-06-06 18:00:00,0,1,1.3066666666666666
2024-06-06 19:00:00,1,0,1.3066666666666666
2024-06-07 03:00:00,1,0,1.31
2024-06-07 04:00:00,1,0,1.31
2024-06-07 05:00:00,1,0,1.31
2024-06-07 06:00:00,1,0,1.31
2024-06-07 07:00:00,1,0,1.31
2024-06-07 08:00:00,1,0,1.31
2024-06-07 09:00:00,1,0,1.31
2024-06-07 10:00:00,1,0,1.31
2024-06-07 11:00:00,0,1,1.31
2024-06-07 13:00:00,0,1,1.31
2024-06-07 14:00:00,0,1,1.31
2024-06-07 15:00:00,0,1,1.31
2024-06-07 16:00:00,0,1,1.31
2024-06-07 17:00:00,0,1,1.31
2024-06-08 08:00:00,0,1,1.3133333333333335
2024-06-08 09:00:00,0,1,1.3133333333333335
2024-06-08 10:00:00,0,1,1.3133333333333335
2024-06-09 03:00:00,1,0,1.3166666666666667
2024-06-09 04:00:00,1,0,1.3166666666666667
2024-06-09 05:00:00,1,0,1.3166666666666667
2024-06-09 06:00:00,1,0,1.3166666666666667
2024-06-09 07:00:00,1,0,1.3166666666666667
2024-06-09 13:00:00,1,0,1.3166666666666667
2024-06-09 15:00:00,1,0,1.3166666666666667
2024-06-10 00:00:00,0,1,1.3199999999999998
2024-06-10 01:00:00,0,1,1.3199999999999998
2024-06-10 02:00:00,0,1,1.3199999999999998
2024-06-10 06:00:00,1,0,1.3199999999999998
2024-06-10 07:00:00,1,0,1.3199999999999998
2024-06-10 08:00:00,1,0,1.3199999999999998
2024-06-10 09:00:00,0,1,1.3199999999999998
2024-06-10 10:00:00,0,1,1.3199999999999998
2024-06-10 15:00:00,0,1,1.3199999999999998
2024-06-10 23:00:00,0,1,1.3199999999999998
2024-06-11 00:00:00,0,1,1.3233333333333333
2024-06-11 09:00:00,0,1,1.3233333333333333
2024-06-11 10:00:00,0,1,1.3233333333333333
2024-06-11 11:00:00,0,1,1.3233333333333333
2024-06-11 12:00:00,0,1,1.3233333333333333
2024-06-12 06:00:00,1,0,1.3266666666666667
2024-06-12 07:00:00,1,0,1.3266666666666667
2024-06-12 08:00:00,1,0,1.3266666666666667
2024-06-12 09:00:00,1,0,1.3266666666666667
2024-06-12 10:00:00,1,0,1.3266666666666667
2024-06-12 11:00:00,1,0,1.3266666666666667
2024-06-12 14:00:00,0,1,1.3266666666666667
2024-06-12 16:00:00,0,1,1.3266666666666667
2024-06-12 17:00:00,0,1,1.3266666666666667
2024-06-13 09:00:00,0,1,1.33
2024-06-13 10:00:00,0,1,1.33
2024-06-13 11:00:00,0,1,1.33
2024-06-13 12:00:00,0,1,1.33
2024-06-13 13:00:00,0,1,1.33
2024-06-14 09:00:00,0,1,1.3333333333333333
2024-06-14 10:00:00,0,1,1.3333333333333333
2024-06-14 11:00:00,0,1,1.3333333333333333
2024-06-14 12:00:00,0,1,1.3333333333333333
2024-06-14 13:00:00,0,1,1.3333333333333333
2024-06-14 14:00:00,0,1,1.3333333333333333
2024-06-14 15:00:00,0,1,1.3333333333333333
2024-06-14 16:00:00,1,0,1.3333333333333333
2024-06-14 18:00:00,1,0,1.3333333333333333
2024-06-14 19:00:00,1,0,1.3333333333333333
2024-06-14 20:00:00,1,0,1.3333333333333333
2024-06-16 08:00:00,1,0,1.3399999999999999
2024-06-16 21:00:00,0,1,1.3399999999999999
2024-06-16 22:00:00,0,1,1.3399999999999999
2024-06-16 23:00:00,0,1,1.3399999999999999
2024-06-17 00:00:00,0,1,1.3433333333333333
2024-06-17 01:00:00,0,1,1.3433333333333333
2024-06-17 02:00:00,0,1,1.3433333333333333
2024-06-17 03:00:00,0,1,1.3433333333333333
2024-06-17 04:00:00,0,1,1.3433333333333333
2024-06-17 05:00:00,0,1,1.3433333333333333
2024-06-17 06:00:00,0,1,1.3433333333333333
2024-06-17 07:00:00,0,1,1.3433333333333333
2024-06-17 08:00:00,0,1,1.3433333333333333
2024-06-17 12:00:00,1,0,1.3433333333333333
2024-06-17 13:00:00,1,0,1.3433333333333333
2024-06-17 14:00:00,1,0,1.3433333333333333
2024-06-17 15:00:00,1,0,1.3433333333333333
2024-06-17 16:00:00,1,0,1.3433333333333333
2024-06-17 18:00:00,0,1,1.3433333333333333
2024-06-17 19:00:00,0,1,1.3433333333333333
2024-06-17 20:00:00,0,1,1.3433333333333333
2024-06-17 21:00:00,0,1,1.3433333333333333
2024-06-17 22:00:00,0,1,1.3433333333333333
2024-06-17 23:00:00,0,1,1.3433333333333333
2024-06-18 00:00:00,0,1,1.3466666666666667
2024-06-18 17:00:00,1,0,1.3466666666666667
2024-06-18 18:00:00,1,0,1.3466666666666667
2024-06-18 19:00:00,1,0,1.3466666666666667
2024-06-18 20:00:00,1,0,1.3466666666666667
2024-06-18 21:00:00,1,0,1.3466666666666667
2024-06-18 22:00:00,1,0,1.3466666666666667
2024-06-18 23:00:00,1,0,1.3466666666666667
2024-06-19 00:00:00,1,0,1.35
2024-06-19 05:00:00,0,1,1.35
2024-06-19 06:00:00,0,1,1.35
2024-06-19 22:00:00,1,0,1.35
2024-06-19 23:00:00,1,0,1.35
2024-06-20 02:00:00,1,0,1.3533333333333333
2024-06-20 07:00:00,0,1,1.3533333333333333
2024-06-20 08:00:00,0,1,1.3533333333333333
2024-06-20 09:00:00,0,1,1.3533333333333333
2024-06-20 10:00:00,0,1,1.3533333333333333
2024-06-20 11:00:00,0,1,1.3533333333333333
2024-06-20 12:00:00,0,1,1.3533333333333333
2024-06-21 00:00:00,1,0,1.3566666666666665
2024-06-21 04:00:00,0,1,1.3566666666666665
2024-06-21 05:00:00,0,1,1.3566666666666665
2024-06-21 06:00:00,0,1,1.3566666666666665
2024-06-21 07:00:00,0,1,1.3566666666666665
2024-06-21 09:00:00,0,1,1.3566666666666665
2024-06-21 11:00:00,0,1,1.3566666666666665
2024-06-21 12:00:00,0,1,1.3566666666666665
2024-06-22 07:00:00,1,0,1.3599999999999999
2024-06-22 08:00:00,1,0,1.3599999999999999
2024-06-22 09:00:00,1,0,1.3599999999999999
2024-06-22 10:00:00,1,0,1.3599999999999999
2024-06-22 11:00:00,1,0,1.3599999999999999
2024-06-22 12:00:00,1,0,1.3599999999999999
2024-06-23 09:00:00,0,1,1.3633333333333333
2024-06-23 10:00:00,0,1,1.3633333333333333
2024-06-23 17:00:00,0,1,1.3633333333333333
2024-06-23 18:00:00,0,1,1.3633333333333333
2024-06-23 19:00:00,0,1,1.3633333333333333
2024-06-23 23:00:00,0,1,1.3633333333333333
2024-06-24 00:00:00,0,1,1.3666666666666667
2024-06-24 01:00:00,0,1,1.3666666666666667
2024-06-24 03:00:00,0,1,1.3666666666666667
2024-06-24 19:00:00,1,0,1.3666666666666667
2024-06-24 20:00:00,1,0,1.3666666666666667
2024-06-24 22:00:00,1,0,1.3666666666666667
2024-06-26 08:00:00,1,0,1.3733333333333333
2024-06-26 10:00:00,1,0,1.3733333333333333
2024-06-26 11:00:00,1,0,1.3733333333333333
2024-06-26 12:00:00,0,1,1.3733333333333333
2024-06-26 13:00:00,0,1,1.3733333333333333
2024-06-26 14:00:00,0,1,1.3733333333333333
2024-06-27 07:00:00,1,0,1.3766666666666665
2024-06-27 08:00:00,1,0,1.3766666666666665
2024-06-27 09:00:00,1,0,1.3766666666666665
2024-06-27 10:00:00,1,0,1.3766666666666665
2024-06-27 11:00:00,1,0,1.3766666666666665
2024-06-27 12:00:00,1,0,1.3766666666666665
2024-06-28 01:00:00,0,1,1.38
2024-06-28 03:00:00,0,1,1.38
2024-06-28 08:00:00,1,0,1.38
2024-06-28 09:00:00,1,0,1.38
2024-06-28 10:00:00,1,0,1.38
2024-06-28 13:00:00,1,0,1.38
2024-06-28 16:00:00,0,1,1.38
2024-06-28 19:00:00,0,1,1.38
2024-06-28 21:00:00,1,0,1.38
2024-06-28 22:00:00,1,0,1.38
2024-06-28 23:00:00,1,0,1.38
2024-06-29 00:00:00,1,0,1.3833333333333333
2024-06-29 10:00:00,0,1,1.3833333333333333
2024-06-29 11:00:00,0,1,1.3833333333333333
2024-06-29 12:00:00,0,1,1.3833333333333333
2024-06-29 13:00:00,0,1,1.3833333333333333
2024-06-29 19:00:00,0,1,1.3833333333333333
2024-06-29 20:00:00,0,1,1.3833333333333333
2024-06-29 21:00:00,0,1,1.3833333333333333
2024-06-29 22:00:00,0,1,1.3833333333333333
2024-06-30 01:00:00,1,0,1.3866666666666667
2024-06-30 02:00:00,1,0,1.3866666666666667
2024-06-30 03:00:00,1,0,1.3866666666666667
2024-06-30 04:00:00,1,0,1.3866666666666667
2024-06-30 05:00:00,1,0,1.3866666666666667
2024-06-30 06:00:00,1,0,1.3866666666666667
2024-06-30 16:00:00,1,0,1.3866666666666667
2024-06-30 17:00:00,1,0,1.3866666666666667
2024-06-30 18:00:00,1,0,1.3866666666666667
2024-06-30 19:00:00,1,0,1.3866666666666667
2024-06-30 20:00:00,1,0,1.3866666666666667
2024-06-30 21:00:00,1,0,1.3866666666666667
2024-06-30 22:00:00,1,0,1.3866666666666667
2024-06-30 23:00:00,1,0,1.3866666666666667
2024-07-01 00:00:00,1,0,1.3900000000000001
2024-07-01 11:00:00,1,0,1.3900000000000001
2024-07-01 12:00:00,1,0,1.3900000000000001
2024-07-01 13:00:00,1,0,1.3900000000000001
2024-07-01 14:00:00,1,0,1.3900000000000001
2024-07-02 05:00:00,1,0,1.3933333333333333
2024-07-02 06:00:00,1,0,1.3933333333333333
2024-07-02 07:00:00,1,0,1.3933333333333333
2024-07-02 08:00:00,1,0,1.3933333333333333
2024-07-02 09:00:00,1,0,1.3933333333333333
2024-07-02 14:00:00,1,0,1.3933333333333333
2024-07-02 15:00:00,1,0,1.3933333333333333
2024-07-02 16:00:00,1,0,1.3933333333333333
2024-07-02 17:00:00,1,0,1.3933333333333333
2024-07-02 22:00:00,0,1,1.3933333333333333
2024-07-03 00:00:00,0,1,1.3966666666666665
2024-07-03 01:00:00,0,1,1.3966666666666665
2024-07-03 02:00:00,0,1,1.3966666666666665
2024-07-03 05:00:00,0,1,1.3966666666666665
2024-07-03 06:00:00,0,1,1.3966666666666665
2024-07-03 07:00:00,0,1,1.3966666666666665
2024-07-03 08:00:00,0,1,1.3966666666666665
2024-07-03 09:00:00,0,1,1.3966666666666665
2024-07-03 21:00:00,0,1,1.3966666666666665
2024-07-03 22:00:00,0,1,1.3966666666666665
2024-07-03 23:00:00,0,1,1.3966666666666665
2024-07-04 00:00:00,0,1,1.4
2024-07-04 07:00:00,0,1,1.4
2024-07-04 08:00:00,0,1,1.4
2024-07-04 09:00:00,0,1,1.4
2024-07-04 17:00:00,0,1,1.4
2024-07-04 18:00:00,0,1,1.4
2024-07-04 19:00:00,0,1,1.4
2024-07-04 20:00:00,0,1,1.4
2024-07-04 21:00:00,0,1,1.4
2024-07-04 22:00:00,0,1,1.4
2024-07-04 23:00:00,0,1,1.4
2024-07-05 00:00:00,0,1,1.4033333333333333
2024-07-05 01:00:00,0,1,1.4033333333333333
2024-07-05 05:00:00,0,0,1.4033333333333333
2024-07-05 06:00:00,1,0,1.4033333333333333
2024-07-05 08:00:00,1,0,1.4033333333333333
2024-07-05 09:00:00,1,0,1.4033333333333333
2024-07-06 05:00:00,1,0,1.4066666666666667
2024-07-06 10:00:00,1,0,1.4066666666666667
2024-07-06 11:00:00,1,0,1.4066666666666667
2024-07-06 12:00:00,1,0,1.4066666666666667
2024-07-06 13:00:00,1,0,1.4066666666666667
2024-07-06 14:00:00,1,0,1.4066666666666667
2024-07-06 15:00:00,1,0,1.4066666666666667
2024-07-07 07:00:00,0,1,1.41
2024-07-07 08:00:00,0,1,1.41
2024-07-07 09:00:00,0,1,1.41
2024-07-07 10:00:00,0,1,1.41
2024-07-07 11:00:00,0,1,1.41
2024-07-07 12:00:00,0,1,1.41
2024-07-07 16:00:00,0,1,1.41
2024-07-07 17:00:00,0,1,1.41
2024-07-07 18:00:00,0,1,1.41
2024-07-07 19:00:00,0,1,1.41
2024-07-07 20:00:00,0,1,1.41
2024-07-07 21:00:00,0,1,1.41
2024-07-07 22:00:00,0,1,1.41
2024-07-07 23:00:00,0,1,1.41
2024-07-08 00:00:00,1,0,1.4133333333333333
2024-07-08 01:00:00,1,0,1.4133333333333333
2024-07-08 02:00:00,1,0,1.4133333333333333
2024-07-08 03:00:00,1,0,1.4133333333333333
2024-07-08 04:00:00,1,0,1.4133333333333333
2024-07-08 05:00:00,1,0,1.4133333333333333
2024-07-08 06:00:00,1,0,1.4133333333333333
2024-07-08 07:00:00,1,0,1.4133333333333333
2024-07-08 11:00:00,0,1,1.4133333333333333
2024-07-08 12:00:00,0,1,1.4133333333333333
2024-07-09 13:00:00,1,0,1.4166666666666665
2024-07-09 14:00:00,1,0,1.4166666666666665
2024-07-09 19:00:00,0,1,1.4166666666666665
2024-07-09 22:00:00,1,0,1.4166666666666665
2024-07-09 23:00:00,1,0,1.4166666666666665
2024-07-10 00:00:00,1,0,1.42
2024-07-10 01:00:00,1,0,1.42
2024-07-10 02:00:00,1,0,1.42
2024-07-10 03:00:00,1,0,1.42
2024-07-10 19:00:00,1,0,1.42
2024-07-10 20:00:00,1,0,1.42
2024-07-10 21:00:00,1,0,1.42
2024-07-10 22:00:00,1,0,1.42
2024-07-11 06:00:00,1,0,1.4233333333333333
2024-07-11 07:00:00,1,0,1.4233333333333333
2024-07-11 08:00:00,1,0,1.4233333333333333
2024-07-11 09:00:00,1,0,1.4233333333333333
2024-07-11 10:00:00,1,0,1.4233333333333333
2024-07-11 13:00:00,0,1,1.4233333333333333
2024-07-12 07:00:00,1,0,1.4266666666666667
2024-07-12 08:00:00,1,0,1.4266666666666667
2024-07-12 09:00:00,1,0,1.4266666666666667
2024-07-12 10:00:00,1,0,1.4266666666666667
2024-07-12 11:00:00,1,0,1.4266666666666667
2024-07-12 12:00:00,1,0,1.4266666666666667
2024-07-12 14:00:00,1,0,1.4266666666666667
2024-07-12 15:00:00,1,0,1.4266666666666667
2024-07-13 01:00:00,1,0,1.43
2024-07-13 02:00:00,1,0,1.43
2024-07-13 03:00:00,1,0,1.43
2024-07-13 04:00:00,1,0,1.43
2024-07-13 09:00:00,1,0,1.43
2024-07-13 10:00:00,1,0,1.43
2024-07-13 11:00:00,1,0,1.43
2024-07-13 12:00:00,1,0,1.43
2024-07-13 13:00:00,1,0,1.43
2024-07-13 14:00:00,1,0,1.43
2024-07-13 15:00:00,1,0,1.43
2024-07-13 16:00:00,1,0,1.43
2024-07-13 17:00:00,1,0,1.43
2024-07-13 23:00:00,0,1,1.43
2024-07-14 16:00:00,1,0,1.4333333333333331
2024-07-14 17:00:00,1,0,1.4333333333333331
2024-07-15 04:00:00,1,0,1.4366666666666665
2024-07-15 06:00:00,0,1,1.4366666666666665
2024-07-15 10:00:00,1,0,1.4366666666666665
2024-07-15 11:00:00,1,0,1.4366666666666665
2024-07-15 17:00:00,1,0,1.4366666666666665
2024-07-15 19:00:00,1,0,1.4366666666666665
2024-07-15 20:00:00,1,0,1.4366666666666665
2024-07-15 21:00:00,1,0,1.4366666666666665
2024-07-15 22:00:00,1,0,1.4366666666666665
2024-07-16 01:00:00,0,1,1.44
2024-07-16 02:00:00,0,1,1.44
2024-07-16 03:00:00,0,1,1.44
2024-07-16 04:00:00,0,1,1.44
2024-07-16 08:00:00,1,0,1.44
2024-07-16 09:00:00,1,0,1.44
2024-07-16 10:00:00,1,0,1.44
2024-07-16 11:00:00,1,0,1.44
2024-07-16 12:00:00,1,0,1.44
2024-07-16 13:00:00,1,0,1.44
2024-07-16 22:00:00,1,0,1.44
2024-07-16 23:00:00,1,0,1.44
2024-07-17 08:00:00,1,0,1.4433333333333334
2024-07-17 11:00:00,1,0,1.4433333333333334
2024-07-17 12:00:00,0,1,1.4433333333333334
2024-07-17 13:00:00,0,1,1.4433333333333334
2024-07-17 14:00:00,0,1,1.4433333333333334
2024-07-18 04:00:00,1,0,1.4466666666666668
2024-07-18 05:00:00,1,0,1.4466666666666668
2024-07-18 06:00:00,0,1,1.4466666666666668
2024-07-18 08:00:00,0,1,1.4466666666666668
2024-07-18 09:00:00,0,1,1.4466666666666668
2024-07-18 10:00:00,0,1,1.4466666666666668
2024-07-18 11:00:00,0,1,1.4466666666666668
2024-07-18 12:00:00,0,1,1.4466666666666668
2024-07-18 13:00:00,0,1,1.4466666666666668
2024-07-18 14:00:00,0,1,1.4466666666666668
2024-07-19 03:00:00,0,1,1.45
2024-07-19 06:00:00,0,1,1.45
2024-07-19 09:00:00,1,0,1.45
2024-07-19 10:00:00,1,0,1.45
2024-07-19 11:00:00,1,0,1.45
2024-07-19 12:00:00,1,0,1.45
2024-07-19 13:00:00,1,0,1.45
2024-07-19 14:00:00,1,0,1.45
2024-07-20 05:00:00,0,1,1.4533333333333331
2024-07-20 06:00:00,0,1,1.4533333333333331
2024-07-20 07:00:00,0,1,1.4533333333333331
2024-07-20 08:00:00,0,1,1.4533333333333331
2024-07-20 09:00:00,0,1,1.4533333333333331
2024-07-20 10:00:00,0,1,1.4533333333333331
2024-07-20 12:00:00,1,0,1.4533333333333331
2024-07-20 13:00:00,1,0,1.4533333333333331
2024-07-20 14:00:00,1,0,1.4533333333333331
2024-07-21 01:00:00,0,1,1.4566666666666666
2024-07-21 12:00:00,0,1,1.4566666666666666
2024-07-21 14:00:00,0,1,1.4566666666666666
2024-07-21 17:00:00,1,0,1.4566666666666666
2024-07-21 18:00:00,1,0,1.4566666666666666
2024-07-21 19:00:00,1,0,1.4566666666666666
2024-07-21 20:00:00,1,0,1.4566666666666666
2024-07-21 23:00:00,0,1,1.4566666666666666
2024-07-22 00:00:00,0,1,1.46
2024-07-23 00:00:00,0,1,1.4633333333333334
2024-07-23 01:00:00,0,1,1.4633333333333334
2024-07-23 02:00:00,0,1,1.4633333333333334
2024-07-23 08:00:00,0,1,1.4633333333333334
2024-07-23 09:00:00,0,1,1.4633333333333334
2024-07-23 10:00:00,0,1,1.4633333333333334
2024-07-23 11:00:00,0,1,1.4633333333333334
2024-07-23 12:00:00,0,1,1.4633333333333334
2024-07-23 13:00:00,0,1,1.4633333333333334
2024-07-23 14:00:00,0,1,1.4633333333333334
2024-07-23 15:00:00,0,1,1.4633333333333334
2024-07-24 01:00:00,1,0,1.4666666666666668
2024-07-24 02:00:00,1,0,1.4666666666666668
2024-07-24 04:00:00,1,0,1.4666666666666668
2024-07-24 05:00:00,1,0,1.4666666666666668
2024-07-24 06:00:00,1,0,1.4666666666666668
2024-07-24 12:00:00,0,1,1.4666666666666668
2024-07-24 13:00:00,0,1,1.4666666666666668
2024-07-24 14:00:00,0,1,1.4666666666666668
2024-07-24 17:00:00,0,1,1.4666666666666668
2024-07-24 19:00:00,0,1,1.4666666666666668
2024-07-24 20:00:00,0,1,1.4666666666666668
2024-07-24 21:00:00,0,1,1.4666666666666668
2024-07-24 22:00:00,0,1,1.4666666666666668
2024-07-24 23:00:00,0,1,1.4666666666666668
2024-07-25 00:00:00,0,1,1.47
2024-07-25 16:00:00,0,1,1.47
2024-07-25 18:00:00,1,0,1.47
2024-07-25 19:00:00,1,0,1.47
2024-07-25 20:00:00,1,0,1.47
2024-07-25 21:00:00,1,0,1.47
2024-07-25 22:00:00,1,0,1.47
2024-07-25 23:00:00,1,0,1.47
2024-07-26 00:00:00,1,0,1.4733333333333332
2024-07-26 01:00:00,1,0,1.4733333333333332
2024-07-26 02:00:00,1,0,1.4733333333333332
2024-07-26 03:00:00,1,0,1.4733333333333332
2024-07-27 07:00:00,1,0,1.4766666666666666
2024-07-27 08:00:00,1,0,1.4766666666666666
2024-07-27 09:00:00,1,0,1.4766666666666666
2024-07-27 10:00:00,1,0,1.4766666666666666
2024-07-27 11:00:00,1,0,1.4766666666666666
2024-07-27 12:00:00,1,0,1.4766666666666666
2024-07-27 14:00:00,0,1,1.4766666666666666
2024-07-27 15:00:00,0,0,1.4766666666666666
2024-07-27 16:00:00,0,1,1.4766666666666666
2024-07-27 22:00:00,0,1,1.4766666666666666
2024-07-28 19:00:00,0,1,1.48
2024-07-28 20:00:00,1,0,1.48
2024-07-28 21:00:00,1,0,1.48
2024-07-28 22:00:00,1,0,1.48
2024-07-28 23:00:00,1,0,1.48
2024-07-29 00:00:00,1,0,1.4833333333333334
2024-07-29 01:00:00,1,0,1.4833333333333334
2024-07-29 08:00:00,0,1,1.4833333333333334
2024-07-29 09:00:00,0,1,1.4833333333333334
2024-07-29 10:00:00,0,1,1.4833333333333334
2024-07-29 11:00:00,0,1,1.4833333333333334
2024-07-29 12:00:00,0,1,1.4833333333333334
2024-07-29 13:00:00,0,1,1.4833333333333334
2024-07-29 17:00:00,0,1,1.4833333333333334
2024-07-29 18:00:00,0,1,1.4833333333333334
2024-07-31 13:00:00,0,1,1.49
2024-07-31 14:00:00,0,1,1.49
2024-07-31 15:00:00,0,1,1.49
2024-07-31 16:00:00,0,1,1.49
2024-07-31 17:00:00,0,1,1.49
2024-07-31 18:00:00,0,1,1.49
2024-07-31 22:00:00,0,1,1.49
2024-08-01 00:00:00,0,1,1.4933333333333332
2024-08-01 06:00:00,1,0,1.4933333333333332
2024-08-01 11:00:00,0,1,1.4933333333333332
2024-08-01 12:00:00,0,1,1.4933333333333332
2024-08-01 13:00:00,0,1,1.4933333333333332
2024-08-01 14:00:00,0,1,1.4933333333333332
2024-08-01 16:00:00,1,0,1.4933333333333332
2024-08-01 17:00:00,1,0,1.4933333333333332
2024-08-01 18:00:00,1,0,1.4933333333333332
2024-08-01 19:00:00,1,0,1.4933333333333332
2024-08-01 23:00:00,0,1,1.4933333333333332
2024-08-02 00:00:00,0,1,1.4966666666666666
2024-08-02 08:00:00,0,1,1.4966666666666666
2024-08-02 09:00:00,0,1,1.4966666666666666
2024-08-02 10:00:00,0,1,1.4966666666666666
2024-08-02 11:00:00,0,1,1.4966666666666666
2024-08-02 12:00:00,0,1,1.4966666666666666
2024-08-02 13:00:00,0,1,1.4966666666666666
2024-08-03 09:00:00,0,1,1.5
2024-08-03 10:00:00,0,1,1.5
2024-08-03 11:00:00,0,1,1.5
2024-08-03 12:00:00,0,1,1.5
2024-08-03 13:00:00,0,1,1.5
2024-08-03 14:00:00,0,1,1.5
2024-08-03 15:00:00,0,1,1.5
2024-08-03 17:00:00,1,0,1.5
2024-08-03 18:00:00,1,0,1.5
2024-08-03 19:00:00,1,0,1.5
2024-08-03 20:00:00,1,0,1.5
2024-08-04 08:00:00,0,1,1.5033333333333334
2024-08-04 09:00:00,0,1,1.5033333333333334
2024-08-04 10:00:00,0,1,1.5033333333333334
2024-08-04 11:00:00,0,1,1.5033333333333334
2024-08-04 12:00:00,0,1,1.5033333333333334
2024-08-04 13:00:00,0,1,1.5033333333333334
2024-08-04 14:00:00,0,1,1.5033333333333334
2024-08-04 15:00:00,0,1,1.5033333333333334
2024-08-04 16:00:00,1,0,1.5033333333333334
2024-08-04 17:00:00,1,0,1.5033333333333334
2024-08-04 18:00:00,0,1,1.5033333333333334
2024-08-04 19:00:00,0,1,1.5033333333333334
2024-08-04 20:00:00,0,1,1.5033333333333334
2024-08-04 21:00:00,0,1,1.5033333333333334
2024-08-04 22:00:00,0,1,1.5033333333333334
2024-08-04 23:00:00,0,1,1.5033333333333334
2024-08-05 00:00:00,0,1,1.5066666666666666
2024-08-05 01:00:00,0,1,1.5066666666666666
2024-08-05 02:00:00,0,1,1.5066666666666666
2024-08-05 04:00:00,0,1,1.5066666666666666
2024-08-05 12:00:00,1,0,1.5066666666666666
2024-08-05 23:00:00,1,0,1.5066666666666666
2024-08-06 12:00:00,1,0,1.51
2024-08-06 13:00:00,1,0,1.51
2024-08-07 08:00:00,0,1,1.5133333333333334
2024-08-07 09:00:00,0,1,1.5133333333333334
2024-08-07 10:00:00,0,1,1.5133333333333334
2024-08-07 11:00:00,0,1,1.5133333333333334
2024-08-07 12:00:00,0,1,1.5133333333333334
2024-08-07 13:00:00,0,1,1.5133333333333334
2024-08-07 18:00:00,1,0,1.5133333333333334
2024-08-07 19:00:00,1,0,1.5133333333333334
2024-08-07 20:00:00,1,0,1.5133333333333334
2024-08-07 21:00:00,1,0,1.5133333333333334
2024-08-07 22:00:00,1,0,1.5133333333333334
2024-08-07 23:00:00,1,0,1.5133333333333334
2024-08-08 00:00:00,1,0,1.5166666666666666
2024-08-08 11:00:00,1,0,1.5166666666666666
2024-08-08 13:00:00,1,0,1.5166666666666666
2024-08-08 16:00:00,1,0,1.5166666666666666
2024-08-08 17:00:00,1,0,1.5166666666666666
2024-08-08 18:00:00,1,0,1.5166666666666666
2024-08-08 19:00:00,1,0,1.5166666666666666
2024-08-08 20:00:00,1,0,1.5166666666666666
2024-08-09 15:00:00,1,0,1.52
2024-08-10 23:00:00,1,0,1.5233333333333334
2024-08-11 00:00:00,1,0,1.5266666666666666
2024-08-11 01:00:00,1,0,1.5266666666666666
2024-08-11 02:00:00,1,0,1.5266666666666666
2024-08-11 05:00:00,0,1,1.5266666666666666
2024-08-11 06:00:00,0,1,1.5266666666666666
2024-08-11 07:00:00,0,1,1.5266666666666666
2024-08-11 08:00:00,0,1,1.5266666666666666
2024-08-11 09:00:00,0,1,1.5266666666666666
2024-08-11 10:00:00,0,1,1.5266666666666666
2024-08-11 11:00:00,0,1,1.5266666666666666
2024-08-11 12:00:00,0,1,1.5266666666666666
2024-08-11 13:00:00,0,1,1.5266666666666666
2024-08-11 14:00:00,0,1,1.5266666666666666
2024-08-11 15:00:00,0,1,1.5266666666666666
2024-08-11 16:00:00,0,1,1.5266666666666666
2024-08-11 17:00:00,0,1,1.5266666666666666
2024-08-11 18:00:00,0,1,1.5266666666666666
2024-08-11 19:00:00,0,1,1.5266666666666666
2024-08-12 04:00:00,1,0,1.53
2024-08-12 05:00:00,1,0,1.53
2024-08-12 06:00:00,1,0,1.53
2024-08-12 07:00:00,1,0,1.53
2024-08-12 08:00:00,1,0,1.53
2024-08-12 09:00:00,1,0,1.53
2024-08-12 11:00:00,0,1,1.53
2024-08-12 12:00:00,0,1,1.53
2024-08-12 13:00:00,1,0,1.53
2024-08-13 10:00:00,1,0,1.5333333333333332
2024-08-13 11:00:00,1,0,1.5333333333333332
2024-08-13 12:00:00,1,0,1.5333333333333332
2024-08-13 13:00:00,1,0,1.5333333333333332
2024-08-13 15:00:00,1,0,1.5333333333333332
2024-08-14 07:00:00,0,0,1.5366666666666666
2024-08-14 08:00:00,0,0,1.5366666666666666
2024-08-14 09:00:00,0,1,1.5366666666666666
2024-08-14 10:00:00,0,1,1.5366666666666666
2024-08-14 11:00:00,0,1,1.5366666666666666
2024-08-14 12:00:00,0,1,1.5366666666666666
2024-08-15 11:00:00,0,1,1.54
2024-08-15 12:00:00,0,1,1.54
2024-08-15 13:00:00,0,1,1.54
2024-08-15 14:00:00,0,1,1.54
2024-08-15 15:00:00,0,1,1.54
2024-08-15 16:00:00,0,1,1.54
2024-08-15 17:00:00,0,1,1.54
2024-08-16 01:00:00,1,0,1.5433333333333334
2024-08-16 02:00:00,1,0,1.5433333333333334
2024-08-16 03:00:00,1,0,1.5433333333333334
2024-08-16 04:00:00,1,0,1.5433333333333334
2024-08-16 05:00:00,1,0,1.5433333333333334
2024-08-16 06:00:00,1,0,1.5433333333333334
2024-08-16 09:00:00,0,1,1.5433333333333334
2024-08-16 10:00:00,0,1,1.5433333333333334
2024-08-16 11:00:00,0,1,1.5433333333333334
2024-08-17 08:00:00,1,0,1.5466666666666666
2024-08-17 10:00:00,1,0,1.5466666666666666
2024-08-17 11:00:00,1,0,1.5466666666666666
2024-08-17 12:00:00,1,0,1.5466666666666666
2024-08-17 13:00:00,1,0,1.5466666666666666
2024-08-18 06:00:00,1,0,1.55
2024-08-18 18:00:00,0,1,1.55
2024-08-18 19:00:00,0,1,1.55
2024-08-18 20:00:00,0,1,1.55
2024-08-18 21:00:00,0,1,1.55
2024-08-18 22:00:00,0,1,1.55
2024-08-19 04:00:00,0,1,1.5533333333333332
2024-08-19 11:00:00,1,0,1.5533333333333332
2024-08-19 12:00:00,1,0,1.5533333333333332
2024-08-19 13:00:00,1,0,1.5533333333333332
2024-08-19 14:00:00,1,0,1.5533333333333332
2024-08-19 19:00:00,1,0,1.5533333333333332
2024-08-19 20:00:00,1,0,1.5533333333333332
2024-08-19 21:00:00,1,0,1.5533333333333332
2024-08-19 22:00:00,1,0,1.5533333333333332
2024-08-19 23:00:00,1,0,1.5533333333333332
2024-08-20 09:00:00,0,1,1.5566666666666666
2024-08-20 10:00:00,0,1,1.5566666666666666
2024-08-20 11:00:00,0,1,1.5566666666666666
2024-08-20 12:00:00,0,1,1.5566666666666666
2024-08-20 13:00:00,0,1,1.5566666666666666
2024-08-20 14:00:00,1,0,1.5566666666666666
2024-08-20 15:00:00,1,0,1.5566666666666666
2024-08-20 16:00:00,1,0,1.5566666666666666
2024-08-20 17:00:00,1,0,1.5566666666666666
2024-08-20 22:00:00,1,0,1.5566666666666666
2024-08-20 23:00:00,1,0,1.5566666666666666
2024-08-21 00:00:00,1,0,1.56
2024-08-21 01:00:00,1,0,1.56
2024-08-21 02:00:00,1,0,1.56
2024-08-21 03:00:00,1,0,1.56
2024-08-21 06:00:00,0,1,1.56
2024-08-21 07:00:00,0,1,1.56
2024-08-21 10:00:00,1,0,1.56
2024-08-21 11:00:00,1,0,1.56
2024-08-21 12:00:00,1,0,1.56
2024-08-21 13:00:00,1,0,1.56
2024-08-21 14:00:00,1,0,1.56
2024-08-21 15:00:00,1,0,1.56
2024-08-21 16:00:00,1,0,1.56
2024-08-22 07:00:00,1,0,1.5633333333333335
2024-08-22 08:00:00,1,0,1.5633333333333335
2024-08-22 16:00:00,1,0,1.5633333333333335
2024-08-22 17:00:00,1,0,1.5633333333333335
2024-08-22 18:00:00,1,0,1.5633333333333335
2024-08-22 19:00:00,1,0,1.5633333333333335
2024-08-23 02:00:00,1,0,1.5666666666666667
2024-08-23 03:00:00,1,0,1.5666666666666667
2024-08-23 04:00:00,1,0,1.5666666666666667
2024-08-23 05:00:00,1,0,1.5666666666666667
2024-08-23 07:00:00,0,0,1.5666666666666667
2024-08-23 08:00:00,0,1,1.5666666666666667
2024-08-23 11:00:00,1,0,1.5666666666666667
2024-08-23 12:00:00,1,0,1.5666666666666667
2024-08-23 13:00:00,1,0,1.5666666666666667
2024-08-23 14:00:00,1,0,1.5666666666666667
2024-08-23 15:00:00,1,0,1.5666666666666667
2024-08-24 12:00:00,1,0,1.57
2024-08-24 15:00:00,0,0,1.57
2024-08-24 16:00:00,0,1,1.57
2024-08-24 17:00:00,0,1,1.57
2024-08-24 18:00:00,0,1,1.57
2024-08-24 19:00:00,0,1,1.57
2024-08-24 20:00:00,0,1,1.57
2024-08-24 23:00:00,0,1,1.57
2024-08-25 02:00:00,0,1,1.5733333333333333
2024-08-25 22:00:00,0,1,1.5733333333333333
2024-08-26 04:00:00,0,1,1.5766666666666667
2024-08-26 05:00:00,0,1,1.5766666666666667
2024-08-26 06:00:00,0,1,1.5766666666666667
2024-08-26 08:00:00,0,1,1.5766666666666667
2024-08-26 09:00:00,0,1,1.5766666666666667
2024-08-26 11:00:00,0,1,1.5766666666666667
2024-08-27 04:00:00,0,1,1.58
2024-08-27 05:00:00,0,1,1.58
2024-08-27 06:00:00,0,1,1.58
2024-08-27 07:00:00,0,1,1.58
2024-08-27 17:00:00,0,1,1.58
2024-08-27 18:00:00,0,1,1.58
2024-08-27 19:00:00,0,1,1.58
2024-08-27 20:00:00,0,1,1.58
2024-08-28 07:00:00,1,0,1.5833333333333333
2024-08-28 11:00:00,0,1,1.5833333333333333
2024-08-28 12:00:00,0,1,1.5833333333333333
2024-08-29 12:00:00,0,1,1.5866666666666667
2024-08-29 13:00:00,0,1,1.5866666666666667
2024-08-29 14:00:00,0,1,1.5866666666666667
2024-08-29 15:00:00,0,1,1.5866666666666667
2024-08-29 16:00:00,0,1,1.5866666666666667
2024-08-29 17:00:00,0,1,1.5866666666666667
2024-08-29 18:00:00,1,0,1.5866666666666667
2024-08-30 08:00:00,0,1,1.59
2024-08-30 09:00:00,0,1,1.59
2024-08-30 10:00:00,0,1,1.59
2024-08-30 11:00:00,0,1,1.59
2024-08-30 12:00:00,0,1,1.59
2024-08-30 13:00:00,0,1,1.59
2024-08-30 15:00:00,1,0,1.59
2024-08-31 19:00:00,0,1,1.5933333333333333
2024-08-31 20:00:00,0,1,1.5933333333333333
2024-08-31 21:00:00,0,1,1.5933333333333333
2024-08-31 22:00:00,0,1,1.5933333333333333
2024-08-31 23:00:00,0,1,1.5933333333333333
2024-09-01 00:00:00,0,1,1.5966666666666667
2024-09-01 03:00:00,0,1,1.5966666666666667
2024-09-01 07:00:00,0,1,1.5966666666666667
2024-09-01 08:00:00,0,1,1.5966666666666667
2024-09-01 09:00:00,0,1,1.5966666666666667
2024-09-01 11:00:00,0,1,1.5966666666666667
2024-09-01 16:00:00,0,1,1.5966666666666667
2024-09-01 18:00:00,0,1,1.5966666666666667
2024-09-01 19:00:00,0,1,1.5966666666666667
2024-09-01 20:00:00,0,1,1.5966666666666667
2024-09-01 21:00:00,0,1,1.5966666666666667
2024-09-02 07:00:00,1,0,1.6
2024-09-03 02:00:00,0,1,1.6033333333333333
2024-09-03 03:00:00,0,1,1.6033333333333333
2024-09-03 05:00:00,0,1,1.6033333333333333
2024-09-03 07:00:00,0,1,1.6033333333333333
2024-09-03 08:00:00,0,1,1.6033333333333333
2024-09-03 09:00:00,0,1,1.6033333333333333
2024-09-03 10:00:00,0,1,1.6033333333333333
2024-09-03 11:00:00,0,1,1.6033333333333333
2024-09-03 12:00:00,0,1,1.6033333333333333
2024-09-03 18:00:00,0,1,1.6033333333333333
2024-09-03 19:00:00,0,1,1.6033333333333333
2024-09-03 20:00:00,0,1,1.6033333333333333
2024-09-03 21:00:00,0,1,1.6033333333333333
2024-09-03 22:00:00,0,1,1.6033333333333333
2024-09-04 02:00:00,1,0,1.6066666666666667
2024-09-04 03:00:00,1,0,1.6066666666666667
2024-09-04 05:00:00,1,0,1.6066666666666667
2024-09-04 06:00:00,1,0,1.6066666666666667
2024-09-04 10:00:00,1,0,1.6066666666666667
2024-09-04 11:00:00,1,0,1.6066666666666667
2024-09-04 12:00:00,1,0,1.6066666666666667
2024-09-04 13:00:00,1,0,1.6066666666666667
2024-09-05 04:00:00,1,0,1.6099999999999999
2024-09-05 05:00:00,1,0,1.6099999999999999
2024-09-05 06:00:00,1,0,1.6099999999999999
2024-09-05 07:00:00,1,0,1.6099999999999999
2024-09-05 08:00:00,1,0,1.6099999999999999
2024-09-05 09:00:00,1,0,1.6099999999999999
2024-09-05 10:00:00,1,0,1.6099999999999999
2024-09-05 11:00:00,1,0,1.6099999999999999
2024-09-05 13:00:00,0,1,1.6099999999999999
2024-09-05 14:00:00,0,1,1.6099999999999999
2024-09-06 02:00:00,0,1,1.6133333333333333
2024-09-06 03:00:00,0,1,1.6133333333333333
2024-09-06 04:00:00,0,1,1.6133333333333333
2024-09-06 05:00:00,0,1,1.6133333333333333
2024-09-06 08:00:00,1,0,1.6133333333333333
2024-09-06 10:00:00,0,1,1.6133333333333333
2024-09-06 11:00:00,0,1,1.6133333333333333
2024-09-06 12:00:00,0,1,1.6133333333333333
2024-09-06 13:00:00,0,1,1.6133333333333333
2024-09-06 14:00:00,0,1,1.6133333333333333
2024-09-06 15:00:00,0,1,1.6133333333333333
2024-09-06 16:00:00,0,1,1.6133333333333333
2024-09-06 17:00:00,0,1,1.6133333333333333
2024-09-06 20:00:00,1,0,1.6133333333333333
2024-09-07 19:00:00,0,1,1.6166666666666667
2024-09-07 20:00:00,1,0,1.6166666666666667
2024-09-07 21:00:00,1,0,1.6166666666666667
2024-09-07 22:00:00,1,0,1.6166666666666667
2024-09-07 23:00:00,1,0,1.6166666666666667
2024-09-08 00:00:00,1,0,1.62
2024-09-08 01:00:00,1,0,1.62
2024-09-08 02:00:00,1,0,1.62
2024-09-08 03:00:00,1,0,1.62
2024-09-08 04:00:00,1,0,1.62
2024-09-08 05:00:00,1,0,1.62
2024-09-08 06:00:00,1,0,1.62
2024-09-08 07:00:00,1,0,1.62
2024-09-08 09:00:00,0,1,1.62
2024-09-08 10:00:00,0,1,1.62
2024-09-08 11:00:00,0,1,1.62
2024-09-08 15:00:00,1,0,1.62
2024-09-08 18:00:00,1,0,1.62
2024-09-08 19:00:00,1,0,1.62
2024-09-08 20:00:00,1,0,1.62
2024-09-08 21:00:00,1,0,1.62
2024-09-08 22:00:00,1,0,1.62
2024-09-08 23:00:00,1,0,1.62
2024-09-09 01:00:00,0,1,1.6233333333333333
2024-09-09 02:00:00,0,1,1.6233333333333333
2024-09-09 14:00:00,1,0,1.6233333333333333
2024-09-09 20:00:00,0,1,1.6233333333333333
2024-09-09 21:00:00,0,1,1.6233333333333333
2024-09-10 22:00:00,0,1,1.6266666666666667
2024-09-10 23:00:00,0,1,1.6266666666666667
2024-09-11 00:00:00,0,1,1.63
2024-09-11 02:00:00,0,1,1.63
2024-09-11 07:00:00,0,1,1.63
2024-09-11 13:00:00,1,0,1.63
2024-09-11 14:00:00,1,0,1.63
2024-09-11 15:00:00,1,0,1.63
2024-09-11 16:00:00,1,0,1.63
2024-09-11 17:00:00,1,0,1.63
2024-09-11 18:00:00,1,0,1.63
2024-09-11 19:00:00,1,0,1.63
2024-09-11 20:00:00,1,0,1.63
2024-09-11 21:00:00,1,0,1.63
2024-09-13 07:00:00,0,1,1.6366666666666667
2024-09-13 11:00:00,1,0,1.6366666666666667
2024-09-13 12:00:00,1,0,1.6366666666666667
2024-09-13 13:00:00,1,0,1.6366666666666667
2024-09-13 14:00:00,1,0,1.6366666666666667
2024-09-14 06:00:00,0,1,1.64
2024-09-14 07:00:00,0,1,1.64
2024-09-14 08:00:00,0,1,1.64
2024-09-14 09:00:00,0,1,1.64
2024-09-15 07:00:00,0,1,1.6433333333333333
2024-09-15 08:00:00,0,1,1.6433333333333333
2024-09-15 09:00:00,0,1,1.6433333333333333
2024-09-15 10:00:00,0,1,1.6433333333333333
2024-09-15 11:00:00,0,1,1.6433333333333333
2024-09-15 12:00:00,0,1,1.6433333333333333
2024-09-15 13:00:00,0,1,1.6433333333333333
2024-09-15 14:00:00,0,1,1.6433333333333333
2024-09-15 15:00:00,0,1,1.6433333333333333
2024-09-15 16:00:00,0,1,1.6433333333333333
2024-09-15 17:00:00,0,1,1.6433333333333333
2024-09-15 18:00:00,0,1,1.6433333333333333
2024-09-15 19:00:00,0,1,1.6433333333333333
2024-09-15 20:00:00,0,1,1.6433333333333333
2024-09-15 21:00:00,0,1,1.6433333333333333
2024-09-15 22:00:00,0,1,1.6433333333333333
2024-09-15 23:00:00,0,1,1.6433333333333333
2024-09-16 08:00:00,0,1,1.6466666666666667
2024-09-16 22:00:00,1,0,1.6466666666666667
2024-09-17 00:00:00,1,0,1.65
2024-09-17 09:00:00,1,0,1.65
2024-09-17 10:00:00,1,0,1.65
2024-09-17 11:00:00,1,0,1.65
2024-09-17 12:00:00,1,0,1.65
2024-09-17 13:00:00,1,0,1.65
2024-09-17 15:00:00,0,1,1.65
2024-09-18 03:00:00,0,1,1.6533333333333333
2024-09-18 04:00:00,0,1,1.6533333333333333
2024-09-18 05:00:00,0,1,1.6533333333333333
2024-09-18 06:00:00,0,1,1.6533333333333333
2024-09-18 07:00:00,0,1,1.6533333333333333
2024-09-18 12:00:00,1,0,1.6533333333333333
2024-09-18 13:00:00,1,0,1.6533333333333333
2024-09-18 14:00:00,1,0,1.6533333333333333
2024-09-18 15:00:00,1,0,1.6533333333333333
2024-09-18 16:00:00,1,0,1.6533333333333333
2024-09-18 17:00:00,1,0,1.6533333333333333
2024-09-18 18:00:00,1,0,1.6533333333333333
2024-09-18 19:00:00,1,0,1.6533333333333333
2024-09-18 20:00:00,1,0,1.6533333333333333
2024-09-18 21:00:00,1,0,1.6533333333333333
2024-09-18 22:00:00,1,0,1.6533333333333333
2024-09-19 10:00:00,1,0,1.6566666666666667
2024-09-19 11:00:00,1,0,1.6566666666666667
2024-09-19 21:00:00,1,0,1.6566666666666667
2024-09-19 22:00:00,1,0,1.6566666666666667
2024-09-19 23:00:00,1,0,1.6566666666666667
2024-09-20 00:00:00,1,0,1.66
2024-09-20 01:00:00,1,0,1.66
2024-09-20 02:00:00,1,0,1.66
2024-09-20 10:00:00,0,1,1.66
2024-09-20 12:00:00,0,1,1.66
2024-09-21 10:00:00,1,0,1.6633333333333333
2024-09-21 11:00:00,1,0,1.6633333333333333
2024-09-21 23:00:00,0,1,1.6633333333333333
2024-09-22 00:00:00,0,1,1.6666666666666665
2024-09-22 01:00:00,0,1,1.6666666666666665
2024-09-22 08:00:00,0,1,1.6666666666666665
2024-09-22 09:00:00,0,1,1.6666666666666665
2024-09-22 11:00:00,0,1,1.6666666666666665
2024-09-22 12:00:00,0,1,1.6666666666666665
2024-09-22 17:00:00,0,1,1.6666666666666665
2024-09-22 20:00:00,0,0,1.6666666666666665
2024-09-22 21:00:00,1,0,1.6666666666666665
2024-09-23 16:00:00,1,0,1.67
2024-09-23 17:00:00,1,0,1.67
2024-09-24 01:00:00,1,0,1.6733333333333333
2024-09-24 02:00:00,1,0,1.6733333333333333
2024-09-24 03:00:00,1,0,1.6733333333333333
2024-09-24 04:00:00,1,0,1.6733333333333333
2024-09-24 05:00:00,1,0,1.6733333333333333
2024-09-24 06:00:00,1,0,1.6733333333333333
2024-09-24 10:00:00,1,0,1.6733333333333333
2024-09-24 11:00:00,1,0,1.6733333333333333
2024-09-24 12:00:00,1,0,1.6733333333333333
2024-09-24 13:00:00,1,0,1.6733333333333333
2024-09-24 14:00:00,1,0,1.6733333333333333
2024-09-24 15:00:00,1,0,1.6733333333333333
2024-09-24 16:00:00,1,0,1.6733333333333333
2024-09-25 01:00:00,0,1,1.6766666666666667
2024-09-25 03:00:00,0,1,1.6766666666666667
2024-09-25 23:00:00,1,0,1.6766666666666667
2024-09-26 00:00:00,1,0,1.68
2024-09-26 01:00:00,1,0,1.68
2024-09-26 02:00:00,1,0,1.68
2024-09-26 03:00:00,1,0,1.68
2024-09-26 04:00:00,1,0,1.68
2024-09-26 05:00:00,1,0,1.68
2024-09-26 09:00:00,1,0,1.68
2024-09-26 10:00:00,1,0,1.68
2024-09-26 19:00:00,1,0,1.68
2024-09-26 20:00:00,1,0,1.68
2024-09-26 21:00:00,1,0,1.68
2024-09-26 22:00:00,1,0,1.68
2024-09-26 23:00:00,1,0,1.68
2024-09-27 00:00:00,1,0,1.6833333333333333
2024-09-27 02:00:00,1,0,1.6833333333333333
2024-09-27 04:00:00,0,1,1.6833333333333333
2024-09-27 05:00:00,0,1,1.6833333333333333
2024-09-27 06:00:00,0,1,1.6833333333333333
2024-09-28 02:00:00,0,1,1.6866666666666665
2024-09-28 03:00:00,0,1,1.6866666666666665
2024-09-28 04:00:00,0,1,1.6866666666666665
2024-09-28 08:00:00,1,0,1.6866666666666665
2024-09-29 03:00:00,0,1,1.69
2024-09-29 10:00:00,1,0,1.69
2024-09-29 11:00:00,1,0,1.69
2024-09-29 12:00:00,1,0,1.69
2024-09-29 13:00:00,1,0,1.69
2024-09-29 14:00:00,1,0,1.69
2024-09-29 18:00:00,0,1,1.69
2024-09-29 19:00:00,0,1,1.69
2024-09-29 20:00:00,0,1,1.69
2024-09-29 21:00:00,0,1,1.69
2024-09-29 22:00:00,0,1,1.69
2024-09-29 23:00:00,0,1,1.69
2024-09-30 00:00:00,0,1,1.6933333333333334
2024-09-30 05:00:00,0,1,1.6933333333333334
2024-09-30 07:00:00,0,1,1.6933333333333334
2024-09-30 08:00:00,0,1,1.6933333333333334
2024-09-30 17:00:00,0,1,1.6933333333333334
2024-09-30 18:00:00,0,1,1.6933333333333334
2024-09-30 20:00:00,0,1,1.6933333333333334
2024-09-30 21:00:00,0,1,1.6933333333333334
2024-09-30 23:00:00,1,0,1.6933333333333334
2024-10-01 00:00:00,1,0,1.6966666666666668
2024-10-01 07:00:00,0,1,1.6966666666666668
2024-10-01 08:00:00,0,1,1.6966666666666668
2024-10-01 09:00:00,0,1,1.6966666666666668
2024-10-01 10:00:00,0,1,1.6966666666666668
2024-10-01 11:00:00,0,1,1.6966666666666668
2024-10-01 12:00:00,0,1,1.6966666666666668
2024-10-01 13:00:00,0,1,1.6966666666666668
2024-10-01 14:00:00,0,1,1.6966666666666668
2024-10-01 15:00:00,0,1,1.6966666666666668
2024-10-01 16:00:00,0,1,1.6966666666666668
2024-10-02 06:00:00,0,1,1.7
2024-10-02 07:00:00,0,1,1.7
2024-10-02 08:00:00,0,1,1.7
2024-10-02 12:00:00,0,1,1.7
2024-10-02 13:00:00,0,1,1.7
2024-10-02 15:00:00,0,1,1.7
2024-10-02 16:00:00,0,1,1.7
2024-10-03 02:00:00,0,1,1.7033333333333334
2024-10-03 03:00:00,0,1,1.7033333333333334
2024-10-03 04:00:00,0,1,1.7033333333333334
2024-10-03 05:00:00,0,1,1.7033333333333334
2024-10-03 06:00:00,0,1,1.7033333333333334
2024-10-04 06:00:00,1,0,1.7066666666666666
2024-10-05 03:00:00,1,0,1.71
2024-10-05 12:00:00,0,1,1.71
2024-10-05 14:00:00,0,1,1.71
2024-10-05 15:00:00,0,1,1.71
2024-10-05 20:00:00,1,0,1.71
2024-10-05 21:00:00,1,0,1.71
2024-10-06 10:00:00,1,0,1.7133333333333334
2024-10-06 13:00:00,1,0,1.7133333333333334
2024-10-06 17:00:00,1,0,1.7133333333333334
2024-10-06 18:00:00,1,0,1.7133333333333334
2024-10-06 19:00:00,1,0,1.7133333333333334
2024-10-06 20:00:00,1,0,1.7133333333333334
2024-10-06 21:00:00,1,0,1.7133333333333334
2024-10-06 22:00:00,1,0,1.7133333333333334
2024-10-06 23:00:00,1,0,1.7133333333333334
2024-10-07 03:00:00,0,1,1.7166666666666666
2024-10-07 04:00:00,0,1,1.7166666666666666
2024-10-07 05:00:00,0,1,1.7166666666666666
2024-10-07 06:00:00,0,1,1.7166666666666666
2024-10-07 07:00:00,0,1,1.7166666666666666
2024-10-07 08:00:00,0,1,1.7166666666666666
2024-10-07 13:00:00,0,1,1.7166666666666666
2024-10-07 14:00:00,0,1,1.7166666666666666
2024-10-07 15:00:00,0,1,1.7166666666666666
2024-10-07 16:00:00,0,1,1.7166666666666666
2024-10-07 17:00:00,0,1,1.7166666666666666
2024-10-08 09:00:00,0,1,1.72
2024-10-08 10:00:00,0,1,1.72
2024-10-08 11:00:00,0,1,1.72
2024-10-08 13:00:00,0,1,1.72
2024-10-09 06:00:00,0,1,1.7233333333333334
2024-10-09 07:00:00,0,1,1.7233333333333334
2024-10-09 09:00:00,0,1,1.7233333333333334
2024-10-09 13:00:00,1,0,1.7233333333333334
2024-10-09 14:00:00,0,0,1.7233333333333334
2024-10-09 15:00:00,0,1,1.7233333333333334
2024-10-09 16:00:00,0,1,1.7233333333333334
2024-10-09 17:00:00,0,1,1.7233333333333334
2024-10-09 20:00:00,1,0,1.7233333333333334
2024-10-10 11:00:00,0,1,1.7266666666666666
2024-10-10 17:00:00,1,0,1.7266666666666666
2024-10-11 02:00:00,1,0,1.73
2024-10-11 03:00:00,1,0,1.73
2024-10-11 04:00:00,1,0,1.73
2024-10-11 11:00:00,1,0,1.73
2024-10-11 12:00:00,1,0,1.73
2024-10-11 13:00:00,1,0,1.73
2024-10-11 14:00:00,1,0,1.73
2024-10-13 00:00:00,1,0,1.7366666666666666
2024-10-13 01:00:00,1,0,1.7366666666666666
2024-10-13 02:00:00,1,0,1.7366666666666666
2024-10-13 05:00:00,0,1,1.7366666666666666
2024-10-13 06:00:00,0,1,1.7366666666666666
2024-10-13 07:00:00,0,1,1.7366666666666666
2024-10-13 08:00:00,0,1,1.7366666666666666
2024-10-13 09:00:00,0,1,1.7366666666666666
2024-10-13 10:00:00,0,1,1.7366666666666666
2024-10-13 11:00:00,0,1,1.7366666666666666
2024-10-13 12:00:00,0,1,1.7366666666666666
2024-10-13 13:00:00,0,1,1.7366666666666666
2024-10-13 21:00:00,1,0,1.7366666666666666
2024-10-13 22:00:00,1,0,1.7366666666666666
2024-10-13 23:00:00,1,0,1.7366666666666666
2024-10-14 00:00:00,1,0,1.74
2024-10-14 01:00:00,1,0,1.74
2024-10-14 02:00:00,1,0,1.74
2024-10-14 09:00:00,1,0,1.74
2024-10-14 10:00:00,1,0,1.74
2024-10-14 11:00:00,1,0,1.74
2024-10-14 12:00:00,1,0,1.74
2024-10-14 23:00:00,0,1,1.74
2024-10-15 02:00:00,0,1,1.7433333333333332
2024-10-15 05:00:00,1,0,1.7433333333333332
2024-10-15 10:00:00,0,1,1.7433333333333332
2024-10-15 11:00:00,1,0,1.7433333333333332
2024-10-15 13:00:00,0,1,1.7433333333333332
2024-10-16 07:00:00,1,0,1.7466666666666666
2024-10-17 01:00:00,0,1,1.75
2024-10-17 04:00:00,0,1,1.75
2024-10-17 05:00:00,0,1,1.75
2024-10-17 06:00:00,0,1,1.75
2024-10-17 15:00:00,0,1,1.75
2024-10-17 21:00:00,1,0,1.75
2024-10-17 23:00:00,1,0,1.75
2024-10-18 00:00:00,1,0,1.7533333333333334
2024-10-18 11:00:00,1,0,1.7533333333333334
2024-10-18 12:00:00,1,0,1.7533333333333334
2024-10-18 13:00:00,1,0,1.7533333333333334
2024-10-18 20:00:00,1,0,1.7533333333333334
2024-10-18 21:00:00,1,0,1.7533333333333334
2024-10-18 22:00:00,1,0,1.7533333333333334
2024-10-19 05:00:00,0,1,1.7566666666666666
2024-10-19 08:00:00,0,1,1.7566666666666666
2024-10-19 09:00:00,0,1,1.7566666666666666
2024-10-19 10:00:00,0,1,1.7566666666666666
2024-10-20 07:00:00,1,0,1.76
2024-10-20 08:00:00,1,0,1.76
2024-10-20 09:00:00,1,0,1.76
2024-10-20 10:00:00,1,0,1.76
2024-10-20 11:00:00,1,0,1.76
2024-10-20 12:00:00,1,0,1.76
2024-10-20 13:00:00,1,0,1.76
2024-10-20 16:00:00,1,0,1.76
2024-10-20 17:00:00,1,0,1.76
2024-10-20 18:00:00,1,0,1.76
2024-10-20 19:00:00,1,0,1.76
2024-10-20 20:00:00,1,0,1.76
2024-10-20 21:00:00,1,0,1.76
2024-10-20 22:00:00,1,0,1.76
2024-10-20 23:00:00,1,0,1.76
2024-10-21 04:00:00,0,1,1.7633333333333332
2024-10-21 05:00:00,0,1,1.7633333333333332
2024-10-21 06:00:00,0,1,1.7633333333333332
2024-10-21 07:00:00,0,1,1.7633333333333332
2024-10-21 08:00:00,0,1,1.7633333333333332
2024-10-21 09:00:00,0,1,1.7633333333333332
2024-10-21 10:00:00,0,1,1.7633333333333332
2024-10-21 11:00:00,0,1,1.7633333333333332
2024-10-21 16:00:00,1,0,1.7633333333333332
2024-10-22 06:00:00,0,1,1.7666666666666666
2024-10-22 07:00:00,0,1,1.7666666666666666
2024-10-23 04:00:00,0,1,1.77
2024-10-23 05:00:00,0,1,1.77
2024-10-23 06:00:00,0,1,1.77
2024-10-23 07:00:00,0,1,1.77
2024-10-23 08:00:00,0,1,1.77
2024-10-23 09:00:00,0,1,1.77
2024-10-23 10:00:00,0,1,1.77
2024-10-23 11:00:00,0,1,1.77
2024-10-23 12:00:00,0,1,1.77
2024-10-23 13:00:00,0,1,1.77
2024-10-23 14:00:00,0,1,1.77
2024-10-24 02:00:00,0,1,1.7733333333333334
2024-10-24 03:00:00,0,1,1.7733333333333334
2024-10-24 04:00:00,0,1,1.7733333333333334
2024-10-24 05:00:00,0,1,1.7733333333333334
2024-10-24 06:00:00,0,1,1.7733333333333334
2024-10-25 07:00:00,1,0,1.7766666666666666
2024-10-25 11:00:00,0,1,1.7766666666666666
2024-10-25 12:00:00,0,1,1.7766666666666666
2024-10-25 13:00:00,0,1,1.7766666666666666
2024-10-25 14:00:00,0,1,1.7766666666666666
2024-10-25 16:00:00,0,1,1.7766666666666666
2024-10-25 21:00:00,0,1,1.7766666666666666
2024-10-25 22:00:00,0,1,1.7766666666666666
2024-10-26 13:00:00,0,0,1.78
2024-10-26 14:00:00,1,0,1.78
2024-10-26 15:00:00,1,0,1.78
2024-10-26 16:00:00,1,0,1.78
2024-10-26 18:00:00,1,0,1.78
2024-10-27 07:00:00,1,0,1.7833333333333332
2024-10-27 08:00:00,1,0,1.7833333333333332
2024-10-27 09:00:00,1,0,1.7833333333333332
2024-10-27 10:00:00,1,0,1.7833333333333332
2024-10-27 11:00:00,1,0,1.7833333333333332
2024-10-27 12:00:00,1,0,1.7833333333333332
2024-10-27 13:00:00,1,0,1.7833333333333332
2024-10-27 14:00:00,1,0,1.7833333333333332
2024-10-27 21:00:00,0,1,1.7833333333333332
2024-10-27 22:00:00,0,1,1.7833333333333332
2024-10-27 23:00:00,0,1,1.7833333333333332
2024-10-28 00:00:00,0,1,1.7866666666666666
2024-10-28 01:00:00,0,1,1.7866666666666666
2024-10-28 02:00:00,0,1,1.7866666666666666
2024-10-28 03:00:00,1,0,1.7866666666666666
2024-10-28 04:00:00,1,0,1.7866666666666666
2024-10-28 06:00:00,1,0,1.7866666666666666
2024-10-28 10:00:00,0,1,1.7866666666666666
2024-10-28 11:00:00,0,1,1.7866666666666666
2024-10-28 12:00:00,0,1,1.7866666666666666
2024-10-28 15:00:00,1,0,1.7866666666666666
2024-10-28 16:00:00,1,0,1.7866666666666666
2024-10-28 17:00:00,1,0,1.7866666666666666
2024-10-28 18:00:00,1,0,1.7866666666666666
2024-10-28 20:00:00,1,0,1.7866666666666666
2024-10-29 10:00:00,1,0,1.79
2024-10-29 11:00:00,1,0,1.79
2024-10-29 12:00:00,1,0,1.79
2024-10-29 13:00:00,1,0,1.79
2024-10-29 14:00:00,1,0,1.79
2024-10-29 19:00:00,1,0,1.79
2024-10-29 20:00:00,1,0,1.79
2024-10-29 21:00:00,1,0,1.79
2024-10-30 05:00:00,0,1,1.7933333333333332
2024-10-30 06:00:00,0,1,1.7933333333333332
2024-10-31 06:00:00,1,0,1.7966666666666666
2024-10-31 07:00:00,1,0,1.7966666666666666
2024-10-31 09:00:00,0,1,1.7966666666666666
2024-10-31 10:00:00,0,1,1.7966666666666666
2024-10-31 11:00:00,0,1,1.7966666666666666
2024-10-31 12:00:00,0,1,1.7966666666666666
2024-10-31 13:00:00,0,1,1.7966666666666666
2024-10-31 14:00:00,0,1,1.7966666666666666
2024-11-01 06:00:00,1,0,1.8
2024-11-01 07:00:00,1,0,1.8
2024-11-01 08:00:00,1,0,1.8
2024-11-01 09:00:00,1,0,1.8
2024-11-01 10:00:00,1,0,1.8
2024-11-01 11:00:00,1,0,1.8
2024-11-01 12:00:00,1,0,1.8
2024-11-01 14:00:00,0,1,1.8
2024-11-02 11:00:00,0,1,1.8033333333333332
2024-11-02 16:00:00,0,1,1.8033333333333332
2024-11-02 19:00:00,0,1,1.8033333333333332
2024-11-02 20:00:00,0,1,1.8033333333333332
2024-11-02 21:00:00,0,1,1.8033333333333332
2024-11-02 22:00:00,0,1,1.8033333333333332
2024-11-02 23:00:00,0,1,1.8033333333333332
2024-11-03 00:00:00,0,1,1.8066666666666666
2024-11-03 06:00:00,0,1,1.8066666666666666
2024-11-03 07:00:00,0,1,1.8066666666666666
2024-11-03 08:00:00,0,1,1.8066666666666666
2024-11-04 10:00:00,0,1,1.81
2024-11-04 11:00:00,0,1,1.81
2024-11-04 12:00:00,0,1,1.81
2024-11-04 15:00:00,0,1,1.81
2024-11-04 19:00:00,0,1,1.81
2024-11-04 20:00:00,0,1,1.81
2024-11-04 21:00:00,1,0,1.81
2024-11-05 10:00:00,1,0,1.8133333333333332
2024-11-05 11:00:00,1,0,1.8133333333333332
2024-11-05 12:00:00,1,0,1.8133333333333332
2024-11-05 13:00:00,1,0,1.8133333333333332
2024-11-05 14:00:00,0,1,1.8133333333333332
2024-11-05 15:00:00,0,1,1.8133333333333332
2024-11-05 16:00:00,0,1,1.8133333333333332
2024-11-05 17:00:00,0,1,1.8133333333333332
2024-11-05 19:00:00,1,0,1.8133333333333332
2024-11-05 20:00:00,1,0,1.8133333333333332
2024-11-05 21:00:00,1,0,1.8133333333333332
2024-11-05 22:00:00,1,0,1.8133333333333332
2024-11-05 23:00:00,1,0,1.8133333333333332
2024-11-06 00:00:00,1,0,1.8166666666666667
2024-11-06 01:00:00,1,0,1.8166666666666667
2024-11-06 02:00:00,1,0,1.8166666666666667
2024-11-06 16:00:00,1,0,1.8166666666666667
2024-11-06 17:00:00,1,0,1.8166666666666667
2024-11-06 19:00:00,1,0,1.8166666666666667
2024-11-06 20:00:00,1,0,1.8166666666666667
2024-11-06 21:00:00,1,0,1.8166666666666667
2024-11-06 22:00:00,1,0,1.8166666666666667
2024-11-06 23:00:00,1,0,1.8166666666666667
2024-11-07 00:00:00,1,0,1.82
2024-11-07 09:00:00,1,0,1.82
2024-11-07 10:00:00,1,0,1.82
2024-11-07 11:00:00,1,0,1.82
2024-11-07 12:00:00,1,0,1.82
2024-11-07 13:00:00,1,0,1.82
2024-11-07 14:00:00,1,0,1.82
2024-11-07 15:00:00,1,0,1.82
2024-11-07 17:00:00,1,0,1.82
2024-11-07 18:00:00,1,0,1.82
2024-11-07 19:00:00,1,0,1.82
2024-11-07 20:00:00,1,0,1.82
2024-11-07 21:00:00,1,0,1.82
2024-11-07 22:00:00,1,0,1.82
2024-11-07 23:00:00,1,0,1.82
2024-11-08 00:00:00,1,0,1.8233333333333333
2024-11-08 01:00:00,1,0,1.8233333333333333
2024-11-08 02:00:00,1,0,1.8233333333333333
2024-11-09 16:00:00,1,0,1.8266666666666667
2024-11-09 17:00:00,1,0,1.8266666666666667
2024-11-09 18:00:00,1,0,1.8266666666666667
2024-11-09 19:00:00,1,0,1.8266666666666667
2024-11-09 20:00:00,1,0,1.8266666666666667
2024-11-09 21:00:00,1,0,1.8266666666666667
2024-11-09 22:00:00,1,0,1.8266666666666667
2024-11-09 23:00:00,1,0,1.8266666666666667
2024-11-10 00:00:00,1,0,1.83
2024-11-10 01:00:00,1,0,1.83
2024-11-10 02:00:00,1,0,1.83
2024-11-10 03:00:00,1,0,1.83
2024-11-10 06:00:00,1,0,1.83
2024-11-10 07:00:00,1,0,1.83
2024-11-10 08:00:00,1,0,1.83
2024-11-10 09:00:00,1,0,1.83
2024-11-10 10:00:00,1,0,1.83
2024-11-10 11:00:00,1,0,1.83
2024-11-10 17:00:00,0,1,1.83
2024-11-11 06:00:00,1,0,1.8333333333333333
2024-11-11 07:00:00,1,0,1.8333333333333333
2024-11-12 02:00:00,1,0,1.8366666666666667
2024-11-12 03:00:00,1,0,1.8366666666666667
2024-11-12 04:00:00,1,0,1.8366666666666667
2024-11-12 05:00:00,1,0,1.8366666666666667
2024-11-12 08:00:00,0,1,1.8366666666666667
2024-11-12 21:00:00,0,1,1.8366666666666667
2024-11-12 22:00:00,0,1,1.8366666666666667
2024-11-12 23:00:00,0,1,1.8366666666666667
2024-11-13 00:00:00,0,1,1.8399999999999999
2024-11-13 01:00:00,0,1,1.8399999999999999
2024-11-13 02:00:00,0,1,1.8399999999999999
2024-11-13 07:00:00,1,0,1.8399999999999999
2024-11-13 08:00:00,1,0,1.8399999999999999
2024-11-13 09:00:00,1,0,1.8399999999999999
2024-11-13 10:00:00,1,0,1.8399999999999999
2024-11-13 11:00:00,1,0,1.8399999999999999
2024-11-13 12:00:00,1,0,1.8399999999999999
2024-11-13 13:00:00,1,0,1.8399999999999999
2024-11-13 14:00:00,0,1,1.8399999999999999
2024-11-14 08:00:00,0,1,1.8433333333333333
2024-11-14 09:00:00,0,1,1.8433333333333333
2024-11-14 12:00:00,0,1,1.8433333333333333
2024-11-14 15:00:00,1,0,1.8433333333333333
2024-11-14 17:00:00,1,0,1.8433333333333333
2024-11-14 18:00:00,1,0,1.8433333333333333
2024-11-14 19:00:00,1,0,1.8433333333333333
2024-11-14 20:00:00,1,0,1.8433333333333333
2024-11-15 04:00:00,1,0,1.8466666666666667
2024-11-15 06:00:00,1,0,1.8466666666666667
2024-11-15 07:00:00,1,0,1.8466666666666667
2024-11-15 08:00:00,1,0,1.8466666666666667
2024-11-15 09:00:00,1,0,1.8466666666666667
2024-11-15 10:00:00,1,0,1.8466666666666667
2024-11-15 11:00:00,1,0,1.8466666666666667
2024-11-15 20:00:00,1,0,1.8466666666666667
2024-11-15 21:00:00,1,0,1.8466666666666667
2024-11-15 22:00:00,1,0,1.8466666666666667
2024-11-16 06:00:00,1,0,1.85
2024-11-16 07:00:00,1,0,1.85
2024-11-16 08:00:00,1,0,1.85
2024-11-17 16:00:00,0,1,1.8533333333333333
2024-11-17 17:00:00,0,1,1.8533333333333333
2024-11-17 21:00:00,1,0,1.8533333333333333
2024-11-17 22:00:00,1,0,1.8533333333333333
2024-11-17 23:00:00,1,0,1.8533333333333333
2024-11-18 00:00:00,1,0,1.8566666666666667
2024-11-18 01:00:00,1,0,1.8566666666666667
2024-11-18 02:00:00,1,0,1.8566666666666667
2024-11-18 03:00:00,1,0,1.8566666666666667
2024-11-18 06:00:00,0,1,1.8566666666666667
2024-11-18 07:00:00,0,1,1.8566666666666667
2024-11-18 08:00:00,0,1,1.8566666666666667
2024-11-18 10:00:00,0,1,1.8566666666666667
2024-11-18 13:00:00,1,0,1.8566666666666667
2024-11-19 07:00:00,0,1,1.86
2024-11-19 08:00:00,0,1,1.86
2024-11-19 14:00:00,1,0,1.86
2024-11-19 19:00:00,1,0,1.86
2024-11-19 21:00:00,1,0,1.86
2024-11-19 22:00:00,1,0,1.86
2024-11-19 23:00:00,1,0,1.86
2024-11-20 02:00:00,1,0,1.8633333333333333
2024-11-20 03:00:00,1,0,1.8633333333333333
2024-11-20 04:00:00,1,0,1.8633333333333333
2024-11-20 05:00:00,1,0,1.8633333333333333
2024-11-20 06:00:00,1,0,1.8633333333333333
2024-11-20 07:00:00,1,0,1.8633333333333333
2024-11-20 15:00:00,0,1,1.8633333333333333
2024-11-20 22:00:00,0,1,1.8633333333333333
2024-11-21 19:00:00,1,0,1.8666666666666667
2024-11-21 20:00:00,1,0,1.8666666666666667
2024-11-21 21:00:00,1,0,1.8666666666666667
2024-11-21 22:00:00,1,0,1.8666666666666667
2024-11-21 23:00:00,1,0,1.8666666666666667
2024-11-22 00:00:00,1,0,1.87
2024-11-22 06:00:00,1,0,1.87
2024-11-22 07:00:00,1,0,1.87
2024-11-22 08:00:00,1,0,1.87
2024-11-22 09:00:00,1,0,1.87
2024-11-22 10:00:00,1,0,1.87
2024-11-22 11:00:00,1,0,1.87
2024-11-22 13:00:00,1,0,1.87
2024-11-22 14:00:00,1,0,1.87
2024-11-22 15:00:00,1,0,1.87
2024-11-22 16:00:00,1,0,1.87
2024-11-22 17:00:00,1,0,1.87
2024-11-22 18:00:00,1,0,1.87
2024-11-22 19:00:00,1,0,1.87
2024-11-22 20:00:00,1,0,1.87
2024-11-22 21:00:00,1,0,1.87
2024-11-22 22:00:00,1,0,1.87
2024-11-22 23:00:00,1,0,1.87
2024-11-24 06:00:00,0,1,1.8766666666666667
2024-11-24 07:00:00,0,1,1.8766666666666667
2024-11-24 08:00:00,0,1,1.8766666666666667
2024-11-24 09:00:00,0,1,1.8766666666666667
2024-11-24 10:00:00,0,1,1.8766666666666667
2024-11-24 11:00:00,0,1,1.8766666666666667
2024-11-24 15:00:00,1,0,1.8766666666666667
2024-11-24 17:00:00,1,0,1.8766666666666667
2024-11-25 02:00:00,1,0,1.88
2024-11-25 03:00:00,1,0,1.88
2024-11-25 08:00:00,0,1,1.88
2024-11-25 09:00:00,0,1,1.88
2024-11-25 10:00:00,0,1,1.88
2024-11-25 11:00:00,0,1,1.88
2024-11-25 18:00:00,0,1,1.88
2024-11-25 19:00:00,0,1,1.88
2024-11-25 20:00:00,0,1,1.88
2024-11-26 04:00:00,0,1,1.8833333333333333
2024-11-26 05:00:00,0,1,1.8833333333333333
2024-11-26 06:00:00,0,1,1.8833333333333333
2024-11-26 07:00:00,0,1,1.8833333333333333
2024-11-26 09:00:00,0,1,1.8833333333333333
2024-11-26 15:00:00,1,0,1.8833333333333333
2024-11-27 05:00:00,1,0,1.8866666666666667
2024-11-27 06:00:00,1,0,1.8866666666666667
2024-11-27 09:00:00,1,0,1.8866666666666667
2024-11-27 12:00:00,1,0,1.8866666666666667
2024-11-28 15:00:00,1,0,1.89
2024-11-28 16:00:00,1,0,1.89
2024-11-28 17:00:00,1,0,1.89
2024-11-28 18:00:00,1,0,1.89
2024-11-28 19:00:00,1,0,1.89
2024-11-28 20:00:00,1,0,1.89
2024-11-28 21:00:00,1,0,1.89
2024-11-29 05:00:00,1,0,1.8933333333333333
2024-11-30 00:00:00,1,0,1.8966666666666667
2024-11-30 01:00:00,1,0,1.8966666666666667
2024-11-30 02:00:00,1,0,1.8966666666666667
2024-11-30 03:00:00,1,0,1.8966666666666667
2024-11-30 04:00:00,1,0,1.8966666666666667
2024-11-30 05:00:00,1,0,1.8966666666666667
2024-11-30 07:00:00,0,1,1.8966666666666667
2024-11-30 20:00:00,0,1,1.8966666666666667
2024-11-30 21:00:00,0,1,1.8966666666666667
2024-11-30 22:00:00,0,1,1.8966666666666667
2024-11-30 23:00:00,0,1,1.8966666666666667
2024-12-01 02:00:00,1,0,1.9
2024-12-01 05:00:00,1,0,1.9
2024-12-01 14:00:00,1,0,1.9
2024-12-01 15:00:00,1,0,1.9
2024-12-01 16:00:00,1,0,1.9
2024-12-01 17:00:00,1,0,1.9
2024-12-01 18:00:00,1,0,1.9
2024-12-01 19:00:00,1,0,1.9
2024-12-01 20:00:00,1,0,1.9
2024-12-01 21:00:00,1,0,1.9
2024-12-01 22:00:00,1,0,1.9
2024-12-02 02:00:00,0,1,1.9033333333333333
2024-12-02 04:00:00,0,1,1.9033333333333333
2024-12-02 05:00:00,0,1,1.9033333333333333
2024-12-02 06:00:00,0,1,1.9033333333333333
2024-12-02 07:00:00,0,1,1.9033333333333333
2024-12-02 09:00:00,1,0,1.9033333333333333
2024-12-02 10:00:00,1,0,1.9033333333333333
2024-12-02 11:00:00,1,0,1.9033333333333333
2024-12-02 12:00:00,1,0,1.9033333333333333
2024-12-02 13:00:00,1,0,1.9033333333333333
2024-12-02 14:00:00,1,0,1.9033333333333333
2024-12-02 20:00:00,1,0,1.9033333333333333
2024-12-02 21:00:00,1,0,1.9033333333333333
2024-12-02 22:00:00,1,0,1.9033333333333333
2024-12-02 23:00:00,1,0,1.9033333333333333
2024-12-03 00:00:00,1,0,1.9066666666666667
2024-12-03 07:00:00,0,1,1.9066666666666667
2024-12-03 08:00:00,0,1,1.9066666666666667
2024-12-03 09:00:00,0,1,1.9066666666666667
2024-12-03 11:00:00,0,1,1.9066666666666667
2024-12-04 10:00:00,0,1,1.91
2024-12-04 11:00:00,0,1,1.91
2024-12-04 12:00:00,0,1,1.91
2024-12-04 13:00:00,0,1,1.91
2024-12-04 14:00:00,0,1,1.91
2024-12-04 15:00:00,0,1,1.91
2024-12-04 16:00:00,1,0,1.91
2024-12-04 19:00:00,0,1,1.91
2024-12-04 20:00:00,0,1,1.91
2024-12-04 21:00:00,0,1,1.91
2024-12-04 22:00:00,0,1,1.91
2024-12-04 23:00:00,0,1,1.91
2024-12-05 01:00:00,1,0,1.9133333333333333
2024-12-05 16:00:00,0,1,1.9133333333333333
2024-12-05 17:00:00,0,1,1.9133333333333333
2024-12-05 18:00:00,0,1,1.9133333333333333
2024-12-06 06:00:00,0,1,1.9166666666666667
2024-12-06 07:00:00,0,1,1.9166666666666667
2024-12-06 09:00:00,1,0,1.9166666666666667
2024-12-06 10:00:00,1,0,1.9166666666666667
2024-12-06 11:00:00,1,0,1.9166666666666667
2024-12-06 12:00:00,1,0,1.9166666666666667
2024-12-06 13:00:00,1,0,1.9166666666666667
2024-12-06 14:00:00,1,0,1.9166666666666667
2024-12-08 00:00:00,0,1,1.9233333333333333
2024-12-08 02:00:00,0,1,1.9233333333333333
2024-12-08 03:00:00,0,1,1.9233333333333333
2024-12-08 08:00:00,1,0,1.9233333333333333
2024-12-08 09:00:00,1,0,1.9233333333333333
2024-12-08 13:00:00,0,1,1.9233333333333333
2024-12-08 23:00:00,0,1,1.9233333333333333
2024-12-09 02:00:00,0,1,1.9266666666666667
2024-12-09 03:00:00,0,1,1.9266666666666667
2024-12-09 04:00:00,0,1,1.9266666666666667
2024-12-09 05:00:00,0,1,1.9266666666666667
2024-12-09 06:00:00,0,1,1.9266666666666667
2024-12-09 07:00:00,0,1,1.9266666666666667
2024-12-09 11:00:00,1,0,1.9266666666666667
2024-12-09 14:00:00,0,1,1.9266666666666667
2024-12-09 15:00:00,0,1,1.9266666666666667
2024-12-09 16:00:00,0,1,1.9266666666666667
2024-12-09 17:00:00,0,1,1.9266666666666667
2024-12-09 18:00:00,0,1,1.9266666666666667
2024-12-09 19:00:00,0,1,1.9266666666666667
2024-12-09 20:00:00,0,1,1.9266666666666667
2024-12-10 11:00:00,0,1,1.93
2024-12-10 12:00:00,0,1,1.93
2024-12-10 13:00:00,0,1,1.93
2024-12-10 14:00:00,0,1,1.93
2024-12-10 15:00:00,1,0,1.93
2024-12-10 16:00:00,0,0,1.93
2024-12-10 17:00:00,1,0,1.93
2024-12-10 18:00:00,1,0,1.93
2024-12-11 06:00:00,1,0,1.9333333333333333
2024-12-11 07:00:00,1,0,1.9333333333333333
2024-12-11 08:00:00,1,0,1.9333333333333333
2024-12-11 09:00:00,1,0,1.9333333333333333
2024-12-11 10:00:00,1,0,1.9333333333333333
2024-12-11 11:00:00,1,0,1.9333333333333333
2024-12-11 21:00:00,1,0,1.9333333333333333
2024-12-11 22:00:00,1,0,1.9333333333333333
2024-12-11 23:00:00,1,0,1.9333333333333333
2024-12-12 00:00:00,1,0,1.9366666666666668
2024-12-12 01:00:00,1,0,1.9366666666666668
2024-12-12 02:00:00,1,0,1.9366666666666668
2024-12-12 03:00:00,1,0,1.9366666666666668
2024-12-13 14:00:00,0,1,1.94
2024-12-13 15:00:00,1,0,1.94
2024-12-14 06:00:00,0,1,1.9433333333333334
2024-12-14 07:00:00,0,1,1.9433333333333334
2024-12-14 08:00:00,0,1,1.9433333333333334
2024-12-14 09:00:00,0,1,1.9433333333333334
2024-12-14 10:00:00,0,1,1.9433333333333334
2024-12-14 11:00:00,0,1,1.9433333333333334
2024-12-14 12:00:00,0,1,1.9433333333333334
2024-12-14 14:00:00,0,1,1.9433333333333334
2024-12-14 15:00:00,0,1,1.9433333333333334
2024-12-14 16:00:00,0,1,1.9433333333333334
2024-12-15 03:00:00,1,0,1.9466666666666668
2024-12-15 04:00:00,0,0,1.9466666666666668
2024-12-15 05:00:00,0,0,1.9466666666666668
2024-12-15 06:00:00,1,0,1.9466666666666668
2024-12-15 07:00:00,1,0,1.9466666666666668
2024-12-15 15:00:00,0,1,1.9466666666666668
2024-12-15 16:00:00,0,1,1.9466666666666668
2024-12-15 17:00:00,0,1,1.9466666666666668
2024-12-15 21:00:00,1,0,1.9466666666666668
2024-12-15 22:00:00,1,0,1.9466666666666668
2024-12-16 00:00:00,0,1,1.95
2024-12-16 01:00:00,0,1,1.95
2024-12-16 07:00:00,0,1,1.95
2024-12-16 11:00:00,1,0,1.95
2024-12-16 12:00:00,1,0,1.95
2024-12-16 13:00:00,1,0,1.95
2024-12-16 14:00:00,1,0,1.95
2024-12-16 15:00:00,1,0,1.95
2024-12-16 18:00:00,0,1,1.95
2024-12-16 19:00:00,0,1,1.95
2024-12-17 06:00:00,1,0,1.9533333333333334
2024-12-17 07:00:00,1,0,1.9533333333333334
2024-12-17 08:00:00,1,0,1.9533333333333334
2024-12-17 12:00:00,0,1,1.9533333333333334
2024-12-17 13:00:00,0,1,1.9533333333333334
2024-12-17 17:00:00,0,1,1.9533333333333334
2024-12-18 11:00:00,0,1,1.9566666666666666
2024-12-18 13:00:00,0,0,1.9566666666666666
2024-12-18 17:00:00,0,1,1.9566666666666666
2024-12-18 18:00:00,0,1,1.9566666666666666
2024-12-18 19:00:00,0,1,1.9566666666666666
2024-12-19 10:00:00,0,1,1.96
2024-12-19 11:00:00,0,1,1.96
2024-12-19 12:00:00,0,1,1.96
2024-12-19 13:00:00,0,1,1.96
2024-12-19 14:00:00,0,1,1.96
2024-12-19 15:00:00,0,1,1.96
2024-12-19 16:00:00,0,1,1.96
2024-12-20 02:00:00,0,1,1.9633333333333334
2024-12-20 03:00:00,0,1,1.9633333333333334
2024-12-20 04:00:00,0,1,1.9633333333333334
2024-12-20 05:00:00,0,1,1.9633333333333334
2024-12-20 06:00:00,0,1,1.9633333333333334
2024-12-20 07:00:00,0,1,1.9633333333333334
2024-12-20 08:00:00,0,1,1.9633333333333334
2024-12-20 10:00:00,1,0,1.9633333333333334
2024-12-20 11:00:00,1,0,1.9633333333333334
2024-12-20 12:00:00,1,0,1.9633333333333334
2024-12-20 14:00:00,1,0,1.9633333333333334
2024-12-20 16:00:00,1,0,1.9633333333333334
2024-12-20 17:00:00,1,0,1.9633333333333334
2024-12-21 03:00:00,1,0,1.9666666666666666
2024-12-21 06:00:00,0,1,1.9666666666666666
2024-12-21 07:00:00,0,1,1.9666666666666666
2024-12-21 08:00:00,0,1,1.9666666666666666
2024-12-21 09:00:00,0,1,1.9666666666666666
2024-12-21 10:00:00,0,1,1.9666666666666666
2024-12-21 11:00:00,0,1,1.9666666666666666
2024-12-22 04:00:00,1,0,1.97
2024-12-22 09:00:00,0,1,1.97
2024-12-22 10:00:00,0,1,1.97
2024-12-22 11:00:00,0,1,1.97
2024-12-22 12:00:00,0,1,1.97
2024-12-22 13:00:00,0,1,1.97
2024-12-23 00:00:00,1,0,1.9733333333333334
2024-12-23 01:00:00,1,0,1.9733333333333334
2024-12-23 10:00:00,0,1,1.9733333333333334
2024-12-23 12:00:00,0,1,1.9733333333333334
2024-12-23 14:00:00,1,0,1.9733333333333334
2024-12-23 15:00:00,1,0,1.9733333333333334
2024-12-23 17:00:00,1,0,1.9733333333333334
2024-12-23 18:00:00,1,0,1.9733333333333334
2024-12-23 19:00:00,1,0,1.9733333333333334
2024-12-24 07:00:00,1,0,1.9766666666666666
2024-12-24 09:00:00,1,0,1.9766666666666666
2024-12-24 10:00:00,1,0,1.9766666666666666
2024-12-24 11:00:00,1,0,1.9766666666666666
2024-12-24 12:00:00,1,0,1.9766666666666666
2024-12-26 01:00:00,0,1,1.9833333333333334
2024-12-26 02:00:00,0,1,1.9833333333333334
2024-12-26 03:00:00,0,1,1.9833333333333334
2024-12-26 04:00:00,0,1,1.9833333333333334
2024-12-26 05:00:00,0,1,1.9833333333333334
2024-12-26 06:00:00,0,1,1.9833333333333334
2024-12-27 00:00:00,1,0,1.9866666666666666
2024-12-27 03:00:00,1,0,1.9866666666666666
2024-12-27 04:00:00,1,0,1.9866666666666666
2024-12-27 05:00:00,1,0,1.9866666666666666
2024-12-27 07:00:00,1,0,1.9866666666666666
2024-12-27 08:00:00,1,0,1.9866666666666666
2024-12-27 09:00:00,0,1,1.9866666666666666
2024-12-27 10:00:00,0,1,1.9866666666666666
2024-12-27 11:00:00,0,1,1.9866666666666666
2024-12-27 12:00:00,0,1,1.9866666666666666
2024-12-28 10:00:00,1,0,1.99
2024-12-28 11:00:00,1,0,1.99
2024-12-28 12:00:00,1,0,1.99
2024-12-28 15:00:00,1,0,1.99
2024-12-29 08:00:00,1,0,1.9933333333333334
2024-12-29 09:00:00,0,0,1.9933333333333334
2024-12-29 12:00:00,0,1,1.9933333333333334
2024-12-29 13:00:00,0,1,1.9933333333333334
2024-12-29 14:00:00,0,1,1.9933333333333334
2024-12-29 15:00:00,0,1,1.9933333333333334
2024-12-29 19:00:00,0,0,1.9933333333333334
2024-12-29 20:00:00,1,0,1.9933333333333334
2024-12-29 21:00:00,1,0,1.9933333333333334
2024-12-29 22:00:00,1,0,1.9933333333333334
2024-12-29 23:00:00,1,0,1.9933333333333334
2024-12-30 00:00:00,1,0,1.9966666666666666
2024-12-30 07:00:00,0,1,1.9966666666666666
2024-12-30 08:00:00,0,1,1.9966666666666666
2024-12-30 09:00:00,0,1,1.9966666666666666
2024-12-30 10:00:00,0,1,1.9966666666666666
2024-12-30 11:00:00,0,1,1.9966666666666666
2024-12-30 12:00:00,0,1,1.9966666666666666
2024-12-30 14:00:00,1,0,1.9966666666666666
2024-12-30 15:00:00,1,0,1.9966666666666666
2024-12-30 16:00:00,1,0,1.9966666666666666
2024-12-31 07:00:00,1,0,2.0
2024-12-31 14:00:00,0,1,2.0
2024-12-31 15:00:00,0,1,2.0
2024-12-31 16:00:00,0,1,2.0
