datetime,open,high,low,close,volume
2023-01-01 00:00:00,0.2457,0.2458,0.2439,0.2445,26914381
2023-01-01 01:00:00,0.2444,0.2455,0.2442,0.2452,13912733
2023-01-01 02:00:00,0.2451,0.2461,0.2447,0.2454,12162306
2023-01-01 03:00:00,0.2455,0.2456,0.2449,0.2453,11642434
2023-01-01 04:00:00,0.2453,0.2454,0.2443,0.2444,12695807
2023-01-01 05:00:00,0.2444,0.2452,0.2443,0.2444,12140107
2023-01-01 06:00:00,0.2444,0.2449,0.2442,0.2444,8801530
2023-01-01 07:00:00,0.2445,0.2452,0.2443,0.245,11310609
2023-01-01 08:00:00,0.245,0.2453,0.2442,0.2443,10298827
2023-01-01 09:00:00,0.2443,0.2452,0.2431,0.2452,20825965
2023-01-01 10:00:00,0.2452,0.2453,0.2443,0.2449,7964780
2023-01-01 11:00:00,0.2448,0.2458,0.2448,0.2457,14850470
2023-01-01 12:00:00,0.2456,0.246,0.2452,0.2459,15883070
2023-01-01 13:00:00,0.246,0.2462,0.2448,0.2451,15077719
2023-01-01 14:00:00,0.2451,0.2459,0.245,0.2454,9235401
2023-01-01 15:00:00,0.2454,0.2461,0.2452,0.2461,12428022
2023-01-01 16:00:00,0.2461,0.2471,0.246,0.2467,20486889
2023-01-01 17:00:00,0.2467,0.2489,0.2466,0.2478,33209293
2023-01-01 18:00:00,0.2479,0.2493,0.2478,0.2486,22769915
2023-01-01 19:00:00,0.2485,0.2496,0.2478,0.2481,21376352
2023-01-01 20:00:00,0.2482,0.2494,0.2481,0.2482,17328584
2023-01-01 21:00:00,0.2483,0.2494,0.2479,0.249,13319289
2023-01-01 22:00:00,0.2491,0.2492,0.2481,0.249,10155921
2023-01-01 23:00:00,0.2489,0.2499,0.2483,0.2498,16073833
2023-01-02 00:00:00,0.2498,0.2505,0.2483,0.2484,17766881
2023-01-02 01:00:00,0.2485,0.2487,0.2464,0.2475,48204823
2023-01-02 02:00:00,0.2474,0.2486,0.247,0.2481,10950735
2023-01-02 03:00:00,0.2481,0.2502,0.2481,0.2497,13011801
2023-01-02 04:00:00,0.2497,0.25,0.2488,0.2496,10466745
2023-01-02 05:00:00,0.2495,0.2503,0.2491,0.2497,10339208
2023-01-02 06:00:00,0.2498,0.2507,0.2491,0.2495,16223884
2023-01-02 07:00:00,0.2495,0.2558,0.2495,0.254,93346507
2023-01-02 08:00:00,0.2539,0.2559,0.2535,0.2542,38840885
2023-01-02 09:00:00,0.2541,0.2553,0.2535,0.2536,19031902
2023-01-02 10:00:00,0.2536,0.2546,0.2532,0.2536,17998594
2023-01-02 11:00:00,0.2536,0.2541,0.2527,0.2539,15822769
2023-01-02 12:00:00,0.2539,0.2546,0.2534,0.2539,16748581
2023-01-02 13:00:00,0.2538,0.2541,0.2526,0.2527,16223398
2023-01-02 14:00:00,0.2528,0.2534,0.2523,0.253,14081610
2023-01-02 15:00:00,0.2531,0.2549,0.2529,0.2544,25789454
2023-01-02 16:00:00,0.2544,0.2552,0.2539,0.254,17438191
2023-01-02 17:00:00,0.254,0.2547,0.2539,0.2541,13682031
2023-01-02 18:00:00,0.2542,0.2552,0.2538,0.2548,11289354
2023-01-02 19:00:00,0.2548,0.2553,0.2544,0.2553,13052308
2023-01-02 20:00:00,0.2552,0.2553,0.254,0.2545,13005446
2023-01-02 21:00:00,0.2545,0.2566,0.2542,0.2556,18091169
2023-01-02 22:00:00,0.2555,0.2558,0.2531,0.2534,20076615
2023-01-02 23:00:00,0.2535,0.2544,0.2527,0.2535,17410633
2023-01-03 00:00:00,0.2536,0.2543,0.2532,0.2538,15595338
2023-01-03 01:00:00,0.2538,0.254,0.2514,0.2527,24040007
2023-01-03 02:00:00,0.2527,0.253,0.252,0.2522,11431952
2023-01-03 03:00:00,0.2521,0.2533,0.2518,0.2529,16812910
2023-01-03 04:00:00,0.2529,0.2533,0.2523,0.2525,7810078
2023-01-03 05:00:00,0.2524,0.254,0.2523,0.2537,13950296
2023-01-03 06:00:00,0.2537,0.2548,0.2534,0.2535,16158008
2023-01-03 07:00:00,0.2535,0.2537,0.2528,0.2533,13697367
2023-01-03 08:00:00,0.2533,0.2536,0.2517,0.2523,16490451
2023-01-03 09:00:00,0.2524,0.2549,0.2522,0.2543,19804190
2023-01-03 10:00:00,0.2544,0.2545,0.2535,0.2536,14098271
2023-01-03 11:00:00,0.2537,0.2543,0.2529,0.2536,14068372
2023-01-03 12:00:00,0.2536,0.2542,0.2531,0.2535,14491633
2023-01-03 13:00:00,0.2534,0.2541,0.2532,0.2534,13457142
2023-01-03 14:00:00,0.2533,0.2553,0.252,0.2528,46646860
2023-01-03 15:00:00,0.2528,0.2539,0.2526,0.2536,35466835
2023-01-03 16:00:00,0.2536,0.254,0.2502,0.251,45338705
2023-01-03 17:00:00,0.2509,0.2517,0.2502,0.2512,24998417
2023-01-03 18:00:00,0.2511,0.252,0.2506,0.2515,15205256
2023-01-03 19:00:00,0.2514,0.2515,0.25,0.2506,21601712
2023-01-03 20:00:00,0.2506,0.2513,0.2505,0.2512,10754780
2023-01-03 21:00:00,0.2511,0.2518,0.251,0.2515,7507234
2023-01-03 22:00:00,0.2516,0.2518,0.2505,0.2517,11215577
2023-01-03 23:00:00,0.2516,0.2529,0.2516,0.2526,16547823
2023-01-04 00:00:00,0.2525,0.2529,0.2516,0.252,19925239
2023-01-04 01:00:00,0.2521,0.2555,0.252,0.2547,42857493
2023-01-04 02:00:00,0.2546,0.26,0.2546,0.2597,62664422
2023-01-04 03:00:00,0.2598,0.2656,0.2589,0.2646,126124653
2023-01-04 04:00:00,0.2646,0.2653,0.2623,0.2638,47250155
2023-01-04 05:00:00,0.2638,0.2643,0.263,0.2642,17863509
2023-01-04 06:00:00,0.2643,0.2645,0.2633,0.2642,20371289
2023-01-04 07:00:00,0.2641,0.266,0.2633,0.2654,34081054
2023-01-04 08:00:00,0.2655,0.2675,0.2631,0.2652,66877042
2023-01-04 09:00:00,0.2652,0.2673,0.2648,0.265,41886118
2023-01-04 10:00:00,0.2651,0.2655,0.2646,0.2651,13000174
2023-01-04 11:00:00,0.2651,0.2652,0.2633,0.2641,32159433
2023-01-04 12:00:00,0.2641,0.2651,0.2631,0.2634,20966966
2023-01-04 13:00:00,0.2635,0.2658,0.2634,0.2656,22084574
2023-01-04 14:00:00,0.2655,0.2665,0.2646,0.2657,30980721
2023-01-04 15:00:00,0.2656,0.2691,0.2632,0.268,90063313
2023-01-04 16:00:00,0.268,0.27,0.2667,0.2679,54100781
2023-01-04 17:00:00,0.268,0.2708,0.2675,0.2686,45626107
2023-01-04 18:00:00,0.2685,0.2698,0.2682,0.2687,35870289
2023-01-04 19:00:00,0.2687,0.2692,0.2644,0.2662,88368774
2023-01-04 20:00:00,0.2662,0.2662,0.2616,0.2641,46038385
2023-01-04 21:00:00,0.2642,0.2655,0.2638,0.2647,19490856
2023-01-04 22:00:00,0.2647,0.2673,0.2646,0.2657,23291685
2023-01-04 23:00:00,0.2657,0.2679,0.2657,0.2675,23036441
2023-01-05 00:00:00,0.2675,0.2686,0.2653,0.2653,38057559
2023-01-05 01:00:00,0.2654,0.2677,0.2645,0.2663,27340450
2023-01-05 02:00:00,0.2663,0.2672,0.2654,0.2669,15114014
2023-01-05 03:00:00,0.2669,0.267,0.2649,0.2653,24764913
2023-01-05 04:00:00,0.2653,0.2672,0.2652,0.2667,20883719
2023-01-05 05:00:00,0.2667,0.2715,0.2665,0.2684,86212913
2023-01-05 06:00:00,0.2685,0.2685,0.2657,0.2668,26097970
2023-01-05 07:00:00,0.2668,0.267,0.2645,0.2663,22987482
2023-01-05 08:00:00,0.2664,0.267,0.2649,0.2654,20382061
2023-01-05 09:00:00,0.2655,0.2658,0.263,0.2645,34788466
2023-01-05 10:00:00,0.2645,0.2663,0.2643,0.266,21847035
2023-01-05 11:00:00,0.2659,0.2667,0.2644,0.2663,21269090
2023-01-05 12:00:00,0.2662,0.2673,0.2657,0.2668,23180641
2023-01-05 13:00:00,0.2667,0.2671,0.2644,0.265,36930025
2023-01-05 14:00:00,0.2649,0.267,0.2645,0.2664,42785853
2023-01-05 15:00:00,0.2663,0.2669,0.2652,0.2653,30824192
2023-01-05 16:00:00,0.2653,0.2661,0.2645,0.2653,23277736
2023-01-05 17:00:00,0.2653,0.2658,0.265,0.2656,11084367
2023-01-05 18:00:00,0.2656,0.2675,0.2654,0.2673,25631986
2023-01-05 19:00:00,0.2673,0.2697,0.267,0.2688,34204877
2023-01-05 20:00:00,0.2689,0.2703,0.2687,0.2701,22813500
2023-01-05 21:00:00,0.2701,0.2702,0.268,0.2693,26923384
2023-01-05 22:00:00,0.2693,0.2696,0.2677,0.2681,12987321
2023-01-05 23:00:00,0.2681,0.2694,0.2677,0.2691,39260012
2023-01-06 00:00:00,0.2691,0.2772,0.2686,0.2742,158763542
2023-01-06 01:00:00,0.2742,0.275,0.2718,0.2723,58411401
2023-01-06 02:00:00,0.2723,0.2726,0.2707,0.2714,46581336
2023-01-06 03:00:00,0.2714,0.2746,0.2706,0.2734,51114476
2023-01-06 04:00:00,0.2733,0.2752,0.2722,0.2723,50445845
2023-01-06 05:00:00,0.2724,0.2735,0.2713,0.2735,29666942
2023-01-06 06:00:00,0.2735,0.2748,0.2724,0.2739,59891894
2023-01-06 07:00:00,0.2739,0.274,0.2701,0.2716,66673594
2023-01-06 08:00:00,0.2716,0.2728,0.2714,0.2716,32138813
2023-01-06 09:00:00,0.2716,0.2727,0.2705,0.2722,38496953
2023-01-06 10:00:00,0.2721,0.2727,0.2704,0.2711,42107889
2023-01-06 11:00:00,0.271,0.2716,0.2683,0.2702,87183721
2023-01-06 12:00:00,0.2702,0.2706,0.2676,0.2686,56552488
2023-01-06 13:00:00,0.2686,0.2724,0.267,0.2709,132323201
2023-01-06 14:00:00,0.2708,0.2715,0.2686,0.2695,74695017
2023-01-06 15:00:00,0.2695,0.2745,0.2695,0.2732,95064161
2023-01-06 16:00:00,0.2732,0.2745,0.2719,0.2727,63491866
2023-01-06 17:00:00,0.2727,0.2735,0.2718,0.2729,34757980
2023-01-06 18:00:00,0.2729,0.2746,0.2727,0.2733,57243378
2023-01-06 19:00:00,0.2734,0.2763,0.2726,0.2762,80147164
2023-01-06 20:00:00,0.2763,0.277,0.2728,0.2729,59340250
2023-01-06 21:00:00,0.273,0.2758,0.2729,0.2752,26925862
2023-01-06 22:00:00,0.2752,0.2764,0.2742,0.2762,19977740
2023-01-06 23:00:00,0.2762,0.2798,0.2759,0.2784,81483555
2023-01-07 00:00:00,0.2783,0.2808,0.2772,0.2776,64680053
2023-01-07 01:00:00,0.2776,0.2779,0.2767,0.2777,30020314
2023-01-07 02:00:00,0.2777,0.2779,0.2768,0.2772,13236833
2023-01-07 03:00:00,0.2773,0.2777,0.2761,0.2766,16422707
2023-01-07 04:00:00,0.2766,0.2775,0.2764,0.2768,10210370
2023-01-07 05:00:00,0.2769,0.2782,0.2768,0.2771,15655187
2023-01-07 06:00:00,0.2771,0.2776,0.2757,0.2771,17925263
2023-01-07 07:00:00,0.2772,0.2772,0.2761,0.2764,9525167
2023-01-07 08:00:00,0.2764,0.2766,0.2743,0.2748,28985987
2023-01-07 09:00:00,0.2748,0.2755,0.2744,0.2744,14142751
2023-01-07 10:00:00,0.2745,0.275,0.2735,0.2736,14511961
2023-01-07 11:00:00,0.2737,0.2752,0.2733,0.2745,29105229
2023-01-07 12:00:00,0.2745,0.2746,0.2722,0.2735,36539859
2023-01-07 13:00:00,0.2736,0.274,0.2724,0.2726,23333254
2023-01-07 14:00:00,0.2726,0.2737,0.272,0.2733,25557182
2023-01-07 15:00:00,0.2733,0.2751,0.273,0.2749,20911798
2023-01-07 16:00:00,0.2749,0.2754,0.2736,0.274,27752757
2023-01-07 17:00:00,0.274,0.275,0.2735,0.274,11068857
2023-01-07 18:00:00,0.2741,0.276,0.274,0.2755,13520760
2023-01-07 19:00:00,0.2755,0.2775,0.2754,0.2769,21221815
2023-01-07 20:00:00,0.277,0.2779,0.2759,0.2764,27133151
2023-01-07 21:00:00,0.2764,0.2768,0.2756,0.2759,16724185
2023-01-07 22:00:00,0.2759,0.2777,0.2757,0.2774,14491751
2023-01-07 23:00:00,0.2774,0.2778,0.2759,0.2766,16223307
2023-01-08 00:00:00,0.2767,0.2789,0.274,0.2761,60835838
2023-01-08 01:00:00,0.2761,0.2772,0.275,0.276,27980114
2023-01-08 02:00:00,0.276,0.2763,0.2744,0.2754,18144095
2023-01-08 03:00:00,0.2753,0.2758,0.2746,0.2758,11338113
2023-01-08 04:00:00,0.2758,0.2765,0.2752,0.2755,12842303
2023-01-08 05:00:00,0.2755,0.276,0.2752,0.2756,9265748
2023-01-08 06:00:00,0.2757,0.277,0.2756,0.2768,13128789
2023-01-08 07:00:00,0.2768,0.2776,0.2761,0.2765,15815185
2023-01-08 08:00:00,0.2764,0.2777,0.2759,0.2773,14959556
2023-01-08 09:00:00,0.2773,0.2875,0.2769,0.2817,169770840
2023-01-08 10:00:00,0.2818,0.2842,0.2814,0.2833,48098037
2023-01-08 11:00:00,0.2833,0.2878,0.2829,0.2852,114136529
2023-01-08 12:00:00,0.2851,0.2896,0.2851,0.2874,125062174
2023-01-08 13:00:00,0.2875,0.2892,0.2866,0.2875,67527612
2023-01-08 14:00:00,0.2875,0.2882,0.2858,0.2875,89425440
2023-01-08 15:00:00,0.2875,0.2886,0.2865,0.2878,60382042
2023-01-08 16:00:00,0.2878,0.2885,0.2854,0.287,73585196
2023-01-08 17:00:00,0.2869,0.2939,0.2868,0.2892,182862381
2023-01-08 18:00:00,0.2891,0.2904,0.2875,0.2885,48798669
2023-01-08 19:00:00,0.2885,0.2903,0.2881,0.2897,35033240
2023-01-08 20:00:00,0.2898,0.2937,0.2895,0.2921,94050689
2023-01-08 21:00:00,0.2921,0.2923,0.2902,0.2905,41251186
2023-01-08 22:00:00,0.2906,0.291,0.2896,0.29,21286763
2023-01-08 23:00:00,0.2901,0.3085,0.29,0.2975,159483754
2023-01-09 00:00:00,0.2975,0.3238,0.2954,0.3119,307864984
2023-01-09 01:00:00,0.3119,0.3467,0.3108,0.3383,609923275
2023-01-09 02:00:00,0.3382,0.3396,0.3284,0.329,265995576
2023-01-09 03:00:00,0.329,0.3303,0.3259,0.3295,89823758
2023-01-09 04:00:00,0.3296,0.3331,0.3293,0.3301,82144543
2023-01-09 05:00:00,0.3301,0.3318,0.3292,0.3294,44742822
2023-01-09 06:00:00,0.3295,0.3299,0.3256,0.3259,61891208
2023-01-09 07:00:00,0.3259,0.3281,0.3235,0.3256,58929489
2023-01-09 08:00:00,0.3256,0.3273,0.3225,0.3235,77396589
2023-01-09 09:00:00,0.3236,0.3291,0.3234,0.3276,60044554
2023-01-09 10:00:00,0.3276,0.329,0.3236,0.3241,74066150
2023-01-09 11:00:00,0.3241,0.3246,0.3213,0.3216,58099493
2023-01-09 12:00:00,0.3216,0.3248,0.3216,0.3244,37774170
2023-01-09 13:00:00,0.3244,0.3258,0.3174,0.3195,79757148
2023-01-09 14:00:00,0.3195,0.3215,0.3164,0.3207,108081385
2023-01-09 15:00:00,0.3208,0.3236,0.3192,0.3207,81335088
2023-01-09 16:00:00,0.3207,0.3249,0.3206,0.3224,75886695
2023-01-09 17:00:00,0.3224,0.324,0.3205,0.322,67649884
2023-01-09 18:00:00,0.322,0.3223,0.3138,0.3168,96154020
2023-01-09 19:00:00,0.3167,0.3182,0.3142,0.3155,68102803
2023-01-09 20:00:00,0.3155,0.3167,0.3104,0.3121,106365992
2023-01-09 21:00:00,0.3122,0.3187,0.3109,0.3144,135015314
2023-01-09 22:00:00,0.3144,0.3186,0.3143,0.3175,36560025
2023-01-09 23:00:00,0.3174,0.3177,0.3136,0.3168,57031656
2023-01-10 00:00:00,0.3168,0.3221,0.3166,0.3189,85665805
2023-01-10 01:00:00,0.319,0.3195,0.3174,0.3182,52324401
2023-01-10 02:00:00,0.3183,0.3195,0.306,0.3115,141779118
2023-01-10 03:00:00,0.3115,0.314,0.3105,0.3138,59884492
2023-01-10 04:00:00,0.3139,0.3157,0.3124,0.3157,38427469
2023-01-10 05:00:00,0.3156,0.3166,0.3142,0.3165,26169136
2023-01-10 06:00:00,0.3165,0.3168,0.3144,0.3158,31338065
2023-01-10 07:00:00,0.3158,0.3161,0.3144,0.3152,25859522
2023-01-10 08:00:00,0.3153,0.3202,0.314,0.3184,69034109
2023-01-10 09:00:00,0.3183,0.319,0.3168,0.317,28246666
2023-01-10 10:00:00,0.3169,0.3209,0.3167,0.3194,37246098
2023-01-10 11:00:00,0.3194,0.3204,0.3171,0.318,33071731
2023-01-10 12:00:00,0.3179,0.3182,0.3141,0.3145,69190719
2023-01-10 13:00:00,0.3146,0.3163,0.3132,0.3157,48114992
2023-01-10 14:00:00,0.3158,0.3188,0.3134,0.3166,94513583
2023-01-10 15:00:00,0.3166,0.322,0.3159,0.3203,83055590
2023-01-10 16:00:00,0.3203,0.3212,0.3153,0.3172,68328581
2023-01-10 17:00:00,0.3173,0.3196,0.3169,0.3195,29742194
2023-01-10 18:00:00,0.3195,0.3225,0.3184,0.3223,46655008
2023-01-10 19:00:00,0.3224,0.3248,0.3218,0.3236,66373412
2023-01-10 20:00:00,0.3236,0.3254,0.3218,0.3241,52068195
2023-01-10 21:00:00,0.3241,0.3244,0.3222,0.3225,20151111
2023-01-10 22:00:00,0.3225,0.3232,0.3207,0.3214,22598285
2023-01-10 23:00:00,0.3213,0.3234,0.3212,0.3223,31460175
2023-01-11 00:00:00,0.3223,0.3227,0.3204,0.3218,31222710
2023-01-11 01:00:00,0.3217,0.3234,0.3202,0.3218,27851877
2023-01-11 02:00:00,0.3217,0.3221,0.3142,0.3147,69846669
2023-01-11 03:00:00,0.3146,0.3165,0.3124,0.3146,55853258
2023-01-11 04:00:00,0.3146,0.3156,0.312,0.3133,36023980
2023-01-11 05:00:00,0.3133,0.3154,0.3131,0.314,29468207
2023-01-11 06:00:00,0.3139,0.3168,0.3135,0.3163,29465617
2023-01-11 07:00:00,0.3163,0.3165,0.3151,0.3158,19692563
2023-01-11 08:00:00,0.3157,0.3159,0.3126,0.3145,27098802
2023-01-11 09:00:00,0.3145,0.3163,0.3139,0.3152,26378504
2023-01-11 10:00:00,0.3152,0.316,0.3147,0.3156,15775988
2023-01-11 11:00:00,0.3156,0.3157,0.3138,0.3146,17238439
2023-01-11 12:00:00,0.3147,0.3148,0.3125,0.3131,26751925
2023-01-11 13:00:00,0.3131,0.314,0.3102,0.3117,41240901
2023-01-11 14:00:00,0.3117,0.313,0.3086,0.3119,67108432
2023-01-11 15:00:00,0.3119,0.313,0.3075,0.3091,60779423
2023-01-11 16:00:00,0.3091,0.3101,0.3078,0.3084,35052392
2023-01-11 17:00:00,0.3084,0.3104,0.3082,0.3096,18358273
2023-01-11 18:00:00,0.3097,0.3137,0.3093,0.313,69802467
2023-01-11 19:00:00,0.3129,0.318,0.3122,0.3176,72998805
2023-01-11 20:00:00,0.3177,0.3198,0.3148,0.3163,60742301
2023-01-11 21:00:00,0.3163,0.3171,0.3142,0.315,37448788
2023-01-11 22:00:00,0.3151,0.3172,0.3135,0.3166,30451147
2023-01-11 23:00:00,0.3166,0.3235,0.3161,0.323,102261564
2023-01-12 00:00:00,0.3231,0.329,0.3203,0.3283,116477208
2023-01-12 01:00:00,0.3283,0.3286,0.3237,0.3246,56082125
2023-01-12 02:00:00,0.3246,0.3266,0.3224,0.3229,42222023
2023-01-12 03:00:00,0.323,0.3281,0.3229,0.3274,35454593
2023-01-12 04:00:00,0.3274,0.3299,0.3271,0.3281,35782299
2023-01-12 05:00:00,0.3282,0.329,0.3242,0.3244,41513071
2023-01-12 06:00:00,0.3245,0.3256,0.3236,0.3243,26761812
2023-01-12 07:00:00,0.3243,0.3252,0.3226,0.3245,39443659
2023-01-12 08:00:00,0.3246,0.3247,0.322,0.3233,34874539
2023-01-12 09:00:00,0.3233,0.3239,0.3222,0.3225,19873926
2023-01-12 10:00:00,0.3226,0.3231,0.3202,0.3227,38150335
2023-01-12 11:00:00,0.3227,0.3227,0.3207,0.3217,21354502
2023-01-12 12:00:00,0.3217,0.3238,0.3195,0.3234,35874564
2023-01-12 13:00:00,0.3235,0.3352,0.3142,0.3304,215279863
2023-01-12 14:00:00,0.3305,0.3336,0.3195,0.3217,178490927
2023-01-12 15:00:00,0.3217,0.3243,0.3215,0.322,51537831
2023-01-12 16:00:00,0.3221,0.3238,0.3213,0.3236,32102387
2023-01-12 17:00:00,0.3237,0.331,0.3229,0.3308,96545594
2023-01-12 18:00:00,0.3309,0.3319,0.3274,0.3295,74033268
2023-01-12 19:00:00,0.3295,0.3323,0.3283,0.3307,57184330
2023-01-12 20:00:00,0.3308,0.3316,0.3296,0.331,43491336
2023-01-12 21:00:00,0.331,0.3319,0.328,0.3293,45816947
2023-01-12 22:00:00,0.3293,0.3299,0.3274,0.3286,28611765
2023-01-12 23:00:00,0.3287,0.3305,0.3281,0.3293,24575809
2023-01-13 00:00:00,0.3293,0.3309,0.3242,0.3268,62853428
2023-01-13 01:00:00,0.3269,0.3278,0.3235,0.3252,27614743
2023-01-13 02:00:00,0.3252,0.3257,0.3241,0.3256,15554484
2023-01-13 03:00:00,0.3256,0.3292,0.3256,0.3288,28493766
2023-01-13 04:00:00,0.3288,0.3306,0.3285,0.329,29212974
2023-01-13 05:00:00,0.3289,0.3297,0.3265,0.3266,23307092
2023-01-13 06:00:00,0.3266,0.3293,0.3266,0.3289,14895289
2023-01-13 07:00:00,0.3289,0.3292,0.3263,0.3277,23692782
2023-01-13 08:00:00,0.3278,0.331,0.3277,0.3304,28931227
2023-01-13 09:00:00,0.3304,0.3351,0.3302,0.3336,55767437
2023-01-13 10:00:00,0.3337,0.334,0.3294,0.3331,57183130
2023-01-13 11:00:00,0.3331,0.3331,0.3294,0.3307,34298053
2023-01-13 12:00:00,0.3308,0.3319,0.3273,0.3282,40868815
2023-01-13 13:00:00,0.3283,0.3288,0.326,0.3269,34468781
2023-01-13 14:00:00,0.3269,0.329,0.3259,0.3277,41798905
2023-01-13 15:00:00,0.3277,0.3322,0.3273,0.3318,63173705
2023-01-13 16:00:00,0.3318,0.3322,0.3276,0.3302,48869318
2023-01-13 17:00:00,0.3302,0.3329,0.3297,0.3311,36575818
2023-01-13 18:00:00,0.3311,0.3319,0.3305,0.3306,20850229
2023-01-13 19:00:00,0.3307,0.3347,0.3298,0.3346,42079732
2023-01-13 20:00:00,0.3346,0.3389,0.3326,0.3378,69290798
2023-01-13 21:00:00,0.3378,0.3511,0.3352,0.3478,149404614
2023-01-13 22:00:00,0.3478,0.3497,0.3402,0.3426,75023922
2023-01-13 23:00:00,0.3426,0.346,0.3426,0.3455,35531658
2023-01-14 00:00:00,0.3456,0.365,0.3452,0.3511,201430445
2023-01-14 01:00:00,0.3512,0.362,0.349,0.3605,101137033
2023-01-14 02:00:00,0.3605,0.3644,0.3568,0.3595,84008077
2023-01-14 03:00:00,0.3596,0.36,0.3539,0.3581,42607758
2023-01-14 04:00:00,0.3581,0.3595,0.3544,0.3546,42078042
2023-01-14 05:00:00,0.3547,0.3593,0.3522,0.3583,69035618
2023-01-14 06:00:00,0.3583,0.3695,0.358,0.3693,82193057
2023-01-14 07:00:00,0.3693,0.3706,0.3607,0.3637,69003231
2023-01-14 08:00:00,0.3638,0.37,0.3636,0.3673,56693113
2023-01-14 09:00:00,0.3673,0.3676,0.3315,0.3501,204505232
2023-01-14 10:00:00,0.35,0.3509,0.3419,0.3489,56744970
2023-01-14 11:00:00,0.3489,0.352,0.3475,0.3504,44946149
2023-01-14 12:00:00,0.3503,0.3537,0.347,0.3518,49035900
2023-01-14 13:00:00,0.3518,0.3525,0.3482,0.3519,32133810
2023-01-14 14:00:00,0.3519,0.3567,0.3433,0.3497,78330943
2023-01-14 15:00:00,0.3497,0.3525,0.3476,0.3517,46863977
2023-01-14 16:00:00,0.3517,0.3531,0.35,0.3514,33030236
2023-01-14 17:00:00,0.3513,0.354,0.3487,0.3498,34821652
2023-01-14 18:00:00,0.3498,0.3514,0.3479,0.3499,24481353
2023-01-14 19:00:00,0.35,0.3521,0.3474,0.3487,19653855
2023-01-14 20:00:00,0.3486,0.3504,0.3477,0.3499,16307055
2023-01-14 21:00:00,0.3499,0.3505,0.3458,0.3484,31909695
2023-01-14 22:00:00,0.3485,0.3515,0.347,0.3505,14860227
2023-01-14 23:00:00,0.3505,0.3542,0.3496,0.3525,31956022
2023-01-15 00:00:00,0.3525,0.3539,0.3398,0.3482,88036696
2023-01-15 01:00:00,0.3482,0.3492,0.3436,0.3477,32864037
2023-01-15 02:00:00,0.3478,0.3485,0.343,0.3433,19520023
2023-01-15 03:00:00,0.3434,0.3477,0.342,0.3472,20420576
2023-01-15 04:00:00,0.3472,0.3479,0.3458,0.3468,11302559
2023-01-15 05:00:00,0.3467,0.3491,0.3459,0.3483,13467954
2023-01-15 06:00:00,0.3484,0.3484,0.3448,0.3449,11654813
2023-01-15 07:00:00,0.345,0.3468,0.343,0.3464,23207630
2023-01-15 08:00:00,0.3465,0.3472,0.3386,0.3404,51280643
2023-01-15 09:00:00,0.3404,0.3452,0.3391,0.3447,34391745
2023-01-15 10:00:00,0.3447,0.3449,0.3429,0.3449,20122478
2023-01-15 11:00:00,0.3448,0.346,0.3431,0.3454,18505924
2023-01-15 12:00:00,0.3453,0.3469,0.3433,0.3444,29843633
2023-01-15 13:00:00,0.3444,0.3479,0.3436,0.3448,24615244
2023-01-15 14:00:00,0.3447,0.3503,0.344,0.3487,31910921
2023-01-15 15:00:00,0.3487,0.352,0.348,0.3507,32811174
2023-01-15 16:00:00,0.3507,0.3518,0.3479,0.35,37804594
2023-01-15 17:00:00,0.3501,0.3539,0.3477,0.3499,52614759
2023-01-15 18:00:00,0.3498,0.3512,0.3458,0.3503,42615535
2023-01-15 19:00:00,0.3502,0.3512,0.3488,0.3491,22010019
2023-01-15 20:00:00,0.3492,0.3507,0.3472,0.3503,19493169
2023-01-15 21:00:00,0.3504,0.3517,0.3495,0.3499,11708454
2023-01-15 22:00:00,0.3499,0.3518,0.3475,0.3514,19822800
2023-01-15 23:00:00,0.3514,0.3517,0.3488,0.351,20198406
2023-01-16 00:00:00,0.351,0.3531,0.3478,0.3522,38791831
2023-01-16 01:00:00,0.3523,0.3589,0.3514,0.3582,52475510
2023-01-16 02:00:00,0.3581,0.3613,0.3568,0.3577,44540798
2023-01-16 03:00:00,0.3578,0.3599,0.3555,0.3571,27644724
2023-01-16 04:00:00,0.3571,0.3611,0.356,0.361,22197027
2023-01-16 05:00:00,0.3611,0.3641,0.3604,0.3619,27480926
2023-01-16 06:00:00,0.3619,0.3626,0.3585,0.3592,28065412
2023-01-16 07:00:00,0.3593,0.3596,0.3568,0.3579,18960327
2023-01-16 08:00:00,0.3579,0.3579,0.345,0.3482,99382121
2023-01-16 09:00:00,0.3482,0.3511,0.3467,0.3501,28126929
2023-01-16 10:00:00,0.3502,0.3525,0.3486,0.3506,22360803
2023-01-16 11:00:00,0.3506,0.3507,0.3483,0.3494,19270464
2023-01-16 12:00:00,0.3493,0.3508,0.3468,0.3474,31201287
2023-01-16 13:00:00,0.3474,0.3501,0.3462,0.3482,29942903
2023-01-16 14:00:00,0.3482,0.3487,0.3434,0.3462,50818367
2023-01-16 15:00:00,0.3462,0.3477,0.3372,0.3471,109930234
2023-01-16 16:00:00,0.3471,0.3491,0.3459,0.348,39232678
2023-01-16 17:00:00,0.348,0.3496,0.3471,0.349,22918519
2023-01-16 18:00:00,0.3489,0.3531,0.3482,0.3523,34331214
2023-01-16 19:00:00,0.3523,0.3562,0.3516,0.3539,55706209
2023-01-16 20:00:00,0.3539,0.3547,0.3511,0.3518,53456181
2023-01-16 21:00:00,0.3519,0.3521,0.3484,0.3504,36111202
2023-01-16 22:00:00,0.3505,0.3524,0.3501,0.3505,15357815
2023-01-16 23:00:00,0.3505,0.3508,0.3472,0.3503,26124141
2023-01-17 00:00:00,0.3503,0.3532,0.3471,0.349,49683296
2023-01-17 01:00:00,0.349,0.3498,0.3429,0.3467,41490745
2023-01-17 02:00:00,0.3466,0.3479,0.345,0.3474,14956290
2023-01-17 03:00:00,0.3473,0.3485,0.347,0.3484,11772152
2023-01-17 04:00:00,0.3484,0.3506,0.3475,0.3491,16248911
2023-01-17 05:00:00,0.3491,0.3501,0.3488,0.3501,12063936
2023-01-17 06:00:00,0.3501,0.3502,0.3476,0.348,12937225
2023-01-17 07:00:00,0.348,0.3513,0.3479,0.351,20045307
2023-01-17 08:00:00,0.3509,0.3517,0.3496,0.3515,16826071
2023-01-17 09:00:00,0.3515,0.3526,0.3502,0.3524,23638033
2023-01-17 10:00:00,0.3524,0.3525,0.3492,0.3517,25412027
2023-01-17 11:00:00,0.3517,0.354,0.3515,0.3539,20248651
2023-01-17 12:00:00,0.3538,0.3549,0.3523,0.3537,28992262
2023-01-17 13:00:00,0.3538,0.3542,0.3512,0.3518,29288385
2023-01-17 14:00:00,0.3518,0.3577,0.3504,0.3545,79712331
2023-01-17 15:00:00,0.3546,0.3561,0.3512,0.3529,42064097
2023-01-17 16:00:00,0.3528,0.3533,0.3505,0.352,26488863
2023-01-17 17:00:00,0.3519,0.3525,0.35,0.3516,18585192
2023-01-17 18:00:00,0.3515,0.3538,0.3506,0.3534,23135456
2023-01-17 19:00:00,0.3535,0.3539,0.3522,0.3528,15043717
2023-01-17 20:00:00,0.3528,0.3538,0.3516,0.3531,16801551
2023-01-17 21:00:00,0.3532,0.3534,0.3506,0.3511,22952479
2023-01-17 22:00:00,0.351,0.3514,0.3457,0.3473,44736262
2023-01-17 23:00:00,0.3473,0.3488,0.3441,0.3455,47143764
2023-01-18 00:00:00,0.3454,0.3473,0.3443,0.3462,30362430
2023-01-18 01:00:00,0.3462,0.3486,0.346,0.3485,21119524
2023-01-18 02:00:00,0.3485,0.3523,0.3477,0.3509,31820045
2023-01-18 03:00:00,0.351,0.3528,0.3499,0.3502,21397360
2023-01-18 04:00:00,0.3501,0.3506,0.3488,0.3497,14319121
2023-01-18 05:00:00,0.3497,0.3525,0.3494,0.3524,10390734
2023-01-18 06:00:00,0.3524,0.3524,0.3506,0.3513,11770188
2023-01-18 07:00:00,0.3512,0.3518,0.3494,0.3505,24364580
2023-01-18 08:00:00,0.3506,0.3511,0.345,0.3469,50149988
2023-01-18 09:00:00,0.347,0.3478,0.3432,0.347,32319762
2023-01-18 10:00:00,0.3469,0.3473,0.3447,0.3453,18666720
2023-01-18 11:00:00,0.3453,0.3475,0.3449,0.347,16291587
2023-01-18 12:00:00,0.3469,0.3488,0.3469,0.3481,17527950
2023-01-18 13:00:00,0.3481,0.3519,0.3463,0.3507,45400901
2023-01-18 14:00:00,0.3507,0.3556,0.3499,0.353,59753464
2023-01-18 15:00:00,0.353,0.3541,0.3302,0.3384,110551274
2023-01-18 16:00:00,0.3383,0.3384,0.3218,0.332,178975660
2023-01-18 17:00:00,0.3321,0.3392,0.3302,0.3362,105440923
2023-01-18 18:00:00,0.3363,0.3406,0.3357,0.3376,51858587
2023-01-18 19:00:00,0.3375,0.3377,0.3346,0.3348,25633749
2023-01-18 20:00:00,0.3349,0.3358,0.3279,0.3288,55572461
2023-01-18 21:00:00,0.3289,0.3318,0.3283,0.3289,38341682
2023-01-18 22:00:00,0.3289,0.3305,0.3253,0.3303,39039411
2023-01-18 23:00:00,0.3302,0.3305,0.3251,0.3265,44408360
2023-01-19 00:00:00,0.3264,0.3338,0.3255,0.3303,73523518
2023-01-19 01:00:00,0.3303,0.332,0.3278,0.3287,20200729
2023-01-19 02:00:00,0.3287,0.331,0.3282,0.3301,16297454
2023-01-19 03:00:00,0.3301,0.3313,0.3293,0.3297,16305063
2023-01-19 04:00:00,0.3297,0.3332,0.3296,0.3317,14566770
2023-01-19 05:00:00,0.3318,0.3326,0.3311,0.3325,10936319
2023-01-19 06:00:00,0.3326,0.3335,0.3317,0.3327,14027643
2023-01-19 07:00:00,0.3327,0.3327,0.3303,0.3307,14549435
2023-01-19 08:00:00,0.3308,0.338,0.3307,0.3334,43665095
2023-01-19 09:00:00,0.3335,0.334,0.3314,0.3335,16378874
2023-01-19 10:00:00,0.3335,0.3339,0.3318,0.3329,13491735
2023-01-19 11:00:00,0.3329,0.3329,0.3295,0.3311,20400097
2023-01-19 12:00:00,0.3311,0.3319,0.3284,0.3306,21065031
2023-01-19 13:00:00,0.3307,0.3315,0.3272,0.3311,33945027
2023-01-19 14:00:00,0.331,0.3336,0.3293,0.3328,35550607
2023-01-19 15:00:00,0.3329,0.3361,0.3327,0.3344,35345004
2023-01-19 16:00:00,0.3344,0.3383,0.3329,0.3362,35019980
2023-01-19 17:00:00,0.3361,0.3381,0.3335,0.3346,33169390
2023-01-19 18:00:00,0.3346,0.3375,0.3337,0.3374,22146802
2023-01-19 19:00:00,0.3373,0.3408,0.3367,0.3397,42446971
2023-01-19 20:00:00,0.3396,0.343,0.3396,0.3412,36640959
2023-01-19 21:00:00,0.3411,0.3421,0.3362,0.337,53171037
2023-01-19 22:00:00,0.337,0.3389,0.3368,0.3385,18399906
2023-01-19 23:00:00,0.3385,0.3397,0.3379,0.338,15915800
2023-01-20 00:00:00,0.338,0.3381,0.3355,0.3372,29633308
2023-01-20 01:00:00,0.3372,0.3404,0.3363,0.3401,22292997
2023-01-20 02:00:00,0.3402,0.3411,0.3388,0.339,14775736
2023-01-20 03:00:00,0.339,0.3403,0.3389,0.3394,8557646
2023-01-20 04:00:00,0.3393,0.3404,0.337,0.3372,15706604
2023-01-20 05:00:00,0.3373,0.338,0.3358,0.336,16627152
2023-01-20 06:00:00,0.336,0.3362,0.3337,0.3341,20772905
2023-01-20 07:00:00,0.3341,0.336,0.3334,0.3354,14263141
2023-01-20 08:00:00,0.3353,0.3358,0.3341,0.3354,14124539
2023-01-20 09:00:00,0.3355,0.3375,0.335,0.3372,14072634
2023-01-20 10:00:00,0.3371,0.3374,0.3358,0.3371,9415648
2023-01-20 11:00:00,0.337,0.3374,0.3347,0.3349,12358880
2023-01-20 12:00:00,0.335,0.3387,0.3345,0.3378,21509882
2023-01-20 13:00:00,0.3378,0.3389,0.3364,0.3364,18024903
2023-01-20 14:00:00,0.3364,0.3396,0.3354,0.3389,25958447
2023-01-20 15:00:00,0.339,0.3422,0.3389,0.3412,40343613
2023-01-20 16:00:00,0.3413,0.3455,0.34,0.3442,52640641
2023-01-20 17:00:00,0.3443,0.3466,0.3431,0.3452,51233756
2023-01-20 18:00:00,0.3452,0.3494,0.3446,0.348,41287513
2023-01-20 19:00:00,0.3479,0.3507,0.347,0.3506,31317074
2023-01-20 20:00:00,0.3505,0.3611,0.3505,0.3601,132218559
2023-01-20 21:00:00,0.3601,0.3625,0.3578,0.3606,54574645
2023-01-20 22:00:00,0.3607,0.3614,0.3448,0.3587,132962604
2023-01-20 23:00:00,0.3587,0.3657,0.3587,0.365,44422728
2023-01-21 00:00:00,0.3649,0.3685,0.3609,0.3613,72604867
2023-01-21 01:00:00,0.3613,0.364,0.3613,0.3621,16576214
2023-01-21 02:00:00,0.3621,0.3648,0.3592,0.3608,21033480
2023-01-21 03:00:00,0.3608,0.3612,0.3574,0.3596,21556817
2023-01-21 04:00:00,0.3597,0.3636,0.3596,0.3628,22464837
2023-01-21 05:00:00,0.3629,0.3642,0.3604,0.361,14017912
2023-01-21 06:00:00,0.361,0.3653,0.3608,0.365,27512000
2023-01-21 07:00:00,0.365,0.3666,0.3634,0.3635,25933004
2023-01-21 08:00:00,0.3634,0.3665,0.363,0.3633,22503895
2023-01-21 09:00:00,0.3633,0.37,0.3615,0.3684,42438349
2023-01-21 10:00:00,0.3684,0.3741,0.357,0.3609,129527514
2023-01-21 11:00:00,0.3609,0.3647,0.3586,0.3639,36803984
2023-01-21 12:00:00,0.3639,0.3679,0.3638,0.3674,28696803
2023-01-21 13:00:00,0.3674,0.3756,0.365,0.3722,67927133
2023-01-21 14:00:00,0.3721,0.3728,0.3634,0.3664,75654785
2023-01-21 15:00:00,0.3664,0.3803,0.3664,0.3707,95999237
2023-01-21 16:00:00,0.3708,0.3807,0.3701,0.3762,59236653
2023-01-21 17:00:00,0.3762,0.3809,0.3739,0.3766,51742364
2023-01-21 18:00:00,0.3766,0.3785,0.3755,0.3769,19239879
2023-01-21 19:00:00,0.377,0.3782,0.3746,0.3759,17855490
2023-01-21 20:00:00,0.3759,0.3762,0.3725,0.3744,23277899
2023-01-21 21:00:00,0.3744,0.3761,0.3727,0.3746,15780260
2023-01-21 22:00:00,0.3746,0.3747,0.3679,0.368,18798788
2023-01-21 23:00:00,0.3684,0.3717,0.3658,0.3687,44178735
2023-01-22 00:00:00,0.3687,0.3765,0.3679,0.3723,35203474
2023-01-22 01:00:00,0.3722,0.3723,0.3655,0.3678,23791763
2023-01-22 02:00:00,0.3677,0.369,0.3628,0.3642,24655342
2023-01-22 03:00:00,0.3642,0.3675,0.3641,0.365,15896277
2023-01-22 04:00:00,0.3649,0.367,0.3635,0.3665,15734891
2023-01-22 05:00:00,0.3665,0.3695,0.3659,0.3694,18559768
2023-01-22 06:00:00,0.3694,0.3738,0.369,0.3715,27701415
2023-01-22 07:00:00,0.3714,0.3754,0.3713,0.3733,25866500
2023-01-22 08:00:00,0.3733,0.387,0.3712,0.3802,90873136
2023-01-22 09:00:00,0.3803,0.3826,0.3783,0.3802,42414535
2023-01-22 10:00:00,0.3801,0.385,0.3797,0.3828,47176151
2023-01-22 11:00:00,0.3827,0.3828,0.3793,0.3811,36219046
2023-01-22 12:00:00,0.3811,0.3862,0.3786,0.3842,54768756
2023-01-22 13:00:00,0.3842,0.3849,0.3801,0.3802,34013705
2023-01-22 14:00:00,0.3801,0.3838,0.3792,0.3826,29808521
2023-01-22 15:00:00,0.3827,0.3844,0.3744,0.3809,72215647
2023-01-22 16:00:00,0.381,0.3852,0.3783,0.381,51060196
2023-01-22 17:00:00,0.3811,0.3853,0.3796,0.3819,34146683
2023-01-22 18:00:00,0.3818,0.3875,0.3766,0.3813,95840096
2023-01-22 19:00:00,0.3813,0.3837,0.3795,0.3824,30879379
2023-01-22 20:00:00,0.3823,0.3842,0.3729,0.3751,91282994
2023-01-22 21:00:00,0.3751,0.3771,0.3713,0.3747,44425366
2023-01-22 22:00:00,0.3748,0.3755,0.3724,0.375,17143321
2023-01-22 23:00:00,0.3751,0.3783,0.3738,0.3764,31160244
2023-01-23 00:00:00,0.3765,0.3839,0.375,0.3807,49188618
2023-01-23 01:00:00,0.3807,0.3831,0.3797,0.3801,25108901
2023-01-23 02:00:00,0.3802,0.3815,0.3726,0.3762,79087148
2023-01-23 03:00:00,0.3763,0.3773,0.3687,0.3707,78255466
2023-01-23 04:00:00,0.3706,0.3731,0.3705,0.3728,30842336
2023-01-23 05:00:00,0.3728,0.3739,0.3704,0.3717,34600463
2023-01-23 06:00:00,0.3717,0.3768,0.3701,0.3762,35373941
2023-01-23 07:00:00,0.3762,0.3763,0.3725,0.3746,21629955
2023-01-23 08:00:00,0.3745,0.3795,0.3727,0.3757,46370377
2023-01-23 09:00:00,0.3758,0.3786,0.375,0.3775,22730137
2023-01-23 10:00:00,0.3775,0.3805,0.3762,0.3789,26759024
2023-01-23 11:00:00,0.3789,0.3795,0.3769,0.3779,25250162
2023-01-23 12:00:00,0.3779,0.3789,0.3743,0.3775,25740052
2023-01-23 13:00:00,0.3775,0.3785,0.3717,0.3746,42705259
2023-01-23 14:00:00,0.3747,0.3805,0.371,0.373,59288892
2023-01-23 15:00:00,0.3729,0.3789,0.3715,0.3768,42889542
2023-01-23 16:00:00,0.3767,0.3792,0.3753,0.3774,24726643
2023-01-23 17:00:00,0.3774,0.3783,0.3739,0.3776,22034613
2023-01-23 18:00:00,0.3777,0.38,0.3764,0.3773,27371360
2023-01-23 19:00:00,0.3773,0.3775,0.3699,0.3737,44515661
2023-01-23 20:00:00,0.3737,0.3766,0.3733,0.3761,22030638
2023-01-23 21:00:00,0.3761,0.3768,0.3747,0.3761,14029007
2023-01-23 22:00:00,0.3762,0.3778,0.375,0.3758,11420857
2023-01-23 23:00:00,0.3758,0.3763,0.3738,0.375,14403664
2023-01-24 00:00:00,0.375,0.3781,0.3725,0.3773,28337570
2023-01-24 01:00:00,0.3773,0.3788,0.3752,0.3786,18092275
2023-01-24 02:00:00,0.3785,0.3796,0.3776,0.3785,18388844
2023-01-24 03:00:00,0.3785,0.3791,0.3774,0.379,10827541
2023-01-24 04:00:00,0.3789,0.3794,0.3776,0.3786,9978353
2023-01-24 05:00:00,0.3785,0.3817,0.3771,0.3801,20947673
2023-01-24 06:00:00,0.38,0.3823,0.38,0.3813,14611830
2023-01-24 07:00:00,0.3812,0.3832,0.3801,0.3822,21894141
2023-01-24 08:00:00,0.3821,0.3827,0.381,0.3815,11956192
2023-01-24 09:00:00,0.3815,0.3817,0.3777,0.3783,35858514
2023-01-24 10:00:00,0.3782,0.3797,0.377,0.3779,15249568
2023-01-24 11:00:00,0.3779,0.3784,0.3757,0.3779,13872837
2023-01-24 12:00:00,0.3779,0.3782,0.3751,0.3759,19634414
2023-01-24 13:00:00,0.376,0.3776,0.3736,0.3752,25826433
2023-01-24 14:00:00,0.3751,0.3759,0.372,0.374,31947028
2023-01-24 15:00:00,0.3739,0.3773,0.3727,0.376,23530315
2023-01-24 16:00:00,0.3761,0.3792,0.3746,0.3754,41628141
2023-01-24 17:00:00,0.3755,0.3755,0.3713,0.374,23093404
2023-01-24 18:00:00,0.374,0.3774,0.373,0.3768,17537417
2023-01-24 19:00:00,0.3769,0.3792,0.3763,0.3789,13093353
2023-01-24 20:00:00,0.3789,0.3793,0.3757,0.379,26194131
2023-01-24 21:00:00,0.3789,0.3807,0.371,0.3722,49316548
2023-01-24 22:00:00,0.3722,0.3722,0.357,0.361,81509926
2023-01-24 23:00:00,0.361,0.3627,0.3551,0.3587,72747326
2023-01-25 00:00:00,0.3588,0.3588,0.35,0.3541,88728287
2023-01-25 01:00:00,0.3541,0.3542,0.3467,0.3513,75690701
2023-01-25 02:00:00,0.3514,0.3534,0.3508,0.3524,20575990
2023-01-25 03:00:00,0.3524,0.3547,0.3515,0.3541,15462842
2023-01-25 04:00:00,0.3541,0.3542,0.3525,0.3531,16028189
2023-01-25 05:00:00,0.353,0.3543,0.3526,0.3538,14208508
2023-01-25 06:00:00,0.3538,0.3575,0.3525,0.3572,25851775
2023-01-25 07:00:00,0.3572,0.3595,0.3565,0.3593,22047064
2023-01-25 08:00:00,0.3594,0.3609,0.3584,0.3593,20624338
2023-01-25 09:00:00,0.3593,0.3593,0.3555,0.3559,31657978
2023-01-25 10:00:00,0.3558,0.3568,0.3541,0.3561,27218230
2023-01-25 11:00:00,0.3561,0.3567,0.3543,0.3555,16149962
2023-01-25 12:00:00,0.3556,0.3607,0.3555,0.3594,36843967
2023-01-25 13:00:00,0.3594,0.3618,0.3575,0.359,42392786
2023-01-25 14:00:00,0.3589,0.3598,0.3542,0.3547,43057292
2023-01-25 15:00:00,0.3547,0.3562,0.3521,0.3551,48240649
2023-01-25 16:00:00,0.3551,0.3582,0.3538,0.3578,23211846
2023-01-25 17:00:00,0.3578,0.3581,0.3549,0.3567,18451086
2023-01-25 18:00:00,0.3567,0.359,0.356,0.359,19497327
2023-01-25 19:00:00,0.359,0.3614,0.3584,0.361,16905541
2023-01-25 20:00:00,0.3611,0.3667,0.3608,0.3667,39297504
2023-01-25 21:00:00,0.3667,0.3773,0.3626,0.3757,74643716
2023-01-25 22:00:00,0.3758,0.3798,0.3662,0.3673,82897469
2023-01-25 23:00:00,0.3672,0.3742,0.3665,0.3733,37025186
2023-01-26 00:00:00,0.3734,0.3894,0.3734,0.3867,101441883
2023-01-26 01:00:00,0.3867,0.388,0.3785,0.3793,81702225
2023-01-26 02:00:00,0.3794,0.3811,0.3766,0.3766,23737783
2023-01-26 03:00:00,0.3767,0.3801,0.3765,0.379,15267575
2023-01-26 04:00:00,0.3791,0.3825,0.3784,0.3817,17799031
2023-01-26 05:00:00,0.3817,0.3832,0.3788,0.3804,21343279
2023-01-26 06:00:00,0.3805,0.383,0.3762,0.3796,41408229
2023-01-26 07:00:00,0.3796,0.3797,0.3758,0.3762,19661366
2023-01-26 08:00:00,0.3763,0.3779,0.3745,0.3754,19003882
2023-01-26 09:00:00,0.3754,0.3767,0.3736,0.3754,16992056
2023-01-26 10:00:00,0.3754,0.3764,0.3711,0.3742,29441919
2023-01-26 11:00:00,0.3742,0.3745,0.3726,0.3741,19111827
2023-01-26 12:00:00,0.3741,0.3778,0.3739,0.3773,22578560
2023-01-26 13:00:00,0.3773,0.3826,0.3719,0.382,57338281
2023-01-26 14:00:00,0.3821,0.3844,0.3773,0.3789,65673500
2023-01-26 15:00:00,0.3789,0.3827,0.3746,0.3766,50209112
2023-01-26 16:00:00,0.3765,0.3801,0.3727,0.3773,58159574
2023-01-26 17:00:00,0.3773,0.379,0.3756,0.3761,17814919
2023-01-26 18:00:00,0.3762,0.3795,0.375,0.3775,22370417
2023-01-26 19:00:00,0.3775,0.3824,0.3769,0.3808,26031606
2023-01-26 20:00:00,0.3808,0.383,0.3792,0.3819,27622105
2023-01-26 21:00:00,0.382,0.3825,0.3771,0.38,24355523
2023-01-26 22:00:00,0.3801,0.3814,0.3787,0.3799,14271597
2023-01-26 23:00:00,0.3799,0.3809,0.3777,0.3796,19743813
2023-01-27 00:00:00,0.3796,0.3817,0.3737,0.3751,46266532
2023-01-27 01:00:00,0.375,0.377,0.3676,0.3706,48638052
2023-01-27 02:00:00,0.3707,0.3735,0.37,0.3723,19715951
2023-01-27 03:00:00,0.3724,0.3729,0.3713,0.3716,9344585
2023-01-27 04:00:00,0.3717,0.3741,0.3716,0.3724,9994748
2023-01-27 05:00:00,0.3724,0.3759,0.3714,0.3753,20663580
2023-01-27 06:00:00,0.3753,0.3777,0.3742,0.3776,15257555
2023-01-27 07:00:00,0.3776,0.3804,0.3762,0.3804,18888463
2023-01-27 08:00:00,0.3803,0.3811,0.3767,0.3771,22140390
2023-01-27 09:00:00,0.377,0.3797,0.3767,0.3787,14172150
2023-01-27 10:00:00,0.3788,0.3798,0.3761,0.3775,11574125
2023-01-27 11:00:00,0.3775,0.379,0.3758,0.3768,19001112
2023-01-27 12:00:00,0.3768,0.3777,0.3745,0.375,18761148
2023-01-27 13:00:00,0.375,0.3784,0.3725,0.376,40192383
2023-01-27 14:00:00,0.3761,0.3797,0.3744,0.3786,28623241
2023-01-27 15:00:00,0.3787,0.3812,0.3776,0.3785,32080860
2023-01-27 16:00:00,0.3784,0.382,0.3778,0.3811,28901143
2023-01-27 17:00:00,0.381,0.3839,0.3802,0.3832,38785637
2023-01-27 18:00:00,0.3833,0.384,0.3817,0.3831,26224143
2023-01-27 19:00:00,0.3831,0.3835,0.3818,0.3833,13698991
2023-01-27 20:00:00,0.3832,0.387,0.3812,0.3825,59425137
2023-01-27 21:00:00,0.3824,0.39,0.3818,0.3855,56544639
2023-01-27 22:00:00,0.3855,0.3877,0.3822,0.3849,24044548
2023-01-27 23:00:00,0.385,0.3915,0.3849,0.39,42461424
2023-01-28 00:00:00,0.3899,0.3981,0.3898,0.3964,78006732
2023-01-28 01:00:00,0.3963,0.398,0.3882,0.3933,77167605
2023-01-28 02:00:00,0.3934,0.3941,0.3865,0.3881,42300943
2023-01-28 03:00:00,0.3882,0.3898,0.3868,0.3887,22138563
2023-01-28 04:00:00,0.3888,0.3922,0.3886,0.3914,22643766
2023-01-28 05:00:00,0.3913,0.3944,0.3907,0.3941,24279503
2023-01-28 06:00:00,0.394,0.3941,0.3902,0.3916,17281837
2023-01-28 07:00:00,0.3915,0.3916,0.386,0.3888,31258742
2023-01-28 08:00:00,0.3888,0.3892,0.3847,0.3854,26314635
2023-01-28 09:00:00,0.3854,0.3871,0.3837,0.3868,21271705
2023-01-28 10:00:00,0.3868,0.3877,0.3846,0.3851,18127679
2023-01-28 11:00:00,0.3851,0.3869,0.384,0.3866,16481004
2023-01-28 12:00:00,0.3867,0.3868,0.3821,0.3841,34948286
2023-01-28 13:00:00,0.3841,0.3842,0.3781,0.3817,54838400
2023-01-28 14:00:00,0.3817,0.3828,0.3797,0.3798,22404301
2023-01-28 15:00:00,0.3799,0.3842,0.3788,0.3836,25394838
2023-01-28 16:00:00,0.3836,0.3865,0.3835,0.3858,22918517
2023-01-28 17:00:00,0.3859,0.3867,0.3817,0.3835,19921850
2023-01-28 18:00:00,0.3835,0.3843,0.3822,0.3836,11299134
2023-01-28 19:00:00,0.3836,0.3857,0.3833,0.3836,9335447
2023-01-28 20:00:00,0.3837,0.384,0.3791,0.3795,16562991
2023-01-28 21:00:00,0.3794,0.383,0.3786,0.3827,14722852
2023-01-28 22:00:00,0.3826,0.3828,0.3798,0.38,12940625
2023-01-28 23:00:00,0.3799,0.3824,0.3789,0.3818,11981363
2023-01-29 00:00:00,0.3818,0.3846,0.3766,0.3827,34953252
2023-01-29 01:00:00,0.3827,0.3906,0.3827,0.3873,55055060
2023-01-29 02:00:00,0.3873,0.3882,0.383,0.3859,38092178
2023-01-29 03:00:00,0.3859,0.387,0.3852,0.3862,10790416
2023-01-29 04:00:00,0.3861,0.3874,0.3839,0.3857,17252685
2023-01-29 05:00:00,0.3856,0.3875,0.3856,0.387,11736306
2023-01-29 06:00:00,0.3869,0.387,0.3848,0.385,10564091
2023-01-29 07:00:00,0.385,0.3865,0.3846,0.3863,8397688
2023-01-29 08:00:00,0.3862,0.3869,0.3855,0.3857,11371402
2023-01-29 09:00:00,0.3857,0.3888,0.3853,0.3884,18018417
2023-01-29 10:00:00,0.3884,0.3908,0.3882,0.3901,20979226
2023-01-29 11:00:00,0.3902,0.3915,0.3865,0.391,28613919
2023-01-29 12:00:00,0.391,0.3914,0.3886,0.3894,16427269
2023-01-29 13:00:00,0.3894,0.3916,0.3871,0.3885,31905524
2023-01-29 14:00:00,0.3884,0.3897,0.387,0.3893,20491889
2023-01-29 15:00:00,0.3894,0.3903,0.3882,0.3888,12745297
2023-01-29 16:00:00,0.3887,0.393,0.3876,0.3905,35548528
2023-01-29 17:00:00,0.3906,0.3944,0.39,0.3928,29210565
2023-01-29 18:00:00,0.3928,0.3943,0.3914,0.3938,22973251
2023-01-29 19:00:00,0.3938,0.3984,0.3931,0.3962,42430943
2023-01-29 20:00:00,0.3961,0.3969,0.3926,0.3947,42189154
2023-01-29 21:00:00,0.3947,0.3962,0.3936,0.3953,12734647
2023-01-29 22:00:00,0.3953,0.3966,0.3942,0.3953,13369231
2023-01-29 23:00:00,0.3953,0.3992,0.3943,0.3977,45765000
2023-01-30 00:00:00,0.3977,0.3984,0.3942,0.3963,49344552
2023-01-30 01:00:00,0.3964,0.3965,0.3916,0.3923,30123367
2023-01-30 02:00:00,0.3923,0.3924,0.3894,0.391,21456009
2023-01-30 03:00:00,0.391,0.393,0.3907,0.3924,14776007
2023-01-30 04:00:00,0.3924,0.3934,0.392,0.3924,13525114
2023-01-30 05:00:00,0.3924,0.3929,0.3904,0.3921,19017860
2023-01-30 06:00:00,0.3922,0.3933,0.3907,0.3915,16197692
2023-01-30 07:00:00,0.3914,0.3915,0.3877,0.3894,23581840
2023-01-30 08:00:00,0.3893,0.3907,0.3858,0.3873,23180044
2023-01-30 09:00:00,0.3873,0.3876,0.3745,0.3763,127146020
2023-01-30 10:00:00,0.3762,0.3803,0.3731,0.379,49895604
2023-01-30 11:00:00,0.379,0.3819,0.3774,0.3799,34102906
2023-01-30 12:00:00,0.3798,0.3813,0.3777,0.3793,30160291
2023-01-30 13:00:00,0.3794,0.3815,0.3793,0.3801,18773874
2023-01-30 14:00:00,0.3802,0.3854,0.38,0.3854,33540010
2023-01-30 15:00:00,0.3853,0.3855,0.3803,0.3823,33193842
2023-01-30 16:00:00,0.3824,0.3831,0.3794,0.3809,27619480
2023-01-30 17:00:00,0.3809,0.3839,0.3794,0.3805,31378434
2023-01-30 18:00:00,0.3806,0.3817,0.3786,0.3797,27779765
2023-01-30 19:00:00,0.3797,0.3798,0.3659,0.3724,96764493
2023-01-30 20:00:00,0.3724,0.3733,0.3647,0.37,53381340
2023-01-30 21:00:00,0.37,0.3718,0.3691,0.3698,17363746
2023-01-30 22:00:00,0.3698,0.3712,0.3663,0.3711,16407873
2023-01-30 23:00:00,0.3711,0.3726,0.3702,0.3723,21787064
2023-01-31 00:00:00,0.3723,0.3727,0.3683,0.3719,32447275
2023-01-31 01:00:00,0.3718,0.3734,0.3698,0.3724,20967859
2023-01-31 02:00:00,0.3725,0.3736,0.372,0.3721,15697982
2023-01-31 03:00:00,0.3722,0.3725,0.3708,0.372,15366194
2023-01-31 04:00:00,0.372,0.3729,0.3695,0.37,26264260
2023-01-31 05:00:00,0.3701,0.3715,0.3683,0.3684,27020456
2023-01-31 06:00:00,0.3685,0.3711,0.3682,0.3695,15209876
2023-01-31 07:00:00,0.3696,0.3747,0.3694,0.3743,25122925
2023-01-31 08:00:00,0.3743,0.3751,0.3723,0.3738,21813890
2023-01-31 09:00:00,0.3737,0.3751,0.3729,0.3732,12635341
2023-01-31 10:00:00,0.3733,0.3735,0.3706,0.3712,14637010
2023-01-31 11:00:00,0.3713,0.3735,0.3707,0.3723,18383378
2023-01-31 12:00:00,0.3724,0.3753,0.3723,0.3742,31757491
2023-01-31 13:00:00,0.3742,0.3789,0.3741,0.3785,55669902
2023-01-31 14:00:00,0.3785,0.382,0.3773,0.3807,69580747
2023-01-31 15:00:00,0.3806,0.3966,0.3805,0.3959,130959039
2023-01-31 16:00:00,0.3959,0.3999,0.389,0.3895,162393574
2023-01-31 17:00:00,0.3896,0.3902,0.3861,0.3874,45150825
2023-01-31 18:00:00,0.3874,0.3904,0.3865,0.3898,30195387
2023-01-31 19:00:00,0.3898,0.3942,0.3891,0.3933,38875887
2023-01-31 20:00:00,0.3934,0.3936,0.3889,0.3894,43419688
2023-01-31 21:00:00,0.3894,0.3903,0.383,0.3866,76861338
2023-01-31 22:00:00,0.3866,0.3907,0.3841,0.3886,31109567
2023-01-31 23:00:00,0.3886,0.3918,0.3872,0.3901,25761685
2023-02-01 00:00:00,0.3902,0.3916,0.3874,0.3882,31758460
2023-02-01 01:00:00,0.3882,0.3893,0.3851,0.3883,28711847
2023-02-01 02:00:00,0.3884,0.3888,0.3864,0.3887,15162228
2023-02-01 03:00:00,0.3886,0.3889,0.3862,0.388,14977838
2023-02-01 04:00:00,0.388,0.3887,0.3846,0.3861,18529566
2023-02-01 05:00:00,0.3862,0.3882,0.3849,0.3849,22425696
2023-02-01 06:00:00,0.385,0.3875,0.3808,0.3818,39927318
2023-02-01 07:00:00,0.3817,0.3836,0.3802,0.3824,20257271
2023-02-01 08:00:00,0.3823,0.3824,0.3779,0.3799,35111173
2023-02-01 09:00:00,0.3799,0.3822,0.3775,0.3817,22892404
2023-02-01 10:00:00,0.3817,0.3827,0.3788,0.3807,21833405
2023-02-01 11:00:00,0.3806,0.3829,0.3804,0.3819,15423060
2023-02-01 12:00:00,0.3819,0.3826,0.3809,0.3812,12958517
2023-02-01 13:00:00,0.3813,0.3834,0.3786,0.3815,35109765
2023-02-01 14:00:00,0.3815,0.3832,0.3793,0.3816,28674628
2023-02-01 15:00:00,0.3816,0.3823,0.373,0.3751,74250296
2023-02-01 16:00:00,0.3751,0.3763,0.3729,0.3753,35052996
2023-02-01 17:00:00,0.3753,0.3761,0.3705,0.3731,37245088
2023-02-01 18:00:00,0.3731,0.3795,0.3714,0.3786,47859061
2023-02-01 19:00:00,0.3786,0.3913,0.3731,0.3874,167946481
2023-02-01 20:00:00,0.3875,0.3934,0.3863,0.3925,86576283
2023-02-01 21:00:00,0.3926,0.3975,0.3926,0.3961,68768556
2023-02-01 22:00:00,0.3961,0.3996,0.3961,0.3983,39305230
2023-02-01 23:00:00,0.3984,0.4019,0.3959,0.397,52362198
2023-02-02 00:00:00,0.3971,0.4069,0.397,0.4047,98377646
2023-02-02 01:00:00,0.4047,0.4099,0.4003,0.4084,95873491
2023-02-02 02:00:00,0.4085,0.4097,0.4056,0.4093,45219542
2023-02-02 03:00:00,0.4093,0.4103,0.4064,0.4067,37230105
2023-02-02 04:00:00,0.4067,0.4079,0.4061,0.4066,22119282
2023-02-02 05:00:00,0.4067,0.4085,0.4043,0.4048,28457256
2023-02-02 06:00:00,0.4047,0.4051,0.4013,0.4018,35853408
2023-02-02 07:00:00,0.4019,0.4032,0.3995,0.4003,21685829
2023-02-02 08:00:00,0.4004,0.405,0.3978,0.4006,75048454
2023-02-02 09:00:00,0.4006,0.4051,0.3994,0.4049,24303209
2023-02-02 10:00:00,0.4048,0.4061,0.4034,0.4045,24323570
2023-02-02 11:00:00,0.4045,0.4068,0.4036,0.4061,24155416
2023-02-02 12:00:00,0.4061,0.4076,0.4044,0.4066,24459743
2023-02-02 13:00:00,0.4065,0.4066,0.4024,0.4036,31438611
2023-02-02 14:00:00,0.4035,0.4067,0.3991,0.4004,53030970
2023-02-02 15:00:00,0.4005,0.4059,0.3991,0.405,47340515
2023-02-02 16:00:00,0.4051,0.4082,0.4032,0.4048,39322064
2023-02-02 17:00:00,0.4048,0.4073,0.4035,0.406,23103847
2023-02-02 18:00:00,0.4059,0.4139,0.4057,0.4129,61162603
2023-02-02 19:00:00,0.4129,0.4129,0.4032,0.4053,53068631
2023-02-02 20:00:00,0.4053,0.4063,0.4031,0.4062,21453931
2023-02-02 21:00:00,0.4062,0.4081,0.3937,0.3944,75601739
2023-02-02 22:00:00,0.3944,0.4016,0.3918,0.4002,39507224
2023-02-02 23:00:00,0.4003,0.4017,0.3966,0.3983,25476318
2023-02-03 00:00:00,0.3982,0.4048,0.397,0.4021,41229110
2023-02-03 01:00:00,0.402,0.4026,0.3997,0.4005,16445562
2023-02-03 02:00:00,0.4005,0.4019,0.3976,0.3991,18764483
2023-02-03 03:00:00,0.3991,0.4001,0.396,0.4,38683421
2023-02-03 04:00:00,0.4001,0.4015,0.3991,0.4007,11907576
2023-02-03 05:00:00,0.4008,0.4024,0.4003,0.4022,10074970
2023-02-03 06:00:00,0.4022,0.403,0.4005,0.4009,12254138
2023-02-03 07:00:00,0.4009,0.402,0.3981,0.3994,17523375
2023-02-03 08:00:00,0.3995,0.4007,0.398,0.3996,21947424
2023-02-03 09:00:00,0.3995,0.4006,0.3985,0.3997,11530500
2023-02-03 10:00:00,0.3998,0.4027,0.3985,0.4012,18646752
2023-02-03 11:00:00,0.4012,0.4038,0.4003,0.4033,18382830
2023-02-03 12:00:00,0.4033,0.4044,0.4012,0.4032,18544070
2023-02-03 13:00:00,0.4031,0.4035,0.3959,0.398,72247657
2023-02-03 14:00:00,0.398,0.4044,0.3944,0.4024,85299447
2023-02-03 15:00:00,0.4024,0.4057,0.3996,0.4035,47543543
2023-02-03 16:00:00,0.4035,0.4066,0.4026,0.4028,30433514
2023-02-03 17:00:00,0.4028,0.4076,0.4026,0.4051,30581454
2023-02-03 18:00:00,0.4052,0.4065,0.4032,0.4054,30904003
2023-02-03 19:00:00,0.4054,0.4068,0.4032,0.4035,22478761
2023-02-03 20:00:00,0.4036,0.4044,0.4013,0.4028,25427375
2023-02-03 21:00:00,0.4027,0.4036,0.4013,0.4029,12857322
2023-02-03 22:00:00,0.4029,0.406,0.4017,0.4052,11164388
2023-02-03 23:00:00,0.4052,0.4057,0.4039,0.404,11482203
2023-02-04 00:00:00,0.4041,0.4041,0.4015,0.402,24006488
2023-02-04 01:00:00,0.4019,0.403,0.4001,0.4006,18951455
2023-02-04 02:00:00,0.4005,0.4013,0.3992,0.4011,15739469
2023-02-04 03:00:00,0.401,0.4014,0.3994,0.4005,9859817
2023-02-04 04:00:00,0.4004,0.4016,0.3993,0.4004,12287679
2023-02-04 05:00:00,0.4004,0.4004,0.3981,0.3991,13893879
2023-02-04 06:00:00,0.3991,0.4005,0.3974,0.4001,15686209
2023-02-04 07:00:00,0.4002,0.4015,0.3994,0.401,14031378
2023-02-04 08:00:00,0.4009,0.4011,0.3993,0.3994,8598145
2023-02-04 09:00:00,0.3995,0.4005,0.399,0.3999,9716779
2023-02-04 10:00:00,0.3999,0.4008,0.3996,0.4,9152135
2023-02-04 11:00:00,0.4,0.4025,0.3999,0.4007,18705830
2023-02-04 12:00:00,0.4008,0.4027,0.4001,0.4017,13606280
2023-02-04 13:00:00,0.4018,0.4058,0.4017,0.4042,34598948
2023-02-04 14:00:00,0.4043,0.4053,0.4029,0.4039,17131057
2023-02-04 15:00:00,0.4038,0.4041,0.4024,0.4038,14217405
2023-02-04 16:00:00,0.4039,0.404,0.4012,0.4035,21482087
2023-02-04 17:00:00,0.4036,0.4059,0.4018,0.4047,28124472
2023-02-04 18:00:00,0.4047,0.4056,0.4018,0.4038,28230228
2023-02-04 19:00:00,0.4037,0.4049,0.4036,0.4046,15275715
2023-02-04 20:00:00,0.4046,0.4048,0.4031,0.4035,11606662
2023-02-04 21:00:00,0.4034,0.404,0.4023,0.4033,8994148
2023-02-04 22:00:00,0.4033,0.4052,0.4023,0.4026,12617570
2023-02-04 23:00:00,0.4026,0.4035,0.3981,0.3993,33359007
2023-02-05 00:00:00,0.3994,0.4003,0.3937,0.3952,44099024
2023-02-05 01:00:00,0.3951,0.3974,0.3945,0.3965,20646146
2023-02-05 02:00:00,0.3964,0.3986,0.3958,0.396,17193035
2023-02-05 03:00:00,0.396,0.3975,0.3954,0.3969,12108730
2023-02-05 04:00:00,0.3969,0.3978,0.3957,0.3975,11273841
2023-02-05 05:00:00,0.3974,0.3991,0.3971,0.399,10563347
2023-02-05 06:00:00,0.399,0.4003,0.3977,0.3996,16416946
2023-02-05 07:00:00,0.3995,0.4014,0.399,0.401,16281522
2023-02-05 08:00:00,0.401,0.402,0.3995,0.4007,17021245
2023-02-05 09:00:00,0.4008,0.4015,0.3995,0.3998,13828495
2023-02-05 10:00:00,0.3998,0.4018,0.3997,0.4009,9925491
2023-02-05 11:00:00,0.4008,0.4011,0.3985,0.3993,16501808
2023-02-05 12:00:00,0.3993,0.4002,0.3873,0.3906,70316116
2023-02-05 13:00:00,0.3907,0.3942,0.389,0.3929,54873472
2023-02-05 14:00:00,0.3928,0.394,0.3914,0.3926,27726511
2023-02-05 15:00:00,0.3926,0.3938,0.3898,0.3907,26148471
2023-02-05 16:00:00,0.3908,0.3914,0.3876,0.3882,35217977
2023-02-05 17:00:00,0.3883,0.39,0.385,0.3863,57890796
2023-02-05 18:00:00,0.3863,0.3882,0.385,0.3859,24122402
2023-02-05 19:00:00,0.3859,0.3868,0.382,0.3862,39048061
2023-02-05 20:00:00,0.3861,0.3878,0.3853,0.3876,17000349
2023-02-05 21:00:00,0.3875,0.3878,0.3843,0.3873,24488402
2023-02-05 22:00:00,0.3874,0.3915,0.3868,0.3908,19529649
2023-02-05 23:00:00,0.3909,0.3933,0.3902,0.3922,22033862
2023-02-06 00:00:00,0.3922,0.4035,0.3922,0.3996,71983827
2023-02-06 01:00:00,0.3997,0.3998,0.3951,0.3954,35700183
2023-02-06 02:00:00,0.3955,0.397,0.3918,0.3925,26455601
2023-02-06 03:00:00,0.3925,0.394,0.3907,0.3919,22155730
2023-02-06 04:00:00,0.3919,0.3938,0.3916,0.3919,13429597
2023-02-06 05:00:00,0.3919,0.3921,0.3854,0.3908,61886500
2023-02-06 06:00:00,0.3907,0.3924,0.3894,0.3915,19167353
2023-02-06 07:00:00,0.3916,0.3926,0.3902,0.3925,18082125
2023-02-06 08:00:00,0.3925,0.3948,0.3923,0.3928,28613526
2023-02-06 09:00:00,0.3928,0.3932,0.3904,0.3912,18001054
2023-02-06 10:00:00,0.3913,0.3928,0.3898,0.3917,16356327
2023-02-06 11:00:00,0.3917,0.3927,0.3883,0.3915,34612737
2023-02-06 12:00:00,0.3916,0.3931,0.3898,0.3912,35293830
2023-02-06 13:00:00,0.3913,0.3928,0.3895,0.3902,24648985
2023-02-06 14:00:00,0.3901,0.3914,0.3881,0.3901,41338252
2023-02-06 15:00:00,0.3902,0.3946,0.3881,0.3944,50057382
2023-02-06 16:00:00,0.3944,0.3969,0.3916,0.3929,54971854
2023-02-06 17:00:00,0.393,0.3948,0.3922,0.3941,20643860
2023-02-06 18:00:00,0.3941,0.3954,0.3899,0.3926,42997745
2023-02-06 19:00:00,0.3927,0.395,0.3915,0.3925,23410045
2023-02-06 20:00:00,0.3925,0.3931,0.3902,0.3911,17840568
2023-02-06 21:00:00,0.391,0.3914,0.3872,0.3877,24575760
2023-02-06 22:00:00,0.3876,0.3883,0.3862,0.3863,17167142
2023-02-06 23:00:00,0.3862,0.3866,0.3792,0.382,75538200
2023-02-07 00:00:00,0.382,0.3838,0.3813,0.383,29284302
2023-02-07 01:00:00,0.3829,0.3842,0.3822,0.3838,19168475
2023-02-07 02:00:00,0.3838,0.3871,0.3833,0.387,16092770
2023-02-07 03:00:00,0.387,0.3872,0.3855,0.3862,18909547
2023-02-07 04:00:00,0.3863,0.3869,0.3851,0.3856,13448094
2023-02-07 05:00:00,0.3857,0.3868,0.3856,0.3862,11220200
2023-02-07 06:00:00,0.3862,0.3889,0.3857,0.3876,26654707
2023-02-07 07:00:00,0.3876,0.3878,0.3855,0.3857,21689673
2023-02-07 08:00:00,0.3856,0.3859,0.3834,0.385,28501982
2023-02-07 09:00:00,0.3851,0.3888,0.385,0.3886,30088429
2023-02-07 10:00:00,0.3886,0.3916,0.3879,0.3884,36615059
2023-02-07 11:00:00,0.3884,0.3902,0.3881,0.3885,18267750
2023-02-07 12:00:00,0.3885,0.3915,0.3878,0.3902,26333063
2023-02-07 13:00:00,0.3903,0.3904,0.3872,0.3889,29480497
2023-02-07 14:00:00,0.3888,0.3891,0.3864,0.3871,35087390
2023-02-07 15:00:00,0.3872,0.3874,0.3839,0.3855,34845099
2023-02-07 16:00:00,0.3855,0.388,0.384,0.3869,33820488
2023-02-07 17:00:00,0.3869,0.3944,0.3844,0.3938,73784415
2023-02-07 18:00:00,0.3939,0.3975,0.3828,0.3868,129641875
2023-02-07 19:00:00,0.3868,0.3924,0.3867,0.392,44012144
2023-02-07 20:00:00,0.3921,0.3961,0.3907,0.3954,33708769
2023-02-07 21:00:00,0.3953,0.3963,0.3942,0.396,29322762
2023-02-07 22:00:00,0.3959,0.4,0.3947,0.3975,31398269
2023-02-07 23:00:00,0.3975,0.3998,0.3975,0.3989,33941331
2023-02-08 00:00:00,0.399,0.403,0.3989,0.402,55291161
2023-02-08 01:00:00,0.402,0.4037,0.3996,0.3998,30243011
2023-02-08 02:00:00,0.3998,0.4005,0.3977,0.398,21670639
2023-02-08 03:00:00,0.3979,0.3994,0.3979,0.3989,11690229
2023-02-08 04:00:00,0.3988,0.4002,0.3988,0.3997,13145741
2023-02-08 05:00:00,0.3997,0.4008,0.3972,0.3977,22006259
2023-02-08 06:00:00,0.3978,0.3995,0.3956,0.3986,31714374
2023-02-08 07:00:00,0.3986,0.4005,0.398,0.4,19554721
2023-02-08 08:00:00,0.4,0.4001,0.3971,0.3974,17428331
2023-02-08 09:00:00,0.3975,0.3982,0.3964,0.3977,11848839
2023-02-08 10:00:00,0.3977,0.3981,0.3961,0.3981,16413562
2023-02-08 11:00:00,0.3981,0.399,0.3974,0.3988,15189185
2023-02-08 12:00:00,0.3988,0.3998,0.3968,0.398,27529242
2023-02-08 13:00:00,0.398,0.4007,0.3969,0.4004,32740734
2023-02-08 14:00:00,0.4003,0.4006,0.3967,0.3981,39213565
2023-02-08 15:00:00,0.3982,0.3982,0.3922,0.3925,61516913
2023-02-08 16:00:00,0.3925,0.3936,0.3853,0.3929,97182785
2023-02-08 17:00:00,0.3929,0.3955,0.3911,0.3938,41275803
2023-02-08 18:00:00,0.3938,0.3947,0.3903,0.3915,29331220
2023-02-08 19:00:00,0.3915,0.3938,0.391,0.3936,19071718
2023-02-08 20:00:00,0.3935,0.3935,0.3896,0.39,28479519
2023-02-08 21:00:00,0.3901,0.3945,0.3895,0.3941,18326303
2023-02-08 22:00:00,0.3942,0.3951,0.3929,0.3937,9989364
2023-02-08 23:00:00,0.3937,0.3954,0.3917,0.3944,22645989
2023-02-09 00:00:00,0.3944,0.3955,0.3921,0.395,29654847
2023-02-09 01:00:00,0.3951,0.3959,0.3916,0.3917,21033719
2023-02-09 02:00:00,0.3918,0.3924,0.384,0.3843,43772068
2023-02-09 03:00:00,0.3844,0.3848,0.377,0.3818,114044548
2023-02-09 04:00:00,0.3819,0.3836,0.3784,0.3827,36953642
2023-02-09 05:00:00,0.3828,0.3858,0.3826,0.3844,26619712
2023-02-09 06:00:00,0.3843,0.3879,0.3839,0.3876,26228787
2023-02-09 07:00:00,0.3875,0.3879,0.3854,0.3872,18177649
2023-02-09 08:00:00,0.3873,0.3892,0.3873,0.3884,25449168
2023-02-09 09:00:00,0.3884,0.3891,0.3864,0.3877,20439346
2023-02-09 10:00:00,0.3877,0.3879,0.3851,0.3856,16903171
2023-02-09 11:00:00,0.3856,0.3877,0.3847,0.3863,20144117
2023-02-09 12:00:00,0.3862,0.3879,0.3839,0.3858,29730381
2023-02-09 13:00:00,0.3857,0.3886,0.3855,0.3882,25830665
2023-02-09 14:00:00,0.3882,0.3907,0.3868,0.3878,56538848
2023-02-09 15:00:00,0.3878,0.3884,0.3856,0.386,31907472
2023-02-09 16:00:00,0.386,0.3875,0.3807,0.3823,47660686
2023-02-09 17:00:00,0.3823,0.3848,0.3807,0.3828,28025000
2023-02-09 18:00:00,0.3828,0.3839,0.3799,0.3806,40347402
2023-02-09 19:00:00,0.3806,0.3808,0.3663,0.3718,135671652
2023-02-09 20:00:00,0.3717,0.3717,0.3663,0.3691,62309088
2023-02-09 21:00:00,0.3692,0.3697,0.3606,0.3659,85717999
2023-02-09 22:00:00,0.366,0.3672,0.3536,0.3589,66867320
2023-02-09 23:00:00,0.359,0.3629,0.3578,0.362,49472857
2023-02-10 00:00:00,0.362,0.3624,0.3584,0.3594,43707929
2023-02-10 01:00:00,0.3594,0.3615,0.3585,0.3614,25422764
2023-02-10 02:00:00,0.3614,0.3635,0.3603,0.3631,20659429
2023-02-10 03:00:00,0.3631,0.3633,0.3602,0.3608,23185438
2023-02-10 04:00:00,0.3608,0.3613,0.3568,0.3586,29231612
2023-02-10 05:00:00,0.3585,0.3595,0.3536,0.3581,53152347
2023-02-10 06:00:00,0.3581,0.3619,0.3575,0.3618,26707449
2023-02-10 07:00:00,0.3618,0.3645,0.3606,0.3643,23145774
2023-02-10 08:00:00,0.3643,0.3649,0.3623,0.3632,22681786
2023-02-10 09:00:00,0.3632,0.365,0.3615,0.3619,25387943
2023-02-10 10:00:00,0.3619,0.3633,0.3612,0.3628,19613071
2023-02-10 11:00:00,0.3628,0.3633,0.3592,0.3599,44517224
2023-02-10 12:00:00,0.3599,0.3613,0.3582,0.3585,29182892
2023-02-10 13:00:00,0.3586,0.3626,0.3585,0.3608,25682937
2023-02-10 14:00:00,0.3609,0.3641,0.3602,0.3628,33700216
2023-02-10 15:00:00,0.3629,0.364,0.3566,0.3602,63289851
2023-02-10 16:00:00,0.3601,0.3623,0.358,0.3588,44535686
2023-02-10 17:00:00,0.3588,0.3612,0.3567,0.3609,35894939
2023-02-10 18:00:00,0.3609,0.3622,0.3597,0.3618,19798655
2023-02-10 19:00:00,0.3618,0.3656,0.3605,0.3646,28846837
2023-02-10 20:00:00,0.3646,0.3651,0.3635,0.3649,16458791
2023-02-10 21:00:00,0.3648,0.365,0.3551,0.358,88416030
2023-02-10 22:00:00,0.3581,0.3607,0.3552,0.3554,36652001
2023-02-10 23:00:00,0.3553,0.3591,0.354,0.3577,39609718
2023-02-11 00:00:00,0.3577,0.3593,0.3564,0.3588,30313153
2023-02-11 01:00:00,0.3588,0.3602,0.3568,0.3581,19821568
2023-02-11 02:00:00,0.3581,0.3599,0.3578,0.3591,15440826
2023-02-11 03:00:00,0.359,0.3615,0.359,0.3615,19057168
2023-02-11 04:00:00,0.3615,0.3619,0.3602,0.3609,17982411
2023-02-11 05:00:00,0.3609,0.3611,0.359,0.3596,11041077
2023-02-11 06:00:00,0.3595,0.3599,0.3583,0.359,9221727
2023-02-11 07:00:00,0.359,0.36,0.358,0.3593,12434701
2023-02-11 08:00:00,0.3593,0.36,0.3586,0.3597,13872353
2023-02-11 09:00:00,0.3598,0.3608,0.3589,0.3607,12753621
2023-02-11 10:00:00,0.3608,0.3608,0.3589,0.3597,10549315
2023-02-11 11:00:00,0.3598,0.3606,0.3593,0.3601,8525496
2023-02-11 12:00:00,0.36,0.362,0.3586,0.3592,21454302
2023-02-11 13:00:00,0.3591,0.3618,0.3587,0.3614,21462586
2023-02-11 14:00:00,0.3614,0.3623,0.3602,0.3622,16993852
2023-02-11 15:00:00,0.3623,0.3626,0.3604,0.3619,19554882
2023-02-11 16:00:00,0.3619,0.3621,0.36,0.3613,17102936
2023-02-11 17:00:00,0.3612,0.3617,0.3597,0.3608,11570622
2023-02-11 18:00:00,0.3609,0.3622,0.3594,0.3606,19209835
2023-02-11 19:00:00,0.3605,0.3621,0.3604,0.3619,7918571
2023-02-11 20:00:00,0.3619,0.3633,0.3613,0.3627,14758000
2023-02-11 21:00:00,0.3627,0.3674,0.3623,0.3673,28583616
2023-02-11 22:00:00,0.3674,0.3693,0.3664,0.3679,20810655
2023-02-11 23:00:00,0.3679,0.3701,0.3674,0.3683,20148404
2023-02-12 00:00:00,0.3683,0.3692,0.3663,0.3672,20721125
2023-02-12 01:00:00,0.3672,0.3679,0.366,0.3667,9007833
2023-02-12 02:00:00,0.3668,0.3673,0.3661,0.3673,7852189
2023-02-12 03:00:00,0.3672,0.3673,0.3655,0.3655,8996656
2023-02-12 04:00:00,0.3655,0.3661,0.3642,0.3652,10499803
2023-02-12 05:00:00,0.3652,0.3662,0.3649,0.3662,7319032
2023-02-12 06:00:00,0.3661,0.3667,0.3656,0.3667,10465462
2023-02-12 07:00:00,0.3667,0.3667,0.3657,0.3658,6854306
2023-02-12 08:00:00,0.3659,0.3672,0.3657,0.3661,8146704
2023-02-12 09:00:00,0.366,0.37,0.366,0.3694,21633602
2023-02-12 10:00:00,0.3694,0.3697,0.3673,0.3685,22616769
2023-02-12 11:00:00,0.3685,0.3693,0.368,0.3687,12924258
2023-02-12 12:00:00,0.3687,0.3697,0.3668,0.3676,18895018
2023-02-12 13:00:00,0.3676,0.3685,0.3662,0.3673,15363495
2023-02-12 14:00:00,0.3673,0.3702,0.3661,0.3688,26820825
2023-02-12 15:00:00,0.3688,0.3708,0.368,0.3697,23717493
2023-02-12 16:00:00,0.3697,0.3722,0.3682,0.3713,34116772
2023-02-12 17:00:00,0.3713,0.3732,0.371,0.371,22609507
2023-02-12 18:00:00,0.3711,0.3723,0.3707,0.3712,14310876
2023-02-12 19:00:00,0.3712,0.3732,0.3703,0.3725,15909410
2023-02-12 20:00:00,0.3724,0.3737,0.3706,0.371,13500638
2023-02-12 21:00:00,0.3711,0.3713,0.3627,0.3634,47674460
2023-02-12 22:00:00,0.3634,0.3652,0.3591,0.3645,43369791
2023-02-12 23:00:00,0.3645,0.3667,0.3623,0.3641,26730153
2023-02-13 00:00:00,0.3641,0.3655,0.3608,0.3638,35110464
2023-02-13 01:00:00,0.3639,0.3644,0.3576,0.3598,42007778
2023-02-13 02:00:00,0.3598,0.3614,0.3562,0.3608,32296778
2023-02-13 03:00:00,0.3609,0.3622,0.3598,0.362,17252578
2023-02-13 04:00:00,0.3621,0.3646,0.3615,0.3626,24205674
2023-02-13 05:00:00,0.3625,0.3634,0.3614,0.3618,12582875
2023-02-13 06:00:00,0.3618,0.3626,0.3614,0.3619,9127841
2023-02-13 07:00:00,0.362,0.3643,0.3612,0.3627,25504819
2023-02-13 08:00:00,0.3626,0.3627,0.3548,0.3552,54606562
2023-02-13 09:00:00,0.3552,0.3564,0.3461,0.3498,126186018
2023-02-13 10:00:00,0.3498,0.3525,0.3471,0.3524,46717733
2023-02-13 11:00:00,0.3524,0.3534,0.351,0.3516,27015773
2023-02-13 12:00:00,0.3515,0.3538,0.3505,0.3525,29693841
2023-02-13 13:00:00,0.3525,0.3534,0.351,0.3515,28475378
2023-02-13 14:00:00,0.3514,0.3549,0.3513,0.3547,37456246
2023-02-13 15:00:00,0.3547,0.3549,0.3513,0.3515,28612076
2023-02-13 16:00:00,0.3515,0.354,0.347,0.3485,53635679
2023-02-13 17:00:00,0.3486,0.3496,0.3445,0.3478,53291975
2023-02-13 18:00:00,0.3477,0.3533,0.3475,0.3522,33677246
2023-02-13 19:00:00,0.3521,0.3545,0.3519,0.3537,21408338
2023-02-13 20:00:00,0.3537,0.3564,0.3524,0.3556,30615034
2023-02-13 21:00:00,0.3556,0.3567,0.3549,0.3566,17268855
2023-02-13 22:00:00,0.3566,0.3577,0.3551,0.3566,19067842
2023-02-13 23:00:00,0.3566,0.3601,0.3564,0.3589,34928088
2023-02-14 00:00:00,0.359,0.3594,0.3564,0.3566,23667998
2023-02-14 01:00:00,0.3566,0.3572,0.355,0.3553,14354191
2023-02-14 02:00:00,0.3552,0.3574,0.3552,0.3557,14569983
2023-02-14 03:00:00,0.3557,0.357,0.3554,0.3559,11675342
2023-02-14 04:00:00,0.3559,0.3568,0.355,0.3553,9106199
2023-02-14 05:00:00,0.3554,0.3562,0.3542,0.3551,14377604
2023-02-14 06:00:00,0.355,0.3572,0.355,0.357,14741587
2023-02-14 07:00:00,0.3571,0.3595,0.3567,0.3595,18163069
2023-02-14 08:00:00,0.3594,0.3599,0.3571,0.358,18377833
2023-02-14 09:00:00,0.358,0.3624,0.3577,0.3613,30824355
2023-02-14 10:00:00,0.3613,0.3619,0.3604,0.3614,18393459
2023-02-14 11:00:00,0.3614,0.3621,0.3599,0.3619,18838937
2023-02-14 12:00:00,0.3618,0.3626,0.361,0.362,21297799
2023-02-14 13:00:00,0.362,0.3641,0.3562,0.3603,100911102
2023-02-14 14:00:00,0.3604,0.3707,0.3563,0.369,105190939
2023-02-14 15:00:00,0.3691,0.3819,0.369,0.3789,181778836
2023-02-14 16:00:00,0.3789,0.3808,0.3758,0.3798,93211596
2023-02-14 17:00:00,0.3798,0.3838,0.3788,0.3806,65001014
2023-02-14 18:00:00,0.3806,0.3866,0.3805,0.3861,66261297
2023-02-14 19:00:00,0.3861,0.393,0.3857,0.3889,116004158
2023-02-14 20:00:00,0.3889,0.3908,0.3861,0.388,58409030
2023-02-14 21:00:00,0.3879,0.3884,0.3851,0.3856,38603674
2023-02-14 22:00:00,0.3857,0.3868,0.385,0.3855,17656470
2023-02-14 23:00:00,0.3856,0.3882,0.3854,0.3867,32337851
2023-02-15 00:00:00,0.3867,0.3887,0.3836,0.385,51558045
2023-02-15 01:00:00,0.385,0.3853,0.3824,0.3831,30829787
2023-02-15 02:00:00,0.3831,0.3842,0.3824,0.3833,19805071
2023-02-15 03:00:00,0.3833,0.39,0.3831,0.3858,46387589
2023-02-15 04:00:00,0.3859,0.3867,0.3846,0.385,21007527
2023-02-15 05:00:00,0.3849,0.386,0.3838,0.3847,16482010
2023-02-15 06:00:00,0.3846,0.3868,0.3839,0.3845,19066926
2023-02-15 07:00:00,0.3845,0.3857,0.383,0.3834,19628945
2023-02-15 08:00:00,0.3835,0.3837,0.3816,0.3832,28638092
2023-02-15 09:00:00,0.3831,0.3853,0.3831,0.385,23896450
2023-02-15 10:00:00,0.385,0.3866,0.384,0.3856,21286991
2023-02-15 11:00:00,0.3856,0.3897,0.3852,0.3896,53221755
2023-02-15 12:00:00,0.3896,0.3953,0.3888,0.3925,83841267
2023-02-15 13:00:00,0.3925,0.3942,0.3912,0.3913,50424256
2023-02-15 14:00:00,0.3912,0.3921,0.3889,0.3903,44178600
2023-02-15 15:00:00,0.3902,0.3917,0.3889,0.3906,31797077
2023-02-15 16:00:00,0.3906,0.3918,0.3878,0.3885,43533111
2023-02-15 17:00:00,0.3885,0.3895,0.3873,0.3884,27621584
2023-02-15 18:00:00,0.3884,0.3915,0.3875,0.391,27390743
2023-02-15 19:00:00,0.391,0.3982,0.3898,0.3976,75248979
2023-02-15 20:00:00,0.3977,0.405,0.3968,0.4036,123787186
2023-02-15 21:00:00,0.4036,0.4049,0.4012,0.4022,48563035
2023-02-15 22:00:00,0.4023,0.4057,0.4013,0.4034,34752438
2023-02-15 23:00:00,0.4033,0.4207,0.4027,0.4193,111777319
2023-02-16 00:00:00,0.4193,0.422,0.41,0.4109,132226835
2023-02-16 01:00:00,0.4109,0.4141,0.4091,0.4118,45084051
2023-02-16 02:00:00,0.4118,0.4125,0.4091,0.4105,25208669
2023-02-16 03:00:00,0.4105,0.4123,0.4104,0.4118,19940157
2023-02-16 04:00:00,0.4118,0.4121,0.4085,0.4106,27255089
2023-02-16 05:00:00,0.4106,0.4118,0.4099,0.41,16804693
2023-02-16 06:00:00,0.41,0.411,0.4087,0.409,19825692
2023-02-16 07:00:00,0.4091,0.41,0.4051,0.4068,50087809
2023-02-16 08:00:00,0.4068,0.4077,0.4056,0.4058,19243285
2023-02-16 09:00:00,0.4058,0.4087,0.4054,0.408,23431884
2023-02-16 10:00:00,0.408,0.4087,0.4054,0.4058,22675635
2023-02-16 11:00:00,0.4057,0.4076,0.4035,0.4051,26602374
2023-02-16 12:00:00,0.4052,0.4065,0.4023,0.4056,27122826
2023-02-16 13:00:00,0.4056,0.4065,0.3978,0.3992,74695781
2023-02-16 14:00:00,0.3992,0.4026,0.3982,0.402,54105022
2023-02-16 15:00:00,0.4019,0.4133,0.4011,0.4126,79890183
2023-02-16 16:00:00,0.4126,0.4145,0.4019,0.4073,120598312
2023-02-16 17:00:00,0.4073,0.4103,0.4052,0.409,33600959
2023-02-16 18:00:00,0.409,0.4101,0.4072,0.4088,28467102
2023-02-16 19:00:00,0.4088,0.4092,0.404,0.4046,28449878
2023-02-16 20:00:00,0.4046,0.4046,0.3963,0.3999,74116312
2023-02-16 21:00:00,0.3998,0.4005,0.3953,0.3977,39260789
2023-02-16 22:00:00,0.3977,0.3985,0.3887,0.391,59585089
2023-02-16 23:00:00,0.391,0.3929,0.3865,0.3875,91330848
2023-02-17 00:00:00,0.3876,0.3925,0.3855,0.3922,59378578
2023-02-17 01:00:00,0.3922,0.3944,0.3913,0.3939,29209027
2023-02-17 02:00:00,0.3939,0.3968,0.3929,0.3958,24722746
2023-02-17 03:00:00,0.3958,0.3982,0.3956,0.3966,17899520
2023-02-17 04:00:00,0.3967,0.3986,0.3935,0.395,33766053
2023-02-17 05:00:00,0.395,0.3952,0.3926,0.3939,20001930
2023-02-17 06:00:00,0.3939,0.3957,0.3932,0.3943,23066334
2023-02-17 07:00:00,0.3942,0.3975,0.3937,0.394,17803888
2023-02-17 08:00:00,0.394,0.3952,0.3925,0.3952,27180333
2023-02-17 09:00:00,0.3953,0.3957,0.3933,0.3943,19832046
2023-02-17 10:00:00,0.3943,0.3951,0.3931,0.394,16121535
2023-02-17 11:00:00,0.3939,0.3961,0.3938,0.3959,17833039
2023-02-17 12:00:00,0.396,0.398,0.395,0.3978,29279799
2023-02-17 13:00:00,0.3978,0.3983,0.3956,0.3963,30094618
2023-02-17 14:00:00,0.3963,0.4021,0.3946,0.3974,82145078
2023-02-17 15:00:00,0.3974,0.402,0.3971,0.4008,55492449
2023-02-17 16:00:00,0.4008,0.4027,0.3963,0.4,53764082
2023-02-17 17:00:00,0.4,0.4072,0.3999,0.4036,68636110
2023-02-17 18:00:00,0.4037,0.4055,0.4027,0.4046,30223334
2023-02-17 19:00:00,0.4046,0.4076,0.4026,0.4071,32326676
2023-02-17 20:00:00,0.4071,0.4099,0.4059,0.4076,50495148
2023-02-17 21:00:00,0.4076,0.4092,0.4031,0.4035,31399559
2023-02-17 22:00:00,0.4034,0.4042,0.3974,0.404,51328259
2023-02-17 23:00:00,0.4041,0.4051,0.4029,0.4033,27504128
2023-02-18 00:00:00,0.4033,0.4057,0.4029,0.4041,26211814
2023-02-18 01:00:00,0.404,0.4069,0.4035,0.4064,19976902
2023-02-18 02:00:00,0.4064,0.407,0.4034,0.4041,17072254
2023-02-18 03:00:00,0.4041,0.4045,0.4027,0.4041,15518878
2023-02-18 04:00:00,0.4042,0.4052,0.4037,0.4037,12413817
2023-02-18 05:00:00,0.4038,0.4044,0.4036,0.4039,8645028
2023-02-18 06:00:00,0.404,0.4044,0.4027,0.4029,12421431
2023-02-18 07:00:00,0.4029,0.4029,0.3998,0.401,21493782
2023-02-18 08:00:00,0.4009,0.4019,0.3996,0.4018,16097704
2023-02-18 09:00:00,0.4018,0.4027,0.4012,0.4015,10798519
2023-02-18 10:00:00,0.4014,0.4018,0.3976,0.3979,25689159
2023-02-18 11:00:00,0.398,0.3997,0.3978,0.3989,16515311
2023-02-18 12:00:00,0.3988,0.4014,0.3981,0.4013,19114218
2023-02-18 13:00:00,0.4013,0.4029,0.4007,0.4009,20614084
2023-02-18 14:00:00,0.401,0.4029,0.4,0.402,22531908
2023-02-18 15:00:00,0.4019,0.4049,0.4011,0.4044,28999198
2023-02-18 16:00:00,0.4043,0.4189,0.4043,0.4074,156276524
2023-02-18 17:00:00,0.4073,0.4078,0.4037,0.4058,31887431
2023-02-18 18:00:00,0.4058,0.4076,0.4037,0.4051,25780132
2023-02-18 19:00:00,0.4051,0.4066,0.4028,0.4053,16736374
2023-02-18 20:00:00,0.4053,0.4057,0.402,0.4027,20773953
2023-02-18 21:00:00,0.4026,0.4056,0.4026,0.4056,14774311
2023-02-18 22:00:00,0.4056,0.4066,0.4046,0.4063,11277473
2023-02-18 23:00:00,0.4063,0.4071,0.4049,0.4061,16614735
2023-02-19 00:00:00,0.4062,0.4067,0.4043,0.4064,19055235
2023-02-19 01:00:00,0.4065,0.4066,0.4005,0.4021,31729400
2023-02-19 02:00:00,0.4022,0.4038,0.4021,0.4031,12247745
2023-02-19 03:00:00,0.4032,0.404,0.4017,0.4024,11731518
2023-02-19 04:00:00,0.4024,0.4038,0.4015,0.4032,13539360
2023-02-19 05:00:00,0.4032,0.4055,0.4023,0.4042,31951919
2023-02-19 06:00:00,0.4043,0.4047,0.4027,0.4035,19374835
2023-02-19 07:00:00,0.4034,0.4045,0.4014,0.4018,13692574
2023-02-19 08:00:00,0.4017,0.4033,0.4011,0.4024,11549761
2023-02-19 09:00:00,0.4024,0.4047,0.4023,0.403,13777177
2023-02-19 10:00:00,0.403,0.4053,0.4025,0.4038,19909998
2023-02-19 11:00:00,0.4038,0.4058,0.4034,0.4054,21501034
2023-02-19 12:00:00,0.4055,0.4079,0.4054,0.407,29567193
2023-02-19 13:00:00,0.4071,0.4084,0.4062,0.4062,22422683
2023-02-19 14:00:00,0.4063,0.4114,0.4061,0.4096,36891849
2023-02-19 15:00:00,0.4096,0.4123,0.4053,0.4108,69274878
2023-02-19 16:00:00,0.4109,0.4121,0.403,0.4077,80157011
2023-02-19 17:00:00,0.4077,0.4094,0.399,0.4006,83750199
2023-02-19 18:00:00,0.4006,0.4039,0.4003,0.4031,28909436
2023-02-19 19:00:00,0.4032,0.4041,0.4009,0.4013,13013924
2023-02-19 20:00:00,0.4012,0.4013,0.3965,0.4005,43390037
2023-02-19 21:00:00,0.4004,0.4032,0.3998,0.4031,18499015
2023-02-19 22:00:00,0.4032,0.4034,0.4011,0.4026,12210480
2023-02-19 23:00:00,0.4026,0.4031,0.3981,0.3994,30222841
2023-02-20 00:00:00,0.3994,0.4023,0.3979,0.3983,28486615
2023-02-20 01:00:00,0.3983,0.3991,0.3891,0.3961,67337042
2023-02-20 02:00:00,0.3961,0.3994,0.3953,0.399,18077800
2023-02-20 03:00:00,0.399,0.4019,0.3985,0.4017,23768872
2023-02-20 04:00:00,0.4016,0.404,0.4009,0.4034,24199135
2023-02-20 05:00:00,0.4034,0.404,0.4024,0.4039,16636404
2023-02-20 06:00:00,0.4039,0.4063,0.4032,0.4062,20598066
2023-02-20 07:00:00,0.4063,0.4091,0.4054,0.4078,29720523
2023-02-20 08:00:00,0.4078,0.4097,0.4052,0.4056,32132346
2023-02-20 09:00:00,0.4056,0.4089,0.403,0.4079,53150490
2023-02-20 10:00:00,0.4079,0.4097,0.4063,0.408,30358169
2023-02-20 11:00:00,0.408,0.4086,0.4055,0.4073,24326343
2023-02-20 12:00:00,0.4073,0.408,0.4038,0.4056,24372539
2023-02-20 13:00:00,0.4056,0.4072,0.4051,0.407,15616038
2023-02-20 14:00:00,0.4069,0.4091,0.4048,0.4087,45953928
2023-02-20 15:00:00,0.4087,0.4092,0.4067,0.4073,29768220
2023-02-20 16:00:00,0.4073,0.4077,0.401,0.4056,53024125
2023-02-20 17:00:00,0.4056,0.4065,0.4042,0.4052,23379797
2023-02-20 18:00:00,0.4052,0.4061,0.4037,0.4055,27432471
2023-02-20 19:00:00,0.4054,0.4073,0.4053,0.4059,19834065
2023-02-20 20:00:00,0.4059,0.4063,0.403,0.4036,19911232
2023-02-20 21:00:00,0.4035,0.4052,0.4031,0.4038,14689407
2023-02-20 22:00:00,0.4038,0.4083,0.4025,0.4029,61307836
2023-02-20 23:00:00,0.4028,0.4046,0.4025,0.404,21523707
2023-02-21 00:00:00,0.4039,0.4051,0.4014,0.4035,40275214
2023-02-21 01:00:00,0.4034,0.4036,0.4011,0.4012,25621970
2023-02-21 02:00:00,0.4012,0.4058,0.4005,0.4026,32727402
2023-02-21 03:00:00,0.4026,0.4043,0.4011,0.4018,17198186
2023-02-21 04:00:00,0.4018,0.4029,0.4002,0.4012,16516629
2023-02-21 05:00:00,0.4012,0.4025,0.401,0.4023,10858087
2023-02-21 06:00:00,0.4023,0.4052,0.402,0.4052,14189325
2023-02-21 07:00:00,0.4052,0.4052,0.4025,0.404,16784568
2023-02-21 08:00:00,0.404,0.4062,0.3925,0.3948,96203865
2023-02-21 09:00:00,0.3947,0.3981,0.3926,0.3975,48462174
2023-02-21 10:00:00,0.3975,0.3977,0.393,0.3951,33402802
2023-02-21 11:00:00,0.3952,0.3966,0.3932,0.3947,26439550
2023-02-21 12:00:00,0.3947,0.3962,0.3932,0.3954,27678262
2023-02-21 13:00:00,0.3953,0.3969,0.3918,0.3935,30072876
2023-02-21 14:00:00,0.3936,0.3965,0.3929,0.3944,36835145
2023-02-21 15:00:00,0.3944,0.3948,0.3894,0.3928,46451031
2023-02-21 16:00:00,0.3927,0.3929,0.3897,0.3908,32950799
2023-02-21 17:00:00,0.3908,0.3955,0.3904,0.3955,24042555
2023-02-21 18:00:00,0.3956,0.3966,0.3949,0.3958,21818192
2023-02-21 19:00:00,0.3958,0.3959,0.392,0.3942,20599671
2023-02-21 20:00:00,0.3943,0.396,0.3913,0.392,42645070
2023-02-21 21:00:00,0.3919,0.3929,0.3848,0.3886,65287855
2023-02-21 22:00:00,0.3886,0.3907,0.388,0.3904,19903333
2023-02-21 23:00:00,0.3904,0.3926,0.3897,0.3925,20268962
2023-02-22 00:00:00,0.3926,0.393,0.3889,0.3914,30994044
2023-02-22 01:00:00,0.3913,0.392,0.3833,0.3864,45691770
2023-02-22 02:00:00,0.3863,0.3869,0.3804,0.3868,76516481
2023-02-22 03:00:00,0.3867,0.389,0.3857,0.3881,28073468
2023-02-22 04:00:00,0.3881,0.3886,0.3857,0.3869,21124047
2023-02-22 05:00:00,0.3868,0.3869,0.3839,0.3858,23865603
2023-02-22 06:00:00,0.3857,0.3865,0.3823,0.383,30766844
2023-02-22 07:00:00,0.383,0.3856,0.3812,0.3846,28404372
2023-02-22 08:00:00,0.3846,0.3847,0.3783,0.3799,49387941
2023-02-22 09:00:00,0.3799,0.3861,0.379,0.385,50624858
2023-02-22 10:00:00,0.385,0.3873,0.3846,0.3867,30853539
2023-02-22 11:00:00,0.3866,0.3871,0.3843,0.386,21397129
2023-02-22 12:00:00,0.3859,0.3875,0.3848,0.3862,22909117
2023-02-22 13:00:00,0.3861,0.3875,0.3843,0.387,20108354
2023-02-22 14:00:00,0.387,0.3871,0.3825,0.3835,42388444
2023-02-22 15:00:00,0.3836,0.3841,0.3766,0.3795,77969464
2023-02-22 16:00:00,0.3795,0.3819,0.3784,0.3801,48286469
2023-02-22 17:00:00,0.3801,0.3802,0.3776,0.3795,26329604
2023-02-22 18:00:00,0.3794,0.3826,0.3792,0.3811,20910048
2023-02-22 19:00:00,0.3811,0.3861,0.3802,0.3827,68078988
2023-02-22 20:00:00,0.3828,0.3844,0.3817,0.3833,18592994
2023-02-22 21:00:00,0.3833,0.385,0.3824,0.3843,14537544
2023-02-22 22:00:00,0.3844,0.3877,0.3841,0.3875,16517006
2023-02-22 23:00:00,0.3875,0.3892,0.3871,0.3889,23097323
2023-02-23 00:00:00,0.3889,0.3898,0.3877,0.3887,24085179
2023-02-23 01:00:00,0.3886,0.3902,0.3881,0.3892,14793498
2023-02-23 02:00:00,0.3892,0.3949,0.3891,0.3937,39369518
2023-02-23 03:00:00,0.3937,0.3944,0.3912,0.3917,21759839
2023-02-23 04:00:00,0.3917,0.3924,0.3906,0.3924,10301506
2023-02-23 05:00:00,0.3924,0.3924,0.39,0.3909,21600099
2023-02-23 06:00:00,0.3909,0.3912,0.3893,0.3912,18311061
2023-02-23 07:00:00,0.3912,0.3938,0.391,0.3935,20256016
2023-02-23 08:00:00,0.3934,0.3938,0.3919,0.3921,13729939
2023-02-23 09:00:00,0.392,0.3931,0.3906,0.391,15592112
2023-02-23 10:00:00,0.391,0.3932,0.3905,0.393,16351722
2023-02-23 11:00:00,0.3931,0.3934,0.3829,0.3845,72477814
2023-02-23 12:00:00,0.3844,0.3877,0.3812,0.387,44823634
2023-02-23 13:00:00,0.3869,0.3906,0.3854,0.3871,45406334
2023-02-23 14:00:00,0.3871,0.3904,0.3862,0.387,34658654
2023-02-23 15:00:00,0.387,0.3872,0.3845,0.3853,25964665
2023-02-23 16:00:00,0.3853,0.3853,0.3823,0.3825,29655859
2023-02-23 17:00:00,0.3825,0.3844,0.3805,0.3807,31529578
2023-02-23 18:00:00,0.3807,0.3825,0.3792,0.382,31596582
2023-02-23 19:00:00,0.3819,0.3842,0.381,0.3837,20810231
2023-02-23 20:00:00,0.3837,0.3854,0.3829,0.3833,20192335
2023-02-23 21:00:00,0.3833,0.3844,0.3815,0.3816,11807269
2023-02-23 22:00:00,0.3816,0.3829,0.3792,0.3828,14021039
2023-02-23 23:00:00,0.3827,0.3832,0.3818,0.3822,15265346
2023-02-24 00:00:00,0.3821,0.3841,0.3808,0.3827,24124687
2023-02-24 01:00:00,0.3826,0.3852,0.382,0.3821,22162669
2023-02-24 02:00:00,0.3821,0.3829,0.3807,0.3814,17008215
2023-02-24 03:00:00,0.3814,0.3825,0.3794,0.3797,24045860
2023-02-24 04:00:00,0.3797,0.3818,0.3797,0.3802,22316729
2023-02-24 05:00:00,0.3801,0.3804,0.378,0.3799,19850129
2023-02-24 06:00:00,0.38,0.3818,0.3793,0.3812,16878678
2023-02-24 07:00:00,0.3811,0.3819,0.3794,0.3811,12487789
2023-02-24 08:00:00,0.3811,0.3824,0.38,0.3818,18898409
2023-02-24 09:00:00,0.3818,0.3827,0.3811,0.3812,15708979
2023-02-24 10:00:00,0.3812,0.3834,0.3785,0.3834,25902794
2023-02-24 11:00:00,0.3834,0.384,0.3822,0.3837,15678944
2023-02-24 12:00:00,0.3836,0.3851,0.3817,0.3821,24367178
2023-02-24 13:00:00,0.3821,0.3836,0.379,0.3792,50333572
2023-02-24 14:00:00,0.3792,0.3823,0.3775,0.3804,41031369
2023-02-24 15:00:00,0.3804,0.3807,0.3708,0.372,101598810
2023-02-24 16:00:00,0.3719,0.3722,0.3613,0.365,134741508
2023-02-24 17:00:00,0.3649,0.3675,0.3633,0.3653,39759134
2023-02-24 18:00:00,0.3652,0.366,0.3631,0.3652,27293804
2023-02-24 19:00:00,0.3653,0.3667,0.36,0.3664,55538175
2023-02-24 20:00:00,0.3664,0.3693,0.3657,0.3669,39893400
2023-02-24 21:00:00,0.367,0.367,0.3609,0.3624,23375382
2023-02-24 22:00:00,0.3624,0.3639,0.3576,0.3635,32436127
2023-02-24 23:00:00,0.3636,0.3669,0.3619,0.3656,41402446
2023-02-25 00:00:00,0.3656,0.3674,0.3652,0.3665,18605226
2023-02-25 01:00:00,0.3664,0.3672,0.3652,0.3665,9884683
2023-02-25 02:00:00,0.3665,0.3673,0.3639,0.3655,16277233
2023-02-25 03:00:00,0.3655,0.3656,0.3635,0.3637,12589193
2023-02-25 04:00:00,0.3637,0.3655,0.363,0.3649,12406883
2023-02-25 05:00:00,0.3649,0.3649,0.3614,0.3626,15880902
2023-02-25 06:00:00,0.3626,0.3653,0.3626,0.3651,8966019
2023-02-25 07:00:00,0.3651,0.3664,0.364,0.3662,11817253
2023-02-25 08:00:00,0.3662,0.3672,0.3656,0.3665,13682612
2023-02-25 09:00:00,0.3664,0.3666,0.3641,0.3649,15089138
2023-02-25 10:00:00,0.3648,0.3653,0.3611,0.3615,26112634
2023-02-25 11:00:00,0.3614,0.3629,0.361,0.3625,19026712
2023-02-25 12:00:00,0.3625,0.3633,0.3595,0.3632,44928805
2023-02-25 13:00:00,0.3633,0.3642,0.3624,0.3632,19364824
2023-02-25 14:00:00,0.3631,0.3647,0.3627,0.364,12463379
2023-02-25 15:00:00,0.3639,0.3649,0.3626,0.3639,11749556
2023-02-25 16:00:00,0.3639,0.3656,0.3628,0.3634,22086253
2023-02-25 17:00:00,0.3633,0.3644,0.3623,0.3629,14766354
2023-02-25 18:00:00,0.3629,0.363,0.3571,0.3584,34308115
2023-02-25 19:00:00,0.3583,0.3598,0.355,0.3582,49201739
2023-02-25 20:00:00,0.3581,0.3585,0.3507,0.3556,66765322
2023-02-25 21:00:00,0.3556,0.3556,0.3517,0.3549,30586975
2023-02-25 22:00:00,0.3548,0.3599,0.3538,0.3598,21007297
2023-02-25 23:00:00,0.3597,0.3621,0.3588,0.3617,26682375
2023-02-26 00:00:00,0.3617,0.3618,0.3581,0.3587,20459950
2023-02-26 01:00:00,0.3587,0.3595,0.3577,0.3584,14832950
2023-02-26 02:00:00,0.3585,0.3612,0.3575,0.361,15370826
2023-02-26 03:00:00,0.3611,0.3621,0.3603,0.3611,13908067
2023-02-26 04:00:00,0.3611,0.3622,0.36,0.3608,10666916
2023-02-26 05:00:00,0.3608,0.3613,0.3604,0.3605,6635827
2023-02-26 06:00:00,0.3604,0.3609,0.3597,0.3608,8189171
2023-02-26 07:00:00,0.3607,0.3619,0.3605,0.3616,9637338
2023-02-26 08:00:00,0.3615,0.3616,0.3603,0.3615,7400321
2023-02-26 09:00:00,0.3615,0.3638,0.3614,0.3636,14483241
2023-02-26 10:00:00,0.3635,0.3644,0.3628,0.3632,11461032
2023-02-26 11:00:00,0.3631,0.3642,0.3625,0.364,8546943
2023-02-26 12:00:00,0.364,0.3645,0.3619,0.3621,15415347
2023-02-26 13:00:00,0.3621,0.3633,0.362,0.3632,9953969
2023-02-26 14:00:00,0.3633,0.365,0.3621,0.3624,19364204
2023-02-26 15:00:00,0.3624,0.363,0.3613,0.3622,13438265
2023-02-26 16:00:00,0.3623,0.3631,0.3615,0.3617,13145281
2023-02-26 17:00:00,0.3617,0.3618,0.3585,0.3616,26324377
2023-02-26 18:00:00,0.3615,0.3665,0.3607,0.3662,33982054
2023-02-26 19:00:00,0.3663,0.3679,0.3645,0.3672,27332748
2023-02-26 20:00:00,0.3672,0.3694,0.3665,0.3691,24259028
2023-02-26 21:00:00,0.369,0.3702,0.3675,0.3689,24269326
2023-02-26 22:00:00,0.369,0.369,0.365,0.3668,20926166
2023-02-26 23:00:00,0.3668,0.3691,0.3665,0.3688,21364942
2023-02-27 00:00:00,0.3688,0.369,0.3655,0.3665,21851046
2023-02-27 01:00:00,0.3665,0.3673,0.3655,0.3672,15732795
2023-02-27 02:00:00,0.3672,0.3687,0.3659,0.367,11056898
2023-02-27 03:00:00,0.3669,0.3685,0.366,0.3663,13086619
2023-02-27 04:00:00,0.3663,0.3667,0.3635,0.3643,14728669
2023-02-27 05:00:00,0.3642,0.3648,0.3617,0.3627,17761726
2023-02-27 06:00:00,0.3627,0.364,0.3621,0.3632,11126150
2023-02-27 07:00:00,0.3633,0.3643,0.3626,0.3627,8878659
2023-02-27 08:00:00,0.3627,0.3635,0.3601,0.3603,18998565
2023-02-27 09:00:00,0.3603,0.3621,0.3595,0.3617,14960324
2023-02-27 10:00:00,0.3616,0.3627,0.3592,0.3608,13818247
2023-02-27 11:00:00,0.3608,0.3636,0.3607,0.3633,12762121
2023-02-27 12:00:00,0.3633,0.3639,0.361,0.3614,13856407
2023-02-27 13:00:00,0.3614,0.3668,0.3613,0.3663,35765455
2023-02-27 14:00:00,0.3662,0.3689,0.3661,0.3674,41576137
2023-02-27 15:00:00,0.3675,0.3698,0.3638,0.366,51454724
2023-02-27 16:00:00,0.366,0.3667,0.3607,0.3641,53372617
2023-02-27 17:00:00,0.3641,0.3645,0.3614,0.3624,18656299
2023-02-27 18:00:00,0.3623,0.3625,0.3571,0.3597,43157532
2023-02-27 19:00:00,0.3597,0.3618,0.3586,0.3596,22148725
2023-02-27 20:00:00,0.3596,0.3613,0.3575,0.3611,29443598
2023-02-27 21:00:00,0.3611,0.3631,0.3602,0.3629,15232987
2023-02-27 22:00:00,0.363,0.3649,0.3623,0.3636,13216160
2023-02-27 23:00:00,0.3637,0.365,0.363,0.3646,15576689
2023-02-28 00:00:00,0.3646,0.3652,0.3636,0.3646,18549570
2023-02-28 01:00:00,0.3647,0.3659,0.3628,0.363,15750107
2023-02-28 02:00:00,0.3631,0.3649,0.3622,0.3648,11665004
2023-02-28 03:00:00,0.3648,0.3679,0.3645,0.3664,14047317
2023-02-28 04:00:00,0.3664,0.3672,0.3641,0.3658,14663055
2023-02-28 05:00:00,0.3659,0.3661,0.3634,0.3638,13938381
2023-02-28 06:00:00,0.3639,0.3651,0.3633,0.3644,10546947
2023-02-28 07:00:00,0.3645,0.3648,0.3597,0.36,32988054
2023-02-28 08:00:00,0.3599,0.3619,0.3588,0.3608,23821040
2023-02-28 09:00:00,0.3609,0.3619,0.36,0.3608,15206431
2023-02-28 10:00:00,0.3609,0.3632,0.3601,0.3629,14655080
2023-02-28 11:00:00,0.363,0.3633,0.3611,0.3624,13939657
2023-02-28 12:00:00,0.3624,0.3645,0.3623,0.3636,15855165
2023-02-28 13:00:00,0.3636,0.3642,0.3607,0.3617,21646311
2023-02-28 14:00:00,0.3617,0.3645,0.3605,0.3616,33165411
2023-02-28 15:00:00,0.3616,0.3634,0.3602,0.3629,28502224
2023-02-28 16:00:00,0.3629,0.3639,0.3603,0.3607,16720531
2023-02-28 17:00:00,0.3607,0.3634,0.3603,0.3628,13101822
2023-02-28 18:00:00,0.3627,0.3629,0.3603,0.361,12937431
2023-02-28 19:00:00,0.361,0.3611,0.3542,0.3544,48089769
2023-02-28 20:00:00,0.3544,0.3551,0.3518,0.3536,34051405
2023-02-28 21:00:00,0.3535,0.3536,0.3481,0.3504,61216135
2023-02-28 22:00:00,0.3504,0.3527,0.349,0.3522,17567898
2023-02-28 23:00:00,0.3522,0.3532,0.3506,0.3516,21703228
2023-03-01 00:00:00,0.3515,0.3533,0.349,0.3502,30023240
2023-03-01 01:00:00,0.3501,0.354,0.3494,0.3531,24866773
2023-03-01 02:00:00,0.3531,0.3551,0.3527,0.3551,13948496
2023-03-01 03:00:00,0.3551,0.3585,0.3547,0.3577,26237223
2023-03-01 04:00:00,0.3577,0.3621,0.3566,0.362,26814207
2023-03-01 05:00:00,0.362,0.3635,0.3606,0.3614,23175833
2023-03-01 06:00:00,0.3613,0.3623,0.3605,0.3614,15096263
2023-03-01 07:00:00,0.3615,0.3619,0.36,0.3602,13960759
2023-03-01 08:00:00,0.3603,0.364,0.3592,0.3621,26281432
2023-03-01 09:00:00,0.362,0.3622,0.3601,0.3611,21895263
2023-03-01 10:00:00,0.361,0.3623,0.36,0.3623,11836398
2023-03-01 11:00:00,0.3623,0.3632,0.3615,0.363,16795875
2023-03-01 12:00:00,0.363,0.3635,0.3619,0.3623,12994858
2023-03-01 13:00:00,0.3623,0.3628,0.36,0.3616,22440483
2023-03-01 14:00:00,0.3615,0.3644,0.3599,0.3613,27721967
2023-03-01 15:00:00,0.3613,0.3626,0.3601,0.3613,25907097
2023-03-01 16:00:00,0.3613,0.3621,0.3582,0.3608,23262043
2023-03-01 17:00:00,0.3609,0.3617,0.36,0.3609,13414625
2023-03-01 18:00:00,0.3609,0.3617,0.3595,0.3603,15481071
2023-03-01 19:00:00,0.3603,0.3605,0.3555,0.3566,28447339
2023-03-01 20:00:00,0.3566,0.3589,0.3554,0.3582,21623411
2023-03-01 21:00:00,0.3583,0.3607,0.3573,0.3592,16057079
2023-03-01 22:00:00,0.3593,0.3602,0.3579,0.3586,10427648
2023-03-01 23:00:00,0.3586,0.3607,0.358,0.3599,16939148
2023-03-02 00:00:00,0.36,0.3613,0.3575,0.3576,35141107
2023-03-02 01:00:00,0.3577,0.3585,0.3542,0.3562,33030133
2023-03-02 02:00:00,0.3561,0.3565,0.3535,0.3546,20764820
2023-03-02 03:00:00,0.3546,0.3558,0.3533,0.3556,13639411
2023-03-02 04:00:00,0.3555,0.3573,0.3553,0.3573,13465332
2023-03-02 05:00:00,0.3572,0.3573,0.3544,0.3549,10934978
2023-03-02 06:00:00,0.355,0.3561,0.3535,0.3547,17200709
2023-03-02 07:00:00,0.3547,0.3556,0.3539,0.3548,13542975
2023-03-02 08:00:00,0.3549,0.3553,0.3528,0.3546,18395822
2023-03-02 09:00:00,0.3545,0.3549,0.3514,0.3519,18574689
2023-03-02 10:00:00,0.3519,0.3533,0.3495,0.3514,32689849
2023-03-02 11:00:00,0.3513,0.3521,0.3486,0.3513,32839548
2023-03-02 12:00:00,0.3512,0.3517,0.3486,0.3506,25862377
2023-03-02 13:00:00,0.3506,0.3524,0.3492,0.3507,31265118
2023-03-02 14:00:00,0.3507,0.3517,0.3468,0.3496,49789254
2023-03-02 15:00:00,0.3496,0.3503,0.3461,0.3479,37413559
2023-03-02 16:00:00,0.3478,0.3485,0.3442,0.346,37979732
2023-03-02 17:00:00,0.3459,0.3471,0.3445,0.3469,25788724
2023-03-02 18:00:00,0.3468,0.3491,0.3459,0.3491,24338907
2023-03-02 19:00:00,0.3491,0.3504,0.3476,0.3499,26576084
2023-03-02 20:00:00,0.3498,0.3515,0.349,0.3496,22138749
2023-03-02 21:00:00,0.3496,0.35,0.3487,0.3488,17171270
2023-03-02 22:00:00,0.3487,0.351,0.3487,0.3494,9210545
2023-03-02 23:00:00,0.3493,0.3503,0.3485,0.3502,14305834
2023-03-03 00:00:00,0.3503,0.3508,0.3471,0.348,25845868
2023-03-03 01:00:00,0.348,0.3485,0.317,0.3266,237113258
2023-03-03 02:00:00,0.3265,0.3303,0.3252,0.3301,76325650
2023-03-03 03:00:00,0.33,0.3311,0.329,0.3299,35153822
2023-03-03 04:00:00,0.3298,0.3364,0.3293,0.3351,77907908
2023-03-03 05:00:00,0.3351,0.337,0.335,0.3367,23299994
2023-03-03 06:00:00,0.3367,0.3371,0.3352,0.3361,17532955
2023-03-03 07:00:00,0.336,0.3373,0.3353,0.3367,18399264
2023-03-03 08:00:00,0.3367,0.3381,0.3364,0.3379,16796778
2023-03-03 09:00:00,0.3379,0.3388,0.3371,0.3377,18312301
2023-03-03 10:00:00,0.3376,0.3394,0.3371,0.339,16243153
2023-03-03 11:00:00,0.339,0.3399,0.3377,0.3384,20035628
2023-03-03 12:00:00,0.3384,0.3393,0.3367,0.3372,22277620
2023-03-03 13:00:00,0.3371,0.339,0.3355,0.3382,44409430
2023-03-03 14:00:00,0.3382,0.3397,0.3377,0.3391,32078182
2023-03-03 15:00:00,0.3392,0.3406,0.3366,0.3373,38509448
2023-03-03 16:00:00,0.3372,0.3385,0.3366,0.3384,15320384
2023-03-03 17:00:00,0.3384,0.3405,0.3384,0.3402,18407400
2023-03-03 18:00:00,0.3402,0.3414,0.337,0.3378,29575586
2023-03-03 19:00:00,0.3377,0.3395,0.3364,0.3394,18231616
2023-03-03 20:00:00,0.3394,0.3404,0.338,0.3388,17080704
2023-03-03 21:00:00,0.3389,0.3412,0.337,0.3402,33649074
2023-03-03 22:00:00,0.3403,0.3428,0.3402,0.3422,23246836
2023-03-03 23:00:00,0.3423,0.3436,0.3394,0.3428,74510765
2023-03-04 00:00:00,0.3427,0.3444,0.342,0.3427,29073237
2023-03-04 01:00:00,0.3428,0.3446,0.341,0.3414,19365487
2023-03-04 02:00:00,0.3414,0.3418,0.3404,0.3408,9883574
2023-03-04 03:00:00,0.3408,0.3412,0.3403,0.3407,7939892
2023-03-04 04:00:00,0.3407,0.342,0.3395,0.3404,12124698
2023-03-04 05:00:00,0.3403,0.3407,0.3388,0.3396,14470204
2023-03-04 06:00:00,0.3395,0.3416,0.3393,0.3408,10360876
2023-03-04 07:00:00,0.3408,0.3418,0.3408,0.3413,8425297
2023-03-04 08:00:00,0.3414,0.3415,0.3403,0.3409,10253688
2023-03-04 09:00:00,0.341,0.3422,0.3409,0.3418,9218672
2023-03-04 10:00:00,0.3418,0.3421,0.3407,0.3409,10971287
2023-03-04 11:00:00,0.3408,0.3417,0.3406,0.3414,9386705
2023-03-04 12:00:00,0.3415,0.3421,0.3411,0.3418,9406675
2023-03-04 13:00:00,0.3419,0.3419,0.3409,0.341,7005969
2023-03-04 14:00:00,0.341,0.3413,0.3397,0.34,11259179
2023-03-04 15:00:00,0.3399,0.3404,0.3392,0.3395,13733053
2023-03-04 16:00:00,0.3395,0.3402,0.3394,0.3395,9846134
2023-03-04 17:00:00,0.3395,0.3397,0.3385,0.3389,13108984
2023-03-04 18:00:00,0.3389,0.339,0.3371,0.3381,17061176
2023-03-04 19:00:00,0.3381,0.339,0.335,0.3355,25330354
2023-03-04 20:00:00,0.3355,0.3359,0.3312,0.3349,43619430
2023-03-04 21:00:00,0.335,0.3352,0.33,0.3322,55797127
2023-03-04 22:00:00,0.3321,0.3366,0.3304,0.3336,26137940
2023-03-04 23:00:00,0.3337,0.3365,0.3334,0.3364,23644976
2023-03-05 00:00:00,0.3363,0.3369,0.3345,0.3368,20075893
2023-03-05 01:00:00,0.3369,0.3416,0.3362,0.3416,43876111
2023-03-05 02:00:00,0.3416,0.3429,0.335,0.3388,46901660
2023-03-05 03:00:00,0.3388,0.3409,0.3387,0.3397,13628384
2023-03-05 04:00:00,0.3397,0.3412,0.3395,0.3408,11866217
2023-03-05 05:00:00,0.3407,0.341,0.3393,0.3395,7564294
2023-03-05 06:00:00,0.3395,0.34,0.339,0.3396,6773840
2023-03-05 07:00:00,0.3396,0.3397,0.3385,0.3387,7717713
2023-03-05 08:00:00,0.3388,0.3388,0.337,0.3374,10224159
2023-03-05 09:00:00,0.3375,0.3386,0.3369,0.3377,9435620
2023-03-05 10:00:00,0.3377,0.3394,0.3377,0.3391,9324478
2023-03-05 11:00:00,0.3392,0.3398,0.3377,0.3383,12801624
2023-03-05 12:00:00,0.3382,0.3402,0.338,0.3397,14669376
2023-03-05 13:00:00,0.3398,0.3411,0.3397,0.34,19070277
2023-03-05 14:00:00,0.3401,0.3406,0.3387,0.3389,17645519
2023-03-05 15:00:00,0.3389,0.34,0.3384,0.3385,12946754
2023-03-05 16:00:00,0.3385,0.3388,0.3371,0.3372,11186424
2023-03-05 17:00:00,0.3372,0.3383,0.3366,0.337,13490545
2023-03-05 18:00:00,0.337,0.3374,0.336,0.3365,9255351
2023-03-05 19:00:00,0.3366,0.3371,0.3354,0.3365,16705427
2023-03-05 20:00:00,0.3366,0.3387,0.3365,0.3379,12080500
2023-03-05 21:00:00,0.338,0.3405,0.3359,0.3383,30971034
2023-03-05 22:00:00,0.3383,0.3384,0.3363,0.338,14339686
2023-03-05 23:00:00,0.338,0.338,0.3341,0.3367,30397999
2023-03-06 00:00:00,0.3367,0.3386,0.3344,0.3376,26126210
2023-03-06 01:00:00,0.3376,0.3384,0.3317,0.3329,47986583
2023-03-06 02:00:00,0.3329,0.3346,0.3302,0.3343,48457082
2023-03-06 03:00:00,0.3343,0.3353,0.3343,0.3349,16863256
2023-03-06 04:00:00,0.3349,0.336,0.3334,0.3336,19037450
2023-03-06 05:00:00,0.3336,0.3338,0.3319,0.333,17917153
2023-03-06 06:00:00,0.333,0.3343,0.3329,0.3336,11468316
2023-03-06 07:00:00,0.3336,0.3341,0.3324,0.3328,11355667
2023-03-06 08:00:00,0.3328,0.3341,0.3311,0.3339,14597610
2023-03-06 09:00:00,0.334,0.3343,0.3329,0.3338,14911252
2023-03-06 10:00:00,0.3338,0.3346,0.332,0.3331,17423190
2023-03-06 11:00:00,0.3331,0.3333,0.3305,0.331,14793758
2023-03-06 12:00:00,0.331,0.3319,0.3288,0.331,25974602
2023-03-06 13:00:00,0.3311,0.333,0.3307,0.3327,17846379
2023-03-06 14:00:00,0.3327,0.3342,0.3313,0.3341,25618297
2023-03-06 15:00:00,0.334,0.3364,0.3325,0.3356,31760803
2023-03-06 16:00:00,0.3357,0.3369,0.3335,0.3347,27327946
2023-03-06 17:00:00,0.3347,0.3347,0.3331,0.334,17274389
2023-03-06 18:00:00,0.334,0.3354,0.3335,0.3344,16112379
2023-03-06 19:00:00,0.3343,0.3352,0.3308,0.3315,31845006
2023-03-06 20:00:00,0.3315,0.3319,0.3295,0.3302,25279167
2023-03-06 21:00:00,0.3302,0.332,0.3289,0.3309,23298450
2023-03-06 22:00:00,0.3309,0.3316,0.3303,0.3311,10419532
2023-03-06 23:00:00,0.331,0.3312,0.3296,0.3302,23685405
2023-03-07 00:00:00,0.3303,0.3312,0.3273,0.3312,41998223
2023-03-07 01:00:00,0.3313,0.3347,0.331,0.3338,38962066
2023-03-07 02:00:00,0.3339,0.334,0.3326,0.3339,17563101
2023-03-07 03:00:00,0.334,0.3347,0.3324,0.3327,12634653
2023-03-07 04:00:00,0.3327,0.3332,0.3323,0.3327,8124408
2023-03-07 05:00:00,0.3326,0.3331,0.3322,0.3326,8491341
2023-03-07 06:00:00,0.3326,0.3327,0.3305,0.3319,24738448
2023-03-07 07:00:00,0.3318,0.332,0.3305,0.3307,13489133
2023-03-07 08:00:00,0.3306,0.3317,0.3302,0.3314,10324844
2023-03-07 09:00:00,0.3313,0.3315,0.3277,0.3286,28447386
2023-03-07 10:00:00,0.3286,0.3301,0.3258,0.327,25757466
2023-03-07 11:00:00,0.3269,0.328,0.3252,0.326,38263009
2023-03-07 12:00:00,0.3259,0.3282,0.3253,0.3276,26563440
2023-03-07 13:00:00,0.3276,0.3281,0.3259,0.3263,18314464
2023-03-07 14:00:00,0.3263,0.3272,0.3244,0.3256,48213897
2023-03-07 15:00:00,0.3255,0.3292,0.3204,0.3274,150726605
2023-03-07 16:00:00,0.3274,0.3289,0.3245,0.3256,41837872
2023-03-07 17:00:00,0.3257,0.3296,0.3251,0.3292,25748559
2023-03-07 18:00:00,0.3292,0.3297,0.3267,0.3279,21330339
2023-03-07 19:00:00,0.3279,0.3327,0.3278,0.3305,42861904
2023-03-07 20:00:00,0.3305,0.3315,0.329,0.3291,40216916
2023-03-07 21:00:00,0.3291,0.3292,0.3253,0.3276,44323419
2023-03-07 22:00:00,0.3277,0.3282,0.3245,0.3282,25462763
2023-03-07 23:00:00,0.3281,0.3307,0.3278,0.3303,24918561
2023-03-08 00:00:00,0.3303,0.3327,0.3303,0.3321,30525193
2023-03-08 01:00:00,0.3321,0.3323,0.3291,0.3292,26278407
2023-03-08 02:00:00,0.3292,0.33,0.3284,0.3289,16923950
2023-03-08 03:00:00,0.3289,0.3294,0.3265,0.3285,14313860
2023-03-08 04:00:00,0.3285,0.3295,0.3282,0.3291,10062035
2023-03-08 05:00:00,0.3291,0.3291,0.3222,0.3226,47805595
2023-03-08 06:00:00,0.3226,0.3245,0.3214,0.3241,31704486
2023-03-08 07:00:00,0.3241,0.3241,0.3218,0.3222,19744291
2023-03-08 08:00:00,0.3222,0.3246,0.321,0.3235,26982569
2023-03-08 09:00:00,0.3234,0.3248,0.3228,0.3241,18323423
2023-03-08 10:00:00,0.3242,0.3256,0.3236,0.3247,22096974
2023-03-08 11:00:00,0.3248,0.3252,0.3237,0.324,20625810
2023-03-08 12:00:00,0.324,0.3243,0.3211,0.3217,26808221
2023-03-08 13:00:00,0.3216,0.3242,0.3191,0.3196,92007894
2023-03-08 14:00:00,0.3196,0.321,0.3163,0.3187,78036363
2023-03-08 15:00:00,0.3187,0.3259,0.3175,0.3249,87915664
2023-03-08 16:00:00,0.325,0.3268,0.3221,0.3242,36338134
2023-03-08 17:00:00,0.3242,0.3242,0.322,0.3221,17584602
2023-03-08 18:00:00,0.3221,0.3232,0.3188,0.3215,30730612
2023-03-08 19:00:00,0.3214,0.3227,0.3207,0.3217,19485200
2023-03-08 20:00:00,0.3217,0.3241,0.32,0.324,23931039
2023-03-08 21:00:00,0.3241,0.3249,0.3205,0.3218,26985175
2023-03-08 22:00:00,0.3218,0.3218,0.3128,0.3163,65781404
2023-03-08 23:00:00,0.3162,0.3193,0.3147,0.3175,63955253
2023-03-09 00:00:00,0.3174,0.3177,0.3146,0.3163,44272443
2023-03-09 01:00:00,0.3162,0.3175,0.3147,0.3155,31393528
2023-03-09 02:00:00,0.3155,0.3192,0.3155,0.3185,18303584
2023-03-09 03:00:00,0.3184,0.3194,0.3177,0.3192,16556561
2023-03-09 04:00:00,0.3192,0.3199,0.318,0.3186,13973842
2023-03-09 05:00:00,0.3186,0.3194,0.3179,0.3189,16638701
2023-03-09 06:00:00,0.3188,0.3194,0.3177,0.3193,14753723
2023-03-09 07:00:00,0.3192,0.3193,0.3153,0.3163,21369200
2023-03-09 08:00:00,0.3162,0.3171,0.3124,0.3151,50648504
2023-03-09 09:00:00,0.3151,0.3163,0.314,0.3151,29181895
2023-03-09 10:00:00,0.315,0.3157,0.3132,0.3154,28202588
2023-03-09 11:00:00,0.3155,0.3176,0.315,0.3173,21916947
2023-03-09 12:00:00,0.3174,0.3179,0.3156,0.316,19645353
2023-03-09 13:00:00,0.3159,0.3184,0.3145,0.318,44473065
2023-03-09 14:00:00,0.3181,0.322,0.3178,0.3195,52781065
2023-03-09 15:00:00,0.3196,0.3212,0.3182,0.3183,28053541
2023-03-09 16:00:00,0.3182,0.3197,0.3148,0.3154,53846134
2023-03-09 17:00:00,0.3154,0.3171,0.314,0.3169,31596220
2023-03-09 18:00:00,0.3169,0.3177,0.3111,0.312,95219578
2023-03-09 19:00:00,0.3121,0.3122,0.3073,0.3093,116639136
2023-03-09 20:00:00,0.3094,0.3099,0.3002,0.3016,192081404
2023-03-09 21:00:00,0.3015,0.3102,0.3015,0.3042,125178449
2023-03-09 22:00:00,0.3043,0.3078,0.3041,0.3045,47486411
2023-03-09 23:00:00,0.3045,0.3103,0.3044,0.3097,42769034
2023-03-10 00:00:00,0.3097,0.31,0.3045,0.3055,67283776
2023-03-10 01:00:00,0.3055,0.3096,0.3031,0.3085,81068494
2023-03-10 02:00:00,0.3086,0.309,0.3061,0.3071,23064633
2023-03-10 03:00:00,0.307,0.3099,0.3067,0.3083,21614475
2023-03-10 04:00:00,0.3082,0.309,0.3064,0.3075,35965293
2023-03-10 05:00:00,0.3074,0.309,0.3058,0.3082,29168851
2023-03-10 06:00:00,0.3081,0.3087,0.3043,0.3053,30529222
2023-03-10 07:00:00,0.3054,0.3078,0.3038,0.3063,46037918
2023-03-10 08:00:00,0.3064,0.3078,0.3052,0.3058,22896024
2023-03-10 09:00:00,0.3059,0.3064,0.3009,0.3015,59253781
2023-03-10 10:00:00,0.3015,0.3025,0.297,0.2998,132717340
2023-03-10 11:00:00,0.2998,0.3043,0.2998,0.3037,52878535
2023-03-10 12:00:00,0.3037,0.3077,0.3016,0.3069,80762701
2023-03-10 13:00:00,0.3068,0.318,0.3056,0.3145,138352763
2023-03-10 14:00:00,0.3146,0.3151,0.3075,0.3099,113751593
2023-03-10 15:00:00,0.3099,0.3135,0.3095,0.3131,69367402
2023-03-10 16:00:00,0.3132,0.3172,0.311,0.312,67780934
2023-03-10 17:00:00,0.3119,0.3124,0.3094,0.3106,48994933
2023-03-10 18:00:00,0.3106,0.312,0.3081,0.3084,31958650
2023-03-10 19:00:00,0.3085,0.3115,0.3083,0.3107,32954236
2023-03-10 20:00:00,0.3107,0.3117,0.3095,0.3105,25436871
2023-03-10 21:00:00,0.3106,0.3125,0.3089,0.3117,30069690
2023-03-10 22:00:00,0.3117,0.3159,0.311,0.3155,27276081
2023-03-10 23:00:00,0.3155,0.3175,0.314,0.3146,31579396
2023-03-11 00:00:00,0.3146,0.317,0.3143,0.3151,29451680
2023-03-11 01:00:00,0.3151,0.3227,0.3151,0.321,72594761
2023-03-11 02:00:00,0.321,0.3218,0.3177,0.319,54709979
2023-03-11 03:00:00,0.3189,0.3192,0.3161,0.3162,33673790
2023-03-11 04:00:00,0.3162,0.3172,0.3141,0.3153,26811302
2023-03-11 05:00:00,0.3153,0.3182,0.3147,0.3164,21013458
2023-03-11 06:00:00,0.3164,0.3175,0.3136,0.3165,30768625
2023-03-11 07:00:00,0.3164,0.3176,0.3068,0.3081,89541979
2023-03-11 08:00:00,0.3081,0.3129,0.3066,0.3094,77276949
2023-03-11 09:00:00,0.3095,0.3122,0.309,0.3109,33217281
2023-03-11 10:00:00,0.3108,0.3114,0.3074,0.308,27123245
2023-03-11 11:00:00,0.308,0.3089,0.305,0.3077,35543883
2023-03-11 12:00:00,0.3076,0.308,0.3046,0.3048,27975362
2023-03-11 13:00:00,0.3048,0.3064,0.3044,0.305,26991171
2023-03-11 14:00:00,0.305,0.3065,0.3045,0.3053,24636127
2023-03-11 15:00:00,0.3052,0.306,0.3024,0.3029,35658170
2023-03-11 16:00:00,0.303,0.3062,0.3013,0.3055,43655376
2023-03-11 17:00:00,0.3055,0.3061,0.3025,0.3049,64854210
2023-03-11 18:00:00,0.305,0.3055,0.3036,0.3043,25681727
2023-03-11 19:00:00,0.3044,0.3053,0.3025,0.3035,28326888
2023-03-11 20:00:00,0.3035,0.3066,0.3028,0.3054,41584075
2023-03-11 21:00:00,0.3054,0.3058,0.301,0.3022,35347702
2023-03-11 22:00:00,0.3023,0.3041,0.3013,0.3024,23959572
2023-03-11 23:00:00,0.3025,0.3054,0.3024,0.3049,23319224
2023-03-12 00:00:00,0.3049,0.305,0.3015,0.3025,32268237
2023-03-12 01:00:00,0.3025,0.3051,0.3024,0.3041,26555965
2023-03-12 02:00:00,0.3041,0.305,0.3015,0.3049,21836357
2023-03-12 03:00:00,0.305,0.3061,0.3045,0.3053,18589291
2023-03-12 04:00:00,0.3053,0.3057,0.3037,0.3047,13566746
2023-03-12 05:00:00,0.3048,0.3081,0.3044,0.3046,27020809
2023-03-12 06:00:00,0.3047,0.3053,0.3028,0.303,17599031
2023-03-12 07:00:00,0.3031,0.3037,0.3011,0.3023,21015246
2023-03-12 08:00:00,0.3023,0.3034,0.3018,0.3032,18964721
2023-03-12 09:00:00,0.3032,0.3048,0.3031,0.3042,20890282
2023-03-12 10:00:00,0.3042,0.3059,0.3039,0.3055,18659985
2023-03-12 11:00:00,0.3055,0.3067,0.3051,0.3063,15356703
2023-03-12 12:00:00,0.3063,0.3066,0.304,0.3052,24706678
2023-03-12 13:00:00,0.3052,0.3076,0.3041,0.3043,24615523
2023-03-12 14:00:00,0.3043,0.3046,0.3025,0.3028,27743741
2023-03-12 15:00:00,0.3028,0.3041,0.3015,0.3026,29639082
2023-03-12 16:00:00,0.3025,0.3052,0.302,0.3047,26169394
2023-03-12 17:00:00,0.3047,0.3128,0.3039,0.3127,97625059
2023-03-12 18:00:00,0.3127,0.3184,0.3108,0.3157,101425123
2023-03-12 19:00:00,0.3157,0.3177,0.3116,0.3125,68542137
2023-03-12 20:00:00,0.3125,0.3204,0.3122,0.3191,59673583
2023-03-12 21:00:00,0.3192,0.3197,0.317,0.3195,26583102
2023-03-12 22:00:00,0.3194,0.3293,0.317,0.3241,127409155
2023-03-12 23:00:00,0.324,0.3311,0.324,0.33,84931267
2023-03-13 00:00:00,0.33,0.3424,0.3288,0.3409,140357905
2023-03-13 01:00:00,0.3408,0.3418,0.3351,0.3355,57515342
2023-03-13 02:00:00,0.3356,0.3385,0.334,0.3382,49455389
2023-03-13 03:00:00,0.3382,0.3393,0.3361,0.3371,35527328
2023-03-13 04:00:00,0.3371,0.3405,0.3362,0.3391,47242739
2023-03-13 05:00:00,0.3391,0.3414,0.3377,0.3381,34960233
2023-03-13 06:00:00,0.3381,0.3399,0.3359,0.3398,30059426
2023-03-13 07:00:00,0.3398,0.3419,0.3386,0.3395,29667305
2023-03-13 08:00:00,0.3395,0.34,0.3356,0.3358,40236445
2023-03-13 09:00:00,0.3357,0.3377,0.3291,0.3298,75829336
2023-03-13 10:00:00,0.3298,0.3337,0.329,0.3329,44406379
2023-03-13 11:00:00,0.3329,0.3332,0.3302,0.3312,36372558
2023-03-13 12:00:00,0.3312,0.3317,0.3272,0.33,59305728
2023-03-13 13:00:00,0.33,0.3366,0.3298,0.3345,107392413
2023-03-13 14:00:00,0.3346,0.347,0.3343,0.3452,157978894
2023-03-13 15:00:00,0.3453,0.351,0.3437,0.3461,135524884
2023-03-13 16:00:00,0.3461,0.3489,0.3417,0.3437,72410008
2023-03-13 17:00:00,0.3436,0.3452,0.3415,0.343,34142745
2023-03-13 18:00:00,0.3431,0.3447,0.3414,0.3432,32260016
2023-03-13 19:00:00,0.3433,0.3446,0.3415,0.3425,31804425
2023-03-13 20:00:00,0.3424,0.3428,0.3401,0.341,25819688
2023-03-13 21:00:00,0.341,0.3445,0.3408,0.3435,17377664
2023-03-13 22:00:00,0.3435,0.3469,0.3433,0.3454,21685252
2023-03-13 23:00:00,0.3455,0.3456,0.3404,0.3433,28187572
2023-03-14 00:00:00,0.3433,0.345,0.3418,0.3422,30759996
2023-03-14 01:00:00,0.3421,0.3446,0.3413,0.3436,27068309
2023-03-14 02:00:00,0.3437,0.3449,0.3418,0.3424,16832189
2023-03-14 03:00:00,0.3423,0.3447,0.3418,0.3444,12962425
2023-03-14 04:00:00,0.3444,0.345,0.3424,0.344,15028252
2023-03-14 05:00:00,0.344,0.3478,0.3407,0.3438,53197399
2023-03-14 06:00:00,0.3438,0.3443,0.3418,0.3428,21716309
2023-03-14 07:00:00,0.3427,0.3441,0.3393,0.3403,27145528
2023-03-14 08:00:00,0.3404,0.3416,0.3372,0.3398,39156569
2023-03-14 09:00:00,0.3398,0.3412,0.3387,0.341,23462505
2023-03-14 10:00:00,0.3409,0.3426,0.34,0.3422,24689233
2023-03-14 11:00:00,0.3422,0.3428,0.3399,0.3414,37971933
2023-03-14 12:00:00,0.3413,0.3574,0.3393,0.3565,167725495
2023-03-14 13:00:00,0.3565,0.364,0.3544,0.361,149444124
2023-03-14 14:00:00,0.3611,0.3681,0.3593,0.3652,91871993
2023-03-14 15:00:00,0.3651,0.3677,0.3629,0.3648,63403424
2023-03-14 16:00:00,0.3647,0.3653,0.3588,0.361,70101652
2023-03-14 17:00:00,0.3611,0.362,0.3581,0.3595,43329532
2023-03-14 18:00:00,0.3595,0.3602,0.3521,0.3523,79349281
2023-03-14 19:00:00,0.3522,0.3555,0.3443,0.3506,118490743
2023-03-14 20:00:00,0.3506,0.3512,0.3443,0.3451,61362369
2023-03-14 21:00:00,0.345,0.3451,0.3364,0.3417,102384317
2023-03-14 22:00:00,0.3418,0.3442,0.3399,0.344,37701468
2023-03-14 23:00:00,0.344,0.345,0.3426,0.3431,30217922
2023-03-15 00:00:00,0.3431,0.3444,0.3392,0.3432,51436154
2023-03-15 01:00:00,0.3432,0.3463,0.3425,0.3444,38418694
2023-03-15 02:00:00,0.3444,0.3458,0.3427,0.3447,26767901
2023-03-15 03:00:00,0.3446,0.3454,0.3414,0.3435,25778972
2023-03-15 04:00:00,0.3436,0.3454,0.3431,0.3454,18395881
2023-03-15 05:00:00,0.3454,0.3466,0.3432,0.3434,21746125
2023-03-15 06:00:00,0.3435,0.3443,0.3414,0.3425,25925525
2023-03-15 07:00:00,0.3426,0.3443,0.3407,0.344,31359453
2023-03-15 08:00:00,0.3439,0.3442,0.3414,0.3428,22005247
2023-03-15 09:00:00,0.3428,0.3429,0.3378,0.3391,34707620
2023-03-15 10:00:00,0.3392,0.3405,0.3365,0.3367,43951199
2023-03-15 11:00:00,0.3368,0.3379,0.332,0.337,106184451
2023-03-15 12:00:00,0.337,0.3408,0.3303,0.3346,115430122
2023-03-15 13:00:00,0.3346,0.3393,0.333,0.3337,79344764
2023-03-15 14:00:00,0.3336,0.3372,0.3274,0.3316,107972179
2023-03-15 15:00:00,0.3316,0.3321,0.3241,0.3269,105318823
2023-03-15 16:00:00,0.327,0.3273,0.3158,0.3168,166505854
2023-03-15 17:00:00,0.3167,0.3231,0.3164,0.3227,73888128
2023-03-15 18:00:00,0.3227,0.3269,0.3204,0.3268,56828873
2023-03-15 19:00:00,0.3267,0.329,0.3242,0.3271,54909743
2023-03-15 20:00:00,0.3271,0.3286,0.3247,0.3257,39206704
2023-03-15 21:00:00,0.3258,0.3268,0.3248,0.325,17152921
2023-03-15 22:00:00,0.3251,0.327,0.3209,0.3217,50259393
2023-03-15 23:00:00,0.3216,0.3244,0.3212,0.324,39015407
2023-03-16 00:00:00,0.3239,0.3252,0.3199,0.3201,49563461
2023-03-16 01:00:00,0.3201,0.3219,0.3168,0.3207,71358949
2023-03-16 02:00:00,0.3208,0.326,0.3205,0.3258,26590565
2023-03-16 03:00:00,0.3258,0.3266,0.3223,0.3238,28736248
2023-03-16 04:00:00,0.3238,0.3243,0.32,0.3216,24776989
2023-03-16 05:00:00,0.3216,0.3248,0.3197,0.3231,31814070
2023-03-16 06:00:00,0.3231,0.3257,0.3229,0.3254,32579165
2023-03-16 07:00:00,0.3254,0.3281,0.3246,0.3272,38103229
2023-03-16 08:00:00,0.3271,0.3273,0.3243,0.3255,26752406
2023-03-16 09:00:00,0.3255,0.3285,0.3219,0.3255,50706759
2023-03-16 10:00:00,0.3254,0.3288,0.3235,0.3276,42842996
2023-03-16 11:00:00,0.3275,0.3288,0.3262,0.327,33893726
2023-03-16 12:00:00,0.3271,0.3274,0.3216,0.3226,54327693
2023-03-16 13:00:00,0.3226,0.3254,0.3188,0.325,61896303
2023-03-16 14:00:00,0.3251,0.3277,0.3224,0.3258,43298922
2023-03-16 15:00:00,0.3258,0.3275,0.3239,0.3265,35170174
2023-03-16 16:00:00,0.3265,0.3277,0.3249,0.3261,35430815
2023-03-16 17:00:00,0.326,0.3261,0.3228,0.3231,23719005
2023-03-16 18:00:00,0.3231,0.3236,0.3214,0.3233,22982726
2023-03-16 19:00:00,0.3233,0.3285,0.3228,0.3256,44234285
2023-03-16 20:00:00,0.3256,0.3256,0.319,0.3197,45350474
2023-03-16 21:00:00,0.3196,0.3241,0.3193,0.3227,28999445
2023-03-16 22:00:00,0.3226,0.3249,0.3201,0.3224,64584893
2023-03-16 23:00:00,0.3224,0.3249,0.3219,0.3246,23692311
2023-03-17 00:00:00,0.3246,0.325,0.3209,0.3218,27220097
2023-03-17 01:00:00,0.3218,0.3298,0.3209,0.3294,57182096
2023-03-17 02:00:00,0.3293,0.3318,0.3266,0.3276,54123039
2023-03-17 03:00:00,0.3276,0.3309,0.3269,0.3306,22615848
2023-03-17 04:00:00,0.3306,0.331,0.329,0.3295,17064919
2023-03-17 05:00:00,0.3296,0.3308,0.3285,0.3301,18574929
2023-03-17 06:00:00,0.3301,0.3353,0.3294,0.3347,40878878
2023-03-17 07:00:00,0.3346,0.335,0.3304,0.3326,31812671
2023-03-17 08:00:00,0.3327,0.3367,0.3316,0.3334,46785586
2023-03-17 09:00:00,0.3334,0.3358,0.3327,0.3349,21958726
2023-03-17 10:00:00,0.3348,0.3402,0.3346,0.3395,62539102
2023-03-17 11:00:00,0.3394,0.3465,0.3381,0.3459,83487018
2023-03-17 12:00:00,0.3459,0.3464,0.3384,0.3395,74456713
2023-03-17 13:00:00,0.3396,0.3407,0.3361,0.3373,44815615
2023-03-17 14:00:00,0.3373,0.3388,0.3307,0.3336,72839383
2023-03-17 15:00:00,0.3335,0.3358,0.332,0.3344,39970173
2023-03-17 16:00:00,0.3344,0.336,0.3327,0.3339,29168980
2023-03-17 17:00:00,0.3339,0.3381,0.3338,0.3379,32599465
2023-03-17 18:00:00,0.3379,0.3405,0.3355,0.3397,34844576
2023-03-17 19:00:00,0.3398,0.3419,0.3387,0.3402,44594049
2023-03-17 20:00:00,0.3402,0.3404,0.3362,0.3385,29721242
2023-03-17 21:00:00,0.3384,0.3425,0.338,0.3413,29508834
2023-03-17 22:00:00,0.3413,0.348,0.3395,0.3456,69774087
2023-03-17 23:00:00,0.3456,0.3502,0.3455,0.3494,70734950
2023-03-18 00:00:00,0.3493,0.3526,0.3441,0.3522,69517488
2023-03-18 01:00:00,0.3523,0.3575,0.349,0.3504,102215932
2023-03-18 02:00:00,0.3505,0.3532,0.3483,0.3503,56681601
2023-03-18 03:00:00,0.3502,0.3544,0.3502,0.3524,38549093
2023-03-18 04:00:00,0.3524,0.3533,0.3504,0.3508,28528924
2023-03-18 05:00:00,0.3508,0.353,0.3496,0.3527,20776636
2023-03-18 06:00:00,0.3527,0.3529,0.3502,0.3514,14253229
2023-03-18 07:00:00,0.3515,0.3528,0.35,0.3515,15086810
2023-03-18 08:00:00,0.3516,0.352,0.346,0.348,37898306
2023-03-18 09:00:00,0.348,0.3498,0.3466,0.3495,20094592
2023-03-18 10:00:00,0.3494,0.3527,0.3494,0.3525,20093079
2023-03-18 11:00:00,0.3524,0.3561,0.3511,0.3551,32474608
2023-03-18 12:00:00,0.355,0.3565,0.3526,0.3544,36331894
2023-03-18 13:00:00,0.3545,0.3555,0.3508,0.3518,25501569
2023-03-18 14:00:00,0.3518,0.3537,0.351,0.3517,19835945
2023-03-18 15:00:00,0.3517,0.3522,0.3424,0.3448,79780293
2023-03-18 16:00:00,0.3447,0.3462,0.335,0.3434,100254672
2023-03-18 17:00:00,0.3434,0.3454,0.3375,0.342,51898601
2023-03-18 18:00:00,0.3419,0.3463,0.3406,0.3458,23891199
2023-03-18 19:00:00,0.3457,0.3475,0.3433,0.3438,31075915
2023-03-18 20:00:00,0.3437,0.3464,0.343,0.3442,21316411
2023-03-18 21:00:00,0.3441,0.3449,0.3425,0.3426,16893882
2023-03-18 22:00:00,0.3426,0.3437,0.3387,0.3396,36472225
2023-03-18 23:00:00,0.3396,0.3399,0.3351,0.3371,49305887
2023-03-19 00:00:00,0.337,0.3423,0.3367,0.3413,34312191
2023-03-19 01:00:00,0.3412,0.3443,0.3403,0.3419,22399730
2023-03-19 02:00:00,0.3418,0.3438,0.341,0.3422,14616668
2023-03-19 03:00:00,0.3423,0.3441,0.3414,0.3434,13194117
2023-03-19 04:00:00,0.3434,0.3445,0.3402,0.3405,16889224
2023-03-19 05:00:00,0.3405,0.3415,0.3393,0.3401,17060109
2023-03-19 06:00:00,0.34,0.3417,0.3392,0.3393,18866137
2023-03-19 07:00:00,0.3394,0.3398,0.337,0.3395,22933195
2023-03-19 08:00:00,0.3394,0.341,0.3376,0.3391,22069820
2023-03-19 09:00:00,0.3392,0.342,0.3383,0.3413,20517126
2023-03-19 10:00:00,0.3413,0.3432,0.3402,0.3408,23268705
2023-03-19 11:00:00,0.3408,0.3442,0.3377,0.3432,45429047
2023-03-19 12:00:00,0.3432,0.3457,0.3423,0.3445,31369315
2023-03-19 13:00:00,0.3445,0.3449,0.3417,0.3442,29894103
2023-03-19 14:00:00,0.3443,0.3467,0.3437,0.3456,29469085
2023-03-19 15:00:00,0.3457,0.3499,0.3447,0.3457,46232555
2023-03-19 16:00:00,0.3457,0.3513,0.3447,0.3492,65893128
2023-03-19 17:00:00,0.3491,0.3498,0.3463,0.3474,32218359
2023-03-19 18:00:00,0.3474,0.3505,0.3465,0.3504,25965654
2023-03-19 19:00:00,0.3505,0.3527,0.3484,0.3491,39686650
2023-03-19 20:00:00,0.3491,0.3505,0.3432,0.3444,53322808
2023-03-19 21:00:00,0.3444,0.3474,0.3439,0.345,33574012
2023-03-19 22:00:00,0.345,0.3496,0.345,0.3476,33416458
2023-03-19 23:00:00,0.3476,0.3496,0.3429,0.3447,30172603
2023-03-20 00:00:00,0.3448,0.346,0.3416,0.3431,41691368
2023-03-20 01:00:00,0.3431,0.3446,0.3408,0.3445,30078328
2023-03-20 02:00:00,0.3445,0.3456,0.3384,0.3413,41293415
2023-03-20 03:00:00,0.3413,0.3417,0.336,0.3374,45129222
2023-03-20 04:00:00,0.3374,0.3392,0.3339,0.3379,36817378
2023-03-20 05:00:00,0.3379,0.3402,0.3373,0.3401,23013570
2023-03-20 06:00:00,0.34,0.3419,0.3392,0.3403,29207674
2023-03-20 07:00:00,0.3402,0.3441,0.3401,0.3432,43565406
2023-03-20 08:00:00,0.3432,0.3458,0.342,0.3443,43109236
2023-03-20 09:00:00,0.3443,0.3448,0.3414,0.3436,33999839
2023-03-20 10:00:00,0.3437,0.3447,0.3411,0.3424,34993242
2023-03-20 11:00:00,0.3425,0.3446,0.3412,0.343,32287236
2023-03-20 12:00:00,0.343,0.3437,0.3407,0.3431,32280344
2023-03-20 13:00:00,0.3431,0.3432,0.3383,0.3395,53796281
2023-03-20 14:00:00,0.3395,0.3424,0.3388,0.3407,37405656
2023-03-20 15:00:00,0.3407,0.342,0.3385,0.339,37315669
2023-03-20 16:00:00,0.339,0.3405,0.334,0.335,66460002
2023-03-20 17:00:00,0.335,0.337,0.3324,0.3325,74451007
2023-03-20 18:00:00,0.3325,0.3372,0.3312,0.3365,63071808
2023-03-20 19:00:00,0.3365,0.337,0.3309,0.3332,51000091
2023-03-20 20:00:00,0.3331,0.3359,0.3323,0.3355,33690506
2023-03-20 21:00:00,0.3355,0.3367,0.3341,0.3345,15453445
2023-03-20 22:00:00,0.3345,0.3352,0.3324,0.3343,24135221
2023-03-20 23:00:00,0.3344,0.336,0.3302,0.332,42869044
2023-03-21 00:00:00,0.3319,0.3381,0.3312,0.3359,34945068
2023-03-21 01:00:00,0.3358,0.3371,0.3324,0.3357,26252043
2023-03-21 02:00:00,0.3357,0.338,0.3344,0.336,22937326
2023-03-21 03:00:00,0.336,0.3393,0.3358,0.339,17917470
2023-03-21 04:00:00,0.339,0.3435,0.3386,0.3398,35960333
2023-03-21 05:00:00,0.3397,0.34,0.3344,0.3356,45589407
2023-03-21 06:00:00,0.3356,0.337,0.3341,0.3352,24724463
2023-03-21 07:00:00,0.3352,0.3357,0.3287,0.3318,59386619
2023-03-21 08:00:00,0.3319,0.3352,0.3305,0.3349,43497600
2023-03-21 09:00:00,0.3349,0.3391,0.3341,0.3374,39136624
2023-03-21 10:00:00,0.3374,0.3405,0.3369,0.3391,27897716
2023-03-21 11:00:00,0.3391,0.3406,0.3375,0.3389,35703590
2023-03-21 12:00:00,0.3389,0.3448,0.3382,0.3443,53368550
2023-03-21 13:00:00,0.3442,0.3547,0.3434,0.3518,147127831
2023-03-21 14:00:00,0.3518,0.3548,0.3475,0.349,99062800
2023-03-21 15:00:00,0.3491,0.352,0.3487,0.3504,57730305
2023-03-21 16:00:00,0.3504,0.3555,0.3492,0.3526,126501068
2023-03-21 17:00:00,0.3525,0.3584,0.3501,0.3517,103055194
2023-03-21 18:00:00,0.3517,0.3569,0.3504,0.3562,77340711
2023-03-21 19:00:00,0.3563,0.364,0.3555,0.3623,98271544
2023-03-21 20:00:00,0.3624,0.3796,0.3624,0.3766,273227955
2023-03-21 21:00:00,0.3766,0.3871,0.367,0.3716,299159835
2023-03-21 22:00:00,0.3716,0.3749,0.366,0.369,95282747
2023-03-21 23:00:00,0.369,0.3714,0.3674,0.3694,41534042
2023-03-22 00:00:00,0.3694,0.3741,0.3649,0.3719,98742086
2023-03-22 01:00:00,0.3719,0.3777,0.3676,0.3678,102278632
2023-03-22 02:00:00,0.3678,0.371,0.367,0.3675,37210768
2023-03-22 03:00:00,0.3675,0.3724,0.3674,0.3722,39004759
2023-03-22 04:00:00,0.3723,0.3813,0.3722,0.379,97548021
2023-03-22 05:00:00,0.379,0.3868,0.3771,0.3863,117497802
2023-03-22 06:00:00,0.3863,0.3867,0.3782,0.3792,101638334
2023-03-22 07:00:00,0.3792,0.3813,0.3731,0.3737,101501825
2023-03-22 08:00:00,0.3737,0.3763,0.3705,0.3707,69197817
2023-03-22 09:00:00,0.3707,0.3724,0.3664,0.3678,75248926
2023-03-22 10:00:00,0.3678,0.374,0.3675,0.3729,71377721
2023-03-22 11:00:00,0.3729,0.3747,0.3693,0.3698,59211381
2023-03-22 12:00:00,0.3697,0.3734,0.3695,0.3708,59769603
2023-03-22 13:00:00,0.3708,0.3786,0.3687,0.3758,101809362
2023-03-22 14:00:00,0.3757,0.3807,0.3738,0.3773,105813035
2023-03-22 15:00:00,0.3773,0.3846,0.3753,0.3776,136475668
2023-03-22 16:00:00,0.3776,0.3788,0.3734,0.3746,70282234
2023-03-22 17:00:00,0.3747,0.3753,0.3688,0.372,97344449
2023-03-22 18:00:00,0.3719,0.3817,0.3651,0.3703,196082127
2023-03-22 19:00:00,0.3703,0.3706,0.3488,0.3502,208452351
2023-03-22 20:00:00,0.3502,0.3621,0.3492,0.3609,110701109
2023-03-22 21:00:00,0.3609,0.3619,0.355,0.3554,53063700
2023-03-22 22:00:00,0.3553,0.3581,0.3531,0.3575,46065906
2023-03-22 23:00:00,0.3574,0.3609,0.357,0.3595,35282989
2023-03-23 00:00:00,0.3594,0.3625,0.3572,0.3579,49127092
2023-03-23 01:00:00,0.358,0.3585,0.354,0.3543,61694298
2023-03-23 02:00:00,0.3542,0.3579,0.3533,0.3578,32622008
2023-03-23 03:00:00,0.3577,0.3582,0.3551,0.3554,18700608
2023-03-23 04:00:00,0.3554,0.3572,0.3548,0.3565,18089011
2023-03-23 05:00:00,0.3565,0.3626,0.3561,0.3616,32875119
2023-03-23 06:00:00,0.3616,0.3647,0.3608,0.3628,40068404
2023-03-23 07:00:00,0.3629,0.3704,0.3629,0.37,48053512
2023-03-23 08:00:00,0.37,0.3739,0.37,0.3704,62085501
2023-03-23 09:00:00,0.3703,0.3748,0.3703,0.373,47025160
2023-03-23 10:00:00,0.373,0.3733,0.371,0.3712,26898949
2023-03-23 11:00:00,0.3713,0.3727,0.3691,0.3723,45880335
2023-03-23 12:00:00,0.3722,0.3728,0.3685,0.3695,41040557
2023-03-23 13:00:00,0.3694,0.37,0.3659,0.3669,52949915
2023-03-23 14:00:00,0.367,0.3779,0.3661,0.3777,62612919
2023-03-23 15:00:00,0.3778,0.3853,0.3766,0.3794,133085513
2023-03-23 16:00:00,0.3793,0.381,0.3775,0.3796,44065249
2023-03-23 17:00:00,0.3797,0.3809,0.3756,0.3765,44838185
2023-03-23 18:00:00,0.3766,0.3767,0.3689,0.3708,46327562
2023-03-23 19:00:00,0.3708,0.375,0.3691,0.3745,53830254
2023-03-23 20:00:00,0.3744,0.3744,0.3684,0.37,35015966
2023-03-23 21:00:00,0.3699,0.3704,0.3671,0.3688,23880424
2023-03-23 22:00:00,0.3689,0.3714,0.3682,0.3704,24937874
2023-03-23 23:00:00,0.3704,0.3723,0.3694,0.3715,22285878
2023-03-24 00:00:00,0.3716,0.3724,0.3693,0.3693,22725122
2023-03-24 01:00:00,0.3693,0.3704,0.3674,0.3688,26715668
2023-03-24 02:00:00,0.3689,0.3694,0.3655,0.3656,20747549
2023-03-24 03:00:00,0.3656,0.3667,0.3645,0.3657,21461857
2023-03-24 04:00:00,0.3657,0.367,0.3635,0.3637,25022219
2023-03-24 05:00:00,0.3637,0.3667,0.3634,0.366,19940682
2023-03-24 06:00:00,0.366,0.3675,0.365,0.3654,23511897
2023-03-24 07:00:00,0.3653,0.368,0.3651,0.3671,20091974
2023-03-24 08:00:00,0.367,0.3679,0.3598,0.3612,51908250
2023-03-24 09:00:00,0.3612,0.3633,0.3601,0.3609,33565556
2023-03-24 10:00:00,0.361,0.362,0.3592,0.3619,33488961
2023-03-24 11:00:00,0.3618,0.3631,0.3552,0.3581,56724062
2023-03-24 12:00:00,0.358,0.3634,0.3576,0.3616,39430538
2023-03-24 13:00:00,0.3616,0.3616,0.3568,0.3598,31657297
2023-03-24 14:00:00,0.3597,0.3624,0.3562,0.3591,66000434
2023-03-24 15:00:00,0.3591,0.3627,0.3576,0.3622,38760208
2023-03-24 16:00:00,0.3622,0.3628,0.3597,0.3613,25623110
2023-03-24 17:00:00,0.3614,0.3643,0.3577,0.3602,66587080
2023-03-24 18:00:00,0.3602,0.3642,0.3601,0.3613,40253569
2023-03-24 19:00:00,0.3613,0.3642,0.3607,0.3632,19556439
2023-03-24 20:00:00,0.3632,0.3636,0.359,0.3614,35487279
2023-03-24 21:00:00,0.3614,0.3614,0.355,0.3591,41388478
2023-03-24 22:00:00,0.3591,0.3597,0.3577,0.3588,15242736
2023-03-24 23:00:00,0.3589,0.3607,0.3584,0.3596,13255270
2023-03-25 00:00:00,0.3595,0.361,0.3582,0.36,17338168
2023-03-25 01:00:00,0.3601,0.3608,0.3583,0.3595,11510764
2023-03-25 02:00:00,0.3594,0.3611,0.359,0.3604,10549390
2023-03-25 03:00:00,0.3604,0.3604,0.3587,0.3593,9605895
2023-03-25 04:00:00,0.3594,0.3627,0.3589,0.3625,16856533
2023-03-25 05:00:00,0.3625,0.3627,0.3569,0.3593,26833725
2023-03-25 06:00:00,0.3593,0.3619,0.3586,0.3612,17795248
2023-03-25 07:00:00,0.3612,0.3618,0.36,0.361,12354351
2023-03-25 08:00:00,0.3611,0.3619,0.3582,0.36,16236422
2023-03-25 09:00:00,0.3599,0.3603,0.3581,0.3602,14649478
2023-03-25 10:00:00,0.3601,0.3604,0.3582,0.3589,12000600
2023-03-25 11:00:00,0.3589,0.3601,0.3584,0.359,11571800
2023-03-25 12:00:00,0.3589,0.3595,0.3566,0.3582,17231710
2023-03-25 13:00:00,0.3581,0.3588,0.3524,0.3578,43812020
2023-03-25 14:00:00,0.3578,0.3593,0.3577,0.3582,16010547
2023-03-25 15:00:00,0.3582,0.3608,0.3567,0.3592,23293920
2023-03-25 16:00:00,0.3593,0.3607,0.3583,0.3584,13226151
2023-03-25 17:00:00,0.3584,0.359,0.3548,0.3555,25389477
2023-03-25 18:00:00,0.3555,0.3567,0.3508,0.3521,42150326
2023-03-25 19:00:00,0.3521,0.3522,0.3484,0.3493,49989186
2023-03-25 20:00:00,0.3492,0.3524,0.3483,0.3513,21319446
2023-03-25 21:00:00,0.3513,0.3524,0.3503,0.3511,13022514
2023-03-25 22:00:00,0.351,0.3533,0.3506,0.3515,15609771
2023-03-25 23:00:00,0.3515,0.3516,0.3505,0.351,9604230
2023-03-26 00:00:00,0.3511,0.3527,0.3485,0.3512,23830787
2023-03-26 01:00:00,0.3513,0.3537,0.3504,0.3532,14680019
2023-03-26 02:00:00,0.3532,0.3554,0.3526,0.3547,14763268
2023-03-26 03:00:00,0.3547,0.3555,0.3532,0.3541,9210995
2023-03-26 04:00:00,0.3542,0.3555,0.3536,0.3554,10849346
2023-03-26 05:00:00,0.3555,0.357,0.3542,0.3568,9866823
2023-03-26 06:00:00,0.3567,0.3575,0.3537,0.354,13477477
2023-03-26 07:00:00,0.3539,0.3553,0.3535,0.355,8664635
2023-03-26 08:00:00,0.3551,0.3589,0.3544,0.3575,24017135
2023-03-26 09:00:00,0.3575,0.3592,0.3573,0.3583,19426182
2023-03-26 10:00:00,0.3583,0.3583,0.3563,0.3575,9933201
2023-03-26 11:00:00,0.3574,0.3585,0.3561,0.3579,22984977
2023-03-26 12:00:00,0.358,0.3592,0.3578,0.3587,19722402
2023-03-26 13:00:00,0.3586,0.3612,0.3579,0.3612,27385339
2023-03-26 14:00:00,0.3612,0.3612,0.3546,0.3561,39831089
2023-03-26 15:00:00,0.3562,0.3567,0.3548,0.3556,17384278
2023-03-26 16:00:00,0.3555,0.3557,0.3511,0.3518,34566988
2023-03-26 17:00:00,0.3518,0.3549,0.3514,0.3545,17719159
2023-03-26 18:00:00,0.3545,0.3559,0.3542,0.3555,12594626
2023-03-26 19:00:00,0.3554,0.356,0.3538,0.3548,13719749
2023-03-26 20:00:00,0.3547,0.3553,0.3511,0.353,21463841
2023-03-26 21:00:00,0.3529,0.3541,0.352,0.3541,11810366
2023-03-26 22:00:00,0.354,0.3565,0.3535,0.3563,11963802
2023-03-26 23:00:00,0.3563,0.357,0.3552,0.3555,13545407
2023-03-27 00:00:00,0.3555,0.357,0.3535,0.3542,20867693
2023-03-27 01:00:00,0.3542,0.3547,0.3499,0.3506,29153329
2023-03-27 02:00:00,0.3506,0.3522,0.3482,0.3518,27119987
2023-03-27 03:00:00,0.3519,0.3531,0.3507,0.352,13859836
2023-03-27 04:00:00,0.3519,0.3526,0.3511,0.3517,10797861
2023-03-27 05:00:00,0.3517,0.352,0.346,0.3477,32674872
2023-03-27 06:00:00,0.3477,0.3494,0.3459,0.3486,24106056
2023-03-27 07:00:00,0.3485,0.3493,0.3475,0.3487,14023976
2023-03-27 08:00:00,0.3486,0.3502,0.3468,0.3496,20016732
2023-03-27 09:00:00,0.3496,0.3517,0.3491,0.3505,19961904
2023-03-27 10:00:00,0.3504,0.3529,0.3504,0.3515,15907811
2023-03-27 11:00:00,0.3515,0.3531,0.3504,0.3526,22181629
2023-03-27 12:00:00,0.3525,0.3566,0.3516,0.3535,51485623
2023-03-27 13:00:00,0.3535,0.3557,0.3515,0.3534,32593658
2023-03-27 14:00:00,0.3534,0.3549,0.3446,0.3448,72934902
2023-03-27 15:00:00,0.3448,0.3448,0.3358,0.3431,128120626
2023-03-27 16:00:00,0.343,0.3458,0.3413,0.3424,47721257
2023-03-27 17:00:00,0.3425,0.3439,0.3392,0.3394,32893733
2023-03-27 18:00:00,0.3394,0.3434,0.3393,0.3423,19437059
2023-03-27 19:00:00,0.3423,0.343,0.3394,0.34,18483965
2023-03-27 20:00:00,0.3401,0.3417,0.3382,0.3415,24851390
2023-03-27 21:00:00,0.3416,0.3444,0.341,0.3436,15749251
2023-03-27 22:00:00,0.3435,0.3444,0.3423,0.3434,15323304
2023-03-27 23:00:00,0.3435,0.3456,0.343,0.3452,13020330
2023-03-28 00:00:00,0.3452,0.3463,0.3436,0.3443,25150056
2023-03-28 01:00:00,0.3444,0.3488,0.3425,0.3464,31156988
2023-03-28 02:00:00,0.3464,0.3472,0.3441,0.3444,12609526
2023-03-28 03:00:00,0.3444,0.3467,0.3435,0.3459,13659028
2023-03-28 04:00:00,0.3458,0.3485,0.3448,0.3484,15565025
2023-03-28 05:00:00,0.3484,0.3508,0.3477,0.3505,25748643
2023-03-28 06:00:00,0.3505,0.3521,0.35,0.3511,20423131
2023-03-28 07:00:00,0.3512,0.3521,0.3483,0.3486,15994579
2023-03-28 08:00:00,0.3487,0.3496,0.3467,0.3478,19717857
2023-03-28 09:00:00,0.3479,0.3479,0.3448,0.3454,24394863
2023-03-28 10:00:00,0.3455,0.3484,0.3449,0.3475,32058140
2023-03-28 11:00:00,0.3475,0.3534,0.3473,0.3517,56799635
2023-03-28 12:00:00,0.3518,0.3532,0.3502,0.3519,34793528
2023-03-28 13:00:00,0.3519,0.3587,0.3511,0.3556,66466805
2023-03-28 14:00:00,0.3557,0.3599,0.3557,0.3576,53807384
2023-03-28 15:00:00,0.3576,0.3605,0.357,0.3581,39165605
2023-03-28 16:00:00,0.3582,0.3595,0.3543,0.355,33301865
2023-03-28 17:00:00,0.355,0.3573,0.3541,0.3562,32007583
2023-03-28 18:00:00,0.3563,0.3623,0.3557,0.3602,66303673
2023-03-28 19:00:00,0.3602,0.364,0.36,0.3626,44950036
2023-03-28 20:00:00,0.3625,0.3633,0.3592,0.3604,26768337
2023-03-28 21:00:00,0.3605,0.3659,0.3604,0.365,68804510
2023-03-28 22:00:00,0.365,0.3695,0.364,0.3653,52285784
2023-03-28 23:00:00,0.3654,0.37,0.3653,0.3679,39258390
2023-03-29 00:00:00,0.3679,0.3699,0.3667,0.3672,25860066
2023-03-29 01:00:00,0.3672,0.3697,0.3666,0.3687,21483551
2023-03-29 02:00:00,0.3686,0.3774,0.3683,0.3764,63287032
2023-03-29 03:00:00,0.3764,0.3782,0.3752,0.3771,31395185
2023-03-29 04:00:00,0.3771,0.38,0.376,0.3777,41136670
2023-03-29 05:00:00,0.3778,0.3784,0.3754,0.3763,25594366
2023-03-29 06:00:00,0.3763,0.3815,0.3754,0.379,51638209
2023-03-29 07:00:00,0.379,0.382,0.3789,0.381,28624101
2023-03-29 08:00:00,0.381,0.3877,0.381,0.3849,91414777
2023-03-29 09:00:00,0.3849,0.3886,0.3846,0.3863,40021269
2023-03-29 10:00:00,0.3863,0.3897,0.3855,0.3864,48096049
2023-03-29 11:00:00,0.3863,0.3896,0.3859,0.3888,36288888
2023-03-29 12:00:00,0.3887,0.3899,0.3826,0.3854,64541192
2023-03-29 13:00:00,0.3854,0.3868,0.3845,0.3857,39044842
2023-03-29 14:00:00,0.3857,0.3861,0.3802,0.3805,52153918
2023-03-29 15:00:00,0.3805,0.385,0.3783,0.3843,45153905
2023-03-29 16:00:00,0.3842,0.3843,0.3806,0.3806,28210627
2023-03-29 17:00:00,0.3806,0.3881,0.3806,0.3869,39858329
2023-03-29 18:00:00,0.387,0.3882,0.3847,0.3866,28137866
2023-03-29 19:00:00,0.3865,0.3873,0.3842,0.3861,23988675
2023-03-29 20:00:00,0.3861,0.3862,0.3841,0.3856,24295793
2023-03-29 21:00:00,0.3857,0.3868,0.3831,0.3832,16719622
2023-03-29 22:00:00,0.3832,0.3838,0.3804,0.3819,28673878
2023-03-29 23:00:00,0.3819,0.3836,0.3806,0.3809,17006892
2023-03-30 00:00:00,0.381,0.3828,0.3749,0.3766,46063073
2023-03-30 01:00:00,0.3766,0.3794,0.376,0.3777,32445783
2023-03-30 02:00:00,0.3778,0.3874,0.3772,0.3839,70876076
2023-03-30 03:00:00,0.3838,0.385,0.3717,0.3804,92671151
2023-03-30 04:00:00,0.3804,0.3805,0.3748,0.3764,43969953
2023-03-30 05:00:00,0.3764,0.3781,0.375,0.3779,15804817
2023-03-30 06:00:00,0.3779,0.3796,0.3759,0.3767,18181477
2023-03-30 07:00:00,0.3767,0.3798,0.3761,0.3796,19987190
2023-03-30 08:00:00,0.3796,0.3801,0.3765,0.3765,18206541
2023-03-30 09:00:00,0.3766,0.3773,0.3741,0.3757,23255812
2023-03-30 10:00:00,0.3757,0.3775,0.3746,0.3773,21680933
2023-03-30 11:00:00,0.3773,0.3818,0.3773,0.3818,40139303
2023-03-30 12:00:00,0.3818,0.3826,0.378,0.3787,40032859
2023-03-30 13:00:00,0.3787,0.38,0.3768,0.3772,37516452
2023-03-30 14:00:00,0.3773,0.378,0.3752,0.3768,35630112
2023-03-30 15:00:00,0.3769,0.3785,0.3745,0.3758,31190504
2023-03-30 16:00:00,0.3758,0.3762,0.3732,0.3742,36880736
2023-03-30 17:00:00,0.3742,0.375,0.3696,0.3705,49486847
2023-03-30 18:00:00,0.3704,0.3758,0.3697,0.3756,31120022
2023-03-30 19:00:00,0.3755,0.3776,0.3754,0.3769,18297545
2023-03-30 20:00:00,0.377,0.3776,0.3745,0.3764,23833599
2023-03-30 21:00:00,0.3765,0.3772,0.3757,0.3765,10011865
2023-03-30 22:00:00,0.3764,0.3784,0.3747,0.3756,20279389
2023-03-30 23:00:00,0.3756,0.377,0.3747,0.3758,13565293
2023-03-31 00:00:00,0.3758,0.3782,0.374,0.3773,27995074
2023-03-31 01:00:00,0.3773,0.38,0.3764,0.3779,25563253
2023-03-31 02:00:00,0.3779,0.3789,0.3762,0.3767,12215873
2023-03-31 03:00:00,0.3767,0.3783,0.3755,0.3779,13150024
2023-03-31 04:00:00,0.3778,0.3789,0.3764,0.3779,14178837
2023-03-31 05:00:00,0.3778,0.3797,0.3768,0.3782,20668141
2023-03-31 06:00:00,0.3783,0.379,0.377,0.3789,14789597
2023-03-31 07:00:00,0.3789,0.3846,0.3751,0.3841,85473514
2023-03-31 08:00:00,0.3841,0.3872,0.3805,0.3822,85936899
2023-03-31 09:00:00,0.3823,0.3858,0.3819,0.385,33977699
2023-03-31 10:00:00,0.385,0.3894,0.384,0.3878,56709320
2023-03-31 11:00:00,0.3878,0.3977,0.3878,0.3932,135374975
2023-03-31 12:00:00,0.3932,0.3984,0.391,0.3969,130286422
2023-03-31 13:00:00,0.3968,0.4014,0.3957,0.3986,109525952
2023-03-31 14:00:00,0.3987,0.4043,0.3965,0.403,105390545
2023-03-31 15:00:00,0.4031,0.4084,0.4014,0.4063,148296260
2023-03-31 16:00:00,0.4063,0.4071,0.4017,0.4057,68534878
2023-03-31 17:00:00,0.4056,0.4084,0.4042,0.4073,59262335
2023-03-31 18:00:00,0.4072,0.4091,0.4025,0.4027,52891371
2023-03-31 19:00:00,0.4028,0.4048,0.4004,0.402,41713055
2023-03-31 20:00:00,0.402,0.4041,0.3988,0.4028,43762167
2023-03-31 21:00:00,0.4027,0.4048,0.4016,0.4042,20851185
2023-03-31 22:00:00,0.4042,0.4045,0.4008,0.4013,25600251
2023-03-31 23:00:00,0.4012,0.4016,0.3978,0.399,28124045
2023-04-01 00:00:00,0.3989,0.3997,0.3936,0.3951,60161380
2023-04-01 01:00:00,0.3952,0.3962,0.3937,0.396,22797789
2023-04-01 02:00:00,0.396,0.3997,0.3947,0.3993,37737410
2023-04-01 03:00:00,0.3992,0.3994,0.3963,0.3979,23386227
2023-04-01 04:00:00,0.3979,0.4028,0.3972,0.401,28519835
2023-04-01 05:00:00,0.4009,0.401,0.3952,0.396,34764718
2023-04-01 06:00:00,0.396,0.3961,0.3888,0.3933,60649316
2023-04-01 07:00:00,0.3933,0.3936,0.3907,0.391,27202422
2023-04-01 08:00:00,0.391,0.392,0.3894,0.39,24295617
2023-04-01 09:00:00,0.39,0.391,0.3894,0.3906,17710965
2023-04-01 10:00:00,0.3906,0.3912,0.3894,0.3911,15093579
2023-04-01 11:00:00,0.3911,0.3912,0.3876,0.3899,32226030
2023-04-01 12:00:00,0.3898,0.3917,0.3883,0.3903,33303021
2023-04-01 13:00:00,0.3903,0.393,0.3896,0.3908,31810957
2023-04-01 14:00:00,0.3908,0.3918,0.3895,0.39,20839762
2023-04-01 15:00:00,0.3899,0.3929,0.3896,0.3928,21433776
2023-04-01 16:00:00,0.3927,0.393,0.388,0.3896,23805201
2023-04-01 17:00:00,0.3896,0.3919,0.3894,0.3908,17622824
2023-04-01 18:00:00,0.3908,0.3952,0.3905,0.3947,23974810
2023-04-01 19:00:00,0.3948,0.3956,0.3933,0.3942,20220873
2023-04-01 20:00:00,0.3942,0.3957,0.393,0.3933,23061451
2023-04-01 21:00:00,0.3933,0.3947,0.3931,0.3936,10630057
2023-04-01 22:00:00,0.3935,0.3956,0.3935,0.3949,10851044
2023-04-01 23:00:00,0.3949,0.3963,0.3911,0.3919,19503303
2023-04-02 00:00:00,0.392,0.3926,0.3856,0.3875,35272272
2023-04-02 01:00:00,0.3874,0.3896,0.3836,0.384,41364994
2023-04-02 02:00:00,0.3841,0.3853,0.3806,0.3848,64376516
2023-04-02 03:00:00,0.3848,0.387,0.3843,0.3866,17459980
2023-04-02 04:00:00,0.3866,0.3875,0.3858,0.387,11713263
2023-04-02 05:00:00,0.387,0.3888,0.3868,0.3887,10138472
2023-04-02 06:00:00,0.3887,0.3888,0.3868,0.388,10370344
2023-04-02 07:00:00,0.3879,0.3885,0.3868,0.3869,9571677
2023-04-02 08:00:00,0.387,0.387,0.3833,0.3845,19523865
2023-04-02 09:00:00,0.3845,0.3866,0.3838,0.3861,14592778
2023-04-02 10:00:00,0.3861,0.3862,0.3841,0.3842,13499749
2023-04-02 11:00:00,0.3843,0.3849,0.3825,0.3832,18553652
2023-04-02 12:00:00,0.3833,0.3842,0.3818,0.3827,25091073
2023-04-02 13:00:00,0.3827,0.385,0.3807,0.383,30325783
2023-04-02 14:00:00,0.3829,0.3843,0.3819,0.3828,16300907
2023-04-02 15:00:00,0.3827,0.3827,0.3763,0.3797,57227755
2023-04-02 16:00:00,0.3798,0.3807,0.3775,0.3805,25428282
2023-04-02 17:00:00,0.3806,0.3836,0.3801,0.3821,18837343
2023-04-02 18:00:00,0.3821,0.3821,0.3804,0.3808,11641822
2023-04-02 19:00:00,0.3809,0.3813,0.375,0.377,37099316
2023-04-02 20:00:00,0.377,0.3796,0.3764,0.3793,16012960
2023-04-02 21:00:00,0.3792,0.3817,0.3788,0.38,12780134
2023-04-02 22:00:00,0.3801,0.3824,0.3765,0.3814,23632384
2023-04-02 23:00:00,0.3815,0.3822,0.3802,0.3813,12361560
2023-04-03 00:00:00,0.3812,0.3817,0.3776,0.3797,16198871
2023-04-03 01:00:00,0.3797,0.3805,0.3702,0.3742,45264020
2023-04-03 02:00:00,0.3741,0.3755,0.3731,0.3744,17323805
2023-04-03 03:00:00,0.3745,0.3787,0.374,0.3777,17020014
2023-04-03 04:00:00,0.3777,0.3786,0.3767,0.3783,17611075
2023-04-03 05:00:00,0.3783,0.3864,0.3783,0.3838,42928180
2023-04-03 06:00:00,0.3839,0.3883,0.3838,0.3863,50165670
2023-04-03 07:00:00,0.3862,0.3952,0.386,0.3944,72285781
2023-04-03 08:00:00,0.3945,0.402,0.3945,0.4015,137053104
2023-04-03 09:00:00,0.4016,0.4048,0.3965,0.3991,105336795
2023-04-03 10:00:00,0.3991,0.403,0.3977,0.3993,65815071
2023-04-03 11:00:00,0.3993,0.4004,0.395,0.3961,54338681
2023-04-03 12:00:00,0.3962,0.3976,0.3924,0.3946,55438408
2023-04-03 13:00:00,0.3946,0.3974,0.3934,0.3949,49233428
2023-04-03 14:00:00,0.3949,0.3953,0.3873,0.3875,65965652
2023-04-03 15:00:00,0.3875,0.3892,0.3839,0.3846,59823051
2023-04-03 16:00:00,0.3845,0.3847,0.382,0.3833,44746174
2023-04-03 17:00:00,0.3833,0.3862,0.3811,0.385,52839701
2023-04-03 18:00:00,0.385,0.3966,0.3835,0.3944,114232674
2023-04-03 19:00:00,0.3944,0.3978,0.3887,0.3899,73180483
2023-04-03 20:00:00,0.3898,0.3904,0.3786,0.3798,107190155
2023-04-03 21:00:00,0.3798,0.385,0.3751,0.3836,61596921
2023-04-03 22:00:00,0.3835,0.3904,0.3828,0.3883,51882075
2023-04-03 23:00:00,0.3882,0.3904,0.386,0.387,25138438
2023-04-04 00:00:00,0.3871,0.3895,0.384,0.3854,34991600
2023-04-04 01:00:00,0.3854,0.3889,0.385,0.3871,24721035
2023-04-04 02:00:00,0.3871,0.3887,0.3859,0.386,20325048
2023-04-04 03:00:00,0.386,0.3903,0.3857,0.3902,15213461
2023-04-04 04:00:00,0.3903,0.3951,0.3888,0.39,48037527
2023-04-04 05:00:00,0.39,0.3919,0.3888,0.3896,21277468
2023-04-04 06:00:00,0.3896,0.393,0.3892,0.392,23210768
2023-04-04 07:00:00,0.3919,0.3926,0.3891,0.3897,19558433
2023-04-04 08:00:00,0.3896,0.3924,0.3891,0.3913,15879535
2023-04-04 09:00:00,0.3913,0.3933,0.3905,0.3928,18055083
2023-04-04 10:00:00,0.3927,0.3944,0.3917,0.3929,26037947
2023-04-04 11:00:00,0.3929,0.3989,0.3929,0.3977,65861000
2023-04-04 12:00:00,0.3977,0.4004,0.3952,0.3966,49663414
2023-04-04 13:00:00,0.3965,0.3971,0.3913,0.3929,43361374
2023-04-04 14:00:00,0.393,0.395,0.3915,0.3921,39797064
2023-04-04 15:00:00,0.3921,0.3921,0.3884,0.3897,36650491
2023-04-04 16:00:00,0.3897,0.3903,0.3877,0.3889,21983368
2023-04-04 17:00:00,0.389,0.3919,0.388,0.3915,21463526
2023-04-04 18:00:00,0.3916,0.3918,0.3899,0.3905,15220168
2023-04-04 19:00:00,0.3905,0.3924,0.3903,0.392,14149235
2023-04-04 20:00:00,0.392,0.3941,0.3908,0.3934,22399467
2023-04-04 21:00:00,0.3934,0.3936,0.3919,0.3932,11806954
2023-04-04 22:00:00,0.3932,0.3934,0.3902,0.3905,13020731
2023-04-04 23:00:00,0.3905,0.391,0.3873,0.3892,19764090
2023-04-05 00:00:00,0.3892,0.3957,0.3865,0.3954,40136558
2023-04-05 01:00:00,0.3954,0.3965,0.3929,0.3959,29559604
2023-04-05 02:00:00,0.3959,0.3984,0.3948,0.3955,27517963
2023-04-05 03:00:00,0.3955,0.3958,0.3933,0.3952,17093671
2023-04-05 04:00:00,0.3952,0.3962,0.3944,0.3945,11320469
2023-04-05 05:00:00,0.3946,0.3964,0.3943,0.3962,10181200
2023-04-05 06:00:00,0.3961,0.3978,0.3948,0.3962,15471959
2023-04-05 07:00:00,0.3961,0.3968,0.3946,0.3958,13646759
2023-04-05 08:00:00,0.3958,0.397,0.3933,0.3955,19083454
2023-04-05 09:00:00,0.3956,0.3967,0.3945,0.3947,13692983
2023-04-05 10:00:00,0.3947,0.3976,0.3947,0.3974,13826963
2023-04-05 11:00:00,0.3973,0.4,0.3963,0.3984,24871558
2023-04-05 12:00:00,0.3984,0.3999,0.3929,0.3987,55329499
2023-04-05 13:00:00,0.3988,0.3994,0.3944,0.3954,34811277
2023-04-05 14:00:00,0.3955,0.3965,0.3903,0.3917,51384414
2023-04-05 15:00:00,0.3916,0.3937,0.3875,0.3922,44697276
2023-04-05 16:00:00,0.3922,0.3926,0.389,0.3904,29289621
2023-04-05 17:00:00,0.3903,0.3924,0.3894,0.3915,15927884
2023-04-05 18:00:00,0.3914,0.3922,0.3897,0.3922,15412412
2023-04-05 19:00:00,0.3922,0.3946,0.3902,0.3932,24346904
2023-04-05 20:00:00,0.3932,0.3936,0.3918,0.3921,11430928
2023-04-05 21:00:00,0.3921,0.3927,0.3908,0.3918,10485934
2023-04-05 22:00:00,0.3917,0.3931,0.3911,0.3922,9068190
2023-04-05 23:00:00,0.3923,0.3927,0.3915,0.3921,8897461
2023-04-06 00:00:00,0.3921,0.3922,0.386,0.3872,37729576
2023-04-06 01:00:00,0.3872,0.3888,0.3841,0.3881,25464533
2023-04-06 02:00:00,0.388,0.3892,0.3872,0.3883,13756899
2023-04-06 03:00:00,0.3884,0.3901,0.388,0.3899,10459556
2023-04-06 04:00:00,0.3898,0.3901,0.3884,0.3887,9473167
2023-04-06 05:00:00,0.3888,0.3903,0.3878,0.3882,13935994
2023-04-06 06:00:00,0.3882,0.3896,0.3876,0.3891,9767525
2023-04-06 07:00:00,0.389,0.3894,0.3827,0.3834,24872064
2023-04-06 08:00:00,0.3834,0.3851,0.382,0.3841,26589490
2023-04-06 09:00:00,0.3842,0.3858,0.3786,0.3792,39624792
2023-04-06 10:00:00,0.3792,0.38,0.3759,0.3786,63260231
2023-04-06 11:00:00,0.3786,0.3819,0.3781,0.3812,29979234
2023-04-06 12:00:00,0.3812,0.3833,0.38,0.3819,25208362
2023-04-06 13:00:00,0.3819,0.3838,0.3788,0.3817,30500141
2023-04-06 14:00:00,0.3816,0.3831,0.3811,0.3814,20390068
2023-04-06 15:00:00,0.3814,0.3849,0.3811,0.3843,19135789
2023-04-06 16:00:00,0.3844,0.386,0.3835,0.3846,19916524
2023-04-06 17:00:00,0.3846,0.3863,0.3844,0.3855,18122664
2023-04-06 18:00:00,0.3855,0.386,0.382,0.3825,17362527
2023-04-06 19:00:00,0.3825,0.3851,0.3821,0.3835,12284690
2023-04-06 20:00:00,0.3836,0.3851,0.3808,0.3818,19467144
2023-04-06 21:00:00,0.3818,0.3828,0.3804,0.3817,17373288
2023-04-06 22:00:00,0.3818,0.3831,0.3813,0.3828,10817473
2023-04-06 23:00:00,0.3828,0.3838,0.3819,0.3829,11237311
2023-04-07 00:00:00,0.3828,0.3843,0.3813,0.3843,12274974
2023-04-07 01:00:00,0.3842,0.3843,0.3813,0.3815,10537856
2023-04-07 02:00:00,0.3815,0.3819,0.3791,0.3801,13520239
2023-04-07 03:00:00,0.3802,0.3813,0.3793,0.381,6875138
2023-04-07 04:00:00,0.381,0.3828,0.3804,0.3821,7718669
2023-04-07 05:00:00,0.3821,0.3825,0.3792,0.3812,12605130
2023-04-07 06:00:00,0.3811,0.3813,0.3772,0.3784,20758191
2023-04-07 07:00:00,0.3783,0.3789,0.3758,0.3768,21157664
2023-04-07 08:00:00,0.3768,0.379,0.3753,0.3765,20926599
2023-04-07 09:00:00,0.3764,0.3797,0.3761,0.3788,14059743
2023-04-07 10:00:00,0.3788,0.3805,0.3782,0.3802,12426748
2023-04-07 11:00:00,0.3802,0.3804,0.3782,0.3787,14755790
2023-04-07 12:00:00,0.3788,0.3801,0.377,0.3791,25783265
2023-04-07 13:00:00,0.3791,0.3808,0.3781,0.3789,15098849
2023-04-07 14:00:00,0.3789,0.3831,0.3786,0.3827,21155574
2023-04-07 15:00:00,0.3827,0.3843,0.382,0.3838,21007258
2023-04-07 16:00:00,0.3837,0.3849,0.381,0.3817,21509902
2023-04-07 17:00:00,0.3817,0.3842,0.3816,0.3833,13242542
2023-04-07 18:00:00,0.3834,0.3838,0.3812,0.382,10607038
2023-04-07 19:00:00,0.3821,0.3826,0.3808,0.3822,10408597
2023-04-07 20:00:00,0.3822,0.3827,0.3806,0.3809,11520034
2023-04-07 21:00:00,0.3809,0.3822,0.3795,0.3805,9009657
2023-04-07 22:00:00,0.3805,0.3839,0.3797,0.3836,11757871
2023-04-07 23:00:00,0.3835,0.3842,0.3816,0.3832,13474831
2023-04-08 00:00:00,0.3832,0.3838,0.3802,0.3808,13901552
2023-04-08 01:00:00,0.3809,0.3854,0.3807,0.3854,17048753
2023-04-08 02:00:00,0.3853,0.3885,0.3841,0.3864,39084839
2023-04-08 03:00:00,0.3864,0.3867,0.3852,0.3857,14200596
2023-04-08 04:00:00,0.3857,0.3866,0.3855,0.3865,6279303
2023-04-08 05:00:00,0.3865,0.3898,0.3864,0.3898,16749068
2023-04-08 06:00:00,0.3898,0.39,0.3882,0.3886,18525959
2023-04-08 07:00:00,0.3886,0.3893,0.3873,0.3884,13688629
2023-04-08 08:00:00,0.3884,0.3898,0.388,0.3883,16918137
2023-04-08 09:00:00,0.3883,0.3898,0.3882,0.3892,10359218
2023-04-08 10:00:00,0.3892,0.3899,0.388,0.3885,13119584
2023-04-08 11:00:00,0.3885,0.389,0.3874,0.3883,17959143
2023-04-08 12:00:00,0.3884,0.3886,0.3865,0.3873,17060123
2023-04-08 13:00:00,0.3872,0.3879,0.3861,0.3867,10556508
2023-04-08 14:00:00,0.3868,0.3884,0.3862,0.3877,10462981
2023-04-08 15:00:00,0.3878,0.3881,0.3866,0.3873,13158994
2023-04-08 16:00:00,0.3873,0.3888,0.3861,0.3873,28027393
2023-04-08 17:00:00,0.3872,0.3876,0.3859,0.3864,12628523
2023-04-08 18:00:00,0.3864,0.3873,0.3836,0.3843,22394711
2023-04-08 19:00:00,0.3843,0.3855,0.3835,0.3842,14044967
2023-04-08 20:00:00,0.3842,0.3849,0.383,0.383,10094185
2023-04-08 21:00:00,0.383,0.3849,0.3829,0.3848,7292175
2023-04-08 22:00:00,0.3848,0.3848,0.382,0.3844,13546478
2023-04-08 23:00:00,0.3844,0.3865,0.3841,0.385,14495587
2023-04-09 00:00:00,0.385,0.3878,0.385,0.3872,15458781
2023-04-09 01:00:00,0.3871,0.3897,0.3871,0.3891,16276988
2023-04-09 02:00:00,0.3892,0.3895,0.3872,0.3873,10148480
2023-04-09 03:00:00,0.3873,0.3889,0.3866,0.3876,11182176
2023-04-09 04:00:00,0.3877,0.3888,0.3872,0.388,7518441
2023-04-09 05:00:00,0.3879,0.3889,0.3866,0.3871,7945495
2023-04-09 06:00:00,0.3871,0.3877,0.3841,0.3854,30543157
2023-04-09 07:00:00,0.3855,0.3868,0.3843,0.3858,13168392
2023-04-09 08:00:00,0.3858,0.3862,0.3841,0.3856,10729038
2023-04-09 09:00:00,0.3856,0.3862,0.3842,0.3855,9287880
2023-04-09 10:00:00,0.3854,0.3863,0.3839,0.3851,14194308
2023-04-09 11:00:00,0.385,0.388,0.3845,0.3876,18706531
2023-04-09 12:00:00,0.3876,0.39,0.3873,0.3894,29191335
2023-04-09 13:00:00,0.3893,0.3897,0.3873,0.3887,20478146
2023-04-09 14:00:00,0.3887,0.3898,0.386,0.3883,31852062
2023-04-09 15:00:00,0.3883,0.3888,0.387,0.3879,15216621
2023-04-09 16:00:00,0.388,0.3895,0.3874,0.3883,13573238
2023-04-09 17:00:00,0.3884,0.3887,0.3865,0.3869,12204318
2023-04-09 18:00:00,0.3869,0.3893,0.3867,0.3888,14440217
2023-04-09 19:00:00,0.3887,0.3932,0.3887,0.3904,46522420
2023-04-09 20:00:00,0.3904,0.3911,0.3889,0.3891,13803443
2023-04-09 21:00:00,0.389,0.3926,0.3889,0.3923,18013718
2023-04-09 22:00:00,0.3923,0.3928,0.3901,0.3903,20941546
2023-04-09 23:00:00,0.3903,0.3909,0.3885,0.3891,16256371
2023-04-10 00:00:00,0.3891,0.3907,0.3876,0.3878,15057924
2023-04-10 01:00:00,0.3878,0.3878,0.3843,0.3848,28636846
2023-04-10 02:00:00,0.3848,0.3866,0.3845,0.3862,14805353
2023-04-10 03:00:00,0.3862,0.387,0.3854,0.3864,11663028
2023-04-10 04:00:00,0.3864,0.3871,0.385,0.3854,10795103
2023-04-10 05:00:00,0.3853,0.3886,0.3848,0.3875,17832483
2023-04-10 06:00:00,0.3875,0.3876,0.3865,0.3867,3112942
2023-04-10 07:00:00,0.3867,0.3873,0.3859,0.3865,6610265
2023-04-10 08:00:00,0.3865,0.3879,0.3863,0.3872,14062596
2023-04-10 09:00:00,0.3872,0.3879,0.3867,0.3877,7712374
2023-04-10 10:00:00,0.3876,0.3886,0.3868,0.3883,10181043
2023-04-10 11:00:00,0.3883,0.3886,0.3863,0.3867,15348697
2023-04-10 12:00:00,0.3868,0.3874,0.3861,0.3864,12352414
2023-04-10 13:00:00,0.3864,0.387,0.3861,0.3864,16346532
2023-04-10 14:00:00,0.3863,0.3882,0.3855,0.3876,19716130
2023-04-10 15:00:00,0.3876,0.3894,0.387,0.3885,21339568
2023-04-10 16:00:00,0.3884,0.3914,0.3869,0.3911,29419425
2023-04-10 17:00:00,0.3912,0.394,0.3903,0.3916,52408529
2023-04-10 18:00:00,0.3917,0.3928,0.3914,0.3922,21243856
2023-04-10 19:00:00,0.3922,0.3924,0.3892,0.3908,23661876
2023-04-10 20:00:00,0.3908,0.3908,0.3876,0.3892,24042400
2023-04-10 21:00:00,0.3892,0.3916,0.3887,0.3916,18796130
2023-04-10 22:00:00,0.3915,0.3972,0.3915,0.3951,88421243
2023-04-10 23:00:00,0.3951,0.3977,0.395,0.397,28970344
2023-04-11 00:00:00,0.3971,0.3999,0.3956,0.3989,37480475
2023-04-11 01:00:00,0.399,0.3999,0.3963,0.3996,30999202
2023-04-11 02:00:00,0.3995,0.4012,0.3981,0.3995,36630957
2023-04-11 03:00:00,0.3996,0.4006,0.3974,0.4004,23318027
2023-04-11 04:00:00,0.4003,0.4018,0.3993,0.4017,25602521
2023-04-11 05:00:00,0.4018,0.4075,0.4017,0.4043,72825274
2023-04-11 06:00:00,0.4043,0.4063,0.404,0.4051,26551941
2023-04-11 07:00:00,0.4052,0.4119,0.4044,0.4116,51103987
2023-04-11 08:00:00,0.4116,0.4134,0.4069,0.4076,67148214
2023-04-11 09:00:00,0.4076,0.4092,0.4065,0.408,32946227
2023-04-11 10:00:00,0.408,0.4102,0.4079,0.4087,22493777
2023-04-11 11:00:00,0.4087,0.4099,0.4068,0.4077,22343146
2023-04-11 12:00:00,0.4077,0.409,0.4064,0.4072,25166699
2023-04-11 13:00:00,0.4072,0.4086,0.4067,0.4086,19994649
2023-04-11 14:00:00,0.4085,0.4103,0.4028,0.4043,64285931
2023-04-11 15:00:00,0.4044,0.4068,0.4043,0.4055,25307194
2023-04-11 16:00:00,0.4055,0.4059,0.3991,0.4,48571794
2023-04-11 17:00:00,0.4,0.4017,0.3968,0.4015,48307771
2023-04-11 18:00:00,0.4014,0.4028,0.4006,0.4021,17720225
2023-04-11 19:00:00,0.4021,0.4038,0.4,0.4004,31937488
2023-04-11 20:00:00,0.4005,0.4009,0.3982,0.4002,30568383
2023-04-11 21:00:00,0.4003,0.4008,0.3971,0.3989,22905063
2023-04-11 22:00:00,0.3989,0.4011,0.3982,0.401,14114518
2023-04-11 23:00:00,0.401,0.4018,0.3995,0.4012,14049853
2023-04-12 00:00:00,0.4012,0.4042,0.3973,0.3987,35184792
2023-04-12 01:00:00,0.3986,0.4005,0.3953,0.396,37493615
2023-04-12 02:00:00,0.3961,0.3961,0.3892,0.3904,80387946
2023-04-12 03:00:00,0.3904,0.3914,0.3883,0.3905,40468542
2023-04-12 04:00:00,0.3904,0.3929,0.3892,0.3928,24538176
2023-04-12 05:00:00,0.3928,0.3936,0.3918,0.3925,15102079
2023-04-12 06:00:00,0.3924,0.3944,0.3911,0.3941,15475596
2023-04-12 07:00:00,0.3941,0.3955,0.3935,0.3942,17663203
2023-04-12 08:00:00,0.3943,0.3951,0.3933,0.3936,16111351
2023-04-12 09:00:00,0.3936,0.3961,0.3936,0.3949,16354114
2023-04-12 10:00:00,0.395,0.3955,0.3941,0.3949,12528260
2023-04-12 11:00:00,0.395,0.3952,0.3934,0.3944,13851946
2023-04-12 12:00:00,0.3944,0.404,0.3939,0.4019,94927175
2023-04-12 13:00:00,0.4019,0.4062,0.3993,0.4004,73385082
2023-04-12 14:00:00,0.4004,0.405,0.4001,0.4017,51216246
2023-04-12 15:00:00,0.4017,0.403,0.3974,0.4014,51942503
2023-04-12 16:00:00,0.4014,0.4039,0.4008,0.401,22230525
2023-04-12 17:00:00,0.4009,0.4024,0.4006,0.4007,17772448
2023-04-12 18:00:00,0.4008,0.405,0.3996,0.4034,61679933
2023-04-12 19:00:00,0.4035,0.4039,0.4016,0.4028,27893121
2023-04-12 20:00:00,0.4029,0.4049,0.4028,0.403,19886921
2023-04-12 21:00:00,0.403,0.4043,0.4022,0.4039,13626775
2023-04-12 22:00:00,0.404,0.4045,0.4008,0.4012,20761462
2023-04-12 23:00:00,0.4013,0.4069,0.4007,0.4047,46696432
2023-04-13 00:00:00,0.4047,0.4082,0.4026,0.407,30228365
2023-04-13 01:00:00,0.407,0.4095,0.4045,0.4091,31678122
2023-04-13 02:00:00,0.4091,0.4096,0.4066,0.4071,26643609
2023-04-13 03:00:00,0.4071,0.4081,0.4062,0.4064,14298991
2023-04-13 04:00:00,0.4064,0.4077,0.4054,0.4062,14578023
2023-04-13 05:00:00,0.4061,0.4067,0.4056,0.406,9928168
2023-04-13 06:00:00,0.406,0.4069,0.4042,0.4046,15140320
2023-04-13 07:00:00,0.4046,0.4056,0.3984,0.4021,64683589
2023-04-13 08:00:00,0.4021,0.412,0.4016,0.4089,87572316
2023-04-13 09:00:00,0.4089,0.4128,0.4079,0.4099,63318636
2023-04-13 10:00:00,0.41,0.4121,0.4081,0.4118,26488622
2023-04-13 11:00:00,0.4118,0.4169,0.4109,0.4113,69879671
2023-04-13 12:00:00,0.4114,0.4154,0.4101,0.4148,44565428
2023-04-13 13:00:00,0.4147,0.415,0.4121,0.413,37376136
2023-04-13 14:00:00,0.413,0.4139,0.4075,0.4133,59976449
2023-04-13 15:00:00,0.4134,0.4141,0.411,0.4132,25664731
2023-04-13 16:00:00,0.4133,0.4229,0.4098,0.4131,136776086
2023-04-13 17:00:00,0.4132,0.416,0.4123,0.4144,28512656
2023-04-13 18:00:00,0.4145,0.4245,0.4143,0.4198,67888449
2023-04-13 19:00:00,0.4198,0.4235,0.4194,0.421,46376355
2023-04-13 20:00:00,0.421,0.4287,0.4197,0.4279,73440876
2023-04-13 21:00:00,0.4279,0.428,0.4242,0.4247,32356224
2023-04-13 22:00:00,0.4248,0.4268,0.4244,0.4261,22405360
2023-04-13 23:00:00,0.426,0.4262,0.424,0.4251,16151649
2023-04-14 00:00:00,0.4252,0.4332,0.4226,0.4274,132348554
2023-04-14 01:00:00,0.4274,0.4395,0.4273,0.4364,127360792
2023-04-14 02:00:00,0.4364,0.4379,0.4339,0.4354,37712468
2023-04-14 03:00:00,0.4354,0.4441,0.4354,0.4376,79862506
2023-04-14 04:00:00,0.4376,0.4426,0.4374,0.4411,31572457
2023-04-14 05:00:00,0.4411,0.4428,0.4401,0.4416,24128307
2023-04-14 06:00:00,0.4416,0.4436,0.4404,0.4408,30595946
2023-04-14 07:00:00,0.4407,0.4423,0.4336,0.4347,59535471
2023-04-14 08:00:00,0.4346,0.4404,0.4346,0.4396,32089758
2023-04-14 09:00:00,0.4396,0.4396,0.4363,0.4373,21265925
2023-04-14 10:00:00,0.4372,0.4401,0.4368,0.4396,24412811
2023-04-14 11:00:00,0.4395,0.4437,0.4382,0.4432,33284676
2023-04-14 12:00:00,0.4432,0.444,0.4304,0.4325,134661891
2023-04-14 13:00:00,0.4324,0.4376,0.4323,0.4367,50283683
2023-04-14 14:00:00,0.4367,0.4367,0.4286,0.4295,54425543
2023-04-14 15:00:00,0.4295,0.4396,0.4239,0.4271,155132632
2023-04-14 16:00:00,0.4271,0.4302,0.4265,0.4299,47066184
2023-04-14 17:00:00,0.4299,0.4335,0.4296,0.4323,29902630
2023-04-14 18:00:00,0.4323,0.4338,0.4299,0.4303,22471884
2023-04-14 19:00:00,0.4303,0.4337,0.4296,0.4337,17608153
2023-04-14 20:00:00,0.4336,0.4367,0.4329,0.4366,35360318
2023-04-14 21:00:00,0.4366,0.4373,0.4349,0.4371,14110878
2023-04-14 22:00:00,0.4371,0.4397,0.4359,0.4393,19499008
2023-04-14 23:00:00,0.4392,0.4399,0.4362,0.4378,19710723
2023-04-15 00:00:00,0.4379,0.4393,0.4346,0.4359,29827308
2023-04-15 01:00:00,0.4359,0.437,0.4312,0.4326,30406475
2023-04-15 02:00:00,0.4327,0.4343,0.432,0.4328,12574535
2023-04-15 03:00:00,0.4328,0.4368,0.4326,0.4366,12794924
2023-04-15 04:00:00,0.4365,0.4368,0.434,0.436,12913506
2023-04-15 05:00:00,0.436,0.44,0.4359,0.4395,18620599
2023-04-15 06:00:00,0.4395,0.4421,0.4384,0.4402,38971453
2023-04-15 07:00:00,0.4403,0.4494,0.4403,0.4467,60242165
2023-04-15 08:00:00,0.4467,0.45,0.4457,0.448,61448460
2023-04-15 09:00:00,0.4481,0.4502,0.4474,0.4486,38321894
2023-04-15 10:00:00,0.4486,0.4546,0.4485,0.4497,70580180
2023-04-15 11:00:00,0.4498,0.4582,0.4449,0.4557,115744418
2023-04-15 12:00:00,0.4556,0.4593,0.4546,0.4549,70098845
2023-04-15 13:00:00,0.4549,0.4624,0.4547,0.4564,82458097
2023-04-15 14:00:00,0.4565,0.4608,0.4555,0.458,60422673
2023-04-15 15:00:00,0.458,0.4593,0.4556,0.4562,36544022
2023-04-15 16:00:00,0.4562,0.4569,0.4526,0.4535,46010059
2023-04-15 17:00:00,0.4535,0.4545,0.4501,0.4517,46498257
2023-04-15 18:00:00,0.4517,0.4553,0.4516,0.4535,28928396
2023-04-15 19:00:00,0.4535,0.4536,0.4466,0.4503,49154868
2023-04-15 20:00:00,0.4503,0.4537,0.4486,0.4502,34851999
2023-04-15 21:00:00,0.4503,0.4533,0.449,0.4532,23692884
2023-04-15 22:00:00,0.4532,0.4568,0.4523,0.4562,31841831
2023-04-15 23:00:00,0.4562,0.4563,0.4523,0.4525,23742946
2023-04-16 00:00:00,0.4525,0.4579,0.4512,0.4543,41137253
2023-04-16 01:00:00,0.4544,0.4556,0.4469,0.4516,64317090
2023-04-16 02:00:00,0.4516,0.4523,0.4495,0.45,21566693
2023-04-16 03:00:00,0.4501,0.4514,0.448,0.4491,20279883
2023-04-16 04:00:00,0.4491,0.452,0.4482,0.4511,22706472
2023-04-16 05:00:00,0.451,0.4534,0.4507,0.4522,18276655
2023-04-16 06:00:00,0.4523,0.4527,0.4499,0.4499,12198391
2023-04-16 07:00:00,0.4499,0.4519,0.4498,0.4511,10871691
2023-04-16 08:00:00,0.4511,0.4531,0.4505,0.452,13837255
2023-04-16 09:00:00,0.4521,0.4524,0.4483,0.4487,27165471
2023-04-16 10:00:00,0.4487,0.4491,0.4431,0.4461,47701803
2023-04-16 11:00:00,0.4462,0.4466,0.4445,0.4446,27554458
2023-04-16 12:00:00,0.4447,0.4475,0.4446,0.4467,24904531
2023-04-16 13:00:00,0.4467,0.4469,0.4425,0.4441,28428329
2023-04-16 14:00:00,0.444,0.4468,0.4435,0.4467,23743428
2023-04-16 15:00:00,0.4468,0.4488,0.4455,0.4476,23989548
2023-04-16 16:00:00,0.4476,0.4481,0.4459,0.447,18111684
2023-04-16 17:00:00,0.447,0.4487,0.4468,0.4484,21652801
2023-04-16 18:00:00,0.4484,0.4529,0.4477,0.4528,28150459
2023-04-16 19:00:00,0.4529,0.4545,0.4498,0.4503,43781908
2023-04-16 20:00:00,0.4504,0.4536,0.4459,0.4521,38043839
2023-04-16 21:00:00,0.4522,0.4543,0.4505,0.4541,21273236
2023-04-16 22:00:00,0.4541,0.4542,0.451,0.4529,15678226
2023-04-16 23:00:00,0.4529,0.4535,0.4501,0.4514,17413662
2023-04-17 00:00:00,0.4513,0.4517,0.4401,0.4408,72092954
2023-04-17 01:00:00,0.4408,0.4453,0.4381,0.4448,47830518
2023-04-17 02:00:00,0.4448,0.4492,0.4436,0.4475,24888324
2023-04-17 03:00:00,0.4474,0.4479,0.4436,0.4447,21313873
2023-04-17 04:00:00,0.4447,0.4454,0.4401,0.4434,31571976
2023-04-17 05:00:00,0.4434,0.4446,0.4417,0.4443,18572495
2023-04-17 06:00:00,0.4443,0.4444,0.4401,0.441,17723668
2023-04-17 07:00:00,0.441,0.4422,0.4385,0.4387,29358279
2023-04-17 08:00:00,0.4387,0.4422,0.4386,0.4419,24621584
2023-04-17 09:00:00,0.4419,0.4422,0.4393,0.4399,17787854
2023-04-17 10:00:00,0.44,0.4438,0.4372,0.4436,41242240
2023-04-17 11:00:00,0.4436,0.4457,0.4395,0.4429,69537162
2023-04-17 12:00:00,0.443,0.447,0.4423,0.4429,51771763
2023-04-17 13:00:00,0.4429,0.443,0.4325,0.436,94032498
2023-04-17 14:00:00,0.436,0.4377,0.4345,0.4369,29875849
2023-04-17 15:00:00,0.4368,0.4376,0.4326,0.4343,32066231
2023-04-17 16:00:00,0.4343,0.4378,0.4337,0.4368,25442268
2023-04-17 17:00:00,0.4368,0.4379,0.4364,0.437,13245436
2023-04-17 18:00:00,0.4369,0.4387,0.4366,0.4381,13308128
2023-04-17 19:00:00,0.438,0.4394,0.4368,0.4377,15428334
2023-04-17 20:00:00,0.4378,0.4379,0.4351,0.4357,14058355
2023-04-17 21:00:00,0.4357,0.4359,0.4309,0.4337,23526396
2023-04-17 22:00:00,0.4338,0.4366,0.4336,0.436,16118367
2023-04-17 23:00:00,0.436,0.4365,0.4333,0.4345,12237611
2023-04-18 00:00:00,0.4345,0.4346,0.431,0.4327,26129567
2023-04-18 01:00:00,0.4326,0.4333,0.4275,0.4327,41702734
2023-04-18 02:00:00,0.4327,0.4358,0.4314,0.4351,19447445
2023-04-18 03:00:00,0.4351,0.4353,0.4338,0.4348,12261182
2023-04-18 04:00:00,0.4349,0.4364,0.4335,0.4362,14577533
2023-04-18 05:00:00,0.4361,0.443,0.4358,0.442,37154730
2023-04-18 06:00:00,0.4419,0.4447,0.4416,0.4439,39260809
2023-04-18 07:00:00,0.4439,0.4443,0.4415,0.4422,24590282
2023-04-18 08:00:00,0.4422,0.4437,0.4396,0.4406,25804312
2023-04-18 09:00:00,0.4405,0.4447,0.4404,0.444,25085619
2023-04-18 10:00:00,0.4439,0.4458,0.4425,0.4449,19959132
2023-04-18 11:00:00,0.4448,0.4479,0.4437,0.4477,34716170
2023-04-18 12:00:00,0.4477,0.4479,0.4442,0.4452,31694788
2023-04-18 13:00:00,0.4452,0.4461,0.4431,0.4449,25632374
2023-04-18 14:00:00,0.445,0.445,0.4404,0.443,31724502
2023-04-18 15:00:00,0.443,0.4433,0.4401,0.4416,24285472
2023-04-18 16:00:00,0.4417,0.4432,0.441,0.442,17061111
2023-04-18 17:00:00,0.4421,0.4429,0.4361,0.437,31306286
2023-04-18 18:00:00,0.4369,0.4394,0.4357,0.4381,32532458
2023-04-18 19:00:00,0.4382,0.4399,0.4374,0.4397,14586674
2023-04-18 20:00:00,0.4396,0.443,0.438,0.4424,20011534
2023-04-18 21:00:00,0.4424,0.4426,0.4404,0.4419,10378954
2023-04-18 22:00:00,0.4418,0.4428,0.441,0.4423,15538482
2023-04-18 23:00:00,0.4423,0.4441,0.4418,0.4434,17430388
2023-04-19 00:00:00,0.4435,0.4435,0.4409,0.4413,19388654
2023-04-19 01:00:00,0.4414,0.4417,0.4392,0.4402,14283059
2023-04-19 02:00:00,0.4402,0.4405,0.4354,0.4364,40717537
2023-04-19 03:00:00,0.4364,0.4388,0.4356,0.437,23063179
2023-04-19 04:00:00,0.437,0.4376,0.435,0.4366,18920322
2023-04-19 05:00:00,0.4366,0.4387,0.4355,0.4384,13386415
2023-04-19 06:00:00,0.4384,0.4388,0.4333,0.4338,24694175
2023-04-19 07:00:00,0.4338,0.435,0.4332,0.434,20165605
2023-04-19 08:00:00,0.434,0.4342,0.402,0.4145,240342580
2023-04-19 09:00:00,0.4144,0.4167,0.4132,0.4158,54390378
2023-04-19 10:00:00,0.4158,0.4185,0.4149,0.4182,42520140
2023-04-19 11:00:00,0.4181,0.4212,0.4165,0.4191,31184277
2023-04-19 12:00:00,0.4191,0.42,0.4172,0.4189,23944056
2023-04-19 13:00:00,0.4189,0.4225,0.4181,0.4219,28361185
2023-04-19 14:00:00,0.4218,0.4252,0.4216,0.4236,44545002
2023-04-19 15:00:00,0.4235,0.4247,0.4193,0.4206,39991702
2023-04-19 16:00:00,0.4207,0.4232,0.4198,0.4225,27462774
2023-04-19 17:00:00,0.4225,0.4232,0.4163,0.4203,44881398
2023-04-19 18:00:00,0.4203,0.4219,0.4166,0.4177,29133898
2023-04-19 19:00:00,0.4177,0.4194,0.4153,0.417,25413467
2023-04-19 20:00:00,0.4169,0.4188,0.4159,0.4179,23431080
2023-04-19 21:00:00,0.4178,0.4189,0.4114,0.4186,42463688
2023-04-19 22:00:00,0.4186,0.4199,0.4169,0.4176,18442782
2023-04-19 23:00:00,0.4175,0.418,0.407,0.4162,56420446
2023-04-20 00:00:00,0.4162,0.4197,0.4157,0.4191,29056662
2023-04-20 01:00:00,0.4191,0.4212,0.4178,0.421,21551145
2023-04-20 02:00:00,0.421,0.422,0.4142,0.4149,27532963
2023-04-20 03:00:00,0.4149,0.4188,0.4121,0.4186,30215387
2023-04-20 04:00:00,0.4187,0.4208,0.4181,0.4184,16655362
2023-04-20 05:00:00,0.4185,0.4203,0.4164,0.418,20778054
2023-04-20 06:00:00,0.418,0.4211,0.4179,0.4191,20479037
2023-04-20 07:00:00,0.4191,0.42,0.4159,0.4166,19602971
2023-04-20 08:00:00,0.4166,0.4201,0.4164,0.4177,25905463
2023-04-20 09:00:00,0.4177,0.4194,0.4175,0.4179,16539538
2023-04-20 10:00:00,0.4178,0.419,0.4155,0.4167,19245873
2023-04-20 11:00:00,0.4167,0.4173,0.411,0.4116,40401441
2023-04-20 12:00:00,0.4116,0.4181,0.4105,0.4171,51052954
2023-04-20 13:00:00,0.4171,0.4172,0.4134,0.4153,33676552
2023-04-20 14:00:00,0.4154,0.416,0.4128,0.4135,25127295
2023-04-20 15:00:00,0.4134,0.4139,0.405,0.4064,54902533
2023-04-20 16:00:00,0.4063,0.4064,0.3931,0.3981,108511647
2023-04-20 17:00:00,0.3981,0.4021,0.3952,0.3972,71796217
2023-04-20 18:00:00,0.3972,0.401,0.3963,0.4006,53932034
2023-04-20 19:00:00,0.4005,0.4006,0.3958,0.3978,52687415
2023-04-20 20:00:00,0.3978,0.4042,0.3954,0.4019,73261556
2023-04-20 21:00:00,0.402,0.4037,0.4012,0.4029,18075326
2023-04-20 22:00:00,0.403,0.4056,0.4016,0.4022,22798885
2023-04-20 23:00:00,0.4022,0.4035,0.3992,0.4005,20717085
2023-04-21 00:00:00,0.4004,0.404,0.3986,0.4024,37070909
2023-04-21 01:00:00,0.4023,0.403,0.4005,0.4005,23233996
2023-04-21 02:00:00,0.4005,0.4016,0.399,0.4015,15526069
2023-04-21 03:00:00,0.4015,0.4037,0.4013,0.4033,13269224
2023-04-21 04:00:00,0.4034,0.4047,0.4021,0.4022,15263985
2023-04-21 05:00:00,0.4022,0.405,0.4018,0.403,20528495
2023-04-21 06:00:00,0.4031,0.4066,0.3984,0.4005,56661527
2023-04-21 07:00:00,0.4005,0.4062,0.3998,0.4051,40598501
2023-04-21 08:00:00,0.4051,0.4071,0.403,0.4044,26697582
2023-04-21 09:00:00,0.4043,0.4068,0.4035,0.4049,27853623
2023-04-21 10:00:00,0.4049,0.4059,0.4013,0.402,27851045
2023-04-21 11:00:00,0.4021,0.4026,0.3991,0.4003,34735416
2023-04-21 12:00:00,0.4003,0.4016,0.3955,0.4016,51480331
2023-04-21 13:00:00,0.4016,0.4046,0.4002,0.4004,36747450
2023-04-21 14:00:00,0.4005,0.4021,0.3981,0.3997,41952941
2023-04-21 15:00:00,0.3998,0.4015,0.3973,0.3978,32109528
2023-04-21 16:00:00,0.3977,0.3987,0.3941,0.3964,44727434
2023-04-21 17:00:00,0.3964,0.3973,0.3899,0.3931,68748064
2023-04-21 18:00:00,0.3931,0.394,0.39,0.3906,33936150
2023-04-21 19:00:00,0.3906,0.3907,0.378,0.3817,121922437
2023-04-21 20:00:00,0.3817,0.3835,0.3793,0.3799,52904598
2023-04-21 21:00:00,0.3799,0.3833,0.3787,0.3789,36850477
2023-04-21 22:00:00,0.379,0.3815,0.3785,0.38,26932187
2023-04-21 23:00:00,0.38,0.3828,0.3795,0.382,19851436
2023-04-22 00:00:00,0.382,0.3841,0.3816,0.3816,24120233
2023-04-22 01:00:00,0.3816,0.3856,0.3808,0.3846,19508370
2023-04-22 02:00:00,0.3847,0.3851,0.3833,0.3845,11499067
2023-04-22 03:00:00,0.3845,0.3861,0.3838,0.3859,15047362
2023-04-22 04:00:00,0.3859,0.3868,0.385,0.3863,11549813
2023-04-22 05:00:00,0.3863,0.3882,0.3852,0.3881,13777330
2023-04-22 06:00:00,0.3882,0.3883,0.3845,0.3854,14452597
2023-04-22 07:00:00,0.3853,0.3865,0.3844,0.385,13598112
2023-04-22 08:00:00,0.3849,0.3861,0.384,0.3845,12548707
2023-04-22 09:00:00,0.3846,0.3872,0.3843,0.387,16181303
2023-04-22 10:00:00,0.3869,0.3879,0.386,0.3876,19819991
2023-04-22 11:00:00,0.3875,0.3897,0.3871,0.389,22899877
2023-04-22 12:00:00,0.389,0.3931,0.3889,0.3929,26605586
2023-04-22 13:00:00,0.393,0.3942,0.3913,0.3921,35220533
2023-04-22 14:00:00,0.3921,0.3977,0.3921,0.3964,44100079
2023-04-22 15:00:00,0.3964,0.3981,0.3952,0.396,32476631
2023-04-22 16:00:00,0.3961,0.3988,0.3945,0.395,38132167
2023-04-22 17:00:00,0.395,0.3979,0.3946,0.3967,23541604
2023-04-22 18:00:00,0.3966,0.3971,0.394,0.3952,18851181
2023-04-22 19:00:00,0.3951,0.3965,0.3944,0.3944,14334219
2023-04-22 20:00:00,0.3944,0.3954,0.3936,0.3938,14568972
2023-04-22 21:00:00,0.3937,0.3954,0.3924,0.3953,14283842
2023-04-22 22:00:00,0.3953,0.3977,0.3942,0.3961,28060512
2023-04-22 23:00:00,0.396,0.3966,0.3949,0.3954,11837084
2023-04-23 00:00:00,0.3954,0.3956,0.3881,0.3918,38974713
2023-04-23 01:00:00,0.3918,0.3925,0.3895,0.3904,19952380
2023-04-23 02:00:00,0.3904,0.3915,0.3898,0.3909,13697770
2023-04-23 03:00:00,0.3908,0.3934,0.3907,0.3918,12723186
2023-04-23 04:00:00,0.3917,0.3928,0.3912,0.3924,10628545
2023-04-23 05:00:00,0.3925,0.3931,0.3907,0.393,17241736
2023-04-23 06:00:00,0.3931,0.3938,0.3916,0.3923,11982460
2023-04-23 07:00:00,0.3923,0.3942,0.3916,0.3938,11301431
2023-04-23 08:00:00,0.3938,0.395,0.3929,0.3941,17413336
2023-04-23 09:00:00,0.3941,0.3943,0.3931,0.3933,9669986
2023-04-23 10:00:00,0.3933,0.3939,0.3899,0.3905,18193688
2023-04-23 11:00:00,0.3904,0.3913,0.3898,0.3912,16158820
2023-04-23 12:00:00,0.3912,0.3928,0.3906,0.391,15089165
2023-04-23 13:00:00,0.391,0.3911,0.3891,0.3898,15233553
2023-04-23 14:00:00,0.3899,0.3903,0.385,0.3867,27425785
2023-04-23 15:00:00,0.3868,0.3877,0.3828,0.3853,44011139
2023-04-23 16:00:00,0.3853,0.389,0.3825,0.3869,33547348
2023-04-23 17:00:00,0.3869,0.3879,0.3838,0.3839,19015526
2023-04-23 18:00:00,0.3839,0.3849,0.379,0.3823,49805237
2023-04-23 19:00:00,0.3822,0.3846,0.3811,0.3832,25621562
2023-04-23 20:00:00,0.3833,0.3858,0.3822,0.3852,25883984
2023-04-23 21:00:00,0.3852,0.3868,0.3837,0.3865,14579449
2023-04-23 22:00:00,0.3864,0.3882,0.3826,0.3873,28867394
2023-04-23 23:00:00,0.3874,0.39,0.3873,0.3885,21215309
2023-04-24 00:00:00,0.3886,0.3943,0.3853,0.394,41576515
2023-04-24 01:00:00,0.3941,0.3975,0.3917,0.3928,45962151
2023-04-24 02:00:00,0.3928,0.3939,0.3908,0.3916,18718730
2023-04-24 03:00:00,0.3916,0.3921,0.3891,0.3919,15443776
2023-04-24 04:00:00,0.3919,0.3919,0.3894,0.3897,13642290
2023-04-24 05:00:00,0.3897,0.3913,0.3888,0.3891,14153571
2023-04-24 06:00:00,0.389,0.39,0.3837,0.3857,26400641
2023-04-24 07:00:00,0.3857,0.3863,0.3824,0.3848,33111832
2023-04-24 08:00:00,0.3848,0.3866,0.3815,0.3835,31048814
2023-04-24 09:00:00,0.3835,0.3854,0.3833,0.3847,19197061
2023-04-24 10:00:00,0.3848,0.3876,0.3847,0.3875,19610064
2023-04-24 11:00:00,0.3876,0.3897,0.3875,0.3894,24145862
2023-04-24 12:00:00,0.3894,0.3899,0.3869,0.3876,17898945
2023-04-24 13:00:00,0.3877,0.394,0.3875,0.3925,40010488
2023-04-24 14:00:00,0.3925,0.3938,0.3867,0.3897,43942796
2023-04-24 15:00:00,0.3896,0.3904,0.385,0.3862,32258331
2023-04-24 16:00:00,0.3862,0.3879,0.3803,0.3815,44246472
2023-04-24 17:00:00,0.3814,0.3859,0.3791,0.3847,52101009
2023-04-24 18:00:00,0.3848,0.388,0.3815,0.3829,31878854
2023-04-24 19:00:00,0.3829,0.384,0.3815,0.3827,22406273
2023-04-24 20:00:00,0.3827,0.3848,0.381,0.3829,26705046
2023-04-24 21:00:00,0.383,0.3835,0.3812,0.3825,16064501
2023-04-24 22:00:00,0.3825,0.3844,0.3818,0.3833,16645352
2023-04-24 23:00:00,0.3833,0.3849,0.383,0.3832,13812405
2023-04-25 00:00:00,0.3832,0.3845,0.3806,0.3815,26333648
2023-04-25 01:00:00,0.3814,0.3836,0.381,0.3817,19373981
2023-04-25 02:00:00,0.3816,0.383,0.3804,0.3812,22014101
2023-04-25 03:00:00,0.3812,0.3815,0.3753,0.3782,43684184
2023-04-25 04:00:00,0.3782,0.3821,0.3768,0.3814,23542552
2023-04-25 05:00:00,0.3815,0.383,0.3791,0.3822,19596451
2023-04-25 06:00:00,0.3821,0.3829,0.3808,0.381,13419875
2023-04-25 07:00:00,0.3811,0.3823,0.3786,0.3793,24363144
2023-04-25 08:00:00,0.3792,0.3809,0.3769,0.3804,33695593
2023-04-25 09:00:00,0.3805,0.3809,0.3779,0.3784,22171321
2023-04-25 10:00:00,0.3785,0.3787,0.3767,0.3777,19684419
2023-04-25 11:00:00,0.3776,0.3802,0.3768,0.3795,24706051
2023-04-25 12:00:00,0.3795,0.381,0.3789,0.3808,21454706
2023-04-25 13:00:00,0.3808,0.3828,0.3794,0.3803,30475904
2023-04-25 14:00:00,0.3803,0.3815,0.3772,0.3787,31620572
2023-04-25 15:00:00,0.3787,0.3813,0.3773,0.3799,29265197
2023-04-25 16:00:00,0.3798,0.3827,0.3794,0.3818,27556789
2023-04-25 17:00:00,0.3819,0.385,0.379,0.3837,42608514
2023-04-25 18:00:00,0.3838,0.3856,0.3829,0.3831,36523969
2023-04-25 19:00:00,0.3831,0.3836,0.3813,0.3831,20812693
2023-04-25 20:00:00,0.3831,0.3898,0.3826,0.3892,45006536
2023-04-25 21:00:00,0.3892,0.3933,0.3892,0.3924,39310490
2023-04-25 22:00:00,0.3924,0.3936,0.3903,0.3912,29970629
2023-04-25 23:00:00,0.3912,0.395,0.3908,0.3942,25500124
2023-04-26 00:00:00,0.3942,0.3969,0.393,0.3933,32896989
2023-04-26 01:00:00,0.3933,0.3958,0.3926,0.3952,18227656
2023-04-26 02:00:00,0.3953,0.3954,0.3944,0.3951,9552418
2023-04-26 03:00:00,0.3951,0.396,0.3942,0.3949,11519726
2023-04-26 04:00:00,0.395,0.3972,0.3946,0.3946,13512197
2023-04-26 05:00:00,0.3947,0.398,0.3946,0.3966,15176304
2023-04-26 06:00:00,0.3966,0.3979,0.3948,0.3968,20717405
2023-04-26 07:00:00,0.3967,0.3973,0.3946,0.3965,18161113
2023-04-26 08:00:00,0.3965,0.4007,0.3962,0.4005,35450516
2023-04-26 09:00:00,0.4006,0.4047,0.4005,0.4032,55602010
2023-04-26 10:00:00,0.4032,0.4073,0.4026,0.4057,52940584
2023-04-26 11:00:00,0.4056,0.4065,0.4038,0.4052,31404479
2023-04-26 12:00:00,0.4053,0.4163,0.4052,0.4132,85146104
2023-04-26 13:00:00,0.4133,0.4158,0.4109,0.4154,69068579
2023-04-26 14:00:00,0.4153,0.417,0.4112,0.413,48043725
2023-04-26 15:00:00,0.4131,0.4156,0.413,0.4147,26737195
2023-04-26 16:00:00,0.4147,0.417,0.4127,0.4146,33482181
2023-04-26 17:00:00,0.4146,0.4154,0.4113,0.4126,23895108
2023-04-26 18:00:00,0.4125,0.4138,0.4116,0.412,19804062
2023-04-26 19:00:00,0.412,0.4121,0.3825,0.3861,187239580
2023-04-26 20:00:00,0.3861,0.3924,0.3771,0.3919,165818607
2023-04-26 21:00:00,0.3919,0.397,0.3883,0.3969,54420013
2023-04-26 22:00:00,0.397,0.4051,0.3944,0.4009,108051312
2023-04-26 23:00:00,0.4009,0.4025,0.3987,0.401,39304944
2023-04-27 00:00:00,0.401,0.412,0.4005,0.4099,88727877
2023-04-27 01:00:00,0.4098,0.4118,0.4014,0.4051,63013094
2023-04-27 02:00:00,0.4051,0.4088,0.405,0.4058,29257230
2023-04-27 03:00:00,0.4059,0.4064,0.4033,0.404,24555741
2023-04-27 04:00:00,0.4041,0.4094,0.404,0.4091,25325495
2023-04-27 05:00:00,0.4091,0.4109,0.4083,0.4091,22072140
2023-04-27 06:00:00,0.4091,0.4133,0.4054,0.4091,55134525
2023-04-27 07:00:00,0.4091,0.4116,0.4073,0.4081,43541758
2023-04-27 08:00:00,0.4082,0.411,0.4065,0.4069,39140461
2023-04-27 09:00:00,0.4069,0.4075,0.4044,0.4053,31812293
2023-04-27 10:00:00,0.4053,0.4074,0.404,0.4047,25977940
2023-04-27 11:00:00,0.4046,0.4078,0.4037,0.4045,27962980
2023-04-27 12:00:00,0.4045,0.4086,0.4023,0.4054,55546951
2023-04-27 13:00:00,0.4054,0.4115,0.4053,0.4098,45394064
2023-04-27 14:00:00,0.4098,0.4117,0.4087,0.4094,28650036
2023-04-27 15:00:00,0.4094,0.4159,0.4085,0.4133,67705799
2023-04-27 16:00:00,0.4134,0.4148,0.4095,0.4111,35454824
2023-04-27 17:00:00,0.4112,0.416,0.4103,0.4144,28843975
2023-04-27 18:00:00,0.4144,0.4186,0.4127,0.4153,53220695
2023-04-27 19:00:00,0.4153,0.4155,0.4105,0.4125,46100651
2023-04-27 20:00:00,0.4126,0.4138,0.4102,0.4108,30850229
2023-04-27 21:00:00,0.4107,0.412,0.4093,0.411,20914611
2023-04-27 22:00:00,0.4109,0.4111,0.4047,0.4081,42791220
2023-04-27 23:00:00,0.4081,0.4099,0.4073,0.4096,23118274
2023-04-28 00:00:00,0.4097,0.4108,0.4076,0.4103,25085081
2023-04-28 01:00:00,0.4104,0.4106,0.4075,0.4087,18318474
2023-04-28 02:00:00,0.4087,0.4088,0.4063,0.4072,15473624
2023-04-28 03:00:00,0.4071,0.408,0.4064,0.4078,13241913
2023-04-28 04:00:00,0.4077,0.4098,0.4075,0.4088,16593381
2023-04-28 05:00:00,0.4089,0.4105,0.4084,0.409,12754074
2023-04-28 06:00:00,0.409,0.4096,0.4073,0.4085,12996586
2023-04-28 07:00:00,0.4085,0.4114,0.4083,0.4103,16711386
2023-04-28 08:00:00,0.4103,0.4104,0.4036,0.406,40754929
2023-04-28 09:00:00,0.406,0.4069,0.4046,0.4049,19245337
2023-04-28 10:00:00,0.4049,0.407,0.4047,0.4055,18475766
2023-04-28 11:00:00,0.4055,0.4056,0.401,0.4021,29345218
2023-04-28 12:00:00,0.4022,0.4057,0.4005,0.4018,48310225
2023-04-28 13:00:00,0.4018,0.403,0.3964,0.3996,53030849
2023-04-28 14:00:00,0.3997,0.4027,0.3993,0.4,35598562
2023-04-28 15:00:00,0.3999,0.4018,0.3987,0.4013,24606685
2023-04-28 16:00:00,0.4012,0.4042,0.4006,0.4037,21642258
2023-04-28 17:00:00,0.4037,0.4041,0.4015,0.4035,16513204
2023-04-28 18:00:00,0.4035,0.4048,0.4018,0.4045,17623034
2023-04-28 19:00:00,0.4046,0.4064,0.4035,0.4046,21877452
2023-04-28 20:00:00,0.4047,0.4055,0.4041,0.4047,11419825
2023-04-28 21:00:00,0.4048,0.4055,0.4044,0.4046,7322515
2023-04-28 22:00:00,0.4046,0.4057,0.4042,0.4044,11225268
2023-04-28 23:00:00,0.4045,0.4048,0.4027,0.4042,11231022
2023-04-29 00:00:00,0.4041,0.4048,0.403,0.4037,12038566
2023-04-29 01:00:00,0.4038,0.4042,0.4023,0.4034,8346741
2023-04-29 02:00:00,0.4035,0.4055,0.4031,0.4053,11419005
2023-04-29 03:00:00,0.4052,0.4054,0.4042,0.4043,7459692
2023-04-29 04:00:00,0.4044,0.4058,0.4042,0.405,7671197
2023-04-29 05:00:00,0.4051,0.4055,0.4034,0.4038,7438374
2023-04-29 06:00:00,0.4038,0.4045,0.4026,0.4037,10107300
2023-04-29 07:00:00,0.4037,0.4046,0.4032,0.4039,7142433
2023-04-29 08:00:00,0.404,0.4046,0.4016,0.4027,13442666
2023-04-29 09:00:00,0.4027,0.4038,0.4021,0.4034,8548100
2023-04-29 10:00:00,0.4033,0.4037,0.402,0.403,8385891
2023-04-29 11:00:00,0.4031,0.4042,0.4018,0.4034,11380454
2023-04-29 12:00:00,0.4033,0.4036,0.4021,0.4021,8930194
2023-04-29 13:00:00,0.4022,0.4056,0.402,0.4053,15139767
2023-04-29 14:00:00,0.4053,0.4074,0.4048,0.4061,25339954
2023-04-29 15:00:00,0.4061,0.4071,0.4041,0.4046,15346162
2023-04-29 16:00:00,0.4047,0.4051,0.4032,0.4043,13409627
2023-04-29 17:00:00,0.4044,0.4045,0.3984,0.4024,31258885
2023-04-29 18:00:00,0.4024,0.4033,0.4015,0.4025,15146533
2023-04-29 19:00:00,0.4024,0.4045,0.402,0.4039,11819834
2023-04-29 20:00:00,0.404,0.4043,0.4028,0.4033,6940582
2023-04-29 21:00:00,0.4033,0.4036,0.4021,0.4033,6279534
2023-04-29 22:00:00,0.4033,0.4034,0.4018,0.402,7257307
2023-04-29 23:00:00,0.4019,0.4024,0.4005,0.4022,11182864
2023-04-30 00:00:00,0.4022,0.4023,0.3996,0.3999,12803053
2023-04-30 01:00:00,0.3999,0.4007,0.3981,0.3983,13353424
2023-04-30 02:00:00,0.3983,0.4002,0.398,0.4001,13366141
2023-04-30 03:00:00,0.4002,0.4002,0.399,0.3997,6623041
2023-04-30 04:00:00,0.3998,0.4002,0.399,0.3998,9247532
2023-04-30 05:00:00,0.3999,0.4015,0.3995,0.4015,8606983
2023-04-30 06:00:00,0.4015,0.4026,0.4011,0.4023,10682300
2023-04-30 07:00:00,0.4022,0.4023,0.4003,0.4009,7457016
2023-04-30 08:00:00,0.4009,0.4017,0.3998,0.4007,11171389
2023-04-30 09:00:00,0.4008,0.4008,0.3994,0.4002,8440097
2023-04-30 10:00:00,0.4002,0.4014,0.3988,0.3995,10774827
2023-04-30 11:00:00,0.3995,0.4001,0.3985,0.3986,9736080
2023-04-30 12:00:00,0.3986,0.3997,0.3984,0.3991,9284165
2023-04-30 13:00:00,0.3992,0.4008,0.3988,0.4005,12606681
2023-04-30 14:00:00,0.4006,0.4022,0.3994,0.4018,14853484
2023-04-30 15:00:00,0.4019,0.4088,0.4017,0.4066,78049803
2023-04-30 16:00:00,0.4067,0.4149,0.4066,0.4095,91347127
2023-04-30 17:00:00,0.4095,0.4105,0.4074,0.4076,22839328
2023-04-30 18:00:00,0.4077,0.4078,0.406,0.4067,20435246
2023-04-30 19:00:00,0.4068,0.407,0.399,0.4005,64676916
2023-04-30 20:00:00,0.4004,0.4005,0.394,0.397,67193317
2023-04-30 21:00:00,0.3969,0.3982,0.3961,0.3979,19220773
2023-04-30 22:00:00,0.3978,0.3993,0.3967,0.3992,15431447
2023-04-30 23:00:00,0.3993,0.3995,0.3946,0.3953,22610229
2023-05-01 00:00:00,0.3953,0.3977,0.3948,0.3965,22416214
2023-05-01 01:00:00,0.3965,0.3966,0.3852,0.3888,77473701
2023-05-01 02:00:00,0.3887,0.3912,0.3876,0.3911,31580734
2023-05-01 03:00:00,0.391,0.3911,0.389,0.3903,15672500
2023-05-01 04:00:00,0.3904,0.3911,0.3893,0.391,12308973
2023-05-01 05:00:00,0.3911,0.3915,0.3879,0.3913,23250145
2023-05-01 06:00:00,0.3912,0.3915,0.3902,0.3904,13014830
2023-05-01 07:00:00,0.3904,0.3914,0.3894,0.39,14309877
2023-05-01 08:00:00,0.3901,0.3904,0.3887,0.3902,11969516
2023-05-01 09:00:00,0.3902,0.3911,0.3886,0.3897,14664739
2023-05-01 10:00:00,0.3896,0.3901,0.3891,0.3893,7261177
2023-05-01 11:00:00,0.3894,0.3897,0.3883,0.3884,11251342
2023-05-01 12:00:00,0.3885,0.3909,0.3875,0.3902,19739798
2023-05-01 13:00:00,0.3902,0.3902,0.3871,0.3879,16932178
2023-05-01 14:00:00,0.3879,0.3897,0.3854,0.3881,34093891
2023-05-01 15:00:00,0.388,0.3883,0.3837,0.3864,48569719
2023-05-01 16:00:00,0.3864,0.3866,0.3821,0.3858,45617598
2023-05-01 17:00:00,0.3858,0.3862,0.3841,0.3858,17071765
2023-05-01 18:00:00,0.3858,0.386,0.3838,0.3843,19741055
2023-05-01 19:00:00,0.3843,0.3847,0.38,0.3821,49551137
2023-05-01 20:00:00,0.3821,0.3839,0.3818,0.3823,24450019
2023-05-01 21:00:00,0.3823,0.3851,0.382,0.3839,13067442
2023-05-01 22:00:00,0.3838,0.3877,0.3837,0.3857,17260536
2023-05-01 23:00:00,0.3857,0.3869,0.3856,0.3864,12887637
2023-05-02 00:00:00,0.3865,0.3875,0.385,0.3861,13564426
2023-05-02 01:00:00,0.3861,0.3865,0.3829,0.384,15142660
2023-05-02 02:00:00,0.384,0.3862,0.3837,0.3859,11052102
2023-05-02 03:00:00,0.3859,0.3873,0.3843,0.3872,12738554
2023-05-02 04:00:00,0.3871,0.3874,0.3855,0.3856,10426878
2023-05-02 05:00:00,0.3856,0.3862,0.3851,0.3856,7236507
2023-05-02 06:00:00,0.3856,0.3863,0.3848,0.386,8405248
2023-05-02 07:00:00,0.386,0.3882,0.3855,0.3864,15349732
2023-05-02 08:00:00,0.3865,0.3876,0.3862,0.387,10402412
2023-05-02 09:00:00,0.3871,0.3874,0.385,0.3856,12071598
2023-05-02 10:00:00,0.3856,0.3859,0.3842,0.3847,10367007
2023-05-02 11:00:00,0.3847,0.386,0.3845,0.3857,11317612
2023-05-02 12:00:00,0.3856,0.3873,0.3841,0.3855,19820668
2023-05-02 13:00:00,0.3854,0.386,0.3826,0.383,20253114
2023-05-02 14:00:00,0.383,0.3896,0.3811,0.387,74901579
2023-05-02 15:00:00,0.387,0.3913,0.386,0.3898,43240480
2023-05-02 16:00:00,0.3897,0.3905,0.3879,0.3885,20969112
2023-05-02 17:00:00,0.3884,0.3898,0.3873,0.3898,16963317
2023-05-02 18:00:00,0.3897,0.3923,0.3884,0.3916,24345706
2023-05-02 19:00:00,0.3916,0.3945,0.3915,0.3925,36597843
2023-05-02 20:00:00,0.3924,0.3931,0.391,0.3919,15705038
2023-05-02 21:00:00,0.3919,0.3919,0.3903,0.3909,8941730
2023-05-02 22:00:00,0.391,0.3924,0.3908,0.3914,11485380
2023-05-02 23:00:00,0.3914,0.3924,0.3902,0.3914,11270357
2023-05-03 00:00:00,0.3915,0.3917,0.3875,0.3876,23176177
2023-05-03 01:00:00,0.3876,0.3892,0.387,0.3875,12206988
2023-05-03 02:00:00,0.3876,0.3881,0.3844,0.3865,29120504
2023-05-03 03:00:00,0.3865,0.3868,0.3851,0.3862,8883887
2023-05-03 04:00:00,0.3862,0.3866,0.3852,0.386,11305490
2023-05-03 05:00:00,0.386,0.3861,0.385,0.3855,6265960
2023-05-03 06:00:00,0.3854,0.3881,0.3846,0.387,17482740
2023-05-03 07:00:00,0.387,0.3872,0.3832,0.3846,51760558
2023-05-03 08:00:00,0.3847,0.3857,0.383,0.3853,22431462
2023-05-03 09:00:00,0.3853,0.3856,0.3841,0.3852,10661413
2023-05-03 10:00:00,0.3853,0.3856,0.3836,0.3836,12607724
2023-05-03 11:00:00,0.3836,0.3842,0.3802,0.3811,28843101
2023-05-03 12:00:00,0.381,0.3817,0.3779,0.379,51483725
2023-05-03 13:00:00,0.379,0.3821,0.378,0.3815,30441602
2023-05-03 14:00:00,0.3815,0.3815,0.379,0.3796,21887927
2023-05-03 15:00:00,0.3796,0.3812,0.3785,0.3806,16488714
2023-05-03 16:00:00,0.3807,0.383,0.3799,0.3828,19026099
2023-05-03 17:00:00,0.3828,0.3848,0.3804,0.3819,41389437
2023-05-03 18:00:00,0.3819,0.3859,0.3812,0.3844,84859401
2023-05-03 19:00:00,0.3844,0.3857,0.3818,0.3824,35791890
2023-05-03 20:00:00,0.3824,0.3848,0.3814,0.3842,17970073
2023-05-03 21:00:00,0.3841,0.3915,0.384,0.39,44372873
2023-05-03 22:00:00,0.39,0.3965,0.39,0.3955,58934230
2023-05-03 23:00:00,0.3956,0.3962,0.3925,0.3939,34291992
2023-05-04 00:00:00,0.394,0.3941,0.3909,0.3918,20541457
2023-05-04 01:00:00,0.3919,0.3929,0.3906,0.3921,13599470
2023-05-04 02:00:00,0.392,0.3935,0.3907,0.3918,13046747
2023-05-04 03:00:00,0.3918,0.392,0.3899,0.3913,10344022
2023-05-04 04:00:00,0.3913,0.3922,0.391,0.3918,9179328
2023-05-04 05:00:00,0.3918,0.3964,0.391,0.3955,63608639
2023-05-04 06:00:00,0.3955,0.3959,0.3935,0.3942,13516653
2023-05-04 07:00:00,0.3942,0.3945,0.3921,0.3923,14771315
2023-05-04 08:00:00,0.3924,0.3927,0.3912,0.3923,12768017
2023-05-04 09:00:00,0.3923,0.3929,0.391,0.3927,11738062
2023-05-04 10:00:00,0.3927,0.3958,0.3918,0.3945,25959345
2023-05-04 11:00:00,0.3945,0.3946,0.3921,0.3931,12722298
2023-05-04 12:00:00,0.393,0.394,0.3912,0.3925,20088139
2023-05-04 13:00:00,0.3925,0.3933,0.3881,0.3888,43642889
2023-05-04 14:00:00,0.3887,0.39,0.3879,0.3888,25014693
2023-05-04 15:00:00,0.3888,0.3904,0.3883,0.3888,18467111
2023-05-04 16:00:00,0.3887,0.3902,0.3872,0.3895,18138921
2023-05-04 17:00:00,0.3896,0.3898,0.3873,0.3881,15028305
2023-05-04 18:00:00,0.3881,0.3882,0.3855,0.3864,26306051
2023-05-04 19:00:00,0.3864,0.3872,0.3852,0.3872,19472834
2023-05-04 20:00:00,0.3871,0.3878,0.3858,0.3863,12887517
2023-05-04 21:00:00,0.3862,0.3869,0.3846,0.3856,9659523
2023-05-04 22:00:00,0.3856,0.3862,0.3849,0.3859,9577242
2023-05-04 23:00:00,0.386,0.3872,0.3857,0.387,8335114
2023-05-05 00:00:00,0.3871,0.3891,0.3868,0.3883,12776404
2023-05-05 01:00:00,0.3884,0.3917,0.3863,0.3909,37656557
2023-05-05 02:00:00,0.391,0.3932,0.3902,0.3913,25731282
2023-05-05 03:00:00,0.3913,0.3918,0.3901,0.3906,11198351
2023-05-05 04:00:00,0.3907,0.3925,0.3906,0.3916,8858631
2023-05-05 05:00:00,0.3916,0.3921,0.3904,0.3905,8292414
2023-05-05 06:00:00,0.3906,0.3912,0.3897,0.3903,9895702
2023-05-05 07:00:00,0.3904,0.3916,0.3882,0.3886,18655603
2023-05-05 08:00:00,0.3885,0.3898,0.3878,0.388,9640200
2023-05-05 09:00:00,0.3879,0.3891,0.3868,0.3875,17153530
2023-05-05 10:00:00,0.3875,0.3886,0.3871,0.3886,11277017
2023-05-05 11:00:00,0.3886,0.3894,0.3872,0.3889,16185198
2023-05-05 12:00:00,0.3889,0.39,0.381,0.3854,63215827
2023-05-05 13:00:00,0.3854,0.3891,0.3844,0.3886,34029837
2023-05-05 14:00:00,0.3886,0.3925,0.3886,0.3906,35680247
2023-05-05 15:00:00,0.3906,0.3927,0.3902,0.3925,24717466
2023-05-05 16:00:00,0.3924,0.3969,0.3923,0.3952,62330210
2023-05-05 17:00:00,0.3952,0.3957,0.3926,0.3928,17315732
2023-05-05 18:00:00,0.3928,0.3949,0.3905,0.3922,25781900
2023-05-05 19:00:00,0.3922,0.3938,0.3919,0.3938,13746990
2023-05-05 20:00:00,0.3939,0.3946,0.3928,0.3937,15619492
2023-05-05 21:00:00,0.3938,0.3947,0.3933,0.3939,9968464
2023-05-05 22:00:00,0.3938,0.3951,0.3935,0.3943,9618859
2023-05-05 23:00:00,0.3942,0.3945,0.3932,0.3938,10241184
2023-05-06 00:00:00,0.3939,0.3968,0.3925,0.3948,28616805
2023-05-06 01:00:00,0.3948,0.3951,0.3909,0.3914,23063008
2023-05-06 02:00:00,0.3913,0.3916,0.3901,0.3905,15508110
2023-05-06 03:00:00,0.3904,0.3905,0.3885,0.389,18030585
2023-05-06 04:00:00,0.3891,0.3902,0.3886,0.3898,11070184
2023-05-06 05:00:00,0.3897,0.3905,0.389,0.3898,8845600
2023-05-06 06:00:00,0.3898,0.3905,0.3881,0.3893,13398765
2023-05-06 07:00:00,0.3892,0.3892,0.3868,0.3872,17406975
2023-05-06 08:00:00,0.3872,0.3873,0.3831,0.3856,41251218
2023-05-06 09:00:00,0.3855,0.3862,0.385,0.3857,13043975
2023-05-06 10:00:00,0.3856,0.3867,0.3851,0.3854,12119925
2023-05-06 11:00:00,0.3855,0.3868,0.3849,0.3866,11463616
2023-05-06 12:00:00,0.3865,0.3868,0.3827,0.3839,27354792
2023-05-06 13:00:00,0.3839,0.384,0.3794,0.3807,45018550
2023-05-06 14:00:00,0.3807,0.3807,0.3741,0.3759,60762559
2023-05-06 15:00:00,0.3759,0.3778,0.3729,0.3758,39064578
2023-05-06 16:00:00,0.3758,0.3788,0.3751,0.3786,24168274
2023-05-06 17:00:00,0.3785,0.3792,0.3778,0.3789,16966787
2023-05-06 18:00:00,0.379,0.3823,0.3789,0.3812,21493984
2023-05-06 19:00:00,0.3812,0.3822,0.3797,0.3799,14729970
2023-05-06 20:00:00,0.3799,0.3804,0.3785,0.3787,11176787
2023-05-06 21:00:00,0.3788,0.3801,0.3771,0.3796,11777659
2023-05-06 22:00:00,0.3796,0.38,0.3784,0.3791,8923576
2023-05-06 23:00:00,0.3792,0.3797,0.3779,0.3785,9213005
2023-05-07 00:00:00,0.3786,0.3813,0.3784,0.3809,19260394
2023-05-07 01:00:00,0.3808,0.3824,0.3787,0.3793,20205716
2023-05-07 02:00:00,0.3793,0.3799,0.3776,0.3782,11439614
2023-05-07 03:00:00,0.3782,0.3792,0.378,0.379,8464592
2023-05-07 04:00:00,0.3789,0.3804,0.3789,0.3802,7131823
2023-05-07 05:00:00,0.3802,0.3815,0.3797,0.3809,8724674
2023-05-07 06:00:00,0.381,0.3818,0.3804,0.3806,8749173
2023-05-07 07:00:00,0.3806,0.3818,0.3802,0.3806,9455666
2023-05-07 08:00:00,0.3807,0.3817,0.38,0.3803,10973931
2023-05-07 09:00:00,0.3803,0.3809,0.3792,0.3797,12905464
2023-05-07 10:00:00,0.3797,0.3805,0.379,0.3802,9016867
2023-05-07 11:00:00,0.3802,0.381,0.3792,0.3803,11941926
2023-05-07 12:00:00,0.3803,0.3819,0.3802,0.3811,9708734
2023-05-07 13:00:00,0.3812,0.3825,0.3805,0.381,12737693
2023-05-07 14:00:00,0.3809,0.3832,0.3801,0.382,21870708
2023-05-07 15:00:00,0.382,0.3823,0.3795,0.3806,17254345
2023-05-07 16:00:00,0.3807,0.3814,0.3783,0.3803,16189668
2023-05-07 17:00:00,0.3803,0.3813,0.3785,0.3793,16458280
2023-05-07 18:00:00,0.3793,0.3801,0.3786,0.3786,12968950
2023-05-07 19:00:00,0.3786,0.3795,0.3775,0.3791,13753937
2023-05-07 20:00:00,0.3791,0.3803,0.3787,0.3801,10434802
2023-05-07 21:00:00,0.3801,0.3806,0.3775,0.3782,10963982
2023-05-07 22:00:00,0.3781,0.3788,0.3764,0.378,17887199
2023-05-07 23:00:00,0.3779,0.3795,0.3733,0.3759,46647218
2023-05-08 00:00:00,0.3759,0.3792,0.3733,0.3792,36009048
2023-05-08 01:00:00,0.3792,0.3794,0.3603,0.3686,99248391
2023-05-08 02:00:00,0.3686,0.3712,0.3672,0.3709,39575619
2023-05-08 03:00:00,0.3708,0.3728,0.3694,0.3714,30014068
2023-05-08 04:00:00,0.3713,0.3714,0.3677,0.3681,20150636
2023-05-08 05:00:00,0.3682,0.3693,0.3671,0.3688,17052991
2023-05-08 06:00:00,0.3688,0.3689,0.3671,0.3673,13256052
2023-05-08 07:00:00,0.3673,0.3678,0.362,0.3658,39012383
2023-05-08 08:00:00,0.3658,0.3663,0.363,0.3641,34550737
2023-05-08 09:00:00,0.3642,0.3682,0.3639,0.368,19078781
2023-05-08 10:00:00,0.368,0.3692,0.3677,0.3691,13515000
2023-05-08 11:00:00,0.369,0.3702,0.3684,0.369,13336070
2023-05-08 12:00:00,0.3691,0.3698,0.3682,0.3685,14497650
2023-05-08 13:00:00,0.3685,0.3721,0.3685,0.3712,30354585
2023-05-08 14:00:00,0.3713,0.3735,0.37,0.3732,32323289
2023-05-08 15:00:00,0.3732,0.3756,0.373,0.3738,39420126
2023-05-08 16:00:00,0.3737,0.375,0.3693,0.3699,29448402
2023-05-08 17:00:00,0.37,0.37,0.3605,0.3605,64487331
2023-05-08 18:00:00,0.3605,0.3627,0.3518,0.3595,136916689
2023-05-08 19:00:00,0.3595,0.3637,0.3586,0.3608,43007326
2023-05-08 20:00:00,0.3608,0.3632,0.3599,0.3622,30874208
2023-05-08 21:00:00,0.3621,0.3633,0.3595,0.3622,22073257
2023-05-08 22:00:00,0.3621,0.364,0.3615,0.3637,14052529
2023-05-08 23:00:00,0.3637,0.3659,0.3634,0.3651,15099635
2023-05-09 00:00:00,0.3652,0.367,0.3641,0.3663,23119395
2023-05-09 01:00:00,0.3664,0.3706,0.3663,0.3671,29942849
2023-05-09 02:00:00,0.367,0.3671,0.3643,0.3664,19119015
2023-05-09 03:00:00,0.3665,0.3666,0.3638,0.3639,11825404
2023-05-09 04:00:00,0.364,0.3656,0.3631,0.3636,12510026
2023-05-09 05:00:00,0.3636,0.3649,0.3627,0.3643,17102949
2023-05-09 06:00:00,0.3642,0.3644,0.3607,0.3616,22911409
2023-05-09 07:00:00,0.3617,0.3652,0.3613,0.3649,17967724
2023-05-09 08:00:00,0.3649,0.365,0.3618,0.362,14849211
2023-05-09 09:00:00,0.3621,0.3631,0.3614,0.362,13282542
2023-05-09 10:00:00,0.362,0.3642,0.3614,0.3636,15165062
2023-05-09 11:00:00,0.3636,0.3653,0.3619,0.3645,25204158
2023-05-09 12:00:00,0.3646,0.3661,0.3636,0.366,23712011
2023-05-09 13:00:00,0.366,0.3674,0.3634,0.3647,25075581
2023-05-09 14:00:00,0.3647,0.3653,0.3622,0.3636,23163704
2023-05-09 15:00:00,0.3637,0.3645,0.3592,0.3609,29735618
2023-05-09 16:00:00,0.3609,0.3647,0.3595,0.3646,29110924
2023-05-09 17:00:00,0.3646,0.3656,0.3623,0.3628,21331983
2023-05-09 18:00:00,0.3628,0.3641,0.3616,0.3627,16461433
2023-05-09 19:00:00,0.3626,0.3643,0.3622,0.3642,14366164
2023-05-09 20:00:00,0.3642,0.3657,0.3619,0.3625,15176339
2023-05-09 21:00:00,0.3625,0.3627,0.361,0.3614,11557594
2023-05-09 22:00:00,0.3614,0.3615,0.3598,0.3612,15315198
2023-05-09 23:00:00,0.3612,0.364,0.3612,0.3629,9711255
2023-05-10 00:00:00,0.363,0.3651,0.3629,0.3644,18165618
2023-05-10 01:00:00,0.3644,0.3656,0.3635,0.3646,23733433
2023-05-10 02:00:00,0.3647,0.366,0.3635,0.3637,15879590
2023-05-10 03:00:00,0.3638,0.3646,0.3635,0.3643,7739395
2023-05-10 04:00:00,0.3642,0.3651,0.3634,0.3645,9648608
2023-05-10 05:00:00,0.3644,0.3661,0.3635,0.3636,10863439
2023-05-10 06:00:00,0.3636,0.3639,0.361,0.3623,16849202
2023-05-10 07:00:00,0.3623,0.3631,0.3606,0.3609,16192745
2023-05-10 08:00:00,0.3609,0.3617,0.359,0.3601,27337743
2023-05-10 09:00:00,0.3601,0.3607,0.3583,0.3606,20472242
2023-05-10 10:00:00,0.3605,0.3606,0.3541,0.3569,87855483
2023-05-10 11:00:00,0.357,0.3583,0.356,0.358,21576523
2023-05-10 12:00:00,0.358,0.3694,0.3557,0.3685,99142178
2023-05-10 13:00:00,0.3686,0.3715,0.3665,0.3695,64961770
2023-05-10 14:00:00,0.3695,0.3708,0.3677,0.3679,34045927
2023-05-10 15:00:00,0.368,0.3702,0.366,0.3701,33138118
2023-05-10 16:00:00,0.3701,0.3728,0.3697,0.3715,39723881
2023-05-10 17:00:00,0.3716,0.3723,0.357,0.3645,154238033
2023-05-10 18:00:00,0.3645,0.366,0.3633,0.3655,34779299
2023-05-10 19:00:00,0.3654,0.3722,0.3651,0.3693,61572806
2023-05-10 20:00:00,0.3693,0.3722,0.3685,0.3715,34461148
2023-05-10 21:00:00,0.3716,0.3717,0.3659,0.367,33526332
2023-05-10 22:00:00,0.367,0.3704,0.3667,0.3698,17476055
2023-05-10 23:00:00,0.3698,0.3711,0.3688,0.3689,14481554
2023-05-11 00:00:00,0.369,0.3694,0.3653,0.3661,25369330
2023-05-11 01:00:00,0.3661,0.368,0.3656,0.3665,16535700
2023-05-11 02:00:00,0.3665,0.3668,0.3645,0.3656,16355842
2023-05-11 03:00:00,0.3657,0.3657,0.3631,0.3655,23059634
2023-05-11 04:00:00,0.3655,0.366,0.3639,0.3658,14182353
2023-05-11 05:00:00,0.3658,0.3667,0.3643,0.3665,12958913
2023-05-11 06:00:00,0.3664,0.3668,0.3634,0.3643,15114450
2023-05-11 07:00:00,0.3643,0.3655,0.3635,0.3641,13679060
2023-05-11 08:00:00,0.3641,0.3642,0.3598,0.3609,34340909
2023-05-11 09:00:00,0.3609,0.3619,0.3599,0.3601,15603844
2023-05-11 10:00:00,0.3601,0.361,0.3595,0.3602,19205791
2023-05-11 11:00:00,0.3601,0.3611,0.3585,0.3588,18666156
2023-05-11 12:00:00,0.3589,0.3622,0.3566,0.3571,58260649
2023-05-11 13:00:00,0.3571,0.3594,0.3546,0.3563,60053244
2023-05-11 14:00:00,0.3562,0.3567,0.3504,0.3538,72869756
2023-05-11 15:00:00,0.3539,0.3555,0.3514,0.3544,43004282
2023-05-11 16:00:00,0.3545,0.3561,0.3534,0.3542,27985918
2023-05-11 17:00:00,0.3542,0.3544,0.3478,0.3524,84923304
2023-05-11 18:00:00,0.3525,0.3543,0.3498,0.3532,39620633
2023-05-11 19:00:00,0.3532,0.3542,0.3509,0.3536,24501565
2023-05-11 20:00:00,0.3536,0.3574,0.3528,0.357,24100736
2023-05-11 21:00:00,0.3569,0.3594,0.3567,0.3584,17426559
2023-05-11 22:00:00,0.3584,0.3601,0.3575,0.3583,17022740
2023-05-11 23:00:00,0.3583,0.3605,0.3569,0.3596,19798028
2023-05-12 00:00:00,0.3597,0.3614,0.3584,0.3609,23493895
2023-05-12 01:00:00,0.3608,0.3615,0.3577,0.3579,25510283
2023-05-12 02:00:00,0.3579,0.3591,0.3537,0.3555,37618944
2023-05-12 03:00:00,0.3555,0.3578,0.3554,0.3565,24722770
2023-05-12 04:00:00,0.3564,0.3609,0.3554,0.3607,25010109
2023-05-12 05:00:00,0.3608,0.3635,0.356,0.3603,55822869
2023-05-12 06:00:00,0.3603,0.3611,0.3568,0.3609,45359567
2023-05-12 07:00:00,0.3609,0.3622,0.3592,0.3609,22551553
2023-05-12 08:00:00,0.361,0.3624,0.359,0.3604,19507007
2023-05-12 09:00:00,0.3603,0.3664,0.3603,0.3661,63372618
2023-05-12 10:00:00,0.3661,0.3673,0.3641,0.3652,40364072
2023-05-12 11:00:00,0.3652,0.366,0.3639,0.3642,18489982
2023-05-12 12:00:00,0.3643,0.3674,0.3631,0.3656,30554412
2023-05-12 13:00:00,0.3656,0.3661,0.3633,0.3638,25658947
2023-05-12 14:00:00,0.3637,0.3657,0.3605,0.3608,41390463
2023-05-12 15:00:00,0.3609,0.362,0.3587,0.3591,26066812
2023-05-12 16:00:00,0.3592,0.362,0.3579,0.3588,31931215
2023-05-12 17:00:00,0.3588,0.3598,0.3579,0.3587,17993525
2023-05-12 18:00:00,0.3587,0.3603,0.358,0.3597,16653097
2023-05-12 19:00:00,0.3597,0.3614,0.3527,0.3605,76254408
2023-05-12 20:00:00,0.3605,0.3619,0.3592,0.3612,30048987
2023-05-12 21:00:00,0.3612,0.3669,0.361,0.3664,35241390
2023-05-12 22:00:00,0.3665,0.3706,0.3664,0.3689,47409571
2023-05-12 23:00:00,0.3688,0.3704,0.3682,0.3701,15406623
2023-05-13 00:00:00,0.3702,0.3709,0.3664,0.368,26455627
2023-05-13 01:00:00,0.3681,0.3695,0.3671,0.3676,18156360
2023-05-13 02:00:00,0.3676,0.3681,0.3663,0.3666,9225479
2023-05-13 03:00:00,0.3667,0.368,0.3664,0.3667,8499932
2023-05-13 04:00:00,0.3667,0.3672,0.3654,0.3659,9539818
2023-05-13 05:00:00,0.3659,0.368,0.3658,0.3663,10009778
2023-05-13 06:00:00,0.3663,0.367,0.3654,0.3654,8610693
2023-05-13 07:00:00,0.3655,0.3682,0.3655,0.3681,11755794
2023-05-13 08:00:00,0.3681,0.3685,0.3659,0.3666,12447508
2023-05-13 09:00:00,0.3665,0.3669,0.366,0.3662,8529797
2023-05-13 10:00:00,0.3662,0.3672,0.3641,0.3646,14706497
2023-05-13 11:00:00,0.3645,0.3651,0.3637,0.3646,12158130
2023-05-13 12:00:00,0.3645,0.3659,0.3633,0.3647,15699289
2023-05-13 13:00:00,0.3647,0.366,0.363,0.3641,15399160
2023-05-13 14:00:00,0.3642,0.3647,0.362,0.3629,17327235
2023-05-13 15:00:00,0.363,0.364,0.3628,0.3634,10103090
2023-05-13 16:00:00,0.3635,0.3642,0.3628,0.3634,10317148
2023-05-13 17:00:00,0.3633,0.3641,0.3623,0.3634,14709900
2023-05-13 18:00:00,0.3635,0.3659,0.3621,0.3628,21625178
2023-05-13 19:00:00,0.3629,0.3652,0.3624,0.3638,17048154
2023-05-13 20:00:00,0.3638,0.3655,0.3637,0.3653,10583794
2023-05-13 21:00:00,0.3653,0.3661,0.3638,0.364,12047194
2023-05-13 22:00:00,0.3641,0.3657,0.364,0.3651,9464563
2023-05-13 23:00:00,0.3652,0.3659,0.3637,0.3644,13736365
2023-05-14 00:00:00,0.3645,0.3656,0.3623,0.3646,23366169
2023-05-14 01:00:00,0.3647,0.3649,0.3625,0.3645,12415041
2023-05-14 02:00:00,0.3645,0.3662,0.3644,0.3658,10033962
2023-05-14 03:00:00,0.3658,0.3678,0.3657,0.3672,11590472
2023-05-14 04:00:00,0.3671,0.3688,0.3671,0.3685,13811750
2023-05-14 05:00:00,0.3684,0.3687,0.3676,0.3676,9977747
2023-05-14 06:00:00,0.3676,0.3686,0.3676,0.3676,10401167
2023-05-14 07:00:00,0.3677,0.3684,0.3668,0.367,9621490
2023-05-14 08:00:00,0.3671,0.3674,0.3665,0.3669,8756670
2023-05-14 09:00:00,0.3669,0.3679,0.3661,0.3668,8488415
2023-05-14 10:00:00,0.3669,0.3675,0.3664,0.3671,6511506
2023-05-14 11:00:00,0.3671,0.3678,0.3663,0.3668,8371599
2023-05-14 12:00:00,0.3669,0.3681,0.3657,0.368,11784312
2023-05-14 13:00:00,0.368,0.369,0.367,0.3686,14600935
2023-05-14 14:00:00,0.3686,0.3701,0.368,0.3698,19833110
2023-05-14 15:00:00,0.3698,0.3729,0.3696,0.3723,32548166
2023-05-14 16:00:00,0.3723,0.3729,0.3694,0.3698,18805897
2023-05-14 17:00:00,0.3699,0.3708,0.3691,0.3695,12328036
2023-05-14 18:00:00,0.3694,0.3695,0.3675,0.3685,13153522
2023-05-14 19:00:00,0.3684,0.3687,0.3671,0.3677,13081834
2023-05-14 20:00:00,0.3676,0.369,0.3668,0.3689,11696723
2023-05-14 21:00:00,0.369,0.37,0.3683,0.3699,9715521
2023-05-14 22:00:00,0.3699,0.3705,0.369,0.3696,10519375
2023-05-14 23:00:00,0.3697,0.3708,0.3683,0.3707,13607262
2023-05-15 00:00:00,0.3707,0.3721,0.3659,0.3667,52267267
2023-05-15 01:00:00,0.3666,0.3758,0.3663,0.3749,47893374
2023-05-15 02:00:00,0.3749,0.3757,0.3718,0.3719,28311857
2023-05-15 03:00:00,0.3719,0.3737,0.3712,0.3713,23811869
2023-05-15 04:00:00,0.3714,0.3724,0.3702,0.371,13248431
2023-05-15 05:00:00,0.3711,0.3725,0.3705,0.372,19725455
2023-05-15 06:00:00,0.3719,0.3747,0.3709,0.3746,23701071
2023-05-15 07:00:00,0.3746,0.3749,0.3733,0.3738,14814062
2023-05-15 08:00:00,0.3738,0.3741,0.3715,0.3731,21075602
2023-05-15 09:00:00,0.3731,0.3739,0.3712,0.3719,17116505
2023-05-15 10:00:00,0.372,0.3721,0.3705,0.3709,13082707
2023-05-15 11:00:00,0.371,0.3713,0.3683,0.3693,19934003
2023-05-15 12:00:00,0.3694,0.3701,0.3688,0.3696,16427824
2023-05-15 13:00:00,0.3696,0.3701,0.3683,0.3689,20328925
2023-05-15 14:00:00,0.3689,0.3712,0.3672,0.3702,27825530
2023-05-15 15:00:00,0.3702,0.371,0.3697,0.3706,14133436
2023-05-15 16:00:00,0.3706,0.3715,0.3687,0.3707,27067326
2023-05-15 17:00:00,0.3707,0.3724,0.3704,0.3709,18003960
2023-05-15 18:00:00,0.3709,0.3716,0.3695,0.3698,12702849
2023-05-15 19:00:00,0.3699,0.3706,0.3682,0.3699,15148517
2023-05-15 20:00:00,0.3698,0.3701,0.3678,0.3685,12700154
2023-05-15 21:00:00,0.3685,0.3692,0.3678,0.3691,9808176
2023-05-15 22:00:00,0.369,0.3692,0.3673,0.3684,11381927
2023-05-15 23:00:00,0.3685,0.3688,0.3651,0.3667,21332240
2023-05-16 00:00:00,0.3667,0.3686,0.3638,0.3657,34562963
2023-05-16 01:00:00,0.3658,0.3664,0.361,0.3633,56698657
2023-05-16 02:00:00,0.3633,0.3651,0.363,0.3645,15303239
2023-05-16 03:00:00,0.3646,0.3651,0.3639,0.3648,10672742
2023-05-16 04:00:00,0.3649,0.3658,0.3642,0.3656,8151604
2023-05-16 05:00:00,0.3657,0.3666,0.3642,0.3644,14161051
2023-05-16 06:00:00,0.3645,0.3664,0.3635,0.3656,13386033
2023-05-16 07:00:00,0.3657,0.3686,0.3655,0.3681,32069499
2023-05-16 08:00:00,0.368,0.369,0.3656,0.3663,42961116
2023-05-16 09:00:00,0.3664,0.3703,0.3663,0.3685,32597789
2023-05-16 10:00:00,0.3685,0.3689,0.366,0.3662,16764900
2023-05-16 11:00:00,0.3661,0.3676,0.366,0.3665,14281744
2023-05-16 12:00:00,0.3664,0.367,0.364,0.3656,28850008
2023-05-16 13:00:00,0.3656,0.3669,0.3646,0.3651,16949069
2023-05-16 14:00:00,0.3651,0.3667,0.3634,0.3663,26678191
2023-05-16 15:00:00,0.3663,0.3677,0.366,0.3672,12637317
2023-05-16 16:00:00,0.3672,0.3675,0.3651,0.3671,16454768
2023-05-16 17:00:00,0.367,0.3677,0.3656,0.3674,12439958
2023-05-16 18:00:00,0.3674,0.368,0.3661,0.3667,10878446
2023-05-16 19:00:00,0.3666,0.3672,0.3642,0.3648,10817498
2023-05-16 20:00:00,0.3648,0.3658,0.3641,0.3648,11616873
2023-05-16 21:00:00,0.3649,0.3673,0.3642,0.367,9151593
2023-05-16 22:00:00,0.3669,0.3677,0.3666,0.3668,12120892
2023-05-16 23:00:00,0.3669,0.3684,0.366,0.3682,12067731
2023-05-17 00:00:00,0.3682,0.3688,0.3659,0.3681,21537346
2023-05-17 01:00:00,0.3681,0.3771,0.368,0.3751,87916675
2023-05-17 02:00:00,0.3752,0.3766,0.372,0.3724,35050069
2023-05-17 03:00:00,0.3724,0.3737,0.3716,0.3727,17145863
2023-05-17 04:00:00,0.3727,0.3739,0.3727,0.3728,10824972
2023-05-17 05:00:00,0.3728,0.3729,0.3694,0.3695,16873801
2023-05-17 06:00:00,0.3695,0.3697,0.3682,0.3683,20301647
2023-05-17 07:00:00,0.3684,0.3697,0.3658,0.3663,30264555
2023-05-17 08:00:00,0.3663,0.3668,0.3642,0.3661,33472000
2023-05-17 09:00:00,0.366,0.3676,0.3656,0.3673,20249190
2023-05-17 10:00:00,0.3672,0.3676,0.366,0.3668,15340079
2023-05-17 11:00:00,0.3668,0.367,0.3643,0.3648,28532652
2023-05-17 12:00:00,0.3648,0.3673,0.3646,0.3673,19831954
2023-05-17 13:00:00,0.3673,0.3685,0.3664,0.3668,19818272
2023-05-17 14:00:00,0.3669,0.3683,0.3642,0.3675,33647908
2023-05-17 15:00:00,0.3675,0.3682,0.3656,0.3666,20089004
2023-05-17 16:00:00,0.3667,0.3689,0.3655,0.3686,23008886
2023-05-17 17:00:00,0.3687,0.3732,0.3682,0.3723,30039866
2023-05-17 18:00:00,0.3724,0.3746,0.3723,0.3743,38595424
2023-05-17 19:00:00,0.3743,0.3804,0.3742,0.3776,87808640
2023-05-17 20:00:00,0.3777,0.3787,0.3751,0.3758,27930536
2023-05-17 21:00:00,0.3757,0.3765,0.3745,0.3748,13512928
2023-05-17 22:00:00,0.3747,0.3753,0.3741,0.3749,12690263
2023-05-17 23:00:00,0.3748,0.3757,0.3743,0.3755,9849354
2023-05-18 00:00:00,0.3755,0.3758,0.3735,0.3742,19970681
2023-05-18 01:00:00,0.3741,0.3755,0.3735,0.3744,13255095
2023-05-18 02:00:00,0.3744,0.3756,0.3737,0.3752,12558208
2023-05-18 03:00:00,0.3753,0.3791,0.3751,0.377,46231993
2023-05-18 04:00:00,0.3771,0.3777,0.3763,0.3774,12546654
2023-05-18 05:00:00,0.3774,0.3791,0.3766,0.378,22192517
2023-05-18 06:00:00,0.378,0.3788,0.3752,0.3754,25467464
2023-05-18 07:00:00,0.3754,0.3782,0.375,0.378,18875913
2023-05-18 08:00:00,0.3779,0.3787,0.3764,0.3767,17971865
2023-05-18 09:00:00,0.3768,0.3771,0.3746,0.3756,20066527
2023-05-18 10:00:00,0.3757,0.3801,0.3755,0.3783,33766261
2023-05-18 11:00:00,0.3782,0.38,0.3774,0.3789,19914658
2023-05-18 12:00:00,0.3789,0.3791,0.376,0.3765,26281176
2023-05-18 13:00:00,0.3765,0.3774,0.3752,0.3771,22123213
2023-05-18 14:00:00,0.377,0.3775,0.373,0.3749,35431545
2023-05-18 15:00:00,0.3749,0.3759,0.3726,0.3737,28186604
2023-05-18 16:00:00,0.3738,0.3754,0.3724,0.3744,25969506
2023-05-18 17:00:00,0.3744,0.3756,0.3659,0.3676,67535249
2023-05-18 18:00:00,0.3677,0.3687,0.3655,0.3681,46745821
2023-05-18 19:00:00,0.3681,0.3724,0.3672,0.3705,32436061
2023-05-18 20:00:00,0.3705,0.3717,0.3694,0.3707,19116785
2023-05-18 21:00:00,0.3707,0.3754,0.3707,0.3741,22523733
2023-05-18 22:00:00,0.374,0.3755,0.3733,0.3745,20341072
2023-05-18 23:00:00,0.3744,0.3745,0.371,0.3712,18711634
2023-05-19 00:00:00,0.3713,0.3728,0.3706,0.3722,17166838
2023-05-19 01:00:00,0.3721,0.3725,0.37,0.3705,16960919
2023-05-19 02:00:00,0.3705,0.3705,0.3657,0.3676,66630234
2023-05-19 03:00:00,0.3677,0.37,0.3671,0.3689,16894267
2023-05-19 04:00:00,0.3689,0.3708,0.3682,0.3706,11028942
2023-05-19 05:00:00,0.3707,0.3712,0.3699,0.3704,10820855
2023-05-19 06:00:00,0.3705,0.3713,0.3702,0.3706,9572941
2023-05-19 07:00:00,0.3707,0.3714,0.3688,0.3694,14419098
2023-05-19 08:00:00,0.3694,0.3712,0.3693,0.37,13155918
2023-05-19 09:00:00,0.37,0.3704,0.3691,0.3698,9210155
2023-05-19 10:00:00,0.3698,0.3699,0.3684,0.369,10505656
2023-05-19 11:00:00,0.369,0.3695,0.368,0.3685,10933073
2023-05-19 12:00:00,0.3686,0.3712,0.3685,0.3698,17572010
2023-05-19 13:00:00,0.3698,0.3704,0.3688,0.3692,10783455
2023-05-19 14:00:00,0.3692,0.3694,0.3679,0.3694,16651345
2023-05-19 15:00:00,0.3693,0.373,0.367,0.3693,59528705
2023-05-19 16:00:00,0.3694,0.3701,0.368,0.3686,16516479
2023-05-19 17:00:00,0.3686,0.3706,0.368,0.3697,14841146
2023-05-19 18:00:00,0.3697,0.3698,0.3681,0.3688,13723363
2023-05-19 19:00:00,0.3687,0.3687,0.3656,0.3677,23653189
2023-05-19 20:00:00,0.3676,0.368,0.3662,0.3669,14162954
2023-05-19 21:00:00,0.3669,0.3682,0.3664,0.3682,7871969
2023-05-19 22:00:00,0.3682,0.3686,0.3678,0.3685,6944233
2023-05-19 23:00:00,0.3686,0.3688,0.3673,0.3678,9255282
2023-05-20 00:00:00,0.3679,0.3682,0.3636,0.3646,23873414
2023-05-20 01:00:00,0.3647,0.3658,0.3633,0.3654,19264514
2023-05-20 02:00:00,0.3654,0.3658,0.3636,0.3642,9855558
2023-05-20 03:00:00,0.3642,0.3656,0.364,0.365,9351467
2023-05-20 04:00:00,0.365,0.3654,0.3645,0.3653,8469828
2023-05-20 05:00:00,0.3652,0.3653,0.364,0.3645,8012203
2023-05-20 06:00:00,0.3645,0.3645,0.3636,0.3641,6829798
2023-05-20 07:00:00,0.3641,0.3659,0.3629,0.3643,40409831
2023-05-20 08:00:00,0.3642,0.3653,0.364,0.3653,8152553
2023-05-20 09:00:00,0.3652,0.3654,0.3644,0.365,7499920
2023-05-20 10:00:00,0.365,0.3655,0.3646,0.3653,6311336
2023-05-20 11:00:00,0.3653,0.3657,0.3647,0.3651,6591140
2023-05-20 12:00:00,0.3651,0.3655,0.3647,0.365,6552367
2023-05-20 13:00:00,0.3651,0.3653,0.3643,0.3649,7195634
2023-05-20 14:00:00,0.365,0.3656,0.3638,0.3654,14785370
2023-05-20 15:00:00,0.3654,0.3661,0.3651,0.3656,10660910
2023-05-20 16:00:00,0.3655,0.3657,0.3639,0.3641,9658526
2023-05-20 17:00:00,0.364,0.3668,0.364,0.3665,14742803
2023-05-20 18:00:00,0.3665,0.3668,0.3653,0.3654,12975974
2023-05-20 19:00:00,0.3655,0.3657,0.3636,0.3656,15793285
2023-05-20 20:00:00,0.3657,0.3658,0.3647,0.3651,7892523
2023-05-20 21:00:00,0.365,0.3656,0.3642,0.3652,7699067
2023-05-20 22:00:00,0.3652,0.3658,0.3644,0.3657,7168126
2023-05-20 23:00:00,0.3656,0.3662,0.3653,0.366,6112452
2023-05-21 00:00:00,0.3661,0.3673,0.3648,0.367,15923280
2023-05-21 01:00:00,0.3671,0.3675,0.3651,0.3655,8349459
2023-05-21 02:00:00,0.3655,0.3656,0.3647,0.3649,5831443
2023-05-21 03:00:00,0.3649,0.3652,0.3642,0.3652,6144891
2023-05-21 04:00:00,0.3651,0.3656,0.3644,0.3652,6643299
2023-05-21 05:00:00,0.3652,0.3657,0.3647,0.3649,5991828
2023-05-21 06:00:00,0.3649,0.3651,0.3644,0.365,5534151
2023-05-21 07:00:00,0.365,0.3652,0.3646,0.3647,5412404
2023-05-21 08:00:00,0.3648,0.365,0.3644,0.3648,5521289
2023-05-21 09:00:00,0.3647,0.3649,0.3642,0.3646,5000478
2023-05-21 10:00:00,0.3645,0.3647,0.3603,0.3608,31974984
2023-05-21 11:00:00,0.3609,0.3617,0.3599,0.3611,29855954
2023-05-21 12:00:00,0.361,0.362,0.3603,0.3616,13205444
2023-05-21 13:00:00,0.3616,0.3625,0.3613,0.3616,10216217
2023-05-21 14:00:00,0.3616,0.3644,0.3614,0.3623,18590517
2023-05-21 15:00:00,0.3623,0.3634,0.3568,0.36,39575915
2023-05-21 16:00:00,0.3599,0.3604,0.358,0.3589,16990412
2023-05-21 17:00:00,0.3589,0.3599,0.3584,0.3595,13035104
2023-05-21 18:00:00,0.3595,0.3611,0.3594,0.3603,10378225
2023-05-21 19:00:00,0.3603,0.361,0.3601,0.3606,5087330
2023-05-21 20:00:00,0.3606,0.3612,0.3586,0.3589,9164120
2023-05-21 21:00:00,0.359,0.3602,0.3561,0.3599,23738737
2023-05-21 22:00:00,0.3598,0.361,0.3594,0.3605,8689309
2023-05-21 23:00:00,0.3604,0.3612,0.3594,0.3601,6979819
2023-05-22 00:00:00,0.3601,0.3613,0.3559,0.3583,39582565
2023-05-22 01:00:00,0.3582,0.36,0.3574,0.3583,21187448
2023-05-22 02:00:00,0.3583,0.3618,0.3579,0.3613,14087628
2023-05-22 03:00:00,0.3614,0.3615,0.3599,0.3605,8401350
2023-05-22 04:00:00,0.3605,0.3628,0.3597,0.3622,12524581
2023-05-22 05:00:00,0.3623,0.3629,0.3613,0.3618,11451492
2023-05-22 06:00:00,0.3618,0.3642,0.3614,0.3632,17731702
2023-05-22 07:00:00,0.3633,0.3639,0.3627,0.3627,8599125
2023-05-22 08:00:00,0.3627,0.3669,0.362,0.3663,54423395
2023-05-22 09:00:00,0.3663,0.3742,0.3661,0.3688,200236933
2023-05-22 10:00:00,0.3688,0.3697,0.3676,0.3688,21263947
2023-05-22 11:00:00,0.3687,0.369,0.3665,0.3681,21382485
2023-05-22 12:00:00,0.3682,0.3689,0.3665,0.3665,18997537
2023-05-22 13:00:00,0.3666,0.37,0.3661,0.3688,28732548
2023-05-22 14:00:00,0.3687,0.3694,0.3664,0.3676,25422684
2023-05-22 15:00:00,0.3675,0.368,0.3663,0.3672,16416853
2023-05-22 16:00:00,0.3672,0.3692,0.367,0.368,14911638
2023-05-22 17:00:00,0.368,0.3687,0.3668,0.3674,12407944
2023-05-22 18:00:00,0.3675,0.3691,0.3674,0.3681,8960920
2023-05-22 19:00:00,0.3682,0.369,0.3676,0.3683,7262642
2023-05-22 20:00:00,0.3683,0.3707,0.3678,0.3697,15806951
2023-05-22 21:00:00,0.3696,0.37,0.3685,0.3692,11311525
2023-05-22 22:00:00,0.3692,0.3698,0.3674,0.3676,12564326
2023-05-22 23:00:00,0.3676,0.3685,0.367,0.3677,8074296
2023-05-23 00:00:00,0.3677,0.3684,0.3656,0.3662,22254324
2023-05-23 01:00:00,0.3662,0.3698,0.3657,0.3686,23044276
2023-05-23 02:00:00,0.3685,0.3696,0.368,0.3692,12411702
2023-05-23 03:00:00,0.3692,0.3754,0.3688,0.3737,52104305
2023-05-23 04:00:00,0.3738,0.3747,0.371,0.3715,25163360
2023-05-23 05:00:00,0.3716,0.3725,0.3705,0.371,14377757
2023-05-23 06:00:00,0.3711,0.3721,0.3695,0.3701,14293006
2023-05-23 07:00:00,0.3701,0.3709,0.3692,0.3707,11571259
2023-05-23 08:00:00,0.3708,0.3708,0.369,0.3695,11066307
2023-05-23 09:00:00,0.3695,0.37,0.3688,0.3692,9289740
2023-05-23 10:00:00,0.3692,0.3703,0.3692,0.37,9823098
2023-05-23 11:00:00,0.37,0.371,0.37,0.3705,8658220
2023-05-23 12:00:00,0.3705,0.3712,0.3697,0.37,13294897
2023-05-23 13:00:00,0.3701,0.3709,0.3686,0.3696,22200019
2023-05-23 14:00:00,0.3696,0.3716,0.3692,0.3704,12352593
2023-05-23 15:00:00,0.3704,0.371,0.3698,0.3708,7681585
2023-05-23 16:00:00,0.3707,0.371,0.3695,0.3698,8666520
2023-05-23 17:00:00,0.3699,0.3705,0.3693,0.3698,8357658
2023-05-23 18:00:00,0.3698,0.3702,0.3686,0.3698,11928788
2023-05-23 19:00:00,0.3697,0.3719,0.3691,0.3713,10933722
2023-05-23 20:00:00,0.3712,0.3725,0.3703,0.3712,13018919
2023-05-23 21:00:00,0.3712,0.3712,0.3701,0.3706,10179890
2023-05-23 22:00:00,0.3706,0.3713,0.3698,0.3704,6224147
2023-05-23 23:00:00,0.3703,0.3707,0.3698,0.3702,5692531
2023-05-24 00:00:00,0.3702,0.3704,0.3681,0.3688,14508242
2023-05-24 01:00:00,0.3688,0.3693,0.3675,0.3676,17537678
2023-05-24 02:00:00,0.3675,0.3691,0.3673,0.3688,8076165
2023-05-24 03:00:00,0.3688,0.3689,0.3616,0.3632,64744157
2023-05-24 04:00:00,0.3632,0.3648,0.3619,0.3646,27200652
2023-05-24 05:00:00,0.3645,0.3649,0.364,0.3646,12644520
2023-05-24 06:00:00,0.3646,0.3661,0.3634,0.366,33133163
2023-05-24 07:00:00,0.3661,0.3686,0.3642,0.3661,57348807
2023-05-24 08:00:00,0.3661,0.367,0.3658,0.3662,10494585
2023-05-24 09:00:00,0.3663,0.3691,0.3661,0.3673,18384000
2023-05-24 10:00:00,0.3674,0.3677,0.3654,0.3654,10383968
2023-05-24 11:00:00,0.3655,0.3662,0.3645,0.3653,11942161
2023-05-24 12:00:00,0.3653,0.3659,0.3642,0.3646,11025341
2023-05-24 13:00:00,0.3647,0.3655,0.3603,0.363,51164470
2023-05-24 14:00:00,0.363,0.364,0.3607,0.3621,44261743
2023-05-24 15:00:00,0.362,0.3633,0.36,0.3616,34583387
2023-05-24 16:00:00,0.3617,0.3621,0.3604,0.3615,14223176
2023-05-24 17:00:00,0.3614,0.3633,0.3603,0.3625,15763425
2023-05-24 18:00:00,0.3626,0.3634,0.3615,0.3622,12743468
2023-05-24 19:00:00,0.3623,0.3642,0.3619,0.3633,14548614
2023-05-24 20:00:00,0.3634,0.365,0.3628,0.3639,16205670
2023-05-24 21:00:00,0.364,0.3651,0.3633,0.3636,8095455
2023-05-24 22:00:00,0.3637,0.3647,0.363,0.3636,8106067
2023-05-24 23:00:00,0.3636,0.3645,0.3636,0.3637,6546107
2023-05-25 00:00:00,0.3638,0.3647,0.3603,0.3607,20884439
2023-05-25 01:00:00,0.3607,0.3619,0.3546,0.3569,63834043
2023-05-25 02:00:00,0.3568,0.3591,0.3565,0.3591,18261418
2023-05-25 03:00:00,0.359,0.3607,0.3587,0.3605,11718368
2023-05-25 04:00:00,0.3605,0.3614,0.3599,0.3601,12862372
2023-05-25 05:00:00,0.3601,0.3604,0.359,0.3596,12490309
2023-05-25 06:00:00,0.3596,0.3603,0.3557,0.3567,69734370
2023-05-25 07:00:00,0.3567,0.3569,0.3556,0.3562,19212853
2023-05-25 08:00:00,0.3562,0.3576,0.3561,0.3575,14463758
2023-05-25 09:00:00,0.3574,0.3582,0.3572,0.3579,11636419
2023-05-25 10:00:00,0.3579,0.3582,0.3574,0.3582,8259857
2023-05-25 11:00:00,0.3582,0.3583,0.3564,0.358,11640964
2023-05-25 12:00:00,0.358,0.3602,0.3579,0.3585,25542164
2023-05-25 13:00:00,0.3584,0.3594,0.3567,0.3578,18494544
2023-05-25 14:00:00,0.3577,0.3586,0.3568,0.3577,13518002
2023-05-25 15:00:00,0.3578,0.3587,0.3553,0.3561,22825452
2023-05-25 16:00:00,0.3561,0.3565,0.3551,0.3561,20790170
2023-05-25 17:00:00,0.356,0.3569,0.3547,0.3566,16090004
2023-05-25 18:00:00,0.3566,0.3572,0.3562,0.3563,11518343
2023-05-25 19:00:00,0.3564,0.3611,0.3563,0.3582,57160699
2023-05-25 20:00:00,0.3582,0.3595,0.3575,0.3582,18628024
2023-05-25 21:00:00,0.3583,0.3585,0.357,0.3576,8304942
2023-05-25 22:00:00,0.3576,0.3585,0.3572,0.3579,8103842
2023-05-25 23:00:00,0.3579,0.3591,0.3576,0.3579,10788721
2023-05-26 00:00:00,0.3579,0.3585,0.3564,0.357,17161085
2023-05-26 01:00:00,0.3571,0.3584,0.3533,0.3548,42755866
2023-05-26 02:00:00,0.3548,0.3554,0.3536,0.355,12191766
2023-05-26 03:00:00,0.355,0.3567,0.3549,0.3563,9850025
2023-05-26 04:00:00,0.3563,0.3579,0.3559,0.3566,14135797
2023-05-26 05:00:00,0.3566,0.3569,0.355,0.3555,11857088
2023-05-26 06:00:00,0.3556,0.358,0.355,0.3579,11492382
2023-05-26 07:00:00,0.3579,0.3583,0.3572,0.3581,17606576
2023-05-26 08:00:00,0.3581,0.3584,0.3575,0.3578,11921533
2023-05-26 09:00:00,0.3578,0.358,0.3571,0.3576,7599602
2023-05-26 10:00:00,0.3575,0.3576,0.3564,0.357,7671469
2023-05-26 11:00:00,0.3569,0.3574,0.3561,0.357,10219132
2023-05-26 12:00:00,0.3569,0.3582,0.3555,0.3569,23052752
2023-05-26 13:00:00,0.3569,0.3594,0.3569,0.3585,19026683
2023-05-26 14:00:00,0.3584,0.362,0.3584,0.3603,41428190
2023-05-26 15:00:00,0.3603,0.3615,0.3592,0.3601,25544648
2023-05-26 16:00:00,0.3602,0.3603,0.359,0.3592,11922943
2023-05-26 17:00:00,0.3593,0.3597,0.3583,0.3586,12573251
2023-05-26 18:00:00,0.3586,0.3669,0.3581,0.3654,94439967
2023-05-26 19:00:00,0.3654,0.3655,0.3632,0.364,20098992
2023-05-26 20:00:00,0.3641,0.3658,0.3637,0.3642,14675892
2023-05-26 21:00:00,0.3643,0.3646,0.3633,0.3637,7134602
2023-05-26 22:00:00,0.3637,0.3643,0.3621,0.3622,7728640
2023-05-26 23:00:00,0.3622,0.3629,0.3621,0.3625,7486982
2023-05-27 00:00:00,0.3624,0.3629,0.3613,0.3626,12284671
2023-05-27 01:00:00,0.3626,0.3639,0.3622,0.3639,7217241
2023-05-27 02:00:00,0.3639,0.364,0.363,0.3638,6618332
2023-05-27 03:00:00,0.3638,0.367,0.363,0.3658,38413429
2023-05-27 04:00:00,0.3658,0.3664,0.3643,0.3657,13645165
2023-05-27 05:00:00,0.3658,0.3659,0.3642,0.3642,7471022
2023-05-27 06:00:00,0.3643,0.3646,0.3638,0.3644,7296990
2023-05-27 07:00:00,0.3643,0.3644,0.3632,0.3639,5645537
2023-05-27 08:00:00,0.3639,0.364,0.3622,0.3628,10403500
2023-05-27 09:00:00,0.3628,0.364,0.3628,0.3636,7996170
2023-05-27 10:00:00,0.3636,0.3643,0.3631,0.3636,5949518
2023-05-27 11:00:00,0.3637,0.364,0.3631,0.3632,6465734
2023-05-27 12:00:00,0.3633,0.3636,0.3628,0.3634,6732837
2023-05-27 13:00:00,0.3635,0.3644,0.3602,0.3615,16891824
2023-05-27 14:00:00,0.3616,0.364,0.3612,0.3634,15084590
2023-05-27 15:00:00,0.3635,0.364,0.3629,0.3636,6133587
2023-05-27 16:00:00,0.3635,0.3638,0.362,0.3628,9588738
2023-05-27 17:00:00,0.3628,0.3639,0.3625,0.3635,7127427
2023-05-27 18:00:00,0.3636,0.3644,0.3631,0.3631,7590633
2023-05-27 19:00:00,0.3632,0.3649,0.3631,0.3647,5806683
2023-05-27 20:00:00,0.3646,0.3654,0.3644,0.3654,6009945
2023-05-27 21:00:00,0.3654,0.366,0.3651,0.3656,6979827
2023-05-27 22:00:00,0.3656,0.3674,0.3655,0.3668,14485207
2023-05-27 23:00:00,0.3669,0.3673,0.3658,0.3666,8799925
2023-05-28 00:00:00,0.3666,0.3712,0.3659,0.3703,33310177
2023-05-28 01:00:00,0.3704,0.3744,0.3703,0.372,43910502
2023-05-28 02:00:00,0.3721,0.3725,0.3706,0.3708,10874193
2023-05-28 03:00:00,0.3708,0.3733,0.3707,0.3725,12626985
2023-05-28 04:00:00,0.3725,0.3742,0.3717,0.3718,13866987
2023-05-28 05:00:00,0.3719,0.3736,0.3718,0.3734,9063084
2023-05-28 06:00:00,0.3734,0.3739,0.3723,0.3727,10371860
2023-05-28 07:00:00,0.3727,0.3738,0.3726,0.3734,7227670
2023-05-28 08:00:00,0.3735,0.3768,0.3665,0.3729,99499159
2023-05-28 09:00:00,0.3728,0.3741,0.3713,0.3715,17064402
2023-05-28 10:00:00,0.3715,0.3747,0.3714,0.3746,19147285
2023-05-28 11:00:00,0.3746,0.3787,0.3743,0.3755,65058623
2023-05-28 12:00:00,0.3755,0.378,0.3755,0.3769,24052437
2023-05-28 13:00:00,0.377,0.3794,0.3766,0.3773,24794258
2023-05-28 14:00:00,0.3774,0.3774,0.3748,0.3752,12122910
2023-05-28 15:00:00,0.3753,0.376,0.3745,0.3758,17262409
2023-05-28 16:00:00,0.3758,0.3773,0.3751,0.3763,12631395
2023-05-28 17:00:00,0.3763,0.3775,0.3755,0.3766,11407492
2023-05-28 18:00:00,0.3766,0.379,0.3758,0.3783,22275185
2023-05-28 19:00:00,0.3782,0.3791,0.3762,0.3769,16424856
2023-05-28 20:00:00,0.3769,0.3783,0.3769,0.3777,10574172
2023-05-28 21:00:00,0.3777,0.3798,0.3765,0.3796,12297532
2023-05-28 22:00:00,0.3797,0.3856,0.3795,0.383,60657582
2023-05-28 23:00:00,0.383,0.3841,0.3819,0.3827,19753120
2023-05-29 00:00:00,0.3827,0.3859,0.3826,0.3843,30564987
2023-05-29 01:00:00,0.3843,0.3863,0.3838,0.384,18618505
2023-05-29 02:00:00,0.384,0.3847,0.3823,0.3827,12844961
2023-05-29 03:00:00,0.3827,0.383,0.3795,0.3798,20303947
2023-05-29 04:00:00,0.3799,0.381,0.3783,0.3803,19953061
2023-05-29 05:00:00,0.3802,0.381,0.38,0.3805,11900488
2023-05-29 06:00:00,0.3805,0.3813,0.3796,0.3801,8639803
2023-05-29 07:00:00,0.3802,0.3803,0.3786,0.3791,12688815
2023-05-29 08:00:00,0.3791,0.3794,0.378,0.3784,11402250
2023-05-29 09:00:00,0.3785,0.3801,0.3778,0.3799,10576209
2023-05-29 10:00:00,0.3799,0.38,0.3775,0.3787,12483360
2023-05-29 11:00:00,0.3788,0.3799,0.3781,0.3796,12864822
2023-05-29 12:00:00,0.3795,0.3799,0.3782,0.3785,22564775
2023-05-29 13:00:00,0.3786,0.38,0.3781,0.3788,17659411
2023-05-29 14:00:00,0.3787,0.3793,0.3764,0.3776,22394453
2023-05-29 15:00:00,0.3776,0.3811,0.3755,0.3777,70983533
2023-05-29 16:00:00,0.3777,0.3795,0.3759,0.3762,37467805
2023-05-29 17:00:00,0.3763,0.3793,0.3756,0.3792,13168698
2023-05-29 18:00:00,0.3791,0.3793,0.3785,0.3791,8038581
2023-05-29 19:00:00,0.379,0.3805,0.3775,0.3784,14563158
2023-05-29 20:00:00,0.3784,0.3795,0.378,0.3791,11758586
2023-05-29 21:00:00,0.3791,0.3795,0.3784,0.3791,5062357
2023-05-29 22:00:00,0.379,0.3791,0.3772,0.3788,12639913
2023-05-29 23:00:00,0.3788,0.3797,0.3783,0.3788,9533252
2023-05-30 00:00:00,0.3788,0.3797,0.3777,0.3791,12805363
2023-05-30 01:00:00,0.3791,0.3804,0.3786,0.3803,10778917
2023-05-30 02:00:00,0.3803,0.3816,0.38,0.3807,12325027
2023-05-30 03:00:00,0.3806,0.3831,0.3806,0.3811,16447788
2023-05-30 04:00:00,0.3812,0.3818,0.3796,0.3798,12036720
2023-05-30 05:00:00,0.3798,0.3803,0.3785,0.38,10315387
2023-05-30 06:00:00,0.3799,0.3814,0.3798,0.3812,10753141
2023-05-30 07:00:00,0.3813,0.3819,0.3793,0.3794,9906869
2023-05-30 08:00:00,0.3794,0.3807,0.3789,0.38,10340315
2023-05-30 09:00:00,0.38,0.3816,0.3798,0.3808,13848551
2023-05-30 10:00:00,0.3809,0.3833,0.3806,0.3815,15429949
2023-05-30 11:00:00,0.3815,0.3827,0.3808,0.3818,10224878
2023-05-30 12:00:00,0.3819,0.3819,0.3789,0.3804,18333213
2023-05-30 13:00:00,0.3805,0.381,0.3784,0.3789,15577990
2023-05-30 14:00:00,0.3788,0.379,0.3747,0.3753,54627900
2023-05-30 15:00:00,0.3753,0.377,0.3746,0.3766,31917625
2023-05-30 16:00:00,0.3765,0.3782,0.3755,0.3778,24078872
2023-05-30 17:00:00,0.3777,0.3784,0.3763,0.3773,11228884
2023-05-30 18:00:00,0.3774,0.3788,0.3766,0.3781,11644965
2023-05-30 19:00:00,0.3782,0.3794,0.3776,0.3786,10571406
2023-05-30 20:00:00,0.3787,0.379,0.3773,0.3775,10025878
2023-05-30 21:00:00,0.3774,0.3789,0.3762,0.3778,9550736
2023-05-30 22:00:00,0.3778,0.3781,0.3767,0.378,7270547
2023-05-30 23:00:00,0.3781,0.3783,0.3773,0.3776,7519887
2023-05-31 00:00:00,0.3777,0.3798,0.377,0.3793,12997714
2023-05-31 01:00:00,0.3793,0.3807,0.3788,0.3789,11422861
2023-05-31 02:00:00,0.379,0.379,0.3758,0.3775,15817578
2023-05-31 03:00:00,0.3775,0.3796,0.3769,0.3792,10196538
2023-05-31 04:00:00,0.3792,0.3803,0.3741,0.3748,32678768
2023-05-31 05:00:00,0.3747,0.3754,0.3715,0.3741,37260818
2023-05-31 06:00:00,0.3741,0.3754,0.373,0.3752,13696495
2023-05-31 07:00:00,0.3751,0.3759,0.3743,0.3754,7490075
2023-05-31 08:00:00,0.3754,0.376,0.3738,0.3738,10772090
2023-05-31 09:00:00,0.3738,0.3749,0.3732,0.3747,11180613
2023-05-31 10:00:00,0.3747,0.3748,0.3726,0.373,10501311
2023-05-31 11:00:00,0.373,0.3743,0.3724,0.3731,12239940
2023-05-31 12:00:00,0.3732,0.3748,0.3724,0.3734,17536288
2023-05-31 13:00:00,0.3733,0.3754,0.3732,0.3739,12467712
2023-05-31 14:00:00,0.3739,0.3743,0.3706,0.3734,30626541
2023-05-31 15:00:00,0.3734,0.3737,0.3717,0.3718,12325841
2023-05-31 16:00:00,0.3717,0.3719,0.3701,0.3709,19006955
2023-05-31 17:00:00,0.3709,0.3745,0.3703,0.3744,27603443
2023-05-31 18:00:00,0.3744,0.3752,0.3736,0.3749,10512772
2023-05-31 19:00:00,0.3749,0.3757,0.3743,0.3755,10603076
2023-05-31 20:00:00,0.3756,0.3771,0.375,0.3752,14088033
2023-05-31 21:00:00,0.3752,0.3762,0.3744,0.3749,7105249
2023-05-31 22:00:00,0.375,0.3761,0.3745,0.3745,7851043
2023-05-31 23:00:00,0.3746,0.3751,0.3731,0.3743,13730761
2023-06-01 00:00:00,0.3743,0.3757,0.3714,0.3718,24358858
2023-06-01 01:00:00,0.3718,0.3722,0.3707,0.3708,15143124
2023-06-01 02:00:00,0.3708,0.3711,0.3644,0.3645,74110508
2023-06-01 03:00:00,0.3644,0.3657,0.3625,0.3649,63427256
2023-06-01 04:00:00,0.3648,0.3652,0.3636,0.3644,18177897
2023-06-01 05:00:00,0.3643,0.3654,0.3639,0.3651,12114405
2023-06-01 06:00:00,0.3651,0.3652,0.3642,0.3643,8190459
2023-06-01 07:00:00,0.3643,0.3644,0.363,0.3632,15017028
2023-06-01 08:00:00,0.3633,0.3633,0.3618,0.3627,21802761
2023-06-01 09:00:00,0.3627,0.363,0.3619,0.362,12370469
2023-06-01 10:00:00,0.362,0.3623,0.3605,0.3623,24051748
2023-06-01 11:00:00,0.3622,0.3653,0.3622,0.3632,28048767
2023-06-01 12:00:00,0.3632,0.3643,0.362,0.3642,17315807
2023-06-01 13:00:00,0.3642,0.3648,0.3626,0.3637,15749856
2023-06-01 14:00:00,0.3637,0.3648,0.3632,0.3641,17331684
2023-06-01 15:00:00,0.3641,0.365,0.3637,0.3642,11289705
2023-06-01 16:00:00,0.3642,0.3668,0.3628,0.366,27184525
2023-06-01 17:00:00,0.3661,0.3663,0.3644,0.3651,21864936
2023-06-01 18:00:00,0.3652,0.3668,0.3651,0.3663,11620355
2023-06-01 19:00:00,0.3663,0.3667,0.3626,0.3655,24765427
2023-06-01 20:00:00,0.3654,0.3663,0.365,0.3659,11205474
2023-06-01 21:00:00,0.3659,0.367,0.3653,0.3654,11501499
2023-06-01 22:00:00,0.3654,0.3657,0.3644,0.3652,8828333
2023-06-01 23:00:00,0.3653,0.3656,0.3631,0.3641,13794332
2023-06-02 00:00:00,0.364,0.3656,0.3615,0.3655,30777599
2023-06-02 01:00:00,0.3656,0.3669,0.3644,0.3664,15112124
2023-06-02 02:00:00,0.3664,0.3743,0.3663,0.3742,75964432
2023-06-02 03:00:00,0.3741,0.3748,0.371,0.372,32853140
2023-06-02 04:00:00,0.372,0.3727,0.3705,0.3715,23792756
2023-06-02 05:00:00,0.3715,0.3734,0.3714,0.3721,12218892
2023-06-02 06:00:00,0.3722,0.3725,0.371,0.371,9367075
2023-06-02 07:00:00,0.371,0.372,0.371,0.3719,16980000
2023-06-02 08:00:00,0.3718,0.3732,0.3717,0.3729,8936603
2023-06-02 09:00:00,0.373,0.3751,0.3726,0.3732,30808931
2023-06-02 10:00:00,0.3732,0.3779,0.3731,0.3759,67989002
2023-06-02 11:00:00,0.376,0.3764,0.375,0.375,30415572
2023-06-02 12:00:00,0.3751,0.3777,0.3735,0.376,38312303
2023-06-02 13:00:00,0.376,0.3765,0.3725,0.3729,35269926
2023-06-02 14:00:00,0.373,0.3747,0.3725,0.3742,17752052
2023-06-02 15:00:00,0.3742,0.3755,0.3741,0.3752,9808811
2023-06-02 16:00:00,0.3752,0.3764,0.3745,0.3746,15898489
2023-06-02 17:00:00,0.3746,0.3757,0.3742,0.3753,8125340
2023-06-02 18:00:00,0.3753,0.3787,0.3749,0.378,19002769
2023-06-02 19:00:00,0.3779,0.3794,0.3773,0.3785,13462479
2023-06-02 20:00:00,0.3785,0.3792,0.3773,0.3776,10166551
2023-06-02 21:00:00,0.3776,0.3787,0.3767,0.3783,8064863
2023-06-02 22:00:00,0.3783,0.3789,0.3777,0.3783,6566412
2023-06-02 23:00:00,0.3782,0.3783,0.3774,0.3781,6560591
2023-06-03 00:00:00,0.3781,0.3782,0.376,0.3766,11730833
2023-06-03 01:00:00,0.3767,0.3772,0.375,0.375,10312446
2023-06-03 02:00:00,0.3751,0.3762,0.3748,0.3757,6507099
2023-06-03 03:00:00,0.3757,0.3769,0.3756,0.3767,11871734
2023-06-03 04:00:00,0.3766,0.3774,0.3762,0.3771,7395593
2023-06-03 05:00:00,0.377,0.3774,0.3762,0.3765,5506294
2023-06-03 06:00:00,0.3764,0.3779,0.3764,0.3775,5991592
2023-06-03 07:00:00,0.3774,0.3782,0.376,0.3764,10855460
2023-06-03 08:00:00,0.3764,0.3768,0.3756,0.3757,11732561
2023-06-03 09:00:00,0.3756,0.3766,0.3751,0.376,12360573
2023-06-03 10:00:00,0.376,0.377,0.3754,0.3769,6087982
2023-06-03 11:00:00,0.3768,0.3771,0.3755,0.3758,6641082
2023-06-03 12:00:00,0.3759,0.3767,0.3756,0.3763,5103698
2023-06-03 13:00:00,0.3763,0.3764,0.3749,0.376,8689597
2023-06-03 14:00:00,0.3761,0.3767,0.3757,0.3763,5509367
2023-06-03 15:00:00,0.3762,0.3774,0.3752,0.3773,10408907
2023-06-03 16:00:00,0.3772,0.3778,0.3766,0.3768,10508220
2023-06-03 17:00:00,0.3769,0.377,0.3751,0.3753,11256238
2023-06-03 18:00:00,0.3753,0.3759,0.3736,0.3744,18537343
2023-06-03 19:00:00,0.3745,0.3747,0.3727,0.3738,16186297
2023-06-03 20:00:00,0.3737,0.3753,0.3736,0.3744,7362902
2023-06-03 21:00:00,0.3745,0.3752,0.3733,0.3745,7601885
2023-06-03 22:00:00,0.3745,0.3756,0.3744,0.3754,5689762
2023-06-03 23:00:00,0.3754,0.3761,0.375,0.3761,4592854
2023-06-04 00:00:00,0.3761,0.3773,0.3752,0.3756,12252950
2023-06-04 01:00:00,0.3755,0.3798,0.3746,0.3786,23761734
2023-06-04 02:00:00,0.3786,0.3794,0.3785,0.3789,8998520
2023-06-04 03:00:00,0.3788,0.3794,0.3781,0.3786,7884227
2023-06-04 04:00:00,0.3787,0.3793,0.3785,0.3791,5739222
2023-06-04 05:00:00,0.379,0.3792,0.3784,0.379,4876093
2023-06-04 06:00:00,0.379,0.3809,0.3788,0.3803,15601706
2023-06-04 07:00:00,0.3804,0.3809,0.3791,0.3804,12571394
2023-06-04 08:00:00,0.3804,0.382,0.3803,0.381,14516290
2023-06-04 09:00:00,0.3811,0.3819,0.3808,0.3813,10122572
2023-06-04 10:00:00,0.3812,0.3816,0.38,0.3801,12284375
2023-06-04 11:00:00,0.3801,0.3809,0.3794,0.3797,10937662
2023-06-04 12:00:00,0.3798,0.3806,0.3794,0.3803,9678265
2023-06-04 13:00:00,0.3803,0.3813,0.38,0.3807,10060893
2023-06-04 14:00:00,0.3806,0.3818,0.38,0.3814,13192047
2023-06-04 15:00:00,0.3814,0.382,0.3798,0.3801,13688553
2023-06-04 16:00:00,0.3801,0.3808,0.3799,0.3801,9114959
2023-06-04 17:00:00,0.38,0.3806,0.3798,0.3801,6011710
2023-06-04 18:00:00,0.3801,0.382,0.3799,0.3816,12121633
2023-06-04 19:00:00,0.3816,0.382,0.3801,0.3805,7575328
2023-06-04 20:00:00,0.3805,0.3812,0.3798,0.381,8693209
2023-06-04 21:00:00,0.3809,0.3815,0.3797,0.3799,8750686
2023-06-04 22:00:00,0.3798,0.3819,0.3796,0.3802,17155144
2023-06-04 23:00:00,0.3802,0.3809,0.3769,0.3773,28890304
2023-06-05 00:00:00,0.3773,0.3787,0.3756,0.3768,26650402
2023-06-05 01:00:00,0.3768,0.378,0.3752,0.378,17091835
2023-06-05 02:00:00,0.3779,0.3791,0.3739,0.3749,22940039
2023-06-05 03:00:00,0.3748,0.3752,0.3734,0.374,23610737
2023-06-05 04:00:00,0.3739,0.3757,0.3731,0.375,14607681
2023-06-05 05:00:00,0.3749,0.375,0.373,0.3745,14083969
2023-06-05 06:00:00,0.3744,0.3754,0.3743,0.3746,8554136
2023-06-05 07:00:00,0.3747,0.3755,0.3746,0.375,6584903
2023-06-05 08:00:00,0.375,0.3752,0.374,0.3743,8575858
2023-06-05 09:00:00,0.3743,0.3746,0.3733,0.3736,11178350
2023-06-05 10:00:00,0.3737,0.3739,0.3728,0.373,10730548
2023-06-05 11:00:00,0.373,0.3742,0.3724,0.3736,11539965
2023-06-05 12:00:00,0.3736,0.3737,0.3712,0.3722,16624861
2023-06-05 13:00:00,0.3722,0.3727,0.3706,0.3718,17034513
2023-06-05 14:00:00,0.3717,0.3735,0.3715,0.3732,15363553
2023-06-05 15:00:00,0.3731,0.3734,0.3558,0.3561,163948949
2023-06-05 16:00:00,0.356,0.3639,0.3479,0.3529,203825670
2023-06-05 17:00:00,0.3529,0.3529,0.3465,0.3513,60865058
2023-06-05 18:00:00,0.3513,0.3513,0.3482,0.3496,30504077
2023-06-05 19:00:00,0.3496,0.3503,0.3473,0.3503,34596896
2023-06-05 20:00:00,0.3502,0.3519,0.3499,0.3503,23481125
2023-06-05 21:00:00,0.3503,0.3511,0.3475,0.3506,22898512
2023-06-05 22:00:00,0.3506,0.3511,0.3499,0.3507,11898725
2023-06-05 23:00:00,0.3507,0.3524,0.3505,0.3511,16603401
2023-06-06 00:00:00,0.3512,0.3518,0.3498,0.3501,19157047
2023-06-06 01:00:00,0.35,0.3503,0.3469,0.348,19259010
2023-06-06 02:00:00,0.3479,0.3509,0.3474,0.3508,15574984
2023-06-06 03:00:00,0.3509,0.3509,0.3496,0.3504,10234463
2023-06-06 04:00:00,0.3504,0.352,0.3497,0.3519,10990761
2023-06-06 05:00:00,0.3519,0.3523,0.3507,0.351,9096991
2023-06-06 06:00:00,0.351,0.3517,0.3505,0.3516,10528055
2023-06-06 07:00:00,0.3516,0.3529,0.3514,0.3521,14358050
2023-06-06 08:00:00,0.3522,0.353,0.3515,0.3519,11548449
2023-06-06 09:00:00,0.3519,0.3547,0.3514,0.3538,14579788
2023-06-06 10:00:00,0.3538,0.3548,0.3532,0.3538,11910850
2023-06-06 11:00:00,0.3539,0.3545,0.3519,0.3522,14685511
2023-06-06 12:00:00,0.3523,0.3529,0.3459,0.3478,89753372
2023-06-06 13:00:00,0.3477,0.3483,0.3362,0.3444,167032229
2023-06-06 14:00:00,0.3443,0.3512,0.3443,0.3496,102614094
2023-06-06 15:00:00,0.3495,0.3505,0.3477,0.3494,28149419
2023-06-06 16:00:00,0.3494,0.3526,0.3491,0.3524,39415975
2023-06-06 17:00:00,0.3523,0.3555,0.3507,0.3535,63694829
2023-06-06 18:00:00,0.3534,0.3544,0.3525,0.3533,20823943
2023-06-06 19:00:00,0.3532,0.3568,0.3524,0.3554,41970242
2023-06-06 20:00:00,0.3553,0.3563,0.3516,0.3518,41344085
2023-06-06 21:00:00,0.3519,0.3537,0.3517,0.3528,14581090
2023-06-06 22:00:00,0.3529,0.3538,0.3512,0.3534,12204117
2023-06-06 23:00:00,0.3533,0.3547,0.3527,0.3528,16183627
2023-06-07 00:00:00,0.3529,0.3529,0.3497,0.3497,26660704
2023-06-07 01:00:00,0.3498,0.3499,0.3457,0.3462,29940781
2023-06-07 02:00:00,0.3463,0.3478,0.3452,0.3461,20372961
2023-06-07 03:00:00,0.3461,0.3466,0.3437,0.3448,21501166
2023-06-07 04:00:00,0.3448,0.3468,0.3438,0.3466,15940016
2023-06-07 05:00:00,0.3465,0.3469,0.3453,0.3455,12776863
2023-06-07 06:00:00,0.3455,0.3464,0.343,0.3432,21176332
2023-06-07 07:00:00,0.3433,0.3436,0.3404,0.3407,36228511
2023-06-07 08:00:00,0.3408,0.3421,0.3401,0.3421,22136641
2023-06-07 09:00:00,0.342,0.3421,0.336,0.337,52318916
2023-06-07 10:00:00,0.337,0.3385,0.3337,0.3372,74849744
2023-06-07 11:00:00,0.3371,0.34,0.3369,0.3374,54880786
2023-06-07 12:00:00,0.3374,0.3384,0.3358,0.3368,33506631
2023-06-07 13:00:00,0.3368,0.337,0.3321,0.3354,63551816
2023-06-07 14:00:00,0.3355,0.3355,0.3252,0.328,136348741
2023-06-07 15:00:00,0.328,0.3304,0.3243,0.3252,93305855
2023-06-07 16:00:00,0.3252,0.3261,0.321,0.321,104086556
2023-06-07 17:00:00,0.3211,0.3224,0.3174,0.3219,81265608
2023-06-07 18:00:00,0.3218,0.3279,0.3213,0.3255,65779778
2023-06-07 19:00:00,0.3255,0.3259,0.3229,0.3231,30041519
2023-06-07 20:00:00,0.3231,0.3236,0.3216,0.3228,31783472
2023-06-07 21:00:00,0.3228,0.3239,0.3191,0.3193,34132399
2023-06-07 22:00:00,0.3193,0.3238,0.3191,0.3219,43358640
2023-06-07 23:00:00,0.3219,0.3228,0.3206,0.322,23312837
2023-06-08 00:00:00,0.322,0.3224,0.32,0.3213,29003570
2023-06-08 01:00:00,0.3213,0.3239,0.3212,0.3229,22023953
2023-06-08 02:00:00,0.3229,0.3262,0.3209,0.3252,87144582
2023-06-08 03:00:00,0.3252,0.3253,0.3205,0.3218,58920599
2023-06-08 04:00:00,0.3218,0.3242,0.3212,0.3239,19616960
2023-06-08 05:00:00,0.324,0.3246,0.3225,0.3243,19451390
2023-06-08 06:00:00,0.3243,0.3269,0.3226,0.3268,27657452
2023-06-08 07:00:00,0.3267,0.3286,0.326,0.3276,34839785
2023-06-08 08:00:00,0.3276,0.3279,0.3251,0.326,25086671
2023-06-08 09:00:00,0.326,0.3273,0.3255,0.3263,17782311
2023-06-08 10:00:00,0.3262,0.3273,0.3257,0.3262,16788126
2023-06-08 11:00:00,0.3262,0.3275,0.3253,0.3265,16977897
2023-06-08 12:00:00,0.3266,0.3297,0.326,0.3283,42893327
2023-06-08 13:00:00,0.3283,0.3292,0.3258,0.327,38370226
2023-06-08 14:00:00,0.3271,0.3308,0.326,0.3301,50957592
2023-06-08 15:00:00,0.33,0.3305,0.3277,0.3285,24686881
2023-06-08 16:00:00,0.3285,0.3286,0.3225,0.3242,38358029
2023-06-08 17:00:00,0.3242,0.3242,0.3206,0.3211,44157988
2023-06-08 18:00:00,0.3211,0.3247,0.3197,0.3233,41559840
2023-06-08 19:00:00,0.3232,0.3238,0.3216,0.323,15602475
2023-06-08 20:00:00,0.323,0.3257,0.3228,0.3247,16276083
2023-06-08 21:00:00,0.3246,0.3247,0.3226,0.3236,10832710
2023-06-08 22:00:00,0.3235,0.3245,0.3225,0.3234,13563383
2023-06-08 23:00:00,0.3233,0.3238,0.322,0.3227,15608803
2023-06-09 00:00:00,0.3226,0.3228,0.3202,0.321,27530162
2023-06-09 01:00:00,0.321,0.3237,0.3203,0.3215,24877716
2023-06-09 02:00:00,0.3216,0.3216,0.3172,0.319,57492780
2023-06-09 03:00:00,0.3191,0.3208,0.3177,0.3203,19356396
2023-06-09 04:00:00,0.3204,0.3205,0.3177,0.3186,17435457
2023-06-09 05:00:00,0.3187,0.3198,0.317,0.3182,21560359
2023-06-09 06:00:00,0.3183,0.3183,0.3151,0.316,57752396
2023-06-09 07:00:00,0.316,0.3163,0.3125,0.3137,58075701
2023-06-09 08:00:00,0.3136,0.3158,0.3126,0.3148,41740101
2023-06-09 09:00:00,0.3147,0.3161,0.3142,0.3156,29476350
2023-06-09 10:00:00,0.3157,0.3167,0.3143,0.315,33085790
2023-06-09 11:00:00,0.3151,0.3186,0.315,0.3176,28838025
2023-06-09 12:00:00,0.3176,0.3238,0.3175,0.3209,130905928
2023-06-09 13:00:00,0.3209,0.3217,0.3182,0.3184,59496902
2023-06-09 14:00:00,0.3185,0.3199,0.3146,0.3158,68020446
2023-06-09 15:00:00,0.3158,0.3165,0.3109,0.3111,78550980
2023-06-09 16:00:00,0.3111,0.3127,0.3075,0.3083,132897834
2023-06-09 17:00:00,0.3082,0.3085,0.3023,0.3074,137178083
2023-06-09 18:00:00,0.3075,0.3075,0.3016,0.3018,113538993
2023-06-09 19:00:00,0.3019,0.3024,0.2978,0.2994,155504276
2023-06-09 20:00:00,0.2993,0.3029,0.2991,0.302,102343953
2023-06-09 21:00:00,0.3019,0.302,0.2994,0.3016,43192864
2023-06-09 22:00:00,0.3015,0.3019,0.2947,0.2973,155121340
2023-06-09 23:00:00,0.2973,0.2973,0.2899,0.2948,185930544
2023-06-10 00:00:00,0.2949,0.2952,0.2858,0.2874,195716274
2023-06-10 01:00:00,0.2874,0.2916,0.2813,0.2873,241023038
2023-06-10 02:00:00,0.2873,0.2896,0.2819,0.2836,170876280
2023-06-10 03:00:00,0.2837,0.2856,0.2735,0.2764,279923411
2023-06-10 04:00:00,0.2763,0.2767,0.2167,0.2433,1004247920
2023-06-10 05:00:00,0.2431,0.2528,0.2407,0.2438,400910285
2023-06-10 06:00:00,0.2439,0.249,0.235,0.2385,336532416
2023-06-10 07:00:00,0.2385,0.2438,0.2381,0.24,221311291
2023-06-10 08:00:00,0.2399,0.2445,0.2381,0.244,193339347
2023-06-10 09:00:00,0.2441,0.2441,0.2385,0.2396,141265893
2023-06-10 10:00:00,0.2397,0.2427,0.2355,0.2426,182168984
2023-06-10 11:00:00,0.2426,0.2517,0.2409,0.2495,219939329
2023-06-10 12:00:00,0.2495,0.2521,0.247,0.2477,203370327
2023-06-10 13:00:00,0.2477,0.2499,0.2456,0.2484,167002453
2023-06-10 14:00:00,0.2484,0.2575,0.2477,0.2557,162177371
2023-06-10 15:00:00,0.2557,0.2571,0.2527,0.2539,135224008
2023-06-10 16:00:00,0.2539,0.2581,0.2519,0.2534,172514502
2023-06-10 17:00:00,0.2534,0.2683,0.2513,0.2651,347465494
2023-06-10 18:00:00,0.2651,0.2652,0.2572,0.2596,162426262
2023-06-10 19:00:00,0.2595,0.2657,0.2595,0.2657,69585404
2023-06-10 20:00:00,0.2657,0.2657,0.2625,0.2643,57223887
2023-06-10 21:00:00,0.2642,0.2763,0.2641,0.273,140685864
2023-06-10 22:00:00,0.273,0.2805,0.2716,0.2777,143418471
2023-06-10 23:00:00,0.2776,0.2782,0.2743,0.2744,90844294
2023-06-11 00:00:00,0.2745,0.2753,0.2654,0.266,164955866
2023-06-11 01:00:00,0.266,0.2706,0.2655,0.2661,123449769
2023-06-11 02:00:00,0.2661,0.2667,0.2621,0.2639,106669897
2023-06-11 03:00:00,0.264,0.2658,0.2623,0.2633,64867048
2023-06-11 04:00:00,0.2633,0.2645,0.2594,0.2632,109123780
2023-06-11 05:00:00,0.2631,0.2675,0.2631,0.265,90346657
2023-06-11 06:00:00,0.2649,0.2666,0.264,0.2644,60126662
2023-06-11 07:00:00,0.2644,0.2652,0.2606,0.2619,81038446
2023-06-11 08:00:00,0.2619,0.2639,0.2595,0.2602,91071530
2023-06-11 09:00:00,0.2602,0.2625,0.2586,0.2622,112193845
2023-06-11 10:00:00,0.2622,0.2743,0.2616,0.2685,307193389
2023-06-11 11:00:00,0.2684,0.2723,0.267,0.2689,143538321
2023-06-11 12:00:00,0.2689,0.2711,0.2669,0.2674,87247533
2023-06-11 13:00:00,0.2674,0.2686,0.2635,0.2647,131813305
2023-06-11 14:00:00,0.2646,0.2692,0.2641,0.2664,85397529
2023-06-11 15:00:00,0.2664,0.2679,0.2636,0.264,59972919
2023-06-11 16:00:00,0.2639,0.2689,0.2638,0.2676,113538323
2023-06-11 17:00:00,0.2675,0.2719,0.2667,0.2686,104980826
2023-06-11 18:00:00,0.2686,0.2723,0.2679,0.2705,63985435
2023-06-11 19:00:00,0.2705,0.2768,0.2692,0.2741,99394513
2023-06-11 20:00:00,0.274,0.2796,0.274,0.2757,105958104
2023-06-11 21:00:00,0.2756,0.2777,0.2738,0.2745,60885708
2023-06-11 22:00:00,0.2746,0.2757,0.2702,0.2719,101428654
2023-06-11 23:00:00,0.2718,0.2738,0.2704,0.2717,62115225
2023-06-12 00:00:00,0.2717,0.2755,0.2691,0.2732,95966563
2023-06-12 01:00:00,0.2731,0.2741,0.2705,0.2722,71815312
2023-06-12 02:00:00,0.2721,0.2734,0.2644,0.2672,144377126
2023-06-12 03:00:00,0.2672,0.2689,0.2651,0.2678,68846073
2023-06-12 04:00:00,0.2678,0.275,0.2673,0.2724,82684162
2023-06-12 05:00:00,0.2723,0.2744,0.2712,0.272,65919207
2023-06-12 06:00:00,0.2721,0.2799,0.2716,0.2771,168062937
2023-06-12 07:00:00,0.2772,0.2825,0.2769,0.2779,143701725
2023-06-12 08:00:00,0.2778,0.2847,0.2769,0.2831,145024127
2023-06-12 09:00:00,0.283,0.2849,0.2807,0.2826,147490249
2023-06-12 10:00:00,0.2825,0.2863,0.2822,0.2838,104829348
2023-06-12 11:00:00,0.2837,0.2843,0.2806,0.282,73601659
2023-06-12 12:00:00,0.2821,0.283,0.2802,0.283,49448710
2023-06-12 13:00:00,0.283,0.283,0.2777,0.2794,89851780
2023-06-12 14:00:00,0.2794,0.2827,0.2781,0.2802,78234214
2023-06-12 15:00:00,0.2802,0.2802,0.2763,0.2771,67114771
2023-06-12 16:00:00,0.277,0.2784,0.2744,0.2751,91624812
2023-06-12 17:00:00,0.2752,0.2782,0.2722,0.2757,125817218
2023-06-12 18:00:00,0.2756,0.2759,0.2722,0.2752,67663929
2023-06-12 19:00:00,0.2752,0.2757,0.2737,0.2743,38310707
2023-06-12 20:00:00,0.2742,0.2775,0.2732,0.2766,54406268
2023-06-12 21:00:00,0.2766,0.2778,0.2749,0.2775,39154903
2023-06-12 22:00:00,0.2774,0.2782,0.2744,0.2752,35839860
2023-06-12 23:00:00,0.2751,0.2761,0.2739,0.2745,28584454
2023-06-13 00:00:00,0.2745,0.2775,0.2732,0.2739,60445550
2023-06-13 01:00:00,0.2739,0.2781,0.2728,0.2766,49053429
2023-06-13 02:00:00,0.2767,0.2798,0.275,0.2795,56433716
2023-06-13 03:00:00,0.2794,0.2797,0.2764,0.2777,46729850
2023-06-13 04:00:00,0.2777,0.2779,0.2746,0.2767,41362963
2023-06-13 05:00:00,0.2768,0.2793,0.2764,0.2787,43746350
2023-06-13 06:00:00,0.2788,0.281,0.2778,0.2781,39416504
2023-06-13 07:00:00,0.2782,0.2801,0.2777,0.2793,27983102
2023-06-13 08:00:00,0.2793,0.2835,0.2792,0.2818,57477647
2023-06-13 09:00:00,0.2819,0.2839,0.2803,0.2814,69112398
2023-06-13 10:00:00,0.2815,0.2819,0.2795,0.281,37278387
2023-06-13 11:00:00,0.281,0.2857,0.2803,0.2855,107384990
2023-06-13 12:00:00,0.2854,0.2896,0.2771,0.2804,236083627
2023-06-13 13:00:00,0.2804,0.2819,0.2764,0.2775,94791886
2023-06-13 14:00:00,0.2774,0.2782,0.2693,0.2731,137782358
2023-06-13 15:00:00,0.2732,0.274,0.2681,0.2697,121606033
2023-06-13 16:00:00,0.2697,0.2739,0.2691,0.2726,65580991
2023-06-13 17:00:00,0.2726,0.2738,0.2721,0.2728,30675255
2023-06-13 18:00:00,0.2728,0.2758,0.272,0.2735,54778636
2023-06-13 19:00:00,0.2735,0.2752,0.2732,0.2747,25501028
2023-06-13 20:00:00,0.2748,0.2765,0.2735,0.2741,42044430
2023-06-13 21:00:00,0.2742,0.2751,0.2731,0.2742,17770937
2023-06-13 22:00:00,0.2742,0.275,0.2724,0.2726,20772448
2023-06-13 23:00:00,0.2726,0.2751,0.2725,0.275,21543380
2023-06-14 00:00:00,0.275,0.2764,0.2733,0.2757,38679594
2023-06-14 01:00:00,0.2758,0.2764,0.2744,0.2763,24966618
2023-06-14 02:00:00,0.2763,0.2773,0.2757,0.2761,24178837
2023-06-14 03:00:00,0.2762,0.2764,0.275,0.2757,16323632
2023-06-14 04:00:00,0.2758,0.2764,0.2753,0.2754,15137929
2023-06-14 05:00:00,0.2754,0.2758,0.2725,0.2727,32117548
2023-06-14 06:00:00,0.2727,0.2743,0.2722,0.2726,23531005
2023-06-14 07:00:00,0.2726,0.273,0.2695,0.2706,64765608
2023-06-14 08:00:00,0.2706,0.2738,0.2701,0.2733,66439576
2023-06-14 09:00:00,0.2734,0.2747,0.2726,0.2746,29711934
2023-06-14 10:00:00,0.2745,0.2755,0.2737,0.2749,20179968
2023-06-14 11:00:00,0.275,0.2758,0.2745,0.2749,26526230
2023-06-14 12:00:00,0.2748,0.2771,0.2747,0.2763,37230103
2023-06-14 13:00:00,0.2763,0.2765,0.273,0.2736,44151742
2023-06-14 14:00:00,0.2737,0.275,0.2729,0.2746,32983527
2023-06-14 15:00:00,0.2746,0.2754,0.2722,0.2734,45336852
2023-06-14 16:00:00,0.2734,0.2746,0.272,0.2725,32443401
2023-06-14 17:00:00,0.2724,0.2739,0.2711,0.2737,45665721
2023-06-14 18:00:00,0.2737,0.2744,0.2686,0.2724,132841306
2023-06-14 19:00:00,0.2724,0.2751,0.2695,0.2703,68144594
2023-06-14 20:00:00,0.2702,0.271,0.256,0.2578,301109529
2023-06-14 21:00:00,0.2578,0.2627,0.2565,0.2621,105193554
2023-06-14 22:00:00,0.2622,0.263,0.2604,0.2616,46428600
2023-06-14 23:00:00,0.2616,0.2634,0.2601,0.2632,36993210
2023-06-15 00:00:00,0.2631,0.2658,0.2616,0.2645,44948925
2023-06-15 01:00:00,0.2646,0.2647,0.2593,0.2594,58861361
2023-06-15 02:00:00,0.2595,0.262,0.2594,0.2604,47134057
2023-06-15 03:00:00,0.2604,0.2626,0.2602,0.2622,18843285
2023-06-15 04:00:00,0.2621,0.2626,0.2607,0.2613,22687987
2023-06-15 05:00:00,0.2614,0.2634,0.2574,0.26,80247262
2023-06-15 06:00:00,0.2601,0.2602,0.2543,0.2552,74001537
2023-06-15 07:00:00,0.2553,0.2567,0.2534,0.2561,67908965
2023-06-15 08:00:00,0.2561,0.2578,0.2539,0.2544,49934820
2023-06-15 09:00:00,0.2544,0.2559,0.2531,0.2555,53311750
2023-06-15 10:00:00,0.2555,0.2574,0.2552,0.2556,44072201
2023-06-15 11:00:00,0.2556,0.2595,0.2542,0.2589,86185852
2023-06-15 12:00:00,0.259,0.2598,0.2573,0.2587,55920466
2023-06-15 13:00:00,0.2586,0.2618,0.2581,0.2603,66475117
2023-06-15 14:00:00,0.2603,0.2611,0.2591,0.26,42000577
2023-06-15 15:00:00,0.2601,0.2607,0.2575,0.2577,39767193
2023-06-15 16:00:00,0.2578,0.2593,0.256,0.2564,56274701
2023-06-15 17:00:00,0.2564,0.258,0.2521,0.2579,105224884
2023-06-15 18:00:00,0.258,0.2607,0.2556,0.2604,74337228
2023-06-15 19:00:00,0.2605,0.2626,0.2595,0.2616,83496189
2023-06-15 20:00:00,0.2617,0.2625,0.2585,0.2622,50363589
2023-06-15 21:00:00,0.2621,0.2656,0.2613,0.2636,64642010
2023-06-15 22:00:00,0.2635,0.2639,0.2616,0.2619,24852480
2023-06-15 23:00:00,0.2619,0.2622,0.2606,0.2619,25188577
2023-06-16 00:00:00,0.2619,0.262,0.2593,0.2607,35182886
2023-06-16 01:00:00,0.2607,0.2629,0.2604,0.2617,20626268
2023-06-16 02:00:00,0.2617,0.2627,0.2611,0.2624,14055233
2023-06-16 03:00:00,0.2624,0.2641,0.2624,0.2632,17753911
2023-06-16 04:00:00,0.2632,0.2645,0.262,0.2629,25245600
2023-06-16 05:00:00,0.263,0.2642,0.2622,0.2639,18095128
2023-06-16 06:00:00,0.2638,0.2639,0.2627,0.2633,18164429
2023-06-16 07:00:00,0.2632,0.2636,0.2617,0.2627,17492861
2023-06-16 08:00:00,0.2627,0.2637,0.2611,0.2615,22485418
2023-06-16 09:00:00,0.2616,0.2622,0.2608,0.2609,21938929
2023-06-16 10:00:00,0.2609,0.2614,0.2587,0.259,30046948
2023-06-16 11:00:00,0.2591,0.2602,0.2554,0.257,87539486
2023-06-16 12:00:00,0.2571,0.2587,0.2565,0.2577,42912643
2023-06-16 13:00:00,0.2576,0.2583,0.2561,0.2567,35070662
2023-06-16 14:00:00,0.2568,0.2598,0.2522,0.2584,95177500
2023-06-16 15:00:00,0.2585,0.2602,0.2567,0.2597,93013467
2023-06-16 16:00:00,0.2596,0.2618,0.2582,0.2609,72873653
2023-06-16 17:00:00,0.2608,0.2646,0.2605,0.2642,85106634
2023-06-16 18:00:00,0.2643,0.2675,0.263,0.2631,79302599
2023-06-16 19:00:00,0.2631,0.2643,0.2616,0.2638,35107825
2023-06-16 20:00:00,0.2638,0.2644,0.2624,0.264,26913292
2023-06-16 21:00:00,0.2639,0.2645,0.2614,0.2619,20965258
2023-06-16 22:00:00,0.2619,0.264,0.2619,0.2635,16511241
2023-06-16 23:00:00,0.2634,0.2638,0.2624,0.263,12349136
2023-06-17 00:00:00,0.263,0.2632,0.2608,0.2612,24307278
2023-06-17 01:00:00,0.2613,0.2624,0.2604,0.2608,21238549
2023-06-17 02:00:00,0.2608,0.2624,0.2607,0.2621,15744431
2023-06-17 03:00:00,0.2621,0.2628,0.2616,0.2622,12111889
2023-06-17 04:00:00,0.2623,0.2646,0.2617,0.2642,21350410
2023-06-17 05:00:00,0.2642,0.2745,0.2634,0.2722,143175310
2023-06-17 06:00:00,0.2722,0.2732,0.2705,0.2708,69267007
2023-06-17 07:00:00,0.2709,0.2716,0.2688,0.2698,36482629
2023-06-17 08:00:00,0.2698,0.2704,0.2683,0.2693,33562895
2023-06-17 09:00:00,0.2694,0.2721,0.269,0.2696,37467801
2023-06-17 10:00:00,0.2696,0.27,0.2688,0.2694,18174789
2023-06-17 11:00:00,0.2693,0.2697,0.2671,0.2677,38127882
2023-06-17 12:00:00,0.2678,0.2686,0.2665,0.2679,31993283
2023-06-17 13:00:00,0.2679,0.2685,0.2674,0.2676,17798928
2023-06-17 14:00:00,0.2677,0.2677,0.2651,0.2659,35451606
2023-06-17 15:00:00,0.2659,0.2676,0.2642,0.2656,49322453
2023-06-17 16:00:00,0.2656,0.2676,0.2645,0.2674,28317726
2023-06-17 17:00:00,0.2674,0.2686,0.2665,0.2672,27685589
2023-06-17 18:00:00,0.2671,0.2694,0.2668,0.2689,25055125
2023-06-17 19:00:00,0.2689,0.269,0.2666,0.267,18109878
2023-06-17 20:00:00,0.2671,0.2673,0.2657,0.2667,23081276
2023-06-17 21:00:00,0.2667,0.267,0.2658,0.2662,11011810
2023-06-17 22:00:00,0.2662,0.2684,0.2662,0.267,14199136
2023-06-17 23:00:00,0.267,0.2677,0.2661,0.2665,13794430
2023-06-18 00:00:00,0.2665,0.2671,0.2628,0.2648,50079189
2023-06-18 01:00:00,0.2648,0.268,0.2645,0.268,19412159
2023-06-18 02:00:00,0.2679,0.2685,0.266,0.2664,22850631
2023-06-18 03:00:00,0.2664,0.2672,0.266,0.267,14792159
2023-06-18 04:00:00,0.267,0.2677,0.2658,0.2671,24217682
2023-06-18 05:00:00,0.267,0.269,0.2663,0.2664,25356819
2023-06-18 06:00:00,0.2665,0.2673,0.2646,0.2665,23404346
2023-06-18 07:00:00,0.2666,0.2685,0.2658,0.2665,28826726
2023-06-18 08:00:00,0.2666,0.2669,0.2652,0.266,24243766
2023-06-18 09:00:00,0.2661,0.2678,0.2655,0.2677,18381958
2023-06-18 10:00:00,0.2677,0.2679,0.2664,0.267,19081469
2023-06-18 11:00:00,0.2669,0.2671,0.2655,0.2664,21715793
2023-06-18 12:00:00,0.2664,0.2673,0.2654,0.2672,25265619
2023-06-18 13:00:00,0.2671,0.2674,0.2658,0.2659,17085429
2023-06-18 14:00:00,0.266,0.2672,0.2655,0.2671,19721607
2023-06-18 15:00:00,0.2672,0.2673,0.2661,0.2673,15097749
2023-06-18 16:00:00,0.2673,0.2689,0.2666,0.2682,27097357
2023-06-18 17:00:00,0.2683,0.2687,0.2665,0.2678,19022434
2023-06-18 18:00:00,0.2678,0.268,0.2667,0.2674,12474294
2023-06-18 19:00:00,0.2674,0.2682,0.267,0.2677,11763875
2023-06-18 20:00:00,0.2677,0.268,0.2592,0.2622,111995474
2023-06-18 21:00:00,0.2622,0.2627,0.2602,0.2605,32006189
2023-06-18 22:00:00,0.2605,0.262,0.2599,0.2604,25035813
2023-06-18 23:00:00,0.2603,0.2618,0.2583,0.2607,58020563
2023-06-19 00:00:00,0.2607,0.2609,0.2567,0.2591,37289650
2023-06-19 01:00:00,0.259,0.2608,0.2586,0.2606,22787752
2023-06-19 02:00:00,0.2606,0.2619,0.2605,0.2616,18388070
2023-06-19 03:00:00,0.2616,0.2616,0.2598,0.2604,16576104
2023-06-19 04:00:00,0.2605,0.2618,0.2603,0.2616,14752109
2023-06-19 05:00:00,0.2617,0.2623,0.2612,0.2617,12619229
2023-06-19 06:00:00,0.2616,0.2623,0.2613,0.2614,11213198
2023-06-19 07:00:00,0.2615,0.2615,0.2598,0.26,16731525
2023-06-19 08:00:00,0.26,0.26,0.2577,0.2586,27197258
2023-06-19 09:00:00,0.2586,0.2592,0.2579,0.2585,18812159
2023-06-19 10:00:00,0.2585,0.2594,0.2581,0.2586,16980730
2023-06-19 11:00:00,0.2586,0.2606,0.2585,0.2604,19836063
2023-06-19 12:00:00,0.2605,0.2617,0.2602,0.2608,32360687
2023-06-19 13:00:00,0.2608,0.2614,0.2604,0.2606,18590846
2023-06-19 14:00:00,0.2605,0.2606,0.2574,0.2579,56722083
2023-06-19 15:00:00,0.258,0.2592,0.2577,0.2589,25388094
2023-06-19 16:00:00,0.2588,0.2592,0.2566,0.2587,49929800
2023-06-19 17:00:00,0.2587,0.2607,0.2584,0.2599,49796930
2023-06-19 18:00:00,0.2599,0.2637,0.2581,0.2591,126619168
2023-06-19 19:00:00,0.2592,0.2612,0.2568,0.2612,68086219
2023-06-19 20:00:00,0.2611,0.2627,0.261,0.2622,38374301
2023-06-19 21:00:00,0.2623,0.2628,0.26,0.262,19573070
2023-06-19 22:00:00,0.262,0.2634,0.2612,0.2626,18049146
2023-06-19 23:00:00,0.2626,0.2635,0.2619,0.2631,17695256
2023-06-20 00:00:00,0.2631,0.2638,0.2615,0.2632,33739212
2023-06-20 01:00:00,0.2631,0.2648,0.2597,0.2601,47436470
2023-06-20 02:00:00,0.2602,0.2623,0.2596,0.2606,48048435
2023-06-20 03:00:00,0.2607,0.261,0.2592,0.2594,22628595
2023-06-20 04:00:00,0.2595,0.2605,0.2591,0.2602,15361010
2023-06-20 05:00:00,0.2601,0.2604,0.2582,0.2588,23393535
2023-06-20 06:00:00,0.2588,0.2591,0.258,0.2585,20426367
2023-06-20 07:00:00,0.2584,0.2597,0.258,0.259,16067692
2023-06-20 08:00:00,0.259,0.2592,0.2571,0.2575,20434071
2023-06-20 09:00:00,0.2575,0.2584,0.2573,0.2581,29437518
2023-06-20 10:00:00,0.258,0.2593,0.2576,0.2585,18479414
2023-06-20 11:00:00,0.2585,0.2601,0.2583,0.26,15706266
2023-06-20 12:00:00,0.2601,0.2603,0.2589,0.2601,27647398
2023-06-20 13:00:00,0.2602,0.2602,0.2574,0.2578,34540441
2023-06-20 14:00:00,0.2578,0.2583,0.2519,0.255,138809115
2023-06-20 15:00:00,0.255,0.2578,0.2544,0.2568,49906350
2023-06-20 16:00:00,0.2568,0.2614,0.2561,0.2596,90544350
2023-06-20 17:00:00,0.2597,0.2671,0.2596,0.2651,128359946
2023-06-20 18:00:00,0.2652,0.2671,0.2643,0.2655,91578216
2023-06-20 19:00:00,0.2655,0.2668,0.2639,0.2663,59689282
2023-06-20 20:00:00,0.2663,0.2694,0.266,0.2681,68399226
2023-06-20 21:00:00,0.2682,0.2687,0.2652,0.2662,36921203
2023-06-20 22:00:00,0.2662,0.2682,0.2661,0.2678,32356802
2023-06-20 23:00:00,0.2677,0.2705,0.2676,0.2703,37769083
2023-06-21 00:00:00,0.2704,0.2732,0.2685,0.2718,62438690
2023-06-21 01:00:00,0.2718,0.2785,0.2717,0.278,120115784
2023-06-21 02:00:00,0.278,0.2828,0.2771,0.2807,85052647
2023-06-21 03:00:00,0.2806,0.2815,0.2783,0.2807,53613020
2023-06-21 04:00:00,0.2808,0.2813,0.2777,0.2787,46213852
2023-06-21 05:00:00,0.2787,0.2815,0.277,0.2814,54730685
2023-06-21 06:00:00,0.2813,0.2819,0.2774,0.2785,57771395
2023-06-21 07:00:00,0.2785,0.2792,0.2778,0.2779,25272126
2023-06-21 08:00:00,0.278,0.2784,0.2768,0.2775,49573682
2023-06-21 09:00:00,0.2775,0.2791,0.2774,0.2787,22188561
2023-06-21 10:00:00,0.2787,0.2802,0.2756,0.2766,62239656
2023-06-21 11:00:00,0.2765,0.2795,0.2758,0.2785,35321237
2023-06-21 12:00:00,0.2785,0.2793,0.2752,0.2765,75730692
2023-06-21 13:00:00,0.2764,0.2797,0.2755,0.2782,58305027
2023-06-21 14:00:00,0.2781,0.2818,0.2766,0.2814,88660929
2023-06-21 15:00:00,0.2814,0.283,0.2802,0.2819,83475464
2023-06-21 16:00:00,0.2818,0.2881,0.2815,0.2835,158136014
2023-06-21 17:00:00,0.2836,0.2858,0.2805,0.2833,90278823
2023-06-21 18:00:00,0.2834,0.287,0.2827,0.2844,58499274
2023-06-21 19:00:00,0.2845,0.286,0.2823,0.286,44367207
2023-06-21 20:00:00,0.2859,0.2874,0.2838,0.2851,39972789
2023-06-21 21:00:00,0.285,0.286,0.2826,0.2843,32897905
2023-06-21 22:00:00,0.2843,0.2875,0.2838,0.2873,35205508
2023-06-21 23:00:00,0.2874,0.2888,0.2859,0.286,35736309
2023-06-22 00:00:00,0.2859,0.293,0.2853,0.2915,71325773
2023-06-22 01:00:00,0.2915,0.2986,0.2906,0.2975,106434667
2023-06-22 02:00:00,0.2976,0.3011,0.2968,0.2992,98847540
2023-06-22 03:00:00,0.2991,0.3006,0.2972,0.2977,45699254
2023-06-22 04:00:00,0.2978,0.2994,0.2962,0.2992,41098615
2023-06-22 05:00:00,0.2992,0.2993,0.2954,0.2965,36271706
2023-06-22 06:00:00,0.2965,0.2968,0.2931,0.2951,72620946
2023-06-22 07:00:00,0.295,0.3041,0.2948,0.3019,100647585
2023-06-22 08:00:00,0.302,0.3032,0.2988,0.3027,93025526
2023-06-22 09:00:00,0.3028,0.3048,0.3001,0.3005,104724658
2023-06-22 10:00:00,0.3006,0.3034,0.2995,0.3009,53326290
2023-06-22 11:00:00,0.3008,0.301,0.2891,0.2926,189178799
2023-06-22 12:00:00,0.2927,0.2964,0.2924,0.2959,64377172
2023-06-22 13:00:00,0.2959,0.2974,0.2937,0.2947,48708063
2023-06-22 14:00:00,0.2946,0.2952,0.2863,0.2887,111189237
2023-06-22 15:00:00,0.2887,0.2907,0.2882,0.2903,49768155
2023-06-22 16:00:00,0.2903,0.2926,0.2891,0.2905,47395007
2023-06-22 17:00:00,0.2905,0.2933,0.29,0.2931,24210831
2023-06-22 18:00:00,0.2932,0.2934,0.291,0.2918,21635122
2023-06-22 19:00:00,0.2917,0.2931,0.2904,0.2931,24687172
2023-06-22 20:00:00,0.2931,0.2945,0.2912,0.2942,37539957
2023-06-22 21:00:00,0.2942,0.2943,0.2911,0.2927,19587183
2023-06-22 22:00:00,0.2928,0.2928,0.2881,0.289,31164439
2023-06-22 23:00:00,0.289,0.2908,0.2887,0.2897,20576060
2023-06-23 00:00:00,0.2896,0.2937,0.2894,0.2928,35900835
2023-06-23 01:00:00,0.2928,0.2935,0.2911,0.2912,19729432
2023-06-23 02:00:00,0.2912,0.2927,0.2893,0.2926,27625837
2023-06-23 03:00:00,0.2926,0.2929,0.2916,0.2924,12602198
2023-06-23 04:00:00,0.2925,0.2934,0.292,0.2928,12598921
2023-06-23 05:00:00,0.2928,0.2939,0.2916,0.293,26807859
2023-06-23 06:00:00,0.293,0.2934,0.2912,0.2922,16504210
2023-06-23 07:00:00,0.2922,0.2936,0.2905,0.2934,23315218
2023-06-23 08:00:00,0.2934,0.2958,0.2929,0.2945,36771979
2023-06-23 09:00:00,0.2945,0.2961,0.2929,0.2954,40681272
2023-06-23 10:00:00,0.2953,0.2959,0.292,0.2934,41469669
2023-06-23 11:00:00,0.2935,0.294,0.2918,0.2926,21243775
2023-06-23 12:00:00,0.2925,0.2932,0.2884,0.2905,58323592
2023-06-23 13:00:00,0.2904,0.2913,0.287,0.2881,50949121
2023-06-23 14:00:00,0.2881,0.2918,0.2865,0.2916,57830742
2023-06-23 15:00:00,0.2917,0.2996,0.2911,0.2992,141892000
2023-06-23 16:00:00,0.2991,0.3027,0.2962,0.2998,149269216
2023-06-23 17:00:00,0.2998,0.3019,0.2987,0.3012,57304325
2023-06-23 18:00:00,0.3012,0.3021,0.2972,0.2988,52145252
2023-06-23 19:00:00,0.2988,0.2998,0.2945,0.298,59794370
2023-06-23 20:00:00,0.298,0.3,0.2978,0.2993,35615468
2023-06-23 21:00:00,0.2994,0.3003,0.2934,0.295,39788267
2023-06-23 22:00:00,0.2949,0.296,0.2926,0.2957,33414354
2023-06-23 23:00:00,0.2957,0.2966,0.2944,0.2965,22804996
2023-06-24 00:00:00,0.2965,0.2967,0.2923,0.2936,49804214
2023-06-24 01:00:00,0.2936,0.295,0.2917,0.2942,53611732
2023-06-24 02:00:00,0.2943,0.2965,0.2936,0.2961,45554839
2023-06-24 03:00:00,0.2961,0.2962,0.2946,0.2951,21402668
2023-06-24 04:00:00,0.295,0.2959,0.2934,0.2953,22145509
2023-06-24 05:00:00,0.2954,0.2972,0.2945,0.2969,25621065
2023-06-24 06:00:00,0.2969,0.2969,0.2939,0.2962,21621299
2023-06-24 07:00:00,0.2961,0.2962,0.2927,0.2932,25930789
2023-06-24 08:00:00,0.2932,0.2958,0.2924,0.2938,38560744
2023-06-24 09:00:00,0.2938,0.2952,0.2937,0.295,14328531
2023-06-24 10:00:00,0.2951,0.2962,0.2948,0.2958,15952711
2023-06-24 11:00:00,0.2958,0.2961,0.2947,0.2949,11548999
2023-06-24 12:00:00,0.295,0.2964,0.2933,0.2939,26024379
2023-06-24 13:00:00,0.2938,0.2941,0.2909,0.2923,44911818
2023-06-24 14:00:00,0.2923,0.2934,0.2918,0.293,24123909
2023-06-24 15:00:00,0.2929,0.2932,0.2841,0.2867,107715915
2023-06-24 16:00:00,0.2868,0.2875,0.2838,0.287,60763335
2023-06-24 17:00:00,0.2871,0.2884,0.286,0.2877,36545405
2023-06-24 18:00:00,0.2876,0.2898,0.2872,0.2889,27420280
2023-06-24 19:00:00,0.289,0.294,0.2888,0.2914,57004541
2023-06-24 20:00:00,0.2913,0.2914,0.2879,0.2891,43873738
2023-06-24 21:00:00,0.289,0.2902,0.2871,0.2896,20961037
2023-06-24 22:00:00,0.2897,0.2901,0.2881,0.2886,14045104
2023-06-24 23:00:00,0.2886,0.2903,0.2884,0.2892,16345128
2023-06-25 00:00:00,0.2891,0.2902,0.2881,0.2893,23478136
2023-06-25 01:00:00,0.2893,0.2927,0.2881,0.2926,29995656
2023-06-25 02:00:00,0.2926,0.2952,0.2922,0.2946,27870714
2023-06-25 03:00:00,0.2946,0.2975,0.2945,0.2966,45090537
2023-06-25 04:00:00,0.2967,0.2975,0.2952,0.2957,37999786
2023-06-25 05:00:00,0.2958,0.2977,0.2938,0.2969,29835574
2023-06-25 06:00:00,0.2968,0.298,0.295,0.2967,35277560
2023-06-25 07:00:00,0.2968,0.2976,0.294,0.2972,29911791
2023-06-25 08:00:00,0.2973,0.305,0.2966,0.2989,121461714
2023-06-25 09:00:00,0.2989,0.3013,0.2976,0.3005,43321667
2023-06-25 10:00:00,0.3004,0.3009,0.2962,0.2967,41060309
2023-06-25 11:00:00,0.2967,0.2979,0.2957,0.2978,30570353
2023-06-25 12:00:00,0.2979,0.2984,0.2961,0.2969,26557914
2023-06-25 13:00:00,0.2969,0.2976,0.2919,0.2949,64110553
2023-06-25 14:00:00,0.2949,0.2958,0.2924,0.2928,39843933
2023-06-25 15:00:00,0.2928,0.294,0.2912,0.2931,44460954
2023-06-25 16:00:00,0.2931,0.2946,0.2922,0.2944,33589634
2023-06-25 17:00:00,0.2944,0.2946,0.2912,0.2931,25115193
2023-06-25 18:00:00,0.293,0.2933,0.291,0.2932,32796105
2023-06-25 19:00:00,0.2931,0.294,0.2915,0.2929,23183716
2023-06-25 20:00:00,0.2929,0.2941,0.2903,0.2917,26944829
2023-06-25 21:00:00,0.2916,0.2927,0.291,0.2926,14336928
2023-06-25 22:00:00,0.2926,0.2935,0.2913,0.2931,15635516
2023-06-25 23:00:00,0.2931,0.2932,0.291,0.2918,20126264
2023-06-26 00:00:00,0.2918,0.2921,0.2879,0.2883,50959414
2023-06-26 01:00:00,0.2883,0.2892,0.285,0.2869,92315899
2023-06-26 02:00:00,0.2868,0.2872,0.2855,0.2866,25099426
2023-06-26 03:00:00,0.2865,0.2878,0.2856,0.2876,15650341
2023-06-26 04:00:00,0.2876,0.2877,0.286,0.2876,17858294
2023-06-26 05:00:00,0.2875,0.2876,0.2855,0.2864,20993456
2023-06-26 06:00:00,0.2864,0.2902,0.2857,0.29,32082712
2023-06-26 07:00:00,0.29,0.2912,0.2886,0.2901,41492367
2023-06-26 08:00:00,0.29,0.2908,0.2886,0.2905,24686642
2023-06-26 09:00:00,0.2905,0.291,0.2879,0.2884,24520000
2023-06-26 10:00:00,0.2884,0.2885,0.2856,0.2873,35245362
2023-06-26 11:00:00,0.2873,0.2891,0.2872,0.2888,21298193
2023-06-26 12:00:00,0.2889,0.2898,0.2873,0.2885,25349981
2023-06-26 13:00:00,0.2885,0.2918,0.2875,0.2915,43355313
2023-06-26 14:00:00,0.2916,0.292,0.2864,0.2886,61059346
2023-06-26 15:00:00,0.2886,0.2898,0.2876,0.2892,28199763
2023-06-26 16:00:00,0.2892,0.2893,0.2715,0.2808,156403355
2023-06-26 17:00:00,0.2809,0.2817,0.2782,0.2792,74822230
2023-06-26 18:00:00,0.2791,0.2823,0.2787,0.2814,36062128
2023-06-26 19:00:00,0.2814,0.282,0.2794,0.2814,29790276
2023-06-26 20:00:00,0.2814,0.2817,0.2788,0.2791,25239412
2023-06-26 21:00:00,0.2792,0.2803,0.2776,0.2783,27462257
2023-06-26 22:00:00,0.2783,0.281,0.2767,0.2802,31652216
2023-06-26 23:00:00,0.2801,0.2806,0.2789,0.2802,17575178
2023-06-27 00:00:00,0.2802,0.2811,0.2788,0.2806,29177777
2023-06-27 01:00:00,0.2806,0.2822,0.2786,0.2819,28277372
2023-06-27 02:00:00,0.2819,0.2825,0.2801,0.2825,58982058
2023-06-27 03:00:00,0.2824,0.2829,0.2805,0.2818,24806135
2023-06-27 04:00:00,0.2817,0.2824,0.2808,0.2816,19347543
2023-06-27 05:00:00,0.2816,0.2817,0.2787,0.2799,25427329
2023-06-27 06:00:00,0.28,0.2806,0.2782,0.2806,28683179
2023-06-27 07:00:00,0.2806,0.2832,0.2803,0.2828,39438590
2023-06-27 08:00:00,0.2827,0.2834,0.281,0.2817,22687429
2023-06-27 09:00:00,0.2816,0.2821,0.2803,0.281,19755454
2023-06-27 10:00:00,0.2811,0.2842,0.2809,0.2841,46395646
2023-06-27 11:00:00,0.284,0.2844,0.282,0.2841,32089966
2023-06-27 12:00:00,0.2841,0.285,0.2831,0.2841,26654550
2023-06-27 13:00:00,0.2842,0.2845,0.282,0.2828,33416688
2023-06-27 14:00:00,0.2828,0.286,0.2824,0.2837,69726762
2023-06-27 15:00:00,0.2837,0.284,0.2792,0.2799,65608690
2023-06-27 16:00:00,0.2798,0.2837,0.2786,0.2835,55550605
2023-06-27 17:00:00,0.2834,0.2842,0.282,0.2837,31860043
2023-06-27 18:00:00,0.2837,0.2849,0.283,0.284,23343565
2023-06-27 19:00:00,0.284,0.2857,0.2835,0.2849,22980449
2023-06-27 20:00:00,0.2848,0.2871,0.2841,0.287,42059106
2023-06-27 21:00:00,0.2869,0.2897,0.2852,0.2889,40596504
2023-06-27 22:00:00,0.2888,0.2892,0.2862,0.2864,35415594
2023-06-27 23:00:00,0.2865,0.287,0.2846,0.2865,32137682
2023-06-28 00:00:00,0.2866,0.2868,0.2792,0.2811,96483945
2023-06-28 01:00:00,0.2811,0.2817,0.2785,0.2798,39544157
2023-06-28 02:00:00,0.2798,0.281,0.2775,0.2786,35613256
2023-06-28 03:00:00,0.2785,0.2808,0.2781,0.2801,23150676
2023-06-28 04:00:00,0.2801,0.2801,0.2779,0.2797,34261894
2023-06-28 05:00:00,0.2797,0.2801,0.2786,0.2795,13715339
2023-06-28 06:00:00,0.2796,0.2797,0.2768,0.2779,35842856
2023-06-28 07:00:00,0.2779,0.2786,0.2712,0.2751,140945033
2023-06-28 08:00:00,0.275,0.2752,0.2728,0.2742,46263870
2023-06-28 09:00:00,0.2741,0.2764,0.2739,0.2758,31836198
2023-06-28 10:00:00,0.2757,0.2758,0.274,0.2752,22986168
2023-06-28 11:00:00,0.2752,0.2758,0.2738,0.274,19893250
2023-06-28 12:00:00,0.274,0.2746,0.271,0.2718,70128462
2023-06-28 13:00:00,0.2717,0.2757,0.2713,0.2749,66926717
2023-06-28 14:00:00,0.2748,0.2763,0.2719,0.2744,84326549
2023-06-28 15:00:00,0.2744,0.2751,0.2728,0.2747,31040066
2023-06-28 16:00:00,0.2748,0.276,0.2731,0.2732,34635994
2023-06-28 17:00:00,0.2733,0.2737,0.2682,0.27,77124196
2023-06-28 18:00:00,0.2701,0.2715,0.2695,0.2703,30137975
2023-06-28 19:00:00,0.2704,0.2717,0.258,0.2672,152257015
2023-06-28 20:00:00,0.2672,0.2695,0.2658,0.269,44851236
2023-06-28 21:00:00,0.269,0.2703,0.2678,0.2687,27875751
2023-06-28 22:00:00,0.2687,0.2699,0.2675,0.2677,18966670
2023-06-28 23:00:00,0.2677,0.2689,0.2662,0.2667,20916649
2023-06-29 00:00:00,0.2667,0.2681,0.2661,0.267,25527438
2023-06-29 01:00:00,0.267,0.2701,0.2668,0.2693,31344242
2023-06-29 02:00:00,0.2692,0.2713,0.2683,0.2711,33129665
2023-06-29 03:00:00,0.2711,0.2713,0.2694,0.2699,47479854
2023-06-29 04:00:00,0.2699,0.2716,0.269,0.2708,25625694
2023-06-29 05:00:00,0.2709,0.2722,0.2702,0.2708,23424359
2023-06-29 06:00:00,0.2709,0.2728,0.2708,0.272,24320668
2023-06-29 07:00:00,0.272,0.2738,0.2715,0.2726,33843743
2023-06-29 08:00:00,0.2727,0.2733,0.2721,0.273,24466709
2023-06-29 09:00:00,0.2729,0.2759,0.2723,0.2743,44363226
2023-06-29 10:00:00,0.2744,0.2771,0.2733,0.2762,45605355
2023-06-29 11:00:00,0.2761,0.2781,0.2755,0.2773,50513816
2023-06-29 12:00:00,0.2772,0.278,0.2752,0.2755,43734314
2023-06-29 13:00:00,0.2756,0.2777,0.273,0.2746,58292291
2023-06-29 14:00:00,0.2746,0.2762,0.2723,0.2732,57761651
2023-06-29 15:00:00,0.2732,0.2751,0.2726,0.2741,27462000
2023-06-29 16:00:00,0.274,0.2753,0.273,0.2737,28869503
2023-06-29 17:00:00,0.2736,0.275,0.2724,0.2733,33810989
2023-06-29 18:00:00,0.2733,0.2754,0.2728,0.2748,23435459
2023-06-29 19:00:00,0.2747,0.2753,0.2734,0.2748,22457342
2023-06-29 20:00:00,0.2748,0.2754,0.2725,0.2738,34542718
2023-06-29 21:00:00,0.2738,0.275,0.2731,0.274,13052977
2023-06-29 22:00:00,0.2741,0.2759,0.2738,0.2749,14459403
2023-06-29 23:00:00,0.2749,0.2767,0.2742,0.275,18606567
2023-06-30 00:00:00,0.275,0.2762,0.2743,0.275,33537065
2023-06-30 01:00:00,0.275,0.2751,0.2724,0.2751,41577432
2023-06-30 02:00:00,0.2751,0.2801,0.2747,0.2784,59812005
2023-06-30 03:00:00,0.2784,0.2845,0.278,0.2835,95148992
2023-06-30 04:00:00,0.2834,0.288,0.2816,0.2845,76525552
2023-06-30 05:00:00,0.2846,0.2872,0.2825,0.2827,80601077
2023-06-30 06:00:00,0.2827,0.2838,0.2812,0.2817,55808325
2023-06-30 07:00:00,0.2818,0.2842,0.2803,0.2837,34548822
2023-06-30 08:00:00,0.2837,0.2888,0.2836,0.2881,56693547
2023-06-30 09:00:00,0.2881,0.2895,0.2859,0.2882,51993760
2023-06-30 10:00:00,0.2883,0.2996,0.2882,0.2956,219221930
2023-06-30 11:00:00,0.2957,0.2967,0.2939,0.2948,62555496
2023-06-30 12:00:00,0.2948,0.2979,0.2936,0.2978,62047697
2023-06-30 13:00:00,0.2978,0.2988,0.2666,0.2772,348200208
2023-06-30 14:00:00,0.2772,0.2827,0.2752,0.2771,147802371
2023-06-30 15:00:00,0.2771,0.2792,0.2757,0.2774,85390086
2023-06-30 16:00:00,0.2773,0.2857,0.2746,0.2848,95606891
2023-06-30 17:00:00,0.2847,0.2898,0.2841,0.2866,93810964
2023-06-30 18:00:00,0.2867,0.2873,0.2818,0.2847,64463770
2023-06-30 19:00:00,0.2848,0.2863,0.2838,0.2853,32227059
2023-06-30 20:00:00,0.2853,0.2874,0.2849,0.2863,21057911
2023-06-30 21:00:00,0.2863,0.2879,0.2842,0.2876,21752851
2023-06-30 22:00:00,0.2875,0.2889,0.2863,0.2879,20314136
2023-06-30 23:00:00,0.2879,0.2883,0.2862,0.2868,22218830
2023-07-01 00:00:00,0.2869,0.2885,0.2856,0.2863,42532198
2023-07-01 01:00:00,0.2863,0.29,0.2855,0.2895,81183067
2023-07-01 02:00:00,0.2894,0.2897,0.2853,0.2858,39309261
2023-07-01 03:00:00,0.2858,0.2863,0.2847,0.2859,21178611
2023-07-01 04:00:00,0.286,0.2863,0.2808,0.2837,58642263
2023-07-01 05:00:00,0.2837,0.285,0.2833,0.2845,17651542
2023-07-01 06:00:00,0.2845,0.286,0.284,0.2853,18133800
2023-07-01 07:00:00,0.2852,0.2864,0.284,0.2862,20370346
2023-07-01 08:00:00,0.2862,0.2873,0.2848,0.2858,44162002
2023-07-01 09:00:00,0.2858,0.2871,0.2852,0.2869,19516999
2023-07-01 10:00:00,0.2868,0.2887,0.2857,0.2869,32408144
2023-07-01 11:00:00,0.2869,0.2883,0.2868,0.2879,24421989
2023-07-01 12:00:00,0.2879,0.2903,0.2872,0.2895,31730413
2023-07-01 13:00:00,0.2896,0.2925,0.2895,0.292,48087964
2023-07-01 14:00:00,0.2919,0.2934,0.2894,0.2908,68808557
2023-07-01 15:00:00,0.2907,0.2911,0.288,0.2883,32471985
2023-07-01 16:00:00,0.2884,0.2893,0.2866,0.2873,38498622
2023-07-01 17:00:00,0.2874,0.2894,0.2867,0.2878,23267942
2023-07-01 18:00:00,0.2877,0.2891,0.2873,0.2884,14826975
2023-07-01 19:00:00,0.2885,0.2893,0.2876,0.2879,12249001
2023-07-01 20:00:00,0.288,0.2905,0.2877,0.2897,11872352
2023-07-01 21:00:00,0.2896,0.2908,0.2892,0.29,12369929
2023-07-01 22:00:00,0.29,0.2918,0.29,0.2917,16632986
2023-07-01 23:00:00,0.2916,0.2925,0.2906,0.2922,16857986
2023-07-02 00:00:00,0.2923,0.2925,0.2885,0.2904,61585118
2023-07-02 01:00:00,0.2904,0.2915,0.2893,0.2898,18898749
2023-07-02 02:00:00,0.2897,0.2939,0.2876,0.2916,59976416
2023-07-02 03:00:00,0.2916,0.2918,0.288,0.2887,38861023
2023-07-02 04:00:00,0.2888,0.2904,0.2877,0.2901,31227180
2023-07-02 05:00:00,0.2902,0.2907,0.2884,0.2889,16479131
2023-07-02 06:00:00,0.2889,0.2899,0.2884,0.2888,14625266
2023-07-02 07:00:00,0.2888,0.2899,0.2883,0.2892,13000835
2023-07-02 08:00:00,0.2892,0.2896,0.2865,0.2869,28633709
2023-07-02 09:00:00,0.2868,0.2893,0.2867,0.2883,17111655
2023-07-02 10:00:00,0.2883,0.2891,0.2875,0.288,14194426
2023-07-02 11:00:00,0.288,0.2904,0.2879,0.2904,17415981
2023-07-02 12:00:00,0.2903,0.2908,0.2887,0.289,17756020
2023-07-02 13:00:00,0.2891,0.29,0.2884,0.2887,17897606
2023-07-02 14:00:00,0.2887,0.2915,0.2882,0.2906,26960302
2023-07-02 15:00:00,0.2907,0.2917,0.2848,0.289,101743435
2023-07-02 16:00:00,0.289,0.2912,0.2888,0.2902,35436825
2023-07-02 17:00:00,0.2903,0.291,0.2878,0.2879,40173937
2023-07-02 18:00:00,0.2879,0.2888,0.2868,0.2885,30258870
2023-07-02 19:00:00,0.2886,0.2892,0.2882,0.2891,16346028
2023-07-02 20:00:00,0.2891,0.29,0.288,0.2889,16349182
2023-07-02 21:00:00,0.2889,0.2904,0.2885,0.2886,14458474
2023-07-02 22:00:00,0.2887,0.293,0.2886,0.2924,72862519
2023-07-02 23:00:00,0.2924,0.2933,0.2904,0.2915,31877158
2023-07-03 00:00:00,0.2915,0.2933,0.2901,0.2908,30409520
2023-07-03 01:00:00,0.2908,0.2928,0.2907,0.292,29192735
2023-07-03 02:00:00,0.2921,0.2959,0.292,0.2957,34963601
2023-07-03 03:00:00,0.2957,0.2964,0.2944,0.295,28629237
2023-07-03 04:00:00,0.295,0.2961,0.2935,0.2938,35607459
2023-07-03 05:00:00,0.2938,0.2944,0.2928,0.293,14073933
2023-07-03 06:00:00,0.2931,0.2934,0.2906,0.2923,23698064
2023-07-03 07:00:00,0.2923,0.2958,0.2919,0.2943,39332869
2023-07-03 08:00:00,0.2943,0.2957,0.2932,0.2948,34805388
2023-07-03 09:00:00,0.2948,0.2958,0.2931,0.2931,24777766
2023-07-03 10:00:00,0.2931,0.295,0.2921,0.2946,26216374
2023-07-03 11:00:00,0.2945,0.295,0.2937,0.2946,15782456
2023-07-03 12:00:00,0.2946,0.2949,0.2912,0.2928,63358285
2023-07-03 13:00:00,0.2929,0.2934,0.2906,0.2922,33504671
2023-07-03 14:00:00,0.2922,0.2934,0.2916,0.293,26446187
2023-07-03 15:00:00,0.293,0.2957,0.2928,0.2954,54906686
2023-07-03 16:00:00,0.2954,0.2956,0.2912,0.294,57464993
2023-07-03 17:00:00,0.294,0.2958,0.293,0.2951,27041355
2023-07-03 18:00:00,0.2951,0.2957,0.2935,0.2951,32830711
2023-07-03 19:00:00,0.2951,0.2993,0.295,0.2982,55504864
2023-07-03 20:00:00,0.2981,0.299,0.2961,0.2969,27290607
2023-07-03 21:00:00,0.2969,0.2977,0.2945,0.2963,24988644
2023-07-03 22:00:00,0.2962,0.2973,0.2956,0.2964,15603698
2023-07-03 23:00:00,0.2963,0.2968,0.2953,0.2966,17276197
2023-07-04 00:00:00,0.2967,0.297,0.2946,0.2949,23783064
2023-07-04 01:00:00,0.2949,0.2984,0.2948,0.2975,39783035
2023-07-04 02:00:00,0.2975,0.3002,0.2962,0.297,54531768
2023-07-04 03:00:00,0.2969,0.2996,0.2958,0.2996,31373794
2023-07-04 04:00:00,0.2997,0.3018,0.2967,0.2971,66663668
2023-07-04 05:00:00,0.297,0.2976,0.296,0.2963,30105419
2023-07-04 06:00:00,0.2963,0.2976,0.295,0.2964,36809915
2023-07-04 07:00:00,0.2964,0.2974,0.2944,0.2949,26667492
2023-07-04 08:00:00,0.2949,0.2984,0.2934,0.294,77706998
2023-07-04 09:00:00,0.2939,0.2952,0.2921,0.2948,39871734
2023-07-04 10:00:00,0.2948,0.2962,0.2945,0.2959,28603283
2023-07-04 11:00:00,0.2959,0.2969,0.2953,0.2966,17629525
2023-07-04 12:00:00,0.2967,0.2969,0.2946,0.2959,23667971
2023-07-04 13:00:00,0.2959,0.2964,0.2931,0.2943,35502029
2023-07-04 14:00:00,0.2943,0.2954,0.2938,0.2946,21886379
2023-07-04 15:00:00,0.2945,0.2956,0.292,0.2935,41194700
2023-07-04 16:00:00,0.2935,0.2952,0.2923,0.2934,45275799
2023-07-04 17:00:00,0.2934,0.2944,0.292,0.2926,34983696
2023-07-04 18:00:00,0.2925,0.294,0.292,0.293,21357401
2023-07-04 19:00:00,0.293,0.2935,0.2883,0.2919,80852950
2023-07-04 20:00:00,0.2918,0.2948,0.2915,0.2947,27885981
2023-07-04 21:00:00,0.2947,0.2963,0.2943,0.2961,14647307
2023-07-04 22:00:00,0.2962,0.2967,0.2936,0.2945,19826212
2023-07-04 23:00:00,0.2945,0.295,0.2917,0.2923,18843179
2023-07-05 00:00:00,0.2922,0.2939,0.2914,0.2914,20549997
2023-07-05 01:00:00,0.2914,0.2935,0.291,0.2921,21461511
2023-07-05 02:00:00,0.292,0.2932,0.2915,0.2931,12000939
2023-07-05 03:00:00,0.2931,0.2942,0.2925,0.2942,12350295
2023-07-05 04:00:00,0.2942,0.2946,0.2929,0.2932,15376525
2023-07-05 05:00:00,0.2932,0.2957,0.2931,0.2955,16668066
2023-07-05 06:00:00,0.2955,0.2961,0.2938,0.2942,19365727
2023-07-05 07:00:00,0.2941,0.2954,0.294,0.2951,15494266
2023-07-05 08:00:00,0.2951,0.2957,0.2921,0.2942,33014956
2023-07-05 09:00:00,0.2943,0.2947,0.2913,0.2919,28666515
2023-07-05 10:00:00,0.2919,0.2923,0.282,0.285,154301997
2023-07-05 11:00:00,0.285,0.2878,0.2843,0.2857,53978921
2023-07-05 12:00:00,0.2857,0.2866,0.2838,0.2844,54474724
2023-07-05 13:00:00,0.2843,0.286,0.2831,0.2852,43807453
2023-07-05 14:00:00,0.2853,0.2866,0.2845,0.2853,30901452
2023-07-05 15:00:00,0.2853,0.2857,0.279,0.2824,98749706
2023-07-05 16:00:00,0.2824,0.2844,0.2811,0.284,36371389
2023-07-05 17:00:00,0.2841,0.2853,0.2836,0.2841,26431171
2023-07-05 18:00:00,0.2842,0.2856,0.2832,0.284,31423980
2023-07-05 19:00:00,0.284,0.2844,0.2822,0.2824,23649921
2023-07-05 20:00:00,0.2825,0.2836,0.2813,0.2831,20326321
2023-07-05 21:00:00,0.2832,0.2844,0.2826,0.2832,14629284
2023-07-05 22:00:00,0.2831,0.2846,0.2827,0.2833,16305273
2023-07-05 23:00:00,0.2833,0.2852,0.2829,0.2837,24678084
2023-07-06 00:00:00,0.2837,0.2844,0.2821,0.2826,34372210
2023-07-06 01:00:00,0.2826,0.2835,0.281,0.2834,24860265
2023-07-06 02:00:00,0.2834,0.2847,0.2828,0.2831,22143096
2023-07-06 03:00:00,0.2832,0.2853,0.2831,0.2847,25550281
2023-07-06 04:00:00,0.2847,0.2854,0.2833,0.2834,18795928
2023-07-06 05:00:00,0.2834,0.2861,0.283,0.286,26031689
2023-07-06 06:00:00,0.286,0.291,0.2849,0.2906,65303574
2023-07-06 07:00:00,0.2905,0.2919,0.2875,0.2878,51808216
2023-07-06 08:00:00,0.2879,0.2915,0.2872,0.291,43592359
2023-07-06 09:00:00,0.2911,0.2937,0.29,0.2907,66623873
2023-07-06 10:00:00,0.2907,0.2917,0.2895,0.2912,26885420
2023-07-06 11:00:00,0.2912,0.2917,0.2862,0.2875,50060621
2023-07-06 12:00:00,0.2875,0.2882,0.2829,0.2853,71434850
2023-07-06 13:00:00,0.2852,0.2868,0.2822,0.283,41328053
2023-07-06 14:00:00,0.2831,0.2839,0.2756,0.2789,146599457
2023-07-06 15:00:00,0.2788,0.2828,0.2771,0.2821,61942028
2023-07-06 16:00:00,0.2821,0.283,0.2799,0.2817,42760583
2023-07-06 17:00:00,0.2818,0.2844,0.281,0.2844,25704027
2023-07-06 18:00:00,0.2845,0.2877,0.2841,0.2861,52526689
2023-07-06 19:00:00,0.286,0.2864,0.283,0.2837,33457995
2023-07-06 20:00:00,0.2836,0.2847,0.2823,0.2831,24116119
2023-07-06 21:00:00,0.2832,0.2839,0.281,0.2825,24963903
2023-07-06 22:00:00,0.2825,0.2839,0.2813,0.2828,31778912
2023-07-06 23:00:00,0.2828,0.2831,0.2782,0.2783,76131209
2023-07-07 00:00:00,0.2782,0.2809,0.2753,0.2799,75419556
2023-07-07 01:00:00,0.2798,0.2822,0.2795,0.2818,26046798
2023-07-07 02:00:00,0.2817,0.2822,0.2807,0.282,17424559
2023-07-07 03:00:00,0.2821,0.2824,0.281,0.2817,17834271
2023-07-07 04:00:00,0.2817,0.2823,0.2786,0.2795,38636878
2023-07-07 05:00:00,0.2794,0.282,0.2784,0.2816,24735079
2023-07-07 06:00:00,0.2815,0.2819,0.2804,0.2808,19409670
2023-07-07 07:00:00,0.2808,0.282,0.2785,0.2794,34987993
2023-07-07 08:00:00,0.2793,0.2802,0.2782,0.2801,29101306
2023-07-07 09:00:00,0.2801,0.2818,0.2797,0.2817,26540317
2023-07-07 10:00:00,0.2816,0.2823,0.2806,0.2823,20218857
2023-07-07 11:00:00,0.2823,0.2834,0.2817,0.2818,27381759
2023-07-07 12:00:00,0.2819,0.2853,0.2807,0.2833,66825777
2023-07-07 13:00:00,0.2833,0.2853,0.2818,0.2847,33089107
2023-07-07 14:00:00,0.2847,0.2853,0.2828,0.2842,28748050
2023-07-07 15:00:00,0.2842,0.2846,0.2828,0.2839,20259415
2023-07-07 16:00:00,0.2838,0.2851,0.2831,0.2848,24257811
2023-07-07 17:00:00,0.2847,0.2851,0.282,0.2834,28561638
2023-07-07 18:00:00,0.2835,0.2838,0.2808,0.2813,18288474
2023-07-07 19:00:00,0.2814,0.283,0.2809,0.2828,13592343
2023-07-07 20:00:00,0.2829,0.2836,0.2824,0.2832,14409632
2023-07-07 21:00:00,0.2833,0.2844,0.2832,0.2835,10265028
2023-07-07 22:00:00,0.2836,0.2848,0.2828,0.2845,11780269
2023-07-07 23:00:00,0.2844,0.285,0.2835,0.2843,12549775
2023-07-08 00:00:00,0.2844,0.2851,0.2834,0.285,18971232
2023-07-08 01:00:00,0.285,0.2866,0.2829,0.2839,52789306
2023-07-08 02:00:00,0.284,0.2849,0.2835,0.2844,14182710
2023-07-08 03:00:00,0.2845,0.2848,0.2827,0.283,14589095
2023-07-08 04:00:00,0.2829,0.2835,0.2821,0.2833,13533117
2023-07-08 05:00:00,0.2832,0.2836,0.2813,0.283,14397767
2023-07-08 06:00:00,0.283,0.2856,0.2825,0.2852,21519630
2023-07-08 07:00:00,0.2851,0.2872,0.284,0.2844,62894064
2023-07-08 08:00:00,0.2845,0.2863,0.2841,0.2863,22779569
2023-07-08 09:00:00,0.2863,0.287,0.2855,0.2866,15764668
2023-07-08 10:00:00,0.2866,0.2869,0.2857,0.2867,12535807
2023-07-08 11:00:00,0.2866,0.287,0.2837,0.2859,23430796
2023-07-08 12:00:00,0.286,0.2868,0.2846,0.2856,18588655
2023-07-08 13:00:00,0.2855,0.2867,0.2853,0.2861,15225920
2023-07-08 14:00:00,0.2861,0.2875,0.2858,0.2866,16600052
2023-07-08 15:00:00,0.2866,0.2903,0.2866,0.2887,50341098
2023-07-08 16:00:00,0.2888,0.2915,0.2884,0.2911,34385573
2023-07-08 17:00:00,0.2912,0.2929,0.2893,0.2895,33932470
2023-07-08 18:00:00,0.2895,0.2899,0.2881,0.2891,21227661
2023-07-08 19:00:00,0.2892,0.2895,0.2865,0.2893,38291650
2023-07-08 20:00:00,0.2893,0.29,0.2874,0.2888,28603942
2023-07-08 21:00:00,0.2888,0.2892,0.2879,0.288,10461883
2023-07-08 22:00:00,0.2881,0.2898,0.2876,0.2895,14450837
2023-07-08 23:00:00,0.2895,0.2907,0.2892,0.2904,20406839
2023-07-09 00:00:00,0.2905,0.2914,0.29,0.2907,30426918
2023-07-09 01:00:00,0.2907,0.2916,0.2894,0.2901,22895927
2023-07-09 02:00:00,0.2901,0.2913,0.2893,0.291,17171450
2023-07-09 03:00:00,0.291,0.2913,0.2893,0.2898,13276122
2023-07-09 04:00:00,0.2898,0.2901,0.2878,0.2878,18178358
2023-07-09 05:00:00,0.2879,0.2884,0.2875,0.2877,17672059
2023-07-09 06:00:00,0.2877,0.288,0.2863,0.2865,15546720
2023-07-09 07:00:00,0.2865,0.2872,0.2851,0.286,21194108
2023-07-09 08:00:00,0.2861,0.2868,0.2856,0.2866,12482570
2023-07-09 09:00:00,0.2866,0.2868,0.2858,0.2865,9043775
2023-07-09 10:00:00,0.2864,0.2868,0.2856,0.2857,13614260
2023-07-09 11:00:00,0.2856,0.2868,0.2853,0.2863,17632833
2023-07-09 12:00:00,0.2863,0.2879,0.2858,0.2875,20957057
2023-07-09 13:00:00,0.2874,0.2877,0.286,0.2861,15054044
2023-07-09 14:00:00,0.286,0.2883,0.2845,0.2871,75976041
2023-07-09 15:00:00,0.2871,0.2877,0.2857,0.286,24414712
2023-07-09 16:00:00,0.2861,0.2863,0.285,0.2851,16073311
2023-07-09 17:00:00,0.2851,0.2858,0.2843,0.2857,13548292
2023-07-09 18:00:00,0.2856,0.2859,0.2848,0.2849,11205785
2023-07-09 19:00:00,0.285,0.2853,0.2836,0.285,16039243
2023-07-09 20:00:00,0.2849,0.2853,0.2829,0.2845,18429637
2023-07-09 21:00:00,0.2844,0.2848,0.2833,0.284,10548921
2023-07-09 22:00:00,0.284,0.2853,0.2827,0.2851,21312242
2023-07-09 23:00:00,0.2852,0.2854,0.2834,0.2842,13425744
2023-07-10 00:00:00,0.2842,0.2845,0.2776,0.2806,118530264
2023-07-10 01:00:00,0.2806,0.2813,0.2793,0.2795,32509748
2023-07-10 02:00:00,0.2796,0.285,0.2795,0.2849,30826458
2023-07-10 03:00:00,0.2848,0.2859,0.2837,0.284,21940065
2023-07-10 04:00:00,0.284,0.2864,0.2836,0.2855,26781988
2023-07-10 05:00:00,0.2855,0.2862,0.2826,0.2828,26184138
2023-07-10 06:00:00,0.2827,0.2832,0.2813,0.2818,22681228
2023-07-10 07:00:00,0.2817,0.2832,0.2816,0.283,19528220
2023-07-10 08:00:00,0.283,0.2834,0.2799,0.2822,36081245
2023-07-10 09:00:00,0.2821,0.2863,0.2815,0.2851,56120742
2023-07-10 10:00:00,0.2851,0.2859,0.2846,0.2852,20368265
2023-07-10 11:00:00,0.2852,0.2857,0.2842,0.2849,19950508
2023-07-10 12:00:00,0.2849,0.289,0.2848,0.2851,63846152
2023-07-10 13:00:00,0.2851,0.2873,0.2846,0.2857,32400898
2023-07-10 14:00:00,0.2858,0.2876,0.2857,0.287,28907224
2023-07-10 15:00:00,0.2869,0.288,0.2864,0.2877,27938021
2023-07-10 16:00:00,0.2877,0.2883,0.2859,0.2872,21798015
2023-07-10 17:00:00,0.2872,0.2883,0.2866,0.2879,22123632
2023-07-10 18:00:00,0.2878,0.291,0.2868,0.2901,70183529
2023-07-10 19:00:00,0.2902,0.2914,0.2889,0.2912,43255106
2023-07-10 20:00:00,0.2913,0.2926,0.2895,0.2903,44295425
2023-07-10 21:00:00,0.2903,0.2908,0.2871,0.2874,24704434
2023-07-10 22:00:00,0.2874,0.2882,0.2861,0.2878,39467274
2023-07-10 23:00:00,0.2878,0.2887,0.2871,0.2876,18659840
2023-07-11 00:00:00,0.2876,0.2906,0.2873,0.2903,46591392
2023-07-11 01:00:00,0.2904,0.291,0.2891,0.2902,25734794
2023-07-11 02:00:00,0.2902,0.2913,0.2886,0.2893,26901549
2023-07-11 03:00:00,0.2893,0.2903,0.2886,0.2901,22021671
2023-07-11 04:00:00,0.2902,0.2907,0.2893,0.2895,12017832
2023-07-11 05:00:00,0.2894,0.2901,0.2892,0.2898,14486966
2023-07-11 06:00:00,0.2899,0.2929,0.2895,0.2928,43018663
2023-07-11 07:00:00,0.2928,0.2939,0.2913,0.2914,48292811
2023-07-11 08:00:00,0.2915,0.2934,0.2911,0.2918,21839762
2023-07-11 09:00:00,0.2917,0.2918,0.2894,0.2906,34206915
2023-07-11 10:00:00,0.2906,0.2909,0.2894,0.2897,13579607
2023-07-11 11:00:00,0.2897,0.2918,0.2897,0.2911,19607737
2023-07-11 12:00:00,0.2911,0.2922,0.2906,0.292,17524261
2023-07-11 13:00:00,0.2919,0.2923,0.2903,0.2908,19741499
2023-07-11 14:00:00,0.2908,0.2923,0.2896,0.2915,26066512
2023-07-11 15:00:00,0.2915,0.2925,0.2896,0.2904,29263680
2023-07-11 16:00:00,0.2904,0.2921,0.29,0.2912,20337886
2023-07-11 17:00:00,0.2912,0.2915,0.2899,0.2901,16377257
2023-07-11 18:00:00,0.29,0.2908,0.289,0.2898,20931326
2023-07-11 19:00:00,0.2899,0.2901,0.2881,0.2895,48784124
2023-07-11 20:00:00,0.2896,0.2907,0.2895,0.2901,14064651
2023-07-11 21:00:00,0.2901,0.2912,0.2899,0.2908,12439508
2023-07-11 22:00:00,0.2907,0.292,0.2904,0.2919,14279401
2023-07-11 23:00:00,0.292,0.2931,0.2918,0.2927,19490279
2023-07-12 00:00:00,0.2927,0.2954,0.2921,0.2937,46119945
2023-07-12 01:00:00,0.2937,0.2953,0.2932,0.2937,25727358
2023-07-12 02:00:00,0.2938,0.2941,0.2926,0.293,17680936
2023-07-12 03:00:00,0.2929,0.294,0.2922,0.2931,13746246
2023-07-12 04:00:00,0.2931,0.2942,0.2923,0.2939,11637210
2023-07-12 05:00:00,0.2938,0.2944,0.2932,0.2934,13035387
2023-07-12 06:00:00,0.2934,0.2946,0.2926,0.2938,22507623
2023-07-12 07:00:00,0.2938,0.2945,0.2931,0.2934,17573920
2023-07-12 08:00:00,0.2934,0.2937,0.2919,0.2927,15922216
2023-07-12 09:00:00,0.2926,0.2933,0.2923,0.2929,12468334
2023-07-12 10:00:00,0.2929,0.2932,0.2914,0.2921,14283497
2023-07-12 11:00:00,0.2921,0.2929,0.2917,0.2924,12443554
2023-07-12 12:00:00,0.2923,0.295,0.2908,0.2928,68830826
2023-07-12 13:00:00,0.2929,0.2939,0.2899,0.2917,49310132
2023-07-12 14:00:00,0.2918,0.2936,0.2915,0.2925,25238622
2023-07-12 15:00:00,0.2925,0.2935,0.29,0.2905,29262923
2023-07-12 16:00:00,0.2905,0.2906,0.2876,0.2895,41658354
2023-07-12 17:00:00,0.2895,0.29,0.2887,0.2889,17543607
2023-07-12 18:00:00,0.2888,0.2896,0.2887,0.2892,17148013
2023-07-12 19:00:00,0.2892,0.2893,0.2845,0.2859,54880073
2023-07-12 20:00:00,0.286,0.2876,0.2854,0.2873,18649421
2023-07-12 21:00:00,0.2872,0.2875,0.2862,0.2873,9925225
2023-07-12 22:00:00,0.2872,0.2877,0.2867,0.2875,10025837
2023-07-12 23:00:00,0.2876,0.2888,0.2874,0.2888,13162810
2023-07-13 00:00:00,0.2888,0.2888,0.2866,0.2868,16153542
2023-07-13 01:00:00,0.2868,0.2877,0.2855,0.2875,19232612
2023-07-13 02:00:00,0.2876,0.2878,0.2864,0.2867,10961463
2023-07-13 03:00:00,0.2867,0.287,0.2858,0.2865,14181673
2023-07-13 04:00:00,0.2865,0.2874,0.2857,0.2869,11957097
2023-07-13 05:00:00,0.2869,0.2873,0.2863,0.287,9195868
2023-07-13 06:00:00,0.2871,0.2878,0.2864,0.2871,21559385
2023-07-13 07:00:00,0.2872,0.2881,0.286,0.2861,18404998
2023-07-13 08:00:00,0.2862,0.2871,0.2858,0.2867,16314270
2023-07-13 09:00:00,0.2867,0.289,0.2866,0.2886,33989179
2023-07-13 10:00:00,0.2886,0.2892,0.288,0.289,24711052
2023-07-13 11:00:00,0.289,0.2894,0.2884,0.2887,13691464
2023-07-13 12:00:00,0.2887,0.2898,0.2875,0.2885,35896518
2023-07-13 13:00:00,0.2884,0.29,0.2878,0.2897,19858172
2023-07-13 14:00:00,0.2897,0.2898,0.288,0.2889,20670462
2023-07-13 15:00:00,0.2888,0.3139,0.2878,0.3113,380212030
2023-07-13 16:00:00,0.3113,0.319,0.3099,0.3182,313638440
2023-07-13 17:00:00,0.3182,0.333,0.3176,0.3311,320847446
2023-07-13 18:00:00,0.331,0.3681,0.3299,0.3376,532698009
2023-07-13 19:00:00,0.3376,0.3503,0.3368,0.3479,214653648
2023-07-13 20:00:00,0.3479,0.3499,0.3386,0.34,159518163
2023-07-13 21:00:00,0.3399,0.3427,0.3354,0.3373,114136122
2023-07-13 22:00:00,0.3374,0.3465,0.3373,0.3455,107543918
2023-07-13 23:00:00,0.3455,0.3602,0.3448,0.3565,181434497
2023-07-14 00:00:00,0.3566,0.3795,0.3563,0.3665,418076600
2023-07-14 01:00:00,0.3665,0.3668,0.3537,0.3587,161812038
2023-07-14 02:00:00,0.3588,0.3623,0.3551,0.3615,70891008
2023-07-14 03:00:00,0.3615,0.363,0.3576,0.3614,49480194
2023-07-14 04:00:00,0.3615,0.3669,0.3602,0.3614,66740403
2023-07-14 05:00:00,0.3615,0.3616,0.3568,0.3591,46211960
2023-07-14 06:00:00,0.359,0.3642,0.3586,0.3619,52718551
2023-07-14 07:00:00,0.3618,0.3625,0.3511,0.3526,101007370
2023-07-14 08:00:00,0.3527,0.3551,0.3521,0.3525,58119523
2023-07-14 09:00:00,0.3525,0.3527,0.3441,0.3474,161236586
2023-07-14 10:00:00,0.3474,0.3516,0.3472,0.35,64838629
2023-07-14 11:00:00,0.3499,0.3524,0.3486,0.3511,51835177
2023-07-14 12:00:00,0.3511,0.3515,0.3443,0.346,59090525
2023-07-14 13:00:00,0.3459,0.3511,0.3442,0.3508,61635150
2023-07-14 14:00:00,0.3508,0.3516,0.3469,0.3485,53565545
2023-07-14 15:00:00,0.3484,0.3499,0.3461,0.3474,45140488
2023-07-14 16:00:00,0.3475,0.3478,0.3364,0.3412,147983059
2023-07-14 17:00:00,0.3411,0.3413,0.3304,0.3311,172698920
2023-07-14 18:00:00,0.3311,0.3338,0.3159,0.3201,247636781
2023-07-14 19:00:00,0.3201,0.325,0.3172,0.3214,116096966
2023-07-14 20:00:00,0.3213,0.3252,0.3182,0.3227,59642968
2023-07-14 21:00:00,0.3227,0.3252,0.3223,0.325,31279622
2023-07-14 22:00:00,0.3251,0.3264,0.3233,0.3251,28529174
2023-07-14 23:00:00,0.3251,0.33,0.3249,0.3279,42853601
2023-07-15 00:00:00,0.3279,0.3279,0.3244,0.326,45320243
2023-07-15 01:00:00,0.3261,0.3279,0.3242,0.3267,34089378
2023-07-15 02:00:00,0.3267,0.328,0.325,0.3271,23588562
2023-07-15 03:00:00,0.3271,0.3281,0.3239,0.3262,44722844
2023-07-15 04:00:00,0.3263,0.3296,0.3261,0.329,26838539
2023-07-15 05:00:00,0.3289,0.3306,0.327,0.3302,29261154
2023-07-15 06:00:00,0.3301,0.3347,0.3295,0.3337,62065533
2023-07-15 07:00:00,0.3336,0.3362,0.3329,0.3346,46528711
2023-07-15 08:00:00,0.3345,0.3374,0.3338,0.3354,35402503
2023-07-15 09:00:00,0.3354,0.3355,0.3335,0.3343,28143700
2023-07-15 10:00:00,0.3344,0.3363,0.3335,0.3339,29783260
2023-07-15 11:00:00,0.3339,0.3349,0.3321,0.3322,32389739
2023-07-15 12:00:00,0.3322,0.3351,0.3321,0.3339,24137219
2023-07-15 13:00:00,0.3338,0.3343,0.3312,0.3329,35026462
2023-07-15 14:00:00,0.3329,0.3339,0.329,0.3298,37167763
2023-07-15 15:00:00,0.3298,0.3317,0.3285,0.3307,29103311
2023-07-15 16:00:00,0.3307,0.331,0.328,0.3288,31503076
2023-07-15 17:00:00,0.3288,0.3303,0.328,0.3284,19113907
2023-07-15 18:00:00,0.3285,0.3322,0.3283,0.3307,29559637
2023-07-15 19:00:00,0.3306,0.3319,0.329,0.3291,21945108
2023-07-15 20:00:00,0.3292,0.3293,0.3269,0.3273,26317967
2023-07-15 21:00:00,0.3273,0.3274,0.324,0.3259,29423566
2023-07-15 22:00:00,0.326,0.3264,0.3245,0.3252,21216907
2023-07-15 23:00:00,0.3251,0.326,0.3247,0.3257,17764982
2023-07-16 00:00:00,0.3258,0.3276,0.3242,0.3253,31254420
2023-07-16 01:00:00,0.3253,0.327,0.322,0.3223,36199589
2023-07-16 02:00:00,0.3223,0.3235,0.3163,0.3209,76585819
2023-07-16 03:00:00,0.3209,0.3211,0.3188,0.32,26703803
2023-07-16 04:00:00,0.3199,0.3206,0.3189,0.3199,18107630
2023-07-16 05:00:00,0.3199,0.3211,0.319,0.3202,17091260
2023-07-16 06:00:00,0.3202,0.3203,0.317,0.3181,36246012
2023-07-16 07:00:00,0.3181,0.3209,0.3178,0.3206,26853908
2023-07-16 08:00:00,0.3205,0.3212,0.3195,0.3198,20239656
2023-07-16 09:00:00,0.3197,0.3216,0.3196,0.3203,20921337
2023-07-16 10:00:00,0.3202,0.3261,0.3198,0.3211,106704674
2023-07-16 11:00:00,0.3211,0.3231,0.3207,0.3223,33818632
2023-07-16 12:00:00,0.3222,0.3237,0.3204,0.3211,29339921
2023-07-16 13:00:00,0.3211,0.3215,0.3184,0.3204,33387768
2023-07-16 14:00:00,0.3204,0.3242,0.3196,0.3223,58569479
2023-07-16 15:00:00,0.3222,0.3225,0.3193,0.321,30439683
2023-07-16 16:00:00,0.321,0.321,0.3186,0.3194,26222220
2023-07-16 17:00:00,0.3194,0.3229,0.319,0.3211,32659548
2023-07-16 18:00:00,0.3212,0.3228,0.3179,0.3189,41912561
2023-07-16 19:00:00,0.3188,0.3198,0.314,0.3148,47468653
2023-07-16 20:00:00,0.3148,0.3168,0.3129,0.3157,39605242
2023-07-16 21:00:00,0.3158,0.3188,0.3157,0.3166,15149503
2023-07-16 22:00:00,0.3166,0.3195,0.3164,0.3167,20321840
2023-07-16 23:00:00,0.3167,0.3172,0.3113,0.3141,42290127
2023-07-17 00:00:00,0.3141,0.3161,0.3115,0.3134,41972929
2023-07-17 01:00:00,0.3134,0.318,0.3125,0.3174,22039031
2023-07-17 02:00:00,0.3173,0.3178,0.3155,0.3156,20585649
2023-07-17 03:00:00,0.3156,0.3185,0.3153,0.3182,15108050
2023-07-17 04:00:00,0.3182,0.319,0.3162,0.3185,20044926
2023-07-17 05:00:00,0.3186,0.3196,0.3165,0.3168,28836790
2023-07-17 06:00:00,0.3167,0.3184,0.3159,0.3182,16999954
2023-07-17 07:00:00,0.3182,0.3182,0.3159,0.3166,18187041
2023-07-17 08:00:00,0.3167,0.3188,0.315,0.3157,26852934
2023-07-17 09:00:00,0.3157,0.3166,0.3101,0.3116,63617364
2023-07-17 10:00:00,0.3116,0.3135,0.3051,0.311,92896482
2023-07-17 11:00:00,0.311,0.3133,0.3108,0.3111,28776518
2023-07-17 12:00:00,0.3112,0.3134,0.3082,0.3131,47166799
2023-07-17 13:00:00,0.313,0.316,0.3118,0.3153,33133837
2023-07-17 14:00:00,0.3154,0.316,0.3134,0.3148,22346880
2023-07-17 15:00:00,0.3148,0.3152,0.3116,0.3132,30996849
2023-07-17 16:00:00,0.3132,0.316,0.3103,0.3123,55362924
2023-07-17 17:00:00,0.3123,0.3134,0.307,0.3093,64340106
2023-07-17 18:00:00,0.3093,0.31,0.3052,0.3077,52318734
2023-07-17 19:00:00,0.3078,0.3112,0.3066,0.3097,26274180
2023-07-17 20:00:00,0.3097,0.311,0.3075,0.3083,17631344
2023-07-17 21:00:00,0.3083,0.3134,0.3079,0.3131,24109777
2023-07-17 22:00:00,0.3131,0.3137,0.3112,0.3116,24365301
2023-07-17 23:00:00,0.3116,0.313,0.311,0.3118,17795270
2023-07-18 00:00:00,0.3118,0.3141,0.3105,0.3124,25662086
2023-07-18 01:00:00,0.3125,0.3135,0.3117,0.3129,21498589
2023-07-18 02:00:00,0.313,0.3131,0.3094,0.3099,23429529
2023-07-18 03:00:00,0.3098,0.3107,0.3087,0.3094,16590591
2023-07-18 04:00:00,0.3093,0.3102,0.3079,0.3089,20987372
2023-07-18 05:00:00,0.3089,0.3101,0.3075,0.3083,47943159
2023-07-18 06:00:00,0.3082,0.3095,0.3041,0.3061,75167374
2023-07-18 07:00:00,0.3061,0.3069,0.3052,0.3063,27933879
2023-07-18 08:00:00,0.3063,0.3085,0.3035,0.3067,54387197
2023-07-18 09:00:00,0.3068,0.308,0.3058,0.3061,23147467
2023-07-18 10:00:00,0.306,0.3085,0.3054,0.3078,23737580
2023-07-18 11:00:00,0.3078,0.309,0.3023,0.3033,61458255
2023-07-18 12:00:00,0.3034,0.3064,0.3016,0.305,66658648
2023-07-18 13:00:00,0.3049,0.3053,0.3029,0.3042,38858999
2023-07-18 14:00:00,0.3042,0.3064,0.3033,0.3054,39340038
2023-07-18 15:00:00,0.3053,0.3054,0.303,0.3047,28319963
2023-07-18 16:00:00,0.3047,0.3064,0.2985,0.3024,82430869
2023-07-18 17:00:00,0.3024,0.3044,0.3018,0.3042,29020639
2023-07-18 18:00:00,0.3043,0.3071,0.3038,0.3068,33304811
2023-07-18 19:00:00,0.3067,0.3079,0.3032,0.3037,27872107
2023-07-18 20:00:00,0.3036,0.3046,0.3016,0.3027,22093122
2023-07-18 21:00:00,0.3026,0.3047,0.3022,0.304,15398276
2023-07-18 22:00:00,0.304,0.3058,0.3033,0.3057,14366734
2023-07-18 23:00:00,0.3057,0.3094,0.3044,0.3092,31189223
2023-07-19 00:00:00,0.3093,0.3156,0.3066,0.3149,74847507
2023-07-19 01:00:00,0.3148,0.3175,0.3136,0.3158,62546552
2023-07-19 02:00:00,0.3158,0.3194,0.3146,0.3181,46437003
2023-07-19 03:00:00,0.318,0.3237,0.3179,0.32,101183896
2023-07-19 04:00:00,0.3199,0.3204,0.3171,0.3189,60845330
2023-07-19 05:00:00,0.319,0.3201,0.318,0.3195,30837568
2023-07-19 06:00:00,0.3194,0.3201,0.3153,0.3166,62531957
2023-07-19 07:00:00,0.3166,0.3176,0.3145,0.3157,36596168
2023-07-19 08:00:00,0.3157,0.316,0.3125,0.3134,57114098
2023-07-19 09:00:00,0.3133,0.3171,0.3123,0.317,52162801
2023-07-19 10:00:00,0.317,0.3179,0.3158,0.3161,30926709
2023-07-19 11:00:00,0.3161,0.3173,0.3145,0.3168,28457898
2023-07-19 12:00:00,0.3168,0.3178,0.3134,0.3158,38487818
2023-07-19 13:00:00,0.3157,0.3187,0.3138,0.3159,53580742
2023-07-19 14:00:00,0.3159,0.3166,0.3104,0.3114,70537457
2023-07-19 15:00:00,0.3115,0.3132,0.3105,0.3126,43009898
2023-07-19 16:00:00,0.3127,0.3129,0.31,0.3108,37967136
2023-07-19 17:00:00,0.3108,0.3183,0.31,0.3161,74820846
2023-07-19 18:00:00,0.3161,0.3249,0.3158,0.3247,117241468
2023-07-19 19:00:00,0.3247,0.3259,0.3224,0.324,84948885
2023-07-19 20:00:00,0.324,0.3247,0.3216,0.322,48746654
2023-07-19 21:00:00,0.322,0.326,0.3192,0.3246,59847050
2023-07-19 22:00:00,0.3246,0.3249,0.3202,0.3215,48004198
2023-07-19 23:00:00,0.3215,0.325,0.32,0.3224,43420919
2023-07-20 00:00:00,0.3224,0.332,0.3213,0.3252,239191326
2023-07-20 01:00:00,0.3251,0.3291,0.3241,0.328,53197656
2023-07-20 02:00:00,0.328,0.3317,0.3274,0.3308,58165612
2023-07-20 03:00:00,0.3307,0.3319,0.3266,0.3276,50163636
2023-07-20 04:00:00,0.3277,0.3291,0.3259,0.3261,30356140
2023-07-20 05:00:00,0.3262,0.3303,0.326,0.3295,36735239
2023-07-20 06:00:00,0.3295,0.3299,0.3243,0.3251,41016403
2023-07-20 07:00:00,0.3251,0.326,0.3238,0.3254,33942619
2023-07-20 08:00:00,0.3255,0.3271,0.3248,0.3252,34850819
2023-07-20 09:00:00,0.3253,0.3255,0.3226,0.3246,43448547
2023-07-20 10:00:00,0.3247,0.3277,0.3241,0.3255,43486877
2023-07-20 11:00:00,0.3255,0.3267,0.3247,0.3251,27543779
2023-07-20 12:00:00,0.3251,0.3258,0.3232,0.3246,32076231
2023-07-20 13:00:00,0.3246,0.3279,0.323,0.3274,38293136
2023-07-20 14:00:00,0.3274,0.3276,0.316,0.3193,121339509
2023-07-20 15:00:00,0.3193,0.3207,0.317,0.3175,48604614
2023-07-20 16:00:00,0.3176,0.3194,0.3153,0.3164,48727735
2023-07-20 17:00:00,0.3163,0.3172,0.3155,0.316,24402801
2023-07-20 18:00:00,0.3161,0.3164,0.3128,0.3153,47018052
2023-07-20 19:00:00,0.3152,0.3175,0.3151,0.3166,23737028
2023-07-20 20:00:00,0.3166,0.3169,0.3135,0.3157,25738421
2023-07-20 21:00:00,0.3158,0.3188,0.3155,0.3183,24886420
2023-07-20 22:00:00,0.3183,0.3184,0.316,0.3168,20412264
2023-07-20 23:00:00,0.3168,0.3172,0.3155,0.3159,15773366
2023-07-21 00:00:00,0.3159,0.3163,0.3126,0.314,32476854
2023-07-21 01:00:00,0.3139,0.3166,0.3132,0.3159,24612624
2023-07-21 02:00:00,0.3159,0.3181,0.315,0.3177,21354687
2023-07-21 03:00:00,0.3177,0.3183,0.3163,0.3168,16263150
2023-07-21 04:00:00,0.3169,0.3172,0.3152,0.3154,17754888
2023-07-21 05:00:00,0.3154,0.3157,0.3134,0.3138,17722924
2023-07-21 06:00:00,0.3138,0.3154,0.3132,0.3144,16072184
2023-07-21 07:00:00,0.3144,0.3146,0.3113,0.312,27941981
2023-07-21 08:00:00,0.312,0.3129,0.3114,0.3119,21338433
2023-07-21 09:00:00,0.3118,0.3134,0.3102,0.3104,29125857
2023-07-21 10:00:00,0.3105,0.313,0.3103,0.3119,22373357
2023-07-21 11:00:00,0.3119,0.3132,0.3114,0.313,17104109
2023-07-21 12:00:00,0.313,0.315,0.3129,0.3147,24411459
2023-07-21 13:00:00,0.3146,0.3154,0.3137,0.314,30357805
2023-07-21 14:00:00,0.314,0.315,0.3131,0.3148,21461895
2023-07-21 15:00:00,0.3148,0.3154,0.3136,0.3137,13644518
2023-07-21 16:00:00,0.3138,0.3141,0.3123,0.3137,20912068
2023-07-21 17:00:00,0.3136,0.3159,0.3131,0.3159,24482812
2023-07-21 18:00:00,0.3158,0.3174,0.3155,0.3159,25653846
2023-07-21 19:00:00,0.3159,0.316,0.3114,0.3138,34154699
2023-07-21 20:00:00,0.3139,0.314,0.3128,0.3134,12393935
2023-07-21 21:00:00,0.3135,0.3136,0.3116,0.3122,11093800
2023-07-21 22:00:00,0.3122,0.3142,0.3121,0.3131,15120101
2023-07-21 23:00:00,0.313,0.3137,0.3125,0.3125,9501766
2023-07-22 00:00:00,0.3126,0.3149,0.3123,0.3144,13860223
2023-07-22 01:00:00,0.3143,0.3146,0.3118,0.3119,12729558
2023-07-22 02:00:00,0.312,0.314,0.3118,0.3136,9992703
2023-07-22 03:00:00,0.3136,0.3143,0.3128,0.3132,12307613
2023-07-22 04:00:00,0.3131,0.3141,0.3127,0.313,7679263
2023-07-22 05:00:00,0.3131,0.3134,0.3118,0.3127,13166943
2023-07-22 06:00:00,0.3127,0.3128,0.3118,0.3122,8059883
2023-07-22 07:00:00,0.3122,0.3131,0.3118,0.3127,12018040
2023-07-22 08:00:00,0.3127,0.3139,0.3124,0.3129,11881178
2023-07-22 09:00:00,0.313,0.313,0.3107,0.3114,12590517
2023-07-22 10:00:00,0.3113,0.3114,0.306,0.31,68923999
2023-07-22 11:00:00,0.31,0.3118,0.3097,0.3113,18717268
2023-07-22 12:00:00,0.3113,0.3123,0.3107,0.311,12837672
2023-07-22 13:00:00,0.3111,0.3124,0.311,0.3118,12969239
2023-07-22 14:00:00,0.3118,0.313,0.3117,0.3118,11983916
2023-07-22 15:00:00,0.3117,0.3136,0.3114,0.3136,12725873
2023-07-22 16:00:00,0.3135,0.3136,0.3123,0.3132,10094658
2023-07-22 17:00:00,0.3132,0.3136,0.3118,0.3124,9059705
2023-07-22 18:00:00,0.3124,0.3125,0.3096,0.3109,22374382
2023-07-22 19:00:00,0.311,0.3122,0.3101,0.3115,11722540
2023-07-22 20:00:00,0.3115,0.3133,0.3108,0.312,15201915
2023-07-22 21:00:00,0.3119,0.3125,0.3111,0.3121,6912745
2023-07-22 22:00:00,0.3121,0.3128,0.3111,0.3115,7505959
2023-07-22 23:00:00,0.3116,0.3117,0.3058,0.3099,50699460
2023-07-23 00:00:00,0.3098,0.3101,0.3069,0.3094,22662987
2023-07-23 01:00:00,0.3093,0.3143,0.3093,0.3137,34503854
2023-07-23 02:00:00,0.3137,0.3175,0.3129,0.3145,29432022
2023-07-23 03:00:00,0.3145,0.3161,0.3142,0.3149,15148272
2023-07-23 04:00:00,0.3149,0.3162,0.3146,0.3152,16517639
2023-07-23 05:00:00,0.3152,0.3167,0.3148,0.3162,14824449
2023-07-23 06:00:00,0.3162,0.3167,0.314,0.3143,14798155
2023-07-23 07:00:00,0.3144,0.316,0.3141,0.3157,11205796
2023-07-23 08:00:00,0.3158,0.3169,0.315,0.3161,15855680
2023-07-23 09:00:00,0.3161,0.3165,0.3149,0.3149,10373332
2023-07-23 10:00:00,0.315,0.3164,0.3146,0.3152,9943940
2023-07-23 11:00:00,0.3153,0.3154,0.3141,0.3144,9010101
2023-07-23 12:00:00,0.3145,0.3152,0.3134,0.3141,12902741
2023-07-23 13:00:00,0.3141,0.316,0.3135,0.3148,15302972
2023-07-23 14:00:00,0.3148,0.3152,0.3139,0.3146,7517206
2023-07-23 15:00:00,0.3147,0.3151,0.3137,0.3143,7485284
2023-07-23 16:00:00,0.3143,0.3162,0.3141,0.3153,15589134
2023-07-23 17:00:00,0.3154,0.3177,0.3153,0.3173,18300872
2023-07-23 18:00:00,0.3174,0.3183,0.3168,0.318,21643117
2023-07-23 19:00:00,0.318,0.319,0.3149,0.3162,23523262
2023-07-23 20:00:00,0.3163,0.3176,0.3162,0.3175,11240762
2023-07-23 21:00:00,0.3175,0.3177,0.3148,0.3152,12653525
2023-07-23 22:00:00,0.3152,0.3161,0.3149,0.3152,8777026
2023-07-23 23:00:00,0.3153,0.3173,0.3152,0.3169,11423114
2023-07-24 00:00:00,0.3169,0.3188,0.3161,0.3172,21472795
2023-07-24 01:00:00,0.3172,0.3173,0.3136,0.3144,28290816
2023-07-24 02:00:00,0.3144,0.3146,0.3116,0.3129,27253148
2023-07-24 03:00:00,0.3129,0.3134,0.3112,0.3117,17056880
2023-07-24 04:00:00,0.3117,0.3129,0.3095,0.3127,25672405
2023-07-24 05:00:00,0.3126,0.3141,0.3124,0.314,12572272
2023-07-24 06:00:00,0.314,0.3142,0.3125,0.3125,10863308
2023-07-24 07:00:00,0.3126,0.3153,0.3121,0.3148,28467643
2023-07-24 08:00:00,0.3148,0.3149,0.3132,0.3134,21281478
2023-07-24 09:00:00,0.3135,0.3142,0.3,0.3043,94488209
2023-07-24 10:00:00,0.3042,0.3077,0.3029,0.3075,57006904
2023-07-24 11:00:00,0.3074,0.3084,0.3057,0.306,30491212
2023-07-24 12:00:00,0.3061,0.3076,0.3048,0.307,53040030
2023-07-24 13:00:00,0.3069,0.3075,0.3052,0.3072,21098248
2023-07-24 14:00:00,0.3071,0.3074,0.3026,0.3031,44954687
2023-07-24 15:00:00,0.3031,0.3041,0.2997,0.3025,84911653
2023-07-24 16:00:00,0.3026,0.3034,0.3003,0.3034,31709792
2023-07-24 17:00:00,0.3034,0.3043,0.302,0.3036,18285299
2023-07-24 18:00:00,0.3035,0.3058,0.3028,0.3053,18724205
2023-07-24 19:00:00,0.3053,0.3057,0.3029,0.3031,15564002
2023-07-24 20:00:00,0.3032,0.3043,0.3023,0.304,14829906
2023-07-24 21:00:00,0.3041,0.3061,0.3038,0.3056,16657323
2023-07-24 22:00:00,0.3056,0.3059,0.3038,0.3049,12152329
2023-07-24 23:00:00,0.3048,0.3056,0.3046,0.305,10065063
2023-07-25 00:00:00,0.305,0.3059,0.3033,0.3043,18396110
2023-07-25 01:00:00,0.3043,0.3047,0.3035,0.304,16604660
2023-07-25 02:00:00,0.3039,0.306,0.3038,0.3046,15792956
2023-07-25 03:00:00,0.3047,0.3049,0.3023,0.303,17877649
2023-07-25 04:00:00,0.3031,0.3038,0.3023,0.3028,13706985
2023-07-25 05:00:00,0.3028,0.3051,0.3025,0.3042,13802318
2023-07-25 06:00:00,0.3042,0.3047,0.3022,0.3035,17765703
2023-07-25 07:00:00,0.3036,0.3046,0.3019,0.3032,23976823
2023-07-25 08:00:00,0.3033,0.305,0.3024,0.305,20654459
2023-07-25 09:00:00,0.305,0.3067,0.304,0.3051,26340723
2023-07-25 10:00:00,0.3051,0.3053,0.3039,0.3041,13023981
2023-07-25 11:00:00,0.3041,0.3043,0.3028,0.303,16931513
2023-07-25 12:00:00,0.3031,0.3046,0.3027,0.3036,27901669
2023-07-25 13:00:00,0.3037,0.3062,0.3023,0.3062,48584074
2023-07-25 14:00:00,0.3061,0.3078,0.3028,0.3035,49992462
2023-07-25 15:00:00,0.3035,0.3048,0.3033,0.3043,18330464
2023-07-25 16:00:00,0.3043,0.3056,0.3035,0.3044,26276979
2023-07-25 17:00:00,0.3044,0.3052,0.3029,0.3049,24333503
2023-07-25 18:00:00,0.3049,0.3057,0.3037,0.3039,22627810
2023-07-25 19:00:00,0.3038,0.3043,0.3025,0.3029,14980221
2023-07-25 20:00:00,0.3028,0.3033,0.3012,0.3027,30129780
2023-07-25 21:00:00,0.3028,0.3039,0.3027,0.3034,10019261
2023-07-25 22:00:00,0.3034,0.3048,0.3034,0.3039,14221869
2023-07-25 23:00:00,0.3039,0.3047,0.3033,0.3036,12116417
2023-07-26 00:00:00,0.3036,0.3041,0.302,0.3027,20233109
2023-07-26 01:00:00,0.3027,0.3034,0.3005,0.302,27123052
2023-07-26 02:00:00,0.302,0.3037,0.3007,0.3035,18516571
2023-07-26 03:00:00,0.3036,0.3053,0.303,0.3033,28564122
2023-07-26 04:00:00,0.3034,0.3034,0.3015,0.3017,15691249
2023-07-26 05:00:00,0.3016,0.3034,0.3009,0.3033,48091531
2023-07-26 06:00:00,0.3033,0.3034,0.3003,0.3009,27648377
2023-07-26 07:00:00,0.3009,0.3019,0.3007,0.3016,15379338
2023-07-26 08:00:00,0.3016,0.3028,0.3015,0.3018,13481155
2023-07-26 09:00:00,0.3019,0.3026,0.3,0.301,24966570
2023-07-26 10:00:00,0.301,0.3019,0.3003,0.3011,15816047
2023-07-26 11:00:00,0.301,0.3016,0.3006,0.3011,10615570
2023-07-26 12:00:00,0.3012,0.3027,0.3006,0.3026,18161672
2023-07-26 13:00:00,0.3026,0.3036,0.3016,0.3026,17920875
2023-07-26 14:00:00,0.3026,0.3046,0.3021,0.304,29045517
2023-07-26 15:00:00,0.304,0.3056,0.3037,0.3054,20280763
2023-07-26 16:00:00,0.3054,0.306,0.3036,0.3043,24345140
2023-07-26 17:00:00,0.3043,0.3051,0.3028,0.3033,22129848
2023-07-26 18:00:00,0.3034,0.3093,0.3031,0.307,104107702
2023-07-26 19:00:00,0.307,0.3073,0.3029,0.3071,45763717
2023-07-26 20:00:00,0.3071,0.3103,0.3067,0.3084,41532448
2023-07-26 21:00:00,0.3085,0.3107,0.3069,0.3072,24852934
2023-07-26 22:00:00,0.3071,0.3075,0.306,0.3071,13773006
2023-07-26 23:00:00,0.3071,0.3081,0.3055,0.3065,15592276
2023-07-27 00:00:00,0.3065,0.3071,0.3051,0.306,15457608
2023-07-27 01:00:00,0.306,0.3083,0.3055,0.308,12025226
2023-07-27 02:00:00,0.3079,0.3096,0.3072,0.3094,16572744
2023-07-27 03:00:00,0.3094,0.3111,0.3091,0.31,14216579
2023-07-27 04:00:00,0.3099,0.3131,0.3099,0.312,20135299
2023-07-27 05:00:00,0.312,0.3131,0.3114,0.312,19288838
2023-07-27 06:00:00,0.312,0.3123,0.3101,0.3104,15615988
2023-07-27 07:00:00,0.3103,0.3116,0.3101,0.3107,13430067
2023-07-27 08:00:00,0.3107,0.3124,0.3101,0.3118,15329200
2023-07-27 09:00:00,0.3119,0.3133,0.3116,0.3123,17598169
2023-07-27 10:00:00,0.3122,0.3125,0.3101,0.3105,15226546
2023-07-27 11:00:00,0.3105,0.311,0.31,0.3106,10410922
2023-07-27 12:00:00,0.3107,0.3112,0.3094,0.3098,17624818
2023-07-27 13:00:00,0.3098,0.3101,0.3085,0.3092,19550293
2023-07-27 14:00:00,0.3093,0.3095,0.3066,0.3082,31304375
2023-07-27 15:00:00,0.3082,0.31,0.3063,0.3084,35023055
2023-07-27 16:00:00,0.3085,0.3098,0.3082,0.3091,14623997
2023-07-27 17:00:00,0.309,0.3095,0.3076,0.3082,13375353
2023-07-27 18:00:00,0.3082,0.3085,0.3051,0.3061,29556201
2023-07-27 19:00:00,0.3061,0.3071,0.3054,0.3069,12747299
2023-07-27 20:00:00,0.307,0.3077,0.3065,0.3071,14621794
2023-07-27 21:00:00,0.3071,0.3083,0.307,0.3079,6846010
2023-07-27 22:00:00,0.3079,0.3085,0.3067,0.3069,10692472
2023-07-27 23:00:00,0.3069,0.3079,0.3063,0.3076,7348181
2023-07-28 00:00:00,0.3076,0.3107,0.3073,0.3099,28505207
2023-07-28 01:00:00,0.3099,0.3107,0.309,0.3095,13072596
2023-07-28 02:00:00,0.3095,0.3101,0.3078,0.3086,11935341
2023-07-28 03:00:00,0.3086,0.3092,0.3077,0.3082,9933727
2023-07-28 04:00:00,0.3082,0.3089,0.3079,0.3087,8458443
2023-07-28 05:00:00,0.3088,0.309,0.306,0.3068,16696360
2023-07-28 06:00:00,0.3067,0.3078,0.3064,0.3076,10568606
2023-07-28 07:00:00,0.3076,0.3087,0.3074,0.3076,9915144
2023-07-28 08:00:00,0.3077,0.3108,0.3071,0.3096,22933587
2023-07-28 09:00:00,0.3096,0.3124,0.3087,0.3115,26518775
2023-07-28 10:00:00,0.3114,0.3122,0.3109,0.3112,17826541
2023-07-28 11:00:00,0.3113,0.3119,0.3106,0.3109,15257981
2023-07-28 12:00:00,0.3109,0.3123,0.3107,0.3112,21943040
2023-07-28 13:00:00,0.3113,0.3114,0.3099,0.311,15732239
2023-07-28 14:00:00,0.311,0.3134,0.3103,0.3127,36493080
2023-07-28 15:00:00,0.3127,0.3128,0.3104,0.3109,18429839
2023-07-28 16:00:00,0.3109,0.312,0.3103,0.3115,11965500
2023-07-28 17:00:00,0.3115,0.3115,0.3092,0.3103,18886720
2023-07-28 18:00:00,0.3104,0.3111,0.3101,0.3109,10032298
2023-07-28 19:00:00,0.3109,0.3115,0.3106,0.3111,9764257
2023-07-28 20:00:00,0.3111,0.3115,0.3106,0.3112,7360726
2023-07-28 21:00:00,0.3112,0.3113,0.3105,0.3106,6290120
2023-07-28 22:00:00,0.3105,0.3106,0.3099,0.3102,8112457
2023-07-28 23:00:00,0.3102,0.3109,0.3095,0.3097,6676244
2023-07-29 00:00:00,0.3098,0.3109,0.3091,0.3106,10313227
2023-07-29 01:00:00,0.3106,0.3118,0.3101,0.3111,7852472
2023-07-29 02:00:00,0.3111,0.3117,0.3109,0.3113,7159478
2023-07-29 03:00:00,0.3113,0.3117,0.3103,0.3111,6661857
2023-07-29 04:00:00,0.3111,0.3134,0.3109,0.3117,35579190
2023-07-29 05:00:00,0.3116,0.313,0.3107,0.3113,31884551
2023-07-29 06:00:00,0.3113,0.3114,0.3102,0.3108,7772737
2023-07-29 07:00:00,0.3107,0.3113,0.3104,0.3105,8159640
2023-07-29 08:00:00,0.3104,0.311,0.3095,0.3099,7424493
2023-07-29 09:00:00,0.31,0.3109,0.3092,0.3098,13559498
2023-07-29 10:00:00,0.3098,0.3098,0.3086,0.3091,11474662
2023-07-29 11:00:00,0.3091,0.3099,0.3088,0.3088,8471421
2023-07-29 12:00:00,0.3089,0.3103,0.3086,0.3099,12745600
2023-07-29 13:00:00,0.31,0.311,0.3099,0.3103,9101412
2023-07-29 14:00:00,0.3103,0.3109,0.3096,0.3103,7254810
2023-07-29 15:00:00,0.3103,0.3112,0.3103,0.3105,8866410
2023-07-29 16:00:00,0.3106,0.311,0.3102,0.3107,6859591
2023-07-29 17:00:00,0.3108,0.3128,0.3107,0.3127,14288590
2023-07-29 18:00:00,0.3127,0.3128,0.3115,0.3118,12605675
2023-07-29 19:00:00,0.3119,0.313,0.3118,0.3126,10114658
2023-07-29 20:00:00,0.3126,0.3144,0.3126,0.3128,17918837
2023-07-29 21:00:00,0.3129,0.3132,0.3119,0.3121,7812781
2023-07-29 22:00:00,0.3121,0.3126,0.3118,0.3123,6612003
2023-07-29 23:00:00,0.3123,0.313,0.3123,0.3129,7836161
2023-07-30 00:00:00,0.3129,0.3131,0.3118,0.313,9855696
2023-07-30 01:00:00,0.313,0.3138,0.3127,0.3129,7455920
2023-07-30 02:00:00,0.313,0.314,0.3129,0.3134,7842421
2023-07-30 03:00:00,0.3134,0.314,0.3129,0.3135,5913378
2023-07-30 04:00:00,0.3136,0.3166,0.3133,0.3159,24584535
2023-07-30 05:00:00,0.3159,0.3181,0.3152,0.3172,23933977
2023-07-30 06:00:00,0.3172,0.3178,0.3151,0.3153,24872146
2023-07-30 07:00:00,0.3154,0.3158,0.3143,0.3146,12006196
2023-07-30 08:00:00,0.3147,0.3156,0.3145,0.3155,8968963
2023-07-30 09:00:00,0.3154,0.3156,0.3142,0.3145,10013949
2023-07-30 10:00:00,0.3145,0.3162,0.314,0.3145,22818219
2023-07-30 11:00:00,0.3144,0.3157,0.314,0.3143,11821863
2023-07-30 12:00:00,0.3143,0.3144,0.3135,0.3138,9450358
2023-07-30 13:00:00,0.3137,0.314,0.3119,0.3124,19248828
2023-07-30 14:00:00,0.3124,0.3153,0.3123,0.3149,23864180
2023-07-30 15:00:00,0.3149,0.3159,0.3131,0.3138,19953272
2023-07-30 16:00:00,0.3138,0.3149,0.3131,0.3141,12688403
2023-07-30 17:00:00,0.3141,0.3151,0.3137,0.315,8785032
2023-07-30 18:00:00,0.315,0.3152,0.3138,0.3139,5643887
2023-07-30 19:00:00,0.314,0.3142,0.307,0.3089,84009433
2023-07-30 20:00:00,0.3089,0.3115,0.3048,0.3113,74711309
2023-07-30 21:00:00,0.3112,0.3113,0.31,0.3107,9971188
2023-07-30 22:00:00,0.3108,0.3109,0.3096,0.3106,16764525
2023-07-30 23:00:00,0.3106,0.3161,0.3105,0.3156,35229632
2023-07-31 00:00:00,0.3156,0.3174,0.3135,0.3173,43380481
2023-07-31 01:00:00,0.3172,0.319,0.3147,0.316,34828663
2023-07-31 02:00:00,0.3161,0.3169,0.3149,0.3158,13595003
2023-07-31 03:00:00,0.3158,0.3162,0.3144,0.3149,14069678
2023-07-31 04:00:00,0.315,0.3156,0.3127,0.3129,27760851
2023-07-31 05:00:00,0.3128,0.3142,0.312,0.3123,23740194
2023-07-31 06:00:00,0.3122,0.313,0.3113,0.3128,34603102
2023-07-31 07:00:00,0.3128,0.3133,0.3121,0.3122,8948001
2023-07-31 08:00:00,0.3123,0.3143,0.3122,0.3141,14916527
2023-07-31 09:00:00,0.3141,0.3143,0.3124,0.313,10359564
2023-07-31 10:00:00,0.3131,0.3133,0.3126,0.313,6447451
2023-07-31 11:00:00,0.3129,0.3135,0.3128,0.3134,7823604
2023-07-31 12:00:00,0.3135,0.3151,0.3126,0.3151,19794046
2023-07-31 13:00:00,0.315,0.3151,0.31,0.3119,39659782
2023-07-31 14:00:00,0.3118,0.3129,0.3107,0.3127,30410652
2023-07-31 15:00:00,0.3127,0.3134,0.3109,0.3114,24088652
2023-07-31 16:00:00,0.3114,0.3123,0.3103,0.3117,18276485
2023-07-31 17:00:00,0.3117,0.3128,0.311,0.3119,10762445
2023-07-31 18:00:00,0.312,0.312,0.31,0.3105,14058730
2023-07-31 19:00:00,0.3106,0.3115,0.3077,0.3093,30234194
2023-07-31 20:00:00,0.3092,0.3102,0.3071,0.3087,43715383
2023-07-31 21:00:00,0.3087,0.3096,0.3065,0.3071,32756810
2023-07-31 22:00:00,0.3071,0.3077,0.3061,0.3068,19785286
2023-07-31 23:00:00,0.3068,0.3078,0.3065,0.3069,12747694
2023-08-01 00:00:00,0.3069,0.3082,0.3053,0.3078,21617355
2023-08-01 01:00:00,0.3079,0.3083,0.3031,0.3045,31789215
2023-08-01 02:00:00,0.3044,0.3049,0.2928,0.3013,124597157
2023-08-01 03:00:00,0.3014,0.3021,0.3005,0.3013,28098471
2023-08-01 04:00:00,0.3013,0.3018,0.3005,0.301,15458194
2023-08-01 05:00:00,0.3009,0.3054,0.3008,0.3045,47838758
2023-08-01 06:00:00,0.3046,0.3058,0.3035,0.3045,21724946
2023-08-01 07:00:00,0.3045,0.3058,0.3043,0.3046,20288685
2023-08-01 08:00:00,0.3046,0.306,0.3041,0.3058,21301600
2023-08-01 09:00:00,0.3058,0.3058,0.3046,0.3049,10140835
2023-08-01 10:00:00,0.3049,0.3053,0.3043,0.3049,8077771
2023-08-01 11:00:00,0.3049,0.3066,0.304,0.3046,22595057
2023-08-01 12:00:00,0.3046,0.3063,0.303,0.305,28905360
2023-08-01 13:00:00,0.3049,0.3056,0.3044,0.3046,11893753
2023-08-01 14:00:00,0.3046,0.3055,0.303,0.3038,20962712
2023-08-01 15:00:00,0.3038,0.3056,0.2989,0.3052,58701431
2023-08-01 16:00:00,0.3052,0.3068,0.3031,0.3042,28370116
2023-08-01 17:00:00,0.3041,0.305,0.3041,0.3045,8951415
2023-08-01 18:00:00,0.3044,0.3072,0.3044,0.3071,19772238
2023-08-01 19:00:00,0.3071,0.3079,0.3057,0.3065,16761247
2023-08-01 20:00:00,0.3065,0.3072,0.3058,0.3067,9856021
2023-08-01 21:00:00,0.3067,0.3078,0.3063,0.3067,9680207
2023-08-01 22:00:00,0.3068,0.3074,0.3062,0.3065,6866363
2023-08-01 23:00:00,0.3065,0.3105,0.3065,0.3102,41108855
2023-08-02 00:00:00,0.3101,0.312,0.309,0.3093,37060017
2023-08-02 01:00:00,0.3093,0.3114,0.3091,0.3091,20581013
2023-08-02 02:00:00,0.3091,0.3094,0.3083,0.3087,15038682
2023-08-02 03:00:00,0.3088,0.3088,0.3072,0.3073,13115700
2023-08-02 04:00:00,0.3072,0.3076,0.3065,0.3068,12567358
2023-08-02 05:00:00,0.3068,0.3069,0.3053,0.3061,13435364
2023-08-02 06:00:00,0.3061,0.3065,0.3052,0.3053,7434143
2023-08-02 07:00:00,0.3053,0.3064,0.3051,0.3055,11328467
2023-08-02 08:00:00,0.3055,0.3066,0.3044,0.306,22293565
2023-08-02 09:00:00,0.306,0.3066,0.3059,0.3062,6023918
2023-08-02 10:00:00,0.3062,0.3076,0.306,0.3075,9013544
2023-08-02 11:00:00,0.3075,0.3082,0.3071,0.3078,9008562
2023-08-02 12:00:00,0.3078,0.308,0.3058,0.3061,15108977
2023-08-02 13:00:00,0.3062,0.3063,0.3048,0.3055,16802606
2023-08-02 14:00:00,0.3055,0.3058,0.3012,0.3025,72672506
2023-08-02 15:00:00,0.3025,0.304,0.3011,0.3028,41854028
2023-08-02 16:00:00,0.3028,0.3037,0.2963,0.2998,79044564
2023-08-02 17:00:00,0.2997,0.3022,0.299,0.3013,32749096
2023-08-02 18:00:00,0.3012,0.3022,0.3004,0.301,11084772
2023-08-02 19:00:00,0.301,0.3023,0.3008,0.3016,13327635
2023-08-02 20:00:00,0.3017,0.3024,0.3014,0.3019,9677687
2023-08-02 21:00:00,0.3019,0.3021,0.3,0.3017,15821016
2023-08-02 22:00:00,0.3017,0.3021,0.2985,0.2995,31956373
2023-08-02 23:00:00,0.2995,0.2999,0.2982,0.2992,21416491
2023-08-03 00:00:00,0.2991,0.3002,0.2979,0.2989,25407066
2023-08-03 01:00:00,0.299,0.3013,0.2988,0.3009,15402032
2023-08-03 02:00:00,0.3008,0.3013,0.2992,0.3,14824592
2023-08-03 03:00:00,0.3,0.3002,0.2988,0.2993,10297419
2023-08-03 04:00:00,0.2994,0.2994,0.2978,0.2989,11236896
2023-08-03 05:00:00,0.2989,0.2993,0.2975,0.2991,12909322
2023-08-03 06:00:00,0.2991,0.2992,0.2957,0.2967,30655386
2023-08-03 07:00:00,0.2966,0.2973,0.2941,0.2951,81509643
2023-08-03 08:00:00,0.295,0.2956,0.2925,0.2945,49661289
2023-08-03 09:00:00,0.2945,0.2952,0.2941,0.2948,16103559
2023-08-03 10:00:00,0.2948,0.2962,0.2947,0.2958,17419984
2023-08-03 11:00:00,0.2958,0.2963,0.295,0.2958,20724460
2023-08-03 12:00:00,0.2958,0.2973,0.2933,0.2944,61772470
2023-08-03 13:00:00,0.2943,0.2954,0.2941,0.2954,17337317
2023-08-03 14:00:00,0.2954,0.2978,0.2949,0.2976,28179358
2023-08-03 15:00:00,0.2976,0.2977,0.2954,0.2962,23153389
2023-08-03 16:00:00,0.2962,0.2976,0.2955,0.2971,17714620
2023-08-03 17:00:00,0.2971,0.2982,0.2952,0.2954,27031044
2023-08-03 18:00:00,0.2953,0.2958,0.2944,0.2956,17051344
2023-08-03 19:00:00,0.2956,0.2957,0.2946,0.2952,10256162
2023-08-03 20:00:00,0.2951,0.2966,0.2943,0.2946,15554215
2023-08-03 21:00:00,0.2946,0.2949,0.2914,0.2927,24236469
2023-08-03 22:00:00,0.2926,0.2932,0.2885,0.2924,75424896
2023-08-03 23:00:00,0.2924,0.2931,0.2918,0.292,17073031
2023-08-04 00:00:00,0.2921,0.2939,0.2913,0.2937,32935463
2023-08-04 01:00:00,0.2938,0.2941,0.2926,0.2933,11365360
2023-08-04 02:00:00,0.2933,0.294,0.2924,0.2936,12734603
2023-08-04 03:00:00,0.2937,0.2941,0.2932,0.2939,8757070
2023-08-04 04:00:00,0.2939,0.2944,0.2927,0.2941,10500164
2023-08-04 05:00:00,0.2941,0.2944,0.2928,0.2934,11221098
2023-08-04 06:00:00,0.2935,0.2946,0.2921,0.293,14365658
2023-08-04 07:00:00,0.2929,0.2932,0.2917,0.2926,14078592
2023-08-04 08:00:00,0.2927,0.2937,0.2924,0.2929,19767262
2023-08-04 09:00:00,0.2929,0.294,0.2927,0.2938,11308104
2023-08-04 10:00:00,0.2938,0.2938,0.2924,0.2926,9575577
2023-08-04 11:00:00,0.2926,0.2931,0.2921,0.2926,8347557
2023-08-04 12:00:00,0.2927,0.2955,0.292,0.2944,34288234
2023-08-04 13:00:00,0.2944,0.2964,0.2943,0.2949,23823028
2023-08-04 14:00:00,0.295,0.2963,0.2939,0.2959,23341417
2023-08-04 15:00:00,0.296,0.2962,0.295,0.2957,10116998
2023-08-04 16:00:00,0.2958,0.297,0.2957,0.2969,12147355
2023-08-04 17:00:00,0.2968,0.2971,0.2953,0.2954,10539503
2023-08-04 18:00:00,0.2954,0.2956,0.2912,0.2929,42798619
2023-08-04 19:00:00,0.293,0.2941,0.2926,0.2931,13986751
2023-08-04 20:00:00,0.2931,0.2946,0.2899,0.2913,50048100
2023-08-04 21:00:00,0.2913,0.2939,0.2911,0.2928,15715601
2023-08-04 22:00:00,0.2929,0.2942,0.2927,0.2934,11322238
2023-08-04 23:00:00,0.2935,0.2943,0.2931,0.2933,10285170
2023-08-05 00:00:00,0.2933,0.294,0.2928,0.2933,13139102
2023-08-05 01:00:00,0.2933,0.2938,0.2903,0.2908,29274068
2023-08-05 02:00:00,0.2908,0.2921,0.2906,0.2918,13714874
2023-08-05 03:00:00,0.2918,0.2928,0.2915,0.2925,7047572
2023-08-05 04:00:00,0.2926,0.2928,0.291,0.2915,8861477
2023-08-05 05:00:00,0.2916,0.2926,0.2905,0.2925,9017372
2023-08-05 06:00:00,0.2924,0.2926,0.2908,0.291,7707329
2023-08-05 07:00:00,0.291,0.2913,0.2904,0.291,6113411
2023-08-05 08:00:00,0.291,0.2918,0.2903,0.2916,8946738
2023-08-05 09:00:00,0.2916,0.2919,0.2911,0.2916,9087834
2023-08-05 10:00:00,0.2915,0.2923,0.2913,0.292,8307256
2023-08-05 11:00:00,0.2921,0.2929,0.2914,0.2916,12234005
2023-08-05 12:00:00,0.2916,0.2916,0.2902,0.2909,18855026
2023-08-05 13:00:00,0.2909,0.2916,0.29,0.2904,11342376
2023-08-05 14:00:00,0.2905,0.2924,0.2905,0.2922,20610481
2023-08-05 15:00:00,0.2922,0.2924,0.2899,0.291,22863035
2023-08-05 16:00:00,0.291,0.2917,0.2902,0.2911,14367667
2023-08-05 17:00:00,0.291,0.2924,0.291,0.2922,11251460
2023-08-05 18:00:00,0.2922,0.294,0.2919,0.2935,14339511
2023-08-05 19:00:00,0.2935,0.2936,0.2924,0.2926,10309713
2023-08-05 20:00:00,0.2927,0.2928,0.292,0.2922,6460406
2023-08-05 21:00:00,0.2922,0.2934,0.2921,0.2926,5519827
2023-08-05 22:00:00,0.2926,0.2934,0.2921,0.2934,7256766
2023-08-05 23:00:00,0.2933,0.2939,0.2927,0.2937,6845080
2023-08-06 00:00:00,0.2936,0.2944,0.293,0.2942,14201363
2023-08-06 01:00:00,0.2941,0.2944,0.2931,0.2931,9305264
2023-08-06 02:00:00,0.2931,0.2956,0.2931,0.2948,24997289
2023-08-06 03:00:00,0.2948,0.2953,0.2943,0.2951,6052027
2023-08-06 04:00:00,0.2951,0.2953,0.2943,0.2948,8391490
2023-08-06 05:00:00,0.2947,0.2954,0.2943,0.2954,5860174
2023-08-06 06:00:00,0.2953,0.2957,0.2938,0.2942,9999879
2023-08-06 07:00:00,0.2942,0.2946,0.294,0.2943,6932346
2023-08-06 08:00:00,0.2942,0.2955,0.2941,0.2953,8931096
2023-08-06 09:00:00,0.2952,0.2954,0.2939,0.2945,9116728
2023-08-06 10:00:00,0.2946,0.2948,0.2935,0.294,6893588
2023-08-06 11:00:00,0.2941,0.295,0.294,0.2947,5673957
2023-08-06 12:00:00,0.2947,0.2952,0.2933,0.2933,10762305
2023-08-06 13:00:00,0.2933,0.2933,0.2917,0.292,19080150
2023-08-06 14:00:00,0.2919,0.2923,0.2905,0.2918,21535052
2023-08-06 15:00:00,0.2918,0.2922,0.2905,0.2911,10787461
2023-08-06 16:00:00,0.2911,0.2929,0.2903,0.2927,16328273
2023-08-06 17:00:00,0.2927,0.2929,0.2918,0.292,6978989
2023-08-06 18:00:00,0.2921,0.2924,0.2916,0.2917,5976625
2023-08-06 19:00:00,0.2917,0.2923,0.2915,0.2918,5024521
2023-08-06 20:00:00,0.2918,0.2932,0.2918,0.2927,5272145
2023-08-06 21:00:00,0.2928,0.2941,0.2913,0.292,15540976
2023-08-06 22:00:00,0.2919,0.2936,0.2917,0.2926,14357510
2023-08-06 23:00:00,0.2926,0.2927,0.2917,0.2921,10525622
2023-08-07 00:00:00,0.292,0.293,0.2907,0.2918,16887633
2023-08-07 01:00:00,0.2917,0.2953,0.2916,0.2947,29366683
2023-08-07 02:00:00,0.2948,0.2961,0.294,0.2955,17841445
2023-08-07 03:00:00,0.2955,0.296,0.2941,0.2944,9989095
2023-08-07 04:00:00,0.2944,0.295,0.294,0.2943,9023309
2023-08-07 05:00:00,0.2943,0.2944,0.2933,0.2936,9020978
2023-08-07 06:00:00,0.2937,0.2938,0.2906,0.2907,27071820
2023-08-07 07:00:00,0.2907,0.2924,0.2905,0.2923,17431387
2023-08-07 08:00:00,0.2923,0.2927,0.2918,0.2922,12271759
2023-08-07 09:00:00,0.2922,0.2934,0.2918,0.2928,10922813
2023-08-07 10:00:00,0.2929,0.2934,0.2921,0.2934,8785533
2023-08-07 11:00:00,0.2933,0.2934,0.2923,0.293,10305363
2023-08-07 12:00:00,0.2929,0.2952,0.2927,0.294,62609683
2023-08-07 13:00:00,0.2941,0.2944,0.293,0.293,19489189
2023-08-07 14:00:00,0.293,0.2934,0.2908,0.2917,32920983
2023-08-07 15:00:00,0.2917,0.2921,0.2874,0.2892,71604171
2023-08-07 16:00:00,0.2891,0.2893,0.281,0.2859,128597239
2023-08-07 17:00:00,0.2858,0.287,0.285,0.2869,26339187
2023-08-07 18:00:00,0.2868,0.2898,0.2865,0.2879,32216644
2023-08-07 19:00:00,0.2879,0.289,0.2873,0.2889,13487401
2023-08-07 20:00:00,0.289,0.2894,0.2884,0.2893,10549503
2023-08-07 21:00:00,0.2892,0.2907,0.2889,0.2895,14557909
2023-08-07 22:00:00,0.2896,0.2906,0.2894,0.2902,10265355
2023-08-07 23:00:00,0.2902,0.2909,0.2892,0.2909,12625174
2023-08-08 00:00:00,0.2909,0.2922,0.2901,0.2922,22192847
2023-08-08 01:00:00,0.2921,0.2922,0.2896,0.2898,18739559
2023-08-08 02:00:00,0.2898,0.2911,0.2893,0.2905,9675729
2023-08-08 03:00:00,0.2906,0.2917,0.2904,0.2912,8155382
2023-08-08 04:00:00,0.2913,0.2923,0.2907,0.2917,12816235
2023-08-08 05:00:00,0.2918,0.2931,0.2915,0.2923,15980166
2023-08-08 06:00:00,0.2924,0.2931,0.292,0.2921,11371825
2023-08-08 07:00:00,0.2921,0.2933,0.2899,0.2908,78278639
2023-08-08 08:00:00,0.2908,0.2913,0.2901,0.2904,13282798
2023-08-08 09:00:00,0.2904,0.2908,0.29,0.2905,11761674
2023-08-08 10:00:00,0.2905,0.2924,0.2903,0.2924,12251903
2023-08-08 11:00:00,0.2923,0.2935,0.2915,0.2934,29770714
2023-08-08 12:00:00,0.2934,0.2955,0.2924,0.2953,27521872
2023-08-08 13:00:00,0.2952,0.2964,0.2923,0.2929,44485950
2023-08-08 14:00:00,0.2928,0.2949,0.2927,0.2939,19257278
2023-08-08 15:00:00,0.2939,0.2961,0.2937,0.2951,15250540
2023-08-08 16:00:00,0.2951,0.298,0.2948,0.2964,38493643
2023-08-08 17:00:00,0.2965,0.3018,0.2958,0.3012,83113481
2023-08-08 18:00:00,0.3012,0.3024,0.2993,0.3002,56175519
2023-08-08 19:00:00,0.3002,0.3014,0.2987,0.299,24206345
2023-08-08 20:00:00,0.2991,0.3009,0.2991,0.3,14611835
2023-08-08 21:00:00,0.3,0.3025,0.2988,0.3001,27899663
2023-08-08 22:00:00,0.3001,0.3012,0.2984,0.2987,26985242
2023-08-08 23:00:00,0.2987,0.2995,0.2971,0.2973,33889835
2023-08-09 00:00:00,0.2973,0.2989,0.2973,0.2976,15640486
2023-08-09 01:00:00,0.2977,0.299,0.2973,0.298,12456890
2023-08-09 02:00:00,0.2981,0.2982,0.2957,0.2962,19075902
2023-08-09 03:00:00,0.2963,0.2975,0.296,0.2973,7595680
2023-08-09 04:00:00,0.2973,0.2981,0.297,0.2975,11418331
2023-08-09 05:00:00,0.2975,0.2985,0.2975,0.2983,8176636
2023-08-09 06:00:00,0.2982,0.2984,0.2967,0.2978,13141169
2023-08-09 07:00:00,0.2978,0.2996,0.2977,0.2993,11245462
2023-08-09 08:00:00,0.2992,0.2995,0.2984,0.2992,9414746
2023-08-09 09:00:00,0.2992,0.2995,0.2984,0.2984,10180794
2023-08-09 10:00:00,0.2985,0.2994,0.2978,0.2992,11880383
2023-08-09 11:00:00,0.2991,0.2996,0.2977,0.2983,11751839
2023-08-09 12:00:00,0.2983,0.3008,0.298,0.3005,25957253
2023-08-09 13:00:00,0.3006,0.3015,0.2995,0.2996,30330948
2023-08-09 14:00:00,0.2997,0.3002,0.2976,0.2976,26077150
2023-08-09 15:00:00,0.2976,0.2984,0.2968,0.2979,22389643
2023-08-09 16:00:00,0.2979,0.2986,0.2967,0.2974,27428222
2023-08-09 17:00:00,0.2974,0.2985,0.2969,0.2976,13407418
2023-08-09 18:00:00,0.2976,0.2992,0.2974,0.2982,11232489
2023-08-09 19:00:00,0.2983,0.2999,0.2983,0.2988,15582574
2023-08-09 20:00:00,0.2987,0.301,0.2983,0.3006,17355061
2023-08-09 21:00:00,0.3005,0.3008,0.2973,0.2995,23998583
2023-08-09 22:00:00,0.2995,0.302,0.2993,0.3018,18777408
2023-08-09 23:00:00,0.3018,0.3023,0.3008,0.3013,17741695
2023-08-10 00:00:00,0.3013,0.3017,0.3001,0.3016,19058638
2023-08-10 01:00:00,0.3016,0.3017,0.3003,0.3006,10445900
2023-08-10 02:00:00,0.3006,0.3009,0.2998,0.3002,8813797
2023-08-10 03:00:00,0.3002,0.3012,0.3001,0.3007,7822434
2023-08-10 04:00:00,0.3008,0.3008,0.2992,0.2994,11480203
2023-08-10 05:00:00,0.2993,0.2998,0.2972,0.2981,57190834
2023-08-10 06:00:00,0.2981,0.2989,0.2967,0.2972,15604227
2023-08-10 07:00:00,0.2971,0.2983,0.2968,0.2971,11610793
2023-08-10 08:00:00,0.2972,0.2982,0.297,0.298,10412157
2023-08-10 09:00:00,0.298,0.2985,0.2968,0.2983,12389968
2023-08-10 10:00:00,0.2982,0.2986,0.2976,0.2983,9449708
2023-08-10 11:00:00,0.2983,0.2985,0.297,0.2972,9739366
2023-08-10 12:00:00,0.2971,0.3002,0.297,0.2986,40930205
2023-08-10 13:00:00,0.2987,0.3007,0.2981,0.3002,18979925
2023-08-10 14:00:00,0.3003,0.3012,0.2973,0.2982,35657935
2023-08-10 15:00:00,0.2983,0.2986,0.2972,0.2973,18746224
2023-08-10 16:00:00,0.2973,0.2982,0.2964,0.2977,16675093
2023-08-10 17:00:00,0.2976,0.2977,0.296,0.2971,19341214
2023-08-10 18:00:00,0.2972,0.2983,0.2969,0.2976,14651880
2023-08-10 19:00:00,0.2975,0.2976,0.2959,0.297,8935006
2023-08-10 20:00:00,0.297,0.2974,0.2965,0.2968,6285089
2023-08-10 21:00:00,0.2969,0.2976,0.2968,0.2972,4618070
2023-08-10 22:00:00,0.2972,0.2975,0.2961,0.2963,8242785
2023-08-10 23:00:00,0.2963,0.2966,0.2958,0.2962,10372342
2023-08-11 00:00:00,0.2963,0.2973,0.2961,0.2972,9865453
2023-08-11 01:00:00,0.2973,0.2975,0.2963,0.2966,8812458
2023-08-11 02:00:00,0.2967,0.2971,0.295,0.2953,16681190
2023-08-11 03:00:00,0.2952,0.2962,0.2946,0.2961,12570996
2023-08-11 04:00:00,0.296,0.2971,0.2959,0.2969,7508011
2023-08-11 05:00:00,0.2969,0.2973,0.2961,0.2972,6721098
2023-08-11 06:00:00,0.2972,0.2974,0.2964,0.2969,11363502
2023-08-11 07:00:00,0.2969,0.2972,0.2961,0.2961,7825788
2023-08-11 08:00:00,0.2961,0.2962,0.2952,0.2954,7624690
2023-08-11 09:00:00,0.2955,0.296,0.2952,0.2954,6462289
2023-08-11 10:00:00,0.2954,0.296,0.2949,0.2954,9663090
2023-08-11 11:00:00,0.2954,0.2966,0.2954,0.2965,7185173
2023-08-11 12:00:00,0.2964,0.2968,0.2953,0.2954,10223989
2023-08-11 13:00:00,0.2954,0.296,0.295,0.2959,11725198
2023-08-11 14:00:00,0.296,0.2967,0.2955,0.2961,17478973
2023-08-11 15:00:00,0.2961,0.2966,0.2935,0.2941,26379533
2023-08-11 16:00:00,0.2941,0.2949,0.2928,0.2941,16365816
2023-08-11 17:00:00,0.2941,0.2948,0.2939,0.2943,6117920
2023-08-11 18:00:00,0.2943,0.2948,0.2939,0.2939,6666697
2023-08-11 19:00:00,0.294,0.294,0.2931,0.2935,7639059
2023-08-11 20:00:00,0.2935,0.2935,0.2923,0.2929,11314688
2023-08-11 21:00:00,0.2929,0.2933,0.2922,0.2928,7581670
2023-08-11 22:00:00,0.2928,0.2933,0.2926,0.2932,6486011
2023-08-11 23:00:00,0.2933,0.2937,0.293,0.2931,7367042
2023-08-12 00:00:00,0.2932,0.2942,0.2926,0.2942,10757276
2023-08-12 01:00:00,0.2941,0.2942,0.2931,0.2936,19509858
2023-08-12 02:00:00,0.2936,0.2937,0.2925,0.2927,6878470
2023-08-12 03:00:00,0.2928,0.293,0.2922,0.293,7757898
2023-08-12 04:00:00,0.293,0.2932,0.2926,0.2931,4690975
2023-08-12 05:00:00,0.293,0.2931,0.2925,0.2926,3905271
2023-08-12 06:00:00,0.2927,0.2933,0.2925,0.2932,5341161
2023-08-12 07:00:00,0.2932,0.2941,0.2931,0.2939,8621320
2023-08-12 08:00:00,0.2938,0.2943,0.2936,0.2942,7624184
2023-08-12 09:00:00,0.2942,0.2943,0.2937,0.294,6654076
2023-08-12 10:00:00,0.2939,0.2945,0.2938,0.2945,6733656
2023-08-12 11:00:00,0.2944,0.2945,0.2939,0.294,5735239
2023-08-12 12:00:00,0.294,0.2942,0.2935,0.2939,6328877
2023-08-12 13:00:00,0.2939,0.294,0.2932,0.2933,6559917
2023-08-12 14:00:00,0.2932,0.2944,0.2932,0.2943,8438363
2023-08-12 15:00:00,0.2943,0.2945,0.2933,0.2937,8483195
2023-08-12 16:00:00,0.2937,0.2938,0.2928,0.2929,9942678
2023-08-12 17:00:00,0.2929,0.2932,0.2923,0.2925,8541582
2023-08-12 18:00:00,0.2926,0.2926,0.2912,0.292,17490536
2023-08-12 19:00:00,0.292,0.2922,0.291,0.2913,9813812
2023-08-12 20:00:00,0.2913,0.2917,0.2908,0.2913,9500397
2023-08-12 21:00:00,0.2912,0.2914,0.2904,0.2912,12336739
2023-08-12 22:00:00,0.2912,0.2923,0.2912,0.2919,12034927
2023-08-12 23:00:00,0.2918,0.2923,0.2913,0.2917,7627352
2023-08-13 00:00:00,0.2918,0.2924,0.291,0.2923,9808034
2023-08-13 01:00:00,0.2923,0.2924,0.2913,0.2921,8257671
2023-08-13 02:00:00,0.2922,0.2922,0.2909,0.2912,7715456
2023-08-13 03:00:00,0.2912,0.2915,0.2903,0.2912,12048077
2023-08-13 04:00:00,0.2911,0.2912,0.2901,0.2905,11154106
2023-08-13 05:00:00,0.2906,0.2906,0.2894,0.2905,13482452
2023-08-13 06:00:00,0.2905,0.2908,0.2902,0.2905,5667019
2023-08-13 07:00:00,0.2905,0.2909,0.2902,0.2907,4900848
2023-08-13 08:00:00,0.2907,0.2908,0.2901,0.2908,6651005
2023-08-13 09:00:00,0.2907,0.2909,0.29,0.2905,8585194
2023-08-13 10:00:00,0.2905,0.2906,0.2902,0.2904,4551096
2023-08-13 11:00:00,0.2903,0.2904,0.2898,0.2904,6352033
2023-08-13 12:00:00,0.2904,0.2915,0.29,0.2914,13205737
2023-08-13 13:00:00,0.2914,0.2915,0.2908,0.2913,8979564
2023-08-13 14:00:00,0.2913,0.2921,0.2911,0.2913,10764205
2023-08-13 15:00:00,0.2913,0.2915,0.2905,0.2906,12745827
2023-08-13 16:00:00,0.2906,0.2913,0.2904,0.291,10534708
2023-08-13 17:00:00,0.291,0.2923,0.2909,0.2919,9135724
2023-08-13 18:00:00,0.2918,0.2932,0.2918,0.2929,12134164
2023-08-13 19:00:00,0.293,0.2935,0.2928,0.293,10064234
2023-08-13 20:00:00,0.293,0.2934,0.2918,0.292,12110956
2023-08-13 21:00:00,0.2921,0.2921,0.2903,0.2911,12107929
2023-08-13 22:00:00,0.2911,0.2911,0.2863,0.2886,81000826
2023-08-13 23:00:00,0.2886,0.2897,0.2883,0.2893,13305929
2023-08-14 00:00:00,0.2892,0.2901,0.2888,0.2899,18385113
2023-08-14 01:00:00,0.2899,0.2899,0.289,0.2893,9438596
2023-08-14 02:00:00,0.2893,0.2901,0.2869,0.2894,25188762
2023-08-14 03:00:00,0.2894,0.2904,0.2892,0.2904,11193581
2023-08-14 04:00:00,0.2904,0.2913,0.2902,0.2909,8791591
2023-08-14 05:00:00,0.2909,0.2913,0.2908,0.2912,8278242
2023-08-14 06:00:00,0.2912,0.2914,0.2903,0.2904,6462936
2023-08-14 07:00:00,0.2904,0.2906,0.2898,0.2904,10496362
2023-08-14 08:00:00,0.2904,0.2914,0.2902,0.2908,9081054
2023-08-14 09:00:00,0.2908,0.2908,0.2902,0.2905,5051304
2023-08-14 10:00:00,0.2906,0.2907,0.2902,0.2906,5219113
2023-08-14 11:00:00,0.2905,0.2907,0.2897,0.2901,7749081
2023-08-14 12:00:00,0.2902,0.2902,0.2894,0.2898,9544325
2023-08-14 13:00:00,0.2899,0.2905,0.2894,0.2905,8310752
2023-08-14 14:00:00,0.2904,0.2915,0.2904,0.2909,27448727
2023-08-14 15:00:00,0.2909,0.2926,0.2907,0.2914,22965355
2023-08-14 16:00:00,0.2915,0.2922,0.2912,0.2921,13429143
2023-08-14 17:00:00,0.2921,0.2921,0.2899,0.2901,15141512
2023-08-14 18:00:00,0.2901,0.2903,0.2875,0.2888,42295407
2023-08-14 19:00:00,0.2888,0.29,0.2886,0.2896,12836345
2023-08-14 20:00:00,0.2897,0.2907,0.2893,0.2902,15708990
2023-08-14 21:00:00,0.2902,0.2912,0.2901,0.2909,7390218
2023-08-14 22:00:00,0.2908,0.2914,0.2906,0.2908,11642067
2023-08-14 23:00:00,0.2907,0.291,0.2904,0.2904,6164006
2023-08-15 00:00:00,0.2904,0.2908,0.2896,0.2904,12515556
2023-08-15 01:00:00,0.2903,0.291,0.2893,0.2903,13211601
2023-08-15 02:00:00,0.2902,0.2905,0.2897,0.2899,7084117
2023-08-15 03:00:00,0.2898,0.29,0.2891,0.2894,5495245
2023-08-15 04:00:00,0.2894,0.2896,0.2888,0.2891,5615877
2023-08-15 05:00:00,0.2891,0.2894,0.2883,0.2889,7569050
2023-08-15 06:00:00,0.2889,0.2898,0.2887,0.2898,6331358
2023-08-15 07:00:00,0.2897,0.2901,0.2888,0.2899,9142115
2023-08-15 08:00:00,0.2899,0.2906,0.2897,0.2898,11304839
2023-08-15 09:00:00,0.2898,0.29,0.2893,0.2897,6205164
2023-08-15 10:00:00,0.2897,0.2898,0.2889,0.289,8473013
2023-08-15 11:00:00,0.2891,0.2893,0.2881,0.2882,13216522
2023-08-15 12:00:00,0.2882,0.2893,0.2879,0.289,12653247
2023-08-15 13:00:00,0.289,0.2895,0.2885,0.2886,8770387
2023-08-15 14:00:00,0.2887,0.2896,0.2876,0.2894,19044777
2023-08-15 15:00:00,0.2894,0.2896,0.2877,0.2877,14977821
2023-08-15 16:00:00,0.2878,0.2886,0.2877,0.2882,14332759
2023-08-15 17:00:00,0.2882,0.2891,0.2881,0.2886,8428886
2023-08-15 18:00:00,0.2886,0.2886,0.286,0.287,27724434
2023-08-15 19:00:00,0.2871,0.2871,0.2728,0.2811,199640079
2023-08-15 20:00:00,0.2811,0.284,0.28,0.2831,43975189
2023-08-15 21:00:00,0.2832,0.2834,0.2819,0.2828,18992593
2023-08-15 22:00:00,0.2828,0.283,0.2806,0.2811,15783782
2023-08-15 23:00:00,0.2812,0.2823,0.2809,0.2818,13503779
2023-08-16 00:00:00,0.2817,0.2828,0.2811,0.2815,14412221
2023-08-16 01:00:00,0.2816,0.282,0.281,0.2815,15195109
2023-08-16 02:00:00,0.2815,0.2819,0.2806,0.2815,25927331
2023-08-16 03:00:00,0.2815,0.282,0.2809,0.2809,7616537
2023-08-16 04:00:00,0.2809,0.2824,0.2808,0.2809,11581847
2023-08-16 05:00:00,0.2809,0.2809,0.2794,0.2798,20299490
2023-08-16 06:00:00,0.2797,0.28,0.2781,0.2789,25631930
2023-08-16 07:00:00,0.2789,0.2796,0.2786,0.2793,10227529
2023-08-16 08:00:00,0.2792,0.2795,0.2783,0.2785,15106156
2023-08-16 09:00:00,0.2786,0.279,0.2754,0.277,50472322
2023-08-16 10:00:00,0.277,0.2784,0.2769,0.2783,17818475
2023-08-16 11:00:00,0.2783,0.2799,0.2776,0.2777,29445937
2023-08-16 12:00:00,0.2777,0.2778,0.2726,0.2749,91669597
2023-08-16 13:00:00,0.2749,0.2755,0.2709,0.2718,64961807
2023-08-16 14:00:00,0.2719,0.2753,0.2715,0.275,36617331
2023-08-16 15:00:00,0.275,0.2754,0.2731,0.2733,21897210
2023-08-16 16:00:00,0.2733,0.2748,0.2722,0.2742,47707626
2023-08-16 17:00:00,0.2741,0.2753,0.2724,0.2752,27239382
2023-08-16 18:00:00,0.2751,0.2769,0.2745,0.2756,27009979
2023-08-16 19:00:00,0.2757,0.2759,0.2745,0.2747,15538357
2023-08-16 20:00:00,0.2748,0.2755,0.266,0.2711,124535476
2023-08-16 21:00:00,0.2711,0.2714,0.2643,0.2709,80711365
2023-08-16 22:00:00,0.271,0.274,0.2708,0.2736,30977617
2023-08-16 23:00:00,0.2737,0.2751,0.2722,0.2746,32104604
2023-08-17 00:00:00,0.2746,0.2746,0.2691,0.2737,65541035
2023-08-17 01:00:00,0.2737,0.2763,0.2735,0.2757,24636694
2023-08-17 02:00:00,0.2758,0.2778,0.2756,0.2765,26460942
2023-08-17 03:00:00,0.2764,0.2774,0.2763,0.2766,11045786
2023-08-17 04:00:00,0.2765,0.2777,0.2762,0.2767,14931692
2023-08-17 05:00:00,0.2766,0.2782,0.2766,0.2781,9036734
2023-08-17 06:00:00,0.2781,0.2783,0.2765,0.2767,14803727
2023-08-17 07:00:00,0.2766,0.2768,0.276,0.2766,8844375
2023-08-17 08:00:00,0.2765,0.2771,0.2755,0.2756,14921955
2023-08-17 09:00:00,0.2756,0.2762,0.2746,0.2758,18871964
2023-08-17 10:00:00,0.2759,0.2763,0.2747,0.2757,20195471
2023-08-17 11:00:00,0.2756,0.2759,0.2747,0.2755,12976933
2023-08-17 12:00:00,0.2756,0.278,0.2754,0.2764,36106688
2023-08-17 13:00:00,0.2764,0.2771,0.2747,0.275,22437057
2023-08-17 14:00:00,0.275,0.2757,0.2726,0.2734,50636707
2023-08-17 15:00:00,0.2733,0.2743,0.2676,0.2686,123288982
2023-08-17 16:00:00,0.2686,0.2713,0.2663,0.2695,83557386
2023-08-17 17:00:00,0.2694,0.2714,0.2694,0.2708,21760593
2023-08-17 18:00:00,0.2708,0.2733,0.2707,0.2719,32237490
2023-08-17 19:00:00,0.272,0.2741,0.2719,0.2738,13253080
2023-08-17 20:00:00,0.2738,0.2739,0.2675,0.2703,50309483
2023-08-17 21:00:00,0.2703,0.2711,0.2319,0.2497,237516211
2023-08-17 22:00:00,0.2496,0.2583,0.2443,0.257,218649429
2023-08-17 23:00:00,0.2569,0.2591,0.2543,0.2549,102354049
2023-08-18 00:00:00,0.2549,0.2601,0.2543,0.259,74714144
2023-08-18 01:00:00,0.2589,0.26,0.2567,0.2591,44623096
2023-08-18 02:00:00,0.2591,0.2599,0.255,0.2556,40189119
2023-08-18 03:00:00,0.2556,0.2595,0.2555,0.2595,28332360
2023-08-18 04:00:00,0.2594,0.2599,0.2565,0.2574,42402397
2023-08-18 05:00:00,0.2573,0.2615,0.2569,0.2612,30470323
2023-08-18 06:00:00,0.2611,0.2653,0.261,0.2643,53193767
2023-08-18 07:00:00,0.2642,0.2648,0.2628,0.2637,29154594
2023-08-18 08:00:00,0.2637,0.2647,0.2625,0.264,32554322
2023-08-18 09:00:00,0.2641,0.2642,0.2617,0.2622,25529411
2023-08-18 10:00:00,0.2622,0.2641,0.2622,0.2639,16548747
2023-08-18 11:00:00,0.264,0.267,0.2634,0.2661,37031573
2023-08-18 12:00:00,0.2661,0.2673,0.2642,0.2649,44206128
2023-08-18 13:00:00,0.2648,0.2672,0.2646,0.2649,49141837
2023-08-18 14:00:00,0.2649,0.2658,0.2623,0.2638,48651114
2023-08-18 15:00:00,0.2639,0.2661,0.2623,0.2626,42285260
2023-08-18 16:00:00,0.2627,0.2645,0.2591,0.2608,55791072
2023-08-18 17:00:00,0.2608,0.2637,0.2579,0.2627,75033942
2023-08-18 18:00:00,0.2626,0.2663,0.2619,0.2649,39168147
2023-08-18 19:00:00,0.2648,0.2649,0.2625,0.2629,28480517
2023-08-18 20:00:00,0.2628,0.2653,0.2624,0.2636,25528790
2023-08-18 21:00:00,0.2636,0.2654,0.2634,0.2637,12301404
2023-08-18 22:00:00,0.2637,0.2649,0.2634,0.2638,14055716
2023-08-18 23:00:00,0.2638,0.2648,0.2629,0.2636,19018964
2023-08-19 00:00:00,0.2636,0.2642,0.2624,0.2632,25772138
2023-08-19 01:00:00,0.2631,0.2632,0.2613,0.2616,16083279
2023-08-19 02:00:00,0.2616,0.2627,0.2613,0.2619,11702029
2023-08-19 03:00:00,0.2618,0.262,0.2606,0.262,14436812
2023-08-19 04:00:00,0.2619,0.2626,0.2611,0.2624,10278590
2023-08-19 05:00:00,0.2623,0.2624,0.26,0.2607,14649193
2023-08-19 06:00:00,0.2607,0.2615,0.2605,0.2612,18411520
2023-08-19 07:00:00,0.2613,0.2629,0.2608,0.2628,12770239
2023-08-19 08:00:00,0.2629,0.2642,0.2623,0.2639,21086827
2023-08-19 09:00:00,0.264,0.2644,0.2631,0.2641,10997165
2023-08-19 10:00:00,0.264,0.2644,0.2639,0.2642,6291315
2023-08-19 11:00:00,0.2641,0.2646,0.2629,0.2632,10578937
2023-08-19 12:00:00,0.2633,0.265,0.2631,0.2647,14592541
2023-08-19 13:00:00,0.2647,0.2663,0.2646,0.2661,19239456
2023-08-19 14:00:00,0.2662,0.2678,0.2659,0.2674,31753941
2023-08-19 15:00:00,0.2674,0.2698,0.2667,0.2685,61275358
2023-08-19 16:00:00,0.2684,0.2692,0.2669,0.2689,31318113
2023-08-19 17:00:00,0.269,0.269,0.2663,0.2675,20585460
2023-08-19 18:00:00,0.2676,0.2684,0.2666,0.2681,9917866
2023-08-19 19:00:00,0.268,0.2687,0.2676,0.268,9558743
2023-08-19 20:00:00,0.2679,0.2682,0.2661,0.2678,34132727
2023-08-19 21:00:00,0.2679,0.2693,0.2672,0.2672,14567583
2023-08-19 22:00:00,0.2673,0.2678,0.2668,0.2673,7028044
2023-08-19 23:00:00,0.2673,0.2687,0.267,0.2686,9292426
2023-08-20 00:00:00,0.2686,0.2705,0.268,0.2688,20926817
2023-08-20 01:00:00,0.2689,0.2692,0.267,0.2678,11189848
2023-08-20 02:00:00,0.2679,0.268,0.2671,0.2672,6262506
2023-08-20 03:00:00,0.2671,0.2674,0.2661,0.2662,9818327
2023-08-20 04:00:00,0.2662,0.267,0.2661,0.2668,7452581
2023-08-20 05:00:00,0.2667,0.2671,0.2651,0.2654,16656165
2023-08-20 06:00:00,0.2655,0.2658,0.2645,0.2656,13709244
2023-08-20 07:00:00,0.2656,0.2663,0.2649,0.2654,11302336
2023-08-20 08:00:00,0.2654,0.2661,0.2645,0.2657,12484900
2023-08-20 09:00:00,0.2656,0.2669,0.2651,0.2667,11340696
2023-08-20 10:00:00,0.2667,0.2679,0.2663,0.2674,17790013
2023-08-20 11:00:00,0.2674,0.2689,0.2671,0.2681,24148077
2023-08-20 12:00:00,0.268,0.2689,0.267,0.2688,13310733
2023-08-20 13:00:00,0.2689,0.2693,0.2675,0.2681,12575195
2023-08-20 14:00:00,0.2681,0.2691,0.2662,0.2669,26489333
2023-08-20 15:00:00,0.267,0.2698,0.2668,0.2688,36689456
2023-08-20 16:00:00,0.2688,0.2692,0.2675,0.269,20092811
2023-08-20 17:00:00,0.269,0.273,0.2689,0.2697,46363592
2023-08-20 18:00:00,0.2698,0.2704,0.269,0.2698,20107943
2023-08-20 19:00:00,0.2698,0.2721,0.2698,0.2717,14248729
2023-08-20 20:00:00,0.2717,0.2728,0.2708,0.2712,24044830
2023-08-20 21:00:00,0.2713,0.272,0.2702,0.2703,11460724
2023-08-20 22:00:00,0.2704,0.271,0.27,0.2702,8121650
2023-08-20 23:00:00,0.2703,0.2712,0.2698,0.2701,9535911
2023-08-21 00:00:00,0.2702,0.2715,0.2696,0.2706,17902364
2023-08-21 01:00:00,0.2707,0.2725,0.2704,0.2712,18705575
2023-08-21 02:00:00,0.2712,0.2714,0.2705,0.2709,9276454
2023-08-21 03:00:00,0.2709,0.271,0.27,0.2701,7034432
2023-08-21 04:00:00,0.2701,0.2703,0.268,0.2686,26533155
2023-08-21 05:00:00,0.2686,0.2714,0.2685,0.2699,21187720
2023-08-21 06:00:00,0.2698,0.2699,0.2672,0.2679,18341216
2023-08-21 07:00:00,0.2678,0.2686,0.2669,0.2674,24679255
2023-08-21 08:00:00,0.2673,0.2676,0.2662,0.2671,22265624
2023-08-21 09:00:00,0.2671,0.2674,0.266,0.2665,13327660
2023-08-21 10:00:00,0.2664,0.2665,0.2643,0.2654,49792683
2023-08-21 11:00:00,0.2654,0.2675,0.2651,0.2671,19921179
2023-08-21 12:00:00,0.2672,0.2683,0.2657,0.2661,20535068
2023-08-21 13:00:00,0.266,0.2681,0.2648,0.268,22180600
2023-08-21 14:00:00,0.2679,0.2689,0.2663,0.2664,26726060
2023-08-21 15:00:00,0.2664,0.2668,0.258,0.2612,115142855
2023-08-21 16:00:00,0.2613,0.263,0.2611,0.2615,28817704
2023-08-21 17:00:00,0.2616,0.263,0.2612,0.2627,18133556
2023-08-21 18:00:00,0.2627,0.2639,0.2624,0.2632,11784435
2023-08-21 19:00:00,0.2632,0.2656,0.2632,0.2645,18330809
2023-08-21 20:00:00,0.2646,0.2654,0.2642,0.2643,11222703
2023-08-21 21:00:00,0.2644,0.2653,0.2635,0.2648,10269103
2023-08-21 22:00:00,0.2648,0.2649,0.263,0.2631,9522883
2023-08-21 23:00:00,0.2631,0.2638,0.2625,0.2627,13357948
2023-08-22 00:00:00,0.2627,0.2632,0.2621,0.2626,11506148
2023-08-22 01:00:00,0.2626,0.2631,0.2616,0.2617,13108271
2023-08-22 02:00:00,0.2617,0.2626,0.2616,0.2621,8324610
2023-08-22 03:00:00,0.2621,0.2624,0.2607,0.2617,18644798
2023-08-22 04:00:00,0.2617,0.2619,0.2606,0.2608,8901846
2023-08-22 05:00:00,0.2608,0.2611,0.2596,0.2603,13399392
2023-08-22 06:00:00,0.2602,0.2614,0.2597,0.2614,15285775
2023-08-22 07:00:00,0.2613,0.2617,0.261,0.2615,10446980
2023-08-22 08:00:00,0.2615,0.2617,0.2609,0.2612,10654798
2023-08-22 09:00:00,0.2611,0.262,0.2607,0.2609,13813619
2023-08-22 10:00:00,0.2608,0.261,0.2588,0.2595,23318593
2023-08-22 11:00:00,0.2596,0.2596,0.2575,0.2589,30889415
2023-08-22 12:00:00,0.2589,0.2605,0.2585,0.2594,22294334
2023-08-22 13:00:00,0.2594,0.2597,0.2565,0.2571,47610051
2023-08-22 14:00:00,0.257,0.2581,0.2556,0.2567,40458885
2023-08-22 15:00:00,0.2567,0.2573,0.2549,0.2558,34126151
2023-08-22 16:00:00,0.2558,0.2574,0.253,0.2568,89682145
2023-08-22 17:00:00,0.2568,0.2569,0.2511,0.2527,86447565
2023-08-22 18:00:00,0.2528,0.2559,0.2513,0.2549,46460006
2023-08-22 19:00:00,0.2549,0.2559,0.2531,0.2533,20547687
2023-08-22 20:00:00,0.2533,0.2559,0.2533,0.2558,16961601
2023-08-22 21:00:00,0.2557,0.2561,0.2493,0.2534,62613131
2023-08-22 22:00:00,0.2534,0.2565,0.2529,0.2558,31355596
2023-08-22 23:00:00,0.2558,0.2593,0.2556,0.2583,44587883
2023-08-23 00:00:00,0.2583,0.2595,0.2578,0.2585,32457559
2023-08-23 01:00:00,0.2585,0.2599,0.258,0.2596,15001673
2023-08-23 02:00:00,0.2595,0.2601,0.2586,0.2587,10975762
2023-08-23 03:00:00,0.2588,0.2594,0.2578,0.258,14076036
2023-08-23 04:00:00,0.2581,0.2593,0.2579,0.2591,9067659
2023-08-23 05:00:00,0.259,0.2594,0.2583,0.259,7413843
2023-08-23 06:00:00,0.259,0.2614,0.259,0.26,23956295
2023-08-23 07:00:00,0.26,0.2608,0.2592,0.2598,17725512
2023-08-23 08:00:00,0.2598,0.2612,0.2596,0.2603,16784377
2023-08-23 09:00:00,0.2603,0.2611,0.2599,0.2605,10655746
2023-08-23 10:00:00,0.2604,0.2607,0.2597,0.2597,11654921
2023-08-23 11:00:00,0.2598,0.2602,0.2591,0.2596,13032342
2023-08-23 12:00:00,0.2597,0.2603,0.2587,0.2588,18268747
2023-08-23 13:00:00,0.2588,0.2616,0.2583,0.2611,28757875
2023-08-23 14:00:00,0.2611,0.2628,0.2603,0.2618,36802341
2023-08-23 15:00:00,0.2617,0.2631,0.2613,0.2627,19680594
2023-08-23 16:00:00,0.2627,0.2673,0.2622,0.2662,63887332
2023-08-23 17:00:00,0.2662,0.2683,0.2656,0.2675,29343904
2023-08-23 18:00:00,0.2675,0.2682,0.2661,0.2667,19335586
2023-08-23 19:00:00,0.2667,0.2698,0.2664,0.2683,30142345
2023-08-23 20:00:00,0.2682,0.269,0.2669,0.2669,25450969
2023-08-23 21:00:00,0.267,0.2675,0.2647,0.2659,21432601
2023-08-23 22:00:00,0.2659,0.267,0.2655,0.2665,15342465
2023-08-23 23:00:00,0.2664,0.2682,0.2662,0.2679,13296210
2023-08-24 00:00:00,0.2679,0.2701,0.2679,0.2692,16698177
2023-08-24 01:00:00,0.2691,0.27,0.2678,0.2692,16805493
2023-08-24 02:00:00,0.2692,0.2693,0.2682,0.2688,11339570
2023-08-24 03:00:00,0.2687,0.269,0.2683,0.2685,10702783
2023-08-24 04:00:00,0.2686,0.2697,0.2682,0.2693,9190101
2023-08-24 05:00:00,0.2693,0.2713,0.2692,0.27,18556388
2023-08-24 06:00:00,0.27,0.27,0.2685,0.2688,17058392
2023-08-24 07:00:00,0.2688,0.269,0.2681,0.2687,10345902
2023-08-24 08:00:00,0.2687,0.2689,0.2676,0.2681,13630649
2023-08-24 09:00:00,0.2681,0.2683,0.2663,0.2664,17599205
2023-08-24 10:00:00,0.2664,0.2671,0.2662,0.2671,8233263
2023-08-24 11:00:00,0.2671,0.2679,0.2667,0.2669,11325837
2023-08-24 12:00:00,0.2669,0.2669,0.2657,0.2661,21231052
2023-08-24 13:00:00,0.2661,0.2664,0.2645,0.2657,23475407
2023-08-24 14:00:00,0.2656,0.266,0.2622,0.2629,55265590
2023-08-24 15:00:00,0.2628,0.2637,0.2621,0.2624,25488260
2023-08-24 16:00:00,0.2624,0.2655,0.2623,0.2655,24172265
2023-08-24 17:00:00,0.2655,0.2671,0.2638,0.2655,36594814
2023-08-24 18:00:00,0.2655,0.2657,0.2639,0.2642,14688212
2023-08-24 19:00:00,0.2642,0.2658,0.2642,0.2646,14936767
2023-08-24 20:00:00,0.2646,0.2649,0.2625,0.2639,22700523
2023-08-24 21:00:00,0.264,0.2653,0.2636,0.2653,9887929
2023-08-24 22:00:00,0.2652,0.2657,0.2645,0.2651,9087870
2023-08-24 23:00:00,0.2651,0.2663,0.2647,0.2656,13532218
2023-08-25 00:00:00,0.2656,0.2658,0.2643,0.2648,14083888
2023-08-25 01:00:00,0.2648,0.2703,0.2639,0.2699,37883583
2023-08-25 02:00:00,0.2699,0.2705,0.2634,0.2646,76979500
2023-08-25 03:00:00,0.2645,0.2668,0.2608,0.2629,113001538
2023-08-25 04:00:00,0.2629,0.2636,0.2601,0.2604,41735484
2023-08-25 05:00:00,0.2604,0.2626,0.2594,0.2618,22686438
2023-08-25 06:00:00,0.2619,0.2621,0.2606,0.2612,19234235
2023-08-25 07:00:00,0.2612,0.2625,0.2612,0.2617,14812520
2023-08-25 08:00:00,0.2617,0.2632,0.2615,0.2623,16067742
2023-08-25 09:00:00,0.2623,0.2637,0.2618,0.2629,19631417
2023-08-25 10:00:00,0.263,0.2633,0.2622,0.2623,8172627
2023-08-25 11:00:00,0.2623,0.263,0.2622,0.2627,8495845
2023-08-25 12:00:00,0.2627,0.2635,0.2617,0.2623,16432332
2023-08-25 13:00:00,0.2623,0.2643,0.262,0.2622,30645884
2023-08-25 14:00:00,0.2621,0.2656,0.2594,0.2602,93767748
2023-08-25 15:00:00,0.2601,0.2627,0.259,0.2603,41797268
2023-08-25 16:00:00,0.2602,0.2614,0.2588,0.2596,25523540
2023-08-25 17:00:00,0.2597,0.261,0.2595,0.2608,14900806
2023-08-25 18:00:00,0.2609,0.2621,0.2603,0.2616,13602492
2023-08-25 19:00:00,0.2616,0.2618,0.2592,0.2597,13543857
2023-08-25 20:00:00,0.2597,0.2603,0.2591,0.26,16493616
2023-08-25 21:00:00,0.2599,0.2606,0.2593,0.2606,8316401
2023-08-25 22:00:00,0.2605,0.2609,0.2595,0.2608,9968980
2023-08-25 23:00:00,0.2607,0.2612,0.2603,0.261,7409667
2023-08-26 00:00:00,0.2609,0.261,0.2588,0.2597,17673306
2023-08-26 01:00:00,0.2597,0.2607,0.2593,0.2595,9708326
2023-08-26 02:00:00,0.2596,0.2603,0.2591,0.2602,24560930
2023-08-26 03:00:00,0.2602,0.2604,0.2593,0.2601,15655051
2023-08-26 04:00:00,0.2601,0.2603,0.2593,0.2601,6806365
2023-08-26 05:00:00,0.2601,0.2602,0.2592,0.2594,5503871
2023-08-26 06:00:00,0.2593,0.2604,0.2588,0.2603,10560168
2023-08-26 07:00:00,0.2603,0.2605,0.2598,0.26,5903286
2023-08-26 08:00:00,0.2601,0.2601,0.2575,0.2585,35198496
2023-08-26 09:00:00,0.2584,0.2591,0.258,0.2588,8572247
2023-08-26 10:00:00,0.2587,0.2593,0.2586,0.2592,5854060
2023-08-26 11:00:00,0.2592,0.2594,0.2586,0.259,8355006
2023-08-26 12:00:00,0.259,0.2591,0.258,0.2586,8389839
2023-08-26 13:00:00,0.2586,0.2595,0.2586,0.2594,6257107
2023-08-26 14:00:00,0.2593,0.2605,0.2587,0.2602,22647617
2023-08-26 15:00:00,0.2603,0.2609,0.2599,0.2604,8506492
2023-08-26 16:00:00,0.2603,0.2609,0.2599,0.2606,11080359
2023-08-26 17:00:00,0.2605,0.2613,0.26,0.2605,10872435
2023-08-26 18:00:00,0.2604,0.261,0.2599,0.2605,5962334
2023-08-26 19:00:00,0.2606,0.2607,0.26,0.2606,4291716
2023-08-26 20:00:00,0.2606,0.2613,0.2604,0.2609,5610087
2023-08-26 21:00:00,0.2608,0.2616,0.2607,0.2614,6341593
2023-08-26 22:00:00,0.2614,0.2615,0.2608,0.2613,5039313
2023-08-26 23:00:00,0.2612,0.2614,0.2603,0.2607,7747390
2023-08-27 00:00:00,0.2608,0.2613,0.26,0.26,6586051
2023-08-27 01:00:00,0.2601,0.2613,0.2598,0.2607,22225038
2023-08-27 02:00:00,0.2607,0.2612,0.2601,0.2602,6225545
2023-08-27 03:00:00,0.2602,0.261,0.2601,0.2606,5022827
2023-08-27 04:00:00,0.2606,0.2612,0.2605,0.2611,3929912
2023-08-27 05:00:00,0.2611,0.2616,0.2609,0.2613,5639399
2023-08-27 06:00:00,0.2613,0.2627,0.2609,0.2618,43068508
2023-08-27 07:00:00,0.2618,0.2633,0.2616,0.263,12142243
2023-08-27 08:00:00,0.2629,0.2636,0.2628,0.2631,12175322
2023-08-27 09:00:00,0.2632,0.2641,0.2626,0.263,15286545
2023-08-27 10:00:00,0.263,0.2638,0.2629,0.2634,8674743
2023-08-27 11:00:00,0.2633,0.2636,0.2629,0.263,7473329
2023-08-27 12:00:00,0.263,0.2635,0.2626,0.2631,8943215
2023-08-27 13:00:00,0.2632,0.2637,0.2624,0.2626,8565433
2023-08-27 14:00:00,0.2625,0.2648,0.2624,0.2643,23962991
2023-08-27 15:00:00,0.2643,0.2651,0.263,0.2634,11996464
2023-08-27 16:00:00,0.2634,0.2638,0.2629,0.2638,9202905
2023-08-27 17:00:00,0.2638,0.264,0.2619,0.2623,11845429
2023-08-27 18:00:00,0.2622,0.2625,0.2617,0.2624,8584466
2023-08-27 19:00:00,0.2624,0.263,0.2619,0.2621,7119361
2023-08-27 20:00:00,0.2622,0.2623,0.2615,0.262,8397606
2023-08-27 21:00:00,0.2621,0.263,0.2611,0.2617,8025643
2023-08-27 22:00:00,0.2616,0.2632,0.2615,0.2631,7390084
2023-08-27 23:00:00,0.2631,0.2636,0.2628,0.2631,6327749
2023-08-28 00:00:00,0.2631,0.2633,0.2607,0.2614,16983829
2023-08-28 01:00:00,0.2614,0.2617,0.2601,0.2609,15914924
2023-08-28 02:00:00,0.2608,0.2617,0.2606,0.261,6423497
2023-08-28 03:00:00,0.261,0.2615,0.2605,0.2606,9344388
2023-08-28 04:00:00,0.2606,0.2607,0.2601,0.2607,6703846
2023-08-28 05:00:00,0.2606,0.2607,0.2578,0.2595,25098854
2023-08-28 06:00:00,0.2595,0.2604,0.2593,0.2601,10239248
2023-08-28 07:00:00,0.2601,0.2605,0.259,0.2597,7938161
2023-08-28 08:00:00,0.2597,0.2601,0.2587,0.2596,18279725
2023-08-28 09:00:00,0.2596,0.2599,0.2573,0.2592,25753586
2023-08-28 10:00:00,0.2591,0.26,0.2591,0.2599,7677173
2023-08-28 11:00:00,0.2598,0.2604,0.2595,0.2602,6502694
2023-08-28 12:00:00,0.2603,0.2641,0.2601,0.2627,45383780
2023-08-28 13:00:00,0.2628,0.2632,0.2618,0.2626,14429980
2023-08-28 14:00:00,0.2626,0.2649,0.2621,0.2648,21504247
2023-08-28 15:00:00,0.2648,0.2668,0.2641,0.2654,31846507
2023-08-28 16:00:00,0.2655,0.2672,0.2648,0.2664,26920959
2023-08-28 17:00:00,0.2664,0.2671,0.2651,0.2652,13898461
2023-08-28 18:00:00,0.2653,0.2664,0.2647,0.2663,12212467
2023-08-28 19:00:00,0.2662,0.2664,0.2632,0.2648,25047384
2023-08-28 20:00:00,0.2649,0.2663,0.2641,0.266,13236167
2023-08-28 21:00:00,0.2659,0.2668,0.2651,0.2653,10343564
2023-08-28 22:00:00,0.2653,0.2678,0.2651,0.2667,18608750
2023-08-28 23:00:00,0.2666,0.2678,0.2666,0.2674,11462713
2023-08-29 00:00:00,0.2675,0.2683,0.267,0.2675,17981855
2023-08-29 01:00:00,0.2675,0.268,0.2662,0.2665,15330396
2023-08-29 02:00:00,0.2665,0.2666,0.2656,0.266,8828010
2023-08-29 03:00:00,0.266,0.2663,0.265,0.2653,9669982
2023-08-29 04:00:00,0.2652,0.2653,0.2645,0.2648,16231919
2023-08-29 05:00:00,0.2647,0.265,0.2643,0.2648,7552210
2023-08-29 06:00:00,0.2647,0.2648,0.2627,0.2629,26015077
2023-08-29 07:00:00,0.263,0.2641,0.2624,0.2625,16326443
2023-08-29 08:00:00,0.2626,0.263,0.2617,0.2623,22192359
2023-08-29 09:00:00,0.2623,0.2626,0.2615,0.2617,13009635
2023-08-29 10:00:00,0.2616,0.262,0.2599,0.261,26852699
2023-08-29 11:00:00,0.2609,0.2618,0.2606,0.2608,19380086
2023-08-29 12:00:00,0.2607,0.2611,0.26,0.2611,14097264
2023-08-29 13:00:00,0.261,0.2618,0.2605,0.2613,12974600
2023-08-29 14:00:00,0.2613,0.2786,0.2612,0.2777,345112643
2023-08-29 15:00:00,0.2776,0.2803,0.2726,0.2737,114675189
2023-08-29 16:00:00,0.2737,0.2784,0.2736,0.277,106608926
2023-08-29 17:00:00,0.2771,0.2789,0.276,0.2773,43943656
2023-08-29 18:00:00,0.2773,0.2782,0.275,0.2752,20843674
2023-08-29 19:00:00,0.2752,0.2763,0.2742,0.2756,21711869
2023-08-29 20:00:00,0.2756,0.277,0.2744,0.2744,25348561
2023-08-29 21:00:00,0.2743,0.2758,0.274,0.2743,17467507
2023-08-29 22:00:00,0.2744,0.2752,0.2727,0.2732,24155019
2023-08-29 23:00:00,0.2731,0.2734,0.2713,0.2724,24537680
2023-08-30 00:00:00,0.2725,0.2729,0.2693,0.2694,29112420
2023-08-30 01:00:00,0.2695,0.27,0.268,0.2693,33133431
2023-08-30 02:00:00,0.2692,0.2694,0.2673,0.2673,25040328
2023-08-30 03:00:00,0.2673,0.2675,0.2654,0.267,22985374
2023-08-30 04:00:00,0.2669,0.267,0.2658,0.2663,14148426
2023-08-30 05:00:00,0.2663,0.267,0.2659,0.2667,9177682
2023-08-30 06:00:00,0.2668,0.2668,0.2643,0.2644,29362279
2023-08-30 07:00:00,0.2645,0.2664,0.2643,0.2658,26294211
2023-08-30 08:00:00,0.2657,0.266,0.2647,0.2657,20151166
2023-08-30 09:00:00,0.2656,0.2658,0.2636,0.2655,29452677
2023-08-30 10:00:00,0.2654,0.2664,0.2648,0.2657,22326979
2023-08-30 11:00:00,0.2657,0.2658,0.2639,0.2642,22162820
2023-08-30 12:00:00,0.2643,0.265,0.2631,0.2641,30440360
2023-08-30 13:00:00,0.2641,0.2652,0.2618,0.2644,51258742
2023-08-30 14:00:00,0.2644,0.2653,0.26,0.2618,80642980
2023-08-30 15:00:00,0.2618,0.2632,0.2603,0.2625,39737642
2023-08-30 16:00:00,0.2625,0.2634,0.2617,0.2633,23641747
2023-08-30 17:00:00,0.2634,0.2643,0.2631,0.2633,17729012
2023-08-30 18:00:00,0.2634,0.2641,0.2625,0.264,14505842
2023-08-30 19:00:00,0.2639,0.2646,0.2635,0.2637,11508812
2023-08-30 20:00:00,0.2636,0.2652,0.2636,0.2647,12867090
2023-08-30 21:00:00,0.2646,0.2655,0.2644,0.2651,11786443
2023-08-30 22:00:00,0.265,0.2664,0.265,0.2657,12060154
2023-08-30 23:00:00,0.2658,0.2662,0.265,0.2652,11095167
2023-08-31 00:00:00,0.2653,0.2658,0.2644,0.2651,17651500
2023-08-31 01:00:00,0.2651,0.2653,0.2635,0.2639,12477200
2023-08-31 02:00:00,0.2639,0.2647,0.2636,0.2642,7779283
2023-08-31 03:00:00,0.2643,0.2648,0.2638,0.2646,16504652
2023-08-31 04:00:00,0.2646,0.2654,0.2643,0.2652,8667879
2023-08-31 05:00:00,0.2652,0.2654,0.2644,0.2649,14054765
2023-08-31 06:00:00,0.2649,0.2653,0.2644,0.265,7232766
2023-08-31 07:00:00,0.2649,0.2655,0.2642,0.2651,17141673
2023-08-31 08:00:00,0.2652,0.2653,0.2643,0.2645,10607028
2023-08-31 09:00:00,0.2645,0.2647,0.2641,0.2641,8445723
2023-08-31 10:00:00,0.2642,0.2644,0.2638,0.2643,6981370
2023-08-31 11:00:00,0.2643,0.2666,0.2642,0.265,42535013
2023-08-31 12:00:00,0.265,0.2651,0.2631,0.2637,28553141
2023-08-31 13:00:00,0.2637,0.2638,0.2617,0.2623,26496110
2023-08-31 14:00:00,0.2624,0.263,0.2609,0.2628,30465310
2023-08-31 15:00:00,0.2628,0.2629,0.2565,0.259,79219325
2023-08-31 16:00:00,0.259,0.2594,0.252,0.2525,124209890
2023-08-31 17:00:00,0.2526,0.2557,0.2484,0.2556,116369623
2023-08-31 18:00:00,0.2555,0.2565,0.2547,0.2556,27655113
2023-08-31 19:00:00,0.2556,0.2557,0.2526,0.2544,37148939
2023-08-31 20:00:00,0.2544,0.2545,0.2532,0.2537,17146018
2023-08-31 21:00:00,0.2537,0.2543,0.2508,0.2543,38279146
2023-08-31 22:00:00,0.2542,0.2552,0.2538,0.2543,16858042
2023-08-31 23:00:00,0.2543,0.2555,0.2539,0.2553,13162987
2023-09-01 00:00:00,0.2553,0.258,0.2548,0.2566,33828198
2023-09-01 01:00:00,0.2566,0.2567,0.2559,0.256,11488279
2023-09-01 02:00:00,0.256,0.2572,0.2559,0.2563,17533722
2023-09-01 03:00:00,0.2563,0.2566,0.2559,0.2561,7140634
2023-09-01 04:00:00,0.2562,0.2563,0.2557,0.2559,8673287
2023-09-01 05:00:00,0.256,0.2567,0.2557,0.2563,7160048
2023-09-01 06:00:00,0.2563,0.2575,0.256,0.2567,25703297
2023-09-01 07:00:00,0.2566,0.2569,0.2557,0.2559,10883104
2023-09-01 08:00:00,0.256,0.2564,0.2555,0.2559,9203389
2023-09-01 09:00:00,0.2559,0.257,0.2557,0.2564,9007740
2023-09-01 10:00:00,0.2563,0.2576,0.2561,0.2566,10834177
2023-09-01 11:00:00,0.2566,0.2584,0.2566,0.2579,13654474
2023-09-01 12:00:00,0.258,0.2586,0.2571,0.2578,21826071
2023-09-01 13:00:00,0.2578,0.2582,0.2558,0.2573,22235491
2023-09-01 14:00:00,0.2573,0.2575,0.2541,0.2553,38909770
2023-09-01 15:00:00,0.2554,0.2573,0.2543,0.2554,26753921
2023-09-01 16:00:00,0.2554,0.2566,0.2544,0.2545,22452787
2023-09-01 17:00:00,0.2544,0.2547,0.2511,0.2526,88957765
2023-09-01 18:00:00,0.2525,0.2555,0.2525,0.2539,29900898
2023-09-01 19:00:00,0.2539,0.2544,0.2527,0.2536,17600533
2023-09-01 20:00:00,0.2536,0.257,0.2533,0.2549,31060195
2023-09-01 21:00:00,0.2549,0.2558,0.2546,0.255,13078708
2023-09-01 22:00:00,0.2549,0.255,0.2538,0.2546,15154571
2023-09-01 23:00:00,0.2545,0.2554,0.2543,0.2548,9153561
2023-09-02 00:00:00,0.2548,0.2553,0.2541,0.2547,10658616
2023-09-02 01:00:00,0.2546,0.2556,0.2542,0.2547,7988954
2023-09-02 02:00:00,0.2547,0.2557,0.2546,0.2551,5839433
2023-09-02 03:00:00,0.2552,0.2565,0.2551,0.2564,6007524
2023-09-02 04:00:00,0.2563,0.2566,0.2559,0.2564,5701597
2023-09-02 05:00:00,0.2563,0.2565,0.2556,0.256,7565047
2023-09-02 06:00:00,0.2559,0.2563,0.2551,0.2553,5654976
2023-09-02 07:00:00,0.2553,0.2555,0.2548,0.2552,5538226
2023-09-02 08:00:00,0.2552,0.2557,0.2543,0.2544,9428421
2023-09-02 09:00:00,0.2545,0.2553,0.2542,0.2548,7965370
2023-09-02 10:00:00,0.2549,0.2554,0.2547,0.2551,6667727
2023-09-02 11:00:00,0.255,0.2553,0.2545,0.2547,6145221
2023-09-02 12:00:00,0.2547,0.2555,0.2546,0.2553,7637289
2023-09-02 13:00:00,0.2554,0.2567,0.2548,0.2562,11236616
2023-09-02 14:00:00,0.2563,0.257,0.2558,0.2562,12786548
2023-09-02 15:00:00,0.2563,0.2572,0.2559,0.2561,14531924
2023-09-02 16:00:00,0.2561,0.2567,0.2551,0.2555,12980940
2023-09-02 17:00:00,0.2554,0.2564,0.2545,0.2547,15070765
2023-09-02 18:00:00,0.2546,0.2552,0.2533,0.2543,20262933
2023-09-02 19:00:00,0.2543,0.2556,0.2541,0.2552,8036551
2023-09-02 20:00:00,0.2551,0.2552,0.2546,0.2547,5837518
2023-09-02 21:00:00,0.2548,0.2555,0.2545,0.2547,5242465
2023-09-02 22:00:00,0.2547,0.2555,0.2545,0.2554,4954766
2023-09-02 23:00:00,0.2554,0.2562,0.2552,0.256,6985790
2023-09-03 00:00:00,0.2559,0.2561,0.2547,0.256,9858386
2023-09-03 01:00:00,0.256,0.2563,0.2549,0.2551,7398328
2023-09-03 02:00:00,0.2551,0.2554,0.2549,0.2552,4217550
2023-09-03 03:00:00,0.2551,0.2554,0.2547,0.2553,4204434
2023-09-03 04:00:00,0.2554,0.2555,0.2543,0.2545,7451325
2023-09-03 05:00:00,0.2546,0.2559,0.2544,0.2556,6355627
2023-09-03 06:00:00,0.2556,0.2568,0.2555,0.2564,9080837
2023-09-03 07:00:00,0.2564,0.2566,0.2551,0.2555,8004727
2023-09-03 08:00:00,0.2554,0.2556,0.2542,0.2544,11833565
2023-09-03 09:00:00,0.2544,0.2549,0.2544,0.2547,5555341
2023-09-03 10:00:00,0.2547,0.2552,0.2546,0.2552,4059877
2023-09-03 11:00:00,0.2552,0.2552,0.254,0.2547,8773296
2023-09-03 12:00:00,0.2546,0.2557,0.254,0.2545,14339345
2023-09-03 13:00:00,0.2544,0.2549,0.2534,0.2545,15973206
2023-09-03 14:00:00,0.2545,0.255,0.2534,0.2535,14623377
2023-09-03 15:00:00,0.2535,0.2539,0.253,0.2537,14548989
2023-09-03 16:00:00,0.2537,0.2545,0.2529,0.2537,20923198
2023-09-03 17:00:00,0.2538,0.2542,0.2528,0.254,11987321
2023-09-03 18:00:00,0.2541,0.2558,0.2537,0.2548,14897978
2023-09-03 19:00:00,0.2548,0.2556,0.2544,0.2551,6429436
2023-09-03 20:00:00,0.2552,0.2562,0.2546,0.2556,15555752
2023-09-03 21:00:00,0.2557,0.256,0.2541,0.2545,16046443
2023-09-03 22:00:00,0.2544,0.2551,0.254,0.255,4821073
2023-09-03 23:00:00,0.2549,0.2558,0.2546,0.2557,6567656
2023-09-04 00:00:00,0.2556,0.2567,0.2554,0.2564,10514745
2023-09-04 01:00:00,0.2563,0.2576,0.2558,0.2563,14213523
2023-09-04 02:00:00,0.2564,0.2584,0.2561,0.2577,19677612
2023-09-04 03:00:00,0.2578,0.2599,0.2574,0.2575,19163666
2023-09-04 04:00:00,0.2575,0.2579,0.2572,0.2572,6732844
2023-09-04 05:00:00,0.2573,0.2575,0.256,0.2561,8610201
2023-09-04 06:00:00,0.2562,0.2572,0.2558,0.257,9222037
2023-09-04 07:00:00,0.257,0.2583,0.2566,0.2568,23977415
2023-09-04 08:00:00,0.2568,0.2578,0.2568,0.2571,7694496
2023-09-04 09:00:00,0.2571,0.2571,0.2561,0.2563,5256808
2023-09-04 10:00:00,0.2563,0.2564,0.2556,0.2559,8883249
2023-09-04 11:00:00,0.256,0.2561,0.2551,0.2553,8161970
2023-09-04 12:00:00,0.2553,0.2558,0.2549,0.2556,11537723
2023-09-04 13:00:00,0.2556,0.2573,0.2552,0.2562,13636299
2023-09-04 14:00:00,0.2562,0.2566,0.2556,0.256,11276140
2023-09-04 15:00:00,0.2559,0.2567,0.2537,0.2556,36478059
2023-09-04 16:00:00,0.2556,0.2566,0.2555,0.2562,13595935
2023-09-04 17:00:00,0.2563,0.2577,0.2559,0.2568,12565790
2023-09-04 18:00:00,0.2568,0.2569,0.2561,0.2564,6507044
2023-09-04 19:00:00,0.2564,0.2564,0.2548,0.2556,8330615
2023-09-04 20:00:00,0.2557,0.256,0.2546,0.2554,8487840
2023-09-04 21:00:00,0.2554,0.2555,0.253,0.2536,17730397
2023-09-04 22:00:00,0.2536,0.2556,0.2531,0.2555,11632987
2023-09-04 23:00:00,0.2555,0.2564,0.2553,0.2561,10349173
2023-09-05 00:00:00,0.2561,0.2563,0.2546,0.2552,11131068
2023-09-05 01:00:00,0.2551,0.2556,0.2543,0.2548,21114437
2023-09-05 02:00:00,0.2547,0.2551,0.2539,0.2547,9178582
2023-09-05 03:00:00,0.2547,0.2555,0.2534,0.2553,15163831
2023-09-05 04:00:00,0.2554,0.2572,0.2553,0.2569,15719521
2023-09-05 05:00:00,0.2569,0.2577,0.2567,0.2571,12807778
2023-09-05 06:00:00,0.2572,0.2577,0.2561,0.2562,21732210
2023-09-05 07:00:00,0.2562,0.2573,0.256,0.2568,7596189
2023-09-05 08:00:00,0.2569,0.2574,0.2555,0.2561,12000877
2023-09-05 09:00:00,0.2562,0.2571,0.256,0.2565,7411929
2023-09-05 10:00:00,0.2565,0.2574,0.2563,0.2567,8128977
2023-09-05 11:00:00,0.2568,0.2572,0.256,0.257,6923060
2023-09-05 12:00:00,0.2569,0.2573,0.2557,0.2568,11869427
2023-09-05 13:00:00,0.2569,0.257,0.2558,0.2559,8923038
2023-09-05 14:00:00,0.2559,0.2565,0.255,0.2562,18501924
2023-09-05 15:00:00,0.2562,0.2588,0.256,0.2576,33632026
2023-09-05 16:00:00,0.2576,0.2586,0.2563,0.2565,26185346
2023-09-05 17:00:00,0.2566,0.2575,0.2559,0.257,13065575
2023-09-05 18:00:00,0.257,0.2574,0.2567,0.257,6951406
2023-09-05 19:00:00,0.257,0.2575,0.2564,0.2565,7634456
2023-09-05 20:00:00,0.2565,0.2569,0.2559,0.2563,9183010
2023-09-05 21:00:00,0.2563,0.2575,0.2562,0.2567,6433210
2023-09-05 22:00:00,0.2566,0.2572,0.2564,0.2569,4785522
2023-09-05 23:00:00,0.257,0.2578,0.2567,0.2577,6303219
2023-09-06 00:00:00,0.2577,0.2585,0.2572,0.2583,10335068
2023-09-06 01:00:00,0.2583,0.2591,0.2579,0.2581,9349321
2023-09-06 02:00:00,0.2582,0.2593,0.2579,0.2591,27341643
2023-09-06 03:00:00,0.2591,0.2594,0.2576,0.2586,13253583
2023-09-06 04:00:00,0.2585,0.2586,0.2565,0.2567,15266253
2023-09-06 05:00:00,0.2566,0.2569,0.2557,0.2559,10392699
2023-09-06 06:00:00,0.2559,0.2567,0.2552,0.2559,29833133
2023-09-06 07:00:00,0.2559,0.2563,0.2556,0.2558,6074628
2023-09-06 08:00:00,0.2557,0.256,0.2553,0.2557,5802110
2023-09-06 09:00:00,0.2558,0.2566,0.2555,0.2563,5276157
2023-09-06 10:00:00,0.2564,0.2567,0.2558,0.2559,6185557
2023-09-06 11:00:00,0.2559,0.2564,0.2556,0.2559,6435125
2023-09-06 12:00:00,0.2559,0.2563,0.2555,0.2559,6003068
2023-09-06 13:00:00,0.256,0.257,0.2554,0.2561,11814870
2023-09-06 14:00:00,0.2562,0.2563,0.2544,0.2556,36067587
2023-09-06 15:00:00,0.2556,0.2558,0.2538,0.2549,16664492
2023-09-06 16:00:00,0.2549,0.2554,0.2544,0.2547,10991893
2023-09-06 17:00:00,0.2547,0.2614,0.2518,0.2582,81716256
2023-09-06 18:00:00,0.2583,0.2597,0.256,0.2562,40955042
2023-09-06 19:00:00,0.2562,0.2568,0.2556,0.2566,10596564
2023-09-06 20:00:00,0.2566,0.2574,0.2562,0.2567,6458231
2023-09-06 21:00:00,0.2567,0.2579,0.2565,0.2576,5306786
2023-09-06 22:00:00,0.2577,0.2581,0.2573,0.2575,6192101
2023-09-06 23:00:00,0.2575,0.2582,0.2572,0.2576,6478043
2023-09-07 00:00:00,0.2576,0.258,0.2572,0.2577,6991909
2023-09-07 01:00:00,0.2577,0.2583,0.2573,0.2574,33734729
2023-09-07 02:00:00,0.2573,0.2577,0.2565,0.2566,13345115
2023-09-07 03:00:00,0.2565,0.2574,0.2561,0.2573,7417405
2023-09-07 04:00:00,0.2573,0.2577,0.2567,0.2569,7508067
2023-09-07 05:00:00,0.2569,0.2572,0.2567,0.2568,3260880
2023-09-07 06:00:00,0.2569,0.257,0.2565,0.2566,7493713
2023-09-07 07:00:00,0.2567,0.2569,0.2562,0.2566,5791455
2023-09-07 08:00:00,0.2566,0.2566,0.2555,0.2557,10449062
2023-09-07 09:00:00,0.2557,0.2559,0.2548,0.2553,12958950
2023-09-07 10:00:00,0.2554,0.2554,0.2546,0.2549,6967622
2023-09-07 11:00:00,0.2549,0.255,0.2537,0.2539,12466143
2023-09-07 12:00:00,0.2539,0.2541,0.2529,0.2534,17565376
2023-09-07 13:00:00,0.2534,0.2548,0.253,0.2535,14068580
2023-09-07 14:00:00,0.2534,0.2548,0.253,0.2546,17126302
2023-09-07 15:00:00,0.2546,0.2551,0.2543,0.2549,13302544
2023-09-07 16:00:00,0.2548,0.256,0.2544,0.2548,16907351
2023-09-07 17:00:00,0.2548,0.256,0.2536,0.2556,21748828
2023-09-07 18:00:00,0.2557,0.2561,0.2548,0.2557,8878871
2023-09-07 19:00:00,0.2556,0.256,0.255,0.2558,6999613
2023-09-07 20:00:00,0.2558,0.2565,0.2556,0.2562,8755094
2023-09-07 21:00:00,0.2563,0.2596,0.2561,0.257,46034062
2023-09-07 22:00:00,0.257,0.2585,0.2569,0.2578,16253043
2023-09-07 23:00:00,0.2578,0.2584,0.2565,0.2578,12448021
2023-09-08 00:00:00,0.2579,0.2597,0.2572,0.2588,18593793
2023-09-08 01:00:00,0.2589,0.2593,0.257,0.2573,14256299
2023-09-08 02:00:00,0.2573,0.2574,0.2565,0.2568,9862216
2023-09-08 03:00:00,0.2569,0.2576,0.2562,0.2572,42541080
2023-09-08 04:00:00,0.2573,0.2585,0.2572,0.2581,9765098
2023-09-08 05:00:00,0.2581,0.2584,0.257,0.2572,9108849
2023-09-08 06:00:00,0.2571,0.258,0.2567,0.2579,9144484
2023-09-08 07:00:00,0.2579,0.2583,0.2578,0.258,5550418
2023-09-08 08:00:00,0.2581,0.2582,0.2572,0.2578,9475048
2023-09-08 09:00:00,0.2578,0.258,0.2556,0.2558,17114561
2023-09-08 10:00:00,0.2557,0.2558,0.2524,0.2536,60747826
2023-09-08 11:00:00,0.2537,0.2543,0.2534,0.2535,11758076
2023-09-08 12:00:00,0.2535,0.2542,0.253,0.254,12753341
2023-09-08 13:00:00,0.254,0.2547,0.2535,0.2544,12441448
2023-09-08 14:00:00,0.2545,0.255,0.254,0.254,10597194
2023-09-08 15:00:00,0.254,0.2546,0.2536,0.2539,13403234
2023-09-08 16:00:00,0.2539,0.2539,0.2528,0.2536,19455926
2023-09-08 17:00:00,0.2536,0.254,0.253,0.2539,8453712
2023-09-08 18:00:00,0.2539,0.2542,0.2528,0.253,8218006
2023-09-08 19:00:00,0.2531,0.2536,0.2526,0.2532,10336862
2023-09-08 20:00:00,0.2533,0.2535,0.2527,0.2529,9531857
2023-09-08 21:00:00,0.2529,0.2532,0.2524,0.2531,9217713
2023-09-08 22:00:00,0.2531,0.254,0.253,0.2538,7266575
2023-09-08 23:00:00,0.2538,0.2546,0.2538,0.2542,7114117
2023-09-09 00:00:00,0.2542,0.2544,0.2535,0.2536,6256483
2023-09-09 01:00:00,0.2536,0.2548,0.2535,0.2546,6483990
2023-09-09 02:00:00,0.2547,0.2555,0.2542,0.2552,8056376
2023-09-09 03:00:00,0.2551,0.2553,0.2545,0.2546,5619255
2023-09-09 04:00:00,0.2546,0.2553,0.2544,0.2551,7091942
2023-09-09 05:00:00,0.2552,0.2554,0.254,0.2543,6825175
2023-09-09 06:00:00,0.2543,0.255,0.2541,0.2547,7182644
2023-09-09 07:00:00,0.2548,0.2555,0.2546,0.2553,8331363
2023-09-09 08:00:00,0.2553,0.2556,0.2549,0.255,6892618
2023-09-09 09:00:00,0.2551,0.2557,0.255,0.2552,6262654
2023-09-09 10:00:00,0.2552,0.2554,0.2546,0.2548,5776047
2023-09-09 11:00:00,0.2547,0.2548,0.2543,0.2546,5415946
2023-09-09 12:00:00,0.2546,0.2548,0.2539,0.2541,5334105
2023-09-09 13:00:00,0.254,0.2541,0.2533,0.2539,13617255
2023-09-09 14:00:00,0.254,0.2542,0.2536,0.2541,4278993
2023-09-09 15:00:00,0.254,0.2548,0.254,0.254,8116356
2023-09-09 16:00:00,0.2541,0.2545,0.2538,0.2539,6824390
2023-09-09 17:00:00,0.2538,0.2539,0.2531,0.2536,6565658
2023-09-09 18:00:00,0.2536,0.2536,0.253,0.2533,5838862
2023-09-09 19:00:00,0.2533,0.2535,0.2529,0.2533,6369655
2023-09-09 20:00:00,0.2533,0.2534,0.2529,0.2531,5790068
2023-09-09 21:00:00,0.253,0.2535,0.2529,0.2533,6475522
2023-09-09 22:00:00,0.2532,0.2536,0.253,0.2533,4727728
2023-09-09 23:00:00,0.2532,0.2533,0.253,0.253,3641055
2023-09-10 00:00:00,0.2531,0.2531,0.2496,0.2512,43430944
2023-09-10 01:00:00,0.2512,0.2513,0.2498,0.2509,18610322
2023-09-10 02:00:00,0.2509,0.2512,0.2501,0.2511,8830629
2023-09-10 03:00:00,0.2511,0.2512,0.2503,0.2506,8041826
2023-09-10 04:00:00,0.2505,0.2508,0.241,0.2475,115581916
2023-09-10 05:00:00,0.2475,0.2483,0.2465,0.2482,22739188
2023-09-10 06:00:00,0.2483,0.2496,0.2481,0.2492,12023664
2023-09-10 07:00:00,0.2493,0.2499,0.2489,0.2494,11401361
2023-09-10 08:00:00,0.2493,0.2501,0.2485,0.2495,12205206
2023-09-10 09:00:00,0.2495,0.25,0.2489,0.2497,9152597
2023-09-10 10:00:00,0.2498,0.2499,0.2493,0.2494,7621753
2023-09-10 11:00:00,0.2493,0.2508,0.2492,0.25,15836859
2023-09-10 12:00:00,0.25,0.2508,0.2499,0.2504,12977773
2023-09-10 13:00:00,0.2504,0.2506,0.2496,0.2501,8531679
2023-09-10 14:00:00,0.2501,0.2503,0.2477,0.2482,16793543
2023-09-10 15:00:00,0.2482,0.2484,0.2459,0.2477,36492998
2023-09-10 16:00:00,0.2478,0.2478,0.2437,0.2466,37801092
2023-09-10 17:00:00,0.2466,0.247,0.2453,0.2463,20026250
2023-09-10 18:00:00,0.2462,0.2477,0.2462,0.2469,10290262
2023-09-10 19:00:00,0.2469,0.2489,0.2453,0.248,22110739
2023-09-10 20:00:00,0.2479,0.2495,0.2475,0.2484,44999081
2023-09-10 21:00:00,0.2484,0.2493,0.2481,0.249,9832074
2023-09-10 22:00:00,0.2491,0.2501,0.2486,0.2487,9604189
2023-09-10 23:00:00,0.2487,0.2492,0.2485,0.2488,7712387
2023-09-11 00:00:00,0.2488,0.2495,0.2461,0.247,23120409
2023-09-11 01:00:00,0.2471,0.2477,0.2461,0.2474,15672547
2023-09-11 02:00:00,0.2474,0.2483,0.2469,0.2478,30340385
2023-09-11 03:00:00,0.2477,0.2486,0.2476,0.2478,6001315
2023-09-11 04:00:00,0.2478,0.248,0.2468,0.2473,11228726
2023-09-11 05:00:00,0.2473,0.2484,0.247,0.2483,8987377
2023-09-11 06:00:00,0.2483,0.2485,0.2473,0.2475,9876841
2023-09-11 07:00:00,0.2476,0.2477,0.2459,0.2464,16143143
2023-09-11 08:00:00,0.2464,0.2465,0.2438,0.2449,29632321
2023-09-11 09:00:00,0.2449,0.2459,0.242,0.2433,45852246
2023-09-11 10:00:00,0.2432,0.2434,0.2376,0.2429,80193160
2023-09-11 11:00:00,0.2429,0.2438,0.2425,0.2429,20686991
2023-09-11 12:00:00,0.243,0.245,0.2428,0.2449,17839078
2023-09-11 13:00:00,0.245,0.2458,0.2439,0.244,16417490
2023-09-11 14:00:00,0.244,0.2449,0.2412,0.2426,93995802
2023-09-11 15:00:00,0.2426,0.2439,0.2411,0.2423,35891527
2023-09-11 16:00:00,0.2424,0.2431,0.2409,0.2413,22308901
2023-09-11 17:00:00,0.2412,0.2419,0.2397,0.2417,21588203
2023-09-11 18:00:00,0.2417,0.2418,0.2394,0.2397,17082951
2023-09-11 19:00:00,0.2397,0.2397,0.2365,0.2379,65909646
2023-09-11 20:00:00,0.2378,0.2401,0.237,0.2401,29262976
2023-09-11 21:00:00,0.24,0.2412,0.2397,0.24,12253767
2023-09-11 22:00:00,0.2401,0.2413,0.24,0.2406,8909228
2023-09-11 23:00:00,0.2406,0.2422,0.2402,0.2419,12745239
2023-09-12 00:00:00,0.2418,0.2436,0.241,0.2422,21765434
2023-09-12 01:00:00,0.2422,0.2424,0.2406,0.241,12287616
2023-09-12 02:00:00,0.2409,0.2419,0.2407,0.2417,8952043
2023-09-12 03:00:00,0.2417,0.2497,0.2417,0.2468,81537940
2023-09-12 04:00:00,0.2468,0.2477,0.2453,0.2457,24969049
2023-09-12 05:00:00,0.2457,0.2459,0.2445,0.2456,18488967
2023-09-12 06:00:00,0.2456,0.2465,0.2449,0.2451,14630691
2023-09-12 07:00:00,0.2451,0.2459,0.2444,0.2457,14063674
2023-09-12 08:00:00,0.2456,0.2467,0.2452,0.2454,12994879
2023-09-12 09:00:00,0.2454,0.248,0.2449,0.2479,17087274
2023-09-12 10:00:00,0.248,0.2528,0.2474,0.2495,73920172
2023-09-12 11:00:00,0.2496,0.2498,0.248,0.2485,16934455
2023-09-12 12:00:00,0.2485,0.2494,0.2479,0.2488,20132106
2023-09-12 13:00:00,0.2488,0.2496,0.2476,0.2494,23689934
2023-09-12 14:00:00,0.2495,0.2505,0.2476,0.248,26234473
2023-09-12 15:00:00,0.248,0.2491,0.248,0.2488,15466002
2023-09-12 16:00:00,0.2487,0.2513,0.2472,0.2479,40896721
2023-09-12 17:00:00,0.2478,0.248,0.2454,0.2461,36258150
2023-09-12 18:00:00,0.2462,0.2474,0.246,0.2471,12930354
2023-09-12 19:00:00,0.2472,0.2494,0.2469,0.2471,19890640
2023-09-12 20:00:00,0.2471,0.2473,0.2465,0.2467,11658062
2023-09-12 21:00:00,0.2467,0.2477,0.2462,0.247,8075066
2023-09-12 22:00:00,0.247,0.2471,0.2455,0.2462,10335983
2023-09-12 23:00:00,0.2462,0.2464,0.245,0.2454,16306054
2023-09-13 00:00:00,0.2453,0.2468,0.2446,0.2462,20063037
2023-09-13 01:00:00,0.2462,0.2471,0.2458,0.2466,11433225
2023-09-13 02:00:00,0.2467,0.2467,0.2445,0.2448,16820988
2023-09-13 03:00:00,0.2448,0.2452,0.2433,0.2441,17670782
2023-09-13 04:00:00,0.2441,0.2448,0.2435,0.2447,9829806
2023-09-13 05:00:00,0.2447,0.245,0.2435,0.2442,10336249
2023-09-13 06:00:00,0.2443,0.2456,0.2438,0.2454,9349383
2023-09-13 07:00:00,0.2454,0.2496,0.2446,0.2452,73179369
2023-09-13 08:00:00,0.2451,0.2471,0.2448,0.2471,16376643
2023-09-13 09:00:00,0.2471,0.2484,0.2463,0.2479,23974829
2023-09-13 10:00:00,0.2479,0.2484,0.2467,0.2474,15052679
2023-09-13 11:00:00,0.2475,0.2487,0.2468,0.2483,17798346
2023-09-13 12:00:00,0.2482,0.2492,0.2469,0.2484,32972028
2023-09-13 13:00:00,0.2484,0.2486,0.2473,0.2479,19480645
2023-09-13 14:00:00,0.248,0.2497,0.2474,0.2487,22569004
2023-09-13 15:00:00,0.2487,0.25,0.2483,0.2485,20796349
2023-09-13 16:00:00,0.2484,0.2496,0.248,0.249,17099675
2023-09-13 17:00:00,0.2491,0.2498,0.2475,0.2476,27515598
2023-09-13 18:00:00,0.2477,0.2487,0.2472,0.2474,12801233
2023-09-13 19:00:00,0.2474,0.2482,0.2468,0.2476,12668441
2023-09-13 20:00:00,0.2476,0.2488,0.2475,0.2485,7196434
2023-09-13 21:00:00,0.2486,0.2491,0.2483,0.2487,5165835
2023-09-13 22:00:00,0.2487,0.2495,0.2486,0.2489,5901141
2023-09-13 23:00:00,0.2489,0.2491,0.2482,0.2485,7153046
2023-09-14 00:00:00,0.2484,0.2519,0.2483,0.2517,37347063
2023-09-14 01:00:00,0.2517,0.2519,0.2449,0.2481,67704623
2023-09-14 02:00:00,0.2481,0.2488,0.2476,0.2486,9399307
2023-09-14 03:00:00,0.2485,0.2489,0.2475,0.248,9322045
2023-09-14 04:00:00,0.2481,0.2483,0.2464,0.2471,14210856
2023-09-14 05:00:00,0.2471,0.2474,0.2462,0.2467,13022209
2023-09-14 06:00:00,0.2466,0.2472,0.2463,0.2472,10133029
2023-09-14 07:00:00,0.2472,0.2479,0.2466,0.2473,12077336
2023-09-14 08:00:00,0.2473,0.248,0.2467,0.2471,12408069
2023-09-14 09:00:00,0.2471,0.2477,0.2467,0.2476,7118376
2023-09-14 10:00:00,0.2477,0.248,0.2474,0.2479,8066690
2023-09-14 11:00:00,0.2479,0.2493,0.2478,0.249,13045743
2023-09-14 12:00:00,0.249,0.2497,0.2478,0.249,18897717
2023-09-14 13:00:00,0.249,0.2514,0.2488,0.2502,44411002
2023-09-14 14:00:00,0.2502,0.2513,0.2496,0.2511,20764355
2023-09-14 15:00:00,0.2511,0.252,0.2496,0.2506,24948950
2023-09-14 16:00:00,0.2507,0.2512,0.2497,0.2509,18990045
2023-09-14 17:00:00,0.2509,0.2512,0.2502,0.2509,12608756
2023-09-14 18:00:00,0.2509,0.2526,0.25,0.25,22316021
2023-09-14 19:00:00,0.2501,0.2519,0.2498,0.2519,10773315
2023-09-14 20:00:00,0.2518,0.2523,0.25,0.25,12219237
2023-09-14 21:00:00,0.2501,0.2509,0.2498,0.2506,8040757
2023-09-14 22:00:00,0.2506,0.2523,0.2506,0.2519,9554537
2023-09-14 23:00:00,0.2518,0.252,0.2505,0.2512,10240629
2023-09-15 00:00:00,0.2511,0.2518,0.2506,0.2511,11763160
2023-09-15 01:00:00,0.251,0.2524,0.2504,0.2522,13669369
2023-09-15 02:00:00,0.2522,0.2551,0.2522,0.2536,35211988
2023-09-15 03:00:00,0.2536,0.2541,0.2532,0.2539,13029834
2023-09-15 04:00:00,0.254,0.2546,0.253,0.2537,17134933
2023-09-15 05:00:00,0.2537,0.2541,0.2524,0.2528,12160334
2023-09-15 06:00:00,0.2528,0.2528,0.2511,0.2519,13596611
2023-09-15 07:00:00,0.2519,0.252,0.2507,0.2508,11487206
2023-09-15 08:00:00,0.2509,0.2517,0.2505,0.2514,12558969
2023-09-15 09:00:00,0.2514,0.2518,0.2508,0.251,10848553
2023-09-15 10:00:00,0.251,0.2512,0.25,0.2507,12087877
2023-09-15 11:00:00,0.2508,0.2508,0.2485,0.2489,20764334
2023-09-15 12:00:00,0.249,0.2497,0.2481,0.2484,18210631
2023-09-15 13:00:00,0.2484,0.2493,0.2479,0.248,16890326
2023-09-15 14:00:00,0.2481,0.2485,0.2463,0.2468,30377279
2023-09-15 15:00:00,0.2469,0.2481,0.2466,0.248,19805121
2023-09-15 16:00:00,0.248,0.2482,0.2469,0.2474,12421748
2023-09-15 17:00:00,0.2475,0.2476,0.2461,0.2463,13048166
2023-09-15 18:00:00,0.2464,0.2464,0.245,0.2456,18601094
2023-09-15 19:00:00,0.2456,0.2476,0.2452,0.2475,13443254
2023-09-15 20:00:00,0.2475,0.2481,0.247,0.2481,12195041
2023-09-15 21:00:00,0.2481,0.2498,0.248,0.2489,16844644
2023-09-15 22:00:00,0.2489,0.2521,0.2489,0.2515,33650045
2023-09-15 23:00:00,0.2515,0.2523,0.2498,0.2504,29560752
2023-09-16 00:00:00,0.2504,0.2508,0.2496,0.2502,16598839
2023-09-16 01:00:00,0.2502,0.2514,0.2499,0.2512,16024714
2023-09-16 02:00:00,0.2512,0.2533,0.2512,0.2528,29283740
2023-09-16 03:00:00,0.2528,0.2538,0.2511,0.2511,28653428
2023-09-16 04:00:00,0.2512,0.2529,0.2506,0.2524,25316225
2023-09-16 05:00:00,0.2525,0.2529,0.2513,0.2514,17125643
2023-09-16 06:00:00,0.2514,0.2521,0.25,0.2503,16850378
2023-09-16 07:00:00,0.2503,0.2508,0.2501,0.2506,9120228
2023-09-16 08:00:00,0.2505,0.2508,0.2495,0.2499,16661384
2023-09-16 09:00:00,0.2499,0.2512,0.2499,0.25,15447059
2023-09-16 10:00:00,0.25,0.2507,0.2498,0.2505,15870307
2023-09-16 11:00:00,0.2505,0.2511,0.2499,0.251,9984566
2023-09-16 12:00:00,0.2511,0.2515,0.2502,0.2512,12650297
2023-09-16 13:00:00,0.2512,0.2513,0.2495,0.2504,14073680
2023-09-16 14:00:00,0.2504,0.2507,0.2488,0.2491,13921993
2023-09-16 15:00:00,0.2492,0.2502,0.2485,0.2496,12943546
2023-09-16 16:00:00,0.2496,0.2501,0.249,0.2499,8852999
2023-09-16 17:00:00,0.2499,0.25,0.2492,0.2498,10111177
2023-09-16 18:00:00,0.2499,0.2502,0.2483,0.2489,10888842
2023-09-16 19:00:00,0.2488,0.2491,0.2479,0.2483,10949973
2023-09-16 20:00:00,0.2483,0.249,0.2481,0.2487,5875728
2023-09-16 21:00:00,0.2488,0.2498,0.2487,0.2497,6461598
2023-09-16 22:00:00,0.2498,0.2498,0.2492,0.2496,5058942
2023-09-16 23:00:00,0.2497,0.2503,0.2491,0.2501,10063355
2023-09-17 00:00:00,0.2502,0.2502,0.2476,0.2485,38217883
2023-09-17 01:00:00,0.2486,0.2491,0.2466,0.248,38992884
2023-09-17 02:00:00,0.2479,0.2489,0.2473,0.2485,10806164
2023-09-17 03:00:00,0.2484,0.2494,0.2481,0.2493,7485007
2023-09-17 04:00:00,0.2492,0.2495,0.248,0.2489,11792560
2023-09-17 05:00:00,0.249,0.2492,0.2481,0.2482,7839408
2023-09-17 06:00:00,0.2483,0.2489,0.2479,0.2488,6844799
2023-09-17 07:00:00,0.2488,0.2493,0.248,0.2481,8176970
2023-09-17 08:00:00,0.2481,0.2496,0.2479,0.2492,10656307
2023-09-17 09:00:00,0.2493,0.2504,0.2489,0.2502,8765187
2023-09-17 10:00:00,0.2503,0.2505,0.2496,0.2497,8122795
2023-09-17 11:00:00,0.2497,0.2502,0.2494,0.25,4462434
2023-09-17 12:00:00,0.2499,0.2502,0.2495,0.2499,5813809
2023-09-17 13:00:00,0.2499,0.2502,0.2495,0.2499,5824676
2023-09-17 14:00:00,0.25,0.2511,0.2497,0.2503,9666005
2023-09-17 15:00:00,0.2503,0.2505,0.2493,0.2497,11261875
2023-09-17 16:00:00,0.2496,0.2498,0.2476,0.2479,25435648
2023-09-17 17:00:00,0.2479,0.2484,0.2463,0.2464,18128593
2023-09-17 18:00:00,0.2464,0.2481,0.246,0.2476,12518686
2023-09-17 19:00:00,0.2477,0.2478,0.2472,0.2474,3941713
2023-09-17 20:00:00,0.2474,0.2476,0.2438,0.245,49928366
2023-09-17 21:00:00,0.2449,0.2462,0.2445,0.2459,16479542
2023-09-17 22:00:00,0.2458,0.2467,0.2453,0.2466,9226679
2023-09-17 23:00:00,0.2466,0.2472,0.2458,0.2468,9915434
2023-09-18 00:00:00,0.2468,0.2469,0.2437,0.2447,27837155
2023-09-18 01:00:00,0.2448,0.2459,0.2447,0.2455,16546576
2023-09-18 02:00:00,0.2455,0.2491,0.2451,0.2483,38477332
2023-09-18 03:00:00,0.2484,0.2493,0.2476,0.2492,14812197
2023-09-18 04:00:00,0.2492,0.2499,0.2484,0.2491,13566269
2023-09-18 05:00:00,0.2492,0.2494,0.2483,0.2483,9052277
2023-09-18 06:00:00,0.2483,0.2489,0.2477,0.2477,8748101
2023-09-18 07:00:00,0.2478,0.2494,0.2477,0.2481,14603408
2023-09-18 08:00:00,0.248,0.2491,0.2478,0.249,11450547
2023-09-18 09:00:00,0.249,0.2514,0.249,0.2509,30442887
2023-09-18 10:00:00,0.251,0.2545,0.251,0.2535,58510662
2023-09-18 11:00:00,0.2535,0.2541,0.2527,0.2539,23793906
2023-09-18 12:00:00,0.2539,0.2555,0.2528,0.2545,44632206
2023-09-18 13:00:00,0.2546,0.2549,0.2532,0.2536,27903019
2023-09-18 14:00:00,0.2537,0.2554,0.2533,0.2546,27657149
2023-09-18 15:00:00,0.2547,0.255,0.2538,0.254,16246461
2023-09-18 16:00:00,0.2541,0.2559,0.254,0.2552,31668131
2023-09-18 17:00:00,0.2553,0.2557,0.2506,0.2515,69108319
2023-09-18 18:00:00,0.2515,0.2523,0.2503,0.2509,24551423
2023-09-18 19:00:00,0.2509,0.2528,0.2506,0.2519,17941757
2023-09-18 20:00:00,0.2519,0.2522,0.2514,0.2517,8354146
2023-09-18 21:00:00,0.2518,0.2527,0.2512,0.2526,9420582
2023-09-18 22:00:00,0.2527,0.2529,0.2519,0.2527,7463667
2023-09-18 23:00:00,0.2528,0.2528,0.251,0.2514,13253582
2023-09-19 00:00:00,0.2513,0.2523,0.2505,0.2511,20052710
2023-09-19 01:00:00,0.2512,0.2524,0.2506,0.2522,15905190
2023-09-19 02:00:00,0.2522,0.2542,0.252,0.2538,15749788
2023-09-19 03:00:00,0.2538,0.2549,0.2537,0.2543,15477450
2023-09-19 04:00:00,0.2543,0.2551,0.2537,0.2545,14906649
2023-09-19 05:00:00,0.2546,0.2549,0.2537,0.2538,7638916
2023-09-19 06:00:00,0.2538,0.2538,0.2525,0.2527,14368914
2023-09-19 07:00:00,0.2527,0.2527,0.2515,0.2523,11672850
2023-09-19 08:00:00,0.2523,0.2546,0.2522,0.2544,17435378
2023-09-19 09:00:00,0.2544,0.2579,0.2542,0.2561,57840969
2023-09-19 10:00:00,0.2561,0.2565,0.2546,0.2554,26831260
2023-09-19 11:00:00,0.2555,0.2561,0.2549,0.256,14963682
2023-09-19 12:00:00,0.256,0.2567,0.2549,0.2554,19146867
2023-09-19 13:00:00,0.2554,0.2562,0.2539,0.2542,22644592
2023-09-19 14:00:00,0.2542,0.2559,0.2537,0.2553,23967407
2023-09-19 15:00:00,0.2554,0.2572,0.2551,0.2569,29645634
2023-09-19 16:00:00,0.2569,0.2573,0.2552,0.2556,19755740
2023-09-19 17:00:00,0.2556,0.256,0.2545,0.2549,13531273
2023-09-19 18:00:00,0.255,0.2564,0.2549,0.2555,11200868
2023-09-19 19:00:00,0.2554,0.2558,0.2547,0.2556,7884573
2023-09-19 20:00:00,0.2557,0.2557,0.2545,0.2549,9468492
2023-09-19 21:00:00,0.2549,0.2551,0.2541,0.2547,7955079
2023-09-19 22:00:00,0.2547,0.2555,0.2544,0.2554,7902892
2023-09-19 23:00:00,0.2553,0.2561,0.2545,0.2546,8321251
2023-09-20 00:00:00,0.2545,0.2552,0.2536,0.2545,14036949
2023-09-20 01:00:00,0.2545,0.2554,0.254,0.2553,10657509
2023-09-20 02:00:00,0.2552,0.2558,0.2533,0.2536,16070135
2023-09-20 03:00:00,0.2536,0.2544,0.2523,0.2534,17763386
2023-09-20 04:00:00,0.2533,0.2546,0.2526,0.2539,13738613
2023-09-20 05:00:00,0.2538,0.254,0.2529,0.253,8550522
2023-09-20 06:00:00,0.253,0.2533,0.252,0.2528,16645238
2023-09-20 07:00:00,0.2528,0.2534,0.2523,0.253,8403413
2023-09-20 08:00:00,0.2529,0.254,0.2523,0.2535,12482396
2023-09-20 09:00:00,0.2535,0.2537,0.2504,0.2519,37809322
2023-09-20 10:00:00,0.252,0.2524,0.2509,0.2522,23818960
2023-09-20 11:00:00,0.2523,0.2527,0.2519,0.2526,8060341
2023-09-20 12:00:00,0.2526,0.2528,0.2511,0.2517,14092599
2023-09-20 13:00:00,0.2518,0.2539,0.251,0.2532,18524606
2023-09-20 14:00:00,0.2533,0.2551,0.2526,0.2542,28944283
2023-09-20 15:00:00,0.2542,0.2553,0.2538,0.255,15291522
2023-09-20 16:00:00,0.255,0.2554,0.2541,0.2544,17771108
2023-09-20 17:00:00,0.2545,0.2555,0.2538,0.2542,18480416
2023-09-20 18:00:00,0.2543,0.2565,0.2534,0.2559,38403131
2023-09-20 19:00:00,0.2558,0.256,0.2498,0.2509,93623454
2023-09-20 20:00:00,0.2508,0.2517,0.2504,0.2514,32668325
2023-09-20 21:00:00,0.2514,0.2525,0.251,0.2514,21726771
2023-09-20 22:00:00,0.2514,0.2517,0.2507,0.2511,16597838
2023-09-20 23:00:00,0.2512,0.2516,0.2502,0.2514,13228752
2023-09-21 00:00:00,0.2515,0.253,0.251,0.252,22167840
2023-09-21 01:00:00,0.2519,0.2524,0.2507,0.2518,18575033
2023-09-21 02:00:00,0.2517,0.2529,0.2504,0.2508,16512496
2023-09-21 03:00:00,0.2508,0.2512,0.2495,0.2511,15988403
2023-09-21 04:00:00,0.2511,0.2511,0.2498,0.2506,13740831
2023-09-21 05:00:00,0.2507,0.2507,0.2492,0.2501,14072077
2023-09-21 06:00:00,0.2501,0.2502,0.2485,0.2496,22401065
2023-09-21 07:00:00,0.2496,0.2498,0.2488,0.2495,13389674
2023-09-21 08:00:00,0.2495,0.25,0.2489,0.2491,19817664
2023-09-21 09:00:00,0.2491,0.2496,0.2473,0.2482,39797886
2023-09-21 10:00:00,0.2482,0.2487,0.2459,0.2465,40300477
2023-09-21 11:00:00,0.2465,0.248,0.246,0.248,16363279
2023-09-21 12:00:00,0.248,0.2483,0.2471,0.248,21121182
2023-09-21 13:00:00,0.248,0.2485,0.2454,0.2469,37137708
2023-09-21 14:00:00,0.2469,0.2483,0.2466,0.248,15563651
2023-09-21 15:00:00,0.248,0.2489,0.2473,0.2481,13570372
2023-09-21 16:00:00,0.2482,0.2483,0.2473,0.2477,12600737
2023-09-21 17:00:00,0.2478,0.2487,0.2477,0.2479,13133436
2023-09-21 18:00:00,0.2479,0.2484,0.2474,0.2476,8489729
2023-09-21 19:00:00,0.2476,0.248,0.2467,0.2469,12655111
2023-09-21 20:00:00,0.247,0.247,0.2452,0.246,30676888
2023-09-21 21:00:00,0.246,0.2462,0.2446,0.2455,13437288
2023-09-21 22:00:00,0.2456,0.2462,0.2448,0.2461,10787653
2023-09-21 23:00:00,0.2461,0.2462,0.2446,0.2448,11284589
2023-09-22 00:00:00,0.2448,0.246,0.243,0.2458,49980772
2023-09-22 01:00:00,0.2458,0.2464,0.2446,0.2452,14909299
2023-09-22 02:00:00,0.2453,0.2455,0.2442,0.2442,12898058
2023-09-22 03:00:00,0.2443,0.2462,0.2441,0.2461,14749969
2023-09-22 04:00:00,0.2461,0.2464,0.2458,0.246,10014876
2023-09-22 05:00:00,0.2459,0.2461,0.245,0.2458,8339378
2023-09-22 06:00:00,0.2459,0.2461,0.2451,0.2453,7752237
2023-09-22 07:00:00,0.2452,0.2458,0.2445,0.2456,11884868
2023-09-22 08:00:00,0.2455,0.2462,0.2448,0.2448,13072527
2023-09-22 09:00:00,0.2448,0.2453,0.2444,0.2449,12166911
2023-09-22 10:00:00,0.2449,0.2452,0.2445,0.2447,8908486
2023-09-22 11:00:00,0.2446,0.2451,0.2442,0.245,8277564
2023-09-22 12:00:00,0.245,0.245,0.2438,0.2439,11069687
2023-09-22 13:00:00,0.244,0.2445,0.2435,0.2444,17995651
2023-09-22 14:00:00,0.2444,0.2457,0.2441,0.245,19300811
2023-09-22 15:00:00,0.245,0.2453,0.2441,0.2442,11681351
2023-09-22 16:00:00,0.2443,0.2444,0.2428,0.2431,23095719
2023-09-22 17:00:00,0.2431,0.2436,0.2425,0.2435,22023274
2023-09-22 18:00:00,0.2434,0.2443,0.2433,0.2441,13714405
2023-09-22 19:00:00,0.2441,0.2447,0.2433,0.2435,13736072
2023-09-22 20:00:00,0.2435,0.2439,0.243,0.2436,10010977
2023-09-22 21:00:00,0.2435,0.2445,0.243,0.2443,11989768
2023-09-22 22:00:00,0.2444,0.2453,0.2443,0.2449,13423637
2023-09-22 23:00:00,0.245,0.2452,0.2444,0.2448,10509129
2023-09-23 00:00:00,0.2449,0.246,0.2447,0.2449,20127846
2023-09-23 01:00:00,0.2449,0.245,0.244,0.245,11100282
2023-09-23 02:00:00,0.245,0.2451,0.2437,0.2443,9464684
2023-09-23 03:00:00,0.2443,0.2447,0.2435,0.2444,8358490
2023-09-23 04:00:00,0.2445,0.2453,0.2438,0.2452,8362982
2023-09-23 05:00:00,0.2452,0.246,0.2451,0.2453,7445497
2023-09-23 06:00:00,0.2453,0.2458,0.2451,0.2453,7006988
2023-09-23 07:00:00,0.2453,0.2454,0.2446,0.2453,6606398
2023-09-23 08:00:00,0.2454,0.246,0.245,0.2456,7254181
2023-09-23 09:00:00,0.2456,0.2459,0.2452,0.2457,6171951
2023-09-23 10:00:00,0.2457,0.2464,0.2455,0.2462,7921322
2023-09-23 11:00:00,0.2462,0.2468,0.2458,0.2466,8505686
2023-09-23 12:00:00,0.2466,0.2467,0.2452,0.2455,10028944
2023-09-23 13:00:00,0.2455,0.2455,0.2448,0.2452,8321372
2023-09-23 14:00:00,0.2451,0.2459,0.245,0.2453,6404309
2023-09-23 15:00:00,0.2452,0.2453,0.2441,0.2452,10725772
2023-09-23 16:00:00,0.2452,0.2455,0.2443,0.2455,9049064
2023-09-23 17:00:00,0.2454,0.246,0.2447,0.2459,8880853
2023-09-23 18:00:00,0.2459,0.2463,0.2457,0.2459,7768916
2023-09-23 19:00:00,0.2459,0.2465,0.2456,0.2463,6190849
2023-09-23 20:00:00,0.2462,0.2467,0.2456,0.2457,7459318
2023-09-23 21:00:00,0.2457,0.2457,0.2451,0.2455,5267186
2023-09-23 22:00:00,0.2455,0.246,0.2453,0.2454,4666474
2023-09-23 23:00:00,0.2453,0.2461,0.245,0.2459,6638846
2023-09-24 00:00:00,0.2459,0.2461,0.2447,0.245,10583243
2023-09-24 01:00:00,0.245,0.2454,0.2447,0.2452,6744461
2023-09-24 02:00:00,0.2451,0.2452,0.2448,0.245,5239787
2023-09-24 03:00:00,0.245,0.2453,0.2447,0.245,3236039
2023-09-24 04:00:00,0.2449,0.2453,0.2444,0.2449,5520128
2023-09-24 05:00:00,0.2448,0.245,0.2444,0.245,4485150
2023-09-24 06:00:00,0.2449,0.2451,0.2442,0.2451,5035378
2023-09-24 07:00:00,0.245,0.2455,0.245,0.2453,4636647
2023-09-24 08:00:00,0.2453,0.2461,0.2453,0.2459,7224991
2023-09-24 09:00:00,0.2459,0.2461,0.2452,0.2457,7587152
2023-09-24 10:00:00,0.2457,0.2459,0.2451,0.2453,3958545
2023-09-24 11:00:00,0.2454,0.2456,0.2446,0.2456,7733115
2023-09-24 12:00:00,0.2455,0.246,0.2452,0.246,8256713
2023-09-24 13:00:00,0.2459,0.2462,0.2454,0.2456,6786077
2023-09-24 14:00:00,0.2456,0.2456,0.2448,0.2454,8780523
2023-09-24 15:00:00,0.2454,0.2456,0.2445,0.2451,6572561
2023-09-24 16:00:00,0.2451,0.2454,0.2447,0.2449,6463311
2023-09-24 17:00:00,0.2449,0.2461,0.2446,0.2458,10213838
2023-09-24 18:00:00,0.2458,0.2462,0.2435,0.2452,31224391
2023-09-24 19:00:00,0.2452,0.2454,0.2438,0.244,19877295
2023-09-24 20:00:00,0.244,0.2447,0.2432,0.2444,12566417
2023-09-24 21:00:00,0.2444,0.245,0.244,0.2449,5180770
2023-09-24 22:00:00,0.2449,0.2453,0.2445,0.2446,6269985
2023-09-24 23:00:00,0.2445,0.2446,0.2413,0.2425,48272893
2023-09-25 00:00:00,0.2425,0.2441,0.2401,0.244,40676320
2023-09-25 01:00:00,0.2441,0.2454,0.2436,0.2439,27490663
2023-09-25 02:00:00,0.2439,0.2448,0.2437,0.2444,11293411
2023-09-25 03:00:00,0.2444,0.2449,0.2437,0.2439,5455296
2023-09-25 04:00:00,0.2439,0.2454,0.2434,0.2448,7952825
2023-09-25 05:00:00,0.2448,0.2451,0.2439,0.2442,9560150
2023-09-25 06:00:00,0.2443,0.245,0.2431,0.2446,14840933
2023-09-25 07:00:00,0.2445,0.2454,0.2443,0.245,8115196
2023-09-25 08:00:00,0.2449,0.2454,0.2442,0.2447,10651582
2023-09-25 09:00:00,0.2447,0.2449,0.2438,0.2439,10780363
2023-09-25 10:00:00,0.2438,0.2449,0.2438,0.2446,5682267
2023-09-25 11:00:00,0.2446,0.2448,0.2429,0.243,15362536
2023-09-25 12:00:00,0.2431,0.2439,0.2427,0.2436,13575418
2023-09-25 13:00:00,0.2436,0.2444,0.2434,0.2444,9480344
2023-09-25 14:00:00,0.2444,0.2447,0.2437,0.2438,10175889
2023-09-25 15:00:00,0.2439,0.2455,0.2438,0.2449,22448280
2023-09-25 16:00:00,0.2449,0.2461,0.2448,0.2448,19030520
2023-09-25 17:00:00,0.2449,0.2456,0.2444,0.2452,14242070
2023-09-25 18:00:00,0.2452,0.2458,0.2451,0.2454,7967011
2023-09-25 19:00:00,0.2454,0.2454,0.2444,0.2448,7475755
2023-09-25 20:00:00,0.2449,0.2457,0.244,0.2442,10941433
2023-09-25 21:00:00,0.2441,0.2448,0.2439,0.2447,6960633
2023-09-25 22:00:00,0.2447,0.2453,0.2447,0.245,5959491
2023-09-25 23:00:00,0.2449,0.246,0.2448,0.2457,5608776
2023-09-26 00:00:00,0.2458,0.2466,0.2453,0.2465,16511603
2023-09-26 01:00:00,0.2465,0.2468,0.2455,0.2465,9402646
2023-09-26 02:00:00,0.2466,0.2471,0.2462,0.2468,10764373
2023-09-26 03:00:00,0.2469,0.2478,0.2461,0.2463,10721428
2023-09-26 04:00:00,0.2463,0.2464,0.2455,0.246,8819835
2023-09-26 05:00:00,0.2461,0.2462,0.2456,0.2459,5564038
2023-09-26 06:00:00,0.2459,0.2465,0.2451,0.2453,10696193
2023-09-26 07:00:00,0.2453,0.2463,0.2451,0.2459,5747769
2023-09-26 08:00:00,0.246,0.2463,0.2455,0.2456,7891691
2023-09-26 09:00:00,0.2457,0.2467,0.2451,0.2463,15529682
2023-09-26 10:00:00,0.2463,0.2464,0.2455,0.2457,10261731
2023-09-26 11:00:00,0.2457,0.246,0.2452,0.2455,10851504
2023-09-26 12:00:00,0.2456,0.2461,0.2451,0.2453,17504992
2023-09-26 13:00:00,0.2452,0.2459,0.245,0.2456,19225039
2023-09-26 14:00:00,0.2455,0.2458,0.245,0.2455,11881989
2023-09-26 15:00:00,0.2455,0.2457,0.2443,0.2446,14986671
2023-09-26 16:00:00,0.2445,0.2459,0.2443,0.2452,12189017
2023-09-26 17:00:00,0.2451,0.2456,0.2442,0.2447,10955155
2023-09-26 18:00:00,0.2447,0.2448,0.2437,0.2439,10961125
2023-09-26 19:00:00,0.2439,0.2448,0.2438,0.2445,10320139
2023-09-26 20:00:00,0.2444,0.2448,0.2441,0.2442,9042015
2023-09-26 21:00:00,0.2442,0.2444,0.2428,0.2444,15747210
2023-09-26 22:00:00,0.2443,0.2451,0.2443,0.2445,8430926
2023-09-26 23:00:00,0.2445,0.2457,0.2444,0.2453,10122576
2023-09-27 00:00:00,0.2453,0.2462,0.245,0.2459,14864835
2023-09-27 01:00:00,0.2458,0.2459,0.2449,0.2451,7917626
2023-09-27 02:00:00,0.2452,0.2453,0.2443,0.2444,6050970
2023-09-27 03:00:00,0.2444,0.2458,0.2443,0.2457,7206922
2023-09-27 04:00:00,0.2456,0.246,0.245,0.2453,8386197
2023-09-27 05:00:00,0.2454,0.2458,0.2449,0.2451,7963434
2023-09-27 06:00:00,0.2451,0.2453,0.2445,0.2446,6272200
2023-09-27 07:00:00,0.2446,0.2448,0.2442,0.2447,6473813
2023-09-27 08:00:00,0.2447,0.2449,0.2441,0.2443,7158302
2023-09-27 09:00:00,0.2444,0.2459,0.2442,0.2457,22685291
2023-09-27 10:00:00,0.2456,0.2468,0.2453,0.2462,21245455
2023-09-27 11:00:00,0.2462,0.2484,0.2461,0.2476,36221675
2023-09-27 12:00:00,0.2476,0.2482,0.2461,0.2463,22371681
2023-09-27 13:00:00,0.2464,0.2473,0.2454,0.246,18639827
2023-09-27 14:00:00,0.246,0.246,0.2425,0.243,70952243
2023-09-27 15:00:00,0.243,0.2443,0.2428,0.2439,21881337
2023-09-27 16:00:00,0.2439,0.2442,0.2435,0.2438,12638508
2023-09-27 17:00:00,0.2438,0.2441,0.2431,0.2438,13013150
2023-09-27 18:00:00,0.2439,0.2441,0.2422,0.2439,22276932
2023-09-27 19:00:00,0.2439,0.2448,0.2437,0.2443,9485247
2023-09-27 20:00:00,0.2444,0.2452,0.2439,0.2448,13937452
2023-09-27 21:00:00,0.2448,0.245,0.2443,0.2446,8450693
2023-09-27 22:00:00,0.2446,0.2452,0.2445,0.245,6041773
2023-09-27 23:00:00,0.245,0.2454,0.2444,0.2446,9889357
2023-09-28 00:00:00,0.2446,0.2455,0.2441,0.2444,19575935
2023-09-28 01:00:00,0.2443,0.245,0.2434,0.2449,14960671
2023-09-28 02:00:00,0.245,0.2458,0.2441,0.2444,14908813
2023-09-28 03:00:00,0.2444,0.2445,0.2436,0.2437,7127875
2023-09-28 04:00:00,0.2437,0.2442,0.2431,0.244,10114299
2023-09-28 05:00:00,0.2439,0.2445,0.2436,0.2445,8596933
2023-09-28 06:00:00,0.2445,0.2449,0.2437,0.2449,12122278
2023-09-28 07:00:00,0.2449,0.2454,0.2444,0.2449,10419368
2023-09-28 08:00:00,0.245,0.2451,0.244,0.2447,14828362
2023-09-28 09:00:00,0.2448,0.2459,0.2445,0.2456,12144499
2023-09-28 10:00:00,0.2457,0.2476,0.2455,0.247,31352982
2023-09-28 11:00:00,0.2469,0.2472,0.2459,0.2465,15524979
2023-09-28 12:00:00,0.2465,0.247,0.2457,0.2459,14414759
2023-09-28 13:00:00,0.2458,0.2469,0.2456,0.2468,13044014
2023-09-28 14:00:00,0.2468,0.2494,0.2463,0.248,50217803
2023-09-28 15:00:00,0.248,0.2495,0.2474,0.2492,30865508
2023-09-28 16:00:00,0.2491,0.2507,0.2486,0.2487,49990591
2023-09-28 17:00:00,0.2487,0.2499,0.2486,0.2497,13232959
2023-09-28 18:00:00,0.2497,0.2499,0.2468,0.2479,26008568
2023-09-28 19:00:00,0.2479,0.2492,0.2474,0.2491,15828111
2023-09-28 20:00:00,0.2491,0.2502,0.2488,0.2492,15409508
2023-09-28 21:00:00,0.2492,0.2495,0.2479,0.2492,9088259
2023-09-28 22:00:00,0.2492,0.2497,0.249,0.2491,7683184
2023-09-28 23:00:00,0.249,0.2495,0.2485,0.2489,9062126
2023-09-29 00:00:00,0.2488,0.2497,0.2482,0.249,14249400
2023-09-29 01:00:00,0.249,0.2503,0.2483,0.2502,15096395
2023-09-29 02:00:00,0.2502,0.2512,0.2497,0.25,16077392
2023-09-29 03:00:00,0.2501,0.2508,0.2498,0.2505,11586740
2023-09-29 04:00:00,0.2505,0.2506,0.2494,0.2503,9289886
2023-09-29 05:00:00,0.2504,0.2507,0.2499,0.2503,7414449
2023-09-29 06:00:00,0.2502,0.251,0.25,0.2509,12261680
2023-09-29 07:00:00,0.2509,0.2527,0.2505,0.2522,33610499
2023-09-29 08:00:00,0.2521,0.2532,0.2517,0.2518,29767254
2023-09-29 09:00:00,0.2517,0.2526,0.2512,0.2513,12400099
2023-09-29 10:00:00,0.2514,0.2516,0.251,0.2511,8357439
2023-09-29 11:00:00,0.2511,0.2518,0.2509,0.2513,11175443
2023-09-29 12:00:00,0.2513,0.2532,0.2512,0.2531,49956389
2023-09-29 13:00:00,0.2532,0.2534,0.2522,0.2525,23671245
2023-09-29 14:00:00,0.2526,0.2558,0.2506,0.255,62424842
2023-09-29 15:00:00,0.255,0.2556,0.254,0.2549,21029511
2023-09-29 16:00:00,0.2549,0.2553,0.2522,0.2525,30503054
2023-09-29 17:00:00,0.2525,0.2528,0.2504,0.2504,28555937
2023-09-29 18:00:00,0.2504,0.2505,0.2494,0.2501,25260929
2023-09-29 19:00:00,0.2501,0.2503,0.2483,0.2487,22714163
2023-09-29 20:00:00,0.2486,0.2493,0.2477,0.2492,23640616
2023-09-29 21:00:00,0.2492,0.2502,0.2484,0.2485,21620499
2023-09-29 22:00:00,0.2484,0.2491,0.2474,0.2481,18523356
2023-09-29 23:00:00,0.2481,0.2495,0.2476,0.2492,12472210
2023-09-30 00:00:00,0.2491,0.2504,0.2487,0.2501,25353382
2023-09-30 01:00:00,0.2501,0.2507,0.2498,0.2498,21796853
2023-09-30 02:00:00,0.2499,0.2502,0.2493,0.25,10616009
2023-09-30 03:00:00,0.2501,0.2508,0.2499,0.2506,11868414
2023-09-30 04:00:00,0.2507,0.2512,0.2503,0.2504,7763396
2023-09-30 05:00:00,0.2504,0.2507,0.25,0.2506,6410662
2023-09-30 06:00:00,0.2506,0.251,0.2504,0.2505,8342783
2023-09-30 07:00:00,0.2505,0.2507,0.2499,0.2503,7203956
2023-09-30 08:00:00,0.2502,0.251,0.2498,0.2509,8874346
2023-09-30 09:00:00,0.251,0.2515,0.2508,0.2514,8602289
2023-09-30 10:00:00,0.2515,0.2519,0.2513,0.2514,7165125
2023-09-30 11:00:00,0.2514,0.2515,0.2503,0.2508,12021493
2023-09-30 12:00:00,0.2509,0.251,0.2499,0.25,11644076
2023-09-30 13:00:00,0.25,0.2505,0.2496,0.2504,15326787
2023-09-30 14:00:00,0.2504,0.2512,0.25,0.2509,16912385
2023-09-30 15:00:00,0.2509,0.2532,0.2506,0.2526,29385650
2023-09-30 16:00:00,0.2526,0.2538,0.2525,0.2535,24293903
2023-09-30 17:00:00,0.2534,0.2547,0.2522,0.2545,22574979
2023-09-30 18:00:00,0.2545,0.2547,0.2533,0.254,16250482
2023-09-30 19:00:00,0.254,0.2545,0.2536,0.2537,10489971
2023-09-30 20:00:00,0.2537,0.254,0.2531,0.2537,8030673
2023-09-30 21:00:00,0.2538,0.2541,0.2526,0.2535,9718670
2023-09-30 22:00:00,0.2536,0.2544,0.2533,0.2535,10885550
2023-09-30 23:00:00,0.2535,0.2541,0.2533,0.2538,9045129
2023-10-01 00:00:00,0.2539,0.2548,0.2535,0.2547,12901728
2023-10-01 01:00:00,0.2546,0.2555,0.254,0.2547,14060094
2023-10-01 02:00:00,0.2548,0.2557,0.2548,0.2554,13542116
2023-10-01 03:00:00,0.2553,0.256,0.2545,0.2552,13297095
2023-10-01 04:00:00,0.2553,0.256,0.255,0.2551,8014992
2023-10-01 05:00:00,0.255,0.2559,0.2549,0.2558,10314855
2023-10-01 06:00:00,0.2558,0.2563,0.2551,0.2553,12354676
2023-10-01 07:00:00,0.2553,0.2559,0.255,0.2556,8464366
2023-10-01 08:00:00,0.2556,0.2561,0.2548,0.2561,9696476
2023-10-01 09:00:00,0.2561,0.2572,0.2557,0.2569,21796021
2023-10-01 10:00:00,0.2569,0.2626,0.2568,0.261,104863615
2023-10-01 11:00:00,0.261,0.2633,0.2601,0.262,35566211
2023-10-01 12:00:00,0.262,0.2624,0.2604,0.2615,31750399
2023-10-01 13:00:00,0.2614,0.2629,0.2608,0.2617,24214691
2023-10-01 14:00:00,0.2617,0.2622,0.2591,0.2598,39655588
2023-10-01 15:00:00,0.2598,0.2602,0.2592,0.2601,17344682
2023-10-01 16:00:00,0.2601,0.2603,0.2584,0.2587,25204436
2023-10-01 17:00:00,0.2587,0.2596,0.2577,0.2583,23464242
2023-10-01 18:00:00,0.2582,0.2595,0.258,0.2592,12141781
2023-10-01 19:00:00,0.2593,0.2602,0.259,0.26,9835475
2023-10-01 20:00:00,0.26,0.2615,0.2589,0.2606,24458158
2023-10-01 21:00:00,0.2607,0.2621,0.2604,0.2619,11180954
2023-10-01 22:00:00,0.2619,0.268,0.2617,0.2674,112240973
2023-10-01 23:00:00,0.2675,0.2677,0.2649,0.2658,31897922
2023-10-02 00:00:00,0.2658,0.2666,0.2633,0.2638,34824963
2023-10-02 01:00:00,0.2639,0.2658,0.2633,0.2656,17700018
2023-10-02 02:00:00,0.2656,0.2657,0.2648,0.2651,16192216
2023-10-02 03:00:00,0.2651,0.2661,0.2641,0.2645,19768219
2023-10-02 04:00:00,0.2644,0.2649,0.2634,0.2638,18233483
2023-10-02 05:00:00,0.2638,0.2648,0.2625,0.2628,25128511
2023-10-02 06:00:00,0.2629,0.2641,0.2626,0.264,16767798
2023-10-02 07:00:00,0.264,0.2662,0.2632,0.2661,36729959
2023-10-02 08:00:00,0.2662,0.268,0.2651,0.2659,43237594
2023-10-02 09:00:00,0.2659,0.2694,0.2657,0.2685,43819996
2023-10-02 10:00:00,0.2684,0.2689,0.2674,0.2675,23725310
2023-10-02 11:00:00,0.2676,0.268,0.2663,0.2667,23170466
2023-10-02 12:00:00,0.2668,0.268,0.2667,0.2671,15600936
2023-10-02 13:00:00,0.267,0.2682,0.2663,0.2682,28530603
2023-10-02 14:00:00,0.2682,0.2685,0.265,0.2662,49449190
2023-10-02 15:00:00,0.2663,0.2668,0.2631,0.2639,53722763
2023-10-02 16:00:00,0.2639,0.2651,0.2629,0.264,44592312
2023-10-02 17:00:00,0.264,0.2651,0.2632,0.2645,18035561
2023-10-02 18:00:00,0.2645,0.2646,0.2575,0.26,85152344
2023-10-02 19:00:00,0.2601,0.2617,0.259,0.2616,32445551
2023-10-02 20:00:00,0.2617,0.2618,0.2596,0.26,15283366
2023-10-02 21:00:00,0.2601,0.2611,0.2576,0.2593,31801974
2023-10-02 22:00:00,0.2593,0.2595,0.2571,0.2587,32280069
2023-10-02 23:00:00,0.2586,0.2598,0.2581,0.2589,13084054
2023-10-03 00:00:00,0.259,0.2594,0.258,0.259,14025549
2023-10-03 01:00:00,0.259,0.2619,0.2588,0.2616,18795878
2023-10-03 02:00:00,0.2616,0.2627,0.2616,0.2627,16591471
2023-10-03 03:00:00,0.2627,0.2632,0.2618,0.2626,18014114
2023-10-03 04:00:00,0.2626,0.2638,0.2625,0.2631,20357784
2023-10-03 05:00:00,0.263,0.2632,0.2606,0.2609,21826110
2023-10-03 06:00:00,0.2609,0.2632,0.2607,0.2625,17079604
2023-10-03 07:00:00,0.2625,0.2637,0.2617,0.2626,19793830
2023-10-03 08:00:00,0.2626,0.2645,0.2624,0.2626,20346917
2023-10-03 09:00:00,0.2625,0.2631,0.2614,0.2614,21518435
2023-10-03 10:00:00,0.2615,0.2621,0.2607,0.2619,21082346
2023-10-03 11:00:00,0.2619,0.262,0.2598,0.2608,26583000
2023-10-03 12:00:00,0.2609,0.2623,0.2595,0.2618,27548738
2023-10-03 13:00:00,0.2618,0.2641,0.2615,0.2633,32215079
2023-10-03 14:00:00,0.2633,0.2633,0.2605,0.2621,45871105
2023-10-03 15:00:00,0.262,0.2631,0.2606,0.2618,31731975
2023-10-03 16:00:00,0.2618,0.2635,0.2615,0.2617,24220011
2023-10-03 17:00:00,0.2617,0.262,0.2607,0.2609,17120368
2023-10-03 18:00:00,0.2609,0.2614,0.2591,0.2592,25035716
2023-10-03 19:00:00,0.2592,0.2608,0.2589,0.2594,17702912
2023-10-03 20:00:00,0.2593,0.2614,0.2579,0.2603,28352252
2023-10-03 21:00:00,0.2602,0.2604,0.2584,0.2588,12164027
2023-10-03 22:00:00,0.2589,0.26,0.2571,0.26,34511271
2023-10-03 23:00:00,0.26,0.2623,0.2596,0.2608,53023449
2023-10-04 00:00:00,0.2609,0.2613,0.2518,0.255,120347565
2023-10-04 01:00:00,0.2549,0.2564,0.254,0.2557,25840221
2023-10-04 02:00:00,0.2557,0.2573,0.2551,0.2563,19303230
2023-10-04 03:00:00,0.2563,0.2572,0.2554,0.2556,15633689
2023-10-04 04:00:00,0.2556,0.2558,0.2542,0.2549,19396866
2023-10-04 05:00:00,0.2549,0.2565,0.2545,0.2565,14230191
2023-10-04 06:00:00,0.2564,0.2575,0.2552,0.2573,16332570
2023-10-04 07:00:00,0.2574,0.2575,0.2559,0.2565,15770226
2023-10-04 08:00:00,0.2565,0.2585,0.2559,0.2571,29884577
2023-10-04 09:00:00,0.2571,0.2584,0.2568,0.258,17546375
2023-10-04 10:00:00,0.258,0.2583,0.2566,0.2569,13290319
2023-10-04 11:00:00,0.2569,0.2571,0.2557,0.2563,20121678
2023-10-04 12:00:00,0.2563,0.2571,0.2558,0.2562,13640165
2023-10-04 13:00:00,0.2563,0.2566,0.2545,0.2552,27181205
2023-10-04 14:00:00,0.2552,0.2558,0.2543,0.2557,25894696
2023-10-04 15:00:00,0.2557,0.2569,0.255,0.2551,20624554
2023-10-04 16:00:00,0.2552,0.2578,0.2548,0.2568,23681362
2023-10-04 17:00:00,0.2568,0.2574,0.256,0.2564,14463302
2023-10-04 18:00:00,0.2564,0.2568,0.2551,0.2563,13326001
2023-10-04 19:00:00,0.2563,0.2581,0.2558,0.2566,44874299
2023-10-04 20:00:00,0.2565,0.2578,0.2558,0.257,12155364
2023-10-04 21:00:00,0.257,0.2591,0.2569,0.259,12157962
2023-10-04 22:00:00,0.2591,0.2599,0.2587,0.2593,12351194
2023-10-04 23:00:00,0.2593,0.2599,0.2587,0.2588,11544979
2023-10-05 00:00:00,0.2587,0.2599,0.2578,0.2591,22076977
2023-10-05 01:00:00,0.2592,0.2596,0.2578,0.258,12734270
2023-10-05 02:00:00,0.258,0.2582,0.2572,0.2579,10564618
2023-10-05 03:00:00,0.258,0.2584,0.2576,0.2578,5747813
2023-10-05 04:00:00,0.2578,0.2582,0.2574,0.2581,6893890
2023-10-05 05:00:00,0.258,0.2588,0.2575,0.2583,8359249
2023-10-05 06:00:00,0.2583,0.2587,0.2571,0.2576,15129448
2023-10-05 07:00:00,0.2576,0.2578,0.2567,0.2576,13272684
2023-10-05 08:00:00,0.2577,0.2577,0.2563,0.2571,18371837
2023-10-05 09:00:00,0.2571,0.2582,0.257,0.2581,10828398
2023-10-05 10:00:00,0.2581,0.2603,0.2581,0.2603,20903896
2023-10-05 11:00:00,0.2603,0.262,0.2597,0.261,32307828
2023-10-05 12:00:00,0.261,0.2622,0.2593,0.2594,34433658
2023-10-05 13:00:00,0.2594,0.263,0.2593,0.2626,50034563
2023-10-05 14:00:00,0.2626,0.2638,0.2621,0.2628,35320495
2023-10-05 15:00:00,0.2628,0.2628,0.2585,0.2598,72624271
2023-10-05 16:00:00,0.2598,0.262,0.2585,0.2603,56491790
2023-10-05 17:00:00,0.2602,0.2609,0.2588,0.2606,23817461
2023-10-05 18:00:00,0.2607,0.2621,0.2603,0.262,26783424
2023-10-05 19:00:00,0.262,0.2632,0.2615,0.2617,21026765
2023-10-05 20:00:00,0.2617,0.2628,0.2613,0.2622,13798972
2023-10-05 21:00:00,0.2621,0.2623,0.2594,0.2599,15114448
2023-10-05 22:00:00,0.2598,0.2605,0.2591,0.2605,14877873
2023-10-05 23:00:00,0.2605,0.2608,0.2594,0.2601,12041686
2023-10-06 00:00:00,0.26,0.2622,0.26,0.262,20407056
2023-10-06 01:00:00,0.262,0.2634,0.262,0.2627,14756034
2023-10-06 02:00:00,0.2627,0.264,0.2626,0.2627,18436930
2023-10-06 03:00:00,0.2627,0.2628,0.2615,0.2619,10865629
2023-10-06 04:00:00,0.2619,0.2622,0.2612,0.2615,9436735
2023-10-06 05:00:00,0.2614,0.263,0.2608,0.2629,12781713
2023-10-06 06:00:00,0.2629,0.2633,0.2613,0.2619,21920387
2023-10-06 07:00:00,0.2619,0.2637,0.2617,0.2636,17371025
2023-10-06 08:00:00,0.2636,0.2639,0.2629,0.2633,15837707
2023-10-06 09:00:00,0.2633,0.2648,0.2632,0.264,20663920
2023-10-06 10:00:00,0.2639,0.265,0.2636,0.2636,17248409
2023-10-06 11:00:00,0.2636,0.2641,0.263,0.2634,14568806
2023-10-06 12:00:00,0.2635,0.2638,0.2606,0.261,46358848
2023-10-06 13:00:00,0.2609,0.2633,0.2604,0.2617,42264130
2023-10-06 14:00:00,0.2616,0.2628,0.2609,0.2624,25660155
2023-10-06 15:00:00,0.2624,0.2652,0.2623,0.2642,39364674
2023-10-06 16:00:00,0.2642,0.2657,0.2636,0.2655,26161832
2023-10-06 17:00:00,0.2656,0.2661,0.2646,0.2659,19478256
2023-10-06 18:00:00,0.2659,0.2662,0.2646,0.2657,17365810
2023-10-06 19:00:00,0.2658,0.2664,0.2653,0.2654,15591082
2023-10-06 20:00:00,0.2655,0.2661,0.265,0.2651,9551207
2023-10-06 21:00:00,0.2651,0.2671,0.2645,0.2659,15325255
2023-10-06 22:00:00,0.2659,0.2661,0.2646,0.2646,12195878
2023-10-06 23:00:00,0.2647,0.2648,0.2638,0.2645,12558875
2023-10-07 00:00:00,0.2645,0.2656,0.2641,0.2653,19624158
2023-10-07 01:00:00,0.2653,0.2654,0.2633,0.2638,11836192
2023-10-07 02:00:00,0.2639,0.264,0.2628,0.2628,9954040
2023-10-07 03:00:00,0.2628,0.2639,0.2627,0.2633,7159900
2023-10-07 04:00:00,0.2633,0.2639,0.2629,0.263,10752842
2023-10-07 05:00:00,0.2631,0.2636,0.2626,0.2628,10826085
2023-10-07 06:00:00,0.2628,0.2629,0.2612,0.2615,18423227
2023-10-07 07:00:00,0.2615,0.2616,0.2601,0.2603,17109141
2023-10-07 08:00:00,0.2603,0.262,0.26,0.2618,17130512
2023-10-07 09:00:00,0.2618,0.262,0.2607,0.261,9401625
2023-10-07 10:00:00,0.2609,0.2611,0.2601,0.2601,9968341
2023-10-07 11:00:00,0.2601,0.2604,0.2573,0.2576,40634870
2023-10-07 12:00:00,0.2576,0.2587,0.2571,0.2583,25901002
2023-10-07 13:00:00,0.2583,0.2587,0.2576,0.2583,15247338
2023-10-07 14:00:00,0.2583,0.2584,0.2576,0.2581,13308533
2023-10-07 15:00:00,0.2581,0.259,0.2578,0.2587,15190889
2023-10-07 16:00:00,0.2587,0.2589,0.2579,0.2585,10793203
2023-10-07 17:00:00,0.2586,0.2593,0.2583,0.2589,10646791
2023-10-07 18:00:00,0.259,0.2597,0.2577,0.2578,14050701
2023-10-07 19:00:00,0.2579,0.2579,0.2562,0.2569,20255545
2023-10-07 20:00:00,0.2568,0.2578,0.2567,0.2578,7660563
2023-10-07 21:00:00,0.2577,0.2584,0.2575,0.2582,6116101
2023-10-07 22:00:00,0.2582,0.2584,0.2577,0.2581,7314313
2023-10-07 23:00:00,0.2581,0.2586,0.2577,0.2585,8070769
2023-10-08 00:00:00,0.2585,0.2587,0.2577,0.2584,11411541
2023-10-08 01:00:00,0.2585,0.2589,0.2574,0.2588,12564131
2023-10-08 02:00:00,0.2587,0.259,0.2581,0.2582,8816111
2023-10-08 03:00:00,0.2582,0.2588,0.2581,0.2587,7087141
2023-10-08 04:00:00,0.2587,0.2588,0.2576,0.2578,9341399
2023-10-08 05:00:00,0.2579,0.258,0.2568,0.2575,10442856
2023-10-08 06:00:00,0.2574,0.2577,0.2556,0.2563,18698237
2023-10-08 07:00:00,0.2562,0.2569,0.2554,0.2561,17821398
2023-10-08 08:00:00,0.2562,0.2563,0.2556,0.2562,9205207
2023-10-08 09:00:00,0.2563,0.2565,0.2556,0.256,10031060
2023-10-08 10:00:00,0.256,0.2565,0.2551,0.2557,15600719
2023-10-08 11:00:00,0.2556,0.2561,0.2554,0.2557,8846379
2023-10-08 12:00:00,0.2557,0.2567,0.2554,0.2559,9808519
2023-10-08 13:00:00,0.2559,0.2576,0.2554,0.2568,22588041
2023-10-08 14:00:00,0.2569,0.2575,0.2559,0.2572,14535153
2023-10-08 15:00:00,0.2572,0.2575,0.2564,0.2569,9406970
2023-10-08 16:00:00,0.2568,0.2573,0.2564,0.2571,9123601
2023-10-08 17:00:00,0.257,0.2574,0.2566,0.2568,6294489
2023-10-08 18:00:00,0.2568,0.2568,0.256,0.2568,7196436
2023-10-08 19:00:00,0.2567,0.257,0.2562,0.2564,6354884
2023-10-08 20:00:00,0.2563,0.2567,0.2558,0.2563,6243399
2023-10-08 21:00:00,0.2562,0.2571,0.2561,0.257,7363120
2023-10-08 22:00:00,0.2569,0.2573,0.256,0.256,12881314
2023-10-08 23:00:00,0.256,0.2567,0.2557,0.2561,9933514
2023-10-09 00:00:00,0.2561,0.2564,0.2539,0.2546,29217280
2023-10-09 01:00:00,0.2546,0.2565,0.2541,0.2561,15451110
2023-10-09 02:00:00,0.256,0.2564,0.2558,0.2562,6305321
2023-10-09 03:00:00,0.2562,0.2575,0.2561,0.2572,11095348
2023-10-09 04:00:00,0.2572,0.2579,0.257,0.2577,10974463
2023-10-09 05:00:00,0.2577,0.2585,0.2569,0.2572,12780320
2023-10-09 06:00:00,0.2571,0.2577,0.257,0.2575,8357963
2023-10-09 07:00:00,0.2575,0.2577,0.2562,0.2566,15993768
2023-10-09 08:00:00,0.2566,0.257,0.2546,0.255,28386690
2023-10-09 09:00:00,0.2551,0.2559,0.249,0.2506,99146278
2023-10-09 10:00:00,0.2506,0.2521,0.2503,0.251,40343932
2023-10-09 11:00:00,0.2509,0.2513,0.25,0.2506,28049595
2023-10-09 12:00:00,0.2506,0.252,0.2499,0.2508,24225278
2023-10-09 13:00:00,0.2507,0.2519,0.2506,0.2516,17142585
2023-10-09 14:00:00,0.2515,0.252,0.2505,0.2507,15762696
2023-10-09 15:00:00,0.2507,0.2513,0.2501,0.2504,13610077
2023-10-09 16:00:00,0.2503,0.2511,0.248,0.2498,91995367
2023-10-09 17:00:00,0.2499,0.2523,0.2487,0.2523,28253588
2023-10-09 18:00:00,0.2523,0.2537,0.2521,0.2523,32250566
2023-10-09 19:00:00,0.2523,0.2532,0.252,0.2524,8254698
2023-10-09 20:00:00,0.2525,0.2531,0.2515,0.2516,11579775
2023-10-09 21:00:00,0.2516,0.2524,0.251,0.2517,10572377
2023-10-09 22:00:00,0.2517,0.2522,0.2512,0.2513,10471980
2023-10-09 23:00:00,0.2512,0.2521,0.251,0.2511,10791409
2023-10-10 00:00:00,0.2511,0.2517,0.2495,0.2504,22880195
2023-10-10 01:00:00,0.2504,0.2511,0.2501,0.2504,12440103
2023-10-10 02:00:00,0.2504,0.2525,0.2499,0.2521,13990942
2023-10-10 03:00:00,0.2521,0.2523,0.2509,0.2512,9726252
2023-10-10 04:00:00,0.2513,0.2522,0.2508,0.2516,12221717
2023-10-10 05:00:00,0.2515,0.2521,0.2513,0.2519,9166251
2023-10-10 06:00:00,0.252,0.2524,0.2515,0.2524,7681532
2023-10-10 07:00:00,0.2524,0.253,0.252,0.2523,10564086
2023-10-10 08:00:00,0.2523,0.2531,0.2518,0.2519,11667133
2023-10-10 09:00:00,0.2519,0.2522,0.2514,0.252,14579430
2023-10-10 10:00:00,0.252,0.2531,0.2508,0.2509,48825210
2023-10-10 11:00:00,0.251,0.2511,0.2493,0.2495,17405885
2023-10-10 12:00:00,0.2495,0.2499,0.2485,0.249,19515466
2023-10-10 13:00:00,0.2489,0.2498,0.2486,0.2494,17026621
2023-10-10 14:00:00,0.2494,0.2504,0.2475,0.2485,47966900
2023-10-10 15:00:00,0.2486,0.249,0.2474,0.2478,32652689
2023-10-10 16:00:00,0.2478,0.2486,0.247,0.2481,28140527
2023-10-10 17:00:00,0.2481,0.2485,0.2474,0.2482,21203420
2023-10-10 18:00:00,0.2482,0.2486,0.2477,0.2485,14919342
2023-10-10 19:00:00,0.2485,0.2491,0.2481,0.2486,11671601
2023-10-10 20:00:00,0.2486,0.2488,0.2463,0.2482,20001044
2023-10-10 21:00:00,0.2483,0.2491,0.2477,0.2489,10239635
2023-10-10 22:00:00,0.2489,0.2495,0.2489,0.2491,7576430
2023-10-10 23:00:00,0.2491,0.2494,0.2487,0.2489,6217106
2023-10-11 00:00:00,0.249,0.2494,0.2484,0.2493,13825649
2023-10-11 01:00:00,0.2493,0.2494,0.2487,0.2491,6681582
2023-10-11 02:00:00,0.2492,0.2493,0.2438,0.2465,55714464
2023-10-11 03:00:00,0.2465,0.2469,0.2453,0.2454,16476805
2023-10-11 04:00:00,0.2454,0.2476,0.245,0.2471,13892626
2023-10-11 05:00:00,0.2471,0.2474,0.2464,0.2468,10618185
2023-10-11 06:00:00,0.2468,0.247,0.2458,0.2468,12260911
2023-10-11 07:00:00,0.2467,0.2469,0.2452,0.2455,16929668
2023-10-11 08:00:00,0.2455,0.2462,0.2446,0.2461,25305553
2023-10-11 09:00:00,0.2462,0.2483,0.2461,0.248,22848617
2023-10-11 10:00:00,0.2479,0.2484,0.2474,0.2479,16282541
2023-10-11 11:00:00,0.2479,0.248,0.2469,0.2473,15278553
2023-10-11 12:00:00,0.2473,0.2485,0.2468,0.2476,22558248
2023-10-11 13:00:00,0.2476,0.2483,0.2471,0.2483,10620489
2023-10-11 14:00:00,0.2482,0.2487,0.2476,0.2484,10968241
2023-10-11 15:00:00,0.2485,0.2487,0.2449,0.2465,43721850
2023-10-11 16:00:00,0.2464,0.2471,0.245,0.2459,26606663
2023-10-11 17:00:00,0.246,0.2469,0.2457,0.2464,14911147
2023-10-11 18:00:00,0.2463,0.2468,0.2456,0.2465,12491707
2023-10-11 19:00:00,0.2465,0.2468,0.2458,0.2466,8030072
2023-10-11 20:00:00,0.2466,0.2468,0.246,0.2466,4839723
2023-10-11 21:00:00,0.2466,0.2473,0.2459,0.2467,5918971
2023-10-11 22:00:00,0.2467,0.2475,0.2466,0.2472,6848901
2023-10-11 23:00:00,0.2472,0.2481,0.2469,0.2479,9087165
2023-10-12 00:00:00,0.2479,0.248,0.2466,0.2468,9353574
2023-10-12 01:00:00,0.2468,0.2469,0.2453,0.2458,11670884
2023-10-12 02:00:00,0.2459,0.2474,0.2453,0.247,10713339
2023-10-12 03:00:00,0.2469,0.247,0.2458,0.2461,6629159
2023-10-12 04:00:00,0.2462,0.2464,0.2457,0.2457,8138751
2023-10-12 05:00:00,0.2458,0.2466,0.2454,0.2465,6531693
2023-10-12 06:00:00,0.2465,0.2473,0.2458,0.2459,20844591
2023-10-12 07:00:00,0.2459,0.2463,0.2455,0.2457,8260151
2023-10-12 08:00:00,0.2456,0.2463,0.245,0.2461,18953107
2023-10-12 09:00:00,0.246,0.2464,0.2426,0.2437,42210362
2023-10-12 10:00:00,0.2437,0.2452,0.2434,0.2446,16398671
2023-10-12 11:00:00,0.2446,0.2459,0.2444,0.2455,10779169
2023-10-12 12:00:00,0.2455,0.2461,0.2449,0.2458,18489988
2023-10-12 13:00:00,0.2457,0.2461,0.2443,0.245,13276193
2023-10-12 14:00:00,0.245,0.2452,0.2439,0.2445,15347102
2023-10-12 15:00:00,0.2446,0.2454,0.244,0.2445,13922039
2023-10-12 16:00:00,0.2445,0.245,0.2417,0.2433,47566210
2023-10-12 17:00:00,0.2433,0.244,0.2426,0.2439,17620786
2023-10-12 18:00:00,0.2439,0.2444,0.2432,0.2435,10108112
2023-10-12 19:00:00,0.2435,0.244,0.2427,0.2434,9268530
2023-10-12 20:00:00,0.2435,0.2449,0.2432,0.2448,12692065
2023-10-12 21:00:00,0.2447,0.2465,0.2446,0.2461,10333610
2023-10-12 22:00:00,0.2461,0.2464,0.2455,0.2455,11157333
2023-10-12 23:00:00,0.2456,0.2459,0.2452,0.2458,8197253
2023-10-13 00:00:00,0.2459,0.247,0.2456,0.2463,20815699
2023-10-13 01:00:00,0.2462,0.2468,0.2447,0.2449,12441936
2023-10-13 02:00:00,0.245,0.2455,0.2447,0.2454,7947406
2023-10-13 03:00:00,0.2454,0.2457,0.2447,0.2452,6652567
2023-10-13 04:00:00,0.2452,0.2457,0.245,0.2456,5219424
2023-10-13 05:00:00,0.2456,0.246,0.2454,0.2457,4347601
2023-10-13 06:00:00,0.2457,0.2461,0.2454,0.2458,5830724
2023-10-13 07:00:00,0.2457,0.247,0.2457,0.2462,12589141
2023-10-13 08:00:00,0.2463,0.2468,0.2459,0.2459,8841734
2023-10-13 09:00:00,0.246,0.2462,0.2451,0.2453,8467187
2023-10-13 10:00:00,0.2453,0.2456,0.2452,0.2455,5157382
2023-10-13 11:00:00,0.2454,0.2464,0.2453,0.2459,7166364
2023-10-13 12:00:00,0.246,0.2476,0.2456,0.2475,18565403
2023-10-13 13:00:00,0.2474,0.2478,0.2467,0.2468,11966729
2023-10-13 14:00:00,0.2468,0.247,0.2461,0.2462,11564097
2023-10-13 15:00:00,0.2463,0.2466,0.2459,0.2464,9453762
2023-10-13 16:00:00,0.2463,0.2477,0.2463,0.247,11158996
2023-10-13 17:00:00,0.247,0.247,0.2457,0.2463,8928770
2023-10-13 18:00:00,0.2463,0.2464,0.2456,0.2458,7251147
2023-10-13 19:00:00,0.2458,0.246,0.2455,0.2459,6353688
2023-10-13 20:00:00,0.2459,0.2477,0.2457,0.2477,20338507
2023-10-13 21:00:00,0.2477,0.2496,0.2473,0.2474,46505859
2023-10-13 22:00:00,0.2474,0.248,0.2453,0.2458,18522336
2023-10-13 23:00:00,0.2459,0.2461,0.2454,0.2457,10130199
2023-10-14 00:00:00,0.2457,0.2467,0.2455,0.2466,9750970
2023-10-14 01:00:00,0.2465,0.2466,0.2457,0.2463,7230572
2023-10-14 02:00:00,0.2463,0.2466,0.2459,0.246,6384091
2023-10-14 03:00:00,0.2459,0.2462,0.2456,0.246,7351137
2023-10-14 04:00:00,0.246,0.2466,0.246,0.2463,4756986
2023-10-14 05:00:00,0.2463,0.2465,0.2457,0.2458,4678589
2023-10-14 06:00:00,0.2457,0.246,0.2449,0.2451,7419051
2023-10-14 07:00:00,0.2451,0.2452,0.2446,0.245,8653957
2023-10-14 08:00:00,0.2449,0.2454,0.2448,0.2453,6519183
2023-10-14 09:00:00,0.2454,0.2459,0.2452,0.2458,5623912
2023-10-14 10:00:00,0.2458,0.2464,0.2458,0.2462,7598523
2023-10-14 11:00:00,0.2462,0.2465,0.2459,0.2462,6940039
2023-10-14 12:00:00,0.2462,0.2471,0.2459,0.2471,8012860
2023-10-14 13:00:00,0.2471,0.2475,0.2465,0.2467,9492211
2023-10-14 14:00:00,0.2467,0.2473,0.2464,0.2465,6599792
2023-10-14 15:00:00,0.2465,0.2476,0.2465,0.2475,9203126
2023-10-14 16:00:00,0.2474,0.2477,0.2469,0.2473,10247252
2023-10-14 17:00:00,0.2472,0.2472,0.2466,0.2467,6247011
2023-10-14 18:00:00,0.2468,0.2469,0.2464,0.2468,5817811
2023-10-14 19:00:00,0.2469,0.2469,0.2465,0.2468,4388201
2023-10-14 20:00:00,0.2468,0.2469,0.2464,0.2466,4187103
2023-10-14 21:00:00,0.2467,0.2473,0.2461,0.2464,8502160
2023-10-14 22:00:00,0.2464,0.2466,0.2461,0.2464,6826240
2023-10-14 23:00:00,0.2464,0.247,0.2464,0.2467,5583916
2023-10-15 00:00:00,0.2468,0.2472,0.2461,0.2465,7851748
2023-10-15 01:00:00,0.2465,0.2482,0.2463,0.2473,15645223
2023-10-15 02:00:00,0.2472,0.2478,0.2471,0.2477,7009710
2023-10-15 03:00:00,0.2478,0.2479,0.247,0.2472,4858071
2023-10-15 04:00:00,0.2472,0.2474,0.2467,0.247,5185976
2023-10-15 05:00:00,0.2471,0.2475,0.2468,0.2469,4686259
2023-10-15 06:00:00,0.247,0.2473,0.2469,0.2472,2480771
2023-10-15 07:00:00,0.2472,0.2476,0.2472,0.2475,4104785
2023-10-15 08:00:00,0.2474,0.248,0.2472,0.2477,7420045
2023-10-15 09:00:00,0.2478,0.2482,0.2472,0.2474,6060916
2023-10-15 10:00:00,0.2474,0.2475,0.2469,0.2471,5446502
2023-10-15 11:00:00,0.2472,0.2472,0.2463,0.2464,7664902
2023-10-15 12:00:00,0.2463,0.2464,0.2459,0.2462,9045162
2023-10-15 13:00:00,0.2462,0.2466,0.2451,0.2456,26199523
2023-10-15 14:00:00,0.2456,0.2459,0.2454,0.2455,10756332
2023-10-15 15:00:00,0.2455,0.2462,0.2452,0.2459,7076350
2023-10-15 16:00:00,0.2459,0.2466,0.2457,0.2465,7707826
2023-10-15 17:00:00,0.2465,0.2468,0.2461,0.2467,11980101
2023-10-15 18:00:00,0.2467,0.2473,0.2466,0.247,6101768
2023-10-15 19:00:00,0.247,0.2474,0.2463,0.2465,7950655
2023-10-15 20:00:00,0.2466,0.2484,0.2464,0.2481,22981671
2023-10-15 21:00:00,0.2481,0.2483,0.2471,0.2475,8366474
2023-10-15 22:00:00,0.2474,0.248,0.2462,0.2464,13068291
2023-10-15 23:00:00,0.2465,0.2472,0.2461,0.2471,6724936
2023-10-16 00:00:00,0.2472,0.2481,0.2469,0.2478,10139689
2023-10-16 01:00:00,0.2478,0.2486,0.2476,0.2479,11326671
2023-10-16 02:00:00,0.2478,0.2489,0.2478,0.248,7919677
2023-10-16 03:00:00,0.2481,0.2484,0.2478,0.2484,5787901
2023-10-16 04:00:00,0.2484,0.2488,0.2481,0.2487,9502703
2023-10-16 05:00:00,0.2487,0.253,0.2486,0.2521,85433946
2023-10-16 06:00:00,0.2521,0.2527,0.2513,0.2525,19961986
2023-10-16 07:00:00,0.2526,0.2528,0.2516,0.2518,9092751
2023-10-16 08:00:00,0.2518,0.2525,0.2517,0.2519,11504643
2023-10-16 09:00:00,0.2519,0.2523,0.251,0.2522,21724128
2023-10-16 10:00:00,0.2522,0.2524,0.2517,0.252,8848414
2023-10-16 11:00:00,0.252,0.2522,0.2512,0.252,6823960
2023-10-16 12:00:00,0.252,0.2526,0.2516,0.2525,13577016
2023-10-16 13:00:00,0.2526,0.2603,0.2489,0.2515,276702613
2023-10-16 14:00:00,0.2515,0.2524,0.2503,0.2519,35822732
2023-10-16 15:00:00,0.2519,0.2521,0.2496,0.2499,19698524
2023-10-16 16:00:00,0.2499,0.251,0.2498,0.2504,11009898
2023-10-16 17:00:00,0.2504,0.251,0.25,0.2507,8302556
2023-10-16 18:00:00,0.2507,0.2522,0.2507,0.252,13647344
2023-10-16 19:00:00,0.252,0.2529,0.2509,0.2512,22252255
2023-10-16 20:00:00,0.2512,0.2518,0.2504,0.2508,11289628
2023-10-16 21:00:00,0.2508,0.2511,0.2498,0.251,8581434
2023-10-16 22:00:00,0.251,0.2519,0.2507,0.2517,11162699
2023-10-16 23:00:00,0.2517,0.2521,0.251,0.2511,12080935
2023-10-17 00:00:00,0.2512,0.2512,0.2501,0.2504,15748180
2023-10-17 01:00:00,0.2505,0.2512,0.2503,0.2506,7841960
2023-10-17 02:00:00,0.2505,0.2506,0.2498,0.2504,7074782
2023-10-17 03:00:00,0.2504,0.2505,0.2497,0.2497,5466804
2023-10-17 04:00:00,0.2498,0.2503,0.2492,0.25,12562515
2023-10-17 05:00:00,0.25,0.2503,0.2496,0.2499,5291913
2023-10-17 06:00:00,0.2499,0.25,0.2493,0.2498,9040322
2023-10-17 07:00:00,0.2498,0.2506,0.2494,0.2504,8968692
2023-10-17 08:00:00,0.2505,0.2511,0.2502,0.2508,12989769
2023-10-17 09:00:00,0.2509,0.2513,0.2503,0.2509,8583176
2023-10-17 10:00:00,0.2509,0.2517,0.2504,0.2513,13379615
2023-10-17 11:00:00,0.2513,0.2515,0.2507,0.2508,10300561
2023-10-17 12:00:00,0.2508,0.2509,0.248,0.2485,26463815
2023-10-17 13:00:00,0.2485,0.2491,0.2441,0.2461,76639656
2023-10-17 14:00:00,0.2461,0.2473,0.2459,0.2471,27015971
2023-10-17 15:00:00,0.2471,0.248,0.2469,0.2472,15066944
2023-10-17 16:00:00,0.2472,0.2476,0.2469,0.2472,9827548
2023-10-17 17:00:00,0.2471,0.2472,0.2461,0.2469,15204170
2023-10-17 18:00:00,0.2469,0.247,0.2453,0.2456,15694986
2023-10-17 19:00:00,0.2456,0.2467,0.2455,0.2465,9253934
2023-10-17 20:00:00,0.2466,0.2467,0.2457,0.2458,8738954
2023-10-17 21:00:00,0.2458,0.2467,0.2456,0.2461,6455299
2023-10-17 22:00:00,0.2461,0.2465,0.2457,0.2464,7756408
2023-10-17 23:00:00,0.2464,0.2467,0.2461,0.2462,5978825
2023-10-18 00:00:00,0.2462,0.2462,0.245,0.2459,11708725
2023-10-18 01:00:00,0.2459,0.2463,0.2451,0.2451,8436673
2023-10-18 02:00:00,0.2452,0.2459,0.2445,0.2455,17742016
2023-10-18 03:00:00,0.2455,0.2458,0.2453,0.2456,4892000
2023-10-18 04:00:00,0.2457,0.2483,0.2453,0.2467,28647364
2023-10-18 05:00:00,0.2467,0.2474,0.2462,0.2465,21736047
2023-10-18 06:00:00,0.2466,0.2468,0.246,0.2463,6628884
2023-10-18 07:00:00,0.2464,0.247,0.2456,0.2463,10755415
2023-10-18 08:00:00,0.2463,0.2464,0.2456,0.2457,10849792
2023-10-18 09:00:00,0.2458,0.2463,0.2443,0.2444,15094295
2023-10-18 10:00:00,0.2445,0.2465,0.2444,0.246,18939930
2023-10-18 11:00:00,0.2459,0.2468,0.2457,0.2466,13770966
2023-10-18 12:00:00,0.2466,0.2468,0.2461,0.2464,10051175
2023-10-18 13:00:00,0.2464,0.2466,0.2454,0.2457,10319903
2023-10-18 14:00:00,0.2458,0.2459,0.2445,0.2449,17877520
2023-10-18 15:00:00,0.245,0.2452,0.2443,0.2448,12014173
2023-10-18 16:00:00,0.2449,0.2455,0.2445,0.2454,11427989
2023-10-18 17:00:00,0.2453,0.2459,0.2451,0.2455,7320965
2023-10-18 18:00:00,0.2454,0.2458,0.2451,0.2452,6257826
2023-10-18 19:00:00,0.2452,0.2452,0.2436,0.2439,16999351
2023-10-18 20:00:00,0.244,0.2441,0.2427,0.2431,19889994
2023-10-18 21:00:00,0.2431,0.2431,0.242,0.2426,17146356
2023-10-18 22:00:00,0.2426,0.2437,0.2424,0.2436,8020228
2023-10-18 23:00:00,0.2436,0.2438,0.2426,0.2427,7384807
2023-10-19 00:00:00,0.2427,0.2443,0.2422,0.2438,19621052
2023-10-19 01:00:00,0.2437,0.244,0.2382,0.2404,65628780
2023-10-19 02:00:00,0.2404,0.2409,0.2397,0.2403,21668086
2023-10-19 03:00:00,0.2403,0.2408,0.2399,0.2408,9181214
2023-10-19 04:00:00,0.2407,0.2412,0.2404,0.2411,9416481
2023-10-19 05:00:00,0.241,0.2427,0.241,0.2425,10361569
2023-10-19 06:00:00,0.2424,0.2426,0.2421,0.2422,7090332
2023-10-19 07:00:00,0.2423,0.2425,0.2413,0.2419,9471088
2023-10-19 08:00:00,0.2419,0.2424,0.2412,0.2413,7452331
2023-10-19 09:00:00,0.2413,0.2418,0.2407,0.2412,11053419
2023-10-19 10:00:00,0.2412,0.2421,0.2409,0.2419,13664905
2023-10-19 11:00:00,0.2419,0.2424,0.2416,0.2424,9209835
2023-10-19 12:00:00,0.2424,0.2429,0.2419,0.2427,15386941
2023-10-19 13:00:00,0.2426,0.2435,0.2425,0.2428,13636223
2023-10-19 14:00:00,0.2429,0.2446,0.2424,0.2445,23565551
2023-10-19 15:00:00,0.2445,0.2457,0.2443,0.2449,30344054
2023-10-19 16:00:00,0.2449,0.2464,0.244,0.2442,32031703
2023-10-19 17:00:00,0.2441,0.2443,0.2428,0.2432,15514273
2023-10-19 18:00:00,0.2433,0.2443,0.2431,0.2435,10925515
2023-10-19 19:00:00,0.2434,0.2448,0.2434,0.2446,5069422
2023-10-19 20:00:00,0.2446,0.2464,0.2442,0.2454,27998065
2023-10-19 21:00:00,0.2453,0.2462,0.2446,0.2447,19987037
2023-10-19 22:00:00,0.2446,0.2459,0.2446,0.2453,8586449
2023-10-19 23:00:00,0.2453,0.2469,0.2452,0.2469,14205421
2023-10-20 00:00:00,0.2469,0.2474,0.2454,0.2459,23724315
2023-10-20 01:00:00,0.2459,0.246,0.2452,0.2457,10887454
2023-10-20 02:00:00,0.2458,0.2484,0.2457,0.2471,30506809
2023-10-20 03:00:00,0.2471,0.2499,0.247,0.2485,41802938
2023-10-20 04:00:00,0.2485,0.249,0.2474,0.2478,19411225
2023-10-20 05:00:00,0.2478,0.2488,0.2474,0.2486,15826432
2023-10-20 06:00:00,0.2487,0.249,0.2482,0.2483,8333736
2023-10-20 07:00:00,0.2483,0.2491,0.2479,0.248,8565619
2023-10-20 08:00:00,0.248,0.2514,0.248,0.2507,39626036
2023-10-20 09:00:00,0.2507,0.2517,0.2506,0.2513,33519605
2023-10-20 10:00:00,0.2514,0.2532,0.2503,0.2503,50486940
2023-10-20 11:00:00,0.2504,0.251,0.2499,0.25,20274894
2023-10-20 12:00:00,0.2501,0.2503,0.2483,0.2491,36319366
2023-10-20 13:00:00,0.2491,0.25,0.2484,0.2497,16764116
2023-10-20 14:00:00,0.2497,0.2503,0.2487,0.2496,20098683
2023-10-20 15:00:00,0.2497,0.2506,0.2494,0.2505,13810471
2023-10-20 16:00:00,0.2506,0.2515,0.25,0.2502,18384327
2023-10-20 17:00:00,0.2501,0.2511,0.2491,0.2505,26908314
2023-10-20 18:00:00,0.2504,0.2509,0.2501,0.2505,7349003
2023-10-20 19:00:00,0.2505,0.2512,0.2502,0.2511,6631604
2023-10-20 20:00:00,0.2511,0.2515,0.2506,0.2507,9815714
2023-10-20 21:00:00,0.2507,0.2515,0.2506,0.2515,5237956
2023-10-20 22:00:00,0.2515,0.2518,0.251,0.2515,8867332
2023-10-20 23:00:00,0.2515,0.2517,0.2508,0.2511,9405463
2023-10-21 00:00:00,0.2511,0.2521,0.251,0.2511,12171223
2023-10-21 01:00:00,0.2512,0.2512,0.2505,0.2507,10204215
2023-10-21 02:00:00,0.2508,0.2508,0.2496,0.2502,12247253
2023-10-21 03:00:00,0.2503,0.2507,0.2492,0.2504,11812169
2023-10-21 04:00:00,0.2503,0.2507,0.2498,0.2498,5827905
2023-10-21 05:00:00,0.2498,0.2506,0.2496,0.2505,8170184
2023-10-21 06:00:00,0.2505,0.2524,0.2504,0.2521,20741895
2023-10-21 07:00:00,0.2521,0.2526,0.2516,0.2524,14577154
2023-10-21 08:00:00,0.2524,0.2531,0.252,0.2521,12429841
2023-10-21 09:00:00,0.2522,0.2545,0.252,0.2545,22236652
2023-10-21 10:00:00,0.2545,0.2549,0.2538,0.2543,17441083
2023-10-21 11:00:00,0.2543,0.2569,0.2543,0.2564,28988098
2023-10-21 12:00:00,0.2564,0.2578,0.2562,0.2564,27751468
2023-10-21 13:00:00,0.2563,0.2588,0.2554,0.2587,32220758
2023-10-21 14:00:00,0.2587,0.2597,0.2579,0.2589,39853873
2023-10-21 15:00:00,0.2588,0.2599,0.2575,0.2596,27246266
2023-10-21 16:00:00,0.2596,0.2599,0.2582,0.2586,27016776
2023-10-21 17:00:00,0.2585,0.262,0.2583,0.2617,35623760
2023-10-21 18:00:00,0.2617,0.2628,0.2594,0.2611,38528182
2023-10-21 19:00:00,0.2611,0.2615,0.26,0.2606,13836631
2023-10-21 20:00:00,0.2606,0.2608,0.259,0.2596,22920396
2023-10-21 21:00:00,0.2597,0.2602,0.2589,0.2596,9930100
2023-10-21 22:00:00,0.2596,0.26,0.2581,0.2586,15755521
2023-10-21 23:00:00,0.2586,0.2589,0.2575,0.2585,14625630
2023-10-22 00:00:00,0.2586,0.2605,0.258,0.2598,18679157
2023-10-22 01:00:00,0.2597,0.2607,0.2591,0.2604,16693395
2023-10-22 02:00:00,0.2604,0.2604,0.2582,0.2588,14064349
2023-10-22 03:00:00,0.2588,0.2592,0.2581,0.2588,10646332
2023-10-22 04:00:00,0.2589,0.2603,0.2585,0.26,14070485
2023-10-22 05:00:00,0.26,0.2633,0.26,0.2625,27536849
2023-10-22 06:00:00,0.2624,0.2631,0.2609,0.2612,20526719
2023-10-22 07:00:00,0.2611,0.2612,0.2549,0.2574,61596232
2023-10-22 08:00:00,0.2573,0.2587,0.2566,0.2572,22268806
2023-10-22 09:00:00,0.2572,0.2587,0.2571,0.2574,13436335
2023-10-22 10:00:00,0.2574,0.2583,0.2568,0.2579,15758848
2023-10-22 11:00:00,0.2578,0.2579,0.2561,0.2567,12038774
2023-10-22 12:00:00,0.2567,0.2581,0.2565,0.2573,11459096
2023-10-22 13:00:00,0.2573,0.2583,0.2572,0.2582,7323374
2023-10-22 14:00:00,0.2581,0.2582,0.2565,0.2568,13254401
2023-10-22 15:00:00,0.2569,0.2573,0.2559,0.2572,16354200
2023-10-22 16:00:00,0.2572,0.2584,0.2567,0.2582,11082328
2023-10-22 17:00:00,0.2582,0.2612,0.2581,0.2609,19698943
2023-10-22 18:00:00,0.2609,0.2621,0.2589,0.259,29377073
2023-10-22 19:00:00,0.259,0.2612,0.2589,0.2601,13135454
2023-10-22 20:00:00,0.2602,0.2613,0.2597,0.2612,14920862
2023-10-22 21:00:00,0.2612,0.2615,0.2598,0.2599,11181799
2023-10-22 22:00:00,0.26,0.2635,0.2593,0.2634,27013814
2023-10-22 23:00:00,0.2634,0.2643,0.2627,0.2639,29213440
2023-10-23 00:00:00,0.2639,0.2653,0.2626,0.2651,40928250
2023-10-23 01:00:00,0.2651,0.269,0.2642,0.2665,73692246
2023-10-23 02:00:00,0.2664,0.267,0.2645,0.2652,26995177
2023-10-23 03:00:00,0.2652,0.2671,0.2639,0.2663,49567762
2023-10-23 04:00:00,0.2663,0.2677,0.2656,0.2675,32351972
2023-10-23 05:00:00,0.2675,0.2686,0.2663,0.2664,33439483
2023-10-23 06:00:00,0.2664,0.2679,0.2641,0.2642,33027072
2023-10-23 07:00:00,0.2643,0.2648,0.2618,0.2633,37247911
2023-10-23 08:00:00,0.2632,0.2651,0.2626,0.2649,27839857
2023-10-23 09:00:00,0.2648,0.2649,0.2614,0.2636,54044046
2023-10-23 10:00:00,0.2636,0.2656,0.2632,0.2654,19322858
2023-10-23 11:00:00,0.2655,0.2658,0.2645,0.2647,17427559
2023-10-23 12:00:00,0.2647,0.2653,0.2639,0.2645,17012033
2023-10-23 13:00:00,0.2645,0.2649,0.2615,0.263,38605262
2023-10-23 14:00:00,0.263,0.264,0.2624,0.2631,22264385
2023-10-23 15:00:00,0.2631,0.2646,0.2624,0.264,28335218
2023-10-23 16:00:00,0.264,0.2674,0.2635,0.267,34711312
2023-10-23 17:00:00,0.2671,0.2675,0.264,0.2662,36441755
2023-10-23 18:00:00,0.2663,0.268,0.2653,0.2679,31159942
2023-10-23 19:00:00,0.2679,0.2696,0.2672,0.2694,36363070
2023-10-23 20:00:00,0.2695,0.272,0.2687,0.2694,57859084
2023-10-23 21:00:00,0.2694,0.2705,0.2684,0.2698,23036370
2023-10-23 22:00:00,0.2698,0.2823,0.2694,0.2793,164070213
2023-10-23 23:00:00,0.2793,0.2814,0.2743,0.2809,94245136
2023-10-24 00:00:00,0.2809,0.2826,0.2779,0.2816,63649653
2023-10-24 01:00:00,0.2816,0.2838,0.2796,0.2813,51756054
2023-10-24 02:00:00,0.2812,0.2898,0.2806,0.2885,104982161
2023-10-24 03:00:00,0.2886,0.2892,0.2821,0.2821,59340080
2023-10-24 04:00:00,0.2822,0.2847,0.2816,0.2828,28771544
2023-10-24 05:00:00,0.2829,0.2846,0.2791,0.2799,38004832
2023-10-24 06:00:00,0.28,0.281,0.2768,0.2794,41694718
2023-10-24 07:00:00,0.2794,0.2801,0.2776,0.2801,26645628
2023-10-24 08:00:00,0.2801,0.2821,0.2793,0.2818,25701036
2023-10-24 09:00:00,0.2818,0.2845,0.2807,0.2835,33014042
2023-10-24 10:00:00,0.2836,0.285,0.283,0.2842,31427973
2023-10-24 11:00:00,0.2842,0.2866,0.2837,0.2866,36604524
2023-10-24 12:00:00,0.2866,0.2938,0.2858,0.2906,69330034
2023-10-24 13:00:00,0.2907,0.2908,0.2855,0.2904,60838859
2023-10-24 14:00:00,0.2904,0.2905,0.2853,0.2874,36334672
2023-10-24 15:00:00,0.2874,0.2889,0.2729,0.2779,177161032
2023-10-24 16:00:00,0.2779,0.2806,0.2744,0.2782,57629025
2023-10-24 17:00:00,0.2781,0.2799,0.2763,0.2764,26686969
2023-10-24 18:00:00,0.2764,0.2787,0.2737,0.2784,34730808
2023-10-24 19:00:00,0.2784,0.2795,0.2775,0.2783,16794401
2023-10-24 20:00:00,0.2782,0.2791,0.2757,0.2762,21389287
2023-10-24 21:00:00,0.2762,0.2799,0.2749,0.279,29452397
2023-10-24 22:00:00,0.279,0.2804,0.2778,0.2803,21317156
2023-10-24 23:00:00,0.2802,0.2806,0.2781,0.2791,21600783
2023-10-25 00:00:00,0.2791,0.2823,0.2783,0.2819,32604246
2023-10-25 01:00:00,0.2818,0.2849,0.2817,0.2827,36795248
2023-10-25 02:00:00,0.2827,0.2831,0.2798,0.2814,22942121
2023-10-25 03:00:00,0.2814,0.2816,0.2793,0.2802,21537545
2023-10-25 04:00:00,0.2802,0.2824,0.2795,0.2824,16252821
2023-10-25 05:00:00,0.2823,0.2827,0.2795,0.2804,22124886
2023-10-25 06:00:00,0.2804,0.2829,0.2803,0.2822,17001674
2023-10-25 07:00:00,0.2822,0.2831,0.276,0.2782,58867315
2023-10-25 08:00:00,0.2782,0.2794,0.2761,0.2785,31658163
2023-10-25 09:00:00,0.2785,0.2822,0.2779,0.28,23748355
2023-10-25 10:00:00,0.28,0.2811,0.2794,0.2807,16030514
2023-10-25 11:00:00,0.2806,0.2816,0.2794,0.2795,19683066
2023-10-25 12:00:00,0.2794,0.2818,0.2794,0.2812,21835184
2023-10-25 13:00:00,0.2811,0.2841,0.2804,0.2824,32882624
2023-10-25 14:00:00,0.2824,0.2858,0.2819,0.2852,43387680
2023-10-25 15:00:00,0.2851,0.2888,0.2841,0.2883,46347463
2023-10-25 16:00:00,0.2883,0.2899,0.2818,0.2821,76473963
2023-10-25 17:00:00,0.2822,0.2845,0.281,0.2837,32903265
2023-10-25 18:00:00,0.2837,0.2845,0.2806,0.2818,29378325
2023-10-25 19:00:00,0.2818,0.2819,0.2797,0.2805,20693988
2023-10-25 20:00:00,0.2806,0.2811,0.2783,0.2786,27020143
2023-10-25 21:00:00,0.2786,0.2807,0.2778,0.28,16501290
2023-10-25 22:00:00,0.28,0.2812,0.2793,0.2809,15192113
2023-10-25 23:00:00,0.2809,0.281,0.2783,0.2808,20331537
2023-10-26 00:00:00,0.2808,0.2826,0.2799,0.2822,21858719
2023-10-26 01:00:00,0.2821,0.283,0.2808,0.2823,21735912
2023-10-26 02:00:00,0.2822,0.2845,0.2811,0.2844,19749368
2023-10-26 03:00:00,0.2844,0.29,0.2841,0.2899,42615486
2023-10-26 04:00:00,0.2899,0.2914,0.288,0.2907,38701750
2023-10-26 05:00:00,0.2906,0.293,0.2878,0.288,42126641
2023-10-26 06:00:00,0.2879,0.2928,0.2863,0.2928,33966068
2023-10-26 07:00:00,0.2928,0.296,0.2914,0.2955,52286875
2023-10-26 08:00:00,0.2954,0.2975,0.2928,0.2965,60820309
2023-10-26 09:00:00,0.2965,0.297,0.2916,0.2937,36446448
2023-10-26 10:00:00,0.2937,0.294,0.2896,0.2919,42502014
2023-10-26 11:00:00,0.2919,0.2924,0.2871,0.2892,47379031
2023-10-26 12:00:00,0.2892,0.2939,0.2891,0.2933,27898306
2023-10-26 13:00:00,0.2933,0.2965,0.2914,0.2918,51301154
2023-10-26 14:00:00,0.2917,0.2932,0.2831,0.2898,96783763
2023-10-26 15:00:00,0.2899,0.2905,0.2827,0.2857,63752777
2023-10-26 16:00:00,0.2856,0.2858,0.2821,0.2823,40603881
2023-10-26 17:00:00,0.2823,0.2871,0.2818,0.286,34448944
2023-10-26 18:00:00,0.2859,0.2879,0.2848,0.2853,23860608
2023-10-26 19:00:00,0.2853,0.2857,0.2838,0.284,21525111
2023-10-26 20:00:00,0.2839,0.2857,0.2831,0.2857,15207282
2023-10-26 21:00:00,0.2856,0.2864,0.2837,0.2862,11859537
2023-10-26 22:00:00,0.2862,0.2882,0.286,0.288,14727203
2023-10-26 23:00:00,0.2879,0.2887,0.2866,0.2872,18134394
2023-10-27 00:00:00,0.2871,0.2877,0.2842,0.2853,18115501
2023-10-27 01:00:00,0.2854,0.2854,0.2804,0.281,36386483
2023-10-27 02:00:00,0.2811,0.2847,0.2804,0.2844,17853860
2023-10-27 03:00:00,0.2844,0.2856,0.284,0.285,14861616
2023-10-27 04:00:00,0.285,0.2864,0.284,0.2857,18945214
2023-10-27 05:00:00,0.2856,0.2858,0.2825,0.2842,16854111
2023-10-27 06:00:00,0.2843,0.287,0.2838,0.2869,12153237
2023-10-27 07:00:00,0.2869,0.287,0.2815,0.2818,20759992
2023-10-27 08:00:00,0.2818,0.2849,0.2816,0.2843,17510596
2023-10-27 09:00:00,0.2843,0.2868,0.2843,0.2867,13566262
2023-10-27 10:00:00,0.2867,0.2868,0.285,0.2852,11894984
2023-10-27 11:00:00,0.2852,0.2857,0.2835,0.2854,21167338
2023-10-27 12:00:00,0.2854,0.29,0.2844,0.2895,33583912
2023-10-27 13:00:00,0.2894,0.2911,0.2881,0.2898,33453076
2023-10-27 14:00:00,0.2898,0.2906,0.2865,0.2881,50341714
2023-10-27 15:00:00,0.2881,0.2925,0.2862,0.2917,38729248
2023-10-27 16:00:00,0.2918,0.2925,0.2866,0.2876,33762024
2023-10-27 17:00:00,0.2875,0.2885,0.283,0.2862,45435370
2023-10-27 18:00:00,0.2863,0.2885,0.2829,0.2883,40727273
2023-10-27 19:00:00,0.2883,0.29,0.2876,0.2895,19480189
2023-10-27 20:00:00,0.2895,0.2903,0.2885,0.2891,13305733
2023-10-27 21:00:00,0.2891,0.2898,0.2879,0.2898,7923320
2023-10-27 22:00:00,0.2897,0.29,0.2877,0.2878,10125202
2023-10-27 23:00:00,0.2879,0.2897,0.2878,0.2893,8888025
2023-10-28 00:00:00,0.2893,0.2903,0.2888,0.2891,10020981
2023-10-28 01:00:00,0.289,0.2903,0.2887,0.2902,8591979
2023-10-28 02:00:00,0.2903,0.2961,0.2897,0.2955,38097396
2023-10-28 03:00:00,0.2956,0.2962,0.2946,0.2961,15957111
2023-10-28 04:00:00,0.2961,0.297,0.2949,0.2969,16990269
2023-10-28 05:00:00,0.297,0.2977,0.2947,0.2948,18925562
2023-10-28 06:00:00,0.2948,0.2958,0.2939,0.2943,15947641
2023-10-28 07:00:00,0.2944,0.2947,0.2932,0.2934,9553703
2023-10-28 08:00:00,0.2933,0.2952,0.2933,0.2943,11641456
2023-10-28 09:00:00,0.2943,0.2947,0.2936,0.2938,9336900
2023-10-28 10:00:00,0.2938,0.2942,0.2928,0.2942,10406000
2023-10-28 11:00:00,0.2942,0.2956,0.2922,0.2922,24830733
2023-10-28 12:00:00,0.2923,0.2934,0.2889,0.2903,32792023
2023-10-28 13:00:00,0.2904,0.2919,0.2897,0.2918,13500213
2023-10-28 14:00:00,0.2918,0.2923,0.2912,0.2916,9450954
2023-10-28 15:00:00,0.2917,0.2932,0.2916,0.2931,8697775
2023-10-28 16:00:00,0.2931,0.2931,0.2913,0.2921,10861366
2023-10-28 17:00:00,0.2922,0.2922,0.2906,0.2914,6500142
2023-10-28 18:00:00,0.2915,0.2915,0.29,0.2909,10478687
2023-10-28 19:00:00,0.2909,0.291,0.2897,0.2901,6813357
2023-10-28 20:00:00,0.2901,0.2914,0.2896,0.291,8020588
2023-10-28 21:00:00,0.291,0.2917,0.2907,0.2915,7590197
2023-10-28 22:00:00,0.2916,0.2916,0.2897,0.2912,9827526
2023-10-28 23:00:00,0.2913,0.2913,0.2899,0.2907,11283939
2023-10-29 00:00:00,0.2908,0.2931,0.2901,0.2917,16917275
2023-10-29 01:00:00,0.2917,0.2921,0.2879,0.2901,23174673
2023-10-29 02:00:00,0.2902,0.2906,0.2894,0.2906,5983868
2023-10-29 03:00:00,0.2906,0.2907,0.2893,0.2902,7517512
2023-10-29 04:00:00,0.2902,0.2917,0.2895,0.2917,6422510
2023-10-29 05:00:00,0.2916,0.292,0.2911,0.2918,5832899
2023-10-29 06:00:00,0.2919,0.292,0.2914,0.2915,6636709
2023-10-29 07:00:00,0.2915,0.2927,0.291,0.292,8226642
2023-10-29 08:00:00,0.292,0.2952,0.2919,0.2949,15414141
2023-10-29 09:00:00,0.2949,0.2952,0.2936,0.2937,13579427
2023-10-29 10:00:00,0.2938,0.294,0.2929,0.2932,7701417
2023-10-29 11:00:00,0.2932,0.2957,0.293,0.2952,13705267
2023-10-29 12:00:00,0.2952,0.2963,0.2948,0.2962,14599830
2023-10-29 13:00:00,0.2962,0.2964,0.2945,0.2949,17955953
2023-10-29 14:00:00,0.2949,0.2975,0.2941,0.297,19684694
2023-10-29 15:00:00,0.297,0.298,0.2955,0.2967,26141206
2023-10-29 16:00:00,0.2966,0.2974,0.2956,0.2963,14078818
2023-10-29 17:00:00,0.2962,0.2989,0.2955,0.2971,29990990
2023-10-29 18:00:00,0.2972,0.2988,0.2965,0.2976,17541110
2023-10-29 19:00:00,0.2976,0.298,0.2955,0.2964,13974278
2023-10-29 20:00:00,0.2964,0.2971,0.2953,0.2971,8726524
2023-10-29 21:00:00,0.297,0.2976,0.2956,0.2957,9832700
2023-10-29 22:00:00,0.2957,0.2981,0.2957,0.297,9430183
2023-10-29 23:00:00,0.297,0.2974,0.2942,0.2955,16265659
2023-10-30 00:00:00,0.2955,0.2965,0.2943,0.2951,15150212
2023-10-30 01:00:00,0.2952,0.2968,0.2948,0.295,14850599
2023-10-30 02:00:00,0.295,0.2954,0.293,0.2944,28497841
2023-10-30 03:00:00,0.2945,0.2945,0.2932,0.2936,14161554
2023-10-30 04:00:00,0.2935,0.2948,0.2932,0.2942,9382120
2023-10-30 05:00:00,0.2941,0.2945,0.2927,0.2931,11730276
2023-10-30 06:00:00,0.2931,0.2944,0.2919,0.2942,16669591
2023-10-30 07:00:00,0.2942,0.2952,0.2929,0.2934,18666399
2023-10-30 08:00:00,0.2935,0.2975,0.2928,0.2964,31906235
2023-10-30 09:00:00,0.2963,0.2998,0.2963,0.2979,45677021
2023-10-30 10:00:00,0.298,0.3004,0.2964,0.3001,32805847
2023-10-30 11:00:00,0.3001,0.3011,0.2991,0.3008,19865620
2023-10-30 12:00:00,0.3008,0.3019,0.2975,0.2985,35184231
2023-10-30 13:00:00,0.2985,0.3012,0.2976,0.3001,28146572
2023-10-30 14:00:00,0.3001,0.3018,0.2994,0.3014,41639679
2023-10-30 15:00:00,0.3014,0.3025,0.3007,0.3017,29432517
2023-10-30 16:00:00,0.3018,0.3019,0.2997,0.3008,24200568
2023-10-30 17:00:00,0.3009,0.301,0.2946,0.2977,65289537
2023-10-30 18:00:00,0.2978,0.299,0.2977,0.2982,12444629
2023-10-30 19:00:00,0.2982,0.3012,0.2978,0.3012,14041164
2023-10-30 20:00:00,0.3012,0.3014,0.299,0.3006,13122851
2023-10-30 21:00:00,0.3006,0.3021,0.2993,0.3015,9881223
2023-10-30 22:00:00,0.3014,0.3023,0.3003,0.3022,11655991
2023-10-30 23:00:00,0.3021,0.3034,0.3019,0.3031,19376908
2023-10-31 00:00:00,0.3031,0.3051,0.3023,0.3036,29372021
2023-10-31 01:00:00,0.3037,0.3048,0.3025,0.3046,17768901
2023-10-31 02:00:00,0.3046,0.3049,0.3005,0.3023,28300457
2023-10-31 03:00:00,0.3023,0.3028,0.2993,0.2998,24252160
2023-10-31 04:00:00,0.2999,0.301,0.299,0.3002,16394674
2023-10-31 05:00:00,0.3002,0.3016,0.2985,0.301,18110194
2023-10-31 06:00:00,0.301,0.3022,0.2983,0.2989,25768119
2023-10-31 07:00:00,0.299,0.2992,0.2963,0.2966,26446287
2023-10-31 08:00:00,0.2966,0.2995,0.2942,0.2985,38925590
2023-10-31 09:00:00,0.2985,0.2988,0.2963,0.2975,16681096
2023-10-31 10:00:00,0.2975,0.2987,0.2963,0.2985,15272396
2023-10-31 11:00:00,0.2985,0.302,0.2985,0.3007,60233530
2023-10-31 12:00:00,0.3007,0.302,0.2955,0.2971,52688721
2023-10-31 13:00:00,0.297,0.2979,0.2913,0.2941,63420745
2023-10-31 14:00:00,0.2941,0.2949,0.2913,0.2922,54422751
2023-10-31 15:00:00,0.2923,0.2925,0.2839,0.2895,90314574
2023-10-31 16:00:00,0.2895,0.2932,0.2884,0.2926,41355098
2023-10-31 17:00:00,0.2925,0.2927,0.2896,0.2923,19974954
2023-10-31 18:00:00,0.2923,0.2934,0.2914,0.2929,19577949
2023-10-31 19:00:00,0.2929,0.2943,0.2915,0.2923,22079047
2023-10-31 20:00:00,0.2923,0.2948,0.2916,0.2946,20279917
2023-10-31 21:00:00,0.2946,0.2947,0.2902,0.2909,19628906
2023-10-31 22:00:00,0.2909,0.2926,0.2901,0.2915,14980945
2023-10-31 23:00:00,0.2915,0.2935,0.291,0.293,14627593
2023-11-01 00:00:00,0.2929,0.2945,0.292,0.2924,25128050
2023-11-01 01:00:00,0.2924,0.2928,0.2907,0.291,15263874
2023-11-01 02:00:00,0.291,0.2925,0.2902,0.2905,11656169
2023-11-01 03:00:00,0.2906,0.2909,0.2889,0.2891,13574376
2023-11-01 04:00:00,0.2891,0.2894,0.2877,0.2883,17119363
2023-11-01 05:00:00,0.2884,0.2884,0.285,0.2857,25149191
2023-11-01 06:00:00,0.2857,0.2875,0.2844,0.2874,29267480
2023-11-01 07:00:00,0.2873,0.2886,0.2864,0.2875,25818250
2023-11-01 08:00:00,0.2874,0.288,0.286,0.2878,18304469
2023-11-01 09:00:00,0.2877,0.2885,0.2871,0.2883,13381123
2023-11-01 10:00:00,0.2883,0.2884,0.2851,0.2859,17800107
2023-11-01 11:00:00,0.2859,0.2881,0.2852,0.2879,16015269
2023-11-01 12:00:00,0.2879,0.2917,0.2863,0.2909,31728676
2023-11-01 13:00:00,0.2909,0.294,0.287,0.2899,58575571
2023-11-01 14:00:00,0.29,0.2921,0.2863,0.2874,43306140
2023-11-01 15:00:00,0.2874,0.2896,0.2865,0.2886,33101051
2023-11-01 16:00:00,0.2886,0.2917,0.2883,0.2907,23001791
2023-11-01 17:00:00,0.2906,0.2928,0.2899,0.2924,21632124
2023-11-01 18:00:00,0.2924,0.2998,0.2916,0.298,71816069
2023-11-01 19:00:00,0.2979,0.3022,0.2971,0.301,61211978
2023-11-01 20:00:00,0.3011,0.3071,0.3009,0.3067,57425466
2023-11-01 21:00:00,0.3068,0.3076,0.3047,0.3068,41899895
2023-11-01 22:00:00,0.3067,0.3092,0.3057,0.3064,41737142
2023-11-01 23:00:00,0.3064,0.308,0.3056,0.3075,25833804
2023-11-02 00:00:00,0.3075,0.3115,0.3059,0.3108,43761589
2023-11-02 01:00:00,0.3108,0.312,0.3092,0.3111,37732616
2023-11-02 02:00:00,0.3111,0.3125,0.3094,0.3118,26151367
2023-11-02 03:00:00,0.3118,0.3128,0.3098,0.31,29036154
2023-11-02 04:00:00,0.3101,0.3108,0.3072,0.308,29377554
2023-11-02 05:00:00,0.3081,0.3084,0.3036,0.3038,42760474
2023-11-02 06:00:00,0.3037,0.3067,0.3032,0.3064,28842336
2023-11-02 07:00:00,0.3065,0.3081,0.3061,0.3071,22460015
2023-11-02 08:00:00,0.3071,0.3092,0.3038,0.3085,28243387
2023-11-02 09:00:00,0.3085,0.3113,0.307,0.3099,25739072
2023-11-02 10:00:00,0.3099,0.3118,0.3088,0.309,31767607
2023-11-02 11:00:00,0.309,0.311,0.3081,0.3106,22409425
2023-11-02 12:00:00,0.3105,0.3125,0.3094,0.3112,26596503
2023-11-02 13:00:00,0.3112,0.3127,0.3066,0.3094,82128356
2023-11-02 14:00:00,0.3095,0.3107,0.3047,0.3083,65527567
2023-11-02 15:00:00,0.3083,0.3088,0.3001,0.3002,102801215
2023-11-02 16:00:00,0.3002,0.3046,0.2982,0.3038,88736244
2023-11-02 17:00:00,0.3038,0.3164,0.3031,0.3155,141313380
2023-11-02 18:00:00,0.3155,0.3257,0.3126,0.3241,177504728
2023-11-02 19:00:00,0.3241,0.3296,0.3216,0.3244,195967158
2023-11-02 20:00:00,0.3244,0.3276,0.3203,0.3216,83221416
2023-11-02 21:00:00,0.3215,0.3234,0.3189,0.3223,49865038
2023-11-02 22:00:00,0.3223,0.324,0.3197,0.3211,26650394
2023-11-02 23:00:00,0.3211,0.3253,0.3204,0.3233,30120470
2023-11-03 00:00:00,0.3233,0.3271,0.3194,0.3215,87905832
2023-11-03 01:00:00,0.3215,0.3221,0.3141,0.3187,78571252
2023-11-03 02:00:00,0.3187,0.3206,0.3169,0.318,28567070
2023-11-03 03:00:00,0.3181,0.3185,0.3144,0.3165,29726169
2023-11-03 04:00:00,0.3164,0.3176,0.3118,0.3131,36559999
2023-11-03 05:00:00,0.3132,0.3172,0.3115,0.3171,26015422
2023-11-03 06:00:00,0.3171,0.322,0.3167,0.3213,37207608
2023-11-03 07:00:00,0.3213,0.3259,0.3197,0.3231,73063529
2023-11-03 08:00:00,0.3231,0.3236,0.3181,0.3234,55824092
2023-11-03 09:00:00,0.3233,0.3237,0.3174,0.3182,46323301
2023-11-03 10:00:00,0.3182,0.3184,0.3148,0.3169,39822670
2023-11-03 11:00:00,0.3169,0.319,0.3149,0.3185,22572122
2023-11-03 12:00:00,0.3185,0.3206,0.3157,0.3187,37167068
2023-11-03 13:00:00,0.3187,0.322,0.3159,0.3217,33996936
2023-11-03 14:00:00,0.3217,0.3222,0.3184,0.3198,34689132
2023-11-03 15:00:00,0.3199,0.3216,0.3195,0.3207,22921417
2023-11-03 16:00:00,0.3207,0.3213,0.3161,0.3182,30845486
2023-11-03 17:00:00,0.3182,0.3191,0.3141,0.3185,29708946
2023-11-03 18:00:00,0.3185,0.3249,0.3178,0.3244,48696349
2023-11-03 19:00:00,0.3243,0.3249,0.322,0.3228,19852108
2023-11-03 20:00:00,0.3228,0.3262,0.3224,0.3243,20570091
2023-11-03 21:00:00,0.3243,0.3274,0.3243,0.3253,17787444
2023-11-03 22:00:00,0.3253,0.3283,0.3253,0.3269,22337495
2023-11-03 23:00:00,0.3269,0.3299,0.3256,0.3292,30394144
2023-11-04 00:00:00,0.3292,0.33,0.3253,0.327,26608966
2023-11-04 01:00:00,0.327,0.3305,0.3258,0.3292,16317394
2023-11-04 02:00:00,0.3291,0.3299,0.3276,0.3278,12976577
2023-11-04 03:00:00,0.3279,0.3281,0.326,0.3265,10903544
2023-11-04 04:00:00,0.3265,0.3265,0.3245,0.325,11106437
2023-11-04 05:00:00,0.3251,0.3257,0.3242,0.3255,8928160
2023-11-04 06:00:00,0.3255,0.3273,0.3244,0.325,14961308
2023-11-04 07:00:00,0.3251,0.3276,0.325,0.3253,12790580
2023-11-04 08:00:00,0.3253,0.3282,0.3241,0.3269,18114987
2023-11-04 09:00:00,0.3269,0.3282,0.326,0.326,14447615
2023-11-04 10:00:00,0.326,0.3262,0.3246,0.3255,16319835
2023-11-04 11:00:00,0.3256,0.3268,0.3248,0.3254,11325463
2023-11-04 12:00:00,0.3254,0.3255,0.3224,0.3249,21397925
2023-11-04 13:00:00,0.325,0.3256,0.3238,0.3241,14867703
2023-11-04 14:00:00,0.3242,0.3246,0.3219,0.3227,21101787
2023-11-04 15:00:00,0.3228,0.3229,0.3208,0.322,16820527
2023-11-04 16:00:00,0.322,0.3245,0.3213,0.3237,17453383
2023-11-04 17:00:00,0.3237,0.3257,0.3235,0.3247,12307405
2023-11-04 18:00:00,0.3247,0.326,0.3235,0.326,6240283
2023-11-04 19:00:00,0.3259,0.3263,0.3239,0.3241,7459232
2023-11-04 20:00:00,0.3241,0.3254,0.3238,0.3254,5234404
2023-11-04 21:00:00,0.3254,0.3267,0.3252,0.3259,7675459
2023-11-04 22:00:00,0.3259,0.3289,0.3258,0.3289,9666151
2023-11-04 23:00:00,0.3289,0.3308,0.3275,0.3279,24118328
2023-11-05 00:00:00,0.3279,0.3291,0.3263,0.3282,16450678
2023-11-05 01:00:00,0.3282,0.3289,0.3273,0.3284,7377073
2023-11-05 02:00:00,0.3283,0.3285,0.3261,0.3275,9367115
2023-11-05 03:00:00,0.3276,0.3324,0.3272,0.3316,16702450
2023-11-05 04:00:00,0.3317,0.3358,0.3311,0.3337,31759721
2023-11-05 05:00:00,0.3338,0.3366,0.333,0.3341,19802445
2023-11-05 06:00:00,0.3342,0.3344,0.3312,0.3317,12449072
2023-11-05 07:00:00,0.3318,0.3354,0.3316,0.3352,12395569
2023-11-05 08:00:00,0.3352,0.3357,0.3321,0.3327,16762925
2023-11-05 09:00:00,0.3328,0.3368,0.3327,0.3358,20611950
2023-11-05 10:00:00,0.3358,0.3391,0.3352,0.3381,28072648
2023-11-05 11:00:00,0.3382,0.3447,0.3375,0.3433,51388643
2023-11-05 12:00:00,0.3433,0.346,0.3408,0.3428,32846064
2023-11-05 13:00:00,0.3428,0.344,0.3346,0.3359,36130628
2023-11-05 14:00:00,0.3359,0.3411,0.3358,0.3408,45955376
2023-11-05 15:00:00,0.3408,0.3458,0.3388,0.3418,49515396
2023-11-05 16:00:00,0.3417,0.3492,0.3404,0.3472,63387281
2023-11-05 17:00:00,0.3472,0.3504,0.3467,0.3481,37218441
2023-11-05 18:00:00,0.3481,0.35,0.3452,0.346,26410265
2023-11-05 19:00:00,0.346,0.3477,0.3447,0.345,16969416
2023-11-05 20:00:00,0.3449,0.3465,0.3437,0.3449,15868239
2023-11-05 21:00:00,0.3449,0.3458,0.34,0.3414,24042889
2023-11-05 22:00:00,0.3414,0.3436,0.3406,0.3433,13583433
2023-11-05 23:00:00,0.3432,0.3455,0.3415,0.342,21974378
2023-11-06 00:00:00,0.342,0.348,0.3414,0.3469,29099521
2023-11-06 01:00:00,0.3469,0.3497,0.3461,0.3467,30114821
2023-11-06 02:00:00,0.3467,0.3479,0.3454,0.3459,16801814
2023-11-06 03:00:00,0.3458,0.3461,0.344,0.3457,16259366
2023-11-06 04:00:00,0.3457,0.3466,0.3419,0.3432,21695192
2023-11-06 05:00:00,0.3432,0.3434,0.337,0.3408,38259078
2023-11-06 06:00:00,0.3409,0.344,0.3396,0.3434,15380404
2023-11-06 07:00:00,0.3434,0.3458,0.3417,0.3452,20683412
2023-11-06 08:00:00,0.3452,0.3476,0.3415,0.3473,26318447
2023-11-06 09:00:00,0.3474,0.3503,0.3462,0.3503,29638215
2023-11-06 10:00:00,0.3502,0.3538,0.3495,0.353,41974667
2023-11-06 11:00:00,0.353,0.3547,0.3511,0.352,31060621
2023-11-06 12:00:00,0.3519,0.3553,0.3503,0.3544,31162918
2023-11-06 13:00:00,0.3544,0.3562,0.3522,0.3534,42095499
2023-11-06 14:00:00,0.3533,0.3547,0.3516,0.3539,28769857
2023-11-06 15:00:00,0.354,0.3563,0.3516,0.3524,30243382
2023-11-06 16:00:00,0.3523,0.3559,0.3497,0.3555,43515985
2023-11-06 17:00:00,0.3556,0.3573,0.3537,0.3571,41566626
2023-11-06 18:00:00,0.357,0.3608,0.3548,0.3592,49760930
2023-11-06 19:00:00,0.3591,0.3683,0.3588,0.368,71858255
2023-11-06 20:00:00,0.3679,0.3755,0.3668,0.3746,86200781
2023-11-06 21:00:00,0.3746,0.376,0.3648,0.3666,113640938
2023-11-06 22:00:00,0.3667,0.369,0.365,0.3655,43224818
2023-11-06 23:00:00,0.3654,0.366,0.3621,0.3628,46926812
2023-11-07 00:00:00,0.3628,0.366,0.3581,0.3613,69563659
2023-11-07 01:00:00,0.3614,0.3649,0.36,0.3624,35095005
2023-11-07 02:00:00,0.3624,0.3642,0.3549,0.3555,39304551
2023-11-07 03:00:00,0.3555,0.3588,0.3545,0.3569,24605445
2023-11-07 04:00:00,0.3568,0.3568,0.3541,0.3559,21027877
2023-11-07 05:00:00,0.3559,0.3577,0.3542,0.3571,24869497
2023-11-07 06:00:00,0.3571,0.3573,0.3521,0.3529,36819807
2023-11-07 07:00:00,0.353,0.3539,0.3503,0.3534,29672551
2023-11-07 08:00:00,0.3533,0.3547,0.3521,0.3528,22084621
2023-11-07 09:00:00,0.3528,0.3531,0.3463,0.3475,66750415
2023-11-07 10:00:00,0.3474,0.3479,0.3432,0.3447,57880427
2023-11-07 11:00:00,0.3447,0.3472,0.344,0.3454,23570433
2023-11-07 12:00:00,0.3453,0.348,0.3428,0.3476,33482276
2023-11-07 13:00:00,0.3475,0.3479,0.3431,0.3458,35112998
2023-11-07 14:00:00,0.3458,0.3465,0.3435,0.3463,22428938
2023-11-07 15:00:00,0.3462,0.3465,0.3376,0.3403,75809437
2023-11-07 16:00:00,0.3404,0.3412,0.3355,0.3359,40087758
2023-11-07 17:00:00,0.3359,0.343,0.3337,0.3428,54498631
2023-11-07 18:00:00,0.3427,0.353,0.3425,0.352,93079931
2023-11-07 19:00:00,0.3521,0.3526,0.3473,0.3516,54119101
2023-11-07 20:00:00,0.3517,0.3562,0.3508,0.3549,49964053
2023-11-07 21:00:00,0.355,0.3556,0.3509,0.3531,33877927
2023-11-07 22:00:00,0.3531,0.3543,0.3478,0.3503,66819298
2023-11-07 23:00:00,0.3503,0.3523,0.3494,0.3514,25635616
2023-11-08 00:00:00,0.3513,0.3544,0.3486,0.3544,27050286
2023-11-08 01:00:00,0.3543,0.3551,0.3524,0.3538,38531657
2023-11-08 02:00:00,0.3538,0.3545,0.3524,0.3528,25044558
2023-11-08 03:00:00,0.3528,0.3562,0.3526,0.3547,19052338
2023-11-08 04:00:00,0.3548,0.356,0.3536,0.3538,13534225
2023-11-08 05:00:00,0.3539,0.3546,0.353,0.354,9855371
2023-11-08 06:00:00,0.3541,0.3566,0.3521,0.3555,18350355
2023-11-08 07:00:00,0.3555,0.3589,0.3546,0.3565,23169269
2023-11-08 08:00:00,0.3564,0.3597,0.3557,0.3564,26327386
2023-11-08 09:00:00,0.3563,0.3575,0.354,0.354,16260242
2023-11-08 10:00:00,0.354,0.3582,0.3539,0.357,20252175
2023-11-08 11:00:00,0.357,0.3578,0.3551,0.3555,11519157
2023-11-08 12:00:00,0.3554,0.3561,0.3537,0.3551,15870670
2023-11-08 13:00:00,0.3552,0.3558,0.3531,0.3554,18192892
2023-11-08 14:00:00,0.3553,0.3563,0.3531,0.3541,21854081
2023-11-08 15:00:00,0.3541,0.3563,0.351,0.3553,44159111
2023-11-08 16:00:00,0.3553,0.3592,0.3545,0.3579,39081436
2023-11-08 17:00:00,0.3579,0.3587,0.3568,0.3576,18255551
2023-11-08 18:00:00,0.3575,0.3593,0.3564,0.3583,18674707
2023-11-08 19:00:00,0.3583,0.3596,0.3565,0.3576,30967604
2023-11-08 20:00:00,0.3575,0.3584,0.3564,0.3581,13728822
2023-11-08 21:00:00,0.3581,0.3594,0.3535,0.3558,34182704
2023-11-08 22:00:00,0.3559,0.3594,0.3555,0.3589,13886063
2023-11-08 23:00:00,0.3589,0.3605,0.3576,0.3579,22498163
2023-11-09 00:00:00,0.3578,0.3649,0.3561,0.3616,54934004
2023-11-09 01:00:00,0.3616,0.3628,0.3602,0.3609,26016147
2023-11-09 02:00:00,0.3609,0.3661,0.3604,0.3644,33079110
2023-11-09 03:00:00,0.3643,0.3663,0.3628,0.366,17451780
2023-11-09 04:00:00,0.3661,0.3684,0.3651,0.3681,19991334
2023-11-09 05:00:00,0.3681,0.3687,0.3646,0.3661,17273367
2023-11-09 06:00:00,0.366,0.3703,0.3659,0.37,23732162
2023-11-09 07:00:00,0.37,0.3704,0.3649,0.3662,31540774
2023-11-09 08:00:00,0.3663,0.3723,0.3661,0.372,28596734
2023-11-09 09:00:00,0.3721,0.3738,0.371,0.3733,30489817
2023-11-09 10:00:00,0.3733,0.3748,0.3716,0.3743,35226652
2023-11-09 11:00:00,0.3742,0.3748,0.371,0.3742,37374543
2023-11-09 12:00:00,0.3742,0.379,0.3725,0.3748,73896241
2023-11-09 13:00:00,0.3747,0.3773,0.3717,0.3753,53197163
2023-11-09 14:00:00,0.3754,0.3869,0.3747,0.3855,104691038
2023-11-09 15:00:00,0.3854,0.3872,0.3763,0.378,128884285
2023-11-09 16:00:00,0.3779,0.381,0.3384,0.362,244319465
2023-11-09 17:00:00,0.362,0.3702,0.3571,0.3696,78013842
2023-11-09 18:00:00,0.3696,0.3702,0.3624,0.3631,60115813
2023-11-09 19:00:00,0.3631,0.3649,0.3596,0.3619,43445107
2023-11-09 20:00:00,0.3618,0.362,0.351,0.3573,76867588
2023-11-09 21:00:00,0.3572,0.3651,0.3565,0.362,50486889
2023-11-09 22:00:00,0.362,0.3682,0.3614,0.3675,30542786
2023-11-09 23:00:00,0.3675,0.3689,0.3639,0.3685,34353681
2023-11-10 00:00:00,0.3685,0.3749,0.3668,0.3676,83498205
2023-11-10 01:00:00,0.3676,0.372,0.3662,0.3718,23763916
2023-11-10 02:00:00,0.3719,0.3752,0.3701,0.3749,25196821
2023-11-10 03:00:00,0.3749,0.3765,0.3717,0.3722,23269376
2023-11-10 04:00:00,0.3722,0.3751,0.3716,0.3741,19396557
2023-11-10 05:00:00,0.3742,0.375,0.3718,0.3747,17118149
2023-11-10 06:00:00,0.3746,0.3757,0.371,0.3715,27938365
2023-11-10 07:00:00,0.3715,0.3758,0.3701,0.3757,42320685
2023-11-10 08:00:00,0.3756,0.3772,0.3678,0.3772,56266723
2023-11-10 09:00:00,0.3771,0.3808,0.3756,0.3797,45534638
2023-11-10 10:00:00,0.3797,0.3801,0.3731,0.3767,37050396
2023-11-10 11:00:00,0.3766,0.3799,0.3744,0.3785,41841433
2023-11-10 12:00:00,0.3786,0.3788,0.3722,0.3757,42997548
2023-11-10 13:00:00,0.3756,0.376,0.368,0.369,51492537
2023-11-10 14:00:00,0.3691,0.3706,0.3627,0.3646,66317141
2023-11-10 15:00:00,0.3646,0.3688,0.3639,0.3674,31468553
2023-11-10 16:00:00,0.3674,0.3749,0.3664,0.3734,40346981
2023-11-10 17:00:00,0.3734,0.3748,0.3704,0.3736,21512498
2023-11-10 18:00:00,0.3737,0.3754,0.372,0.3733,21335495
2023-11-10 19:00:00,0.3733,0.376,0.3723,0.3736,22821886
2023-11-10 20:00:00,0.3737,0.3793,0.3713,0.3775,34835468
2023-11-10 21:00:00,0.3775,0.3806,0.3772,0.3778,20592189
2023-11-10 22:00:00,0.3779,0.3819,0.3778,0.3812,21278066
2023-11-10 23:00:00,0.3812,0.3888,0.3811,0.3863,69597707
2023-11-11 00:00:00,0.3864,0.389,0.382,0.3842,57778421
2023-11-11 01:00:00,0.3842,0.3874,0.3765,0.3792,72776052
2023-11-11 02:00:00,0.3792,0.3807,0.3747,0.38,39076735
2023-11-11 03:00:00,0.3799,0.3803,0.3741,0.3743,23770962
2023-11-11 04:00:00,0.3744,0.3758,0.3694,0.3727,47801592
2023-11-11 05:00:00,0.3727,0.3779,0.3716,0.3774,19564232
2023-11-11 06:00:00,0.3774,0.3812,0.3757,0.3791,20727610
2023-11-11 07:00:00,0.3791,0.3796,0.3767,0.3787,18038019
2023-11-11 08:00:00,0.3787,0.3809,0.3768,0.3807,25555561
2023-11-11 09:00:00,0.3807,0.3855,0.3807,0.3833,30254052
2023-11-11 10:00:00,0.3832,0.3846,0.3815,0.3843,16666756
2023-11-11 11:00:00,0.3843,0.3845,0.3791,0.3795,21349769
2023-11-11 12:00:00,0.3794,0.38,0.3773,0.3798,18924887
2023-11-11 13:00:00,0.3797,0.3813,0.3769,0.3797,21056148
2023-11-11 14:00:00,0.3796,0.39,0.3793,0.3884,59417184
2023-11-11 15:00:00,0.3885,0.3908,0.3831,0.3882,51211397
2023-11-11 16:00:00,0.3881,0.3959,0.388,0.3926,65462436
2023-11-11 17:00:00,0.3926,0.3945,0.3869,0.3894,41216320
2023-11-11 18:00:00,0.3893,0.3914,0.3876,0.3908,15979117
2023-11-11 19:00:00,0.3907,0.3948,0.3892,0.391,29173539
2023-11-11 20:00:00,0.391,0.391,0.3835,0.385,33629450
2023-11-11 21:00:00,0.385,0.3879,0.383,0.3845,24626335
2023-11-11 22:00:00,0.3844,0.3875,0.3802,0.3868,31386998
2023-11-11 23:00:00,0.3867,0.3868,0.3805,0.3849,34405966
2023-11-12 00:00:00,0.3849,0.3857,0.3706,0.3759,84014386
2023-11-12 01:00:00,0.376,0.381,0.3728,0.38,37410352
2023-11-12 02:00:00,0.3801,0.3804,0.3745,0.377,23374512
2023-11-12 03:00:00,0.3769,0.3811,0.3759,0.381,20473304
2023-11-12 04:00:00,0.3811,0.3823,0.3773,0.3791,22104615
2023-11-12 05:00:00,0.3791,0.3825,0.3773,0.3823,13377599
2023-11-12 06:00:00,0.3822,0.384,0.3804,0.3839,20607571
2023-11-12 07:00:00,0.384,0.3893,0.3838,0.3883,36574172
2023-11-12 08:00:00,0.3884,0.3897,0.3844,0.3892,32273915
2023-11-12 09:00:00,0.3891,0.3919,0.3858,0.388,31675998
2023-11-12 10:00:00,0.3881,0.3903,0.3854,0.3875,20290525
2023-11-12 11:00:00,0.3875,0.39,0.3866,0.3871,14470080
2023-11-12 12:00:00,0.3872,0.3876,0.3819,0.3832,31750112
2023-11-12 13:00:00,0.3833,0.3849,0.3799,0.3831,28543557
2023-11-12 14:00:00,0.3831,0.3874,0.383,0.3859,20632813
2023-11-12 15:00:00,0.3859,0.3878,0.3828,0.3861,18785994
2023-11-12 16:00:00,0.3862,0.3873,0.3814,0.3817,18388541
2023-11-12 17:00:00,0.3817,0.3828,0.3798,0.3828,23251225
2023-11-12 18:00:00,0.3827,0.3832,0.3782,0.3808,24648202
2023-11-12 19:00:00,0.3809,0.3824,0.3787,0.381,16139185
2023-11-12 20:00:00,0.3809,0.3851,0.3797,0.3848,17261551
2023-11-12 21:00:00,0.3847,0.389,0.3846,0.3871,20020705
2023-11-12 22:00:00,0.3871,0.3881,0.3856,0.3863,12973853
2023-11-12 23:00:00,0.3862,0.3872,0.3805,0.3838,27366244
2023-11-13 00:00:00,0.3839,0.3843,0.3791,0.3836,33408583
2023-11-13 01:00:00,0.3837,0.3892,0.3832,0.3867,36291510
2023-11-13 02:00:00,0.3866,0.388,0.3835,0.384,21076350
2023-11-13 03:00:00,0.3841,0.3845,0.3757,0.3769,44950460
2023-11-13 04:00:00,0.377,0.3785,0.3736,0.3752,33230538
2023-11-13 05:00:00,0.3753,0.3768,0.3732,0.3758,25217503
2023-11-13 06:00:00,0.3757,0.3759,0.3721,0.3754,18585065
2023-11-13 07:00:00,0.3753,0.3798,0.3745,0.3774,21312650
2023-11-13 08:00:00,0.3774,0.38,0.3761,0.3795,19290620
2023-11-13 09:00:00,0.3795,0.3802,0.3762,0.3769,16185340
2023-11-13 10:00:00,0.377,0.377,0.3731,0.374,24737906
2023-11-13 11:00:00,0.374,0.3743,0.3652,0.368,61983437
2023-11-13 12:00:00,0.368,0.3698,0.3642,0.3697,43935181
2023-11-13 13:00:00,0.3697,0.3698,0.3666,0.3691,24831400
2023-11-13 14:00:00,0.3691,0.3723,0.36,0.368,75036580
2023-11-13 15:00:00,0.3681,0.3708,0.366,0.3698,44082004
2023-11-13 16:00:00,0.3698,0.3738,0.3678,0.3692,38492586
2023-11-13 17:00:00,0.3693,0.3694,0.3622,0.3649,44338681
2023-11-13 18:00:00,0.3649,0.3665,0.363,0.3656,24930904
2023-11-13 19:00:00,0.3655,0.3684,0.3653,0.3682,15320461
2023-11-13 20:00:00,0.3682,0.371,0.3651,0.3677,51461039
2023-11-13 21:00:00,0.3678,0.3685,0.3528,0.3593,109603997
2023-11-13 22:00:00,0.3592,0.3601,0.3562,0.3567,18530195
2023-11-13 23:00:00,0.3568,0.3605,0.3564,0.357,21409265
2023-11-14 00:00:00,0.3569,0.3575,0.35,0.3505,68291511
2023-11-14 01:00:00,0.3506,0.3562,0.3504,0.3537,22785619
2023-11-14 02:00:00,0.3537,0.3563,0.3537,0.3562,14284950
2023-11-14 03:00:00,0.3562,0.3603,0.3561,0.359,18425415
2023-11-14 04:00:00,0.3591,0.3607,0.3574,0.3596,15311304
2023-11-14 05:00:00,0.3596,0.3631,0.3595,0.363,14771595
2023-11-14 06:00:00,0.3629,0.3654,0.3621,0.3642,24676396
2023-11-14 07:00:00,0.3643,0.3687,0.363,0.3677,23777969
2023-11-14 08:00:00,0.3677,0.3699,0.3672,0.3688,32804827
2023-11-14 09:00:00,0.3689,0.3694,0.3632,0.3632,27840995
2023-11-14 10:00:00,0.3633,0.3649,0.3607,0.3623,26856345
2023-11-14 11:00:00,0.3624,0.3627,0.3547,0.3571,49459191
2023-11-14 12:00:00,0.3572,0.3599,0.355,0.3597,36335463
2023-11-14 13:00:00,0.3596,0.369,0.359,0.3657,78112268
2023-11-14 14:00:00,0.3657,0.372,0.3646,0.3714,43943072
2023-11-14 15:00:00,0.3715,0.3721,0.3593,0.3638,77463870
2023-11-14 16:00:00,0.3639,0.3689,0.3634,0.3658,27349671
2023-11-14 17:00:00,0.3658,0.3669,0.3592,0.3595,30939339
2023-11-14 18:00:00,0.3595,0.3605,0.337,0.345,117043477
2023-11-14 19:00:00,0.3451,0.352,0.3431,0.3498,56994526
2023-11-14 20:00:00,0.3498,0.3558,0.349,0.3527,32458523
2023-11-14 21:00:00,0.3526,0.3586,0.3521,0.3579,23889078
2023-11-14 22:00:00,0.3578,0.3592,0.356,0.3589,15078314
2023-11-14 23:00:00,0.3589,0.36,0.3573,0.358,18643319
2023-11-15 00:00:00,0.3579,0.3609,0.3572,0.3582,22297352
2023-11-15 01:00:00,0.3583,0.3608,0.3555,0.3561,21610262
2023-11-15 02:00:00,0.3561,0.3582,0.3557,0.3578,12632760
2023-11-15 03:00:00,0.3578,0.3583,0.3539,0.354,15814221
2023-11-15 04:00:00,0.3541,0.3601,0.3538,0.3601,15206583
2023-11-15 05:00:00,0.36,0.3609,0.3581,0.3607,14039182
2023-11-15 06:00:00,0.3607,0.3615,0.359,0.3601,16743283
2023-11-15 07:00:00,0.3601,0.3641,0.3598,0.3631,20181837
2023-11-15 08:00:00,0.3631,0.366,0.363,0.3657,21292552
2023-11-15 09:00:00,0.3657,0.3664,0.3626,0.3629,23420065
2023-11-15 10:00:00,0.363,0.3647,0.3621,0.3645,17100322
2023-11-15 11:00:00,0.3644,0.3734,0.3644,0.3724,46376431
2023-11-15 12:00:00,0.3723,0.3726,0.3686,0.369,37916209
2023-11-15 13:00:00,0.3691,0.3701,0.3664,0.3697,37823734
2023-11-15 14:00:00,0.3696,0.3723,0.3665,0.3668,34331104
2023-11-15 15:00:00,0.3667,0.3721,0.3667,0.372,30038173
2023-11-15 16:00:00,0.3719,0.3728,0.3681,0.3701,32779601
2023-11-15 17:00:00,0.3702,0.3712,0.3671,0.369,28447476
2023-11-15 18:00:00,0.369,0.3763,0.3672,0.3758,77842128
2023-11-15 19:00:00,0.3758,0.3769,0.3714,0.376,35855071
2023-11-15 20:00:00,0.376,0.3781,0.3744,0.3762,32469673
2023-11-15 21:00:00,0.3761,0.3762,0.3726,0.3752,19907720
2023-11-15 22:00:00,0.3752,0.3793,0.3743,0.3786,16848038
2023-11-15 23:00:00,0.3786,0.3796,0.3768,0.3789,17472262
2023-11-16 00:00:00,0.3788,0.382,0.3776,0.3818,26230550
2023-11-16 01:00:00,0.3818,0.3821,0.3777,0.3786,19842303
2023-11-16 02:00:00,0.3786,0.384,0.3779,0.3819,33839661
2023-11-16 03:00:00,0.3819,0.3829,0.3805,0.3817,15214660
2023-11-16 04:00:00,0.3816,0.3845,0.3801,0.3836,21011356
2023-11-16 05:00:00,0.3837,0.3841,0.3814,0.384,14132053
2023-11-16 06:00:00,0.3841,0.3861,0.3817,0.3857,26322420
2023-11-16 07:00:00,0.3857,0.3986,0.3854,0.3967,119026780
2023-11-16 08:00:00,0.3967,0.41,0.394,0.4048,186111877
2023-11-16 09:00:00,0.4048,0.4065,0.395,0.3972,133099988
2023-11-16 10:00:00,0.3972,0.4025,0.3931,0.3953,73328026
2023-11-16 11:00:00,0.3952,0.3986,0.3904,0.393,74755020
2023-11-16 12:00:00,0.3929,0.3935,0.3877,0.3885,72426143
2023-11-16 13:00:00,0.3886,0.39,0.3768,0.3899,101024129
2023-11-16 14:00:00,0.3899,0.3942,0.3838,0.3912,79402976
2023-11-16 15:00:00,0.3912,0.3956,0.38,0.3832,96252926
2023-11-16 16:00:00,0.3832,0.3844,0.3788,0.3834,55125087
2023-11-16 17:00:00,0.3834,0.3852,0.3806,0.3809,32251045
2023-11-16 18:00:00,0.381,0.3834,0.375,0.3771,61282800
2023-11-16 19:00:00,0.3771,0.3772,0.3587,0.3673,147418917
2023-11-16 20:00:00,0.3672,0.3715,0.364,0.3691,64583837
2023-11-16 21:00:00,0.3691,0.3721,0.3646,0.369,47484034
2023-11-16 22:00:00,0.3689,0.3732,0.3681,0.371,25003707
2023-11-16 23:00:00,0.3709,0.3728,0.3634,0.3707,56147933
2023-11-17 00:00:00,0.3707,0.3759,0.3692,0.3753,38137773
2023-11-17 01:00:00,0.3753,0.3783,0.3732,0.3781,34801900
2023-11-17 02:00:00,0.378,0.3784,0.3736,0.3762,27335278
2023-11-17 03:00:00,0.3761,0.3765,0.3735,0.3753,16323712
2023-11-17 04:00:00,0.3752,0.3761,0.3722,0.3733,21431311
2023-11-17 05:00:00,0.3732,0.3748,0.3711,0.3742,18394417
2023-11-17 06:00:00,0.3742,0.3755,0.3723,0.3745,16462117
2023-11-17 07:00:00,0.3744,0.3747,0.3668,0.3677,30633207
2023-11-17 08:00:00,0.3678,0.3726,0.3672,0.3718,31137930
2023-11-17 09:00:00,0.3717,0.3735,0.3692,0.3721,24279232
2023-11-17 10:00:00,0.3722,0.3729,0.3633,0.3678,51563574
2023-11-17 11:00:00,0.3678,0.3738,0.3666,0.3729,35283153
2023-11-17 12:00:00,0.3729,0.3733,0.3652,0.3728,50240746
2023-11-17 13:00:00,0.3728,0.3751,0.3684,0.3697,53982314
2023-11-17 14:00:00,0.3697,0.371,0.3594,0.3615,80735048
2023-11-17 15:00:00,0.3615,0.3626,0.3535,0.3556,79671628
2023-11-17 16:00:00,0.3556,0.362,0.3528,0.3587,57507651
2023-11-17 17:00:00,0.3586,0.3675,0.358,0.3666,67968872
2023-11-17 18:00:00,0.3666,0.3677,0.3641,0.367,24221169
2023-11-17 19:00:00,0.367,0.3687,0.363,0.3638,25812529
2023-11-17 20:00:00,0.3638,0.3668,0.3612,0.3625,22439288
2023-11-17 21:00:00,0.3626,0.364,0.3611,0.3629,14716259
2023-11-17 22:00:00,0.363,0.3667,0.3625,0.3664,14188281
2023-11-17 23:00:00,0.3664,0.3686,0.3647,0.3671,19682448
2023-11-18 00:00:00,0.3671,0.3671,0.3626,0.3628,22727601
2023-11-18 01:00:00,0.3628,0.3646,0.3612,0.3616,16945130
2023-11-18 02:00:00,0.3617,0.3651,0.3613,0.3626,16680592
2023-11-18 03:00:00,0.3627,0.3628,0.359,0.3596,24253069
2023-11-18 04:00:00,0.3596,0.3625,0.3588,0.359,14920376
2023-11-18 05:00:00,0.3591,0.3592,0.3541,0.3545,28379088
2023-11-18 06:00:00,0.3545,0.356,0.3521,0.3523,29127384
2023-11-18 07:00:00,0.3523,0.3573,0.3484,0.3571,43584772
2023-11-18 08:00:00,0.357,0.3589,0.3551,0.357,21000302
2023-11-18 09:00:00,0.3571,0.3586,0.356,0.358,13521058
2023-11-18 10:00:00,0.3579,0.3604,0.3573,0.3601,14243051
2023-11-18 11:00:00,0.3601,0.3605,0.358,0.3586,13631963
2023-11-18 12:00:00,0.3586,0.3606,0.3573,0.3592,14885482
2023-11-18 13:00:00,0.3592,0.3605,0.3545,0.3577,34360045
2023-11-18 14:00:00,0.3578,0.3631,0.3573,0.3613,30117354
2023-11-18 15:00:00,0.3613,0.3671,0.3608,0.3669,30337178
2023-11-18 16:00:00,0.3669,0.3726,0.3659,0.3698,56131707
2023-11-18 17:00:00,0.3699,0.3732,0.368,0.3727,35550994
2023-11-18 18:00:00,0.3727,0.3744,0.371,0.3732,26506716
2023-11-18 19:00:00,0.3733,0.3743,0.371,0.3738,22648565
2023-11-18 20:00:00,0.3738,0.3745,0.3716,0.3733,18786927
2023-11-18 21:00:00,0.3733,0.376,0.3726,0.3758,25095400
2023-11-18 22:00:00,0.3758,0.3776,0.3737,0.3766,25161948
2023-11-18 23:00:00,0.3765,0.3778,0.3752,0.3773,15930960
2023-11-19 00:00:00,0.3773,0.3792,0.372,0.3725,38005118
2023-11-19 01:00:00,0.3726,0.3763,0.3689,0.3745,46264969
2023-11-19 02:00:00,0.3745,0.3759,0.3711,0.3735,24828635
2023-11-19 03:00:00,0.3735,0.3774,0.3704,0.3769,23535532
2023-11-19 04:00:00,0.3768,0.3776,0.373,0.3734,20311842
2023-11-19 05:00:00,0.3735,0.375,0.3713,0.3717,14301723
2023-11-19 06:00:00,0.3718,0.3768,0.3713,0.3763,21041883
2023-11-19 07:00:00,0.3763,0.3767,0.3736,0.375,15023892
2023-11-19 08:00:00,0.3751,0.3783,0.3737,0.3743,28768705
2023-11-19 09:00:00,0.3743,0.3758,0.3735,0.3755,15368749
2023-11-19 10:00:00,0.3756,0.3756,0.372,0.3737,18772352
2023-11-19 11:00:00,0.3737,0.3767,0.3711,0.3746,29018982
2023-11-19 12:00:00,0.3746,0.3772,0.3728,0.3756,34081070
2023-11-19 13:00:00,0.3757,0.3775,0.3751,0.3763,21136276
2023-11-19 14:00:00,0.3763,0.3766,0.3736,0.3746,23073909
2023-11-19 15:00:00,0.3746,0.3773,0.3728,0.3771,23185178
2023-11-19 16:00:00,0.3771,0.3784,0.3755,0.3765,20484008
2023-11-19 17:00:00,0.3765,0.3796,0.3761,0.3773,18398310
2023-11-19 18:00:00,0.3774,0.3821,0.3766,0.3809,32921700
2023-11-19 19:00:00,0.3808,0.3845,0.3798,0.3837,30223827
2023-11-19 20:00:00,0.3837,0.3844,0.3796,0.3821,25141664
2023-11-19 21:00:00,0.3821,0.3826,0.3801,0.3818,14154163
2023-11-19 22:00:00,0.3818,0.3824,0.3791,0.3803,13606704
2023-11-19 23:00:00,0.3802,0.3858,0.3802,0.3841,35537923
2023-11-20 00:00:00,0.3841,0.385,0.3806,0.383,22165530
2023-11-20 01:00:00,0.383,0.3837,0.3808,0.3815,14003265
2023-11-20 02:00:00,0.3815,0.383,0.3804,0.383,12128257
2023-11-20 03:00:00,0.3829,0.3838,0.3807,0.382,11206172
2023-11-20 04:00:00,0.382,0.3853,0.3817,0.3845,15304269
2023-11-20 05:00:00,0.3845,0.3846,0.3811,0.3833,19800996
2023-11-20 06:00:00,0.3832,0.3852,0.3827,0.3847,12301193
2023-11-20 07:00:00,0.3847,0.3879,0.3837,0.3874,27952906
2023-11-20 08:00:00,0.3874,0.3899,0.3866,0.3899,25910255
2023-11-20 09:00:00,0.3898,0.3951,0.3885,0.3941,43748488
2023-11-20 10:00:00,0.3942,0.3996,0.3937,0.3967,59355653
2023-11-20 11:00:00,0.3968,0.3985,0.3908,0.3925,52198557
2023-11-20 12:00:00,0.3925,0.3935,0.3887,0.3913,37904282
2023-11-20 13:00:00,0.3913,0.3919,0.3875,0.3887,28946449
2023-11-20 14:00:00,0.3886,0.3945,0.3835,0.3931,65859749
2023-11-20 15:00:00,0.3932,0.3951,0.3902,0.3922,34171886
2023-11-20 16:00:00,0.3922,0.3937,0.3851,0.3861,38355524
2023-11-20 17:00:00,0.386,0.3929,0.3825,0.3898,54578428
2023-11-20 18:00:00,0.3898,0.3914,0.3845,0.387,30667370
2023-11-20 19:00:00,0.3871,0.389,0.3851,0.3856,16810952
2023-11-20 20:00:00,0.3855,0.3874,0.3847,0.3856,11589043
2023-11-20 21:00:00,0.3857,0.3858,0.3781,0.3831,42214852
2023-11-20 22:00:00,0.3831,0.3854,0.3807,0.3819,12560923
2023-11-20 23:00:00,0.3819,0.3832,0.3781,0.3806,20098027
2023-11-21 00:00:00,0.3805,0.3844,0.379,0.3842,18866060
2023-11-21 01:00:00,0.3841,0.3874,0.3822,0.3871,17404895
2023-11-21 02:00:00,0.387,0.3884,0.3798,0.3811,38097263
2023-11-21 03:00:00,0.3812,0.3854,0.3807,0.3849,14997305
2023-11-21 04:00:00,0.385,0.3851,0.3829,0.3846,10020420
2023-11-21 05:00:00,0.3846,0.39,0.3842,0.3888,23646385
2023-11-21 06:00:00,0.3888,0.3896,0.3853,0.3868,15221799
2023-11-21 07:00:00,0.3869,0.3869,0.382,0.3829,19384945
2023-11-21 08:00:00,0.3829,0.3844,0.3816,0.3837,13954402
2023-11-21 09:00:00,0.3837,0.3848,0.3817,0.3817,10343363
2023-11-21 10:00:00,0.3817,0.3836,0.3816,0.3836,11012579
2023-11-21 11:00:00,0.3835,0.384,0.3782,0.3788,25110004
2023-11-21 12:00:00,0.3788,0.3803,0.3776,0.3791,19965977
2023-11-21 13:00:00,0.3791,0.3798,0.375,0.3753,25773354
2023-11-21 14:00:00,0.3753,0.3755,0.3721,0.3744,45034871
2023-11-21 15:00:00,0.3744,0.3766,0.3639,0.3757,101532875
2023-11-21 16:00:00,0.3757,0.3767,0.37,0.374,45986842
2023-11-21 17:00:00,0.374,0.3797,0.3639,0.3675,90886586
2023-11-21 18:00:00,0.3675,0.3687,0.3602,0.3663,66910465
2023-11-21 19:00:00,0.3663,0.372,0.3655,0.3694,27542419
2023-11-21 20:00:00,0.3695,0.3748,0.3672,0.3727,30404357
2023-11-21 21:00:00,0.3726,0.375,0.369,0.3695,25742907
2023-11-21 22:00:00,0.3696,0.3698,0.3553,0.3575,49905385
2023-11-21 23:00:00,0.3575,0.363,0.3553,0.3567,44720791
2023-11-22 00:00:00,0.3568,0.3626,0.3556,0.3621,25711700
2023-11-22 01:00:00,0.3621,0.3647,0.3613,0.3633,12189776
2023-11-22 02:00:00,0.3634,0.3668,0.3622,0.3666,13670565
2023-11-22 03:00:00,0.3666,0.3708,0.3656,0.3703,16892202
2023-11-22 04:00:00,0.3704,0.3724,0.3689,0.3696,20305364
2023-11-22 05:00:00,0.3696,0.371,0.3675,0.3678,12811876
2023-11-22 06:00:00,0.3678,0.3715,0.3677,0.3698,18173640
2023-11-22 07:00:00,0.3697,0.3707,0.3679,0.3683,12940507
2023-11-22 08:00:00,0.3683,0.3707,0.3681,0.3702,11717747
2023-11-22 09:00:00,0.3702,0.3721,0.3696,0.3717,14269507
2023-11-22 10:00:00,0.3718,0.3721,0.3682,0.3708,16503702
2023-11-22 11:00:00,0.3709,0.371,0.3682,0.3686,11559903
2023-11-22 12:00:00,0.3685,0.3712,0.3681,0.3705,13956545
2023-11-22 13:00:00,0.3705,0.3726,0.3687,0.3717,21412548
2023-11-22 14:00:00,0.3718,0.373,0.3678,0.3694,29038237
2023-11-22 15:00:00,0.3694,0.3714,0.3661,0.3694,32210526
2023-11-22 16:00:00,0.3694,0.3716,0.3667,0.3683,20926761
2023-11-22 17:00:00,0.3683,0.3711,0.3679,0.3703,14563827
2023-11-22 18:00:00,0.3703,0.3778,0.3698,0.3763,41363970
2023-11-22 19:00:00,0.3763,0.3794,0.376,0.3781,25454783
2023-11-22 20:00:00,0.3781,0.3851,0.3778,0.3848,35545228
2023-11-22 21:00:00,0.3848,0.3876,0.3817,0.383,46941966
2023-11-22 22:00:00,0.383,0.384,0.3797,0.3804,18515057
2023-11-22 23:00:00,0.3803,0.381,0.3776,0.3804,27328453
2023-11-23 00:00:00,0.3805,0.3813,0.3778,0.3789,19842863
2023-11-23 01:00:00,0.379,0.3838,0.3787,0.382,15712770
2023-11-23 02:00:00,0.3819,0.3828,0.3805,0.3814,10834334
2023-11-23 03:00:00,0.3814,0.382,0.38,0.3801,7375047
2023-11-23 04:00:00,0.3801,0.3827,0.3793,0.3821,9957004
2023-11-23 05:00:00,0.3821,0.3836,0.3817,0.3819,12408162
2023-11-23 06:00:00,0.3818,0.3821,0.3797,0.3808,11869034
2023-11-23 07:00:00,0.3808,0.3826,0.3803,0.3814,10425672
2023-11-23 08:00:00,0.3814,0.3864,0.3809,0.3862,19367682
2023-11-23 09:00:00,0.3861,0.3874,0.3839,0.3872,16827133
2023-11-23 10:00:00,0.3873,0.3873,0.3837,0.3848,18574616
2023-11-23 11:00:00,0.3848,0.385,0.3807,0.3828,25674573
2023-11-23 12:00:00,0.3829,0.3862,0.3819,0.3829,24215932
2023-11-23 13:00:00,0.3829,0.3842,0.3801,0.3807,15984355
2023-11-23 14:00:00,0.3809,0.3825,0.3795,0.3804,15664627
2023-11-23 15:00:00,0.3804,0.3812,0.3761,0.378,30065859
2023-11-23 16:00:00,0.378,0.3819,0.378,0.3805,19388022
2023-11-23 17:00:00,0.3806,0.3838,0.3804,0.3829,17224204
2023-11-23 18:00:00,0.3829,0.3847,0.3813,0.3815,13109291
2023-11-23 19:00:00,0.3815,0.3818,0.3796,0.38,12054823
2023-11-23 20:00:00,0.38,0.3818,0.3796,0.3809,9261174
2023-11-23 21:00:00,0.3809,0.3827,0.3809,0.3825,7573373
2023-11-23 22:00:00,0.3826,0.3836,0.3816,0.3831,5029474
2023-11-23 23:00:00,0.3832,0.3875,0.3819,0.3874,27366819
2023-11-24 00:00:00,0.3874,0.392,0.3859,0.3861,54267411
2023-11-24 01:00:00,0.3862,0.391,0.3857,0.3905,26200666
2023-11-24 02:00:00,0.3905,0.3967,0.3905,0.3938,42617359
2023-11-24 03:00:00,0.3939,0.398,0.3938,0.395,27705081
2023-11-24 04:00:00,0.3949,0.3967,0.3937,0.394,23543873
2023-11-24 05:00:00,0.3941,0.3946,0.3913,0.3923,23621821
2023-11-24 06:00:00,0.3923,0.3924,0.3905,0.391,14470110
2023-11-24 07:00:00,0.391,0.393,0.39,0.392,15711327
2023-11-24 08:00:00,0.3921,0.393,0.3869,0.3874,46274323
2023-11-24 09:00:00,0.3874,0.391,0.3868,0.3894,24044905
2023-11-24 10:00:00,0.3893,0.393,0.389,0.3896,28647227
2023-11-24 11:00:00,0.3895,0.3929,0.3892,0.3905,28372830
2023-11-24 12:00:00,0.3904,0.392,0.3892,0.3894,16929624
2023-11-24 13:00:00,0.3895,0.3904,0.388,0.3901,16362470
2023-11-24 14:00:00,0.3901,0.3903,0.3868,0.3886,17722067
2023-11-24 15:00:00,0.3887,0.3933,0.3885,0.3923,39434508
2023-11-24 16:00:00,0.3922,0.3945,0.3856,0.3879,40644195
2023-11-24 17:00:00,0.3879,0.3914,0.3867,0.3886,20634291
2023-11-24 18:00:00,0.3885,0.3894,0.3858,0.387,16348715
2023-11-24 19:00:00,0.387,0.3871,0.385,0.3862,11460321
2023-11-24 20:00:00,0.3863,0.388,0.385,0.3877,10149796
2023-11-24 21:00:00,0.3876,0.3888,0.3865,0.3867,9288901
2023-11-24 22:00:00,0.3867,0.387,0.3834,0.3859,14939935
2023-11-24 23:00:00,0.386,0.3864,0.3839,0.3861,9782251
2023-11-25 00:00:00,0.3861,0.3882,0.3845,0.3867,15579547
2023-11-25 01:00:00,0.3868,0.3895,0.3867,0.3894,11162991
2023-11-25 02:00:00,0.3894,0.3917,0.3877,0.3913,13925587
2023-11-25 03:00:00,0.3914,0.3922,0.3901,0.3908,9918090
2023-11-25 04:00:00,0.3908,0.3916,0.3897,0.3905,8994655
2023-11-25 05:00:00,0.3904,0.3909,0.3885,0.3899,12006278
2023-11-25 06:00:00,0.3899,0.3915,0.3896,0.3913,7374773
2023-11-25 07:00:00,0.3914,0.3936,0.3908,0.3931,15777641
2023-11-25 08:00:00,0.3931,0.3936,0.3911,0.3912,12605085
2023-11-25 09:00:00,0.3912,0.392,0.3898,0.3908,15461073
2023-11-25 10:00:00,0.3908,0.391,0.3881,0.3892,13005847
2023-11-25 11:00:00,0.3893,0.39,0.3869,0.3884,16622023
2023-11-25 12:00:00,0.3884,0.3945,0.3881,0.3942,25085211
2023-11-25 13:00:00,0.3943,0.3961,0.392,0.3926,35113716
2023-11-25 14:00:00,0.3926,0.3932,0.391,0.3926,15236830
2023-11-25 15:00:00,0.3926,0.3943,0.3907,0.3933,14115012
2023-11-25 16:00:00,0.3932,0.3947,0.3915,0.3919,13195134
2023-11-25 17:00:00,0.392,0.3939,0.3919,0.3928,9467725
2023-11-25 18:00:00,0.3927,0.3955,0.3916,0.3946,14085202
2023-11-25 19:00:00,0.3946,0.395,0.3937,0.395,7811625
2023-11-25 20:00:00,0.3951,0.3958,0.3929,0.3938,10440642
2023-11-25 21:00:00,0.3938,0.396,0.3938,0.3945,8155810
2023-11-25 22:00:00,0.3946,0.3947,0.3938,0.3938,5761866
2023-11-25 23:00:00,0.3939,0.3951,0.3934,0.3942,7498470
2023-11-26 00:00:00,0.3942,0.3958,0.3935,0.3947,11410711
2023-11-26 01:00:00,0.3947,0.3948,0.39,0.3904,24099708
2023-11-26 02:00:00,0.3903,0.3923,0.3901,0.392,10035982
2023-11-26 03:00:00,0.392,0.3928,0.3905,0.391,9332584
2023-11-26 04:00:00,0.3911,0.3931,0.3906,0.3928,9475751
2023-11-26 05:00:00,0.3928,0.3937,0.392,0.3926,8591649
2023-11-26 06:00:00,0.3927,0.3948,0.3921,0.3944,10996000
2023-11-26 07:00:00,0.3943,0.3954,0.3929,0.3952,11101309
2023-11-26 08:00:00,0.3952,0.3953,0.3935,0.3936,8915808
2023-11-26 09:00:00,0.3935,0.3945,0.3921,0.3937,10249015
2023-11-26 10:00:00,0.3937,0.3938,0.3911,0.3912,11742548
2023-11-26 11:00:00,0.3913,0.3928,0.3906,0.3913,15507173
2023-11-26 12:00:00,0.3912,0.3926,0.3881,0.3925,32069810
2023-11-26 13:00:00,0.3924,0.3929,0.3887,0.3903,21673566
2023-11-26 14:00:00,0.3903,0.3903,0.3852,0.3871,32980092
2023-11-26 15:00:00,0.387,0.389,0.3857,0.3862,22279380
2023-11-26 16:00:00,0.3862,0.387,0.3779,0.3814,84535604
2023-11-26 17:00:00,0.3813,0.384,0.3805,0.3834,13746229
2023-11-26 18:00:00,0.3834,0.3847,0.3815,0.3822,16019804
2023-11-26 19:00:00,0.3822,0.3848,0.3816,0.3845,9560265
2023-11-26 20:00:00,0.3845,0.3882,0.3834,0.3872,19737803
2023-11-26 21:00:00,0.3872,0.3878,0.3854,0.3877,13218603
2023-11-26 22:00:00,0.3878,0.3924,0.3877,0.3891,22829382
2023-11-26 23:00:00,0.3891,0.3892,0.3865,0.3873,13616625
2023-11-27 00:00:00,0.3873,0.3913,0.3862,0.3912,16155647
2023-11-27 01:00:00,0.3911,0.3922,0.3871,0.3884,12395090
2023-11-27 02:00:00,0.3884,0.3887,0.3843,0.3853,15217074
2023-11-27 03:00:00,0.3854,0.3856,0.3807,0.3838,15535443
2023-11-27 04:00:00,0.3838,0.3861,0.3834,0.3859,10120337
2023-11-27 05:00:00,0.3859,0.3864,0.3829,0.3843,10836997
2023-11-27 06:00:00,0.3843,0.3868,0.3829,0.3831,13969868
2023-11-27 07:00:00,0.383,0.3849,0.3794,0.3832,30470142
2023-11-27 08:00:00,0.3832,0.3855,0.3823,0.3827,11966320
2023-11-27 09:00:00,0.3826,0.3862,0.3824,0.3849,10899560
2023-11-27 10:00:00,0.3848,0.3852,0.3787,0.3804,29601655
2023-11-27 11:00:00,0.3804,0.3816,0.3781,0.3805,24409440
2023-11-27 12:00:00,0.3804,0.3815,0.3785,0.3791,12727928
2023-11-27 13:00:00,0.379,0.3806,0.3765,0.3793,24031861
2023-11-27 14:00:00,0.3793,0.3807,0.3748,0.3757,24081916
2023-11-27 15:00:00,0.3757,0.3798,0.3739,0.3748,29027652
2023-11-27 16:00:00,0.3748,0.379,0.3742,0.3788,22390530
2023-11-27 17:00:00,0.3788,0.3805,0.3763,0.3767,16571335
2023-11-27 18:00:00,0.3768,0.3793,0.3764,0.3765,10659212
2023-11-27 19:00:00,0.3764,0.3778,0.3716,0.3742,28950806
2023-11-27 20:00:00,0.3742,0.375,0.3712,0.3725,21732415
2023-11-27 21:00:00,0.3725,0.3759,0.3722,0.374,13662138
2023-11-27 22:00:00,0.374,0.3751,0.3727,0.3747,7054142
2023-11-27 23:00:00,0.3747,0.3785,0.3747,0.3777,12655357
2023-11-28 00:00:00,0.3777,0.3805,0.3762,0.38,15278599
2023-11-28 01:00:00,0.3801,0.3803,0.3785,0.3786,8237401
2023-11-28 02:00:00,0.3785,0.3789,0.3754,0.3784,14746126
2023-11-28 03:00:00,0.3784,0.379,0.3759,0.3763,8189294
2023-11-28 04:00:00,0.3763,0.3778,0.3742,0.3742,15216019
2023-11-28 05:00:00,0.3743,0.3747,0.37,0.3704,25491926
2023-11-28 06:00:00,0.3705,0.374,0.37,0.3737,16221276
2023-11-28 07:00:00,0.3738,0.3741,0.37,0.3737,16390572
2023-11-28 08:00:00,0.3738,0.3741,0.3701,0.3704,17294930
2023-11-28 09:00:00,0.3704,0.375,0.3694,0.374,21540055
2023-11-28 10:00:00,0.374,0.3754,0.3724,0.3754,22888903
2023-11-28 11:00:00,0.3753,0.3786,0.3745,0.3776,17967950
2023-11-28 12:00:00,0.3777,0.3783,0.3759,0.3764,15653969
2023-11-28 13:00:00,0.3764,0.3806,0.375,0.3801,20542761
2023-11-28 14:00:00,0.38,0.3825,0.3789,0.3801,29288534
2023-11-28 15:00:00,0.3801,0.3819,0.3775,0.3811,25294648
2023-11-28 16:00:00,0.3811,0.3857,0.3805,0.3845,35400874
2023-11-28 17:00:00,0.3844,0.3873,0.3825,0.387,40787581
2023-11-28 18:00:00,0.387,0.3884,0.3845,0.3858,26401827
2023-11-28 19:00:00,0.3857,0.3885,0.3854,0.3872,22077387
2023-11-28 20:00:00,0.3871,0.388,0.3859,0.3874,11259131
2023-11-28 21:00:00,0.3875,0.3876,0.385,0.3854,13788537
2023-11-28 22:00:00,0.3854,0.3866,0.3827,0.3839,14349360
2023-11-28 23:00:00,0.3839,0.3861,0.3838,0.3859,14044244
2023-11-29 00:00:00,0.386,0.3872,0.3843,0.3864,15182574
2023-11-29 01:00:00,0.3864,0.3877,0.3852,0.3854,12379924
2023-11-29 02:00:00,0.3855,0.3863,0.3841,0.3846,9733608
2023-11-29 03:00:00,0.3846,0.3852,0.3836,0.3848,8088992
2023-11-29 04:00:00,0.3848,0.3851,0.3838,0.3848,7902609
2023-11-29 05:00:00,0.3849,0.3854,0.3835,0.3852,8848742
2023-11-29 06:00:00,0.3853,0.3872,0.3843,0.3868,13011528
2023-11-29 07:00:00,0.3868,0.3869,0.3844,0.3854,13305434
2023-11-29 08:00:00,0.3855,0.3894,0.3844,0.3889,19825787
2023-11-29 09:00:00,0.3889,0.3894,0.3862,0.3874,22833023
2023-11-29 10:00:00,0.3873,0.3876,0.3811,0.383,32329813
2023-11-29 11:00:00,0.383,0.3857,0.382,0.3844,16397826
2023-11-29 12:00:00,0.3843,0.3864,0.3833,0.3848,17195759
2023-11-29 13:00:00,0.3847,0.386,0.3836,0.3838,11789707
2023-11-29 14:00:00,0.3837,0.385,0.3806,0.3814,21399872
2023-11-29 15:00:00,0.3814,0.3822,0.3775,0.3799,29492061
2023-11-29 16:00:00,0.3799,0.3869,0.3792,0.3835,63048889
2023-11-29 17:00:00,0.3834,0.3877,0.3824,0.3866,18369586
2023-11-29 18:00:00,0.3866,0.3873,0.3848,0.3864,12810759
2023-11-29 19:00:00,0.3864,0.3873,0.3842,0.3856,10608174
2023-11-29 20:00:00,0.3857,0.386,0.3817,0.3829,14902204
2023-11-29 21:00:00,0.3829,0.3835,0.3812,0.3819,8845433
2023-11-29 22:00:00,0.382,0.3838,0.3814,0.3827,6756874
2023-11-29 23:00:00,0.3826,0.383,0.3808,0.3818,11818676
2023-11-30 00:00:00,0.3818,0.3831,0.3807,0.3809,13488239
2023-11-30 01:00:00,0.3809,0.3817,0.3789,0.3791,12339915
2023-11-30 02:00:00,0.379,0.3814,0.3783,0.3808,9214921
2023-11-30 03:00:00,0.3808,0.3819,0.3794,0.3817,9744784
2023-11-30 04:00:00,0.3817,0.3828,0.3798,0.3798,9980814
2023-11-30 05:00:00,0.3799,0.38,0.3765,0.3774,23008258
2023-11-30 06:00:00,0.3773,0.3786,0.3764,0.378,16289373
2023-11-30 07:00:00,0.378,0.3786,0.3764,0.3771,9474328
2023-11-30 08:00:00,0.3771,0.3771,0.3721,0.3734,42206907
2023-11-30 09:00:00,0.3734,0.3749,0.3725,0.3742,15408135
2023-11-30 10:00:00,0.3741,0.3758,0.374,0.3745,13173143
2023-11-30 11:00:00,0.3745,0.3773,0.374,0.3769,11557923
2023-11-30 12:00:00,0.3769,0.3772,0.3752,0.3762,13964862
2023-11-30 13:00:00,0.3762,0.3766,0.373,0.3746,19871433
2023-11-30 14:00:00,0.3746,0.3746,0.3716,0.3742,35455763
2023-11-30 15:00:00,0.3742,0.3756,0.3727,0.3748,20827186
2023-11-30 16:00:00,0.3748,0.3759,0.3735,0.375,13707412
2023-11-30 17:00:00,0.3749,0.3762,0.3746,0.3762,8273314
2023-11-30 18:00:00,0.3761,0.3773,0.3752,0.3755,9881047
2023-11-30 19:00:00,0.3755,0.3762,0.3748,0.3752,6424705
2023-11-30 20:00:00,0.3752,0.3754,0.3742,0.3747,7825634
2023-11-30 21:00:00,0.3748,0.3761,0.3742,0.3759,7692107
2023-11-30 22:00:00,0.376,0.377,0.3754,0.3754,6438931
2023-11-30 23:00:00,0.3755,0.3762,0.3745,0.3759,7945050
2023-12-01 00:00:00,0.3759,0.376,0.3735,0.3745,12230527
2023-12-01 01:00:00,0.3746,0.3796,0.3739,0.3791,23987832
2023-12-01 02:00:00,0.3791,0.3813,0.3783,0.3802,17046117
2023-12-01 03:00:00,0.3801,0.3806,0.3788,0.3791,8921326
2023-12-01 04:00:00,0.3792,0.3808,0.3788,0.3801,11493302
2023-12-01 05:00:00,0.3801,0.3804,0.378,0.3783,9779245
2023-12-01 06:00:00,0.3783,0.379,0.3771,0.3789,10631547
2023-12-01 07:00:00,0.3789,0.3809,0.3781,0.3788,14090612
2023-12-01 08:00:00,0.3789,0.3804,0.3786,0.3795,8588224
2023-12-01 09:00:00,0.3795,0.383,0.3794,0.3828,26737301
2023-12-01 10:00:00,0.3827,0.3833,0.3806,0.3807,16041218
2023-12-01 11:00:00,0.3807,0.3822,0.3804,0.382,8687298
2023-12-01 12:00:00,0.382,0.383,0.3793,0.3805,22959775
2023-12-01 13:00:00,0.3806,0.3815,0.3795,0.3798,12836200
2023-12-01 14:00:00,0.3798,0.3818,0.3788,0.3807,21198175
2023-12-01 15:00:00,0.3807,0.3818,0.3798,0.3813,13727258
2023-12-01 16:00:00,0.3814,0.3852,0.3809,0.3844,32309590
2023-12-01 17:00:00,0.3844,0.3848,0.3832,0.3839,12979187
2023-12-01 18:00:00,0.3839,0.3847,0.3833,0.3834,10630770
2023-12-01 19:00:00,0.3835,0.385,0.3832,0.3848,10049926
2023-12-01 20:00:00,0.3848,0.3858,0.3836,0.3839,10575101
2023-12-01 21:00:00,0.3839,0.3846,0.3833,0.3837,6422163
2023-12-01 22:00:00,0.3837,0.3841,0.3817,0.3822,10894204
2023-12-01 23:00:00,0.3823,0.3846,0.3822,0.3845,9343826
2023-12-02 00:00:00,0.3845,0.3847,0.3828,0.3847,8482234
2023-12-02 01:00:00,0.3846,0.3852,0.3838,0.3851,9993441
2023-12-02 02:00:00,0.3851,0.3857,0.3842,0.3851,11161643
2023-12-02 03:00:00,0.3852,0.3864,0.3845,0.3863,9302606
2023-12-02 04:00:00,0.3864,0.3867,0.3855,0.3862,8545362
2023-12-02 05:00:00,0.3862,0.3867,0.3854,0.3861,6057942
2023-12-02 06:00:00,0.386,0.3867,0.3857,0.3866,6648187
2023-12-02 07:00:00,0.3866,0.3874,0.3859,0.3866,11091690
2023-12-02 08:00:00,0.3866,0.3885,0.3865,0.3878,13338620
2023-12-02 09:00:00,0.3878,0.3911,0.3877,0.3908,19227250
2023-12-02 10:00:00,0.3907,0.3914,0.389,0.39,16336062
2023-12-02 11:00:00,0.3901,0.3904,0.389,0.3893,11313811
2023-12-02 12:00:00,0.3892,0.3908,0.389,0.3901,9640547
2023-12-02 13:00:00,0.3902,0.3906,0.3893,0.3895,10771959
2023-12-02 14:00:00,0.3896,0.39,0.3854,0.3871,24005276
2023-12-02 15:00:00,0.3872,0.3899,0.3859,0.3895,23068320
2023-12-02 16:00:00,0.3895,0.3896,0.3872,0.3884,12269536
2023-12-02 17:00:00,0.3884,0.39,0.3877,0.3899,7946473
2023-12-02 18:00:00,0.3899,0.3913,0.3894,0.3907,23777765
2023-12-02 19:00:00,0.3908,0.3955,0.3901,0.3937,55235954
2023-12-02 20:00:00,0.3938,0.3955,0.3931,0.3954,16736587
2023-12-02 21:00:00,0.3953,0.3976,0.3942,0.3971,21608049
2023-12-02 22:00:00,0.3972,0.3976,0.3938,0.395,20749007
2023-12-02 23:00:00,0.3949,0.3986,0.3947,0.3982,19151487
2023-12-03 00:00:00,0.3981,0.4004,0.3974,0.3984,31229819
2023-12-03 01:00:00,0.3985,0.4004,0.3983,0.4001,14369808
2023-12-03 02:00:00,0.4002,0.4035,0.3984,0.3988,32386392
2023-12-03 03:00:00,0.3988,0.3993,0.396,0.3971,24185064
2023-12-03 04:00:00,0.3971,0.3982,0.3966,0.3971,11028850
2023-12-03 05:00:00,0.3971,0.3975,0.396,0.3965,11543580
2023-12-03 06:00:00,0.3965,0.397,0.3951,0.3955,11573563
2023-12-03 07:00:00,0.3956,0.3972,0.3944,0.3971,17093510
2023-12-03 08:00:00,0.3971,0.3977,0.3943,0.3944,15294179
2023-12-03 09:00:00,0.3944,0.3965,0.3941,0.3961,11017151
2023-12-03 10:00:00,0.3961,0.3962,0.3945,0.3955,10735486
2023-12-03 11:00:00,0.3956,0.3956,0.3922,0.3943,17001929
2023-12-03 12:00:00,0.3943,0.3943,0.3891,0.3906,23941679
2023-12-03 13:00:00,0.3905,0.3935,0.3904,0.3923,21914029
2023-12-03 14:00:00,0.3923,0.3931,0.3894,0.3895,23875505
2023-12-03 15:00:00,0.3894,0.3914,0.3881,0.3908,21377258
2023-12-03 16:00:00,0.3909,0.3922,0.3893,0.3915,15739584
2023-12-03 17:00:00,0.3915,0.3916,0.3883,0.3892,15701608
2023-12-03 18:00:00,0.3893,0.3905,0.389,0.3896,6459317
2023-12-03 19:00:00,0.3896,0.3904,0.3881,0.3904,6715623
2023-12-03 20:00:00,0.3903,0.3913,0.3902,0.3912,7646217
2023-12-03 21:00:00,0.3911,0.3926,0.3911,0.3921,7707247
2023-12-03 22:00:00,0.3922,0.3986,0.3922,0.3981,34688907
2023-12-03 23:00:00,0.3981,0.3986,0.3922,0.3952,29802203
2023-12-04 00:00:00,0.3952,0.3984,0.3945,0.3977,19068480
2023-12-04 01:00:00,0.3978,0.4056,0.3967,0.4045,47019960
2023-12-04 02:00:00,0.4045,0.4079,0.4028,0.4052,40540612
2023-12-04 03:00:00,0.4053,0.4068,0.4032,0.4036,19482208
2023-12-04 04:00:00,0.4035,0.4086,0.4035,0.4071,25829531
2023-12-04 05:00:00,0.4071,0.4099,0.4059,0.408,45188635
2023-12-04 06:00:00,0.408,0.4123,0.407,0.4109,35870222
2023-12-04 07:00:00,0.4109,0.4131,0.4081,0.4089,26261966
2023-12-04 08:00:00,0.4089,0.4155,0.408,0.4138,30109622
2023-12-04 09:00:00,0.4139,0.4145,0.4078,0.4081,26006779
2023-12-04 10:00:00,0.408,0.4117,0.4078,0.4096,24186413
2023-12-04 11:00:00,0.4095,0.4102,0.39,0.404,185699064
2023-12-04 12:00:00,0.4041,0.4074,0.4009,0.406,48186682
2023-12-04 13:00:00,0.4059,0.4064,0.401,0.4021,37633026
2023-12-04 14:00:00,0.4022,0.4032,0.3976,0.4014,53084251
2023-12-04 15:00:00,0.4014,0.4021,0.397,0.3979,32430990
2023-12-04 16:00:00,0.398,0.4034,0.3977,0.4021,28530562
2023-12-04 17:00:00,0.4021,0.4026,0.3991,0.4001,18996749
2023-12-04 18:00:00,0.4001,0.4016,0.3996,0.4003,10340192
2023-12-04 19:00:00,0.4003,0.4016,0.3993,0.4015,13914927
2023-12-04 20:00:00,0.4014,0.4027,0.4002,0.4013,14190112
2023-12-04 21:00:00,0.4012,0.4035,0.401,0.4031,10520422
2023-12-04 22:00:00,0.4032,0.406,0.4003,0.4024,25970196
2023-12-04 23:00:00,0.4025,0.4078,0.4015,0.4071,21191196
2023-12-05 00:00:00,0.4072,0.4111,0.4046,0.4109,30845222
2023-12-05 01:00:00,0.4109,0.4114,0.4057,0.4079,27144443
2023-12-05 02:00:00,0.4078,0.408,0.4021,0.4039,28191067
2023-12-05 03:00:00,0.4039,0.4071,0.4033,0.4056,13757268
2023-12-05 04:00:00,0.4056,0.4059,0.4032,0.4034,12981469
2023-12-05 05:00:00,0.4035,0.4063,0.4026,0.4053,13508845
2023-12-05 06:00:00,0.4053,0.4056,0.4005,0.4017,23201212
2023-12-05 07:00:00,0.4017,0.4024,0.397,0.3995,48137068
2023-12-05 08:00:00,0.3995,0.4011,0.3978,0.4004,21486721
2023-12-05 09:00:00,0.4003,0.4024,0.4,0.4016,15864023
2023-12-05 10:00:00,0.4015,0.4019,0.3981,0.3981,22359988
2023-12-05 11:00:00,0.3982,0.4009,0.3974,0.3996,17962672
2023-12-05 12:00:00,0.3997,0.4014,0.3989,0.401,16425622
2023-12-05 13:00:00,0.4009,0.4028,0.3982,0.3985,23639320
2023-12-05 14:00:00,0.3985,0.4019,0.3975,0.4001,19271327
2023-12-05 15:00:00,0.4001,0.4043,0.3992,0.4034,23612052
2023-12-05 16:00:00,0.4035,0.4074,0.4014,0.4068,31584393
2023-12-05 17:00:00,0.4068,0.4148,0.4066,0.414,77296520
2023-12-05 18:00:00,0.4139,0.4226,0.4138,0.4198,90260437
2023-12-05 19:00:00,0.4197,0.4247,0.4179,0.4222,64064686
2023-12-05 20:00:00,0.4221,0.4243,0.4171,0.4196,49761097
2023-12-05 21:00:00,0.4197,0.4233,0.4176,0.4204,26130235
2023-12-05 22:00:00,0.4204,0.4254,0.4196,0.4228,27108674
2023-12-05 23:00:00,0.4228,0.4265,0.422,0.4261,29602193
2023-12-06 00:00:00,0.4262,0.4298,0.4207,0.4287,51369627
2023-12-06 01:00:00,0.4288,0.4288,0.4214,0.4235,29948768
2023-12-06 02:00:00,0.4234,0.4262,0.4202,0.4243,23870074
2023-12-06 03:00:00,0.4244,0.426,0.4205,0.4258,21269562
2023-12-06 04:00:00,0.4258,0.4262,0.4228,0.4256,14661875
2023-12-06 05:00:00,0.4256,0.4265,0.4164,0.4225,47744616
2023-12-06 06:00:00,0.4226,0.4295,0.4171,0.4287,57104318
2023-12-06 07:00:00,0.4286,0.4324,0.4243,0.4299,76731226
2023-12-06 08:00:00,0.43,0.4322,0.4272,0.4286,41057402
2023-12-06 09:00:00,0.4286,0.4329,0.426,0.4315,40330796
2023-12-06 10:00:00,0.4314,0.4385,0.4297,0.4336,88474590
2023-12-06 11:00:00,0.4335,0.4381,0.4203,0.4371,145324487
2023-12-06 12:00:00,0.4371,0.4409,0.4335,0.4407,61796664
2023-12-06 13:00:00,0.4407,0.4493,0.4396,0.4468,111565080
2023-12-06 14:00:00,0.4468,0.4479,0.4378,0.4401,59446508
2023-12-06 15:00:00,0.44,0.4512,0.4378,0.4508,71924101
2023-12-06 16:00:00,0.4507,0.4513,0.4431,0.4446,65739585
2023-12-06 17:00:00,0.4446,0.4492,0.4437,0.4479,36270796
2023-12-06 18:00:00,0.4479,0.4487,0.4447,0.4474,23345873
2023-12-06 19:00:00,0.4475,0.4484,0.4447,0.448,15827216
2023-12-06 20:00:00,0.448,0.4495,0.444,0.4481,28880540
2023-12-06 21:00:00,0.4482,0.4497,0.442,0.4487,44893317
2023-12-06 22:00:00,0.4488,0.4554,0.4455,0.4467,59750974
2023-12-06 23:00:00,0.4466,0.448,0.4408,0.4433,62385389
2023-12-07 00:00:00,0.4433,0.4558,0.4413,0.4533,110589861
2023-12-07 01:00:00,0.4532,0.4536,0.4449,0.446,43302477
2023-12-07 02:00:00,0.446,0.4477,0.4445,0.4449,24642878
2023-12-07 03:00:00,0.445,0.4462,0.4436,0.4445,18015477
2023-12-07 04:00:00,0.4444,0.4516,0.4442,0.4516,26443869
2023-12-07 05:00:00,0.4516,0.4538,0.4481,0.452,26888868
2023-12-07 06:00:00,0.4519,0.4528,0.4472,0.4474,18689820
2023-12-07 07:00:00,0.4475,0.4496,0.4455,0.4463,14528196
2023-12-07 08:00:00,0.4464,0.4479,0.4386,0.4396,41659664
2023-12-07 09:00:00,0.4397,0.4426,0.4314,0.4386,87960036
2023-12-07 10:00:00,0.4386,0.44,0.4345,0.4352,38813627
2023-12-07 11:00:00,0.4353,0.4384,0.4345,0.4355,22879329
2023-12-07 12:00:00,0.4355,0.4382,0.4334,0.4379,24354953
2023-12-07 13:00:00,0.4378,0.4395,0.4343,0.4359,22626737
2023-12-07 14:00:00,0.4359,0.4385,0.4344,0.4375,19815286
2023-12-07 15:00:00,0.4375,0.4454,0.437,0.4438,43352323
2023-12-07 16:00:00,0.4439,0.4554,0.4426,0.4554,61745822
2023-12-07 17:00:00,0.4554,0.4597,0.4507,0.4554,85491822
2023-12-07 18:00:00,0.4554,0.4556,0.4492,0.451,26273049
2023-12-07 19:00:00,0.451,0.4527,0.4483,0.4524,24932356
2023-12-07 20:00:00,0.4523,0.4577,0.452,0.4538,33670989
2023-12-07 21:00:00,0.4538,0.459,0.4534,0.4584,25853618
2023-12-07 22:00:00,0.4584,0.4597,0.4548,0.4549,25124393
2023-12-07 23:00:00,0.4549,0.4579,0.4542,0.4558,22145494
2023-12-08 00:00:00,0.4558,0.4598,0.4547,0.4553,31770840
2023-12-08 01:00:00,0.4554,0.4571,0.4524,0.4564,19629606
2023-12-08 02:00:00,0.4564,0.4602,0.4547,0.459,21680507
2023-12-08 03:00:00,0.4591,0.4654,0.4575,0.464,58986278
2023-12-08 04:00:00,0.464,0.4699,0.4626,0.4662,39535600
2023-12-08 05:00:00,0.4662,0.4705,0.466,0.4702,23904095
2023-12-08 06:00:00,0.4701,0.4814,0.4681,0.4793,74461239
2023-12-08 07:00:00,0.4794,0.4845,0.4735,0.4752,72169020
2023-12-08 08:00:00,0.4753,0.4849,0.4743,0.4834,60646685
2023-12-08 09:00:00,0.4834,0.4974,0.4833,0.4942,152573993
2023-12-08 10:00:00,0.4942,0.4994,0.4924,0.4949,79778394
2023-12-08 11:00:00,0.495,0.5295,0.4949,0.5207,231631373
2023-12-08 12:00:00,0.5208,0.5217,0.5116,0.5209,156226121
2023-12-08 13:00:00,0.5209,0.5261,0.5142,0.5156,152315281
2023-12-08 14:00:00,0.5156,0.5383,0.5156,0.5281,207578209
2023-12-08 15:00:00,0.5281,0.5499,0.5265,0.5486,180245879
2023-12-08 16:00:00,0.5486,0.5723,0.5484,0.554,375016974
2023-12-08 17:00:00,0.5539,0.5562,0.5338,0.5397,218601893
2023-12-08 18:00:00,0.5396,0.5432,0.5315,0.5367,99043221
2023-12-08 19:00:00,0.5368,0.5378,0.5321,0.533,40490852
2023-12-08 20:00:00,0.533,0.5494,0.533,0.5489,93380444
2023-12-08 21:00:00,0.549,0.5491,0.5407,0.5467,70551452
2023-12-08 22:00:00,0.5467,0.5527,0.5448,0.5459,78953919
2023-12-08 23:00:00,0.546,0.5519,0.5448,0.546,56519351
2023-12-09 00:00:00,0.5461,0.5682,0.5445,0.5591,156451037
2023-12-09 01:00:00,0.5592,0.5659,0.548,0.5561,117236740
2023-12-09 02:00:00,0.5561,0.5679,0.5519,0.5655,90784649
2023-12-09 03:00:00,0.5655,0.5802,0.5627,0.5779,189503956
2023-12-09 04:00:00,0.5778,0.5999,0.5757,0.5982,240675113
2023-12-09 05:00:00,0.5981,0.6007,0.5861,0.5927,138447468
2023-12-09 06:00:00,0.5927,0.5957,0.5834,0.5898,108491160
2023-12-09 07:00:00,0.5898,0.6278,0.5881,0.6245,246717637
2023-12-09 08:00:00,0.6246,0.6485,0.6073,0.6141,514478480
2023-12-09 09:00:00,0.6142,0.6356,0.614,0.6168,212045627
2023-12-09 10:00:00,0.6168,0.6371,0.6157,0.6339,146793993
2023-12-09 11:00:00,0.6339,0.6378,0.6174,0.624,141577242
2023-12-09 12:00:00,0.624,0.6343,0.6205,0.6314,124103500
2023-12-09 13:00:00,0.6313,0.638,0.6126,0.6226,202976534
2023-12-09 14:00:00,0.6226,0.6246,0.6006,0.6096,192614297
2023-12-09 15:00:00,0.6096,0.6164,0.6024,0.6133,105626567
2023-12-09 16:00:00,0.6132,0.6157,0.59,0.594,168839417
2023-12-09 17:00:00,0.594,0.5969,0.5689,0.5698,193168074
2023-12-09 18:00:00,0.5697,0.5932,0.5696,0.5921,124579210
2023-12-09 19:00:00,0.5921,0.5968,0.5881,0.5917,72791776
2023-12-09 20:00:00,0.5918,0.5965,0.5824,0.5909,73685690
2023-12-09 21:00:00,0.5908,0.5954,0.5844,0.5918,47300650
2023-12-09 22:00:00,0.5919,0.5938,0.583,0.5837,39994132
2023-12-09 23:00:00,0.5837,0.5872,0.57,0.5796,97802677
2023-12-10 00:00:00,0.5796,0.6039,0.5777,0.6025,166453917
2023-12-10 01:00:00,0.6026,0.6065,0.5958,0.5973,109216829
2023-12-10 02:00:00,0.5972,0.5982,0.5839,0.5854,77330608
2023-12-10 03:00:00,0.5854,0.5942,0.5845,0.5927,49307238
2023-12-10 04:00:00,0.5928,0.6005,0.5887,0.5992,57365885
2023-12-10 05:00:00,0.5992,0.6025,0.5968,0.5971,35006019
2023-12-10 06:00:00,0.5971,0.6027,0.5916,0.595,53109815
2023-12-10 07:00:00,0.5949,0.5964,0.5845,0.5908,69418650
2023-12-10 08:00:00,0.5909,0.5948,0.582,0.5853,77427886
2023-12-10 09:00:00,0.5854,0.5892,0.57,0.5702,100253050
2023-12-10 10:00:00,0.5702,0.5908,0.5702,0.5863,118219932
2023-12-10 11:00:00,0.5863,0.5964,0.5862,0.5911,88941981
2023-12-10 12:00:00,0.591,0.5992,0.5838,0.5911,91484358
2023-12-10 13:00:00,0.5912,0.5923,0.5861,0.5886,39960655
2023-12-10 14:00:00,0.5887,0.5986,0.5877,0.5951,69267203
2023-12-10 15:00:00,0.5951,0.5984,0.5894,0.5945,63435447
2023-12-10 16:00:00,0.5944,0.5976,0.5869,0.5885,75639026
2023-12-10 17:00:00,0.5885,0.5963,0.5882,0.5925,65374493
2023-12-10 18:00:00,0.5924,0.6064,0.5921,0.5974,87705905
2023-12-10 19:00:00,0.5974,0.6001,0.5939,0.5996,45925305
2023-12-10 20:00:00,0.5995,0.6153,0.5976,0.6135,98515538
2023-12-10 21:00:00,0.6135,0.6142,0.5929,0.5955,100577572
2023-12-10 22:00:00,0.5956,0.6009,0.5909,0.5964,52270341
2023-12-10 23:00:00,0.5964,0.5978,0.5887,0.595,41372617
2023-12-11 00:00:00,0.5949,0.5991,0.5865,0.5899,57663551
2023-12-11 01:00:00,0.59,0.5903,0.582,0.5872,74784316
2023-12-11 02:00:00,0.5872,0.5873,0.5077,0.552,362401097
2023-12-11 03:00:00,0.552,0.5663,0.5505,0.5591,107487227
2023-12-11 04:00:00,0.559,0.5634,0.554,0.5606,51159742
2023-12-11 05:00:00,0.5605,0.5639,0.5505,0.5552,59160236
2023-12-11 06:00:00,0.5553,0.5573,0.5401,0.5522,92778927
2023-12-11 07:00:00,0.5522,0.5586,0.5513,0.5557,47443118
2023-12-11 08:00:00,0.5556,0.5623,0.5493,0.5601,64006139
2023-12-11 09:00:00,0.56,0.5629,0.5541,0.5582,56393838
2023-12-11 10:00:00,0.5581,0.5604,0.5548,0.5556,26315587
2023-12-11 11:00:00,0.5556,0.5585,0.5505,0.5526,43178214
2023-12-11 12:00:00,0.5526,0.5564,0.549,0.5503,47303718
2023-12-11 13:00:00,0.5504,0.5544,0.5429,0.549,68790549
2023-12-11 14:00:00,0.549,0.5536,0.5355,0.5385,119675503
2023-12-11 15:00:00,0.5385,0.5477,0.537,0.5461,67842617
2023-12-11 16:00:00,0.546,0.5522,0.5405,0.5486,67911713
2023-12-11 17:00:00,0.5485,0.5486,0.5374,0.5379,37925438
2023-12-11 18:00:00,0.5379,0.5385,0.5226,0.5348,126652653
2023-12-11 19:00:00,0.5349,0.5367,0.5225,0.533,63779383
2023-12-11 20:00:00,0.533,0.5411,0.5286,0.5406,46549001
2023-12-11 21:00:00,0.5405,0.557,0.5402,0.5567,62050434
2023-12-11 22:00:00,0.5567,0.5616,0.5513,0.5541,63317304
2023-12-11 23:00:00,0.5541,0.5547,0.5495,0.5512,28534450
2023-12-12 00:00:00,0.5513,0.562,0.5512,0.5543,49760748
2023-12-12 01:00:00,0.5543,0.5574,0.5515,0.553,30883736
2023-12-12 02:00:00,0.5531,0.5667,0.5526,0.5623,57490055
2023-12-12 03:00:00,0.5623,0.5652,0.5578,0.5628,47875258
2023-12-12 04:00:00,0.5627,0.5637,0.5552,0.556,36072366
2023-12-12 05:00:00,0.556,0.57,0.5553,0.5646,49174752
2023-12-12 06:00:00,0.5647,0.5782,0.5615,0.5739,96276409
2023-12-12 07:00:00,0.5738,0.5951,0.5729,0.5932,120288718
2023-12-12 08:00:00,0.5931,0.5996,0.5833,0.5992,87852916
2023-12-12 09:00:00,0.5991,0.6021,0.5865,0.5904,101536210
2023-12-12 10:00:00,0.5903,0.6,0.5875,0.5992,63241399
2023-12-12 11:00:00,0.5992,0.6069,0.59,0.5921,109231776
2023-12-12 12:00:00,0.5922,0.5973,0.5884,0.5945,73105204
2023-12-12 13:00:00,0.5945,0.6053,0.5927,0.5956,105247622
2023-12-12 14:00:00,0.5955,0.6,0.5836,0.5882,99853575
2023-12-12 15:00:00,0.5882,0.5906,0.5783,0.5832,117796810
2023-12-12 16:00:00,0.5833,0.585,0.5726,0.575,78557168
2023-12-12 17:00:00,0.5751,0.5756,0.5568,0.557,88418232
2023-12-12 18:00:00,0.557,0.5818,0.557,0.5809,91132806
2023-12-12 19:00:00,0.5809,0.5812,0.5687,0.5732,67907359
2023-12-12 20:00:00,0.5731,0.5759,0.5645,0.5688,44612160
2023-12-12 21:00:00,0.5688,0.5743,0.5605,0.5609,38377439
2023-12-12 22:00:00,0.561,0.5698,0.56,0.5658,25926270
2023-12-12 23:00:00,0.5658,0.579,0.5654,0.579,42212130
2023-12-13 00:00:00,0.5789,0.588,0.5741,0.579,77049228
2023-12-13 01:00:00,0.5791,0.5797,0.5605,0.5609,70774843
2023-12-13 02:00:00,0.5608,0.5673,0.5498,0.5619,102173261
2023-12-13 03:00:00,0.562,0.565,0.553,0.5567,41565733
2023-12-13 04:00:00,0.5567,0.5638,0.5523,0.5623,49897863
2023-12-13 05:00:00,0.5623,0.5636,0.5563,0.5604,25464036
2023-12-13 06:00:00,0.5605,0.5634,0.5455,0.5477,49590854
2023-12-13 07:00:00,0.5478,0.5605,0.5419,0.558,66173770
2023-12-13 08:00:00,0.558,0.5726,0.5578,0.5703,67373938
2023-12-13 09:00:00,0.5702,0.5766,0.5678,0.5743,44797615
2023-12-13 10:00:00,0.5743,0.5784,0.5684,0.5719,46262770
2023-12-13 11:00:00,0.5719,0.5879,0.5717,0.5787,108899095
2023-12-13 12:00:00,0.5787,0.5915,0.5755,0.5806,87187253
2023-12-13 13:00:00,0.5806,0.6175,0.5775,0.612,205637522
2023-12-13 14:00:00,0.612,0.625,0.6001,0.6176,242234107
2023-12-13 15:00:00,0.6177,0.6343,0.6165,0.6266,161755031
2023-12-13 16:00:00,0.6267,0.6282,0.6079,0.6094,136736573
2023-12-13 17:00:00,0.6094,0.6164,0.6072,0.6126,66360296
2023-12-13 18:00:00,0.6126,0.6183,0.6104,0.614,51056903
2023-12-13 19:00:00,0.614,0.6527,0.614,0.6447,172992244
2023-12-13 20:00:00,0.6446,0.6498,0.6323,0.6353,105304351
2023-12-13 21:00:00,0.6353,0.6511,0.635,0.6497,77069553
2023-12-13 22:00:00,0.6496,0.6799,0.6476,0.6609,242134556
2023-12-13 23:00:00,0.6609,0.6699,0.6562,0.6683,116554215
2023-12-14 00:00:00,0.6683,0.6815,0.6526,0.6622,207911179
2023-12-14 01:00:00,0.6623,0.6797,0.6616,0.6762,134065956
2023-12-14 02:00:00,0.6762,0.6768,0.6554,0.6617,93182779
2023-12-14 03:00:00,0.6617,0.6645,0.6469,0.6568,73028996
2023-12-14 04:00:00,0.6568,0.6587,0.6482,0.6486,40791407
2023-12-14 05:00:00,0.6486,0.6538,0.6471,0.6517,38249028
2023-12-14 06:00:00,0.6518,0.6634,0.6502,0.6604,68456647
2023-12-14 07:00:00,0.6604,0.6606,0.6502,0.6566,42632653
2023-12-14 08:00:00,0.6565,0.6568,0.6373,0.6393,83934509
2023-12-14 09:00:00,0.6394,0.6477,0.6365,0.6455,62756077
2023-12-14 10:00:00,0.6454,0.6564,0.6439,0.6543,48041387
2023-12-14 11:00:00,0.6544,0.6621,0.6516,0.6577,68928102
2023-12-14 12:00:00,0.6577,0.6635,0.6516,0.6522,54831483
2023-12-14 13:00:00,0.6521,0.6527,0.608,0.6353,268594215
2023-12-14 14:00:00,0.6353,0.6389,0.6261,0.6345,71053696
2023-12-14 15:00:00,0.6346,0.6395,0.6282,0.6361,47983089
2023-12-14 16:00:00,0.6362,0.6454,0.6351,0.639,60523709
2023-12-14 17:00:00,0.639,0.6477,0.6334,0.6401,70985874
2023-12-14 18:00:00,0.6402,0.6405,0.6316,0.6354,36543986
2023-12-14 19:00:00,0.6354,0.6402,0.6353,0.6378,22951777
2023-12-14 20:00:00,0.6378,0.6424,0.631,0.6392,32013032
2023-12-14 21:00:00,0.6392,0.6413,0.6336,0.6361,21369853
2023-12-14 22:00:00,0.6361,0.6469,0.6354,0.6442,33870983
2023-12-14 23:00:00,0.6442,0.65,0.6413,0.6436,33992953
2023-12-15 00:00:00,0.6435,0.6543,0.6361,0.6369,72601538
2023-12-15 01:00:00,0.6369,0.6505,0.6369,0.6438,39145702
2023-12-15 02:00:00,0.6439,0.6471,0.6378,0.6384,33152969
2023-12-15 03:00:00,0.6384,0.6407,0.635,0.6383,29561095
2023-12-15 04:00:00,0.6383,0.6408,0.6345,0.6399,22914354
2023-12-15 05:00:00,0.6399,0.6409,0.6321,0.6379,34466262
2023-12-15 06:00:00,0.6378,0.6413,0.6301,0.6313,36293893
2023-12-15 07:00:00,0.6314,0.6342,0.6274,0.6301,31779122
2023-12-15 08:00:00,0.6301,0.6473,0.628,0.645,61396258
2023-12-15 09:00:00,0.6449,0.6517,0.6399,0.6416,61368410
2023-12-15 10:00:00,0.6417,0.6418,0.6342,0.6381,34565903
2023-12-15 11:00:00,0.638,0.6441,0.6349,0.6389,28901531
2023-12-15 12:00:00,0.6388,0.6433,0.6323,0.6338,39987383
2023-12-15 13:00:00,0.6338,0.6376,0.623,0.6267,71161003
2023-12-15 14:00:00,0.6267,0.6311,0.6189,0.6223,57383531
2023-12-15 15:00:00,0.6223,0.6243,0.6134,0.6231,64310476
2023-12-15 16:00:00,0.6231,0.6277,0.6171,0.6202,40962556
2023-12-15 17:00:00,0.6203,0.6244,0.6159,0.6177,25508913
2023-12-15 18:00:00,0.6176,0.6257,0.6171,0.6243,21044961
2023-12-15 19:00:00,0.6243,0.6287,0.6124,0.6156,51972765
2023-12-15 20:00:00,0.6157,0.6198,0.6127,0.6178,26430476
2023-12-15 21:00:00,0.6177,0.6215,0.6141,0.6158,19081312
2023-12-15 22:00:00,0.6158,0.616,0.6051,0.6081,40081915
2023-12-15 23:00:00,0.6082,0.6106,0.5997,0.6008,47947808
2023-12-16 00:00:00,0.6008,0.6063,0.5863,0.5953,83290156
2023-12-16 01:00:00,0.5954,0.6063,0.594,0.6036,39751220
2023-12-16 02:00:00,0.6037,0.6125,0.6037,0.6099,34510669
2023-12-16 03:00:00,0.6098,0.616,0.6091,0.616,26324621
2023-12-16 04:00:00,0.6159,0.6166,0.6103,0.6141,24226556
2023-12-16 05:00:00,0.6142,0.6157,0.6052,0.609,26442145
2023-12-16 06:00:00,0.6091,0.6116,0.6074,0.6105,14751380
2023-12-16 07:00:00,0.6104,0.6126,0.6063,0.6121,14313662
2023-12-16 08:00:00,0.6122,0.6142,0.6088,0.6119,17144277
2023-12-16 09:00:00,0.6119,0.618,0.6108,0.6119,20754248
2023-12-16 10:00:00,0.6118,0.6151,0.6106,0.6137,12383435
2023-12-16 11:00:00,0.6136,0.6166,0.6101,0.6166,18624402
2023-12-16 12:00:00,0.6167,0.6219,0.6136,0.6204,32565172
2023-12-16 13:00:00,0.6204,0.6239,0.6119,0.6158,38343161
2023-12-16 14:00:00,0.6157,0.6166,0.6108,0.614,21051075
2023-12-16 15:00:00,0.6141,0.6254,0.6101,0.6221,38412333
2023-12-16 16:00:00,0.6221,0.626,0.6182,0.6239,39848841
2023-12-16 17:00:00,0.6238,0.6257,0.619,0.6203,33207399
2023-12-16 18:00:00,0.6202,0.6203,0.6122,0.6164,35146125
2023-12-16 19:00:00,0.6164,0.6184,0.6053,0.6108,37587360
2023-12-16 20:00:00,0.6109,0.6164,0.6099,0.614,20333485
2023-12-16 21:00:00,0.614,0.6161,0.6106,0.6113,16958298
2023-12-16 22:00:00,0.6113,0.6146,0.6072,0.6109,18017507
2023-12-16 23:00:00,0.6108,0.6114,0.6027,0.6081,24971420
2023-12-17 00:00:00,0.6081,0.6137,0.6077,0.6078,22501734
2023-12-17 01:00:00,0.6078,0.6137,0.6015,0.6072,33722392
2023-12-17 02:00:00,0.6071,0.6125,0.6051,0.6056,25256022
2023-12-17 03:00:00,0.6056,0.6155,0.6029,0.615,31620069
2023-12-17 04:00:00,0.615,0.6189,0.6099,0.6111,24627201
2023-12-17 05:00:00,0.6112,0.6122,0.5968,0.601,34460203
2023-12-17 06:00:00,0.6011,0.6064,0.5953,0.6014,45703098
2023-12-17 07:00:00,0.6013,0.6028,0.592,0.5941,33874286
2023-12-17 08:00:00,0.594,0.6006,0.5919,0.5993,27336114
2023-12-17 09:00:00,0.5994,0.6038,0.5982,0.6026,21450553
2023-12-17 10:00:00,0.6026,0.6034,0.5992,0.601,15869122
2023-12-17 11:00:00,0.6009,0.6041,0.5977,0.6013,17608732
2023-12-17 12:00:00,0.6013,0.6026,0.5963,0.6005,24506526
2023-12-17 13:00:00,0.6005,0.6016,0.5914,0.5939,34469402
2023-12-17 14:00:00,0.594,0.5984,0.5861,0.5877,54803285
2023-12-17 15:00:00,0.5878,0.5951,0.5855,0.5935,37788318
2023-12-17 16:00:00,0.5935,0.5996,0.5882,0.5993,31422552
2023-12-17 17:00:00,0.5993,0.6117,0.5991,0.6011,57817557
2023-12-17 18:00:00,0.6011,0.6024,0.5938,0.5989,31144105
2023-12-17 19:00:00,0.599,0.6006,0.5936,0.5946,15842486
2023-12-17 20:00:00,0.5946,0.599,0.5943,0.5965,13662779
2023-12-17 21:00:00,0.5966,0.5968,0.5883,0.5899,17777271
2023-12-17 22:00:00,0.59,0.59,0.5803,0.5826,30783173
2023-12-17 23:00:00,0.5826,0.5838,0.5773,0.5809,41299917
2023-12-18 00:00:00,0.5809,0.5859,0.5802,0.5829,26932231
2023-12-18 01:00:00,0.5828,0.5868,0.5672,0.5698,62541442
2023-12-18 02:00:00,0.5698,0.5739,0.5614,0.5642,53236367
2023-12-18 03:00:00,0.5642,0.5743,0.5636,0.5737,27346698
2023-12-18 04:00:00,0.5736,0.5771,0.5711,0.5764,17572086
2023-12-18 05:00:00,0.5765,0.5768,0.5715,0.5725,16734704
2023-12-18 06:00:00,0.5726,0.5783,0.5715,0.5772,20988273
2023-12-18 07:00:00,0.5773,0.5773,0.5673,0.569,29215775
2023-12-18 08:00:00,0.569,0.5712,0.5607,0.5672,43919258
2023-12-18 09:00:00,0.5672,0.5679,0.553,0.5585,80647688
2023-12-18 10:00:00,0.5584,0.5589,0.5439,0.5532,94696185
2023-12-18 11:00:00,0.5531,0.5612,0.553,0.5604,43584409
2023-12-18 12:00:00,0.5604,0.5609,0.5554,0.5572,25770455
2023-12-18 13:00:00,0.5573,0.5692,0.5564,0.5682,43788526
2023-12-18 14:00:00,0.5681,0.5749,0.5662,0.5701,46464306
2023-12-18 15:00:00,0.57,0.572,0.5654,0.5672,36362959
2023-12-18 16:00:00,0.5673,0.574,0.564,0.5722,29715506
2023-12-18 17:00:00,0.5722,0.5769,0.5702,0.5719,29158113
2023-12-18 18:00:00,0.5719,0.5754,0.5703,0.5754,14564833
2023-12-18 19:00:00,0.5753,0.58,0.5746,0.5783,27825730
2023-12-18 20:00:00,0.5782,0.584,0.5735,0.5836,28696358
2023-12-18 21:00:00,0.5835,0.5998,0.5833,0.5987,61963245
2023-12-18 22:00:00,0.5986,0.6011,0.5935,0.5961,29749473
2023-12-18 23:00:00,0.596,0.6033,0.596,0.602,31788824
2023-12-19 00:00:00,0.6021,0.6084,0.5964,0.6023,56178142
2023-12-19 01:00:00,0.6022,0.617,0.5976,0.6149,54948386
2023-12-19 02:00:00,0.6149,0.6166,0.6069,0.6098,37995646
2023-12-19 03:00:00,0.6098,0.6139,0.608,0.6106,25736770
2023-12-19 04:00:00,0.6106,0.6144,0.6056,0.6138,33528976
2023-12-19 05:00:00,0.6138,0.6154,0.6107,0.6122,20585696
2023-12-19 06:00:00,0.6122,0.6162,0.6087,0.614,28398562
2023-12-19 07:00:00,0.614,0.6176,0.6075,0.6087,33802336
2023-12-19 08:00:00,0.6086,0.61,0.6033,0.6039,40417704
2023-12-19 09:00:00,0.604,0.6064,0.5986,0.6002,35062458
2023-12-19 10:00:00,0.6002,0.6028,0.597,0.5974,34099245
2023-12-19 11:00:00,0.5974,0.5992,0.5932,0.5939,31622706
2023-12-19 12:00:00,0.594,0.598,0.5891,0.5912,29893522
2023-12-19 13:00:00,0.5912,0.5948,0.5898,0.5903,29415757
2023-12-19 14:00:00,0.5903,0.5918,0.5771,0.5795,70525865
2023-12-19 15:00:00,0.5796,0.5857,0.5764,0.582,41905194
2023-12-19 16:00:00,0.5819,0.5854,0.5797,0.5835,25979499
2023-12-19 17:00:00,0.5836,0.5844,0.5673,0.5681,61001095
2023-12-19 18:00:00,0.5683,0.5782,0.5666,0.5766,40285362
2023-12-19 19:00:00,0.5766,0.582,0.5746,0.5792,26399190
2023-12-19 20:00:00,0.5791,0.5819,0.5716,0.5736,27147752
2023-12-19 21:00:00,0.5736,0.583,0.5732,0.5822,25106364
2023-12-19 22:00:00,0.5821,0.5823,0.5741,0.5756,19865965
2023-12-19 23:00:00,0.5756,0.5789,0.5722,0.576,30528542
2023-12-20 00:00:00,0.576,0.583,0.5749,0.5804,44868248
2023-12-20 01:00:00,0.5804,0.582,0.5692,0.5728,31695793
2023-12-20 02:00:00,0.5728,0.5771,0.5685,0.5759,33133204
2023-12-20 03:00:00,0.576,0.58,0.5758,0.5789,18090883
2023-12-20 04:00:00,0.579,0.5865,0.577,0.5855,30369143
2023-12-20 05:00:00,0.5856,0.5863,0.5816,0.5845,23950363
2023-12-20 06:00:00,0.5845,0.5897,0.5818,0.5855,32758382
2023-12-20 07:00:00,0.5855,0.5923,0.585,0.5919,22613856
2023-12-20 08:00:00,0.5919,0.595,0.5874,0.5894,30289530
2023-12-20 09:00:00,0.5895,0.5947,0.5883,0.5905,23057431
2023-12-20 10:00:00,0.5906,0.5934,0.5879,0.5921,21581884
2023-12-20 11:00:00,0.592,0.5942,0.5857,0.5916,26414758
2023-12-20 12:00:00,0.5915,0.5938,0.5883,0.592,22795289
2023-12-20 13:00:00,0.5921,0.6048,0.5919,0.6032,53738893
2023-12-20 14:00:00,0.6031,0.6075,0.5968,0.5976,64554809
2023-12-20 15:00:00,0.5975,0.6045,0.595,0.6011,43504295
2023-12-20 16:00:00,0.6011,0.603,0.5907,0.5938,43335235
2023-12-20 17:00:00,0.5939,0.6026,0.5937,0.6018,42283223
2023-12-20 18:00:00,0.6018,0.6106,0.6011,0.6061,56970600
2023-12-20 19:00:00,0.606,0.608,0.5946,0.595,40016997
2023-12-20 20:00:00,0.595,0.597,0.5806,0.5842,85434502
2023-12-20 21:00:00,0.5842,0.5909,0.5813,0.5847,28794648
2023-12-20 22:00:00,0.5846,0.5929,0.5833,0.5886,18411921
2023-12-20 23:00:00,0.5885,0.5907,0.585,0.5899,22354099
2023-12-21 00:00:00,0.59,0.5918,0.5855,0.5861,23996643
2023-12-21 01:00:00,0.5861,0.5894,0.5821,0.5893,23100228
2023-12-21 02:00:00,0.5892,0.5982,0.5856,0.5937,35154790
2023-12-21 03:00:00,0.5938,0.5987,0.5908,0.5939,26268202
2023-12-21 04:00:00,0.5939,0.5961,0.5925,0.5933,14944121
2023-12-21 05:00:00,0.5934,0.5955,0.5862,0.5873,25096810
2023-12-21 06:00:00,0.5874,0.5952,0.5868,0.595,18600510
2023-12-21 07:00:00,0.5951,0.6056,0.5931,0.5985,42448981
2023-12-21 08:00:00,0.5985,0.6055,0.5966,0.6001,29123951
2023-12-21 09:00:00,0.6001,0.6037,0.5972,0.603,26692078
2023-12-21 10:00:00,0.603,0.6092,0.601,0.6088,32512230
2023-12-21 11:00:00,0.6088,0.6152,0.6081,0.6108,42065142
2023-12-21 12:00:00,0.6107,0.6136,0.6056,0.6067,32717477
2023-12-21 13:00:00,0.6068,0.6103,0.6009,0.6091,31091057
2023-12-21 14:00:00,0.609,0.6101,0.5959,0.5967,58977170
2023-12-21 15:00:00,0.5968,0.6012,0.5934,0.5977,41172586
2023-12-21 16:00:00,0.5976,0.6041,0.5974,0.6041,32550030
2023-12-21 17:00:00,0.6041,0.6274,0.6005,0.6201,85936721
2023-12-21 18:00:00,0.6201,0.6258,0.6125,0.6146,67056530
2023-12-21 19:00:00,0.6147,0.621,0.6118,0.615,38052683
2023-12-21 20:00:00,0.615,0.6224,0.6143,0.6224,30210904
2023-12-21 21:00:00,0.6223,0.6266,0.6172,0.6248,30417080
2023-12-21 22:00:00,0.6248,0.6326,0.6232,0.6315,30259872
2023-12-21 23:00:00,0.6315,0.6403,0.6289,0.6359,63294034
2023-12-22 00:00:00,0.6359,0.6495,0.6357,0.6447,83072230
2023-12-22 01:00:00,0.6447,0.6522,0.6405,0.6438,74813852
2023-12-22 02:00:00,0.6438,0.6463,0.6321,0.6349,61218417
2023-12-22 03:00:00,0.6349,0.6376,0.626,0.6283,44308551
2023-12-22 04:00:00,0.6284,0.6289,0.6188,0.625,44860909
2023-12-22 05:00:00,0.625,0.6355,0.6244,0.6341,50774162
2023-12-22 06:00:00,0.6341,0.6397,0.6145,0.6197,82774652
2023-12-22 07:00:00,0.6198,0.623,0.607,0.6153,73787828
2023-12-22 08:00:00,0.6154,0.6216,0.612,0.6144,35737546
2023-12-22 09:00:00,0.6145,0.6178,0.6059,0.6159,44645093
2023-12-22 10:00:00,0.6158,0.6195,0.6121,0.6154,26871711
2023-12-22 11:00:00,0.6154,0.62,0.6139,0.6187,16262305
2023-12-22 12:00:00,0.6186,0.6198,0.6123,0.6145,23246600
2023-12-22 13:00:00,0.6145,0.6194,0.6133,0.6186,22029434
2023-12-22 14:00:00,0.6186,0.6186,0.6067,0.6163,35454993
2023-12-22 15:00:00,0.6163,0.6206,0.6123,0.6199,27143266
2023-12-22 16:00:00,0.6199,0.6206,0.6116,0.615,27955848
2023-12-22 17:00:00,0.6149,0.6197,0.6147,0.6175,18076964
2023-12-22 18:00:00,0.6176,0.6257,0.6172,0.6234,28259982
2023-12-22 19:00:00,0.6233,0.6236,0.6142,0.6176,21705164
2023-12-22 20:00:00,0.6176,0.6222,0.6174,0.6194,15039315
2023-12-22 21:00:00,0.6194,0.6241,0.6191,0.6205,10963906
2023-12-22 22:00:00,0.6205,0.6228,0.6186,0.6208,11948732
2023-12-22 23:00:00,0.6208,0.6263,0.6189,0.6229,15938504
2023-12-23 00:00:00,0.623,0.6236,0.6134,0.6167,29417315
2023-12-23 01:00:00,0.6166,0.6185,0.6012,0.6028,48691068
2023-12-23 02:00:00,0.6028,0.6067,0.6006,0.6013,26735716
2023-12-23 03:00:00,0.6014,0.6051,0.5975,0.6003,28274195
2023-12-23 04:00:00,0.6002,0.6033,0.5966,0.6026,27319687
2023-12-23 05:00:00,0.6025,0.6064,0.6014,0.6059,13552426
2023-12-23 06:00:00,0.606,0.6075,0.6034,0.607,13603642
2023-12-23 07:00:00,0.607,0.6078,0.6024,0.604,14160857
2023-12-23 08:00:00,0.604,0.6088,0.6035,0.6084,15141720
2023-12-23 09:00:00,0.6084,0.6089,0.6051,0.6072,12291643
2023-12-23 10:00:00,0.6072,0.609,0.6051,0.6066,9889777
2023-12-23 11:00:00,0.6066,0.607,0.6016,0.6047,15490586
2023-12-23 12:00:00,0.6046,0.6097,0.6039,0.607,19171710
2023-12-23 13:00:00,0.6069,0.6082,0.6022,0.6052,18245641
2023-12-23 14:00:00,0.6052,0.6067,0.6028,0.6063,12598505
2023-12-23 15:00:00,0.6063,0.6066,0.6031,0.604,11491537
2023-12-23 16:00:00,0.6039,0.6064,0.603,0.605,11965136
2023-12-23 17:00:00,0.6049,0.6063,0.6009,0.6014,18697532
2023-12-23 18:00:00,0.6014,0.6074,0.6002,0.6061,19913512
2023-12-23 19:00:00,0.6061,0.6078,0.6026,0.6046,17345460
2023-12-23 20:00:00,0.6046,0.6075,0.6014,0.6034,16079006
2023-12-23 21:00:00,0.6035,0.6071,0.6001,0.6068,19159569
2023-12-23 22:00:00,0.6068,0.6146,0.6053,0.6135,24629423
2023-12-23 23:00:00,0.6135,0.6172,0.6114,0.6135,24466905
2023-12-24 00:00:00,0.6135,0.6187,0.6065,0.6144,45305884
2023-12-24 01:00:00,0.6144,0.6253,0.6143,0.6248,34659618
2023-12-24 02:00:00,0.6248,0.6281,0.6193,0.623,32157650
2023-12-24 03:00:00,0.6229,0.6251,0.6174,0.62,19540339
2023-12-24 04:00:00,0.62,0.6293,0.6193,0.6238,31713567
2023-12-24 05:00:00,0.6238,0.6245,0.6028,0.6119,51531971
2023-12-24 06:00:00,0.612,0.6143,0.604,0.6083,34019168
2023-12-24 07:00:00,0.6083,0.6162,0.6052,0.6153,23853282
2023-12-24 08:00:00,0.6154,0.6207,0.6135,0.6191,21299336
2023-12-24 09:00:00,0.6191,0.622,0.6136,0.6187,27640986
2023-12-24 10:00:00,0.6187,0.6207,0.6043,0.6105,42895944
2023-12-24 11:00:00,0.6105,0.6164,0.6085,0.6147,19008779
2023-12-24 12:00:00,0.6147,0.6182,0.6095,0.6158,22284414
2023-12-24 13:00:00,0.6158,0.6204,0.613,0.6194,20346510
2023-12-24 14:00:00,0.6194,0.623,0.6125,0.6144,27866332
2023-12-24 15:00:00,0.6144,0.6175,0.6133,0.6156,14037090
2023-12-24 16:00:00,0.6157,0.616,0.6103,0.6149,17278213
2023-12-24 17:00:00,0.6148,0.6162,0.6116,0.613,13783776
2023-12-24 18:00:00,0.6131,0.6195,0.6128,0.6186,18936974
2023-12-24 19:00:00,0.6186,0.619,0.6129,0.6184,18774198
2023-12-24 20:00:00,0.6185,0.6214,0.6067,0.6111,41076889
2023-12-24 21:00:00,0.6111,0.6127,0.6052,0.607,23748283
2023-12-24 22:00:00,0.6071,0.6081,0.5832,0.5944,90180454
2023-12-24 23:00:00,0.5944,0.5982,0.5914,0.5923,27407424
2023-12-25 00:00:00,0.5922,0.5978,0.5893,0.5965,33449024
2023-12-25 01:00:00,0.5965,0.6021,0.5962,0.5989,22337552
2023-12-25 02:00:00,0.5989,0.6024,0.5956,0.601,14384641
2023-12-25 03:00:00,0.601,0.6066,0.5994,0.6047,20261274
2023-12-25 04:00:00,0.6046,0.6068,0.6039,0.605,11918356
2023-12-25 05:00:00,0.605,0.6104,0.6047,0.6084,17688550
2023-12-25 06:00:00,0.6083,0.6093,0.6043,0.6055,17076218
2023-12-25 07:00:00,0.6056,0.6056,0.6015,0.603,20518256
2023-12-25 08:00:00,0.6031,0.6083,0.6008,0.6015,20887129
2023-12-25 09:00:00,0.6016,0.6046,0.6002,0.6039,19608732
2023-12-25 10:00:00,0.604,0.6071,0.6035,0.6066,12945148
2023-12-25 11:00:00,0.6066,0.6115,0.6042,0.6072,27145372
2023-12-25 12:00:00,0.6071,0.6158,0.6058,0.615,27698185
2023-12-25 13:00:00,0.6149,0.6159,0.6113,0.6148,28425515
2023-12-25 14:00:00,0.6148,0.6187,0.6117,0.6186,22969627
2023-12-25 15:00:00,0.6186,0.6208,0.6131,0.6178,36163075
2023-12-25 16:00:00,0.6178,0.6275,0.6173,0.6224,58180010
2023-12-25 17:00:00,0.6225,0.625,0.6203,0.6249,19209452
2023-12-25 18:00:00,0.6249,0.6269,0.6204,0.6221,22970613
2023-12-25 19:00:00,0.6221,0.626,0.6207,0.6208,17591419
2023-12-25 20:00:00,0.6209,0.6226,0.6127,0.6185,32948175
2023-12-25 21:00:00,0.6186,0.622,0.613,0.6213,19195192
2023-12-25 22:00:00,0.6213,0.6362,0.6208,0.6289,36797303
2023-12-25 23:00:00,0.6289,0.6298,0.624,0.6248,21432514
2023-12-26 00:00:00,0.6248,0.6287,0.6176,0.6192,24612905
2023-12-26 01:00:00,0.6192,0.6208,0.6153,0.6174,17781472
2023-12-26 02:00:00,0.6175,0.6213,0.6174,0.6178,12851139
2023-12-26 03:00:00,0.6178,0.6207,0.6158,0.6192,13486833
2023-12-26 04:00:00,0.6192,0.6207,0.6176,0.62,10694882
2023-12-26 05:00:00,0.62,0.6205,0.6001,0.6044,81701525
2023-12-26 06:00:00,0.6044,0.6051,0.5963,0.5971,67432320
2023-12-26 07:00:00,0.5971,0.6055,0.5941,0.6046,37110141
2023-12-26 08:00:00,0.6045,0.608,0.6012,0.6071,22541176
2023-12-26 09:00:00,0.6071,0.6083,0.6006,0.6047,33253111
2023-12-26 10:00:00,0.6046,0.6132,0.6026,0.6123,29135781
2023-12-26 11:00:00,0.6122,0.6156,0.6084,0.6148,22018546
2023-12-26 12:00:00,0.6147,0.6182,0.6127,0.618,33490200
2023-12-26 13:00:00,0.618,0.6247,0.6157,0.6225,65909715
2023-12-26 14:00:00,0.6224,0.623,0.6138,0.616,45927915
2023-12-26 15:00:00,0.6161,0.6194,0.6072,0.6086,44920226
2023-12-26 16:00:00,0.6086,0.6163,0.6062,0.6111,38002277
2023-12-26 17:00:00,0.6111,0.6118,0.557,0.5871,155392438
2023-12-26 18:00:00,0.5871,0.5945,0.5828,0.5928,61044433
2023-12-26 19:00:00,0.5929,0.5948,0.5886,0.5905,32133670
2023-12-26 20:00:00,0.5905,0.5988,0.5891,0.5954,44072198
2023-12-26 21:00:00,0.5955,0.6029,0.5945,0.6027,51028345
2023-12-26 22:00:00,0.6028,0.6068,0.6007,0.6065,17478869
2023-12-26 23:00:00,0.6065,0.6122,0.606,0.6092,22599093
2023-12-27 00:00:00,0.6093,0.6106,0.6015,0.6026,27466276
2023-12-27 01:00:00,0.6027,0.6078,0.6021,0.6046,14454942
2023-12-27 02:00:00,0.6046,0.6049,0.59,0.5916,33710195
2023-12-27 03:00:00,0.5915,0.5957,0.5842,0.5906,30797475
2023-12-27 04:00:00,0.5905,0.5984,0.5902,0.5952,19697277
2023-12-27 05:00:00,0.5952,0.5995,0.5929,0.5985,24824734
2023-12-27 06:00:00,0.5985,0.6024,0.597,0.5989,16516892
2023-12-27 07:00:00,0.5989,0.5993,0.5935,0.5968,21143133
2023-12-27 08:00:00,0.5968,0.6068,0.5953,0.6044,28443906
2023-12-27 09:00:00,0.6044,0.6084,0.6026,0.6066,39369538
2023-12-27 10:00:00,0.6067,0.6168,0.6051,0.6161,27900394
2023-12-27 11:00:00,0.616,0.6169,0.6105,0.6131,23277857
2023-12-27 12:00:00,0.6132,0.6144,0.6086,0.6135,25318423
2023-12-27 13:00:00,0.6135,0.6206,0.6107,0.6159,37215398
2023-12-27 14:00:00,0.6159,0.6199,0.609,0.6147,41768914
2023-12-27 15:00:00,0.6147,0.624,0.6145,0.6211,52231610
2023-12-27 16:00:00,0.621,0.636,0.6202,0.6332,60096511
2023-12-27 17:00:00,0.6332,0.6401,0.624,0.6318,67798785
2023-12-27 18:00:00,0.6317,0.6362,0.6267,0.6334,30845814
2023-12-27 19:00:00,0.6335,0.6381,0.627,0.6376,28723301
2023-12-27 20:00:00,0.6376,0.6388,0.6327,0.6351,23472096
2023-12-27 21:00:00,0.6352,0.6416,0.6335,0.6402,26216328
2023-12-27 22:00:00,0.6403,0.6436,0.6301,0.6329,36913483
2023-12-27 23:00:00,0.6329,0.6395,0.632,0.6342,25239740
2023-12-28 00:00:00,0.6343,0.661,0.6326,0.6526,83935061
2023-12-28 01:00:00,0.6525,0.6606,0.6453,0.6467,62097236
2023-12-28 02:00:00,0.6467,0.658,0.6441,0.6541,42195974
2023-12-28 03:00:00,0.6542,0.6623,0.6505,0.6611,42632292
2023-12-28 04:00:00,0.661,0.6792,0.6524,0.6543,100905820
2023-12-28 05:00:00,0.6544,0.6628,0.648,0.6492,65953534
2023-12-28 06:00:00,0.6493,0.6523,0.641,0.6435,59833851
2023-12-28 07:00:00,0.6435,0.665,0.6424,0.6622,81031438
2023-12-28 08:00:00,0.6623,0.6643,0.6497,0.6506,46886168
2023-12-28 09:00:00,0.6507,0.6539,0.6443,0.6458,43324290
2023-12-28 10:00:00,0.6458,0.6543,0.6442,0.6481,26488779
2023-12-28 11:00:00,0.648,0.6508,0.6447,0.6464,17557913
2023-12-28 12:00:00,0.6464,0.6504,0.625,0.6281,96565689
2023-12-28 13:00:00,0.6282,0.6397,0.6225,0.6347,63652720
2023-12-28 14:00:00,0.6347,0.6362,0.6123,0.6189,104014421
2023-12-28 15:00:00,0.6188,0.6209,0.6103,0.6175,51325408
2023-12-28 16:00:00,0.6175,0.624,0.6112,0.6222,40185445
2023-12-28 17:00:00,0.6222,0.6372,0.622,0.6292,61738039
2023-12-28 18:00:00,0.6293,0.6331,0.6234,0.6242,33585617
2023-12-28 19:00:00,0.6242,0.6304,0.624,0.6264,16171720
2023-12-28 20:00:00,0.6263,0.6265,0.6161,0.6203,33276977
2023-12-28 21:00:00,0.6202,0.6238,0.6132,0.6168,26378783
2023-12-28 22:00:00,0.6168,0.6256,0.6149,0.6255,14371084
2023-12-28 23:00:00,0.6254,0.6263,0.6157,0.6164,21677847
2023-12-29 00:00:00,0.6164,0.621,0.6,0.605,73876259
2023-12-29 01:00:00,0.605,0.6088,0.598,0.6041,58287935
2023-12-29 02:00:00,0.604,0.6135,0.6022,0.6128,23660357
2023-12-29 03:00:00,0.6128,0.6174,0.6101,0.6144,21871814
2023-12-29 04:00:00,0.6143,0.6179,0.6127,0.616,22394039
2023-12-29 05:00:00,0.6159,0.6198,0.6121,0.6183,21111418
2023-12-29 06:00:00,0.6183,0.6212,0.616,0.6174,17625270
2023-12-29 07:00:00,0.6174,0.62,0.6069,0.6087,29315482
2023-12-29 08:00:00,0.6087,0.6163,0.608,0.6143,21928829
2023-12-29 09:00:00,0.6144,0.6227,0.6112,0.6186,25683878
2023-12-29 10:00:00,0.6186,0.6243,0.6173,0.6192,21790526
2023-12-29 11:00:00,0.6193,0.6257,0.6188,0.6223,19758617
2023-12-29 12:00:00,0.6224,0.6241,0.6177,0.6201,16996966
2023-12-29 13:00:00,0.6201,0.6257,0.6157,0.6219,24408796
2023-12-29 14:00:00,0.622,0.6266,0.6186,0.6196,29865315
2023-12-29 15:00:00,0.6197,0.6199,0.5976,0.6041,68660350
2023-12-29 16:00:00,0.6041,0.6063,0.5956,0.5975,68430031
2023-12-29 17:00:00,0.5976,0.604,0.5965,0.6007,40752836
2023-12-29 18:00:00,0.6008,0.6088,0.5998,0.6086,19082564
2023-12-29 19:00:00,0.6087,0.61,0.605,0.6091,9680063
2023-12-29 20:00:00,0.6092,0.6096,0.6028,0.6042,14148783
2023-12-29 21:00:00,0.6042,0.6084,0.6,0.6024,13306928
2023-12-29 22:00:00,0.6024,0.6053,0.5907,0.6037,29370596
2023-12-29 23:00:00,0.6038,0.6092,0.6034,0.6085,13227562
2023-12-30 00:00:00,0.6085,0.6126,0.6065,0.6105,17381870
2023-12-30 01:00:00,0.6105,0.6137,0.6084,0.6125,14047418
2023-12-30 02:00:00,0.6124,0.6133,0.6039,0.6053,19376258
2023-12-30 03:00:00,0.6054,0.6088,0.6032,0.6052,11996244
2023-12-30 04:00:00,0.6052,0.6086,0.604,0.6049,10039820
2023-12-30 05:00:00,0.6049,0.6094,0.6041,0.6089,10429071
2023-12-30 06:00:00,0.609,0.6104,0.6063,0.6077,9581733
2023-12-30 07:00:00,0.6077,0.6097,0.6027,0.604,13538646
2023-12-30 08:00:00,0.604,0.6046,0.5942,0.5956,31826203
2023-12-30 09:00:00,0.5956,0.6001,0.5934,0.5968,19373540
2023-12-30 10:00:00,0.5969,0.5992,0.595,0.5984,14574435
2023-12-30 11:00:00,0.5985,0.6013,0.5978,0.5999,10257106
2023-12-30 12:00:00,0.5999,0.6052,0.5989,0.6028,15995875
2023-12-30 13:00:00,0.6027,0.6043,0.5986,0.6017,14118621
2023-12-30 14:00:00,0.6017,0.6099,0.6011,0.6095,23839238
2023-12-30 15:00:00,0.6094,0.612,0.6056,0.6101,24102735
2023-12-30 16:00:00,0.6101,0.6136,0.6073,0.6094,20397604
2023-12-30 17:00:00,0.6094,0.6121,0.6069,0.6088,15160804
2023-12-30 18:00:00,0.6087,0.6105,0.6066,0.6101,11053182
2023-12-30 19:00:00,0.6101,0.6111,0.6073,0.608,9453480
2023-12-30 20:00:00,0.608,0.6101,0.6041,0.6046,12223896
2023-12-30 21:00:00,0.6047,0.6062,0.6012,0.6026,10887192
2023-12-30 22:00:00,0.6026,0.6047,0.5986,0.6007,11465374
2023-12-30 23:00:00,0.6008,0.6051,0.6002,0.6014,12319840
2023-12-31 00:00:00,0.6015,0.606,0.6002,0.6044,10850908
2023-12-31 01:00:00,0.6045,0.6064,0.6013,0.6015,8560218
2023-12-31 02:00:00,0.6015,0.6024,0.5951,0.5978,18437514
2023-12-31 03:00:00,0.5978,0.6016,0.5965,0.6014,11613883
2023-12-31 04:00:00,0.6014,0.6043,0.6004,0.602,11526520
2023-12-31 05:00:00,0.6021,0.6059,0.6016,0.6036,8871386
2023-12-31 06:00:00,0.6035,0.6061,0.6034,0.6039,9920800
2023-12-31 07:00:00,0.6039,0.6107,0.6036,0.6079,15919041
2023-12-31 08:00:00,0.608,0.6083,0.6039,0.6054,12153891
2023-12-31 09:00:00,0.6054,0.6104,0.6044,0.6087,15978153
2023-12-31 10:00:00,0.6087,0.6097,0.6059,0.6074,11506227
2023-12-31 11:00:00,0.6074,0.6086,0.6051,0.6054,7777168
2023-12-31 12:00:00,0.6054,0.6101,0.601,0.6039,24934496
2023-12-31 13:00:00,0.604,0.6059,0.601,0.6041,14706788
2023-12-31 14:00:00,0.6042,0.6042,0.6011,0.6019,9348206
2023-12-31 15:00:00,0.6019,0.6053,0.6002,0.6008,11507592
2023-12-31 16:00:00,0.6009,0.6047,0.6002,0.6023,12637799
2023-12-31 17:00:00,0.6024,0.6036,0.5995,0.6024,14431323
2023-12-31 18:00:00,0.6023,0.6034,0.6,0.6017,9569747
2023-12-31 19:00:00,0.6018,0.6028,0.599,0.6003,8691188
2023-12-31 20:00:00,0.6003,0.6035,0.5973,0.5996,24555546
2023-12-31 21:00:00,0.5996,0.6049,0.5991,0.6022,11618798
2023-12-31 22:00:00,0.6022,0.6045,0.579,0.5891,46585610
2023-12-31 23:00:00,0.5891,0.5952,0.5878,0.5941,30152921
2024-01-01 00:00:00,0.5941,0.5987,0.5932,0.5983,18627134
2024-01-01 01:00:00,0.5983,0.6035,0.5968,0.6027,15516076
2024-01-01 02:00:00,0.6027,0.6032,0.5982,0.6,11552956
2024-01-01 03:00:00,0.6,0.601,0.5917,0.596,21645300
2024-01-01 04:00:00,0.596,0.5979,0.5904,0.5958,18939636
2024-01-01 05:00:00,0.5958,0.5972,0.5917,0.5927,11771896
2024-01-01 06:00:00,0.5926,0.5987,0.5921,0.5982,7855622
2024-01-01 07:00:00,0.5981,0.6003,0.5965,0.5996,14123891
2024-01-01 08:00:00,0.5996,0.6007,0.5978,0.6,11830206
2024-01-01 09:00:00,0.6,0.6034,0.5987,0.6021,11907175
2024-01-01 10:00:00,0.602,0.604,0.6008,0.6027,9159019
2024-01-01 11:00:00,0.6028,0.6053,0.6013,0.6037,10533202
2024-01-01 12:00:00,0.6038,0.6077,0.6023,0.6051,14002166
2024-01-01 13:00:00,0.6052,0.6067,0.6035,0.6044,12464394
2024-01-01 14:00:00,0.6043,0.6045,0.6005,0.6023,16009461
2024-01-01 15:00:00,0.6023,0.6071,0.6008,0.6065,13895294
2024-01-01 16:00:00,0.6066,0.6074,0.6025,0.6042,17644038
2024-01-01 17:00:00,0.6041,0.6068,0.6027,0.6066,10064479
2024-01-01 18:00:00,0.6065,0.6129,0.6065,0.6104,23061615
2024-01-01 19:00:00,0.6104,0.6195,0.6103,0.6189,24666580
2024-01-01 20:00:00,0.6189,0.6219,0.6165,0.6199,26717173
2024-01-01 21:00:00,0.62,0.6208,0.6156,0.6184,13483690
2024-01-01 22:00:00,0.6184,0.6202,0.6141,0.6197,10034385
2024-01-01 23:00:00,0.6198,0.625,0.6191,0.6241,17539303
2024-01-02 00:00:00,0.6241,0.6353,0.6222,0.6346,41818660
2024-01-02 01:00:00,0.6346,0.638,0.6269,0.629,41705123
2024-01-02 02:00:00,0.629,0.6329,0.6275,0.6329,12262471
2024-01-02 03:00:00,0.6329,0.6334,0.6278,0.631,14332521
2024-01-02 04:00:00,0.631,0.631,0.6281,0.6284,10583567
2024-01-02 05:00:00,0.6283,0.6301,0.6234,0.6265,18910994
2024-01-02 06:00:00,0.6266,0.6274,0.6221,0.6224,11451763
2024-01-02 07:00:00,0.6224,0.6292,0.6223,0.6279,15997657
2024-01-02 08:00:00,0.6279,0.634,0.626,0.6332,24317417
2024-01-02 09:00:00,0.6331,0.6345,0.6301,0.6322,17922201
2024-01-02 10:00:00,0.6321,0.6353,0.6265,0.6291,22376880
2024-01-02 11:00:00,0.6292,0.6322,0.6232,0.6269,27330229
2024-01-02 12:00:00,0.627,0.6291,0.6223,0.623,20043212
2024-01-02 13:00:00,0.623,0.627,0.6207,0.626,18519281
2024-01-02 14:00:00,0.6259,0.6284,0.6105,0.6135,52006308
2024-01-02 15:00:00,0.6136,0.6176,0.6078,0.6144,38851421
2024-01-02 16:00:00,0.6145,0.619,0.6117,0.6183,20994382
2024-01-02 17:00:00,0.6184,0.6184,0.6106,0.6142,16253782
2024-01-02 18:00:00,0.6143,0.6164,0.6125,0.6153,11831181
2024-01-02 19:00:00,0.6153,0.6184,0.6118,0.6149,15197230
2024-01-02 20:00:00,0.6149,0.6184,0.6057,0.6073,27710372
2024-01-02 21:00:00,0.6074,0.6082,0.6019,0.6046,33623235
2024-01-02 22:00:00,0.6047,0.6096,0.6035,0.6083,19238691
2024-01-02 23:00:00,0.6084,0.6098,0.6042,0.6058,14377143
2024-01-03 00:00:00,0.6057,0.6099,0.603,0.6074,23928177
2024-01-03 01:00:00,0.6074,0.6117,0.6069,0.6115,11201237
2024-01-03 02:00:00,0.6114,0.6139,0.6084,0.6094,12724991
2024-01-03 03:00:00,0.6095,0.6099,0.6069,0.6097,7554912
2024-01-03 04:00:00,0.6098,0.6136,0.6091,0.6131,13767529
2024-01-03 05:00:00,0.6131,0.6161,0.6118,0.6149,10242889
2024-01-03 06:00:00,0.6149,0.6183,0.6146,0.6149,15687388
2024-01-03 07:00:00,0.6149,0.6166,0.609,0.6098,16765144
2024-01-03 08:00:00,0.6099,0.6148,0.6099,0.6143,12651403
2024-01-03 09:00:00,0.6142,0.6193,0.6137,0.617,15172728
2024-01-03 10:00:00,0.6169,0.6187,0.6113,0.6146,15513534
2024-01-03 11:00:00,0.6146,0.616,0.5918,0.5957,89685128
2024-01-03 12:00:00,0.5957,0.5961,0.4826,0.5616,359367061
2024-01-03 13:00:00,0.5617,0.5635,0.5483,0.5572,99570873
2024-01-03 14:00:00,0.5573,0.5574,0.5369,0.5457,70989331
2024-01-03 15:00:00,0.5456,0.5649,0.5452,0.5646,58021223
2024-01-03 16:00:00,0.5646,0.57,0.559,0.5657,65988315
2024-01-03 17:00:00,0.5656,0.5668,0.5566,0.5594,28938045
2024-01-03 18:00:00,0.5594,0.5626,0.5424,0.5485,37507942
2024-01-03 19:00:00,0.5485,0.562,0.5484,0.5542,28972816
2024-01-03 20:00:00,0.5542,0.5617,0.5532,0.5609,17441477
2024-01-03 21:00:00,0.5609,0.5632,0.557,0.5624,19608365
2024-01-03 22:00:00,0.5625,0.5626,0.5552,0.5584,13232526
2024-01-03 23:00:00,0.5583,0.5587,0.5533,0.5568,12952868
2024-01-04 00:00:00,0.5569,0.5652,0.556,0.5599,26602857
2024-01-04 01:00:00,0.5599,0.5613,0.5486,0.5518,26244781
2024-01-04 02:00:00,0.5518,0.561,0.5512,0.5603,12740026
2024-01-04 03:00:00,0.5603,0.5614,0.5569,0.56,13543543
2024-01-04 04:00:00,0.5601,0.5639,0.5583,0.5627,15306666
2024-01-04 05:00:00,0.5627,0.5662,0.5607,0.5623,14442850
2024-01-04 06:00:00,0.5623,0.5655,0.5605,0.5624,15105891
2024-01-04 07:00:00,0.5623,0.5647,0.5556,0.5558,26680227
2024-01-04 08:00:00,0.5558,0.5625,0.5513,0.5577,44668744
2024-01-04 09:00:00,0.5576,0.5643,0.5575,0.5627,19114196
2024-01-04 10:00:00,0.5626,0.5707,0.5573,0.5668,57702341
2024-01-04 11:00:00,0.5669,0.5671,0.5559,0.5579,36871684
2024-01-04 12:00:00,0.558,0.564,0.5563,0.5624,24348412
2024-01-04 13:00:00,0.5624,0.5652,0.5591,0.5626,15405626
2024-01-04 14:00:00,0.5626,0.5699,0.5603,0.5697,24479906
2024-01-04 15:00:00,0.5696,0.5771,0.5679,0.5744,42227374
2024-01-04 16:00:00,0.5744,0.5759,0.5669,0.5686,23880412
2024-01-04 17:00:00,0.5687,0.5737,0.5672,0.5706,17087464
2024-01-04 18:00:00,0.5706,0.5732,0.5687,0.5701,10212713
2024-01-04 19:00:00,0.5702,0.5758,0.5699,0.5718,18125649
2024-01-04 20:00:00,0.5718,0.579,0.5715,0.5724,20515438
2024-01-04 21:00:00,0.5723,0.5758,0.5685,0.5709,19623313
2024-01-04 22:00:00,0.5709,0.5762,0.5681,0.5702,14054484
2024-01-04 23:00:00,0.5703,0.5722,0.5678,0.5697,11773953
2024-01-05 00:00:00,0.5698,0.5727,0.5634,0.5682,21297010
2024-01-05 01:00:00,0.5681,0.5694,0.5359,0.5533,85174660
2024-01-05 02:00:00,0.5534,0.5586,0.55,0.5524,34709538
2024-01-05 03:00:00,0.5524,0.5562,0.551,0.5523,14062289
2024-01-05 04:00:00,0.5522,0.5549,0.5482,0.5531,26988880
2024-01-05 05:00:00,0.5531,0.5568,0.5523,0.5552,12651745
2024-01-05 06:00:00,0.5552,0.5573,0.5523,0.5554,14372160
2024-01-05 07:00:00,0.5555,0.5573,0.5523,0.5527,13893395
2024-01-05 08:00:00,0.5527,0.5553,0.5502,0.5517,15639395
2024-01-05 09:00:00,0.5516,0.5586,0.5516,0.5548,27742289
2024-01-05 10:00:00,0.5549,0.5554,0.5395,0.5449,30952859
2024-01-05 11:00:00,0.5449,0.5474,0.5407,0.5419,30791876
2024-01-05 12:00:00,0.542,0.5458,0.5373,0.5417,35895187
2024-01-05 13:00:00,0.5417,0.5453,0.5385,0.541,32097483
2024-01-05 14:00:00,0.541,0.5432,0.5245,0.5276,76080874
2024-01-05 15:00:00,0.5277,0.5348,0.5261,0.5308,46338391
2024-01-05 16:00:00,0.5308,0.5339,0.5247,0.5259,35056705
2024-01-05 17:00:00,0.526,0.5319,0.5203,0.5311,47797417
2024-01-05 18:00:00,0.5311,0.5326,0.5269,0.5296,18652179
2024-01-05 19:00:00,0.5297,0.5319,0.5271,0.5279,16424622
2024-01-05 20:00:00,0.528,0.5368,0.5273,0.5342,26045778
2024-01-05 21:00:00,0.5342,0.5346,0.528,0.5342,20133775
2024-01-05 22:00:00,0.5342,0.536,0.5311,0.5352,10460390
2024-01-05 23:00:00,0.5353,0.5414,0.5353,0.541,22444229
2024-01-06 00:00:00,0.5411,0.5429,0.5386,0.5413,19269621
2024-01-06 01:00:00,0.5412,0.5421,0.5347,0.5366,12316964
2024-01-06 02:00:00,0.5367,0.5374,0.5325,0.5349,9445967
2024-01-06 03:00:00,0.5349,0.5363,0.5328,0.5339,6975618
2024-01-06 04:00:00,0.5339,0.5355,0.5284,0.5288,12328530
2024-01-06 05:00:00,0.5287,0.5299,0.5164,0.5201,56825846
2024-01-06 06:00:00,0.5202,0.5223,0.5067,0.5093,65201545
2024-01-06 07:00:00,0.5093,0.5181,0.5071,0.5177,36208726
2024-01-06 08:00:00,0.5176,0.5232,0.5137,0.5225,21852975
2024-01-06 09:00:00,0.5226,0.5234,0.519,0.5196,14494462
2024-01-06 10:00:00,0.5197,0.5218,0.5172,0.5196,15792657
2024-01-06 11:00:00,0.5197,0.5211,0.5167,0.5206,14732720
2024-01-06 12:00:00,0.5205,0.5235,0.5172,0.5189,19014595
2024-01-06 13:00:00,0.519,0.5222,0.517,0.5213,15063806
2024-01-06 14:00:00,0.5213,0.53,0.5206,0.526,28910231
2024-01-06 15:00:00,0.526,0.5277,0.5222,0.5256,18879035
2024-01-06 16:00:00,0.5256,0.5287,0.524,0.5271,15828304
2024-01-06 17:00:00,0.527,0.5294,0.5249,0.5282,12672017
2024-01-06 18:00:00,0.5283,0.5298,0.5256,0.5262,14055545
2024-01-06 19:00:00,0.5262,0.5264,0.5195,0.5221,18227193
2024-01-06 20:00:00,0.5221,0.528,0.521,0.5237,20096603
2024-01-06 21:00:00,0.5238,0.5256,0.5203,0.5243,15130090
2024-01-06 22:00:00,0.5243,0.5248,0.5176,0.5212,12940620
2024-01-06 23:00:00,0.5212,0.5237,0.5144,0.523,21249617
2024-01-07 00:00:00,0.5229,0.5296,0.5212,0.5272,19750176
2024-01-07 01:00:00,0.5272,0.5292,0.5231,0.5232,12201247
2024-01-07 02:00:00,0.5232,0.5254,0.5168,0.5193,19658205
2024-01-07 03:00:00,0.5194,0.5229,0.519,0.5214,10558997
2024-01-07 04:00:00,0.5213,0.5269,0.5212,0.526,18175669
2024-01-07 05:00:00,0.5259,0.528,0.5231,0.5258,13722118
2024-01-07 06:00:00,0.5257,0.5295,0.5243,0.5264,17773021
2024-01-07 07:00:00,0.5263,0.5283,0.5246,0.5268,15239003
2024-01-07 08:00:00,0.5267,0.5304,0.5209,0.5217,22915682
2024-01-07 09:00:00,0.5216,0.5236,0.5163,0.5216,29800263
2024-01-07 10:00:00,0.5217,0.5278,0.5188,0.5195,29616861
2024-01-07 11:00:00,0.5196,0.5226,0.5178,0.5203,16789328
2024-01-07 12:00:00,0.5204,0.5214,0.5167,0.519,19091735
2024-01-07 13:00:00,0.5189,0.525,0.5183,0.5231,21195340
2024-01-07 14:00:00,0.5231,0.5254,0.5173,0.5214,26864981
2024-01-07 15:00:00,0.5214,0.5215,0.5118,0.5141,31400906
2024-01-07 16:00:00,0.5141,0.5166,0.5075,0.5109,36081338
2024-01-07 17:00:00,0.5108,0.5172,0.5094,0.517,19921924
2024-01-07 18:00:00,0.517,0.5197,0.5158,0.5174,11902692
2024-01-07 19:00:00,0.5175,0.5186,0.5146,0.5172,12994816
2024-01-07 20:00:00,0.5172,0.5184,0.5132,0.5135,9791925
2024-01-07 21:00:00,0.5135,0.5149,0.5082,0.5084,15362906
2024-01-07 22:00:00,0.5083,0.5085,0.4902,0.4936,72220524
2024-01-07 23:00:00,0.4936,0.4987,0.4873,0.4944,58270740
2024-01-08 00:00:00,0.4944,0.5001,0.4876,0.4913,65070673
2024-01-08 01:00:00,0.4914,0.4975,0.4838,0.4876,67240299
2024-01-08 02:00:00,0.4876,0.4898,0.467,0.4746,103506162
2024-01-08 03:00:00,0.4745,0.4773,0.4639,0.474,83188049
2024-01-08 04:00:00,0.474,0.4847,0.471,0.4843,32950857
2024-01-08 05:00:00,0.4843,0.486,0.4794,0.4844,29063814
2024-01-08 06:00:00,0.4844,0.4914,0.4823,0.4869,59603759
2024-01-08 07:00:00,0.4868,0.4942,0.4861,0.4892,39197482
2024-01-08 08:00:00,0.4892,0.4948,0.4879,0.4888,23937010
2024-01-08 09:00:00,0.4888,0.4914,0.4843,0.4861,20604164
2024-01-08 10:00:00,0.4861,0.4945,0.4845,0.4932,25476097
2024-01-08 11:00:00,0.4932,0.5,0.4923,0.4997,31746988
2024-01-08 12:00:00,0.4997,0.5132,0.4996,0.5121,68451186
2024-01-08 13:00:00,0.5121,0.5132,0.5066,0.5074,37175669
2024-01-08 14:00:00,0.5075,0.5114,0.5056,0.5068,24023371
2024-01-08 15:00:00,0.5069,0.5151,0.5055,0.5116,34533905
2024-01-08 16:00:00,0.5117,0.5167,0.5064,0.5087,26726134
2024-01-08 17:00:00,0.5087,0.5188,0.5079,0.5183,25638322
2024-01-08 18:00:00,0.5182,0.5438,0.5182,0.5405,86914833
2024-01-08 19:00:00,0.5405,0.5425,0.532,0.5421,49633517
2024-01-08 20:00:00,0.542,0.5443,0.5328,0.5336,38613762
2024-01-08 21:00:00,0.5337,0.5395,0.5327,0.5352,22319448
2024-01-08 22:00:00,0.5352,0.5417,0.5345,0.5411,15163487
2024-01-08 23:00:00,0.541,0.5419,0.5385,0.541,17806983
2024-01-09 00:00:00,0.541,0.5436,0.5257,0.5329,55097543
2024-01-09 01:00:00,0.5328,0.5336,0.5256,0.5285,22986138
2024-01-09 02:00:00,0.5286,0.5321,0.5267,0.5302,13243405
2024-01-09 03:00:00,0.5303,0.5305,0.5258,0.5266,14931793
2024-01-09 04:00:00,0.5267,0.5353,0.5256,0.5347,19507757
2024-01-09 05:00:00,0.5347,0.5358,0.5273,0.5313,18408782
2024-01-09 06:00:00,0.5313,0.534,0.5293,0.532,15266598
2024-01-09 07:00:00,0.5321,0.5327,0.5292,0.5293,12073594
2024-01-09 08:00:00,0.5293,0.5303,0.5198,0.5208,26610016
2024-01-09 09:00:00,0.5207,0.5228,0.5137,0.5165,32125032
2024-01-09 10:00:00,0.5165,0.5265,0.5162,0.5224,29098441
2024-01-09 11:00:00,0.5223,0.5253,0.5194,0.5218,18213641
2024-01-09 12:00:00,0.5219,0.5254,0.4961,0.5103,57732025
2024-01-09 13:00:00,0.5104,0.5221,0.509,0.5161,62023431
2024-01-09 14:00:00,0.516,0.5186,0.5067,0.5072,37675047
2024-01-09 15:00:00,0.5071,0.514,0.5044,0.5097,39020980
2024-01-09 16:00:00,0.5096,0.5126,0.5002,0.5068,33384479
2024-01-09 17:00:00,0.5068,0.5102,0.5037,0.5058,24127482
2024-01-09 18:00:00,0.5058,0.5111,0.5048,0.5099,27182645
2024-01-09 19:00:00,0.5099,0.5106,0.5003,0.5054,20965152
2024-01-09 20:00:00,0.5055,0.5069,0.4963,0.4975,29135947
2024-01-09 21:00:00,0.4975,0.517,0.4974,0.5046,168197960
2024-01-09 22:00:00,0.5046,0.5167,0.5032,0.5106,45600388
2024-01-09 23:00:00,0.5106,0.5126,0.5069,0.5123,17825060
2024-01-10 00:00:00,0.5123,0.5196,0.5101,0.5155,32782655
2024-01-10 01:00:00,0.5154,0.5176,0.5133,0.5171,13385216
2024-01-10 02:00:00,0.517,0.5185,0.5102,0.511,13277947
2024-01-10 03:00:00,0.511,0.5144,0.5099,0.5129,8712696
2024-01-10 04:00:00,0.5129,0.5189,0.5127,0.5128,15294061
2024-01-10 05:00:00,0.5128,0.5138,0.5087,0.5116,16661452
2024-01-10 06:00:00,0.5117,0.5121,0.5065,0.5096,11151040
2024-01-10 07:00:00,0.5095,0.5104,0.5056,0.507,10756893
2024-01-10 08:00:00,0.5071,0.5086,0.499,0.5005,27252501
2024-01-10 09:00:00,0.5005,0.516,0.4993,0.5159,34882588
2024-01-10 10:00:00,0.5159,0.5227,0.5106,0.5111,37957214
2024-01-10 11:00:00,0.5112,0.515,0.507,0.5139,22776251
2024-01-10 12:00:00,0.5139,0.5155,0.487,0.4941,84505046
2024-01-10 13:00:00,0.4941,0.5012,0.4902,0.4968,40589772
2024-01-10 14:00:00,0.4967,0.5021,0.4933,0.4941,25717955
2024-01-10 15:00:00,0.494,0.5074,0.492,0.506,49993781
2024-01-10 16:00:00,0.5059,0.5083,0.4993,0.4997,31424764
2024-01-10 17:00:00,0.4998,0.5126,0.4984,0.5123,25304512
2024-01-10 18:00:00,0.5123,0.517,0.5092,0.5138,31010689
2024-01-10 19:00:00,0.5138,0.5217,0.5098,0.5182,43370429
2024-01-10 20:00:00,0.5182,0.5305,0.5025,0.53,115550578
2024-01-10 21:00:00,0.5299,0.5559,0.5271,0.5544,114026581
2024-01-10 22:00:00,0.5544,0.5815,0.5543,0.5696,97724779
2024-01-10 23:00:00,0.5696,0.5895,0.5616,0.5662,129535878
2024-01-11 00:00:00,0.5662,0.5742,0.5608,0.5733,83172790
2024-01-11 01:00:00,0.5734,0.5797,0.5671,0.5733,56069819
2024-01-11 02:00:00,0.5734,0.5785,0.5709,0.5743,22585727
2024-01-11 03:00:00,0.5744,0.5829,0.5741,0.5823,43277938
2024-01-11 04:00:00,0.5823,0.5855,0.5772,0.5777,27541982
2024-01-11 05:00:00,0.5777,0.5795,0.5664,0.57,32242770
2024-01-11 06:00:00,0.57,0.571,0.5604,0.5647,31514992
2024-01-11 07:00:00,0.5647,0.5804,0.5644,0.5765,43733131
2024-01-11 08:00:00,0.5764,0.5865,0.5746,0.5836,31928225
2024-01-11 09:00:00,0.5835,0.5859,0.5798,0.5808,26032299
2024-01-11 10:00:00,0.5808,0.595,0.5807,0.5947,43994570
2024-01-11 11:00:00,0.5946,0.6003,0.5901,0.5991,39583691
2024-01-11 12:00:00,0.5992,0.6175,0.5989,0.6145,64671917
2024-01-11 13:00:00,0.6145,0.6146,0.5912,0.5996,95771505
2024-01-11 14:00:00,0.5997,0.6061,0.5905,0.6035,85631864
2024-01-11 15:00:00,0.6034,0.605,0.5777,0.5838,90977067
2024-01-11 16:00:00,0.5838,0.5906,0.5687,0.5779,85623389
2024-01-11 17:00:00,0.5779,0.5859,0.5724,0.5843,34136065
2024-01-11 18:00:00,0.5843,0.5844,0.5779,0.5815,22056554
2024-01-11 19:00:00,0.5815,0.5845,0.5772,0.5837,15798014
2024-01-11 20:00:00,0.5837,0.5886,0.5735,0.5751,32396703
2024-01-11 21:00:00,0.5751,0.5828,0.5745,0.5787,18289765
2024-01-11 22:00:00,0.5787,0.5816,0.5743,0.5804,13002316
2024-01-11 23:00:00,0.5805,0.5842,0.5787,0.5821,14965681
2024-01-12 00:00:00,0.582,0.5847,0.5773,0.5826,19383609
2024-01-12 01:00:00,0.5826,0.5834,0.57,0.5783,22243797
2024-01-12 02:00:00,0.5783,0.5837,0.5776,0.5827,14145985
2024-01-12 03:00:00,0.5827,0.5831,0.5761,0.5774,13121241
2024-01-12 04:00:00,0.5773,0.5833,0.5759,0.5806,17115713
2024-01-12 05:00:00,0.5805,0.5878,0.5805,0.5862,14420658
2024-01-12 06:00:00,0.5862,0.5891,0.5814,0.5821,18542846
2024-01-12 07:00:00,0.5821,0.5832,0.5756,0.5789,19988734
2024-01-12 08:00:00,0.5789,0.5795,0.5714,0.5767,23811046
2024-01-12 09:00:00,0.5767,0.5807,0.5713,0.5785,19033499
2024-01-12 10:00:00,0.5785,0.5805,0.5766,0.5792,13391804
2024-01-12 11:00:00,0.5793,0.586,0.5787,0.5811,22386038
2024-01-12 12:00:00,0.5811,0.5872,0.575,0.5787,24918580
2024-01-12 13:00:00,0.5788,0.5843,0.5778,0.5828,25613398
2024-01-12 14:00:00,0.5828,0.588,0.5787,0.5847,34071627
2024-01-12 15:00:00,0.5846,0.586,0.5632,0.5667,78052254
2024-01-12 16:00:00,0.5666,0.5716,0.5491,0.5551,83290261
2024-01-12 17:00:00,0.5551,0.5584,0.5403,0.5584,77539141
2024-01-12 18:00:00,0.5584,0.5621,0.5535,0.5576,25655116
2024-01-12 19:00:00,0.5576,0.5614,0.5548,0.5585,15507730
2024-01-12 20:00:00,0.5585,0.566,0.558,0.5653,18224686
2024-01-12 21:00:00,0.5653,0.5659,0.5466,0.5526,40446720
2024-01-12 22:00:00,0.5525,0.5534,0.5259,0.5436,74540914
2024-01-12 23:00:00,0.5437,0.5487,0.5428,0.5479,16962097
2024-01-13 00:00:00,0.5478,0.5507,0.542,0.5421,18347916
2024-01-13 01:00:00,0.5422,0.5435,0.531,0.542,34198664
2024-01-13 02:00:00,0.5421,0.5472,0.5401,0.5438,14520256
2024-01-13 03:00:00,0.5439,0.5473,0.5415,0.5458,12363458
2024-01-13 04:00:00,0.5459,0.5484,0.5447,0.5467,6976212
2024-01-13 05:00:00,0.5468,0.5534,0.5453,0.5533,13809230
2024-01-13 06:00:00,0.5532,0.5541,0.5492,0.5515,12058168
2024-01-13 07:00:00,0.5516,0.5532,0.5481,0.5488,13263554
2024-01-13 08:00:00,0.5488,0.5523,0.5483,0.5504,10481690
2024-01-13 09:00:00,0.5504,0.5517,0.5458,0.5471,14577649
2024-01-13 10:00:00,0.5472,0.5506,0.5452,0.5491,16687355
2024-01-13 11:00:00,0.5491,0.5512,0.5477,0.5489,12264119
2024-01-13 12:00:00,0.5489,0.5508,0.5462,0.547,10718913
2024-01-13 13:00:00,0.547,0.5487,0.5442,0.546,12292985
2024-01-13 14:00:00,0.5461,0.5494,0.5432,0.5462,17259476
2024-01-13 15:00:00,0.5461,0.5527,0.5459,0.5507,19155975
2024-01-13 16:00:00,0.5508,0.5511,0.5426,0.5435,22101082
2024-01-13 17:00:00,0.5436,0.5475,0.5405,0.5452,14814221
2024-01-13 18:00:00,0.5451,0.5456,0.5432,0.5449,9021793
2024-01-13 19:00:00,0.5449,0.5492,0.5449,0.547,10653090
2024-01-13 20:00:00,0.547,0.5504,0.5458,0.5492,11014762
2024-01-13 21:00:00,0.5491,0.5504,0.5467,0.55,8969129
2024-01-13 22:00:00,0.55,0.5518,0.5477,0.5506,9008377
2024-01-13 23:00:00,0.5507,0.5515,0.5472,0.5491,9689388
2024-01-14 00:00:00,0.5491,0.5496,0.5419,0.5429,17923477
2024-01-14 01:00:00,0.5428,0.5472,0.5425,0.5467,10288849
2024-01-14 02:00:00,0.5466,0.5476,0.5425,0.5451,7722607
2024-01-14 03:00:00,0.5452,0.5467,0.5428,0.5441,7837524
2024-01-14 04:00:00,0.5441,0.5464,0.5404,0.541,13243779
2024-01-14 05:00:00,0.541,0.5482,0.541,0.5482,10527118
2024-01-14 06:00:00,0.5481,0.5504,0.5477,0.5489,9964836
2024-01-14 07:00:00,0.5489,0.5496,0.5449,0.5469,10338725
2024-01-14 08:00:00,0.5468,0.547,0.5434,0.5464,11828547
2024-01-14 09:00:00,0.5465,0.5476,0.5434,0.5472,7815245
2024-01-14 10:00:00,0.5473,0.5493,0.5456,0.5464,9333540
2024-01-14 11:00:00,0.5463,0.547,0.5435,0.5445,9344993
2024-01-14 12:00:00,0.5445,0.5463,0.5414,0.5418,12216537
2024-01-14 13:00:00,0.5418,0.5458,0.5412,0.5453,10387431
2024-01-14 14:00:00,0.5452,0.5476,0.5437,0.544,9160301
2024-01-14 15:00:00,0.5441,0.5472,0.5438,0.5457,8861218
2024-01-14 16:00:00,0.5457,0.548,0.5425,0.5447,14343535
2024-01-14 17:00:00,0.5448,0.5488,0.5442,0.5467,12701700
2024-01-14 18:00:00,0.5466,0.5483,0.5421,0.5454,13757369
2024-01-14 19:00:00,0.5454,0.546,0.5344,0.5359,32981534
2024-01-14 20:00:00,0.5358,0.5393,0.5291,0.5362,31819679
2024-01-14 21:00:00,0.5362,0.5399,0.5313,0.5392,24422920
2024-01-14 22:00:00,0.5393,0.5407,0.532,0.5336,12394427
2024-01-14 23:00:00,0.5336,0.5342,0.5235,0.5251,40206146
2024-01-15 00:00:00,0.5251,0.5334,0.5244,0.5334,17518676
2024-01-15 01:00:00,0.5333,0.5363,0.5314,0.5351,10571507
2024-01-15 02:00:00,0.535,0.537,0.5331,0.537,7380196
2024-01-15 03:00:00,0.5369,0.5397,0.5362,0.538,9533951
2024-01-15 04:00:00,0.538,0.5397,0.5367,0.5395,9420077
2024-01-15 05:00:00,0.5394,0.5419,0.5379,0.5392,10235999
2024-01-15 06:00:00,0.5393,0.5405,0.5362,0.5366,8471694
2024-01-15 07:00:00,0.5366,0.5378,0.5339,0.537,7555326
2024-01-15 08:00:00,0.537,0.5385,0.5358,0.5378,7612764
2024-01-15 09:00:00,0.5378,0.5404,0.5353,0.5394,9358656
2024-01-15 10:00:00,0.5395,0.5402,0.5368,0.538,10478748
2024-01-15 11:00:00,0.538,0.5389,0.5356,0.5365,9630124
2024-01-15 12:00:00,0.5365,0.5383,0.5322,0.5343,16189303
2024-01-15 13:00:00,0.5343,0.5373,0.5316,0.535,13515814
2024-01-15 14:00:00,0.535,0.5356,0.5238,0.5256,31266000
2024-01-15 15:00:00,0.5256,0.5295,0.5233,0.5249,18838134
2024-01-15 16:00:00,0.5249,0.5282,0.5242,0.5274,13881578
2024-01-15 17:00:00,0.5275,0.5293,0.5266,0.5287,10312995
2024-01-15 18:00:00,0.5287,0.5365,0.5284,0.5322,20751274
2024-01-15 19:00:00,0.5322,0.5368,0.5313,0.5341,11368719
2024-01-15 20:00:00,0.5341,0.5375,0.5311,0.5323,13976100
2024-01-15 21:00:00,0.5324,0.5326,0.5277,0.5286,10693479
2024-01-15 22:00:00,0.5286,0.5312,0.5216,0.5285,20747473
2024-01-15 23:00:00,0.5286,0.5305,0.5272,0.5276,9492701
2024-01-16 00:00:00,0.5276,0.5327,0.5276,0.532,11303558
2024-01-16 01:00:00,0.5319,0.5357,0.5305,0.5317,11152781
2024-01-16 02:00:00,0.5318,0.5343,0.5309,0.5323,6809827
2024-01-16 03:00:00,0.5323,0.536,0.5321,0.5358,7042048
2024-01-16 04:00:00,0.5359,0.5363,0.5323,0.5329,9540037
2024-01-16 05:00:00,0.533,0.5349,0.5312,0.5314,7144230
2024-01-16 06:00:00,0.5315,0.5328,0.53,0.5327,10562798
2024-01-16 07:00:00,0.5327,0.5338,0.5303,0.5326,9936686
2024-01-16 08:00:00,0.5327,0.5367,0.5312,0.5362,11778053
2024-01-16 09:00:00,0.5362,0.5385,0.5351,0.5355,12029413
2024-01-16 10:00:00,0.5354,0.5382,0.5341,0.5367,13458378
2024-01-16 11:00:00,0.5367,0.5383,0.534,0.5376,11990821
2024-01-16 12:00:00,0.5375,0.5419,0.537,0.5418,14751926
2024-01-16 13:00:00,0.5417,0.5428,0.5368,0.5375,26672770
2024-01-16 14:00:00,0.5375,0.5396,0.5251,0.5337,61191041
2024-01-16 15:00:00,0.5337,0.5456,0.5315,0.5423,45622376
2024-01-16 16:00:00,0.5423,0.5485,0.5407,0.5443,26506731
2024-01-16 17:00:00,0.5442,0.5445,0.5397,0.54,23046691
2024-01-16 18:00:00,0.5401,0.5421,0.5361,0.5395,16769308
2024-01-16 19:00:00,0.5395,0.5419,0.5385,0.5397,11585472
2024-01-16 20:00:00,0.5397,0.5421,0.5382,0.5409,10021249
2024-01-16 21:00:00,0.5409,0.5453,0.5407,0.5432,10343695
2024-01-16 22:00:00,0.5433,0.5442,0.5393,0.5402,8538581
2024-01-16 23:00:00,0.5403,0.5418,0.5344,0.5355,17577919
2024-01-17 00:00:00,0.5356,0.5372,0.5336,0.5353,10639339
2024-01-17 01:00:00,0.5354,0.5396,0.5341,0.5382,13578443
2024-01-17 02:00:00,0.5381,0.5397,0.536,0.5378,8398346
2024-01-17 03:00:00,0.5378,0.538,0.5348,0.535,5942343
2024-01-17 04:00:00,0.535,0.5363,0.5322,0.5335,16734249
2024-01-17 05:00:00,0.5336,0.5365,0.5311,0.5313,10437886
2024-01-17 06:00:00,0.5312,0.5334,0.5305,0.531,7291298
2024-01-17 07:00:00,0.531,0.5321,0.5272,0.5285,15370699
2024-01-17 08:00:00,0.5284,0.5302,0.5259,0.5298,16446136
2024-01-17 09:00:00,0.5298,0.5328,0.5291,0.5308,9251462
2024-01-17 10:00:00,0.5307,0.5348,0.5306,0.5343,12711061
2024-01-17 11:00:00,0.5342,0.5354,0.5318,0.5325,11353055
2024-01-17 12:00:00,0.5326,0.5348,0.5289,0.5346,18154064
2024-01-17 13:00:00,0.5346,0.5346,0.528,0.5294,14729120
2024-01-17 14:00:00,0.5294,0.5341,0.5269,0.5287,28503478
2024-01-17 15:00:00,0.5288,0.5309,0.5252,0.5262,24611397
2024-01-17 16:00:00,0.5263,0.5275,0.5246,0.5269,15130051
2024-01-17 17:00:00,0.5269,0.5292,0.5211,0.5278,20098227
2024-01-17 18:00:00,0.5279,0.5295,0.5258,0.529,11680163
2024-01-17 19:00:00,0.5291,0.5299,0.5267,0.5279,10168665
2024-01-17 20:00:00,0.5279,0.5302,0.527,0.5288,9759851
2024-01-17 21:00:00,0.5287,0.5305,0.5276,0.5285,6525843
2024-01-17 22:00:00,0.5285,0.529,0.5224,0.5278,12632307
2024-01-17 23:00:00,0.5278,0.5285,0.5246,0.5283,12401111
2024-01-18 00:00:00,0.5283,0.5285,0.5243,0.5271,10354076
2024-01-18 01:00:00,0.5272,0.528,0.5179,0.5222,21624395
2024-01-18 02:00:00,0.5222,0.5247,0.5216,0.5224,10155896
2024-01-18 03:00:00,0.5223,0.5231,0.5202,0.5213,7523668
2024-01-18 04:00:00,0.5212,0.5232,0.52,0.5207,6722179
2024-01-18 05:00:00,0.5208,0.5228,0.5195,0.5226,8329489
2024-01-18 06:00:00,0.5227,0.5244,0.5221,0.5238,9245723
2024-01-18 07:00:00,0.5238,0.5254,0.5225,0.5251,12041901
2024-01-18 08:00:00,0.5251,0.526,0.5223,0.5226,14573883
2024-01-18 09:00:00,0.5227,0.5243,0.5205,0.5207,11474062
2024-01-18 10:00:00,0.5208,0.5227,0.5148,0.5159,20731207
2024-01-18 11:00:00,0.5159,0.5182,0.5155,0.5172,13697000
2024-01-18 12:00:00,0.5173,0.5174,0.5114,0.5143,21136618
2024-01-18 13:00:00,0.5143,0.5169,0.5106,0.5148,17833361
2024-01-18 14:00:00,0.5148,0.5175,0.5142,0.5174,10162286
2024-01-18 15:00:00,0.5175,0.5233,0.5143,0.5202,39188541
2024-01-18 16:00:00,0.5203,0.5235,0.5069,0.5135,68492328
2024-01-18 17:00:00,0.5136,0.5146,0.5052,0.5096,39795881
2024-01-18 18:00:00,0.5096,0.5109,0.5027,0.5095,33627789
2024-01-18 19:00:00,0.5095,0.5099,0.4952,0.4992,48383335
2024-01-18 20:00:00,0.4993,0.5062,0.4966,0.5004,42423160
2024-01-18 21:00:00,0.5003,0.5046,0.4983,0.5022,16672835
2024-01-18 22:00:00,0.5022,0.505,0.5009,0.5045,8278045
2024-01-18 23:00:00,0.5045,0.5045,0.5016,0.5026,8104365
2024-01-19 00:00:00,0.5026,0.5053,0.4971,0.4998,19523070
2024-01-19 01:00:00,0.4997,0.4998,0.4912,0.4959,26381431
2024-01-19 02:00:00,0.496,0.4973,0.4903,0.4923,16740494
2024-01-19 03:00:00,0.4924,0.4949,0.4872,0.4947,31348952
2024-01-19 04:00:00,0.4947,0.4977,0.4937,0.4959,10834027
2024-01-19 05:00:00,0.4958,0.5005,0.4947,0.4975,13327568
2024-01-19 06:00:00,0.4975,0.5013,0.497,0.5003,18107232
2024-01-19 07:00:00,0.5002,0.5012,0.4991,0.4995,11754572
2024-01-19 08:00:00,0.4995,0.5012,0.4974,0.4996,11751720
2024-01-19 09:00:00,0.4996,0.5016,0.4981,0.4998,8155239
2024-01-19 10:00:00,0.4998,0.502,0.4992,0.5017,9000384
2024-01-19 11:00:00,0.5017,0.5022,0.4995,0.5007,10792322
2024-01-19 12:00:00,0.5007,0.5009,0.498,0.4986,9953696
2024-01-19 13:00:00,0.4985,0.5004,0.4975,0.5,10753461
2024-01-19 14:00:00,0.5,0.5006,0.4913,0.4931,28476627
2024-01-19 15:00:00,0.4932,0.4939,0.4874,0.4886,37649144
2024-01-19 16:00:00,0.4886,0.4897,0.471,0.4763,102186854
2024-01-19 17:00:00,0.4764,0.4868,0.4755,0.4866,40338642
2024-01-19 18:00:00,0.4866,0.4977,0.4835,0.4959,40514432
2024-01-19 19:00:00,0.4958,0.4986,0.4934,0.4978,16931787
2024-01-19 20:00:00,0.4978,0.5014,0.4942,0.4952,21341861
2024-01-19 21:00:00,0.4952,0.5002,0.4945,0.4995,16565390
2024-01-19 22:00:00,0.4994,0.4996,0.4967,0.4989,9355186
2024-01-19 23:00:00,0.4989,0.5053,0.4975,0.504,22483377
2024-01-20 00:00:00,0.5041,0.507,0.4986,0.4993,29714208
2024-01-20 01:00:00,0.4992,0.5098,0.499,0.5092,29068053
2024-01-20 02:00:00,0.5092,0.5099,0.5056,0.5091,15696192
2024-01-20 03:00:00,0.5091,0.5093,0.5041,0.5056,12517035
2024-01-20 04:00:00,0.5057,0.5087,0.5048,0.5075,12528822
2024-01-20 05:00:00,0.5074,0.5078,0.5047,0.5058,10502810
2024-01-20 06:00:00,0.5058,0.511,0.505,0.5109,17749322
2024-01-20 07:00:00,0.5109,0.5177,0.5109,0.5146,32762639
2024-01-20 08:00:00,0.5146,0.5175,0.5095,0.5137,26873371
2024-01-20 09:00:00,0.5137,0.5151,0.5088,0.5107,28277436
2024-01-20 10:00:00,0.5106,0.5166,0.5101,0.5133,21983973
2024-01-20 11:00:00,0.5133,0.5163,0.5096,0.5163,18684040
2024-01-20 12:00:00,0.5162,0.5177,0.5144,0.5155,17134051
2024-01-20 13:00:00,0.5154,0.5176,0.5141,0.5151,13480009
2024-01-20 14:00:00,0.5151,0.5164,0.5115,0.5124,18845989
2024-01-20 15:00:00,0.5124,0.5132,0.5095,0.511,15185067
2024-01-20 16:00:00,0.511,0.5131,0.5096,0.51,14406099
2024-01-20 17:00:00,0.51,0.5111,0.5065,0.5096,19460702
2024-01-20 18:00:00,0.5096,0.51,0.5069,0.5085,9431828
2024-01-20 19:00:00,0.5085,0.5118,0.5085,0.5108,9960450
2024-01-20 20:00:00,0.5107,0.5153,0.5097,0.5134,15083425
2024-01-20 21:00:00,0.5134,0.5167,0.5133,0.514,11870012
2024-01-20 22:00:00,0.5139,0.5164,0.5138,0.5148,9062309
2024-01-20 23:00:00,0.5147,0.5167,0.5138,0.5161,9738677
2024-01-21 00:00:00,0.5161,0.5185,0.5128,0.5139,16648165
2024-01-21 01:00:00,0.5139,0.516,0.5124,0.513,9006260
2024-01-21 02:00:00,0.513,0.5177,0.5128,0.5174,8039111
2024-01-21 03:00:00,0.5174,0.5203,0.5163,0.5177,15479979
2024-01-21 04:00:00,0.5177,0.5206,0.5172,0.5178,11313205
2024-01-21 05:00:00,0.5179,0.5187,0.5142,0.5145,10260345
2024-01-21 06:00:00,0.5145,0.5161,0.5138,0.5149,7434201
2024-01-21 07:00:00,0.5149,0.5164,0.514,0.5159,6661962
2024-01-21 08:00:00,0.5159,0.5175,0.5145,0.5146,6959958
2024-01-21 09:00:00,0.5146,0.5179,0.5145,0.5177,6003188
2024-01-21 10:00:00,0.5176,0.5205,0.517,0.52,8731500
2024-01-21 11:00:00,0.5201,0.5205,0.5167,0.5173,7989992
2024-01-21 12:00:00,0.5173,0.5189,0.5157,0.5168,8839532
2024-01-21 13:00:00,0.5169,0.5191,0.5165,0.5182,8407695
2024-01-21 14:00:00,0.5182,0.5205,0.5172,0.519,8877614
2024-01-21 15:00:00,0.519,0.5198,0.5128,0.5141,18077294
2024-01-21 16:00:00,0.5142,0.5143,0.5091,0.5122,20069888
2024-01-21 17:00:00,0.5121,0.5148,0.5119,0.5138,8420254
2024-01-21 18:00:00,0.5139,0.5147,0.5114,0.5123,7948894
2024-01-21 19:00:00,0.5123,0.5129,0.5109,0.5115,6798078
2024-01-21 20:00:00,0.5116,0.5129,0.5084,0.5093,8352100
2024-01-21 21:00:00,0.5093,0.5103,0.5076,0.5093,11264250
2024-01-21 22:00:00,0.5092,0.5095,0.5042,0.5056,11050816
2024-01-21 23:00:00,0.5056,0.5066,0.5024,0.5034,17430434
2024-01-22 00:00:00,0.5033,0.5065,0.5007,0.5049,22980063
2024-01-22 01:00:00,0.5049,0.5063,0.4978,0.5007,31535845
2024-01-22 02:00:00,0.5006,0.5019,0.4951,0.497,16057295
2024-01-22 03:00:00,0.497,0.4985,0.4941,0.4966,15523726
2024-01-22 04:00:00,0.4966,0.4975,0.4934,0.4936,16001676
2024-01-22 05:00:00,0.4937,0.5006,0.491,0.4999,20016006
2024-01-22 06:00:00,0.4998,0.5024,0.4982,0.5,15285929
2024-01-22 07:00:00,0.5,0.5003,0.4971,0.4981,10089175
2024-01-22 08:00:00,0.4981,0.4992,0.4895,0.4941,26346245
2024-01-22 09:00:00,0.494,0.4966,0.4889,0.4911,26173075
2024-01-22 10:00:00,0.4911,0.4932,0.4851,0.4912,31285844
2024-01-22 11:00:00,0.4911,0.4955,0.491,0.4934,18369557
2024-01-22 12:00:00,0.4934,0.4954,0.4921,0.4951,14438751
2024-01-22 13:00:00,0.4951,0.5002,0.495,0.497,19573816
2024-01-22 14:00:00,0.4969,0.4982,0.491,0.495,26519567
2024-01-22 15:00:00,0.495,0.4964,0.4868,0.4956,38767315
2024-01-22 16:00:00,0.4957,0.4982,0.49,0.4901,21147453
2024-01-22 17:00:00,0.49,0.4946,0.4885,0.4924,20168808
2024-01-22 18:00:00,0.4923,0.4942,0.4853,0.4896,30874664
2024-01-22 19:00:00,0.4897,0.4927,0.4766,0.4823,68549253
2024-01-22 20:00:00,0.4822,0.4894,0.4815,0.4866,33115138
2024-01-22 21:00:00,0.4866,0.4866,0.4811,0.4835,17321963
2024-01-22 22:00:00,0.4836,0.4861,0.4778,0.4814,17683204
2024-01-22 23:00:00,0.4814,0.4834,0.4769,0.4788,20521936
2024-01-23 00:00:00,0.4788,0.4828,0.478,0.4817,21493275
2024-01-23 01:00:00,0.4818,0.4832,0.4776,0.481,11422047
2024-01-23 02:00:00,0.481,0.4855,0.4805,0.4854,9694008
2024-01-23 03:00:00,0.4854,0.4863,0.4826,0.4829,10090462
2024-01-23 04:00:00,0.4829,0.4862,0.4825,0.4827,9439225
2024-01-23 05:00:00,0.4826,0.4842,0.4822,0.4832,7634234
2024-01-23 06:00:00,0.4832,0.4836,0.4801,0.4804,8616984
2024-01-23 07:00:00,0.4804,0.4809,0.4722,0.4751,29274299
2024-01-23 08:00:00,0.4751,0.4767,0.4646,0.4668,67045180
2024-01-23 09:00:00,0.4668,0.4672,0.4515,0.4556,105774167
2024-01-23 10:00:00,0.4556,0.4633,0.4548,0.4563,34506036
2024-01-23 11:00:00,0.4563,0.4599,0.4543,0.4584,34569350
2024-01-23 12:00:00,0.4585,0.4611,0.4536,0.4591,32607122
2024-01-23 13:00:00,0.4591,0.4594,0.4522,0.4527,26041709
2024-01-23 14:00:00,0.4527,0.4594,0.4474,0.4587,62955759
2024-01-23 15:00:00,0.4586,0.4707,0.4585,0.4673,76427653
2024-01-23 16:00:00,0.4673,0.4691,0.4623,0.4677,29104288
2024-01-23 17:00:00,0.4676,0.4724,0.466,0.4672,28608032
2024-01-23 18:00:00,0.4672,0.4722,0.4627,0.463,24513377
2024-01-23 19:00:00,0.463,0.4667,0.4624,0.4631,17931246
2024-01-23 20:00:00,0.4631,0.4699,0.4626,0.4671,22079448
2024-01-23 21:00:00,0.4672,0.4696,0.463,0.4672,19106959
2024-01-23 22:00:00,0.4672,0.4744,0.4672,0.4722,16471924
2024-01-23 23:00:00,0.4723,0.4776,0.4717,0.477,18195710
2024-01-24 00:00:00,0.4771,0.4791,0.4717,0.4749,35680101
2024-01-24 01:00:00,0.475,0.475,0.4664,0.4669,25817715
2024-01-24 02:00:00,0.467,0.4694,0.4654,0.467,14818395
2024-01-24 03:00:00,0.467,0.4676,0.4642,0.4652,14176968
2024-01-24 04:00:00,0.4651,0.4674,0.4643,0.4646,14759188
2024-01-24 05:00:00,0.4645,0.4689,0.4645,0.4672,13522921
2024-01-24 06:00:00,0.4673,0.4696,0.4647,0.4693,13662157
2024-01-24 07:00:00,0.4694,0.4727,0.4672,0.4701,19092297
2024-01-24 08:00:00,0.4702,0.4729,0.4673,0.4709,22487976
2024-01-24 09:00:00,0.4709,0.4764,0.4701,0.4733,27620298
2024-01-24 10:00:00,0.4734,0.4804,0.4724,0.4782,27692966
2024-01-24 11:00:00,0.4783,0.4791,0.4734,0.4749,21574091
2024-01-24 12:00:00,0.475,0.4775,0.4725,0.4732,22454601
2024-01-24 13:00:00,0.4732,0.4739,0.4685,0.4711,21368219
2024-01-24 14:00:00,0.4711,0.4752,0.4691,0.4705,25021486
2024-01-24 15:00:00,0.4705,0.4742,0.4683,0.4727,18977706
2024-01-24 16:00:00,0.4728,0.4758,0.4701,0.4753,20929896
2024-01-24 17:00:00,0.4753,0.4784,0.4733,0.4756,22110993
2024-01-24 18:00:00,0.4756,0.4761,0.468,0.4719,24812559
2024-01-24 19:00:00,0.4719,0.4737,0.4702,0.4724,13495725
2024-01-24 20:00:00,0.4725,0.4758,0.4682,0.4691,20401336
2024-01-24 21:00:00,0.4692,0.4724,0.4688,0.4711,12564827
2024-01-24 22:00:00,0.4711,0.4737,0.4704,0.4721,8469829
2024-01-24 23:00:00,0.4722,0.4779,0.4721,0.4766,15162404
2024-01-25 00:00:00,0.4766,0.4775,0.4726,0.4758,18018466
2024-01-25 01:00:00,0.4758,0.4762,0.47,0.4708,12349112
2024-01-25 02:00:00,0.4709,0.4727,0.4691,0.4702,9234627
2024-01-25 03:00:00,0.4702,0.4728,0.4698,0.4715,8473225
2024-01-25 04:00:00,0.4716,0.4729,0.4676,0.4689,11766768
2024-01-25 05:00:00,0.4689,0.4694,0.4655,0.4684,16755631
2024-01-25 06:00:00,0.4684,0.4732,0.468,0.4729,13405891
2024-01-25 07:00:00,0.4729,0.4749,0.4714,0.4747,10348187
2024-01-25 08:00:00,0.4747,0.4758,0.4726,0.4739,14293069
2024-01-25 09:00:00,0.474,0.4752,0.4705,0.4709,12767463
2024-01-25 10:00:00,0.4709,0.4737,0.4688,0.4734,11165993
2024-01-25 11:00:00,0.4734,0.4839,0.4718,0.4792,49647369
2024-01-25 12:00:00,0.4793,0.4813,0.4709,0.4726,28548065
2024-01-25 13:00:00,0.4727,0.4746,0.4689,0.4708,21898546
2024-01-25 14:00:00,0.4707,0.4761,0.4696,0.4737,17569535
2024-01-25 15:00:00,0.4737,0.474,0.4644,0.4669,39930480
2024-01-25 16:00:00,0.4668,0.4669,0.4601,0.4606,43458608
2024-01-25 17:00:00,0.4605,0.4664,0.4584,0.4655,24896226
2024-01-25 18:00:00,0.4655,0.4702,0.4653,0.4661,21996836
2024-01-25 19:00:00,0.4661,0.4704,0.465,0.4689,14784903
2024-01-25 20:00:00,0.4689,0.469,0.465,0.4678,11748626
2024-01-25 21:00:00,0.4678,0.4697,0.466,0.4679,10362708
2024-01-25 22:00:00,0.468,0.4688,0.466,0.4679,8412144
2024-01-25 23:00:00,0.4679,0.4681,0.4644,0.4666,12610156
2024-01-26 00:00:00,0.4667,0.4668,0.4629,0.4652,11837103
2024-01-26 01:00:00,0.4652,0.4684,0.4628,0.4666,12246018
2024-01-26 02:00:00,0.4666,0.4707,0.4665,0.4701,16702743
2024-01-26 03:00:00,0.4702,0.4713,0.4687,0.4695,8242146
2024-01-26 04:00:00,0.4695,0.4713,0.4691,0.4697,8043818
2024-01-26 05:00:00,0.4698,0.4713,0.469,0.4706,8021277
2024-01-26 06:00:00,0.4706,0.4728,0.4687,0.4692,15407380
2024-01-26 07:00:00,0.4693,0.4701,0.4673,0.4678,10783654
2024-01-26 08:00:00,0.4678,0.4713,0.4676,0.4705,11836964
2024-01-26 09:00:00,0.4704,0.4743,0.4696,0.47,12626444
2024-01-26 10:00:00,0.4699,0.4796,0.4697,0.4791,26343819
2024-01-26 11:00:00,0.479,0.4846,0.4789,0.4833,38565236
2024-01-26 12:00:00,0.4833,0.4872,0.4807,0.4814,33020832
2024-01-26 13:00:00,0.4815,0.4837,0.4783,0.4805,18285876
2024-01-26 14:00:00,0.4806,0.4861,0.4803,0.4861,14290892
2024-01-26 15:00:00,0.486,0.4862,0.4826,0.4853,15053284
2024-01-26 16:00:00,0.4853,0.4903,0.4851,0.4892,22655679
2024-01-26 17:00:00,0.4892,0.4899,0.4861,0.4865,13368118
2024-01-26 18:00:00,0.4865,0.489,0.4854,0.4857,16277486
2024-01-26 19:00:00,0.4857,0.4861,0.4817,0.4829,19116215
2024-01-26 20:00:00,0.4829,0.4864,0.4806,0.482,19912366
2024-01-26 21:00:00,0.4821,0.4838,0.4803,0.4832,10149120
2024-01-26 22:00:00,0.4833,0.4857,0.4815,0.4856,11459778
2024-01-26 23:00:00,0.4857,0.4866,0.4838,0.4848,10526366
2024-01-27 00:00:00,0.4849,0.4874,0.4844,0.4871,12803575
2024-01-27 01:00:00,0.4871,0.4878,0.4846,0.486,12784269
2024-01-27 02:00:00,0.486,0.4883,0.4858,0.487,7427788
2024-01-27 03:00:00,0.487,0.4881,0.4858,0.4873,6134578
2024-01-27 04:00:00,0.4872,0.4879,0.4846,0.4855,12867126
2024-01-27 05:00:00,0.4855,0.4856,0.4807,0.4815,10655503
2024-01-27 06:00:00,0.4815,0.4827,0.4801,0.4806,10416939
2024-01-27 07:00:00,0.4807,0.4813,0.4779,0.4797,15144768
2024-01-27 08:00:00,0.4797,0.4797,0.4753,0.4762,17634039
2024-01-27 09:00:00,0.4763,0.4801,0.4752,0.4792,11198793
2024-01-27 10:00:00,0.4793,0.4815,0.4786,0.48,13973445
2024-01-27 11:00:00,0.48,0.4821,0.4788,0.4814,9430543
2024-01-27 12:00:00,0.4814,0.4844,0.4811,0.4831,8350725
2024-01-27 13:00:00,0.4832,0.4834,0.4811,0.4819,8551024
2024-01-27 14:00:00,0.4818,0.4857,0.4813,0.4836,12391082
2024-01-27 15:00:00,0.4836,0.4862,0.4831,0.4853,10325253
2024-01-27 16:00:00,0.4853,0.4867,0.4828,0.4835,12786960
2024-01-27 17:00:00,0.4835,0.4852,0.483,0.484,8500596
2024-01-27 18:00:00,0.484,0.4859,0.4833,0.4846,7826406
2024-01-27 19:00:00,0.4846,0.4887,0.4846,0.4878,13097375
2024-01-27 20:00:00,0.4879,0.4894,0.4869,0.4889,9572625
2024-01-27 21:00:00,0.489,0.49,0.4884,0.489,9857867
2024-01-27 22:00:00,0.4891,0.4895,0.4865,0.4871,8444623
2024-01-27 23:00:00,0.487,0.4871,0.4845,0.486,12355408
2024-01-28 00:00:00,0.4861,0.4878,0.4853,0.4869,11574242
2024-01-28 01:00:00,0.487,0.4939,0.4869,0.4907,22875735
2024-01-28 02:00:00,0.4907,0.4915,0.4897,0.4911,8431906
2024-01-28 03:00:00,0.4912,0.4964,0.4907,0.4959,18190687
2024-01-28 04:00:00,0.4959,0.4993,0.4946,0.4988,25349676
2024-01-28 05:00:00,0.4987,0.5006,0.4957,0.4974,19588377
2024-01-28 06:00:00,0.4974,0.498,0.4936,0.4945,15664132
2024-01-28 07:00:00,0.4945,0.4972,0.4923,0.4927,29619342
2024-01-28 08:00:00,0.4927,0.4979,0.4908,0.4954,18825033
2024-01-28 09:00:00,0.4954,0.4982,0.4947,0.4973,14218488
2024-01-28 10:00:00,0.4973,0.4997,0.4962,0.4984,12776511
2024-01-28 11:00:00,0.4984,0.4991,0.4944,0.4956,15727411
2024-01-28 12:00:00,0.4956,0.4968,0.4911,0.4953,23809314
2024-01-28 13:00:00,0.4952,0.4959,0.4912,0.4929,16165302
2024-01-28 14:00:00,0.493,0.4961,0.4889,0.4894,15925983
2024-01-28 15:00:00,0.4894,0.4929,0.4884,0.4914,18334160
2024-01-28 16:00:00,0.4913,0.4944,0.491,0.4936,12006239
2024-01-28 17:00:00,0.4936,0.4938,0.4884,0.4903,11052372
2024-01-28 18:00:00,0.4904,0.491,0.486,0.4879,16587443
2024-01-28 19:00:00,0.488,0.4903,0.4838,0.4863,19378383
2024-01-28 20:00:00,0.4863,0.4904,0.4833,0.4894,20872584
2024-01-28 21:00:00,0.4894,0.4923,0.4886,0.4913,13665160
2024-01-28 22:00:00,0.4912,0.4916,0.4851,0.4871,9683156
2024-01-28 23:00:00,0.4871,0.4903,0.485,0.4902,12690967
2024-01-29 00:00:00,0.4902,0.4926,0.4866,0.4906,16455477
2024-01-29 01:00:00,0.4906,0.4962,0.4902,0.4945,15277158
2024-01-29 02:00:00,0.4945,0.4978,0.4936,0.494,15793338
2024-01-29 03:00:00,0.494,0.4969,0.4937,0.4938,12295728
2024-01-29 04:00:00,0.4937,0.494,0.4908,0.492,11688977
2024-01-29 05:00:00,0.4921,0.4933,0.4904,0.491,9127394
2024-01-29 06:00:00,0.4911,0.4925,0.4895,0.4899,10487153
2024-01-29 07:00:00,0.49,0.491,0.4866,0.4874,12401231
2024-01-29 08:00:00,0.4874,0.4888,0.4858,0.4881,11813974
2024-01-29 09:00:00,0.4882,0.4907,0.4856,0.4898,12103800
2024-01-29 10:00:00,0.4898,0.4908,0.4885,0.4895,10110468
2024-01-29 11:00:00,0.4896,0.4899,0.4871,0.488,9043189
2024-01-29 12:00:00,0.488,0.4916,0.4855,0.4871,17395644
2024-01-29 13:00:00,0.4872,0.4888,0.4835,0.4859,27622065
2024-01-29 14:00:00,0.4859,0.4887,0.4848,0.4884,15488745
2024-01-29 15:00:00,0.4884,0.4978,0.4864,0.4976,22437923
2024-01-29 16:00:00,0.4975,0.5089,0.4966,0.5079,73033497
2024-01-29 17:00:00,0.508,0.5119,0.5047,0.5067,38154400
2024-01-29 18:00:00,0.5067,0.5193,0.5067,0.5174,53303110
2024-01-29 19:00:00,0.5174,0.5246,0.5172,0.5208,41362820
2024-01-29 20:00:00,0.5207,0.528,0.5207,0.5273,38081934
2024-01-29 21:00:00,0.5273,0.5277,0.5233,0.5257,29783067
2024-01-29 22:00:00,0.5257,0.5283,0.5242,0.5252,17876543
2024-01-29 23:00:00,0.5252,0.5265,0.523,0.5261,25933894
2024-01-30 00:00:00,0.5261,0.5316,0.5227,0.5231,40254579
2024-01-30 01:00:00,0.523,0.5349,0.5228,0.5319,29249702
2024-01-30 02:00:00,0.5318,0.5368,0.5316,0.5357,32069063
2024-01-30 03:00:00,0.5357,0.5366,0.5304,0.5304,19757507
2024-01-30 04:00:00,0.5305,0.5317,0.5278,0.5279,17353246
2024-01-30 05:00:00,0.5278,0.5296,0.5263,0.5291,16622011
2024-01-30 06:00:00,0.529,0.5325,0.5279,0.5323,16416635
2024-01-30 07:00:00,0.5323,0.5325,0.5283,0.5287,13546477
2024-01-30 08:00:00,0.5288,0.5305,0.5272,0.5296,12817221
2024-01-30 09:00:00,0.5296,0.5299,0.5268,0.5278,11814765
2024-01-30 10:00:00,0.5278,0.5316,0.5272,0.5305,13564037
2024-01-30 11:00:00,0.5305,0.5311,0.5282,0.53,16235503
2024-01-30 12:00:00,0.53,0.5316,0.5231,0.5244,43956171
2024-01-30 13:00:00,0.5244,0.5258,0.5174,0.5186,38110289
2024-01-30 14:00:00,0.5186,0.521,0.5152,0.518,26455237
2024-01-30 15:00:00,0.5181,0.5247,0.5158,0.522,24660197
2024-01-30 16:00:00,0.522,0.524,0.5173,0.522,24431923
2024-01-30 17:00:00,0.522,0.5237,0.5178,0.5191,16542427
2024-01-30 18:00:00,0.5192,0.5198,0.5156,0.5182,18781158
2024-01-30 19:00:00,0.5182,0.5208,0.5168,0.5206,12065444
2024-01-30 20:00:00,0.5206,0.5222,0.5183,0.5217,11788806
2024-01-30 21:00:00,0.5218,0.5294,0.5186,0.526,35019074
2024-01-30 22:00:00,0.526,0.5264,0.517,0.5171,22780613
2024-01-30 23:00:00,0.5172,0.5216,0.5122,0.5137,37089287
2024-01-31 00:00:00,0.5137,0.5162,0.5054,0.5128,39378264
2024-01-31 01:00:00,0.5128,0.5153,0.5094,0.5127,15816358
2024-01-31 02:00:00,0.5126,0.5142,0.5062,0.5119,25714436
2024-01-31 03:00:00,0.512,0.5136,0.5104,0.5125,10013263
2024-01-31 04:00:00,0.5124,0.5129,0.5097,0.5114,9769856
2024-01-31 05:00:00,0.5115,0.5131,0.5087,0.5112,7850439
2024-01-31 06:00:00,0.5113,0.5125,0.5084,0.5096,8991887
2024-01-31 07:00:00,0.5096,0.5129,0.5087,0.5125,13938684
2024-01-31 08:00:00,0.5125,0.5133,0.5088,0.5096,11424491
2024-01-31 09:00:00,0.5097,0.5098,0.5018,0.5021,24955592
2024-01-31 10:00:00,0.5021,0.5042,0.4976,0.4985,27571910
2024-01-31 11:00:00,0.4985,0.5023,0.4974,0.502,20198817
2024-01-31 12:00:00,0.5019,0.5049,0.5007,0.5032,12357712
2024-01-31 13:00:00,0.5031,0.5057,0.5012,0.5037,13014098
2024-01-31 14:00:00,0.5036,0.5054,0.4978,0.503,19643214
2024-01-31 15:00:00,0.503,0.5097,0.4949,0.5084,40914518
2024-01-31 16:00:00,0.5083,0.5103,0.5053,0.5078,21343330
2024-01-31 17:00:00,0.5078,0.5182,0.5057,0.5168,46454450
2024-01-31 18:00:00,0.5168,0.5202,0.5127,0.5141,28230580
2024-01-31 19:00:00,0.514,0.5166,0.5076,0.5123,28099843
2024-01-31 20:00:00,0.5122,0.5131,0.5015,0.5023,38590754
2024-01-31 21:00:00,0.5024,0.5046,0.4938,0.4986,34417703
2024-01-31 22:00:00,0.4985,0.5014,0.4933,0.4999,15905074
2024-01-31 23:00:00,0.4999,0.5022,0.4974,0.4974,13300566
2024-02-01 00:00:00,0.4975,0.4999,0.4952,0.4987,20469347
2024-02-01 01:00:00,0.4987,0.4989,0.4856,0.4872,53756067
2024-02-01 02:00:00,0.4873,0.4928,0.4867,0.4922,17414877
2024-02-01 03:00:00,0.4922,0.4945,0.4909,0.4917,10774688
2024-02-01 04:00:00,0.4916,0.4932,0.4893,0.4914,16629636
2024-02-01 05:00:00,0.4914,0.4923,0.4879,0.4903,9399005
2024-02-01 06:00:00,0.4902,0.4916,0.4876,0.4909,11903617
2024-02-01 07:00:00,0.491,0.4933,0.4896,0.4908,10663446
2024-02-01 08:00:00,0.4909,0.4937,0.49,0.4936,12525385
2024-02-01 09:00:00,0.4936,0.4966,0.4912,0.4928,13668761
2024-02-01 10:00:00,0.4928,0.4946,0.4914,0.492,7634594
2024-02-01 11:00:00,0.492,0.4927,0.4884,0.4888,10102278
2024-02-01 12:00:00,0.4889,0.491,0.4881,0.4895,14556346
2024-02-01 13:00:00,0.4895,0.4912,0.4863,0.4893,13694696
2024-02-01 14:00:00,0.4893,0.4947,0.4888,0.4942,24408982
2024-02-01 15:00:00,0.4941,0.4982,0.4928,0.4929,22408279
2024-02-01 16:00:00,0.493,0.4937,0.487,0.4925,22589362
2024-02-01 17:00:00,0.4926,0.4983,0.4922,0.496,23332660
2024-02-01 18:00:00,0.4959,0.4969,0.4927,0.4943,14009494
2024-02-01 19:00:00,0.4943,0.5004,0.4942,0.4996,15237956
2024-02-01 20:00:00,0.4997,0.5013,0.4981,0.5004,15512355
2024-02-01 21:00:00,0.5004,0.5046,0.4997,0.5028,13607634
2024-02-01 22:00:00,0.5028,0.5058,0.4995,0.5049,12093212
2024-02-01 23:00:00,0.5049,0.5084,0.5037,0.5076,28033422
2024-02-02 00:00:00,0.5075,0.5125,0.5051,0.5085,29144126
2024-02-02 01:00:00,0.5085,0.5098,0.5066,0.5072,13936355
2024-02-02 02:00:00,0.5071,0.5093,0.5061,0.5087,15591437
2024-02-02 03:00:00,0.5086,0.5089,0.5067,0.5067,7675975
2024-02-02 04:00:00,0.5066,0.5076,0.5051,0.5055,7742722
2024-02-02 05:00:00,0.5056,0.5061,0.5042,0.5046,8346682
2024-02-02 06:00:00,0.5046,0.5097,0.5046,0.508,9517971
2024-02-02 07:00:00,0.508,0.5108,0.5078,0.51,10072694
2024-02-02 08:00:00,0.51,0.5155,0.5073,0.5147,34602591
2024-02-02 09:00:00,0.5147,0.5178,0.5111,0.5174,16787072
2024-02-02 10:00:00,0.5173,0.5245,0.5151,0.5236,36073966
2024-02-02 11:00:00,0.5237,0.5243,0.5172,0.5182,26551029
2024-02-02 12:00:00,0.5182,0.5206,0.513,0.5137,33092913
2024-02-02 13:00:00,0.5137,0.5151,0.5064,0.5085,37067889
2024-02-02 14:00:00,0.5084,0.5133,0.5073,0.5108,21817256
2024-02-02 15:00:00,0.5107,0.5184,0.51,0.5177,25954233
2024-02-02 16:00:00,0.5178,0.5201,0.5156,0.5162,22084482
2024-02-02 17:00:00,0.5161,0.5172,0.512,0.5136,17601042
2024-02-02 18:00:00,0.5137,0.5142,0.508,0.5103,22095534
2024-02-02 19:00:00,0.5103,0.5118,0.5084,0.5105,11852551
2024-02-02 20:00:00,0.5105,0.511,0.5079,0.5089,10454064
2024-02-02 21:00:00,0.5088,0.5121,0.5087,0.5099,8659662
2024-02-02 22:00:00,0.5099,0.5135,0.5089,0.5134,8609210
2024-02-02 23:00:00,0.5133,0.5149,0.5126,0.5143,11124304
2024-02-03 00:00:00,0.5144,0.5216,0.5143,0.5204,24094632
2024-02-03 01:00:00,0.5204,0.523,0.5194,0.5207,18583562
2024-02-03 02:00:00,0.5206,0.5207,0.5161,0.5172,15049599
2024-02-03 03:00:00,0.5171,0.5182,0.5154,0.5156,8602805
2024-02-03 04:00:00,0.5156,0.5178,0.5145,0.5177,8346677
2024-02-03 05:00:00,0.5177,0.5192,0.5162,0.5189,7605652
2024-02-03 06:00:00,0.5189,0.52,0.5177,0.5186,6649471
2024-02-03 07:00:00,0.5186,0.5194,0.5143,0.5172,9846584
2024-02-03 08:00:00,0.5172,0.5245,0.5171,0.5215,30096679
2024-02-03 09:00:00,0.5215,0.5257,0.5206,0.5241,21560389
2024-02-03 10:00:00,0.5242,0.5253,0.521,0.5229,14166470
2024-02-03 11:00:00,0.5228,0.524,0.5212,0.5219,12510396
2024-02-03 12:00:00,0.5219,0.5242,0.5206,0.5216,16874808
2024-02-03 13:00:00,0.5216,0.5218,0.5189,0.519,12352286
2024-02-03 14:00:00,0.519,0.5193,0.5153,0.5154,16666137
2024-02-03 15:00:00,0.5155,0.5173,0.5116,0.516,23910931
2024-02-03 16:00:00,0.5161,0.5178,0.5147,0.5163,10730913
2024-02-03 17:00:00,0.5163,0.5195,0.5157,0.5186,8816093
2024-02-03 18:00:00,0.5185,0.5186,0.514,0.5146,12857865
2024-02-03 19:00:00,0.5146,0.5181,0.5141,0.5177,7038159
2024-02-03 20:00:00,0.5178,0.5178,0.5155,0.5158,7106385
2024-02-03 21:00:00,0.5158,0.5166,0.5143,0.5155,5785138
2024-02-03 22:00:00,0.5154,0.516,0.5141,0.5141,4094196
2024-02-03 23:00:00,0.5142,0.5161,0.5115,0.5125,10622959
2024-02-04 00:00:00,0.5124,0.5126,0.5081,0.5105,17245835
2024-02-04 01:00:00,0.5105,0.5122,0.5082,0.5121,7409291
2024-02-04 02:00:00,0.512,0.5122,0.5097,0.5099,5364054
2024-02-04 03:00:00,0.5099,0.511,0.5098,0.5101,5160687
2024-02-04 04:00:00,0.51,0.5102,0.5057,0.508,16974030
2024-02-04 05:00:00,0.5081,0.5084,0.5059,0.5063,7535155
2024-02-04 06:00:00,0.5064,0.5074,0.5033,0.5037,13696128
2024-02-04 07:00:00,0.5037,0.5054,0.5013,0.5039,16831561
2024-02-04 08:00:00,0.5039,0.5045,0.503,0.5033,7519863
2024-02-04 09:00:00,0.5034,0.5066,0.5016,0.5061,12356601
2024-02-04 10:00:00,0.5061,0.5063,0.5042,0.5052,7427121
2024-02-04 11:00:00,0.5052,0.5084,0.5047,0.5067,9217485
2024-02-04 12:00:00,0.5066,0.5087,0.5066,0.5072,9897279
2024-02-04 13:00:00,0.5071,0.5079,0.5056,0.5058,5663543
2024-02-04 14:00:00,0.5059,0.508,0.505,0.5053,8892827
2024-02-04 15:00:00,0.5053,0.5066,0.5036,0.5047,7760093
2024-02-04 16:00:00,0.5047,0.5048,0.5019,0.5036,9490734
2024-02-04 17:00:00,0.5037,0.5044,0.5017,0.5039,6953012
2024-02-04 18:00:00,0.5039,0.5046,0.5002,0.5012,10268837
2024-02-04 19:00:00,0.5012,0.5021,0.4969,0.4997,17063027
2024-02-04 20:00:00,0.4997,0.5037,0.498,0.503,13780166
2024-02-04 21:00:00,0.5031,0.5041,0.5007,0.5014,8039631
2024-02-04 22:00:00,0.5014,0.5026,0.4936,0.497,17446634
2024-02-04 23:00:00,0.4971,0.4979,0.4931,0.4933,13857574
2024-02-05 00:00:00,0.4933,0.4948,0.491,0.492,21758920
2024-02-05 01:00:00,0.4919,0.4927,0.488,0.492,26097111
2024-02-05 02:00:00,0.492,0.4932,0.4911,0.4932,9019720
2024-02-05 03:00:00,0.4931,0.4976,0.493,0.4972,9679450
2024-02-05 04:00:00,0.4971,0.4986,0.4962,0.4963,10233743
2024-02-05 05:00:00,0.4964,0.4975,0.4953,0.497,7123959
2024-02-05 06:00:00,0.497,0.4987,0.496,0.4982,7274368
2024-02-05 07:00:00,0.4981,0.5025,0.4968,0.5018,15833817
2024-02-05 08:00:00,0.5018,0.5032,0.5005,0.5009,22682018
2024-02-05 09:00:00,0.501,0.5023,0.5,0.502,9431590
2024-02-05 10:00:00,0.5019,0.5051,0.5015,0.5036,17758529
2024-02-05 11:00:00,0.5035,0.5046,0.5028,0.5036,9012771
2024-02-05 12:00:00,0.5036,0.5044,0.5,0.5009,23640946
2024-02-05 13:00:00,0.5009,0.5059,0.5003,0.5041,17259149
2024-02-05 14:00:00,0.504,0.5052,0.5011,0.5017,13700980
2024-02-05 15:00:00,0.5016,0.5017,0.4937,0.495,33452111
2024-02-05 16:00:00,0.495,0.4964,0.4923,0.4949,23156542
2024-02-05 17:00:00,0.4949,0.4959,0.4934,0.4936,12177593
2024-02-05 18:00:00,0.4936,0.4946,0.4918,0.4932,9999956
2024-02-05 19:00:00,0.4932,0.4956,0.4926,0.4935,10852366
2024-02-05 20:00:00,0.4935,0.4937,0.488,0.4924,20678398
2024-02-05 21:00:00,0.4924,0.4929,0.49,0.4901,11093949
2024-02-05 22:00:00,0.4902,0.4916,0.4869,0.4914,12287933
2024-02-05 23:00:00,0.4914,0.4942,0.4902,0.494,12946457
2024-02-06 00:00:00,0.494,0.495,0.491,0.4923,16638746
2024-02-06 01:00:00,0.4924,0.4943,0.491,0.4913,9095463
2024-02-06 02:00:00,0.4914,0.4984,0.4906,0.4968,18620320
2024-02-06 03:00:00,0.4969,0.4979,0.4934,0.4943,11938795
2024-02-06 04:00:00,0.4943,0.4949,0.4918,0.4922,10454615
2024-02-06 05:00:00,0.4922,0.4923,0.4904,0.4914,9718934
2024-02-06 06:00:00,0.4915,0.4923,0.4903,0.492,6622436
2024-02-06 07:00:00,0.4921,0.4933,0.4907,0.493,9160532
2024-02-06 08:00:00,0.493,0.4971,0.4921,0.4966,15027231
2024-02-06 09:00:00,0.4966,0.4977,0.4942,0.4975,13143148
2024-02-06 10:00:00,0.4976,0.4984,0.4909,0.4928,26439627
2024-02-06 11:00:00,0.4929,0.4942,0.491,0.4922,14259979
2024-02-06 12:00:00,0.4921,0.4941,0.4884,0.4917,19782880
2024-02-06 13:00:00,0.4918,0.4961,0.4898,0.4943,20507863
2024-02-06 14:00:00,0.4943,0.4975,0.4932,0.4939,14849570
2024-02-06 15:00:00,0.4939,0.4971,0.493,0.4968,15867962
2024-02-06 16:00:00,0.4967,0.5,0.4957,0.4961,19240043
2024-02-06 17:00:00,0.4961,0.4994,0.4956,0.498,11626137
2024-02-06 18:00:00,0.4979,0.4991,0.4956,0.4985,10002962
2024-02-06 19:00:00,0.4985,0.5028,0.4971,0.5026,15384545
2024-02-06 20:00:00,0.5025,0.5039,0.5005,0.5009,14273815
2024-02-06 21:00:00,0.5009,0.5019,0.4998,0.5005,9373798
2024-02-06 22:00:00,0.5005,0.5018,0.4995,0.5001,5338531
2024-02-06 23:00:00,0.5002,0.5004,0.498,0.4983,7712627
2024-02-07 00:00:00,0.4982,0.5006,0.4975,0.4981,9238286
2024-02-07 01:00:00,0.4981,0.5008,0.4977,0.5003,7289920
2024-02-07 02:00:00,0.5003,0.501,0.498,0.4983,6645613
2024-02-07 03:00:00,0.4982,0.4983,0.4882,0.4891,36738733
2024-02-07 04:00:00,0.4891,0.4893,0.4824,0.4858,48430632
2024-02-07 05:00:00,0.4857,0.4913,0.4833,0.4901,18550992
2024-02-07 06:00:00,0.4902,0.4906,0.4877,0.4899,12447091
2024-02-07 07:00:00,0.4899,0.4903,0.4808,0.4833,33145930
2024-02-07 08:00:00,0.4832,0.4844,0.4802,0.4834,36609255
2024-02-07 09:00:00,0.4834,0.484,0.4785,0.4813,38531987
2024-02-07 10:00:00,0.4813,0.4825,0.4767,0.479,30866817
2024-02-07 11:00:00,0.4791,0.4803,0.4738,0.4756,51368250
2024-02-07 12:00:00,0.4755,0.48,0.4744,0.4796,24609495
2024-02-07 13:00:00,0.4796,0.4821,0.4781,0.4807,17617863
2024-02-07 14:00:00,0.4808,0.4849,0.4801,0.4811,28712760
2024-02-07 15:00:00,0.4812,0.4846,0.479,0.4823,21062024
2024-02-07 16:00:00,0.4822,0.4854,0.4816,0.4853,22089189
2024-02-07 17:00:00,0.4852,0.4937,0.4847,0.4891,43972416
2024-02-07 18:00:00,0.4891,0.4925,0.4891,0.4915,19126073
2024-02-07 19:00:00,0.4915,0.4927,0.4891,0.4914,14346717
2024-02-07 20:00:00,0.4913,0.5008,0.4913,0.4979,36677159
2024-02-07 21:00:00,0.4978,0.4999,0.4974,0.4989,19270500
2024-02-07 22:00:00,0.4988,0.5022,0.4985,0.4999,18045569
2024-02-07 23:00:00,0.4999,0.5023,0.4991,0.5022,15014115
2024-02-08 00:00:00,0.5021,0.5098,0.5017,0.508,48528929
2024-02-08 01:00:00,0.5079,0.5084,0.5037,0.5068,19023838
2024-02-08 02:00:00,0.5067,0.5094,0.5056,0.5089,15000454
2024-02-08 03:00:00,0.509,0.5126,0.5087,0.5111,18182219
2024-02-08 04:00:00,0.511,0.5137,0.5108,0.5129,21490891
2024-02-08 05:00:00,0.5129,0.5174,0.5125,0.5154,26488051
2024-02-08 06:00:00,0.5154,0.5156,0.5112,0.5116,25968770
2024-02-08 07:00:00,0.5116,0.5279,0.5093,0.5277,76212783
2024-02-08 08:00:00,0.5277,0.5357,0.5214,0.5245,91003882
2024-02-08 09:00:00,0.5244,0.5302,0.5224,0.5293,33746651
2024-02-08 10:00:00,0.5293,0.5356,0.5272,0.535,46126977
2024-02-08 11:00:00,0.5349,0.5353,0.5272,0.5317,57066147
2024-02-08 12:00:00,0.5316,0.5331,0.5255,0.5261,46286181
2024-02-08 13:00:00,0.5261,0.5293,0.5229,0.5284,40995441
2024-02-08 14:00:00,0.5285,0.5327,0.5277,0.5299,44510720
2024-02-08 15:00:00,0.5298,0.5361,0.5297,0.5316,43365496
2024-02-08 16:00:00,0.5316,0.533,0.5213,0.5245,46074627
2024-02-08 17:00:00,0.5245,0.5288,0.522,0.525,32122341
2024-02-08 18:00:00,0.525,0.5274,0.5238,0.5269,16927843
2024-02-08 19:00:00,0.5268,0.5323,0.5263,0.5294,18518025
2024-02-08 20:00:00,0.5294,0.5321,0.5282,0.5302,19812228
2024-02-08 21:00:00,0.5303,0.5303,0.5271,0.5284,13096457
2024-02-08 22:00:00,0.5285,0.5295,0.5256,0.5266,8578222
2024-02-08 23:00:00,0.5266,0.5304,0.5255,0.5302,13839537
2024-02-09 00:00:00,0.5302,0.5348,0.5301,0.5316,28573497
2024-02-09 01:00:00,0.5316,0.5323,0.5277,0.5303,13623223
2024-02-09 02:00:00,0.5303,0.5412,0.529,0.5396,45739515
2024-02-09 03:00:00,0.5397,0.5407,0.533,0.5339,26326311
2024-02-09 04:00:00,0.5339,0.5352,0.5305,0.5333,22201862
2024-02-09 05:00:00,0.5333,0.5384,0.5328,0.5382,21190183
2024-02-09 06:00:00,0.5382,0.5396,0.5357,0.5364,16691927
2024-02-09 07:00:00,0.5364,0.5378,0.5343,0.5356,13992263
2024-02-09 08:00:00,0.5356,0.5415,0.5355,0.5409,26323453
2024-02-09 09:00:00,0.5408,0.5416,0.5379,0.5381,17816280
2024-02-09 10:00:00,0.5382,0.5396,0.5366,0.5385,12746766
2024-02-09 11:00:00,0.5386,0.5445,0.5367,0.5433,31286309
2024-02-09 12:00:00,0.5434,0.5478,0.5388,0.5396,45732966
2024-02-09 13:00:00,0.5396,0.5448,0.5386,0.5446,20618112
2024-02-09 14:00:00,0.5446,0.5468,0.533,0.5389,71550367
2024-02-09 15:00:00,0.539,0.5442,0.5351,0.5421,34304879
2024-02-09 16:00:00,0.5421,0.5425,0.5365,0.5376,20849486
2024-02-09 17:00:00,0.5376,0.5404,0.5369,0.5394,15291211
2024-02-09 18:00:00,0.5395,0.5432,0.5392,0.541,26640849
2024-02-09 19:00:00,0.5409,0.5448,0.5372,0.5424,21815524
2024-02-09 20:00:00,0.5424,0.5438,0.541,0.5414,14136983
2024-02-09 21:00:00,0.5415,0.5486,0.5413,0.5473,18761351
2024-02-09 22:00:00,0.5473,0.5475,0.5421,0.544,15897837
2024-02-09 23:00:00,0.5439,0.544,0.539,0.5408,14096666
2024-02-10 00:00:00,0.5408,0.55,0.5407,0.5455,27469494
2024-02-10 01:00:00,0.5455,0.5472,0.542,0.5448,14888509
2024-02-10 02:00:00,0.5447,0.5461,0.5421,0.5431,10826303
2024-02-10 03:00:00,0.5432,0.5437,0.5411,0.542,11531848
2024-02-10 04:00:00,0.542,0.5421,0.5375,0.5387,19815981
2024-02-10 05:00:00,0.5387,0.539,0.5375,0.5385,8429322
2024-02-10 06:00:00,0.5384,0.5393,0.5354,0.5367,14658526
2024-02-10 07:00:00,0.5368,0.5371,0.5339,0.5343,15996962
2024-02-10 08:00:00,0.5342,0.537,0.5315,0.5319,19566719
2024-02-10 09:00:00,0.5318,0.5364,0.5318,0.5335,22679849
2024-02-10 10:00:00,0.5335,0.5343,0.5281,0.5297,29268797
2024-02-10 11:00:00,0.5298,0.534,0.5289,0.5332,17759631
2024-02-10 12:00:00,0.5333,0.5351,0.5317,0.5318,9958338
2024-02-10 13:00:00,0.5319,0.5342,0.5306,0.5336,12597479
2024-02-10 14:00:00,0.5337,0.5356,0.533,0.5339,7246527
2024-02-10 15:00:00,0.5339,0.5382,0.5335,0.538,14187105
2024-02-10 16:00:00,0.538,0.5404,0.535,0.5402,13335115
2024-02-10 17:00:00,0.5402,0.5411,0.5376,0.5377,11641001
2024-02-10 18:00:00,0.5378,0.5402,0.537,0.5398,9400973
2024-02-10 19:00:00,0.5398,0.5441,0.5393,0.5416,15572743
2024-02-10 20:00:00,0.5417,0.5486,0.5402,0.5463,25820568
2024-02-10 21:00:00,0.5462,0.5586,0.5462,0.5544,55815076
2024-02-10 22:00:00,0.5543,0.5567,0.5506,0.553,22656779
2024-02-10 23:00:00,0.553,0.556,0.5488,0.5516,17860428
2024-02-11 00:00:00,0.5517,0.564,0.5486,0.5582,50103773
2024-02-11 01:00:00,0.5583,0.5631,0.5576,0.5598,36561082
2024-02-11 02:00:00,0.5598,0.562,0.5568,0.5581,24264033
2024-02-11 03:00:00,0.5581,0.5641,0.5579,0.5625,25326086
2024-02-11 04:00:00,0.5625,0.5655,0.5602,0.5617,39922567
2024-02-11 05:00:00,0.5616,0.5628,0.5591,0.5607,19788363
2024-02-11 06:00:00,0.5607,0.5655,0.5604,0.5651,30133146
2024-02-11 07:00:00,0.5652,0.5655,0.5563,0.5601,49546056
2024-02-11 08:00:00,0.5602,0.5613,0.5555,0.5564,24669445
2024-02-11 09:00:00,0.5564,0.5582,0.5545,0.5555,13070424
2024-02-11 10:00:00,0.5555,0.5559,0.5497,0.5536,25618640
2024-02-11 11:00:00,0.5535,0.5551,0.5521,0.5537,13393184
2024-02-11 12:00:00,0.5537,0.5544,0.5507,0.5521,15636175
2024-02-11 13:00:00,0.5521,0.553,0.5467,0.5478,32409826
2024-02-11 14:00:00,0.5477,0.5492,0.544,0.5468,26785011
2024-02-11 15:00:00,0.5468,0.5469,0.542,0.5429,19317674
2024-02-11 16:00:00,0.5429,0.5444,0.5405,0.5428,24049075
2024-02-11 17:00:00,0.5428,0.5465,0.5424,0.5451,16994552
2024-02-11 18:00:00,0.5451,0.5453,0.5379,0.5415,32383426
2024-02-11 19:00:00,0.5416,0.5425,0.5401,0.5403,10666004
2024-02-11 20:00:00,0.5403,0.5425,0.5353,0.5367,26636346
2024-02-11 21:00:00,0.5366,0.5394,0.536,0.5379,12310604
2024-02-11 22:00:00,0.5378,0.5403,0.5365,0.5397,9124664
2024-02-11 23:00:00,0.5398,0.5419,0.5387,0.5414,11603367
2024-02-12 00:00:00,0.5414,0.5472,0.54,0.5433,28192007
2024-02-12 01:00:00,0.5434,0.5444,0.5404,0.5429,13428219
2024-02-12 02:00:00,0.5429,0.543,0.5328,0.5374,31963251
2024-02-12 03:00:00,0.5374,0.5404,0.5359,0.5389,10135110
2024-02-12 04:00:00,0.5388,0.5391,0.5359,0.5367,12414415
2024-02-12 05:00:00,0.5368,0.5387,0.5355,0.5356,11115194
2024-02-12 06:00:00,0.5357,0.5373,0.5312,0.5342,23904675
2024-02-12 07:00:00,0.5341,0.5389,0.533,0.5368,16700280
2024-02-12 08:00:00,0.5369,0.5407,0.5368,0.5376,14852638
2024-02-12 09:00:00,0.5377,0.5387,0.5322,0.5338,16557338
2024-02-12 10:00:00,0.5339,0.5359,0.5321,0.5336,14867911
2024-02-12 11:00:00,0.5336,0.5351,0.5307,0.535,23205988
2024-02-12 12:00:00,0.5349,0.537,0.5335,0.5366,13743812
2024-02-12 13:00:00,0.5365,0.5365,0.5339,0.5346,8988509
2024-02-12 14:00:00,0.5346,0.545,0.5341,0.5447,31448984
2024-02-12 15:00:00,0.5447,0.5578,0.5422,0.556,68528699
2024-02-12 16:00:00,0.5561,0.5586,0.5516,0.5532,58283927
2024-02-12 17:00:00,0.5532,0.5662,0.553,0.5623,66583290
2024-02-12 18:00:00,0.5623,0.5659,0.5599,0.5613,39618977
2024-02-12 19:00:00,0.5613,0.5625,0.5542,0.5546,32295896
2024-02-12 20:00:00,0.5546,0.5632,0.5545,0.5624,26291898
2024-02-12 21:00:00,0.5623,0.5637,0.5571,0.5575,23911519
2024-02-12 22:00:00,0.5575,0.5625,0.5571,0.5616,11182198
2024-02-12 23:00:00,0.5615,0.5616,0.5579,0.5596,13313912
2024-02-13 00:00:00,0.5596,0.5645,0.5596,0.5632,17840679
2024-02-13 01:00:00,0.5631,0.565,0.5602,0.5616,19576905
2024-02-13 02:00:00,0.5617,0.5623,0.5527,0.554,27359328
2024-02-13 03:00:00,0.5541,0.5552,0.5488,0.5501,22274057
2024-02-13 04:00:00,0.5501,0.5552,0.5501,0.5545,14020696
2024-02-13 05:00:00,0.5544,0.5564,0.5529,0.5563,9504699
2024-02-13 06:00:00,0.5563,0.5587,0.5553,0.5568,15298261
2024-02-13 07:00:00,0.5567,0.562,0.5552,0.5601,19845121
2024-02-13 08:00:00,0.5601,0.5602,0.5573,0.5587,12923654
2024-02-13 09:00:00,0.5587,0.5618,0.5566,0.5614,16937487
2024-02-13 10:00:00,0.5613,0.5613,0.5533,0.5542,29728664
2024-02-13 11:00:00,0.5542,0.5546,0.5508,0.5541,22180878
2024-02-13 12:00:00,0.5541,0.5546,0.5503,0.5524,14964845
2024-02-13 13:00:00,0.5524,0.5535,0.537,0.5455,60905418
2024-02-13 14:00:00,0.5455,0.5474,0.5332,0.5375,70748631
2024-02-13 15:00:00,0.5376,0.5421,0.534,0.54,31674485
2024-02-13 16:00:00,0.54,0.5411,0.5357,0.536,19361440
2024-02-13 17:00:00,0.536,0.541,0.5355,0.5405,17057178
2024-02-13 18:00:00,0.5406,0.5452,0.5401,0.5422,17866961
2024-02-13 19:00:00,0.5423,0.5435,0.5393,0.5396,10328746
2024-02-13 20:00:00,0.5396,0.5449,0.5393,0.5433,13118624
2024-02-13 21:00:00,0.5433,0.547,0.5424,0.5442,12631088
2024-02-13 22:00:00,0.5442,0.5451,0.5412,0.5441,8392646
2024-02-13 23:00:00,0.544,0.5459,0.5426,0.5451,10753655
2024-02-14 00:00:00,0.545,0.5453,0.5397,0.5413,15001654
2024-02-14 01:00:00,0.5414,0.5433,0.54,0.5416,8589202
2024-02-14 02:00:00,0.5416,0.5448,0.5408,0.5441,7413223
2024-02-14 03:00:00,0.544,0.5483,0.544,0.5465,10735298
2024-02-14 04:00:00,0.5464,0.5492,0.5463,0.5486,13807292
2024-02-14 05:00:00,0.5486,0.5508,0.5478,0.5496,13620416
2024-02-14 06:00:00,0.5496,0.5508,0.5486,0.5507,8911111
2024-02-14 07:00:00,0.5507,0.5533,0.5502,0.5524,11977492
2024-02-14 08:00:00,0.5524,0.5592,0.5505,0.5589,21443850
2024-02-14 09:00:00,0.5588,0.5681,0.5581,0.5677,54927637
2024-02-14 10:00:00,0.5677,0.5767,0.567,0.5761,64604746
2024-02-14 11:00:00,0.576,0.579,0.571,0.574,42876331
2024-02-14 12:00:00,0.574,0.5812,0.5734,0.5743,45816101
2024-02-14 13:00:00,0.5742,0.5813,0.5739,0.5786,31022258
2024-02-14 14:00:00,0.5786,0.5839,0.5752,0.5776,37300106
2024-02-14 15:00:00,0.5776,0.5793,0.5711,0.575,52018590
2024-02-14 16:00:00,0.575,0.5768,0.5694,0.5706,33265875
2024-02-14 17:00:00,0.5707,0.5728,0.5664,0.5686,24179364
2024-02-14 18:00:00,0.5685,0.5737,0.5658,0.5734,20221955
2024-02-14 19:00:00,0.5734,0.5769,0.5711,0.5757,18523754
2024-02-14 20:00:00,0.5756,0.579,0.5749,0.5772,18781241
2024-02-14 21:00:00,0.5771,0.5785,0.5734,0.5784,13913670
2024-02-14 22:00:00,0.5785,0.5794,0.5759,0.5783,9548110
2024-02-14 23:00:00,0.5783,0.5784,0.5762,0.5774,16407169
2024-02-15 00:00:00,0.5774,0.583,0.5759,0.5825,30266901
2024-02-15 01:00:00,0.5825,0.583,0.5719,0.5759,30484251
2024-02-15 02:00:00,0.5758,0.5822,0.575,0.5793,23100674
2024-02-15 03:00:00,0.5793,0.583,0.5789,0.5829,15781397
2024-02-15 04:00:00,0.583,0.583,0.5797,0.5808,16603919
2024-02-15 05:00:00,0.5808,0.5813,0.5709,0.5737,23995535
2024-02-15 06:00:00,0.5737,0.5786,0.5725,0.5764,15337432
2024-02-15 07:00:00,0.5763,0.5794,0.5732,0.5784,19832180
2024-02-15 08:00:00,0.5784,0.579,0.5749,0.5755,20381052
2024-02-15 09:00:00,0.5755,0.583,0.5747,0.5821,23883136
2024-02-15 10:00:00,0.5821,0.5891,0.5812,0.5887,46484809
2024-02-15 11:00:00,0.5887,0.5957,0.5863,0.5898,52797373
2024-02-15 12:00:00,0.5898,0.5955,0.5881,0.5907,44544121
2024-02-15 13:00:00,0.5906,0.599,0.5877,0.5985,38701597
2024-02-15 14:00:00,0.5984,0.6085,0.5951,0.6065,63521112
2024-02-15 15:00:00,0.6066,0.6127,0.5982,0.6005,105516472
2024-02-15 16:00:00,0.6005,0.61,0.5949,0.6067,75572892
2024-02-15 17:00:00,0.6066,0.6134,0.6005,0.6019,48324987
2024-02-15 18:00:00,0.602,0.6049,0.5985,0.601,33558113
2024-02-15 19:00:00,0.6011,0.6048,0.5971,0.6027,25722768
2024-02-15 20:00:00,0.6027,0.605,0.5978,0.5993,24523436
2024-02-15 21:00:00,0.5994,0.6026,0.5896,0.5921,40378746
2024-02-15 22:00:00,0.592,0.6004,0.5919,0.5985,23231685
2024-02-15 23:00:00,0.5985,0.61,0.5982,0.6093,27455773
2024-02-16 00:00:00,0.6093,0.6126,0.6021,0.6048,30010962
2024-02-16 01:00:00,0.6048,0.6056,0.6014,0.6043,17782442
2024-02-16 02:00:00,0.6043,0.6066,0.6023,0.6053,10632396
2024-02-16 03:00:00,0.6054,0.6101,0.6012,0.6087,20243760
2024-02-16 04:00:00,0.6086,0.6124,0.607,0.6073,31311065
2024-02-16 05:00:00,0.6073,0.6082,0.6027,0.6049,19367039
2024-02-16 06:00:00,0.6049,0.607,0.6002,0.6009,17403118
2024-02-16 07:00:00,0.601,0.6045,0.5977,0.5986,22149983
2024-02-16 08:00:00,0.5985,0.6006,0.5966,0.5975,19430840
2024-02-16 09:00:00,0.5974,0.5984,0.5914,0.5958,26270297
2024-02-16 10:00:00,0.5958,0.6018,0.5934,0.6017,18593039
2024-02-16 11:00:00,0.6018,0.6022,0.5988,0.5996,15225813
2024-02-16 12:00:00,0.5997,0.6114,0.5981,0.6112,26537051
2024-02-16 13:00:00,0.6111,0.6147,0.6031,0.6061,50531860
2024-02-16 14:00:00,0.6061,0.6079,0.5866,0.5913,66464606
2024-02-16 15:00:00,0.5913,0.5915,0.5825,0.5903,56444762
2024-02-16 16:00:00,0.5903,0.5997,0.5891,0.5915,38625050
2024-02-16 17:00:00,0.5914,0.5933,0.5864,0.5897,24518920
2024-02-16 18:00:00,0.5898,0.5934,0.5862,0.5924,14105224
2024-02-16 19:00:00,0.5924,0.5953,0.5883,0.5898,20047338
2024-02-16 20:00:00,0.5899,0.5967,0.5886,0.595,16235429
2024-02-16 21:00:00,0.595,0.5966,0.5931,0.5953,8865155
2024-02-16 22:00:00,0.5953,0.5956,0.5915,0.5935,8039393
2024-02-16 23:00:00,0.5936,0.6006,0.5925,0.5991,17384471
2024-02-17 00:00:00,0.5992,0.6002,0.5955,0.5956,14601282
2024-02-17 01:00:00,0.5956,0.5965,0.5871,0.5897,16756977
2024-02-17 02:00:00,0.5897,0.5918,0.5876,0.5901,11689769
2024-02-17 03:00:00,0.5902,0.5922,0.5892,0.5918,7960891
2024-02-17 04:00:00,0.5918,0.5951,0.5909,0.5929,9190052
2024-02-17 05:00:00,0.5929,0.5931,0.5875,0.59,9258624
2024-02-17 06:00:00,0.5901,0.5907,0.5882,0.5894,6626394
2024-02-17 07:00:00,0.5895,0.5941,0.589,0.5928,10536518
2024-02-17 08:00:00,0.5927,0.5931,0.5862,0.5877,16178918
2024-02-17 09:00:00,0.5878,0.5891,0.5836,0.584,16646088
2024-02-17 10:00:00,0.5839,0.5856,0.5815,0.585,24222173
2024-02-17 11:00:00,0.5851,0.5886,0.5847,0.5866,9597393
2024-02-17 12:00:00,0.5867,0.5897,0.5848,0.5887,14535578
2024-02-17 13:00:00,0.5888,0.589,0.5774,0.5791,38654582
2024-02-17 14:00:00,0.5791,0.5819,0.5684,0.574,55515541
2024-02-17 15:00:00,0.5741,0.5801,0.5713,0.5792,26155378
2024-02-17 16:00:00,0.5792,0.5802,0.5764,0.5791,13504632
2024-02-17 17:00:00,0.5791,0.5847,0.5789,0.5834,14166807
2024-02-17 18:00:00,0.5834,0.5838,0.5823,0.5837,6420089
2024-02-17 19:00:00,0.5837,0.5884,0.5833,0.5874,11514885
2024-02-17 20:00:00,0.5874,0.6004,0.5867,0.5996,27262257
2024-02-17 21:00:00,0.5997,0.605,0.5945,0.5981,36409314
2024-02-17 22:00:00,0.5982,0.6113,0.5973,0.6095,37172084
2024-02-17 23:00:00,0.6094,0.6119,0.6066,0.6103,37590166
2024-02-18 00:00:00,0.6103,0.6248,0.6101,0.62,79953885
2024-02-18 01:00:00,0.62,0.621,0.6117,0.613,31814806
2024-02-18 02:00:00,0.613,0.6233,0.6124,0.6186,32494405
2024-02-18 03:00:00,0.6185,0.6245,0.6181,0.6214,28075453
2024-02-18 04:00:00,0.6215,0.6286,0.6214,0.6264,34630621
2024-02-18 05:00:00,0.6263,0.6267,0.6216,0.6229,23252282
2024-02-18 06:00:00,0.6229,0.627,0.6184,0.6216,27805582
2024-02-18 07:00:00,0.6217,0.6268,0.6172,0.625,34137166
2024-02-18 08:00:00,0.625,0.6357,0.6243,0.6341,43644535
2024-02-18 09:00:00,0.6342,0.6397,0.634,0.6359,48542597
2024-02-18 10:00:00,0.6358,0.6371,0.6298,0.6327,28691753
2024-02-18 11:00:00,0.6328,0.6371,0.6322,0.6351,17673024
2024-02-18 12:00:00,0.635,0.6378,0.6276,0.6293,33586382
2024-02-18 13:00:00,0.6293,0.6317,0.6239,0.6251,25901806
2024-02-18 14:00:00,0.6251,0.629,0.6244,0.6275,20489376
2024-02-18 15:00:00,0.6275,0.6278,0.6199,0.6217,26099562
2024-02-18 16:00:00,0.6217,0.622,0.6165,0.6208,30015921
2024-02-18 17:00:00,0.6207,0.6227,0.6169,0.6181,21942609
2024-02-18 18:00:00,0.6181,0.6238,0.6171,0.6211,20408284
2024-02-18 19:00:00,0.6212,0.6253,0.6185,0.6207,15448348
2024-02-18 20:00:00,0.6207,0.6207,0.6137,0.6187,26351437
2024-02-18 21:00:00,0.6188,0.6212,0.6169,0.6203,10590572
2024-02-18 22:00:00,0.6202,0.6252,0.6194,0.6238,22219537
2024-02-18 23:00:00,0.6238,0.626,0.6162,0.6197,32676363
2024-02-19 00:00:00,0.6198,0.6281,0.6194,0.6242,30254608
2024-02-19 01:00:00,0.6241,0.6244,0.6197,0.6238,15815960
2024-02-19 02:00:00,0.6238,0.6259,0.6205,0.6226,13319673
2024-02-19 03:00:00,0.6227,0.6228,0.6194,0.6199,11584273
2024-02-19 04:00:00,0.62,0.6254,0.6193,0.6231,14194675
2024-02-19 05:00:00,0.6231,0.6249,0.6195,0.6243,11477367
2024-02-19 06:00:00,0.6244,0.6286,0.6229,0.625,24950331
2024-02-19 07:00:00,0.6251,0.6307,0.6248,0.6297,16626222
2024-02-19 08:00:00,0.6297,0.6356,0.6289,0.6298,34274352
2024-02-19 09:00:00,0.6298,0.6386,0.6255,0.6312,52053822
2024-02-19 10:00:00,0.6313,0.6352,0.6227,0.6347,39093551
2024-02-19 11:00:00,0.6347,0.6399,0.6289,0.6295,34532415
2024-02-19 12:00:00,0.6295,0.6305,0.625,0.6251,24765419
2024-02-19 13:00:00,0.6252,0.6281,0.6211,0.6225,29802412
2024-02-19 14:00:00,0.6224,0.6239,0.619,0.6206,31361527
2024-02-19 15:00:00,0.6206,0.6269,0.6206,0.6249,27432519
2024-02-19 16:00:00,0.6248,0.6278,0.617,0.6184,30934122
2024-02-19 17:00:00,0.6184,0.6292,0.6153,0.6284,43969173
2024-02-19 18:00:00,0.6283,0.6302,0.6232,0.6234,20719334
2024-02-19 19:00:00,0.6233,0.6241,0.6201,0.6221,18436451
2024-02-19 20:00:00,0.6221,0.6278,0.6198,0.626,19298425
2024-02-19 21:00:00,0.626,0.6355,0.6245,0.6336,29178682
2024-02-19 22:00:00,0.6336,0.6364,0.6305,0.6327,21295359
2024-02-19 23:00:00,0.6326,0.6349,0.6304,0.6315,16953085
2024-02-20 00:00:00,0.6316,0.6358,0.6233,0.6239,42471516
2024-02-20 01:00:00,0.6238,0.6317,0.6201,0.6293,46265247
2024-02-20 02:00:00,0.6293,0.6423,0.6291,0.6331,65830372
2024-02-20 03:00:00,0.6331,0.6362,0.6254,0.6259,33929266
2024-02-20 04:00:00,0.626,0.6323,0.6233,0.629,35712874
2024-02-20 05:00:00,0.6289,0.6298,0.6254,0.6279,15189954
2024-02-20 06:00:00,0.628,0.6358,0.6263,0.6326,24818566
2024-02-20 07:00:00,0.6325,0.6345,0.6284,0.6296,15470062
2024-02-20 08:00:00,0.6296,0.633,0.6212,0.6256,33500729
2024-02-20 09:00:00,0.6257,0.6274,0.6154,0.6223,41514051
2024-02-20 10:00:00,0.6222,0.6365,0.6219,0.6325,54234524
2024-02-20 11:00:00,0.6324,0.6367,0.6302,0.6305,28352584
2024-02-20 12:00:00,0.6305,0.6331,0.6255,0.626,23562633
2024-02-20 13:00:00,0.6261,0.6421,0.624,0.6388,60044887
2024-02-20 14:00:00,0.6387,0.64,0.6185,0.6228,84540438
2024-02-20 15:00:00,0.6228,0.6244,0.589,0.6098,116483007
2024-02-20 16:00:00,0.6098,0.6151,0.6029,0.6038,41829449
2024-02-20 17:00:00,0.6038,0.6063,0.5962,0.604,45288923
2024-02-20 18:00:00,0.6039,0.6069,0.6005,0.6046,21328381
2024-02-20 19:00:00,0.6046,0.619,0.6009,0.6184,27289605
2024-02-20 20:00:00,0.6183,0.6184,0.6122,0.6149,25134344
2024-02-20 21:00:00,0.6149,0.6306,0.6133,0.6265,39715183
2024-02-20 22:00:00,0.6266,0.6298,0.6244,0.6259,17511888
2024-02-20 23:00:00,0.626,0.6301,0.6218,0.6222,21558169
2024-02-21 00:00:00,0.6222,0.6242,0.614,0.6147,22455652
2024-02-21 01:00:00,0.6147,0.6164,0.6085,0.6094,19970866
2024-02-21 02:00:00,0.6094,0.612,0.6067,0.6095,19643242
2024-02-21 03:00:00,0.6095,0.6143,0.6093,0.6127,14133698
2024-02-21 04:00:00,0.6127,0.6139,0.6033,0.6056,28294347
2024-02-21 05:00:00,0.6057,0.6092,0.6019,0.6022,17153666
2024-02-21 06:00:00,0.6022,0.6037,0.5967,0.5978,24861464
2024-02-21 07:00:00,0.5977,0.5977,0.5909,0.595,35548544
2024-02-21 08:00:00,0.5949,0.5999,0.594,0.5981,18609906
2024-02-21 09:00:00,0.598,0.5985,0.5829,0.5853,46241587
2024-02-21 10:00:00,0.5853,0.5926,0.5808,0.5902,43463553
2024-02-21 11:00:00,0.5902,0.592,0.5842,0.5863,26314716
2024-02-21 12:00:00,0.5863,0.594,0.5813,0.5919,44987734
2024-02-21 13:00:00,0.5919,0.5948,0.5876,0.5922,28057947
2024-02-21 14:00:00,0.5922,0.5927,0.5812,0.5862,50022705
2024-02-21 15:00:00,0.5862,0.593,0.5838,0.5894,35445024
2024-02-21 16:00:00,0.5894,0.5913,0.5846,0.5891,27521152
2024-02-21 17:00:00,0.5891,0.591,0.5815,0.5818,23110700
2024-02-21 18:00:00,0.5819,0.5829,0.5748,0.5789,39781219
2024-02-21 19:00:00,0.5789,0.5835,0.577,0.5834,19517902
2024-02-21 20:00:00,0.5834,0.5868,0.5814,0.5839,19499781
2024-02-21 21:00:00,0.5838,0.5928,0.5829,0.5928,22574134
2024-02-21 22:00:00,0.5927,0.5957,0.5904,0.5952,13479861
2024-02-21 23:00:00,0.5951,0.5993,0.595,0.599,15739654
2024-02-22 00:00:00,0.599,0.5994,0.5919,0.5933,19598276
2024-02-22 01:00:00,0.5932,0.5946,0.5821,0.583,28077220
2024-02-22 02:00:00,0.583,0.5875,0.5824,0.5829,15129860
2024-02-22 03:00:00,0.5828,0.5892,0.5811,0.5874,11584885
2024-02-22 04:00:00,0.5875,0.5889,0.583,0.5844,10332163
2024-02-22 05:00:00,0.5843,0.5906,0.5835,0.588,12968043
2024-02-22 06:00:00,0.588,0.6035,0.5879,0.6025,29130197
2024-02-22 07:00:00,0.6026,0.6051,0.5969,0.6023,29891826
2024-02-22 08:00:00,0.6024,0.6087,0.6005,0.6068,28472077
2024-02-22 09:00:00,0.6069,0.6087,0.6025,0.607,21574810
2024-02-22 10:00:00,0.607,0.607,0.5976,0.6014,23536401
2024-02-22 11:00:00,0.6013,0.6018,0.5973,0.5999,15873894
2024-02-22 12:00:00,0.5999,0.6026,0.5946,0.597,20755144
2024-02-22 13:00:00,0.597,0.5975,0.5852,0.5891,42002540
2024-02-22 14:00:00,0.5891,0.5966,0.5883,0.5955,24069503
2024-02-22 15:00:00,0.5955,0.5996,0.5921,0.5972,21298433
2024-02-22 16:00:00,0.5971,0.5976,0.5885,0.5905,20683403
2024-02-22 17:00:00,0.5905,0.5965,0.5904,0.5959,13123695
2024-02-22 18:00:00,0.5958,0.6009,0.5937,0.6005,15747950
2024-02-22 19:00:00,0.6004,0.6005,0.5934,0.5949,15865897
2024-02-22 20:00:00,0.5948,0.604,0.5936,0.6024,31627557
2024-02-22 21:00:00,0.6024,0.6026,0.5907,0.5944,22472972
2024-02-22 22:00:00,0.5945,0.5966,0.5875,0.5913,16894484
2024-02-22 23:00:00,0.5913,0.5931,0.5852,0.5863,19669232
2024-02-23 00:00:00,0.5862,0.5946,0.5851,0.5943,19617765
2024-02-23 01:00:00,0.5942,0.5959,0.5902,0.5904,12561950
2024-02-23 02:00:00,0.5904,0.5941,0.5841,0.5854,17870045
2024-02-23 03:00:00,0.5854,0.587,0.5823,0.5863,19724135
2024-02-23 04:00:00,0.5863,0.5899,0.5819,0.5889,13273895
2024-02-23 05:00:00,0.589,0.5905,0.5873,0.59,9030319
2024-02-23 06:00:00,0.59,0.5927,0.5891,0.5917,8949184
2024-02-23 07:00:00,0.5916,0.5925,0.583,0.5835,17270091
2024-02-23 08:00:00,0.5836,0.5882,0.5784,0.5803,25853343
2024-02-23 09:00:00,0.5803,0.5842,0.5787,0.5837,16333177
2024-02-23 10:00:00,0.5837,0.5856,0.5812,0.5851,10457488
2024-02-23 11:00:00,0.5851,0.5858,0.5828,0.5848,7794564
2024-02-23 12:00:00,0.5848,0.585,0.5787,0.5798,14128600
2024-02-23 13:00:00,0.5798,0.5842,0.5786,0.5839,12601218
2024-02-23 14:00:00,0.5839,0.5906,0.5804,0.589,30786194
2024-02-23 15:00:00,0.589,0.5892,0.5776,0.5788,50378005
2024-02-23 16:00:00,0.5787,0.5808,0.5681,0.5795,68894031
2024-02-23 17:00:00,0.5796,0.586,0.5783,0.5859,21270555
2024-02-23 18:00:00,0.5859,0.5874,0.5807,0.5872,14331044
2024-02-23 19:00:00,0.5873,0.5922,0.5859,0.5917,19182343
2024-02-23 20:00:00,0.5917,0.5943,0.5884,0.5934,19729610
2024-02-23 21:00:00,0.5935,0.5943,0.5883,0.5885,11579004
2024-02-23 22:00:00,0.5885,0.591,0.5816,0.5828,12821346
2024-02-23 23:00:00,0.5827,0.5865,0.5769,0.5829,23922161
2024-02-24 00:00:00,0.5829,0.586,0.5817,0.5841,16887313
2024-02-24 01:00:00,0.5841,0.5844,0.5712,0.572,24959566
2024-02-24 02:00:00,0.572,0.5776,0.5713,0.5742,17796105
2024-02-24 03:00:00,0.5742,0.5766,0.5702,0.5762,16235209
2024-02-24 04:00:00,0.5762,0.5826,0.5747,0.5815,14391662
2024-02-24 05:00:00,0.5814,0.5825,0.5791,0.5811,9737933
2024-02-24 06:00:00,0.5811,0.5826,0.5801,0.5819,10076284
2024-02-24 07:00:00,0.5819,0.5875,0.5802,0.5862,12876466
2024-02-24 08:00:00,0.5862,0.5888,0.5831,0.5841,18619397
2024-02-24 09:00:00,0.5842,0.5879,0.5839,0.5874,9824894
2024-02-24 10:00:00,0.5873,0.5905,0.5861,0.589,15323478
2024-02-24 11:00:00,0.589,0.5898,0.5863,0.588,13319790
2024-02-24 12:00:00,0.5881,0.5891,0.5852,0.5874,12768113
2024-02-24 13:00:00,0.5874,0.5928,0.5864,0.5916,17353424
2024-02-24 14:00:00,0.5916,0.5938,0.5877,0.5914,20249887
2024-02-24 15:00:00,0.5915,0.5932,0.5883,0.5888,14269752
2024-02-24 16:00:00,0.5889,0.5924,0.5878,0.5892,13938880
2024-02-24 17:00:00,0.5893,0.5983,0.589,0.595,23910255
2024-02-24 18:00:00,0.595,0.597,0.5912,0.592,13053001
2024-02-24 19:00:00,0.5921,0.5946,0.5915,0.5942,9398401
2024-02-24 20:00:00,0.5942,0.5948,0.5917,0.5921,11585245
2024-02-24 21:00:00,0.5922,0.6008,0.5902,0.5969,30941630
2024-02-24 22:00:00,0.5969,0.6005,0.5951,0.5951,16811594
2024-02-24 23:00:00,0.5951,0.5985,0.5947,0.5973,9385462
2024-02-25 00:00:00,0.5973,0.5983,0.5946,0.5977,11628764
2024-02-25 01:00:00,0.5977,0.599,0.5948,0.5984,12574363
2024-02-25 02:00:00,0.5983,0.6015,0.5952,0.5965,16722321
2024-02-25 03:00:00,0.5964,0.597,0.5896,0.5967,15590152
2024-02-25 04:00:00,0.5967,0.5983,0.5931,0.5959,9906245
2024-02-25 05:00:00,0.5959,0.596,0.5929,0.5956,7086094
2024-02-25 06:00:00,0.5956,0.5996,0.5939,0.5965,9693473
2024-02-25 07:00:00,0.5964,0.5969,0.5939,0.5947,7689865
2024-02-25 08:00:00,0.5946,0.5957,0.5895,0.5901,13192835
2024-02-25 09:00:00,0.5901,0.5917,0.5883,0.5914,10039753
2024-02-25 10:00:00,0.5914,0.5914,0.5877,0.5893,10985051
2024-02-25 11:00:00,0.5893,0.5913,0.588,0.59,9564925
2024-02-25 12:00:00,0.5899,0.5903,0.5873,0.5892,8700551
2024-02-25 13:00:00,0.5892,0.5907,0.5864,0.5896,12501042
2024-02-25 14:00:00,0.5896,0.5913,0.5841,0.5891,31790249
2024-02-25 15:00:00,0.5892,0.5894,0.5833,0.5845,14591847
2024-02-25 16:00:00,0.5845,0.586,0.581,0.5821,16686109
2024-02-25 17:00:00,0.5821,0.5874,0.581,0.5869,12006212
2024-02-25 18:00:00,0.5868,0.5873,0.5842,0.586,8690155
2024-02-25 19:00:00,0.5861,0.5894,0.5843,0.5883,14429646
2024-02-25 20:00:00,0.5883,0.5945,0.5881,0.5897,22857234
2024-02-25 21:00:00,0.5896,0.5904,0.5875,0.5884,8506931
2024-02-25 22:00:00,0.5884,0.5939,0.587,0.5918,13051685
2024-02-25 23:00:00,0.5918,0.5938,0.5908,0.592,9136226
2024-02-26 00:00:00,0.5921,0.5926,0.5886,0.5897,13483926
2024-02-26 01:00:00,0.5896,0.5902,0.5849,0.5859,12487884
2024-02-26 02:00:00,0.5858,0.5862,0.5815,0.5818,14877562
2024-02-26 03:00:00,0.5818,0.586,0.5814,0.5857,11561118
2024-02-26 04:00:00,0.5857,0.5868,0.584,0.5853,8029811
2024-02-26 05:00:00,0.5854,0.5878,0.583,0.5872,8567008
2024-02-26 06:00:00,0.5872,0.5921,0.5859,0.5916,11377756
2024-02-26 07:00:00,0.5916,0.5925,0.5841,0.5845,21036788
2024-02-26 08:00:00,0.5845,0.5868,0.5825,0.5835,18450086
2024-02-26 09:00:00,0.5836,0.5853,0.5734,0.5752,48520087
2024-02-26 10:00:00,0.5752,0.5804,0.5744,0.5784,19828577
2024-02-26 11:00:00,0.5784,0.5814,0.5748,0.5801,14002190
2024-02-26 12:00:00,0.5801,0.5844,0.5759,0.5844,20708812
2024-02-26 13:00:00,0.5843,0.5874,0.5825,0.5842,24991387
2024-02-26 14:00:00,0.5842,0.5943,0.5838,0.5939,30266673
2024-02-26 15:00:00,0.5939,0.6095,0.5914,0.6066,83299515
2024-02-26 16:00:00,0.6065,0.616,0.6058,0.6103,80392798
2024-02-26 17:00:00,0.6103,0.6126,0.608,0.6111,26437773
2024-02-26 18:00:00,0.6112,0.613,0.6081,0.6093,24797104
2024-02-26 19:00:00,0.6092,0.6186,0.6063,0.6184,38325843
2024-02-26 20:00:00,0.6184,0.6228,0.6167,0.6222,32410652
2024-02-26 21:00:00,0.6222,0.6227,0.6182,0.6194,15893045
2024-02-26 22:00:00,0.6195,0.6202,0.6152,0.6155,15982285
2024-02-26 23:00:00,0.6154,0.6209,0.6144,0.6199,18532474
2024-02-27 00:00:00,0.6199,0.6235,0.6159,0.6222,29454520
2024-02-27 01:00:00,0.6223,0.6297,0.6215,0.6271,37126127
2024-02-27 02:00:00,0.6271,0.6321,0.6248,0.6266,50177534
2024-02-27 03:00:00,0.6266,0.6306,0.6207,0.6224,26944781
2024-02-27 04:00:00,0.6223,0.6261,0.6208,0.6222,20625446
2024-02-27 05:00:00,0.6222,0.6255,0.6214,0.6243,11470420
2024-02-27 06:00:00,0.6242,0.6272,0.6206,0.6215,20917666
2024-02-27 07:00:00,0.6215,0.6219,0.6156,0.6158,24842895
2024-02-27 08:00:00,0.6159,0.6222,0.6156,0.6196,18053908
2024-02-27 09:00:00,0.6195,0.6285,0.6185,0.623,34514721
2024-02-27 10:00:00,0.623,0.6251,0.6195,0.6238,20407694
2024-02-27 11:00:00,0.6238,0.6238,0.6175,0.6206,17332258
2024-02-27 12:00:00,0.6206,0.6273,0.6167,0.6211,39192524
2024-02-27 13:00:00,0.6212,0.6289,0.6178,0.6289,39567620
2024-02-27 14:00:00,0.6289,0.6297,0.6204,0.6235,40189124
2024-02-27 15:00:00,0.6235,0.6262,0.6107,0.6135,45449122
2024-02-27 16:00:00,0.6136,0.6185,0.6077,0.6166,48475976
2024-02-27 17:00:00,0.6167,0.6182,0.6102,0.6116,25850128
2024-02-27 18:00:00,0.6116,0.6257,0.6112,0.622,41048167
2024-02-27 19:00:00,0.622,0.6294,0.6208,0.6272,51494737
2024-02-27 20:00:00,0.6271,0.6276,0.6194,0.627,27160783
2024-02-27 21:00:00,0.6269,0.6279,0.6233,0.6259,12889306
2024-02-27 22:00:00,0.626,0.6305,0.6254,0.6255,17768322
2024-02-27 23:00:00,0.6256,0.6267,0.6237,0.6245,11156378
2024-02-28 00:00:00,0.6244,0.6305,0.6242,0.6254,22840869
2024-02-28 01:00:00,0.6255,0.6261,0.6195,0.6209,20649502
2024-02-28 02:00:00,0.6209,0.6225,0.619,0.621,9946515
2024-02-28 03:00:00,0.6209,0.621,0.6157,0.6179,13900643
2024-02-28 04:00:00,0.6179,0.6235,0.6173,0.622,14358932
2024-02-28 05:00:00,0.6219,0.6234,0.6188,0.6194,8187667
2024-02-28 06:00:00,0.6194,0.6216,0.6173,0.6192,10971914
2024-02-28 07:00:00,0.6191,0.6289,0.6175,0.6288,22079151
2024-02-28 08:00:00,0.6289,0.6398,0.6281,0.6378,80758238
2024-02-28 09:00:00,0.6379,0.6408,0.6314,0.6393,48813338
2024-02-28 10:00:00,0.6392,0.6411,0.6342,0.6408,37150225
2024-02-28 11:00:00,0.6408,0.6464,0.6199,0.6256,91141390
2024-02-28 12:00:00,0.6257,0.6314,0.6243,0.6291,46293967
2024-02-28 13:00:00,0.629,0.6391,0.6274,0.636,54406023
2024-02-28 14:00:00,0.636,0.6432,0.6287,0.6408,68904201
2024-02-28 15:00:00,0.6408,0.6511,0.638,0.6399,70464248
2024-02-28 16:00:00,0.6399,0.655,0.6395,0.6534,56947307
2024-02-28 17:00:00,0.6533,0.6629,0.5992,0.6278,239986901
2024-02-28 18:00:00,0.6278,0.6296,0.5952,0.6194,112907382
2024-02-28 19:00:00,0.6193,0.6246,0.6151,0.6186,41487278
2024-02-28 20:00:00,0.6186,0.6239,0.6116,0.6225,32356341
2024-02-28 21:00:00,0.6224,0.6283,0.6173,0.6269,20162104
2024-02-28 22:00:00,0.6269,0.6376,0.6262,0.6292,30512483
2024-02-28 23:00:00,0.6293,0.6334,0.6281,0.6294,23762336
2024-02-29 00:00:00,0.6294,0.6386,0.6231,0.6384,47832590
2024-02-29 01:00:00,0.6384,0.6493,0.635,0.6483,58239302
2024-02-29 02:00:00,0.6483,0.6504,0.6407,0.6412,28468336
2024-02-29 03:00:00,0.6412,0.6444,0.636,0.6435,28272116
2024-02-29 04:00:00,0.6434,0.6592,0.6398,0.6577,51867270
2024-02-29 05:00:00,0.6577,0.6679,0.6556,0.6677,58133276
2024-02-29 06:00:00,0.6678,0.6913,0.6675,0.6894,135035029
2024-02-29 07:00:00,0.6895,0.6993,0.6804,0.6846,100018030
2024-02-29 08:00:00,0.6846,0.6991,0.6837,0.6978,73493246
2024-02-29 09:00:00,0.6979,0.7032,0.6856,0.6928,87443761
2024-02-29 10:00:00,0.6928,0.708,0.6838,0.7028,63977549
2024-02-29 11:00:00,0.7028,0.7107,0.688,0.6913,82201612
2024-02-29 12:00:00,0.6913,0.6946,0.6835,0.6906,48560653
2024-02-29 13:00:00,0.6905,0.6999,0.6844,0.6982,44158177
2024-02-29 14:00:00,0.6982,0.7016,0.6907,0.6994,43556432
2024-02-29 15:00:00,0.6994,0.7042,0.6932,0.6938,38424268
2024-02-29 16:00:00,0.6938,0.6967,0.6705,0.683,101435327
2024-02-29 17:00:00,0.6831,0.686,0.6645,0.6707,78763213
2024-02-29 18:00:00,0.6708,0.6768,0.6641,0.6683,41691381
2024-02-29 19:00:00,0.6684,0.6792,0.6675,0.6775,29880937
2024-02-29 20:00:00,0.6775,0.6799,0.6763,0.6764,18519542
2024-02-29 21:00:00,0.6763,0.6775,0.6526,0.6633,62859134
2024-02-29 22:00:00,0.6633,0.6644,0.64,0.649,42382448
2024-02-29 23:00:00,0.6491,0.6611,0.6485,0.6554,26739121
2024-03-01 00:00:00,0.6555,0.6738,0.6535,0.6726,40504784
2024-03-01 01:00:00,0.6726,0.6772,0.6662,0.6735,51152257
2024-03-01 02:00:00,0.6734,0.6776,0.6664,0.6772,32640682
2024-03-01 03:00:00,0.6772,0.6847,0.6714,0.6733,33849847
2024-03-01 04:00:00,0.6733,0.6763,0.6698,0.6751,18705738
2024-03-01 05:00:00,0.6751,0.6767,0.668,0.6693,18067412
2024-03-01 06:00:00,0.6693,0.6754,0.6658,0.67,17230341
2024-03-01 07:00:00,0.6701,0.6727,0.664,0.6648,19157867
2024-03-01 08:00:00,0.6648,0.6768,0.6626,0.6727,26665640
2024-03-01 09:00:00,0.6728,0.6828,0.6721,0.6811,26506391
2024-03-01 10:00:00,0.6811,0.6898,0.6777,0.6866,31102508
2024-03-01 11:00:00,0.6866,0.6908,0.6815,0.6865,33057227
2024-03-01 12:00:00,0.6865,0.6923,0.6836,0.686,25023926
2024-03-01 13:00:00,0.686,0.6903,0.6837,0.6889,18960241
2024-03-01 14:00:00,0.6889,0.6959,0.681,0.6885,51506671
2024-03-01 15:00:00,0.6886,0.6943,0.6772,0.6803,43842468
2024-03-01 16:00:00,0.6804,0.6849,0.6761,0.6787,45566674
2024-03-01 17:00:00,0.6787,0.6928,0.6786,0.6891,27550677
2024-03-01 18:00:00,0.6891,0.6945,0.6862,0.6915,21773884
2024-03-01 19:00:00,0.6915,0.6965,0.6906,0.692,19411736
2024-03-01 20:00:00,0.6921,0.6967,0.6898,0.696,17680379
2024-03-01 21:00:00,0.6959,0.6963,0.6902,0.6962,18133452
2024-03-01 22:00:00,0.6963,0.7008,0.694,0.6996,20889716
2024-03-01 23:00:00,0.6995,0.7212,0.6992,0.7205,56714218
2024-03-02 00:00:00,0.7206,0.7543,0.718,0.7488,139524144
2024-03-02 01:00:00,0.7488,0.7616,0.7401,0.7571,100807125
2024-03-02 02:00:00,0.7572,0.7635,0.7484,0.763,43215938
2024-03-02 03:00:00,0.7631,0.765,0.7529,0.7572,36946350
2024-03-02 04:00:00,0.7572,0.7637,0.7528,0.7562,34893386
2024-03-02 05:00:00,0.756,0.759,0.7461,0.7472,36718101
2024-03-02 06:00:00,0.7473,0.752,0.74,0.7415,43377857
2024-03-02 07:00:00,0.7415,0.745,0.7292,0.7351,43064395
2024-03-02 08:00:00,0.7351,0.7524,0.7347,0.7454,55590230
2024-03-02 09:00:00,0.7453,0.7488,0.7209,0.7266,71318595
2024-03-02 10:00:00,0.7264,0.7363,0.726,0.7336,24125087
2024-03-02 11:00:00,0.7335,0.7368,0.7313,0.7343,18827745
2024-03-02 12:00:00,0.7342,0.7451,0.7327,0.7429,27202220
2024-03-02 13:00:00,0.7428,0.7469,0.7377,0.7386,23114720
2024-03-02 14:00:00,0.7386,0.7389,0.7236,0.7322,46027236
2024-03-02 15:00:00,0.7322,0.7343,0.7256,0.731,22490797
2024-03-02 16:00:00,0.7311,0.739,0.7265,0.734,22053710
2024-03-02 17:00:00,0.734,0.7391,0.7328,0.7335,16752404
2024-03-02 18:00:00,0.7334,0.7438,0.7325,0.7438,17064395
2024-03-02 19:00:00,0.7437,0.745,0.7383,0.7417,15867086
2024-03-02 20:00:00,0.7417,0.7428,0.7298,0.7342,23626618
2024-03-02 21:00:00,0.7343,0.7366,0.7318,0.735,9507791
2024-03-02 22:00:00,0.735,0.7391,0.7317,0.7358,11305799
2024-03-02 23:00:00,0.7358,0.7432,0.7357,0.7424,16824224
2024-03-03 00:00:00,0.7424,0.7431,0.7289,0.7307,36516594
2024-03-03 01:00:00,0.7308,0.7385,0.7275,0.7377,25565251
2024-03-03 02:00:00,0.7376,0.7386,0.7264,0.7359,28894804
2024-03-03 03:00:00,0.736,0.7426,0.7332,0.7406,21386575
2024-03-03 04:00:00,0.7407,0.7434,0.7391,0.7408,14800052
2024-03-03 05:00:00,0.7408,0.7415,0.7267,0.7282,30896561
2024-03-03 06:00:00,0.7282,0.7347,0.7255,0.7279,39656129
2024-03-03 07:00:00,0.7279,0.7294,0.68,0.7118,136734685
2024-03-03 08:00:00,0.7118,0.7292,0.7047,0.7278,78998074
2024-03-03 09:00:00,0.7277,0.7307,0.7223,0.7241,35385658
2024-03-03 10:00:00,0.7242,0.726,0.7183,0.721,19844492
2024-03-03 11:00:00,0.7211,0.7287,0.7187,0.7281,14304936
2024-03-03 12:00:00,0.7281,0.7345,0.7246,0.7277,29726458
2024-03-03 13:00:00,0.7278,0.7318,0.7242,0.7298,14782847
2024-03-03 14:00:00,0.7298,0.7301,0.7195,0.7215,22587790
2024-03-03 15:00:00,0.7216,0.7281,0.7212,0.7233,15861017
2024-03-03 16:00:00,0.7234,0.7343,0.7207,0.7337,27582587
2024-03-03 17:00:00,0.7337,0.7364,0.7276,0.7294,21357756
2024-03-03 18:00:00,0.7294,0.7302,0.7225,0.7263,17141100
2024-03-03 19:00:00,0.7263,0.7303,0.7243,0.7266,16738622
2024-03-03 20:00:00,0.7266,0.7302,0.7247,0.7261,14250273
2024-03-03 21:00:00,0.7262,0.7296,0.7255,0.7286,11099305
2024-03-03 22:00:00,0.7286,0.7403,0.7275,0.7315,25854684
2024-03-03 23:00:00,0.7316,0.7318,0.7258,0.7288,17350228
2024-03-04 00:00:00,0.7288,0.7476,0.7241,0.7376,79313669
2024-03-04 01:00:00,0.7376,0.7446,0.7294,0.7439,41083663
2024-03-04 02:00:00,0.7439,0.757,0.7407,0.7534,64237793
2024-03-04 03:00:00,0.7535,0.76,0.7455,0.756,52777263
2024-03-04 04:00:00,0.7559,0.7575,0.7447,0.7469,34918047
2024-03-04 05:00:00,0.747,0.7799,0.7429,0.7631,92646534
2024-03-04 06:00:00,0.7631,0.7936,0.76,0.7933,77821464
2024-03-04 07:00:00,0.7934,0.7967,0.7816,0.7818,60000088
2024-03-04 08:00:00,0.7818,0.7986,0.7818,0.7947,60414068
2024-03-04 09:00:00,0.7947,0.7979,0.7828,0.7977,46871877
2024-03-04 10:00:00,0.7977,0.8,0.7755,0.7797,76067449
2024-03-04 11:00:00,0.7797,0.786,0.7731,0.7848,35255749
2024-03-04 12:00:00,0.7849,0.7851,0.776,0.7839,23601054
2024-03-04 13:00:00,0.7839,0.7859,0.7706,0.7722,30179277
2024-03-04 14:00:00,0.7722,0.7912,0.7654,0.7862,46760788
2024-03-04 15:00:00,0.7861,0.7907,0.7804,0.7888,28348733
2024-03-04 16:00:00,0.7888,0.7903,0.774,0.7801,37510355
2024-03-04 17:00:00,0.7801,0.7893,0.7661,0.7666,49087057
2024-03-04 18:00:00,0.7666,0.7826,0.7571,0.7778,51600064
2024-03-04 19:00:00,0.7779,0.7841,0.7677,0.7778,30406176
2024-03-04 20:00:00,0.7779,0.7796,0.7684,0.772,20737925
2024-03-04 21:00:00,0.772,0.7728,0.7635,0.7727,18738360
2024-03-04 22:00:00,0.7727,0.7755,0.7642,0.7727,17910177
2024-03-04 23:00:00,0.7726,0.7819,0.7674,0.7707,27042140
2024-03-05 00:00:00,0.7707,0.7799,0.765,0.7725,45788459
2024-03-05 01:00:00,0.7724,0.7828,0.7687,0.7785,40377090
2024-03-05 02:00:00,0.7784,0.7792,0.756,0.7683,60730015
2024-03-05 03:00:00,0.7683,0.7711,0.7611,0.7683,24154197
2024-03-05 04:00:00,0.7683,0.7762,0.7533,0.7608,72533097
2024-03-05 05:00:00,0.7609,0.7729,0.7413,0.7715,80193241
2024-03-05 06:00:00,0.7715,0.7724,0.7622,0.7709,28471748
2024-03-05 07:00:00,0.7709,0.7717,0.7539,0.7547,40790478
2024-03-05 08:00:00,0.7548,0.7652,0.7476,0.7641,44063598
2024-03-05 09:00:00,0.7641,0.7849,0.76,0.7776,48982972
2024-03-05 10:00:00,0.7776,0.7805,0.774,0.7756,27895720
2024-03-05 11:00:00,0.7756,0.7773,0.7689,0.769,16072297
2024-03-05 12:00:00,0.769,0.7774,0.7689,0.7764,19518689
2024-03-05 13:00:00,0.7763,0.7808,0.7713,0.7761,29042155
2024-03-05 14:00:00,0.7761,0.7803,0.763,0.7765,60992593
2024-03-05 15:00:00,0.7766,0.7807,0.7501,0.7548,96277687
2024-03-05 16:00:00,0.7548,0.7603,0.7195,0.7356,144746120
2024-03-05 17:00:00,0.7357,0.7363,0.7082,0.7354,82874533
2024-03-05 18:00:00,0.7355,0.7357,0.718,0.7203,36659595
2024-03-05 19:00:00,0.7203,0.7248,0.5501,0.6353,221878823
2024-03-05 20:00:00,0.6352,0.6629,0.626,0.6559,253825671
2024-03-05 21:00:00,0.6558,0.678,0.6547,0.6776,94589082
2024-03-05 22:00:00,0.6775,0.68,0.6628,0.6787,42922627
2024-03-05 23:00:00,0.6787,0.6986,0.6756,0.692,42767241
2024-03-06 00:00:00,0.692,0.6969,0.685,0.686,45699822
2024-03-06 01:00:00,0.6859,0.6934,0.6761,0.6787,43148441
2024-03-06 02:00:00,0.6786,0.6814,0.6657,0.666,42146291
2024-03-06 03:00:00,0.6661,0.6783,0.666,0.6768,27293293
2024-03-06 04:00:00,0.6768,0.6989,0.6768,0.6988,30443608
2024-03-06 05:00:00,0.6988,0.7235,0.697,0.723,71537849
2024-03-06 06:00:00,0.7231,0.7247,0.7164,0.7183,36678753
2024-03-06 07:00:00,0.7183,0.7391,0.7153,0.7386,43271085
2024-03-06 08:00:00,0.7386,0.7581,0.7357,0.7411,69998718
2024-03-06 09:00:00,0.741,0.7445,0.724,0.725,47130691
2024-03-06 10:00:00,0.725,0.736,0.725,0.7283,35050626
2024-03-06 11:00:00,0.7282,0.7351,0.7252,0.7327,27617943
2024-03-06 12:00:00,0.7328,0.7373,0.7025,0.7136,82897453
2024-03-06 13:00:00,0.7136,0.7191,0.7054,0.7163,57533018
2024-03-06 14:00:00,0.7163,0.7232,0.7076,0.7119,51285601
2024-03-06 15:00:00,0.7119,0.72,0.7018,0.7183,42245261
2024-03-06 16:00:00,0.7183,0.7236,0.7137,0.7212,29078910
2024-03-06 17:00:00,0.7213,0.7239,0.7164,0.7237,20842496
2024-03-06 18:00:00,0.7236,0.7271,0.7177,0.7252,26215791
2024-03-06 19:00:00,0.7252,0.7313,0.7199,0.7276,21344131
2024-03-06 20:00:00,0.7276,0.7294,0.7212,0.7262,19083152
2024-03-06 21:00:00,0.7262,0.7345,0.724,0.7332,20218949
2024-03-06 22:00:00,0.7332,0.7365,0.7248,0.7301,18075246
2024-03-06 23:00:00,0.7302,0.7384,0.7271,0.7357,20936354
2024-03-07 00:00:00,0.7357,0.7495,0.7319,0.749,43813156
2024-03-07 01:00:00,0.7491,0.7508,0.734,0.7505,47446570
2024-03-07 02:00:00,0.7505,0.7518,0.7372,0.7419,36369508
2024-03-07 03:00:00,0.7419,0.75,0.7362,0.7378,39182891
2024-03-07 04:00:00,0.7378,0.7455,0.7305,0.733,40180264
2024-03-07 05:00:00,0.733,0.7359,0.7203,0.7232,52859857
2024-03-07 06:00:00,0.7233,0.7302,0.719,0.727,35171706
2024-03-07 07:00:00,0.7269,0.7406,0.7259,0.7372,34565703
2024-03-07 08:00:00,0.7373,0.7425,0.7335,0.7344,28905060
2024-03-07 09:00:00,0.7344,0.7389,0.7314,0.7342,19178804
2024-03-07 10:00:00,0.7341,0.7395,0.731,0.7351,18636267
2024-03-07 11:00:00,0.7352,0.7399,0.7301,0.7396,30270214
2024-03-07 12:00:00,0.7395,0.742,0.7302,0.733,20124688
2024-03-07 13:00:00,0.733,0.7369,0.7256,0.736,21506438
2024-03-07 14:00:00,0.736,0.7531,0.7298,0.7392,68944146
2024-03-07 15:00:00,0.7391,0.7478,0.7329,0.7444,33104947
2024-03-07 16:00:00,0.7443,0.749,0.7353,0.742,27011489
2024-03-07 17:00:00,0.742,0.7493,0.7395,0.7473,19768742
2024-03-07 18:00:00,0.7472,0.7559,0.7444,0.7532,22048269
2024-03-07 19:00:00,0.7532,0.7562,0.7479,0.7528,19599547
2024-03-07 20:00:00,0.7528,0.7547,0.746,0.7466,19374211
2024-03-07 21:00:00,0.7467,0.7483,0.7408,0.748,21280765
2024-03-07 22:00:00,0.748,0.7504,0.7423,0.7432,11538268
2024-03-07 23:00:00,0.7432,0.7485,0.7431,0.7437,11904290
2024-03-08 00:00:00,0.7437,0.7502,0.7435,0.7487,17963013
2024-03-08 01:00:00,0.7488,0.7558,0.7425,0.7429,28485635
2024-03-08 02:00:00,0.7429,0.7469,0.7359,0.7383,23063381
2024-03-08 03:00:00,0.7383,0.7401,0.7344,0.7398,19104239
2024-03-08 04:00:00,0.7398,0.7434,0.735,0.7394,12983351
2024-03-08 05:00:00,0.7394,0.7406,0.7297,0.734,17725691
2024-03-08 06:00:00,0.734,0.7369,0.7307,0.7367,13526825
2024-03-08 07:00:00,0.7366,0.7369,0.7307,0.7315,15367517
2024-03-08 08:00:00,0.7315,0.7344,0.7268,0.733,19387387
2024-03-08 09:00:00,0.7329,0.7363,0.7322,0.7345,13358142
2024-03-08 10:00:00,0.7344,0.7377,0.7324,0.7345,13714754
2024-03-08 11:00:00,0.7344,0.7366,0.7293,0.7366,14712474
2024-03-08 12:00:00,0.7365,0.737,0.7314,0.7345,14179651
2024-03-08 13:00:00,0.7345,0.737,0.7313,0.7324,20531474
2024-03-08 14:00:00,0.7323,0.7402,0.7292,0.7371,36759437
2024-03-08 15:00:00,0.737,0.7436,0.6991,0.719,144449331
2024-03-08 16:00:00,0.7192,0.7274,0.7002,0.7235,138479249
2024-03-08 17:00:00,0.7234,0.7334,0.7211,0.7274,35425755
2024-03-08 18:00:00,0.7275,0.729,0.7212,0.7242,23705146
2024-03-08 19:00:00,0.7242,0.7261,0.7174,0.7235,22364147
2024-03-08 20:00:00,0.7236,0.7277,0.7214,0.7239,19989074
2024-03-08 21:00:00,0.7239,0.7263,0.7175,0.7208,17860118
2024-03-08 22:00:00,0.7208,0.7262,0.7182,0.7214,14186454
2024-03-08 23:00:00,0.7214,0.7259,0.7212,0.7235,9619465
2024-03-09 00:00:00,0.7236,0.7287,0.7212,0.7285,12792772
2024-03-09 01:00:00,0.7285,0.7292,0.7208,0.726,14473426
2024-03-09 02:00:00,0.7259,0.7307,0.7245,0.7278,12252864
2024-03-09 03:00:00,0.7278,0.7301,0.7254,0.7296,9064037
2024-03-09 04:00:00,0.7295,0.7343,0.7278,0.7335,14861469
2024-03-09 05:00:00,0.7334,0.7349,0.7301,0.7322,11616961
2024-03-09 06:00:00,0.7322,0.7361,0.7311,0.7333,10736171
2024-03-09 07:00:00,0.7333,0.741,0.7329,0.7373,16711040
2024-03-09 08:00:00,0.7374,0.74,0.7323,0.7338,17905362
2024-03-09 09:00:00,0.7338,0.7364,0.7307,0.7331,14340350
2024-03-09 10:00:00,0.7331,0.7342,0.7216,0.7281,29211704
2024-03-09 11:00:00,0.728,0.7315,0.7261,0.7314,11648281
2024-03-09 12:00:00,0.7315,0.7362,0.7287,0.7339,17360000
2024-03-09 13:00:00,0.734,0.736,0.7316,0.7344,10466735
2024-03-09 14:00:00,0.7345,0.7362,0.7306,0.732,17826693
2024-03-09 15:00:00,0.732,0.7396,0.7316,0.737,20764532
2024-03-09 16:00:00,0.7371,0.7409,0.7337,0.7404,29256606
2024-03-09 17:00:00,0.7404,0.7424,0.7321,0.739,29441897
2024-03-09 18:00:00,0.7391,0.7458,0.737,0.742,20423151
2024-03-09 19:00:00,0.7419,0.7452,0.7385,0.7386,13625749
2024-03-09 20:00:00,0.7386,0.744,0.7379,0.7434,12760164
2024-03-09 21:00:00,0.7434,0.7437,0.7382,0.7427,11897459
2024-03-09 22:00:00,0.7427,0.7471,0.742,0.7427,11191564
2024-03-09 23:00:00,0.7427,0.746,0.7416,0.7424,13968078
2024-03-10 00:00:00,0.7425,0.7454,0.7371,0.74,21696243
2024-03-10 01:00:00,0.74,0.7432,0.7363,0.7401,22550820
2024-03-10 02:00:00,0.7401,0.7417,0.7377,0.7384,8825628
2024-03-10 03:00:00,0.7384,0.7392,0.7343,0.7363,10741560
2024-03-10 04:00:00,0.7364,0.7398,0.7355,0.7357,13221029
2024-03-10 05:00:00,0.7356,0.7366,0.732,0.7331,8140102
2024-03-10 06:00:00,0.7332,0.7357,0.7313,0.7331,9848853
2024-03-10 07:00:00,0.733,0.738,0.7314,0.7378,11294013
2024-03-10 08:00:00,0.7377,0.7394,0.7347,0.7387,12910497
2024-03-10 09:00:00,0.7387,0.739,0.7263,0.7291,37396926
2024-03-10 10:00:00,0.7292,0.7342,0.7286,0.7342,17037501
2024-03-10 11:00:00,0.7343,0.7355,0.7276,0.7286,15148309
2024-03-10 12:00:00,0.7287,0.7308,0.7172,0.7267,28565952
2024-03-10 13:00:00,0.7266,0.7315,0.7229,0.7262,26238542
2024-03-10 14:00:00,0.7263,0.7283,0.7074,0.7201,42708975
2024-03-10 15:00:00,0.7202,0.722,0.7132,0.7159,22780965
2024-03-10 16:00:00,0.716,0.7271,0.7149,0.7216,18795912
2024-03-10 17:00:00,0.7215,0.7239,0.7176,0.7187,15260714
2024-03-10 18:00:00,0.7188,0.7208,0.7164,0.7171,11950630
2024-03-10 19:00:00,0.7171,0.7213,0.7153,0.7204,9711500
2024-03-10 20:00:00,0.7205,0.7221,0.7179,0.7206,10075252
2024-03-10 21:00:00,0.7206,0.7215,0.7158,0.717,7534746
2024-03-10 22:00:00,0.7171,0.7175,0.7003,0.705,38817517
2024-03-10 23:00:00,0.705,0.7184,0.7044,0.7173,17480706
2024-03-11 00:00:00,0.7172,0.7201,0.6837,0.7024,59262249
2024-03-11 01:00:00,0.7025,0.7097,0.6903,0.7016,53537094
2024-03-11 02:00:00,0.7016,0.7053,0.6983,0.7041,19029354
2024-03-11 03:00:00,0.704,0.7143,0.7033,0.7137,23528885
2024-03-11 04:00:00,0.7138,0.7162,0.7107,0.7116,15550533
2024-03-11 05:00:00,0.7117,0.7169,0.7109,0.7123,18535724
2024-03-11 06:00:00,0.7123,0.7229,0.7072,0.7229,28071837
2024-03-11 07:00:00,0.7228,0.7445,0.7225,0.7354,89250760
2024-03-11 08:00:00,0.7354,0.7408,0.7338,0.738,39380872
2024-03-11 09:00:00,0.7381,0.7456,0.7352,0.745,23650967
2024-03-11 10:00:00,0.7449,0.7462,0.7401,0.7409,29898965
2024-03-11 11:00:00,0.7409,0.7453,0.735,0.7386,36239792
2024-03-11 12:00:00,0.7385,0.7431,0.7357,0.7413,20068871
2024-03-11 13:00:00,0.7413,0.7425,0.7288,0.73,31352587
2024-03-11 14:00:00,0.7299,0.7408,0.7299,0.7354,31243173
2024-03-11 15:00:00,0.7354,0.7627,0.7335,0.7593,94906075
2024-03-11 16:00:00,0.7593,0.7739,0.7549,0.7605,120197584
2024-03-11 17:00:00,0.7604,0.7677,0.7553,0.7674,41655233
2024-03-11 18:00:00,0.7673,0.7803,0.7666,0.7736,50190922
2024-03-11 19:00:00,0.7736,0.779,0.7709,0.7746,31149299
2024-03-11 20:00:00,0.7746,0.7811,0.7728,0.7742,29964176
2024-03-11 21:00:00,0.7741,0.7852,0.7715,0.7814,26276178
2024-03-11 22:00:00,0.7814,0.7893,0.7803,0.7842,30557768
2024-03-11 23:00:00,0.7842,0.7865,0.7738,0.7766,27358136
2024-03-12 00:00:00,0.7767,0.7777,0.7643,0.7644,39482736
2024-03-12 01:00:00,0.7644,0.769,0.7634,0.765,22727819
2024-03-12 02:00:00,0.765,0.773,0.7621,0.7716,23636749
2024-03-12 03:00:00,0.7715,0.772,0.7563,0.7586,39508167
2024-03-12 04:00:00,0.7587,0.7673,0.7551,0.7647,25644343
2024-03-12 05:00:00,0.7648,0.7668,0.7621,0.7633,12006698
2024-03-12 06:00:00,0.7634,0.7637,0.7472,0.7557,45223619
2024-03-12 07:00:00,0.7556,0.7579,0.7514,0.7526,17823165
2024-03-12 08:00:00,0.7526,0.7539,0.7334,0.743,59515518
2024-03-12 09:00:00,0.743,0.7493,0.7421,0.7459,19750419
2024-03-12 10:00:00,0.7459,0.748,0.7417,0.7475,16608537
2024-03-12 11:00:00,0.7475,0.7547,0.7462,0.7488,28623416
2024-03-12 12:00:00,0.7489,0.7535,0.7358,0.7519,50059117
2024-03-12 13:00:00,0.7519,0.754,0.7426,0.7499,38512285
2024-03-12 14:00:00,0.7499,0.7585,0.7384,0.7395,63212442
2024-03-12 15:00:00,0.7395,0.7504,0.7334,0.7478,44003128
2024-03-12 16:00:00,0.7479,0.7502,0.7257,0.73,71883915
2024-03-12 17:00:00,0.7301,0.7382,0.7034,0.7379,130276347
2024-03-12 18:00:00,0.738,0.7425,0.734,0.7421,27759220
2024-03-12 19:00:00,0.7422,0.7483,0.7393,0.7478,19705781
2024-03-12 20:00:00,0.7478,0.748,0.7344,0.7365,21332662
2024-03-12 21:00:00,0.7365,0.7414,0.7343,0.7391,11290006
2024-03-12 22:00:00,0.7392,0.7443,0.7374,0.7428,13191453
2024-03-12 23:00:00,0.7428,0.7495,0.7411,0.7488,13455542
2024-03-13 00:00:00,0.7487,0.7525,0.746,0.7474,17497968
2024-03-13 01:00:00,0.7475,0.7561,0.7463,0.7554,18358886
2024-03-13 02:00:00,0.7554,0.7561,0.7533,0.7543,9235321
2024-03-13 03:00:00,0.7544,0.7552,0.751,0.7533,9676399
2024-03-13 04:00:00,0.7532,0.7539,0.7501,0.7519,9070578
2024-03-13 05:00:00,0.752,0.7574,0.7495,0.7559,12837862
2024-03-13 06:00:00,0.7559,0.7608,0.7528,0.7606,16970390
2024-03-13 07:00:00,0.7606,0.7702,0.7598,0.764,43823536
2024-03-13 08:00:00,0.7639,0.7744,0.7637,0.7704,29450162
2024-03-13 09:00:00,0.7704,0.772,0.7637,0.7639,23212705
2024-03-13 10:00:00,0.7638,0.7647,0.7571,0.7604,22788621
2024-03-13 11:00:00,0.7604,0.7636,0.7577,0.7599,16750314
2024-03-13 12:00:00,0.7599,0.7659,0.7575,0.76,32686500
2024-03-13 13:00:00,0.76,0.7627,0.7396,0.7473,53838304
2024-03-13 14:00:00,0.7473,0.7538,0.7383,0.7417,40835433
2024-03-13 15:00:00,0.7418,0.7525,0.7365,0.7469,35566992
2024-03-13 16:00:00,0.747,0.752,0.7424,0.7513,18474989
2024-03-13 17:00:00,0.7513,0.7548,0.7457,0.7489,16070177
2024-03-13 18:00:00,0.7489,0.7556,0.7487,0.7527,11729217
2024-03-13 19:00:00,0.7528,0.7537,0.7481,0.7528,11213313
2024-03-13 20:00:00,0.7527,0.7548,0.7474,0.7498,13744160
2024-03-13 21:00:00,0.7498,0.7535,0.7466,0.7535,13059315
2024-03-13 22:00:00,0.7535,0.758,0.7519,0.7574,14086484
2024-03-13 23:00:00,0.7574,0.7674,0.7568,0.7646,28184690
2024-03-14 00:00:00,0.7646,0.7677,0.7559,0.7575,27608646
2024-03-14 01:00:00,0.7575,0.761,0.7537,0.76,19874313
2024-03-14 02:00:00,0.7599,0.7656,0.7564,0.7596,22113875
2024-03-14 03:00:00,0.7596,0.7627,0.756,0.7604,18268596
2024-03-14 04:00:00,0.7604,0.7612,0.7448,0.7491,35160937
2024-03-14 05:00:00,0.7492,0.7577,0.7472,0.7555,16439718
2024-03-14 06:00:00,0.7555,0.7628,0.7551,0.7606,18494233
2024-03-14 07:00:00,0.7607,0.7947,0.7598,0.784,107511936
2024-03-14 08:00:00,0.784,0.7938,0.7745,0.7899,80758706
2024-03-14 09:00:00,0.7899,0.8094,0.7858,0.8011,116147103
2024-03-14 10:00:00,0.8011,0.8117,0.7906,0.7961,78498199
2024-03-14 11:00:00,0.7961,0.7971,0.7813,0.796,73971138
2024-03-14 12:00:00,0.796,0.8029,0.7827,0.7896,51366282
2024-03-14 13:00:00,0.7896,0.7918,0.751,0.7634,109269912
2024-03-14 14:00:00,0.7634,0.7773,0.7569,0.7619,74074599
2024-03-14 15:00:00,0.762,0.7663,0.7409,0.7478,79641446
2024-03-14 16:00:00,0.7479,0.7609,0.7371,0.7606,71263788
2024-03-14 17:00:00,0.7606,0.7629,0.7488,0.7562,36890908
2024-03-14 18:00:00,0.7561,0.7562,0.7305,0.7383,53580381
2024-03-14 19:00:00,0.7382,0.7427,0.714,0.7277,101458522
2024-03-14 20:00:00,0.7276,0.7479,0.7268,0.7428,44048379
2024-03-14 21:00:00,0.7429,0.7459,0.7365,0.7455,18897253
2024-03-14 22:00:00,0.7455,0.7556,0.7452,0.7502,25320778
2024-03-14 23:00:00,0.7503,0.7547,0.7482,0.7515,13414560
2024-03-15 00:00:00,0.7516,0.7615,0.7485,0.7564,29151447
2024-03-15 01:00:00,0.7565,0.7628,0.7521,0.758,28117073
2024-03-15 02:00:00,0.758,0.7655,0.7198,0.7305,129643958
2024-03-15 03:00:00,0.7305,0.7355,0.6933,0.7211,135217847
2024-03-15 04:00:00,0.7211,0.7234,0.7043,0.7084,67557221
2024-03-15 05:00:00,0.7083,0.7208,0.7048,0.7084,39872838
2024-03-15 06:00:00,0.7084,0.7274,0.7082,0.7261,36202395
2024-03-15 07:00:00,0.726,0.7272,0.7147,0.7213,38104401
2024-03-15 08:00:00,0.7213,0.7228,0.6876,0.6889,89732745
2024-03-15 09:00:00,0.6889,0.7031,0.6681,0.7011,153243879
2024-03-15 10:00:00,0.701,0.7046,0.6932,0.6966,40452665
2024-03-15 11:00:00,0.6967,0.7044,0.685,0.7017,66812719
2024-03-15 12:00:00,0.7017,0.7077,0.6975,0.7041,34042159
2024-03-15 13:00:00,0.704,0.72,0.6996,0.7187,49549253
2024-03-15 14:00:00,0.7187,0.7205,0.7085,0.7189,33041861
2024-03-15 15:00:00,0.7188,0.7255,0.7159,0.718,35467146
2024-03-15 16:00:00,0.7179,0.7215,0.7085,0.7127,39823544
2024-03-15 17:00:00,0.7126,0.7174,0.7077,0.7166,21385463
2024-03-15 18:00:00,0.7165,0.7367,0.7159,0.7357,37906263
2024-03-15 19:00:00,0.7357,0.7412,0.715,0.7198,70695095
2024-03-15 20:00:00,0.7198,0.7205,0.6991,0.7024,53908400
2024-03-15 21:00:00,0.7024,0.713,0.7017,0.7126,16712728
2024-03-15 22:00:00,0.7126,0.7251,0.7098,0.7245,17527026
2024-03-15 23:00:00,0.7245,0.7307,0.7195,0.7282,27837287
2024-03-16 00:00:00,0.7281,0.7309,0.7209,0.7226,26497982
2024-03-16 01:00:00,0.7225,0.7278,0.7212,0.7243,19860961
2024-03-16 02:00:00,0.7244,0.7259,0.7198,0.7211,13476767
2024-03-16 03:00:00,0.7211,0.7264,0.7172,0.7229,14582295
2024-03-16 04:00:00,0.7228,0.7252,0.7161,0.7189,16677902
2024-03-16 05:00:00,0.7189,0.7199,0.7081,0.7149,26633247
2024-03-16 06:00:00,0.7148,0.7252,0.7144,0.7245,20925703
2024-03-16 07:00:00,0.7246,0.7351,0.7228,0.7345,30349274
2024-03-16 08:00:00,0.7346,0.7359,0.7266,0.7281,24062063
2024-03-16 09:00:00,0.7281,0.7299,0.7236,0.7267,21863751
2024-03-16 10:00:00,0.7268,0.7322,0.7232,0.7239,24251844
2024-03-16 11:00:00,0.7239,0.7274,0.7121,0.719,33418621
2024-03-16 12:00:00,0.7191,0.7204,0.7072,0.7085,34183103
2024-03-16 13:00:00,0.7085,0.7138,0.6968,0.697,51311745
2024-03-16 14:00:00,0.6971,0.7035,0.6932,0.7029,39433077
2024-03-16 15:00:00,0.7028,0.7052,0.6924,0.7048,36974149
2024-03-16 16:00:00,0.7047,0.7056,0.6958,0.6981,22920221
2024-03-16 17:00:00,0.6981,0.7002,0.681,0.6835,55514880
2024-03-16 18:00:00,0.6836,0.6859,0.6603,0.6685,113290624
2024-03-16 19:00:00,0.6685,0.6812,0.6656,0.6669,50905943
2024-03-16 20:00:00,0.6669,0.6772,0.6589,0.6731,46266117
2024-03-16 21:00:00,0.6731,0.6757,0.6582,0.665,31789745
2024-03-16 22:00:00,0.6649,0.6719,0.6595,0.6662,22386301
2024-03-16 23:00:00,0.6661,0.6661,0.6507,0.6597,64296282
2024-03-17 00:00:00,0.6598,0.6722,0.6503,0.6518,45026540
2024-03-17 01:00:00,0.6518,0.6662,0.6518,0.666,25838899
2024-03-17 02:00:00,0.666,0.6743,0.6632,0.671,22404837
2024-03-17 03:00:00,0.671,0.674,0.6683,0.6736,13996821
2024-03-17 04:00:00,0.6735,0.6739,0.6668,0.6694,15467775
2024-03-17 05:00:00,0.6694,0.6708,0.6616,0.6648,17364776
2024-03-17 06:00:00,0.6647,0.6666,0.6432,0.6435,35913414
2024-03-17 07:00:00,0.6434,0.6496,0.6292,0.6461,86838559
2024-03-17 08:00:00,0.6462,0.6687,0.6443,0.6666,47275805
2024-03-17 09:00:00,0.6665,0.6763,0.6641,0.6693,35146172
2024-03-17 10:00:00,0.6693,0.6834,0.6691,0.6801,36836536
2024-03-17 11:00:00,0.6801,0.6844,0.6766,0.6783,19962477
2024-03-17 12:00:00,0.6782,0.6838,0.6633,0.6665,33151921
2024-03-17 13:00:00,0.6665,0.6808,0.6664,0.6773,32726534
2024-03-17 14:00:00,0.6773,0.6822,0.6725,0.6787,22365267
2024-03-17 15:00:00,0.6788,0.6866,0.6732,0.6843,27023958
2024-03-17 16:00:00,0.6843,0.6872,0.676,0.6782,22479497
2024-03-17 17:00:00,0.6783,0.6863,0.6761,0.6842,21215565
2024-03-17 18:00:00,0.6842,0.6855,0.677,0.6779,16488907
2024-03-17 19:00:00,0.6778,0.685,0.6771,0.6848,14016217
2024-03-17 20:00:00,0.6848,0.6861,0.6784,0.6793,10452756
2024-03-17 21:00:00,0.6792,0.6804,0.6743,0.6779,11588207
2024-03-17 22:00:00,0.678,0.6887,0.6779,0.6823,21475291
2024-03-17 23:00:00,0.6822,0.6843,0.6758,0.6818,19818133
2024-03-18 00:00:00,0.6817,0.6818,0.6635,0.6637,35139820
2024-03-18 01:00:00,0.6636,0.6729,0.657,0.6699,33531860
2024-03-18 02:00:00,0.67,0.6777,0.6682,0.6721,20993287
2024-03-18 03:00:00,0.6721,0.677,0.6706,0.6715,13705129
2024-03-18 04:00:00,0.6715,0.6805,0.6655,0.677,18964575
2024-03-18 05:00:00,0.6771,0.6944,0.6736,0.6943,33147967
2024-03-18 06:00:00,0.6943,0.6996,0.6854,0.6885,47728384
2024-03-18 07:00:00,0.6886,0.69,0.6824,0.6875,23825292
2024-03-18 08:00:00,0.6876,0.6878,0.6708,0.6822,35076361
2024-03-18 09:00:00,0.6821,0.6839,0.673,0.6751,27905139
2024-03-18 10:00:00,0.6751,0.6838,0.6717,0.6836,24860255
2024-03-18 11:00:00,0.6837,0.6887,0.6807,0.6825,18426889
2024-03-18 12:00:00,0.6824,0.6869,0.6766,0.6824,30189200
2024-03-18 13:00:00,0.6825,0.6831,0.6613,0.6641,61146532
2024-03-18 14:00:00,0.6641,0.6671,0.6501,0.6546,52933977
2024-03-18 15:00:00,0.6547,0.6635,0.6505,0.6609,38275031
2024-03-18 16:00:00,0.6608,0.6681,0.6505,0.6534,35295386
2024-03-18 17:00:00,0.6534,0.6556,0.6427,0.6525,50812079
2024-03-18 18:00:00,0.6525,0.6566,0.6463,0.6469,21291002
2024-03-18 19:00:00,0.647,0.6563,0.6451,0.6497,20612146
2024-03-18 20:00:00,0.6497,0.6576,0.6496,0.6555,12366117
2024-03-18 21:00:00,0.6556,0.662,0.6545,0.6555,14237779
2024-03-18 22:00:00,0.6553,0.6578,0.6513,0.6577,20116146
2024-03-18 23:00:00,0.6577,0.667,0.6557,0.661,24383993
2024-03-19 00:00:00,0.661,0.6668,0.6452,0.6483,43465663
2024-03-19 01:00:00,0.6483,0.6492,0.6254,0.6306,98338549
2024-03-19 02:00:00,0.6306,0.642,0.6294,0.632,36250351
2024-03-19 03:00:00,0.6319,0.6385,0.6201,0.6356,61442217
2024-03-19 04:00:00,0.6356,0.6384,0.6241,0.625,40587890
2024-03-19 05:00:00,0.625,0.6325,0.6175,0.6264,55906234
2024-03-19 06:00:00,0.6265,0.6295,0.6117,0.6189,52281377
2024-03-19 07:00:00,0.6191,0.6282,0.6004,0.627,110673935
2024-03-19 08:00:00,0.627,0.6272,0.6001,0.6027,85902850
2024-03-19 09:00:00,0.6026,0.6205,0.5916,0.6181,118011714
2024-03-19 10:00:00,0.6181,0.6181,0.6005,0.6075,48939860
2024-03-19 11:00:00,0.6074,0.6192,0.5982,0.6176,50477867
2024-03-19 12:00:00,0.6176,0.6292,0.6159,0.6218,62040590
2024-03-19 13:00:00,0.6218,0.6247,0.6137,0.6186,42481152
2024-03-19 14:00:00,0.6186,0.6203,0.6079,0.6175,48325054
2024-03-19 15:00:00,0.6176,0.6281,0.6104,0.6269,51438270
2024-03-19 16:00:00,0.6269,0.6301,0.6199,0.6243,43031965
2024-03-19 17:00:00,0.6244,0.6291,0.6187,0.6219,37808367
2024-03-19 18:00:00,0.6219,0.6219,0.613,0.6144,28613294
2024-03-19 19:00:00,0.6144,0.6248,0.6113,0.616,33835486
2024-03-19 20:00:00,0.616,0.6178,0.602,0.6039,39086169
2024-03-19 21:00:00,0.6039,0.6064,0.5996,0.6053,23661243
2024-03-19 22:00:00,0.6053,0.6068,0.5853,0.5893,59327228
2024-03-19 23:00:00,0.5893,0.5919,0.58,0.5866,56926588
2024-03-20 00:00:00,0.5866,0.6002,0.5843,0.5999,58077667
2024-03-20 01:00:00,0.5998,0.6001,0.5849,0.5893,42618336
2024-03-20 02:00:00,0.5894,0.6,0.5867,0.5986,30517650
2024-03-20 03:00:00,0.5986,0.6057,0.5872,0.5888,40058944
2024-03-20 04:00:00,0.5889,0.594,0.5791,0.5848,70385754
2024-03-20 05:00:00,0.5847,0.5875,0.5691,0.5801,68998272
2024-03-20 06:00:00,0.5801,0.5931,0.5796,0.5922,36417210
2024-03-20 07:00:00,0.5922,0.612,0.5908,0.6095,53644542
2024-03-20 08:00:00,0.6095,0.6124,0.6017,0.602,33960640
2024-03-20 09:00:00,0.6021,0.6086,0.6011,0.6054,26421786
2024-03-20 10:00:00,0.6054,0.6085,0.6016,0.6048,20785437
2024-03-20 11:00:00,0.6048,0.6146,0.6035,0.6116,30986078
2024-03-20 12:00:00,0.6116,0.6165,0.6075,0.6137,37172290
2024-03-20 13:00:00,0.6136,0.6139,0.6056,0.6074,28765709
2024-03-20 14:00:00,0.6075,0.6129,0.6044,0.6107,26131803
2024-03-20 15:00:00,0.6106,0.6129,0.597,0.5991,49652407
2024-03-20 16:00:00,0.5991,0.6016,0.5757,0.5899,102505318
2024-03-20 17:00:00,0.5899,0.6058,0.5871,0.6,50652403
2024-03-20 18:00:00,0.6,0.6246,0.6,0.6235,59037006
2024-03-20 19:00:00,0.6235,0.6348,0.6196,0.6321,55752143
2024-03-20 20:00:00,0.6322,0.6439,0.6291,0.6372,51886076
2024-03-20 21:00:00,0.6372,0.6433,0.6353,0.6405,19606479
2024-03-20 22:00:00,0.6405,0.6445,0.6369,0.6401,26117765
2024-03-20 23:00:00,0.6402,0.6427,0.637,0.6399,21153300
2024-03-21 00:00:00,0.6398,0.6449,0.6347,0.6391,30069353
2024-03-21 01:00:00,0.6391,0.643,0.6365,0.6412,16819459
2024-03-21 02:00:00,0.6411,0.6452,0.6388,0.6418,18067275
2024-03-21 03:00:00,0.6419,0.6464,0.633,0.636,35277675
2024-03-21 04:00:00,0.636,0.6393,0.6307,0.6324,30996811
2024-03-21 05:00:00,0.6324,0.6334,0.6208,0.6317,38569693
2024-03-21 06:00:00,0.6317,0.6363,0.6278,0.63,23858884
2024-03-21 07:00:00,0.63,0.6355,0.6285,0.6314,18109089
2024-03-21 08:00:00,0.6314,0.6384,0.6306,0.635,21982108
2024-03-21 09:00:00,0.6351,0.638,0.6283,0.6331,21007057
2024-03-21 10:00:00,0.6331,0.6376,0.6321,0.6355,16885749
2024-03-21 11:00:00,0.6355,0.6368,0.631,0.6326,17886712
2024-03-21 12:00:00,0.6326,0.6381,0.6288,0.6317,24616489
2024-03-21 13:00:00,0.6316,0.637,0.6295,0.6306,28045415
2024-03-21 14:00:00,0.6306,0.6386,0.6287,0.6355,25820416
2024-03-21 15:00:00,0.6355,0.6377,0.629,0.6364,41622161
2024-03-21 16:00:00,0.6363,0.6453,0.6332,0.6444,40748191
2024-03-21 17:00:00,0.6444,0.649,0.6294,0.6332,52280015
2024-03-21 18:00:00,0.6331,0.6347,0.6182,0.6245,56252451
2024-03-21 19:00:00,0.6244,0.636,0.6227,0.633,28648336
2024-03-21 20:00:00,0.6329,0.6414,0.6246,0.6368,41674816
2024-03-21 21:00:00,0.6368,0.637,0.6296,0.634,11882429
2024-03-21 22:00:00,0.634,0.6359,0.6296,0.6312,12800146
2024-03-21 23:00:00,0.6312,0.6342,0.6305,0.6323,8970109
2024-03-22 00:00:00,0.6324,0.6352,0.6268,0.631,21767221
2024-03-22 01:00:00,0.631,0.633,0.6226,0.623,23333520
2024-03-22 02:00:00,0.623,0.626,0.6206,0.6253,16066493
2024-03-22 03:00:00,0.6253,0.6356,0.625,0.6349,20439310
2024-03-22 04:00:00,0.6349,0.6381,0.6322,0.6355,14770085
2024-03-22 05:00:00,0.6355,0.6399,0.6323,0.6398,14890547
2024-03-22 06:00:00,0.6398,0.642,0.6373,0.6413,13932594
2024-03-22 07:00:00,0.6413,0.643,0.6381,0.6403,12024344
2024-03-22 08:00:00,0.6402,0.6431,0.6341,0.6354,18368667
2024-03-22 09:00:00,0.6353,0.6374,0.631,0.6323,15229880
2024-03-22 10:00:00,0.6323,0.6335,0.621,0.6213,27019300
2024-03-22 11:00:00,0.6214,0.6267,0.6164,0.6191,30584961
2024-03-22 12:00:00,0.6191,0.625,0.6154,0.6206,23520590
2024-03-22 13:00:00,0.6205,0.6223,0.6033,0.6059,49123220
2024-03-22 14:00:00,0.6058,0.612,0.5989,0.6071,72498957
2024-03-22 15:00:00,0.6071,0.6226,0.6068,0.6183,59156007
2024-03-22 16:00:00,0.6184,0.6184,0.6086,0.6142,32992658
2024-03-22 17:00:00,0.6142,0.6185,0.6103,0.6142,32011586
2024-03-22 18:00:00,0.6143,0.617,0.6103,0.6128,15126171
2024-03-22 19:00:00,0.6127,0.616,0.6079,0.6133,16166174
2024-03-22 20:00:00,0.6133,0.6144,0.6083,0.6094,15984787
2024-03-22 21:00:00,0.6093,0.6097,0.6001,0.6061,26152091
2024-03-22 22:00:00,0.606,0.6093,0.601,0.6071,17944842
2024-03-22 23:00:00,0.6071,0.6158,0.6062,0.6152,14327046
2024-03-23 00:00:00,0.6151,0.6173,0.6125,0.6154,15403183
2024-03-23 01:00:00,0.6155,0.6265,0.6154,0.6235,18148043
2024-03-23 02:00:00,0.6234,0.6265,0.6181,0.6218,16708050
2024-03-23 03:00:00,0.6217,0.622,0.6106,0.6173,23458397
2024-03-23 04:00:00,0.6173,0.6253,0.6168,0.6212,13288371
2024-03-23 05:00:00,0.6212,0.6226,0.6186,0.6212,7267965
2024-03-23 06:00:00,0.6212,0.6281,0.6196,0.6251,17311997
2024-03-23 07:00:00,0.6251,0.6316,0.625,0.6282,15395299
2024-03-23 08:00:00,0.6281,0.6318,0.6259,0.6281,12602876
2024-03-23 09:00:00,0.628,0.6304,0.6249,0.6301,11894847
2024-03-23 10:00:00,0.63,0.6326,0.6268,0.628,12835596
2024-03-23 11:00:00,0.628,0.6313,0.6261,0.6308,10167316
2024-03-23 12:00:00,0.6308,0.6345,0.6293,0.6325,10865222
2024-03-23 13:00:00,0.6325,0.6353,0.6296,0.6339,13772613
2024-03-23 14:00:00,0.634,0.6398,0.6318,0.6382,22797792
2024-03-23 15:00:00,0.6383,0.6396,0.6302,0.6336,31268270
2024-03-23 16:00:00,0.6335,0.6359,0.6302,0.6323,18063706
2024-03-23 17:00:00,0.6323,0.6354,0.6306,0.6338,10627893
2024-03-23 18:00:00,0.6339,0.6353,0.6328,0.6337,7855392
2024-03-23 19:00:00,0.6337,0.6345,0.6292,0.6305,9037910
2024-03-23 20:00:00,0.6306,0.6321,0.6299,0.6308,7475095
2024-03-23 21:00:00,0.6308,0.633,0.6284,0.6316,9853705
2024-03-23 22:00:00,0.6315,0.634,0.6305,0.6317,7663049
2024-03-23 23:00:00,0.6317,0.6319,0.6226,0.6235,16259184
2024-03-24 00:00:00,0.6236,0.6344,0.6227,0.6335,14231061
2024-03-24 01:00:00,0.6334,0.6353,0.6306,0.6335,8458814
2024-03-24 02:00:00,0.6336,0.6363,0.632,0.6348,10825461
2024-03-24 03:00:00,0.6348,0.6348,0.6274,0.6276,14064384
2024-03-24 04:00:00,0.6276,0.631,0.625,0.6292,11581987
2024-03-24 05:00:00,0.6291,0.6347,0.6273,0.6337,8722235
2024-03-24 06:00:00,0.6338,0.6357,0.6303,0.6339,12880082
2024-03-24 07:00:00,0.6338,0.6393,0.6326,0.6382,17691370
2024-03-24 08:00:00,0.6382,0.6413,0.6357,0.6396,29076417
2024-03-24 09:00:00,0.6396,0.6398,0.6348,0.6383,11390657
2024-03-24 10:00:00,0.6383,0.6392,0.636,0.6369,8220663
2024-03-24 11:00:00,0.637,0.638,0.6345,0.6364,9346527
2024-03-24 12:00:00,0.6365,0.6404,0.6356,0.6392,9776558
2024-03-24 13:00:00,0.6392,0.6406,0.6356,0.639,12586246
2024-03-24 14:00:00,0.639,0.646,0.636,0.6386,29240847
2024-03-24 15:00:00,0.6387,0.6391,0.6347,0.6356,13621646
2024-03-24 16:00:00,0.6356,0.6365,0.6306,0.6314,12910359
2024-03-24 17:00:00,0.6314,0.6318,0.6253,0.6298,25765992
2024-03-24 18:00:00,0.6298,0.6362,0.6293,0.6336,14884454
2024-03-24 19:00:00,0.6335,0.6353,0.6329,0.6338,7661133
2024-03-24 20:00:00,0.6338,0.6403,0.6318,0.6392,15644802
2024-03-24 21:00:00,0.6393,0.6451,0.6392,0.642,13969037
2024-03-24 22:00:00,0.6421,0.6463,0.6415,0.6451,12499466
2024-03-24 23:00:00,0.6451,0.649,0.6443,0.6474,17422551
2024-03-25 00:00:00,0.6473,0.6481,0.6396,0.64,17420224
2024-03-25 01:00:00,0.64,0.6459,0.6395,0.6417,10688110
2024-03-25 02:00:00,0.6418,0.6452,0.6392,0.6436,10022749
2024-03-25 03:00:00,0.6436,0.6481,0.6423,0.6474,13977816
2024-03-25 04:00:00,0.6473,0.652,0.6432,0.6516,21458558
2024-03-25 05:00:00,0.6516,0.6563,0.651,0.6528,16639683
2024-03-25 06:00:00,0.6529,0.6531,0.6473,0.6487,12779916
2024-03-25 07:00:00,0.6487,0.6511,0.6421,0.6426,14553481
2024-03-25 08:00:00,0.6426,0.6478,0.6421,0.6467,13760633
2024-03-25 09:00:00,0.6467,0.6481,0.6427,0.6479,9514188
2024-03-25 10:00:00,0.6479,0.6521,0.6457,0.649,15290592
2024-03-25 11:00:00,0.649,0.6497,0.6415,0.6428,13827073
2024-03-25 12:00:00,0.6428,0.6463,0.6416,0.6431,13856604
2024-03-25 13:00:00,0.6431,0.648,0.638,0.6475,21442609
2024-03-25 14:00:00,0.6476,0.6619,0.6442,0.6597,49368078
2024-03-25 15:00:00,0.6597,0.665,0.6579,0.6621,30929431
2024-03-25 16:00:00,0.6621,0.6666,0.6589,0.6644,26039643
2024-03-25 17:00:00,0.6645,0.6688,0.6627,0.6646,23834711
2024-03-25 18:00:00,0.6646,0.6655,0.6605,0.6649,11933907
2024-03-25 19:00:00,0.6649,0.6668,0.6606,0.6663,12657598
2024-03-25 20:00:00,0.6663,0.6676,0.6644,0.6658,10194505
2024-03-25 21:00:00,0.6658,0.6662,0.6542,0.659,23914058
2024-03-25 22:00:00,0.659,0.6648,0.6589,0.6618,11955679
2024-03-25 23:00:00,0.6619,0.6624,0.6544,0.6573,11579930
2024-03-26 00:00:00,0.6573,0.6624,0.6545,0.6597,16846080
2024-03-26 01:00:00,0.6597,0.665,0.6583,0.665,11851183
2024-03-26 02:00:00,0.6649,0.6672,0.6622,0.6671,11832406
2024-03-26 03:00:00,0.667,0.6675,0.6638,0.6665,12342834
2024-03-26 04:00:00,0.6665,0.6736,0.666,0.6721,15829497
2024-03-26 05:00:00,0.6722,0.6728,0.6692,0.6703,11938757
2024-03-26 06:00:00,0.6703,0.675,0.6693,0.6744,10017561
2024-03-26 07:00:00,0.6745,0.6811,0.6718,0.6724,39434484
2024-03-26 08:00:00,0.6725,0.6776,0.6698,0.6762,19575906
2024-03-26 09:00:00,0.6762,0.6786,0.6732,0.6774,11919369
2024-03-26 10:00:00,0.6775,0.6842,0.6755,0.6824,30230340
2024-03-26 11:00:00,0.6824,0.6826,0.6766,0.6767,18855882
2024-03-26 12:00:00,0.6766,0.6788,0.6676,0.6758,36165068
2024-03-26 13:00:00,0.6758,0.677,0.6635,0.6671,33362508
2024-03-26 14:00:00,0.6671,0.6694,0.653,0.6659,59421518
2024-03-26 15:00:00,0.666,0.6662,0.657,0.6636,23964991
2024-03-26 16:00:00,0.6635,0.6663,0.6523,0.6558,31323412
2024-03-26 17:00:00,0.6558,0.6613,0.6527,0.6598,16391217
2024-03-26 18:00:00,0.66,0.6659,0.6593,0.6614,13137534
2024-03-26 19:00:00,0.6615,0.6624,0.6564,0.658,16576505
2024-03-26 20:00:00,0.658,0.6639,0.6579,0.6621,9780016
2024-03-26 21:00:00,0.6621,0.6669,0.6607,0.6652,9392096
2024-03-26 22:00:00,0.6651,0.6686,0.6605,0.6681,15635659
2024-03-26 23:00:00,0.6682,0.669,0.6644,0.6656,7540456
2024-03-27 00:00:00,0.6657,0.6705,0.6623,0.6702,18625237
2024-03-27 01:00:00,0.6703,0.6718,0.6667,0.6679,11279572
2024-03-27 02:00:00,0.6679,0.6684,0.6651,0.6676,8579947
2024-03-27 03:00:00,0.6677,0.6682,0.6621,0.6635,12165011
2024-03-27 04:00:00,0.6634,0.6648,0.6595,0.6617,9224045
2024-03-27 05:00:00,0.6617,0.6638,0.6603,0.6618,8486030
2024-03-27 06:00:00,0.6619,0.6626,0.6563,0.658,12810148
2024-03-27 07:00:00,0.658,0.6582,0.6472,0.649,26894009
2024-03-27 08:00:00,0.6491,0.6521,0.643,0.6443,21579165
2024-03-27 09:00:00,0.6442,0.651,0.6393,0.6504,31904493
2024-03-27 10:00:00,0.6504,0.653,0.6484,0.6502,24151546
2024-03-27 11:00:00,0.6502,0.6577,0.649,0.6577,21574935
2024-03-27 12:00:00,0.6577,0.6622,0.6523,0.6541,30284950
2024-03-27 13:00:00,0.654,0.6665,0.6443,0.6493,77310118
2024-03-27 14:00:00,0.6493,0.6506,0.6334,0.6457,92411294
2024-03-27 15:00:00,0.6458,0.6461,0.6342,0.6343,42217312
2024-03-27 16:00:00,0.6344,0.6398,0.6307,0.6395,28315904
2024-03-27 17:00:00,0.6395,0.6423,0.6364,0.6393,15602120
2024-03-27 18:00:00,0.6392,0.6407,0.6351,0.6359,19760857
2024-03-27 19:00:00,0.636,0.6463,0.636,0.6454,21137420
2024-03-27 20:00:00,0.6455,0.653,0.6449,0.6528,25199432
2024-03-27 21:00:00,0.6528,0.6604,0.6494,0.6501,22092068
2024-03-27 22:00:00,0.65,0.6531,0.6498,0.6513,9196018
2024-03-27 23:00:00,0.6513,0.6517,0.6458,0.6486,11935573
2024-03-28 00:00:00,0.6485,0.6538,0.6452,0.6501,20825593
2024-03-28 01:00:00,0.65,0.6508,0.6414,0.6438,21155886
2024-03-28 02:00:00,0.6438,0.6475,0.6372,0.6395,13171926
2024-03-28 03:00:00,0.6395,0.6421,0.6359,0.6407,11926295
2024-03-28 04:00:00,0.6406,0.6459,0.6402,0.6444,8155492
2024-03-28 05:00:00,0.6445,0.6466,0.6427,0.6437,5400996
2024-03-28 06:00:00,0.6437,0.6488,0.6415,0.6485,11774902
2024-03-28 07:00:00,0.6484,0.653,0.6464,0.6517,13580871
2024-03-28 08:00:00,0.6516,0.6543,0.6484,0.6532,14085198
2024-03-28 09:00:00,0.6533,0.6549,0.6495,0.6517,14028071
2024-03-28 10:00:00,0.6517,0.6529,0.6481,0.6525,11081383
2024-03-28 11:00:00,0.6524,0.6547,0.6502,0.6525,13528443
2024-03-28 12:00:00,0.6525,0.6548,0.6451,0.6495,16865728
2024-03-28 13:00:00,0.6495,0.6528,0.6439,0.6506,18083191
2024-03-28 14:00:00,0.6506,0.6583,0.6481,0.658,21125660
2024-03-28 15:00:00,0.6579,0.6588,0.6516,0.6555,15118081
2024-03-28 16:00:00,0.6556,0.6564,0.651,0.6533,14953495
2024-03-28 17:00:00,0.6534,0.6546,0.6508,0.6515,10217257
2024-03-28 18:00:00,0.6516,0.6538,0.6497,0.651,8333171
2024-03-28 19:00:00,0.651,0.6541,0.6506,0.651,8537728
2024-03-28 20:00:00,0.651,0.6517,0.6489,0.6512,8283459
2024-03-28 21:00:00,0.6512,0.6542,0.651,0.6513,6593080
2024-03-28 22:00:00,0.6512,0.6529,0.6467,0.6528,9329739
2024-03-28 23:00:00,0.6527,0.6542,0.6505,0.6517,8826500
2024-03-29 00:00:00,0.6517,0.6518,0.647,0.6493,10801822
2024-03-29 01:00:00,0.6494,0.6529,0.6475,0.6487,9706073
2024-03-29 02:00:00,0.6487,0.6492,0.6423,0.6459,16135189
2024-03-29 03:00:00,0.646,0.6485,0.6437,0.6481,11394690
2024-03-29 04:00:00,0.6481,0.6522,0.6456,0.6478,12802636
2024-03-29 05:00:00,0.6478,0.6505,0.6443,0.6459,10861190
2024-03-29 06:00:00,0.646,0.6476,0.6426,0.6469,11110595
2024-03-29 07:00:00,0.6469,0.6476,0.6354,0.6382,26550583
2024-03-29 08:00:00,0.6381,0.6436,0.6374,0.6425,18625724
2024-03-29 09:00:00,0.6426,0.6431,0.638,0.6401,9824384
2024-03-29 10:00:00,0.6401,0.6517,0.6385,0.6516,16880733
2024-03-29 11:00:00,0.6516,0.6578,0.6513,0.6528,36643216
2024-03-29 12:00:00,0.6527,0.6649,0.6527,0.6559,50103781
2024-03-29 13:00:00,0.6558,0.6625,0.6542,0.6608,22942743
2024-03-29 14:00:00,0.6609,0.6688,0.6581,0.6633,38985791
2024-03-29 15:00:00,0.6633,0.6675,0.6454,0.6502,52341465
2024-03-29 16:00:00,0.6502,0.6567,0.6474,0.6488,20373287
2024-03-29 17:00:00,0.6487,0.6552,0.6472,0.6526,15443007
2024-03-29 18:00:00,0.6526,0.6534,0.6496,0.6502,9489337
2024-03-29 19:00:00,0.6503,0.6505,0.6456,0.6486,10705680
2024-03-29 20:00:00,0.6487,0.6499,0.647,0.6479,7804887
2024-03-29 21:00:00,0.6479,0.6494,0.6427,0.6479,11934305
2024-03-29 22:00:00,0.6479,0.6578,0.6477,0.6576,14735910
2024-03-29 23:00:00,0.6577,0.667,0.6577,0.665,27555647
2024-03-30 00:00:00,0.665,0.67,0.6619,0.6679,36239649
2024-03-30 01:00:00,0.6678,0.6695,0.663,0.6643,17621521
2024-03-30 02:00:00,0.6644,0.6666,0.6626,0.6631,10823948
2024-03-30 03:00:00,0.6631,0.6646,0.658,0.6587,9800147
2024-03-30 04:00:00,0.6588,0.6601,0.6573,0.6595,8805498
2024-03-30 05:00:00,0.6595,0.6623,0.6571,0.6582,10896510
2024-03-30 06:00:00,0.6582,0.6584,0.6522,0.6541,13346051
2024-03-30 07:00:00,0.6541,0.6551,0.6511,0.6511,8258263
2024-03-30 08:00:00,0.6512,0.6529,0.6482,0.6515,16075441
2024-03-30 09:00:00,0.6515,0.6541,0.6494,0.6537,9806278
2024-03-30 10:00:00,0.6538,0.6554,0.6513,0.6548,10669674
2024-03-30 11:00:00,0.6548,0.6602,0.6548,0.6587,13273575
2024-03-30 12:00:00,0.6586,0.6591,0.6542,0.6554,11992466
2024-03-30 13:00:00,0.6555,0.6561,0.6526,0.6529,10339818
2024-03-30 14:00:00,0.6529,0.6553,0.6511,0.6529,9975213
2024-03-30 15:00:00,0.6529,0.6541,0.6502,0.6512,8191130
2024-03-30 16:00:00,0.6513,0.6527,0.6472,0.6505,19081596
2024-03-30 17:00:00,0.6505,0.6506,0.6474,0.65,7383325
2024-03-30 18:00:00,0.6499,0.6514,0.6482,0.6482,6614985
2024-03-30 19:00:00,0.6483,0.6519,0.6462,0.651,24934253
2024-03-30 20:00:00,0.6509,0.6527,0.6489,0.6493,9579574
2024-03-30 21:00:00,0.6493,0.6498,0.6431,0.6455,10220333
2024-03-30 22:00:00,0.6454,0.6468,0.6434,0.6445,7222211
2024-03-30 23:00:00,0.6445,0.6455,0.6419,0.6441,10414235
2024-03-31 00:00:00,0.6442,0.6461,0.6423,0.6446,12145050
2024-03-31 01:00:00,0.6445,0.6488,0.6439,0.6475,8511956
2024-03-31 02:00:00,0.6475,0.6489,0.6455,0.6469,6087362
2024-03-31 03:00:00,0.6468,0.6474,0.6438,0.646,5741883
2024-03-31 04:00:00,0.6459,0.6503,0.6447,0.6497,7384425
2024-03-31 05:00:00,0.6496,0.6536,0.6488,0.653,12238484
2024-03-31 06:00:00,0.653,0.6534,0.6507,0.6524,8045489
2024-03-31 07:00:00,0.6523,0.6543,0.6504,0.6511,8427582
2024-03-31 08:00:00,0.6512,0.6521,0.6496,0.6498,7106432
2024-03-31 09:00:00,0.6498,0.6502,0.6479,0.6489,7369272
2024-03-31 10:00:00,0.649,0.6496,0.6478,0.6479,7854639
2024-03-31 11:00:00,0.6479,0.6493,0.6472,0.6479,7581841
2024-03-31 12:00:00,0.648,0.6486,0.6458,0.6479,8661938
2024-03-31 13:00:00,0.6479,0.6486,0.6474,0.6476,6318263
2024-03-31 14:00:00,0.6477,0.6488,0.6456,0.6461,8701683
2024-03-31 15:00:00,0.6461,0.6488,0.6455,0.6471,7149561
2024-03-31 16:00:00,0.6471,0.6497,0.6465,0.6471,7556001
2024-03-31 17:00:00,0.6472,0.6476,0.6457,0.6458,5439823
2024-03-31 18:00:00,0.6459,0.6494,0.6438,0.6462,12758593
2024-03-31 19:00:00,0.6462,0.6496,0.6432,0.6483,12574367
2024-03-31 20:00:00,0.6483,0.6509,0.6471,0.6496,11885171
2024-03-31 21:00:00,0.6496,0.6498,0.6453,0.6467,8081199
2024-03-31 22:00:00,0.6468,0.65,0.6463,0.6495,9300136
2024-03-31 23:00:00,0.6495,0.6522,0.6485,0.6506,10177946
2024-04-01 00:00:00,0.6507,0.6522,0.6466,0.6497,12597801
2024-04-01 01:00:00,0.6497,0.6522,0.6477,0.6498,12479149
2024-04-01 02:00:00,0.6498,0.6506,0.6473,0.6474,6539595
2024-04-01 03:00:00,0.6473,0.6476,0.6444,0.6456,7770932
2024-04-01 04:00:00,0.6456,0.6475,0.644,0.6457,8894094
2024-04-01 05:00:00,0.6456,0.6474,0.6153,0.6209,101178574
2024-04-01 06:00:00,0.6208,0.6304,0.6189,0.6281,51896113
2024-04-01 07:00:00,0.6281,0.6327,0.6278,0.6311,15387152
2024-04-01 08:00:00,0.6311,0.6332,0.6216,0.6313,40298372
2024-04-01 09:00:00,0.6313,0.6342,0.6299,0.6309,20181052
2024-04-01 10:00:00,0.6309,0.6323,0.6281,0.6322,13095329
2024-04-01 11:00:00,0.6322,0.6341,0.6277,0.6277,13002729
2024-04-01 12:00:00,0.6278,0.6298,0.6236,0.6286,27925982
2024-04-01 13:00:00,0.6287,0.6311,0.6246,0.6277,13863130
2024-04-01 14:00:00,0.6277,0.629,0.6115,0.6133,45498252
2024-04-01 15:00:00,0.6133,0.6161,0.6053,0.6094,67174780
2024-04-01 16:00:00,0.6093,0.6146,0.6079,0.6118,21766887
2024-04-01 17:00:00,0.6119,0.614,0.6076,0.612,16360883
2024-04-01 18:00:00,0.612,0.6151,0.6058,0.6148,19562286
2024-04-01 19:00:00,0.6149,0.6207,0.6137,0.6202,15288853
2024-04-01 20:00:00,0.6203,0.621,0.6166,0.62,9629496
2024-04-01 21:00:00,0.6199,0.6215,0.6182,0.6202,7020176
2024-04-01 22:00:00,0.6201,0.623,0.6189,0.6216,10310622
2024-04-01 23:00:00,0.6215,0.6236,0.6211,0.6217,7829861
2024-04-02 00:00:00,0.6218,0.622,0.6155,0.6178,15339349
2024-04-02 01:00:00,0.6178,0.6205,0.6133,0.6188,23532274
2024-04-02 02:00:00,0.6188,0.6191,0.5861,0.5991,116701071
2024-04-02 03:00:00,0.599,0.6027,0.5942,0.5961,34108180
2024-04-02 04:00:00,0.5962,0.6002,0.5947,0.5959,19271532
2024-04-02 05:00:00,0.5959,0.5967,0.5889,0.5952,23455169
2024-04-02 06:00:00,0.5952,0.601,0.5942,0.6,16628190
2024-04-02 07:00:00,0.6001,0.6018,0.5961,0.5964,15640592
2024-04-02 08:00:00,0.5965,0.5981,0.5843,0.5857,33189377
2024-04-02 09:00:00,0.5856,0.5907,0.5805,0.5883,50126803
2024-04-02 10:00:00,0.5883,0.5884,0.579,0.584,34550887
2024-04-02 11:00:00,0.5841,0.5861,0.5732,0.5857,54632570
2024-04-02 12:00:00,0.5857,0.588,0.5821,0.5834,27492061
2024-04-02 13:00:00,0.5834,0.5836,0.575,0.5818,40012996
2024-04-02 14:00:00,0.5819,0.5916,0.5814,0.5879,37787984
2024-04-02 15:00:00,0.5878,0.5925,0.5792,0.5813,33321354
2024-04-02 16:00:00,0.5812,0.5868,0.5772,0.585,32459090
2024-04-02 17:00:00,0.5849,0.5875,0.5828,0.5871,13732152
2024-04-02 18:00:00,0.5871,0.5886,0.5845,0.5868,11529304
2024-04-02 19:00:00,0.5867,0.5887,0.5853,0.5866,16414270
2024-04-02 20:00:00,0.5866,0.5897,0.5814,0.583,31996812
2024-04-02 21:00:00,0.583,0.5847,0.5774,0.5817,14076503
2024-04-02 22:00:00,0.5817,0.5866,0.5798,0.5854,10534829
2024-04-02 23:00:00,0.5854,0.5857,0.5799,0.5809,10128531
2024-04-03 00:00:00,0.581,0.5832,0.5624,0.5756,74409712
2024-04-03 01:00:00,0.5757,0.5849,0.5699,0.5839,26719941
2024-04-03 02:00:00,0.5839,0.5868,0.581,0.5834,14692159
2024-04-03 03:00:00,0.5835,0.5874,0.5815,0.5869,12408341
2024-04-03 04:00:00,0.5869,0.5892,0.586,0.5873,16105489
2024-04-03 05:00:00,0.5873,0.5878,0.5843,0.5873,11058171
2024-04-03 06:00:00,0.5873,0.5908,0.5868,0.5895,11793165
2024-04-03 07:00:00,0.5894,0.591,0.5876,0.5881,12474552
2024-04-03 08:00:00,0.5881,0.5946,0.5849,0.5909,21036270
2024-04-03 09:00:00,0.5909,0.5951,0.59,0.5936,17993166
2024-04-03 10:00:00,0.5935,0.5948,0.587,0.5895,23387480
2024-04-03 11:00:00,0.5895,0.5897,0.5826,0.5852,19920962
2024-04-03 12:00:00,0.5853,0.5861,0.5793,0.5817,15381146
2024-04-03 13:00:00,0.5817,0.5844,0.5774,0.5804,18020392
2024-04-03 14:00:00,0.5805,0.5896,0.5805,0.5882,22976624
2024-04-03 15:00:00,0.5882,0.5883,0.578,0.5818,16392391
2024-04-03 16:00:00,0.5818,0.5869,0.5802,0.5826,14288368
2024-04-03 17:00:00,0.5825,0.5838,0.576,0.5799,18003763
2024-04-03 18:00:00,0.5799,0.5805,0.5732,0.5791,19151748
2024-04-03 19:00:00,0.5791,0.5807,0.5757,0.5772,9221199
2024-04-03 20:00:00,0.5772,0.5776,0.5711,0.5733,12250517
2024-04-03 21:00:00,0.5732,0.5763,0.5677,0.5757,14277647
2024-04-03 22:00:00,0.5757,0.5769,0.5698,0.5738,23911392
2024-04-03 23:00:00,0.5739,0.5756,0.5696,0.5697,18399773
2024-04-04 00:00:00,0.5697,0.5765,0.5684,0.5755,19235585
2024-04-04 01:00:00,0.5755,0.5784,0.5723,0.5747,13111898
2024-04-04 02:00:00,0.5746,0.5755,0.5657,0.5709,23110704
2024-04-04 03:00:00,0.571,0.5722,0.5666,0.5668,15912847
2024-04-04 04:00:00,0.5667,0.5683,0.5593,0.5678,30516138
2024-04-04 05:00:00,0.5678,0.573,0.5677,0.5707,24553186
2024-04-04 06:00:00,0.5707,0.5749,0.5699,0.5725,12128161
2024-04-04 07:00:00,0.5725,0.5792,0.5715,0.5763,19960128
2024-04-04 08:00:00,0.5762,0.5809,0.5756,0.5802,14834336
2024-04-04 09:00:00,0.5801,0.5828,0.5796,0.5822,11845583
2024-04-04 10:00:00,0.5822,0.5848,0.5801,0.5826,11847474
2024-04-04 11:00:00,0.5825,0.5835,0.58,0.5816,9312375
2024-04-04 12:00:00,0.5815,0.5869,0.5809,0.5857,15327857
2024-04-04 13:00:00,0.5857,0.5922,0.5855,0.5869,36325536
2024-04-04 14:00:00,0.587,0.5912,0.585,0.589,16622604
2024-04-04 15:00:00,0.5891,0.5898,0.5861,0.5883,13581863
2024-04-04 16:00:00,0.5883,0.5924,0.5871,0.5906,11677547
2024-04-04 17:00:00,0.5907,0.5955,0.5893,0.5948,16561828
2024-04-04 18:00:00,0.5948,0.5973,0.5871,0.5879,23273861
2024-04-04 19:00:00,0.5879,0.589,0.5843,0.5856,13119608
2024-04-04 20:00:00,0.5855,0.5862,0.573,0.5815,47717402
2024-04-04 21:00:00,0.5815,0.5841,0.5755,0.578,16773031
2024-04-04 22:00:00,0.5781,0.5808,0.5742,0.5779,12147818
2024-04-04 23:00:00,0.578,0.5846,0.5768,0.5834,12423480
2024-04-05 00:00:00,0.5835,0.5854,0.5808,0.5849,12633275
2024-04-05 01:00:00,0.585,0.585,0.5762,0.5798,11194509
2024-04-05 02:00:00,0.5798,0.58,0.5687,0.5714,24690468
2024-04-05 03:00:00,0.5714,0.5781,0.571,0.5779,11696146
2024-04-05 04:00:00,0.5779,0.5779,0.5709,0.5737,10864840
2024-04-05 05:00:00,0.5737,0.5742,0.5629,0.5699,29598184
2024-04-05 06:00:00,0.5699,0.5742,0.5689,0.5722,10731032
2024-04-05 07:00:00,0.5722,0.5742,0.5684,0.5722,10343936
2024-04-05 08:00:00,0.5723,0.5799,0.5717,0.5753,17195024
2024-04-05 09:00:00,0.5752,0.5753,0.5654,0.5691,25370507
2024-04-05 10:00:00,0.5691,0.5709,0.5637,0.5699,20083900
2024-04-05 11:00:00,0.5699,0.5722,0.5629,0.5634,26205105
2024-04-05 12:00:00,0.5634,0.5719,0.5595,0.5716,47159746
2024-04-05 13:00:00,0.5716,0.5738,0.5674,0.5713,23239460
2024-04-05 14:00:00,0.5712,0.5779,0.5681,0.5763,32446420
2024-04-05 15:00:00,0.5763,0.5784,0.5732,0.5782,13995601
2024-04-05 16:00:00,0.5782,0.5789,0.5742,0.5758,14493177
2024-04-05 17:00:00,0.5758,0.5766,0.5726,0.5733,10327286
2024-04-05 18:00:00,0.5733,0.5765,0.5718,0.5757,9725281
2024-04-05 19:00:00,0.5757,0.5792,0.5748,0.575,11008835
2024-04-05 20:00:00,0.5749,0.5791,0.5747,0.5765,8309598
2024-04-05 21:00:00,0.5766,0.5785,0.5752,0.5754,5776541
2024-04-05 22:00:00,0.5755,0.5772,0.5742,0.5746,7780092
2024-04-05 23:00:00,0.5746,0.5765,0.574,0.5745,4266549
2024-04-06 00:00:00,0.5746,0.5795,0.5717,0.5772,11245067
2024-04-06 01:00:00,0.5773,0.5794,0.5756,0.5761,7512564
2024-04-06 02:00:00,0.5761,0.5801,0.5756,0.5787,8432936
2024-04-06 03:00:00,0.5787,0.5822,0.5778,0.5811,9789950
2024-04-06 04:00:00,0.581,0.5814,0.5791,0.5806,6737632
2024-04-06 05:00:00,0.5805,0.5831,0.58,0.5817,6961110
2024-04-06 06:00:00,0.5816,0.5835,0.5809,0.5834,6721985
2024-04-06 07:00:00,0.5834,0.5835,0.5806,0.5819,7092642
2024-04-06 08:00:00,0.5819,0.5849,0.5816,0.5841,7506730
2024-04-06 09:00:00,0.5842,0.586,0.5813,0.5814,9210931
2024-04-06 10:00:00,0.5815,0.5833,0.5795,0.5811,7903912
2024-04-06 11:00:00,0.5811,0.5818,0.5787,0.5811,7853203
2024-04-06 12:00:00,0.581,0.5813,0.5784,0.5802,6334537
2024-04-06 13:00:00,0.5802,0.5802,0.5769,0.5777,8709592
2024-04-06 14:00:00,0.5777,0.5818,0.5771,0.581,8575660
2024-04-06 15:00:00,0.581,0.5858,0.5797,0.5844,17543338
2024-04-06 16:00:00,0.5845,0.5857,0.583,0.5854,9431173
2024-04-06 17:00:00,0.5855,0.5865,0.5827,0.5832,11384780
2024-04-06 18:00:00,0.5832,0.5836,0.5812,0.5826,6279251
2024-04-06 19:00:00,0.5826,0.5833,0.5808,0.5814,5829087
2024-04-06 20:00:00,0.5815,0.583,0.5801,0.5829,4635063
2024-04-06 21:00:00,0.5828,0.5838,0.5811,0.5813,5560733
2024-04-06 22:00:00,0.5813,0.5859,0.581,0.5858,11029597
2024-04-06 23:00:00,0.5858,0.59,0.5836,0.5841,14882976
2024-04-07 00:00:00,0.5842,0.586,0.5821,0.5855,11043903
2024-04-07 01:00:00,0.5855,0.5902,0.5853,0.5888,9665594
2024-04-07 02:00:00,0.5889,0.5908,0.5875,0.5876,8443557
2024-04-07 03:00:00,0.5877,0.5895,0.5873,0.5891,5426558
2024-04-07 04:00:00,0.5891,0.5915,0.5876,0.589,9223018
2024-04-07 05:00:00,0.589,0.5912,0.5886,0.5905,6638116
2024-04-07 06:00:00,0.5904,0.5919,0.5893,0.5898,8362062
2024-04-07 07:00:00,0.5898,0.591,0.5888,0.5901,5922856
2024-04-07 08:00:00,0.5901,0.5938,0.5901,0.5934,7004460
2024-04-07 09:00:00,0.5933,0.5935,0.5889,0.5896,8477507
2024-04-07 10:00:00,0.5897,0.5925,0.5887,0.5924,6375619
2024-04-07 11:00:00,0.5925,0.5955,0.5913,0.5936,10019496
2024-04-07 12:00:00,0.5936,0.595,0.5912,0.5935,10372570
2024-04-07 13:00:00,0.5935,0.5968,0.5924,0.5957,14633082
2024-04-07 14:00:00,0.5957,0.596,0.5929,0.5949,8569426
2024-04-07 15:00:00,0.5949,0.596,0.5899,0.5905,16155936
2024-04-07 16:00:00,0.5905,0.5978,0.5903,0.5947,19524439
2024-04-07 17:00:00,0.5946,0.595,0.5899,0.5909,10057510
2024-04-07 18:00:00,0.591,0.5912,0.5854,0.5885,15227536
2024-04-07 19:00:00,0.5885,0.5885,0.583,0.5844,10851813
2024-04-07 20:00:00,0.5844,0.5873,0.5837,0.5854,7921609
2024-04-07 21:00:00,0.5854,0.5874,0.5842,0.5842,7569873
2024-04-07 22:00:00,0.5842,0.5858,0.582,0.5852,8119880
2024-04-07 23:00:00,0.5852,0.5908,0.585,0.5898,13365232
2024-04-08 00:00:00,0.5898,0.5898,0.5832,0.5864,13624888
2024-04-08 01:00:00,0.5864,0.59,0.5851,0.5859,7932954
2024-04-08 02:00:00,0.586,0.5869,0.5829,0.584,6908595
2024-04-08 03:00:00,0.584,0.5842,0.5804,0.5825,8009891
2024-04-08 04:00:00,0.5826,0.5827,0.5795,0.5818,6698580
2024-04-08 05:00:00,0.5818,0.586,0.5816,0.5853,5154262
2024-04-08 06:00:00,0.5853,0.5862,0.5832,0.585,7320148
2024-04-08 07:00:00,0.585,0.5976,0.5848,0.5954,23152741
2024-04-08 08:00:00,0.5953,0.61,0.5945,0.6071,54529321
2024-04-08 09:00:00,0.6071,0.6125,0.6066,0.6081,31281864
2024-04-08 10:00:00,0.608,0.6102,0.6066,0.6099,18322524
2024-04-08 11:00:00,0.6098,0.6114,0.6079,0.6086,13301094
2024-04-08 12:00:00,0.6087,0.6115,0.603,0.6035,22792508
2024-04-08 13:00:00,0.6034,0.6099,0.6034,0.6083,21108919
2024-04-08 14:00:00,0.6083,0.6092,0.6042,0.6082,15740568
2024-04-08 15:00:00,0.6082,0.6107,0.6065,0.6079,12652580
2024-04-08 16:00:00,0.6078,0.6121,0.6068,0.6117,16168248
2024-04-08 17:00:00,0.6118,0.6144,0.6091,0.613,16413443
2024-04-08 18:00:00,0.613,0.6148,0.612,0.6133,10912247
2024-04-08 19:00:00,0.6133,0.6156,0.6131,0.6151,11637893
2024-04-08 20:00:00,0.6151,0.6158,0.6125,0.6148,8054108
2024-04-08 21:00:00,0.6149,0.6172,0.6139,0.6159,7457435
2024-04-08 22:00:00,0.6158,0.6169,0.6139,0.616,6813463
2024-04-08 23:00:00,0.6159,0.6165,0.614,0.6143,4718150
2024-04-09 00:00:00,0.6142,0.6166,0.6111,0.6118,13147351
2024-04-09 01:00:00,0.6118,0.6122,0.6068,0.6101,18925400
2024-04-09 02:00:00,0.6101,0.6142,0.6087,0.612,7029897
2024-04-09 03:00:00,0.612,0.613,0.6069,0.6086,9757714
2024-04-09 04:00:00,0.6086,0.6112,0.6061,0.6105,10279494
2024-04-09 05:00:00,0.6104,0.6136,0.6094,0.6131,10654699
2024-04-09 06:00:00,0.6131,0.6134,0.6042,0.6061,26779905
2024-04-09 07:00:00,0.606,0.6081,0.6009,0.6029,35028424
2024-04-09 08:00:00,0.6029,0.6059,0.5949,0.6049,52558836
2024-04-09 09:00:00,0.6048,0.6106,0.603,0.6044,17956120
2024-04-09 10:00:00,0.6043,0.6075,0.6027,0.6068,10348936
2024-04-09 11:00:00,0.6069,0.6124,0.6066,0.6124,11915377
2024-04-09 12:00:00,0.6124,0.6247,0.6123,0.6222,51272409
2024-04-09 13:00:00,0.6221,0.6234,0.6077,0.608,39363781
2024-04-09 14:00:00,0.608,0.6168,0.5955,0.6,65794850
2024-04-09 15:00:00,0.5999,0.6061,0.5925,0.6061,33900826
2024-04-09 16:00:00,0.6062,0.6074,0.5983,0.6012,23201602
2024-04-09 17:00:00,0.6013,0.6054,0.5955,0.603,26964378
2024-04-09 18:00:00,0.6029,0.6039,0.6005,0.6011,8945381
2024-04-09 19:00:00,0.6011,0.6028,0.5984,0.6006,10100458
2024-04-09 20:00:00,0.6006,0.6036,0.6,0.6012,7664582
2024-04-09 21:00:00,0.6012,0.6012,0.5951,0.598,7994671
2024-04-09 22:00:00,0.598,0.5983,0.5945,0.5973,6796213
2024-04-09 23:00:00,0.5974,0.5974,0.5905,0.5915,14569055
2024-04-10 00:00:00,0.5916,0.5945,0.5891,0.5916,16956471
2024-04-10 01:00:00,0.5917,0.5918,0.5827,0.5893,29027494
2024-04-10 02:00:00,0.5894,0.5916,0.5762,0.5777,31151404
2024-04-10 03:00:00,0.5776,0.583,0.5753,0.5828,26744446
2024-04-10 04:00:00,0.5829,0.584,0.5801,0.5836,12548947
2024-04-10 05:00:00,0.5837,0.5885,0.5834,0.5859,14673910
2024-04-10 06:00:00,0.5858,0.5904,0.5848,0.5866,12029421
2024-04-10 07:00:00,0.5866,0.5874,0.5812,0.5847,18562331
2024-04-10 08:00:00,0.5848,0.5848,0.5786,0.5813,19383443
2024-04-10 09:00:00,0.5814,0.5838,0.5785,0.5813,10363631
2024-04-10 10:00:00,0.5813,0.582,0.574,0.5781,30891897
2024-04-10 11:00:00,0.578,0.579,0.5758,0.5781,9260166
2024-04-10 12:00:00,0.5781,0.5794,0.5567,0.5682,98063993
2024-04-10 13:00:00,0.5681,0.5697,0.5636,0.5692,31207793
2024-04-10 14:00:00,0.5692,0.5758,0.5663,0.5734,33183836
2024-04-10 15:00:00,0.5734,0.5745,0.5695,0.5731,18880460
2024-04-10 16:00:00,0.5732,0.5832,0.5709,0.582,28745868
2024-04-10 17:00:00,0.5821,0.5857,0.5798,0.5814,23554987
2024-04-10 18:00:00,0.5814,0.5816,0.5747,0.5761,17108034
2024-04-10 19:00:00,0.576,0.5832,0.5749,0.5832,14168147
2024-04-10 20:00:00,0.5833,0.5853,0.5818,0.5821,10643465
2024-04-10 21:00:00,0.5822,0.5836,0.5802,0.583,7838058
2024-04-10 22:00:00,0.583,0.5902,0.583,0.586,18906608
2024-04-10 23:00:00,0.586,0.5881,0.5849,0.5865,7307090
2024-04-11 00:00:00,0.5866,0.5908,0.5838,0.5898,14511802
2024-04-11 01:00:00,0.5898,0.5901,0.5851,0.5857,11889079
2024-04-11 02:00:00,0.5857,0.5893,0.5849,0.5876,11570233
2024-04-11 03:00:00,0.5876,0.5897,0.5861,0.5893,8933981
2024-04-11 04:00:00,0.5893,0.59,0.5835,0.5863,12935608
2024-04-11 05:00:00,0.5862,0.5882,0.5856,0.5868,8035508
2024-04-11 06:00:00,0.5867,0.5902,0.5865,0.59,11257965
2024-04-11 07:00:00,0.5899,0.5943,0.5898,0.5922,17797616
2024-04-11 08:00:00,0.5922,0.595,0.5913,0.594,10391964
2024-04-11 09:00:00,0.594,0.5943,0.5886,0.5887,12707738
2024-04-11 10:00:00,0.5887,0.5915,0.5874,0.5876,10487711
2024-04-11 11:00:00,0.5877,0.588,0.5807,0.582,21842237
2024-04-11 12:00:00,0.5821,0.5884,0.5798,0.5865,29195940
2024-04-11 13:00:00,0.5864,0.5901,0.5781,0.5829,42702944
2024-04-11 14:00:00,0.583,0.5838,0.5762,0.5802,24884812
2024-04-11 15:00:00,0.5802,0.5834,0.579,0.5824,15639800
2024-04-11 16:00:00,0.5825,0.5832,0.576,0.5799,19699192
2024-04-11 17:00:00,0.5799,0.5845,0.5793,0.5833,13458628
2024-04-11 18:00:00,0.5833,0.5846,0.579,0.581,10957670
2024-04-11 19:00:00,0.581,0.5847,0.5795,0.5835,12582908
2024-04-11 20:00:00,0.5836,0.5895,0.5827,0.5888,12362103
2024-04-11 21:00:00,0.5887,0.5914,0.5853,0.5856,12750662
2024-04-11 22:00:00,0.5855,0.5873,0.5846,0.5859,8603422
2024-04-11 23:00:00,0.5859,0.5878,0.5842,0.5864,5707796
2024-04-12 00:00:00,0.5863,0.5893,0.5858,0.5883,9987083
2024-04-12 01:00:00,0.5883,0.5898,0.5865,0.5891,7655299
2024-04-12 02:00:00,0.589,0.5925,0.5883,0.5884,11393859
2024-04-12 03:00:00,0.5883,0.5915,0.5881,0.5914,6135275
2024-04-12 04:00:00,0.5915,0.5929,0.5888,0.5913,7464180
2024-04-12 05:00:00,0.5913,0.5914,0.5871,0.5884,9101901
2024-04-12 06:00:00,0.5884,0.5887,0.5812,0.5834,22397104
2024-04-12 07:00:00,0.5834,0.5848,0.5806,0.5822,13869898
2024-04-12 08:00:00,0.5822,0.5883,0.5806,0.5863,30369397
2024-04-12 09:00:00,0.5863,0.5897,0.5854,0.5869,18737732
2024-04-12 10:00:00,0.5869,0.5871,0.5832,0.5858,10236327
2024-04-12 11:00:00,0.5859,0.5882,0.5854,0.5855,8959547
2024-04-12 12:00:00,0.5855,0.586,0.5732,0.5743,47137460
2024-04-12 13:00:00,0.5742,0.5742,0.5616,0.565,50086020
2024-04-12 14:00:00,0.565,0.5678,0.5625,0.5635,24081500
2024-04-12 15:00:00,0.5635,0.5659,0.5617,0.5643,16692636
2024-04-12 16:00:00,0.5643,0.5668,0.5551,0.5595,45488568
2024-04-12 17:00:00,0.5594,0.56,0.5093,0.5288,261778906
2024-04-12 18:00:00,0.5288,0.5309,0.4364,0.4663,336218505
2024-04-12 19:00:00,0.4662,0.4873,0.466,0.4821,163341295
2024-04-12 20:00:00,0.4821,0.4964,0.4795,0.4959,74586038
2024-04-12 21:00:00,0.4958,0.5003,0.4908,0.499,29941736
2024-04-12 22:00:00,0.499,0.5019,0.496,0.5004,32230626
2024-04-12 23:00:00,0.5005,0.5057,0.4973,0.5026,28355184
2024-04-13 00:00:00,0.5027,0.5043,0.4993,0.502,30650024
2024-04-13 01:00:00,0.502,0.5022,0.4851,0.4866,60571863
2024-04-13 02:00:00,0.4865,0.4962,0.4863,0.4951,42588771
2024-04-13 03:00:00,0.495,0.5042,0.4922,0.5036,33569024
2024-04-13 04:00:00,0.5036,0.5107,0.4995,0.5105,35547505
2024-04-13 05:00:00,0.5105,0.5129,0.5062,0.5066,25659569
2024-04-13 06:00:00,0.5066,0.5097,0.5059,0.5094,13457773
2024-04-13 07:00:00,0.5094,0.5102,0.5041,0.5056,18324787
2024-04-13 08:00:00,0.5057,0.5073,0.5022,0.5033,19558613
2024-04-13 09:00:00,0.5034,0.507,0.5022,0.5067,17944378
2024-04-13 10:00:00,0.5067,0.5153,0.505,0.5126,33552321
2024-04-13 11:00:00,0.5127,0.5164,0.5092,0.5098,21273417
2024-04-13 12:00:00,0.5097,0.5143,0.5062,0.5089,33410155
2024-04-13 13:00:00,0.5089,0.5117,0.5061,0.5073,22101244
2024-04-13 14:00:00,0.5073,0.5079,0.5019,0.5052,24960343
2024-04-13 15:00:00,0.5051,0.5104,0.5024,0.5028,26065960
2024-04-13 16:00:00,0.5029,0.5041,0.4907,0.4927,85122031
2024-04-13 17:00:00,0.4927,0.4931,0.4651,0.4745,196134887
2024-04-13 18:00:00,0.4745,0.4853,0.4683,0.4846,75581559
2024-04-13 19:00:00,0.4845,0.4865,0.4315,0.4506,145541304
2024-04-13 20:00:00,0.4506,0.4548,0.3953,0.4128,490540937
2024-04-13 21:00:00,0.4129,0.433,0.3985,0.4327,143721093
2024-04-13 22:00:00,0.4327,0.4484,0.4247,0.4456,127861605
2024-04-13 23:00:00,0.4456,0.4517,0.4423,0.4448,70552770
2024-04-14 00:00:00,0.4448,0.4484,0.4321,0.4372,96327676
2024-04-14 01:00:00,0.4373,0.4479,0.4337,0.4452,57102008
2024-04-14 02:00:00,0.4451,0.4472,0.4404,0.4457,35396755
2024-04-14 03:00:00,0.4458,0.4488,0.4355,0.4469,65616756
2024-04-14 04:00:00,0.4469,0.4599,0.4429,0.4573,62193757
2024-04-14 05:00:00,0.4573,0.4666,0.4561,0.4642,43278836
2024-04-14 06:00:00,0.4641,0.4689,0.46,0.4678,33304375
2024-04-14 07:00:00,0.4678,0.4732,0.4657,0.4721,37428745
2024-04-14 08:00:00,0.4721,0.4776,0.47,0.472,36274242
2024-04-14 09:00:00,0.4719,0.4745,0.4651,0.4672,54184885
2024-04-14 10:00:00,0.4673,0.4717,0.4665,0.4685,25327346
2024-04-14 11:00:00,0.4686,0.4698,0.455,0.4569,59276418
2024-04-14 12:00:00,0.4569,0.4672,0.4558,0.4618,45216778
2024-04-14 13:00:00,0.4618,0.4663,0.4544,0.4545,53225459
2024-04-14 14:00:00,0.4546,0.4598,0.4482,0.453,80755308
2024-04-14 15:00:00,0.4529,0.4599,0.4518,0.4542,51712422
2024-04-14 16:00:00,0.4542,0.4644,0.4529,0.4569,57404241
2024-04-14 17:00:00,0.457,0.4613,0.438,0.4496,162595704
2024-04-14 18:00:00,0.4496,0.4604,0.4479,0.4575,60327112
2024-04-14 19:00:00,0.4575,0.4592,0.4498,0.4506,33795144
2024-04-14 20:00:00,0.4506,0.4546,0.4435,0.4452,38742015
2024-04-14 21:00:00,0.4453,0.4479,0.4421,0.4458,21911617
2024-04-14 22:00:00,0.4459,0.472,0.4456,0.4712,79876228
2024-04-14 23:00:00,0.4712,0.4734,0.4663,0.4671,27325562
2024-04-15 00:00:00,0.4671,0.4693,0.4593,0.461,43612518
2024-04-15 01:00:00,0.4609,0.4665,0.4567,0.4641,33351280
2024-04-15 02:00:00,0.464,0.4641,0.4566,0.4594,22712841
2024-04-15 03:00:00,0.4595,0.4654,0.4581,0.4629,22560205
2024-04-15 04:00:00,0.4628,0.4644,0.4581,0.4635,22900578
2024-04-15 05:00:00,0.4635,0.4728,0.4629,0.4714,29212847
2024-04-15 06:00:00,0.4714,0.4876,0.4701,0.4863,73528717
2024-04-15 07:00:00,0.4864,0.4915,0.4826,0.4893,38883898
2024-04-15 08:00:00,0.4893,0.4949,0.4875,0.4886,44590194
2024-04-15 09:00:00,0.4886,0.4911,0.4851,0.4896,23441534
2024-04-15 10:00:00,0.4896,0.4938,0.4885,0.4918,22428612
2024-04-15 11:00:00,0.4918,0.4932,0.4838,0.4847,31938604
2024-04-15 12:00:00,0.4847,0.4884,0.483,0.4867,21978438
2024-04-15 13:00:00,0.4868,0.4896,0.4793,0.4801,32100099
2024-04-15 14:00:00,0.4802,0.4843,0.4649,0.4656,96280139
2024-04-15 15:00:00,0.4656,0.4711,0.4599,0.4675,71538329
2024-04-15 16:00:00,0.4675,0.4703,0.459,0.4607,47594812
2024-04-15 17:00:00,0.4607,0.4684,0.4518,0.4558,78793859
2024-04-15 18:00:00,0.4558,0.458,0.4434,0.4438,75371094
2024-04-15 19:00:00,0.4438,0.4576,0.4385,0.4554,70240096
2024-04-15 20:00:00,0.4554,0.46,0.45,0.4517,34624411
2024-04-15 21:00:00,0.4518,0.4582,0.4482,0.4577,24591301
2024-04-15 22:00:00,0.4577,0.4618,0.4525,0.4614,20800251
2024-04-15 23:00:00,0.4614,0.4624,0.4573,0.4606,14950388
2024-04-16 00:00:00,0.4606,0.4626,0.454,0.4579,28191353
2024-04-16 01:00:00,0.4578,0.4672,0.4552,0.4582,36769989
2024-04-16 02:00:00,0.4581,0.4621,0.4542,0.4613,22540202
2024-04-16 03:00:00,0.4612,0.4635,0.4531,0.4562,23932345
2024-04-16 04:00:00,0.4562,0.4586,0.4452,0.4534,59729687
2024-04-16 05:00:00,0.4535,0.4595,0.4511,0.4573,29718321
2024-04-16 06:00:00,0.4574,0.4655,0.4564,0.4648,20524652
2024-04-16 07:00:00,0.4648,0.4776,0.4645,0.4736,43935936
2024-04-16 08:00:00,0.4737,0.4746,0.4667,0.4696,25332090
2024-04-16 09:00:00,0.4697,0.4733,0.4666,0.4678,22884231
2024-04-16 10:00:00,0.4679,0.4686,0.4512,0.4615,73027011
2024-04-16 11:00:00,0.4614,0.4667,0.4574,0.4646,34895523
2024-04-16 12:00:00,0.4647,0.4649,0.4565,0.458,27204582
2024-04-16 13:00:00,0.458,0.4614,0.4494,0.4553,48990547
2024-04-16 14:00:00,0.4554,0.4605,0.4484,0.4495,40548229
2024-04-16 15:00:00,0.4496,0.4521,0.4412,0.4421,52499174
2024-04-16 16:00:00,0.4422,0.4511,0.439,0.451,50811079
2024-04-16 17:00:00,0.451,0.4582,0.4477,0.4501,43289282
2024-04-16 18:00:00,0.4501,0.456,0.4479,0.4545,34464814
2024-04-16 19:00:00,0.4545,0.455,0.4464,0.4484,19831375
2024-04-16 20:00:00,0.4484,0.4533,0.4479,0.4533,14699710
2024-04-16 21:00:00,0.4533,0.4626,0.4529,0.4599,21446480
2024-04-16 22:00:00,0.46,0.4608,0.4571,0.4593,11618485
2024-04-16 23:00:00,0.4594,0.4614,0.4572,0.4581,11713347
2024-04-17 00:00:00,0.4582,0.4605,0.4543,0.458,21671907
2024-04-17 01:00:00,0.4579,0.4599,0.4521,0.4584,19179802
2024-04-17 02:00:00,0.4584,0.4593,0.4527,0.4565,16428430
2024-04-17 03:00:00,0.4565,0.4597,0.455,0.4577,10978467
2024-04-17 04:00:00,0.4577,0.4645,0.4549,0.4634,22661598
2024-04-17 05:00:00,0.4633,0.4648,0.4564,0.4579,18783343
2024-04-17 06:00:00,0.4579,0.4587,0.4549,0.4566,15053944
2024-04-17 07:00:00,0.4565,0.459,0.452,0.4567,23041495
2024-04-17 08:00:00,0.4567,0.4593,0.453,0.455,14921507
2024-04-17 09:00:00,0.455,0.4588,0.4543,0.4567,13686704
2024-04-17 10:00:00,0.4567,0.457,0.4507,0.4519,17879131
2024-04-17 11:00:00,0.4519,0.4545,0.4461,0.4466,27255935
2024-04-17 12:00:00,0.4465,0.4483,0.4405,0.4447,37730678
2024-04-17 13:00:00,0.4447,0.451,0.4439,0.4478,37141275
2024-04-17 14:00:00,0.4478,0.448,0.4337,0.4407,126268680
2024-04-17 15:00:00,0.4407,0.4424,0.4298,0.4322,93323820
2024-04-17 16:00:00,0.4323,0.4403,0.4269,0.4317,78714989
2024-04-17 17:00:00,0.4317,0.4444,0.4311,0.4433,36240308
2024-04-17 18:00:00,0.4432,0.4548,0.4421,0.4499,69609245
2024-04-17 19:00:00,0.4499,0.45,0.4423,0.4468,33207601
2024-04-17 20:00:00,0.4468,0.4491,0.4415,0.4422,24621385
2024-04-17 21:00:00,0.4422,0.4526,0.4421,0.4487,22145912
2024-04-17 22:00:00,0.4486,0.4495,0.4453,0.4472,14006612
2024-04-17 23:00:00,0.4473,0.4495,0.4424,0.4438,17176759
2024-04-18 00:00:00,0.4439,0.4468,0.4359,0.4444,34401756
2024-04-18 01:00:00,0.4445,0.4494,0.4439,0.4481,23229599
2024-04-18 02:00:00,0.4482,0.451,0.4448,0.4479,19609071
2024-04-18 03:00:00,0.4478,0.4534,0.4477,0.4503,24084316
2024-04-18 04:00:00,0.4502,0.4528,0.4482,0.4491,14565984
2024-04-18 05:00:00,0.449,0.4528,0.4468,0.4476,17528790
2024-04-18 06:00:00,0.4476,0.4488,0.4382,0.4419,29883493
2024-04-18 07:00:00,0.4418,0.4448,0.4371,0.4389,27126217
2024-04-18 08:00:00,0.4389,0.4439,0.4341,0.4412,34500652
2024-04-18 09:00:00,0.4413,0.4458,0.4408,0.4452,19204393
2024-04-18 10:00:00,0.4453,0.4467,0.4434,0.4456,18212140
2024-04-18 11:00:00,0.4456,0.4549,0.4456,0.4505,40471834
2024-04-18 12:00:00,0.4505,0.4517,0.4416,0.4458,38957104
2024-04-18 13:00:00,0.4459,0.4482,0.4416,0.4478,38426151
2024-04-18 14:00:00,0.4479,0.4575,0.4453,0.4564,53804638
2024-04-18 15:00:00,0.4564,0.4606,0.4527,0.454,34573300
2024-04-18 16:00:00,0.454,0.4572,0.4516,0.4529,32975322
2024-04-18 17:00:00,0.4529,0.4536,0.4451,0.4461,32996411
2024-04-18 18:00:00,0.446,0.4517,0.4432,0.4504,29787719
2024-04-18 19:00:00,0.4505,0.4549,0.4498,0.4539,15305927
2024-04-18 20:00:00,0.454,0.4559,0.4517,0.4558,15072488
2024-04-18 21:00:00,0.4558,0.4579,0.4544,0.456,13234568
2024-04-18 22:00:00,0.456,0.4596,0.4546,0.4584,16765017
2024-04-18 23:00:00,0.4584,0.4593,0.4562,0.4577,9322838
2024-04-19 00:00:00,0.4577,0.4577,0.4522,0.4525,17147182
2024-04-19 01:00:00,0.4525,0.4526,0.432,0.4339,77786565
2024-04-19 02:00:00,0.4339,0.4363,0.4223,0.4352,100001493
2024-04-19 03:00:00,0.4353,0.4459,0.4345,0.4416,58852849
2024-04-19 04:00:00,0.4416,0.4498,0.4407,0.4463,30781883
2024-04-19 05:00:00,0.4464,0.4477,0.4402,0.4422,24082123
2024-04-19 06:00:00,0.4421,0.4605,0.44,0.4587,56485923
2024-04-19 07:00:00,0.4587,0.4642,0.4529,0.4561,46184853
2024-04-19 08:00:00,0.4561,0.4637,0.4555,0.4628,35012900
2024-04-19 09:00:00,0.4628,0.4636,0.4597,0.4622,21509818
2024-04-19 10:00:00,0.4622,0.4669,0.4604,0.4661,27475103
2024-04-19 11:00:00,0.4661,0.4713,0.4647,0.4674,26788439
2024-04-19 12:00:00,0.4674,0.4733,0.4648,0.4719,29212063
2024-04-19 13:00:00,0.4719,0.4756,0.4664,0.4724,39776597
2024-04-19 14:00:00,0.4725,0.4755,0.4652,0.471,39560121
2024-04-19 15:00:00,0.4709,0.4742,0.4691,0.4715,23390071
2024-04-19 16:00:00,0.4714,0.4726,0.4644,0.4692,39079940
2024-04-19 17:00:00,0.4693,0.4737,0.466,0.4715,24059700
2024-04-19 18:00:00,0.4714,0.4718,0.4677,0.4694,19835479
2024-04-19 19:00:00,0.4695,0.4734,0.4688,0.4729,12607608
2024-04-19 20:00:00,0.4729,0.4729,0.4664,0.4692,16115824
2024-04-19 21:00:00,0.4692,0.4728,0.4692,0.4726,8921965
2024-04-19 22:00:00,0.4726,0.4747,0.4707,0.4709,13223988
2024-04-19 23:00:00,0.471,0.4713,0.461,0.4679,44610147
2024-04-20 00:00:00,0.4679,0.4751,0.4662,0.4674,33440276
2024-04-20 01:00:00,0.4674,0.481,0.464,0.4788,34555778
2024-04-20 02:00:00,0.4788,0.4843,0.4755,0.4777,40697407
2024-04-20 03:00:00,0.4777,0.479,0.475,0.4778,18386079
2024-04-20 04:00:00,0.4778,0.4831,0.4762,0.4814,16343797
2024-04-20 05:00:00,0.4814,0.4901,0.481,0.4887,23050761
2024-04-20 06:00:00,0.4887,0.4987,0.4874,0.4971,53341005
2024-04-20 07:00:00,0.4971,0.4983,0.4934,0.4965,29687297
2024-04-20 08:00:00,0.4965,0.4966,0.4882,0.4889,28579447
2024-04-20 09:00:00,0.4888,0.4899,0.4828,0.4856,35210480
2024-04-20 10:00:00,0.4856,0.4879,0.4811,0.4835,28398174
2024-04-20 11:00:00,0.4835,0.4865,0.4753,0.4762,46499157
2024-04-20 12:00:00,0.4762,0.4825,0.4758,0.4795,29085926
2024-04-20 13:00:00,0.4796,0.482,0.4775,0.481,15732707
2024-04-20 14:00:00,0.4809,0.4833,0.4784,0.4815,16638538
2024-04-20 15:00:00,0.4814,0.4918,0.4797,0.4907,27740541
2024-04-20 16:00:00,0.4907,0.4944,0.4873,0.4886,32578172
2024-04-20 17:00:00,0.4887,0.5047,0.4887,0.5044,40048039
2024-04-20 18:00:00,0.5044,0.508,0.5002,0.5025,34003124
2024-04-20 19:00:00,0.5026,0.5035,0.4995,0.5019,17748227
2024-04-20 20:00:00,0.5019,0.5057,0.5015,0.504,14836767
2024-04-20 21:00:00,0.5039,0.5076,0.5028,0.5054,12200937
2024-04-20 22:00:00,0.5053,0.5068,0.5016,0.5022,16614533
2024-04-20 23:00:00,0.5021,0.5072,0.5021,0.5068,12243120
2024-04-21 00:00:00,0.5067,0.5068,0.4974,0.5004,26950318
2024-04-21 01:00:00,0.5005,0.5068,0.5004,0.5065,17009140
2024-04-21 02:00:00,0.5065,0.5124,0.5048,0.5086,28801597
2024-04-21 03:00:00,0.5085,0.5119,0.5043,0.5057,21325086
2024-04-21 04:00:00,0.5057,0.5065,0.5028,0.5055,16346409
2024-04-21 05:00:00,0.5056,0.5087,0.5045,0.5063,11048917
2024-04-21 06:00:00,0.5062,0.5099,0.5048,0.5066,14788011
2024-04-21 07:00:00,0.5065,0.5078,0.5023,0.5053,12130624
2024-04-21 08:00:00,0.5053,0.5067,0.5014,0.5018,15754833
2024-04-21 09:00:00,0.5017,0.5034,0.4995,0.5012,16458438
2024-04-21 10:00:00,0.5011,0.5032,0.4981,0.5025,15985419
2024-04-21 11:00:00,0.5026,0.5064,0.5005,0.5038,19605694
2024-04-21 12:00:00,0.5038,0.5047,0.4986,0.5003,16220244
2024-04-21 13:00:00,0.5002,0.5029,0.4943,0.496,26994621
2024-04-21 14:00:00,0.496,0.4988,0.4937,0.4954,23407806
2024-04-21 15:00:00,0.4954,0.5004,0.495,0.4982,17406278
2024-04-21 16:00:00,0.4982,0.4992,0.4872,0.4931,58609263
2024-04-21 17:00:00,0.493,0.4965,0.4905,0.4956,20668431
2024-04-21 18:00:00,0.4955,0.4977,0.493,0.4973,12174406
2024-04-21 19:00:00,0.4973,0.4997,0.4956,0.4961,11166780
2024-04-21 20:00:00,0.4961,0.5023,0.495,0.5017,21103202
2024-04-21 21:00:00,0.5017,0.5048,0.4993,0.4997,13884028
2024-04-21 22:00:00,0.4998,0.5039,0.4989,0.4992,16677984
2024-04-21 23:00:00,0.4993,0.5003,0.4975,0.499,10429730
2024-04-22 00:00:00,0.4991,0.5044,0.4965,0.4993,19719363
2024-04-22 01:00:00,0.4994,0.5051,0.495,0.4973,38669410
2024-04-22 02:00:00,0.4972,0.4997,0.4945,0.497,24090124
2024-04-22 03:00:00,0.4971,0.5101,0.4967,0.5072,25228293
2024-04-22 04:00:00,0.5072,0.5108,0.5063,0.5083,20276264
2024-04-22 05:00:00,0.5083,0.5133,0.5083,0.5125,17311041
2024-04-22 06:00:00,0.5125,0.516,0.5098,0.5104,26512510
2024-04-22 07:00:00,0.5103,0.5125,0.5056,0.5057,16768872
2024-04-22 08:00:00,0.5058,0.5097,0.5042,0.5055,18614932
2024-04-22 09:00:00,0.5055,0.5101,0.5048,0.5092,13920200
2024-04-22 10:00:00,0.5091,0.5122,0.5084,0.5098,16850680
2024-04-22 11:00:00,0.5098,0.5117,0.5081,0.5097,15358531
2024-04-22 12:00:00,0.5097,0.514,0.509,0.5134,20453487
2024-04-22 13:00:00,0.5135,0.5156,0.5096,0.5135,21403271
2024-04-22 14:00:00,0.5135,0.5152,0.5104,0.5118,19955657
2024-04-22 15:00:00,0.5118,0.5183,0.5072,0.5153,36248240
2024-04-22 16:00:00,0.5153,0.5187,0.5101,0.5129,30094303
2024-04-22 17:00:00,0.5129,0.5201,0.5129,0.5159,22874452
2024-04-22 18:00:00,0.5159,0.5185,0.5152,0.5167,12759243
2024-04-22 19:00:00,0.5166,0.5184,0.5138,0.5179,10067448
2024-04-22 20:00:00,0.5178,0.52,0.5152,0.5191,14389212
2024-04-22 21:00:00,0.5191,0.5199,0.517,0.5191,7305675
2024-04-22 22:00:00,0.519,0.5223,0.5186,0.52,21066094
2024-04-22 23:00:00,0.5199,0.522,0.5152,0.5163,14633274
2024-04-23 00:00:00,0.5162,0.5192,0.5147,0.5179,15444581
2024-04-23 01:00:00,0.5179,0.5188,0.5157,0.5159,10165152
2024-04-23 02:00:00,0.5159,0.5171,0.5112,0.512,10929241
2024-04-23 03:00:00,0.5121,0.514,0.5086,0.5096,15813192
2024-04-23 04:00:00,0.5095,0.5115,0.5056,0.5078,20696104
2024-04-23 05:00:00,0.5077,0.5154,0.5076,0.5137,20506950
2024-04-23 06:00:00,0.5137,0.5164,0.5091,0.5101,18575156
2024-04-23 07:00:00,0.51,0.5112,0.505,0.5086,20050950
2024-04-23 08:00:00,0.5086,0.5214,0.5059,0.5166,48319627
2024-04-23 09:00:00,0.5166,0.519,0.5146,0.5167,18084469
2024-04-23 10:00:00,0.5166,0.5195,0.5149,0.5164,17327178
2024-04-23 11:00:00,0.5163,0.5179,0.5129,0.5144,16328461
2024-04-23 12:00:00,0.5144,0.5159,0.5107,0.5132,16985710
2024-04-23 13:00:00,0.5132,0.5142,0.5027,0.5077,50098755
2024-04-23 14:00:00,0.5078,0.5136,0.5071,0.5122,26968401
2024-04-23 15:00:00,0.5122,0.5126,0.5036,0.5049,24834051
2024-04-23 16:00:00,0.505,0.508,0.5036,0.5054,13836443
2024-04-23 17:00:00,0.5053,0.5083,0.5036,0.506,14368135
2024-04-23 18:00:00,0.5061,0.5062,0.5008,0.5032,18816583
2024-04-23 19:00:00,0.5033,0.505,0.5007,0.5046,9125136
2024-04-23 20:00:00,0.5047,0.5056,0.5,0.5043,14034192
2024-04-23 21:00:00,0.5043,0.5043,0.5012,0.5017,7409770
2024-04-23 22:00:00,0.5018,0.5034,0.4989,0.4995,13571800
2024-04-23 23:00:00,0.4995,0.5006,0.4966,0.4997,13129676
2024-04-24 00:00:00,0.4997,0.5041,0.4975,0.5033,20432133
2024-04-24 01:00:00,0.5032,0.5057,0.5027,0.5036,15783730
2024-04-24 02:00:00,0.5036,0.5042,0.4974,0.4998,12587448
2024-04-24 03:00:00,0.4998,0.503,0.4991,0.5008,8836084
2024-04-24 04:00:00,0.5009,0.5084,0.4997,0.5079,15297578
2024-04-24 05:00:00,0.5079,0.5106,0.5046,0.5075,25335856
2024-04-24 06:00:00,0.5075,0.5082,0.5039,0.5071,12801772
2024-04-24 07:00:00,0.507,0.5078,0.5028,0.5039,11072752
2024-04-24 08:00:00,0.504,0.5052,0.4987,0.4998,23044341
2024-04-24 09:00:00,0.4998,0.5001,0.493,0.4964,33223384
2024-04-24 10:00:00,0.4965,0.4984,0.494,0.4965,21207226
2024-04-24 11:00:00,0.4965,0.4995,0.4942,0.4982,20089502
2024-04-24 12:00:00,0.4982,0.4994,0.4961,0.4969,18348845
2024-04-24 13:00:00,0.4969,0.4969,0.4867,0.4883,60009503
2024-04-24 14:00:00,0.4883,0.4903,0.476,0.4835,114534967
2024-04-24 15:00:00,0.4834,0.4836,0.4754,0.4768,46485453
2024-04-24 16:00:00,0.4767,0.4785,0.4712,0.4754,46784240
2024-04-24 17:00:00,0.4754,0.4819,0.4743,0.4787,27723380
2024-04-24 18:00:00,0.4787,0.4804,0.4742,0.4757,26949189
2024-04-24 19:00:00,0.4757,0.4817,0.4719,0.4797,27363308
2024-04-24 20:00:00,0.4797,0.4808,0.4756,0.4773,22431580
2024-04-24 21:00:00,0.4772,0.4805,0.4743,0.4805,12717493
2024-04-24 22:00:00,0.4805,0.4807,0.4704,0.4724,23674849
2024-04-24 23:00:00,0.4725,0.4758,0.468,0.4743,30114355
2024-04-25 00:00:00,0.4744,0.4796,0.4741,0.4772,17658307
2024-04-25 01:00:00,0.4771,0.4794,0.4723,0.4724,15422901
2024-04-25 02:00:00,0.4723,0.4772,0.4692,0.4753,24018189
2024-04-25 03:00:00,0.4753,0.4767,0.4714,0.4732,17938674
2024-04-25 04:00:00,0.4732,0.4754,0.4663,0.4745,28599488
2024-04-25 05:00:00,0.4745,0.4778,0.472,0.4758,12565042
2024-04-25 06:00:00,0.4758,0.4783,0.4753,0.4768,12018655
2024-04-25 07:00:00,0.4768,0.478,0.4708,0.4721,14094271
2024-04-25 08:00:00,0.4721,0.4739,0.4679,0.4705,19863556
2024-04-25 09:00:00,0.4705,0.4739,0.468,0.4694,13637547
2024-04-25 10:00:00,0.4695,0.4696,0.4625,0.4639,40088266
2024-04-25 11:00:00,0.4639,0.4707,0.4635,0.4691,18870655
2024-04-25 12:00:00,0.4692,0.4737,0.464,0.4657,27975280
2024-04-25 13:00:00,0.4658,0.4685,0.4621,0.467,30190630
2024-04-25 14:00:00,0.467,0.4723,0.4654,0.4673,21990738
2024-04-25 15:00:00,0.4674,0.4746,0.4664,0.4735,23601464
2024-04-25 16:00:00,0.4735,0.4745,0.4703,0.4723,20309445
2024-04-25 17:00:00,0.4723,0.4745,0.4704,0.4736,19364282
2024-04-25 18:00:00,0.4736,0.4749,0.4714,0.4746,13396219
2024-04-25 19:00:00,0.4745,0.4751,0.4716,0.4741,8425907
2024-04-25 20:00:00,0.4742,0.4766,0.4721,0.4748,15005001
2024-04-25 21:00:00,0.4749,0.4783,0.4746,0.4758,9932354
2024-04-25 22:00:00,0.4758,0.4758,0.4708,0.4713,13475358
2024-04-25 23:00:00,0.4713,0.4727,0.4693,0.4702,11010823
2024-04-26 00:00:00,0.4702,0.4714,0.464,0.4681,25402691
2024-04-26 01:00:00,0.4682,0.4722,0.4611,0.4698,37989503
2024-04-26 02:00:00,0.4698,0.474,0.4686,0.4717,16760085
2024-04-26 03:00:00,0.4718,0.4746,0.4702,0.4727,15628816
2024-04-26 04:00:00,0.4728,0.477,0.4708,0.4749,17673244
2024-04-26 05:00:00,0.475,0.4787,0.4745,0.4786,14051900
2024-04-26 06:00:00,0.4786,0.4786,0.4717,0.4718,17379709
2024-04-26 07:00:00,0.4718,0.473,0.468,0.4685,22382765
2024-04-26 08:00:00,0.4684,0.4712,0.4657,0.4673,20482547
2024-04-26 09:00:00,0.4674,0.4702,0.4663,0.4684,13700604
2024-04-26 10:00:00,0.4685,0.4702,0.4648,0.4662,16998230
2024-04-26 11:00:00,0.4663,0.4693,0.4662,0.4681,12271033
2024-04-26 12:00:00,0.4681,0.4724,0.4661,0.4687,22190242
2024-04-26 13:00:00,0.4687,0.4728,0.4628,0.472,28733454
2024-04-26 14:00:00,0.4721,0.4757,0.4651,0.4667,38940920
2024-04-26 15:00:00,0.4667,0.4677,0.4618,0.4659,28227372
2024-04-26 16:00:00,0.4659,0.4675,0.4628,0.4639,15894650
2024-04-26 17:00:00,0.4639,0.4678,0.4632,0.4672,15144770
2024-04-26 18:00:00,0.4671,0.4679,0.4652,0.4669,9156042
2024-04-26 19:00:00,0.467,0.4674,0.4645,0.4645,7152073
2024-04-26 20:00:00,0.4645,0.469,0.4645,0.4664,9772212
2024-04-26 21:00:00,0.4664,0.4684,0.4653,0.4677,6209331
2024-04-26 22:00:00,0.4676,0.4678,0.4603,0.4614,23921422
2024-04-26 23:00:00,0.4614,0.4635,0.4612,0.4628,9710078
2024-04-27 00:00:00,0.4629,0.466,0.4557,0.461,37435005
2024-04-27 01:00:00,0.4611,0.4614,0.4427,0.4519,84130676
2024-04-27 02:00:00,0.4519,0.459,0.4501,0.4571,24059665
2024-04-27 03:00:00,0.4572,0.4607,0.457,0.4585,14807193
2024-04-27 04:00:00,0.4586,0.4617,0.4582,0.4605,12723630
2024-04-27 05:00:00,0.4605,0.4616,0.4578,0.4586,12602594
2024-04-27 06:00:00,0.4586,0.4606,0.4556,0.4563,14061440
2024-04-27 07:00:00,0.4562,0.4584,0.454,0.4542,15214641
2024-04-27 08:00:00,0.4542,0.4553,0.4529,0.4544,13962502
2024-04-27 09:00:00,0.4545,0.4569,0.4531,0.4555,10728474
2024-04-27 10:00:00,0.4555,0.4561,0.4512,0.4521,14144215
2024-04-27 11:00:00,0.4521,0.4544,0.4501,0.4526,16762536
2024-04-27 12:00:00,0.4526,0.4576,0.4517,0.457,19488766
2024-04-27 13:00:00,0.4571,0.4611,0.4564,0.4606,15279961
2024-04-27 14:00:00,0.4606,0.4625,0.458,0.4586,24905534
2024-04-27 15:00:00,0.4587,0.4598,0.4558,0.4568,13687485
2024-04-27 16:00:00,0.4568,0.4588,0.4556,0.4572,15224020
2024-04-27 17:00:00,0.4573,0.4688,0.4565,0.4674,37222471
2024-04-27 18:00:00,0.4674,0.4698,0.4602,0.4648,32920229
2024-04-27 19:00:00,0.4647,0.466,0.4637,0.4659,9897467
2024-04-27 20:00:00,0.466,0.4661,0.4634,0.4646,9853044
2024-04-27 21:00:00,0.4646,0.4649,0.4632,0.4642,5933290
2024-04-27 22:00:00,0.4641,0.4654,0.4635,0.4646,8699192
2024-04-27 23:00:00,0.4646,0.4683,0.4645,0.4672,9455699
2024-04-28 00:00:00,0.4673,0.4699,0.4663,0.4694,15371607
2024-04-28 01:00:00,0.4694,0.4712,0.4688,0.4704,12018731
2024-04-28 02:00:00,0.4704,0.4755,0.4694,0.4749,13481442
2024-04-28 03:00:00,0.4748,0.4767,0.4739,0.4745,15643345
2024-04-28 04:00:00,0.4745,0.4749,0.47,0.4704,8141728
2024-04-28 05:00:00,0.4704,0.4736,0.47,0.4727,7343138
2024-04-28 06:00:00,0.4727,0.4779,0.4724,0.4762,20115787
2024-04-28 07:00:00,0.4763,0.4771,0.4737,0.4745,12744220
2024-04-28 08:00:00,0.4746,0.4758,0.4712,0.4729,11817151
2024-04-28 09:00:00,0.473,0.4742,0.4706,0.4717,9012577
2024-04-28 10:00:00,0.4718,0.4725,0.4683,0.4708,12187217
2024-04-28 11:00:00,0.4708,0.471,0.4665,0.4675,15433456
2024-04-28 12:00:00,0.4676,0.4696,0.4671,0.4692,10517947
2024-04-28 13:00:00,0.4692,0.4726,0.4684,0.4704,14139366
2024-04-28 14:00:00,0.4704,0.4709,0.4673,0.4689,12774626
2024-04-28 15:00:00,0.4688,0.4697,0.4667,0.4671,10319151
2024-04-28 16:00:00,0.4671,0.47,0.4659,0.4684,14802171
2024-04-28 17:00:00,0.4684,0.4709,0.4681,0.4706,7374245
2024-04-28 18:00:00,0.4705,0.4724,0.4683,0.4715,14358829
2024-04-28 19:00:00,0.4714,0.4715,0.4688,0.4691,6587902
2024-04-28 20:00:00,0.4691,0.4703,0.4676,0.47,6892097
2024-04-28 21:00:00,0.47,0.4707,0.4681,0.4685,5161019
2024-04-28 22:00:00,0.4684,0.4692,0.4615,0.4633,23542031
2024-04-28 23:00:00,0.4632,0.4633,0.458,0.4601,24047434
2024-04-29 00:00:00,0.46,0.4623,0.4589,0.4617,15456150
2024-04-29 01:00:00,0.4616,0.4637,0.4601,0.4624,11410763
2024-04-29 02:00:00,0.4624,0.4634,0.4548,0.4569,19579628
2024-04-29 03:00:00,0.4569,0.4577,0.4511,0.452,22516790
2024-04-29 04:00:00,0.452,0.4559,0.4504,0.4551,15973200
2024-04-29 05:00:00,0.4551,0.456,0.4515,0.4559,9153203
2024-04-29 06:00:00,0.4558,0.4559,0.446,0.4496,35309507
2024-04-29 07:00:00,0.4496,0.4516,0.448,0.4506,20950246
2024-04-29 08:00:00,0.4506,0.4512,0.4473,0.4503,15913811
2024-04-29 09:00:00,0.4503,0.4546,0.4489,0.4528,15021438
2024-04-29 10:00:00,0.4527,0.455,0.4519,0.4545,14251514
2024-04-29 11:00:00,0.4545,0.4553,0.4514,0.453,15089091
2024-04-29 12:00:00,0.453,0.4554,0.4492,0.455,17308187
2024-04-29 13:00:00,0.4549,0.4565,0.4489,0.4512,25568901
2024-04-29 14:00:00,0.4511,0.4589,0.4492,0.4574,30517931
2024-04-29 15:00:00,0.4574,0.459,0.4553,0.457,16025109
2024-04-29 16:00:00,0.457,0.4576,0.4518,0.4524,16291405
2024-04-29 17:00:00,0.4524,0.456,0.4523,0.4545,10118434
2024-04-29 18:00:00,0.4545,0.4548,0.4521,0.4536,8390397
2024-04-29 19:00:00,0.4535,0.4536,0.4501,0.4529,11936763
2024-04-29 20:00:00,0.4529,0.4555,0.4519,0.4534,10535610
2024-04-29 21:00:00,0.4534,0.4541,0.4501,0.4529,6150402
2024-04-29 22:00:00,0.4529,0.4592,0.4522,0.4563,25341210
2024-04-29 23:00:00,0.4563,0.4595,0.4557,0.4568,17194115
2024-04-30 00:00:00,0.4568,0.4631,0.4551,0.4618,21741345
2024-04-30 01:00:00,0.4618,0.4621,0.4541,0.4543,16952606
2024-04-30 02:00:00,0.4543,0.4605,0.4504,0.4585,27619640
2024-04-30 03:00:00,0.4585,0.4593,0.4554,0.4567,10521842
2024-04-30 04:00:00,0.4568,0.4574,0.4545,0.4549,10820470
2024-04-30 05:00:00,0.4549,0.4563,0.4521,0.454,10528054
2024-04-30 06:00:00,0.454,0.4557,0.4534,0.4548,9688011
2024-04-30 07:00:00,0.4549,0.4553,0.4509,0.4509,11803443
2024-04-30 08:00:00,0.451,0.4527,0.4383,0.4404,66116910
2024-04-30 09:00:00,0.4403,0.4438,0.4392,0.4401,34066827
2024-04-30 10:00:00,0.44,0.4412,0.4362,0.4381,28771745
2024-04-30 11:00:00,0.4381,0.4381,0.4294,0.4315,55516353
2024-04-30 12:00:00,0.4315,0.4335,0.425,0.4301,59216542
2024-04-30 13:00:00,0.4301,0.4313,0.4255,0.4276,29766552
2024-04-30 14:00:00,0.4275,0.4354,0.4268,0.4331,36715042
2024-04-30 15:00:00,0.433,0.4367,0.4306,0.4358,36530375
2024-04-30 16:00:00,0.4357,0.4372,0.4287,0.4363,58873966
2024-04-30 17:00:00,0.4363,0.4374,0.4328,0.4337,20569212
2024-04-30 18:00:00,0.4336,0.4354,0.4316,0.4353,19114005
2024-04-30 19:00:00,0.4353,0.4369,0.4291,0.4325,43137352
2024-04-30 20:00:00,0.4325,0.4408,0.4325,0.4392,30904997
2024-04-30 21:00:00,0.4392,0.4416,0.4383,0.4387,12501929
2024-04-30 22:00:00,0.4387,0.4445,0.4385,0.4409,33004557
2024-04-30 23:00:00,0.4409,0.4425,0.4387,0.4409,18041301
2024-05-01 00:00:00,0.441,0.4434,0.4369,0.4386,32776308
2024-05-01 01:00:00,0.4387,0.4415,0.4362,0.4394,31387790
2024-05-01 02:00:00,0.4395,0.4412,0.4342,0.4401,26413188
2024-05-01 03:00:00,0.4401,0.4417,0.4387,0.4405,11643876
2024-05-01 04:00:00,0.4404,0.4438,0.4404,0.4434,15496794
2024-05-01 05:00:00,0.4434,0.4444,0.4402,0.4424,15506839
2024-05-01 06:00:00,0.4423,0.4431,0.4363,0.4368,18995861
2024-05-01 07:00:00,0.4368,0.4376,0.4227,0.4276,125745053
2024-05-01 08:00:00,0.4276,0.429,0.4181,0.426,85475428
2024-05-01 09:00:00,0.4259,0.4326,0.4248,0.4303,37041919
2024-05-01 10:00:00,0.4302,0.4341,0.4282,0.433,23525208
2024-05-01 11:00:00,0.433,0.4346,0.4309,0.4346,14955362
2024-05-01 12:00:00,0.4346,0.4418,0.4333,0.4418,32445789
2024-05-01 13:00:00,0.4418,0.4431,0.4362,0.4384,33050378
2024-05-01 14:00:00,0.4383,0.4406,0.435,0.4401,21937626
2024-05-01 15:00:00,0.4401,0.4401,0.4321,0.4352,23800127
2024-05-01 16:00:00,0.4352,0.437,0.4309,0.4319,23954865
2024-05-01 17:00:00,0.4319,0.4393,0.4289,0.4378,24910434
2024-05-01 18:00:00,0.4378,0.4574,0.4377,0.4549,69858671
2024-05-01 19:00:00,0.455,0.4576,0.4394,0.4415,58669474
2024-05-01 20:00:00,0.4416,0.4478,0.4382,0.4463,28608483
2024-05-01 21:00:00,0.4464,0.4522,0.4451,0.4495,15850193
2024-05-01 22:00:00,0.4496,0.4513,0.4479,0.4487,13587880
2024-05-01 23:00:00,0.4487,0.4508,0.4476,0.4499,11651178
2024-05-02 00:00:00,0.4499,0.4512,0.4432,0.4443,22751585
2024-05-02 01:00:00,0.4443,0.447,0.4384,0.4431,29175488
2024-05-02 02:00:00,0.4431,0.4472,0.4427,0.4452,17675562
2024-05-02 03:00:00,0.4452,0.4466,0.4447,0.4453,9213469
2024-05-02 04:00:00,0.4453,0.4478,0.4434,0.4444,15078295
2024-05-02 05:00:00,0.4445,0.4452,0.4411,0.4443,10421585
2024-05-02 06:00:00,0.4443,0.4453,0.4423,0.4433,10769467
2024-05-02 07:00:00,0.4434,0.4456,0.4431,0.4443,13788739
2024-05-02 08:00:00,0.4442,0.4476,0.4436,0.4472,13765200
2024-05-02 09:00:00,0.4473,0.4511,0.4469,0.4507,17406080
2024-05-02 10:00:00,0.4507,0.452,0.4483,0.4514,16457444
2024-05-02 11:00:00,0.4515,0.4559,0.4513,0.4528,30584362
2024-05-02 12:00:00,0.4529,0.462,0.4517,0.4536,43387226
2024-05-02 13:00:00,0.4536,0.4553,0.4502,0.4519,20360812
2024-05-02 14:00:00,0.452,0.4579,0.4503,0.4571,28513461
2024-05-02 15:00:00,0.4571,0.4613,0.4557,0.4574,30302495
2024-05-02 16:00:00,0.4573,0.4578,0.4541,0.4543,15088758
2024-05-02 17:00:00,0.4543,0.456,0.4532,0.4552,9882868
2024-05-02 18:00:00,0.4551,0.4579,0.4519,0.4553,20813040
2024-05-02 19:00:00,0.4553,0.4557,0.4535,0.4555,8583528
2024-05-02 20:00:00,0.4556,0.4571,0.4521,0.4545,19634894
2024-05-02 21:00:00,0.4544,0.4585,0.4543,0.4566,7147191
2024-05-02 22:00:00,0.4567,0.4596,0.4559,0.459,20127694
2024-05-02 23:00:00,0.459,0.4598,0.4572,0.4575,9225249
2024-05-03 00:00:00,0.4575,0.4598,0.456,0.4568,11184839
2024-05-03 01:00:00,0.4569,0.462,0.4565,0.459,13482011
2024-05-03 02:00:00,0.4589,0.4627,0.458,0.461,13220443
2024-05-03 03:00:00,0.461,0.4628,0.4592,0.4602,8871182
2024-05-03 04:00:00,0.4602,0.461,0.4563,0.457,10939434
2024-05-03 05:00:00,0.4569,0.4571,0.4506,0.4535,36995260
2024-05-03 06:00:00,0.4534,0.4537,0.451,0.4516,12327499
2024-05-03 07:00:00,0.4516,0.4534,0.4504,0.451,13626306
2024-05-03 08:00:00,0.4509,0.4529,0.4505,0.4509,9638642
2024-05-03 09:00:00,0.4508,0.452,0.4492,0.45,12048152
2024-05-03 10:00:00,0.4501,0.4503,0.446,0.4482,17850883
2024-05-03 11:00:00,0.4481,0.4491,0.4463,0.448,11633740
2024-05-03 12:00:00,0.4479,0.4589,0.4468,0.4574,41802332
2024-05-03 13:00:00,0.4574,0.4646,0.4569,0.4645,38779786
2024-05-03 14:00:00,0.4645,0.467,0.4613,0.4634,23665151
2024-05-03 15:00:00,0.4634,0.4676,0.4624,0.4667,17138736
2024-05-03 16:00:00,0.4667,0.4688,0.4652,0.4655,16240492
2024-05-03 17:00:00,0.4655,0.4678,0.4646,0.466,11391953
2024-05-03 18:00:00,0.466,0.4668,0.4642,0.4647,7619962
2024-05-03 19:00:00,0.4646,0.4661,0.463,0.4658,8978607
2024-05-03 20:00:00,0.4658,0.4733,0.4654,0.4703,23783158
2024-05-03 21:00:00,0.4703,0.4716,0.4657,0.4675,11801511
2024-05-03 22:00:00,0.4676,0.4689,0.4666,0.4679,9260013
2024-05-03 23:00:00,0.4678,0.4703,0.4659,0.4669,14303238
2024-05-04 00:00:00,0.4669,0.4703,0.4662,0.4693,12300712
2024-05-04 01:00:00,0.4692,0.4713,0.4669,0.467,13487378
2024-05-04 02:00:00,0.4669,0.4672,0.4643,0.4664,12593515
2024-05-04 03:00:00,0.4664,0.4672,0.4654,0.4665,7626113
2024-05-04 04:00:00,0.4665,0.4686,0.4657,0.4678,9469775
2024-05-04 05:00:00,0.4678,0.4684,0.4653,0.4678,6962182
2024-05-04 06:00:00,0.4678,0.4679,0.4645,0.4652,9007433
2024-05-04 07:00:00,0.4652,0.4664,0.4647,0.4648,5361047
2024-05-04 08:00:00,0.4649,0.468,0.4647,0.4675,7343932
2024-05-04 09:00:00,0.4675,0.4687,0.4664,0.4673,6792951
2024-05-04 10:00:00,0.4674,0.4747,0.4664,0.4744,19646920
2024-05-04 11:00:00,0.4744,0.4758,0.4666,0.4684,37033569
2024-05-04 12:00:00,0.4685,0.4709,0.4677,0.4701,11401228
2024-05-04 13:00:00,0.4701,0.4709,0.4651,0.4677,20482690
2024-05-04 14:00:00,0.4677,0.4687,0.4657,0.4675,11047315
2024-05-04 15:00:00,0.4675,0.4683,0.4657,0.4677,6611626
2024-05-04 16:00:00,0.4677,0.4692,0.4654,0.4689,9112497
2024-05-04 17:00:00,0.4689,0.4693,0.466,0.4677,9572981
2024-05-04 18:00:00,0.4676,0.4699,0.4672,0.4688,7025419
2024-05-04 19:00:00,0.4687,0.4705,0.4678,0.4698,5603252
2024-05-04 20:00:00,0.4697,0.4708,0.4675,0.4681,9696434
2024-05-04 21:00:00,0.4681,0.4686,0.4629,0.4658,14414316
2024-05-04 22:00:00,0.4658,0.4664,0.4636,0.4638,9173233
2024-05-04 23:00:00,0.4637,0.464,0.4621,0.463,10785281
2024-05-05 00:00:00,0.4629,0.4638,0.4567,0.4594,35147268
2024-05-05 01:00:00,0.4594,0.4597,0.4519,0.4542,30214196
2024-05-05 02:00:00,0.4541,0.4564,0.4535,0.4537,10024875
2024-05-05 03:00:00,0.4537,0.4549,0.4522,0.4547,9168937
2024-05-05 04:00:00,0.4547,0.4562,0.4544,0.4554,9024006
2024-05-05 05:00:00,0.4553,0.4572,0.4537,0.4538,10614021
2024-05-05 06:00:00,0.4537,0.4565,0.4533,0.4561,8661422
2024-05-05 07:00:00,0.456,0.4592,0.4552,0.4579,12027925
2024-05-05 08:00:00,0.4579,0.4617,0.4574,0.4602,14057783
2024-05-05 09:00:00,0.4602,0.4604,0.4574,0.4581,8210051
2024-05-05 10:00:00,0.458,0.4592,0.456,0.4575,10016073
2024-05-05 11:00:00,0.4575,0.4589,0.4562,0.4581,7107207
2024-05-05 12:00:00,0.4582,0.4586,0.4551,0.4557,9919690
2024-05-05 13:00:00,0.4557,0.459,0.4543,0.4588,17630645
2024-05-05 14:00:00,0.4588,0.4614,0.4562,0.4612,15683488
2024-05-05 15:00:00,0.4612,0.4644,0.4602,0.4634,21136611
2024-05-05 16:00:00,0.4635,0.466,0.4608,0.4619,19721114
2024-05-05 17:00:00,0.4619,0.4632,0.4599,0.4605,10951787
2024-05-05 18:00:00,0.4606,0.4607,0.4565,0.4594,19874015
2024-05-05 19:00:00,0.4595,0.4608,0.4587,0.4604,10993648
2024-05-05 20:00:00,0.4604,0.4613,0.4588,0.4608,10444929
2024-05-05 21:00:00,0.4608,0.4608,0.4586,0.4594,5176196
2024-05-05 22:00:00,0.4594,0.46,0.456,0.4566,8694177
2024-05-05 23:00:00,0.4566,0.4593,0.4563,0.4577,10399202
2024-05-06 00:00:00,0.4578,0.4614,0.4574,0.4605,10531008
2024-05-06 01:00:00,0.4606,0.4609,0.4554,0.457,15194661
2024-05-06 02:00:00,0.457,0.4589,0.4552,0.4553,8956851
2024-05-06 03:00:00,0.4554,0.4571,0.4537,0.4562,11632003
2024-05-06 04:00:00,0.4563,0.4589,0.4553,0.4583,8729581
2024-05-06 05:00:00,0.4584,0.4628,0.4571,0.4619,10529823
2024-05-06 06:00:00,0.462,0.4643,0.4608,0.4628,12666296
2024-05-06 07:00:00,0.4629,0.4667,0.4625,0.4664,16026977
2024-05-06 08:00:00,0.4665,0.475,0.4665,0.4706,38686209
2024-05-06 09:00:00,0.4707,0.4733,0.4706,0.471,14283992
2024-05-06 10:00:00,0.471,0.4761,0.4595,0.4628,56915335
2024-05-06 11:00:00,0.4628,0.4667,0.4626,0.4651,18342804
2024-05-06 12:00:00,0.4651,0.4665,0.4533,0.4572,55392439
2024-05-06 13:00:00,0.4571,0.462,0.4556,0.4614,30706469
2024-05-06 14:00:00,0.4613,0.4625,0.454,0.4543,28212789
2024-05-06 15:00:00,0.4543,0.4606,0.4509,0.4602,47438630
2024-05-06 16:00:00,0.4603,0.4622,0.4583,0.4593,19106737
2024-05-06 17:00:00,0.4592,0.464,0.458,0.4607,26135938
2024-05-06 18:00:00,0.4606,0.4639,0.4593,0.462,13785115
2024-05-06 19:00:00,0.4619,0.4621,0.4553,0.4608,22884478
2024-05-06 20:00:00,0.4607,0.4618,0.4594,0.4595,10469908
2024-05-06 21:00:00,0.4595,0.46,0.4577,0.4585,6009539
2024-05-06 22:00:00,0.4584,0.4585,0.4548,0.4554,9452905
2024-05-06 23:00:00,0.4553,0.4557,0.4531,0.4537,11117124
2024-05-07 00:00:00,0.4537,0.4556,0.4507,0.4527,21680977
2024-05-07 01:00:00,0.4526,0.4557,0.4519,0.4552,13170332
2024-05-07 02:00:00,0.4552,0.4557,0.4537,0.4542,8045825
2024-05-07 03:00:00,0.4542,0.4548,0.4449,0.449,38602257
2024-05-07 04:00:00,0.449,0.451,0.4481,0.4509,12137166
2024-05-07 05:00:00,0.4508,0.451,0.4463,0.449,13117783
2024-05-07 06:00:00,0.4489,0.4496,0.4457,0.4475,11399934
2024-05-07 07:00:00,0.4475,0.45,0.4467,0.449,10860597
2024-05-07 08:00:00,0.449,0.4551,0.4482,0.4537,19713254
2024-05-07 09:00:00,0.4537,0.4563,0.4516,0.4518,13596291
2024-05-07 10:00:00,0.4519,0.4525,0.4491,0.4518,13446098
2024-05-07 11:00:00,0.4518,0.4525,0.4472,0.4485,15586420
2024-05-07 12:00:00,0.4486,0.4513,0.4485,0.4505,11425936
2024-05-07 13:00:00,0.4506,0.4521,0.4478,0.4499,15109145
2024-05-07 14:00:00,0.4499,0.4543,0.4476,0.454,17833408
2024-05-07 15:00:00,0.4541,0.4553,0.4513,0.452,18618378
2024-05-07 16:00:00,0.452,0.4532,0.45,0.4516,10031658
2024-05-07 17:00:00,0.4516,0.4522,0.4501,0.4508,7092649
2024-05-07 18:00:00,0.4509,0.4509,0.446,0.4492,17712715
2024-05-07 19:00:00,0.4493,0.4499,0.4464,0.4473,8859497
2024-05-07 20:00:00,0.4473,0.449,0.4461,0.4474,7728607
2024-05-07 21:00:00,0.4474,0.449,0.4433,0.4467,10860775
2024-05-07 22:00:00,0.4467,0.4479,0.4432,0.4456,16963471
2024-05-07 23:00:00,0.4456,0.4458,0.4404,0.4411,25311536
2024-05-08 00:00:00,0.4412,0.4427,0.4358,0.4415,28325197
2024-05-08 01:00:00,0.4416,0.4439,0.4409,0.442,11616329
2024-05-08 02:00:00,0.442,0.4445,0.4419,0.4435,8650787
2024-05-08 03:00:00,0.4435,0.4452,0.4421,0.444,6350356
2024-05-08 04:00:00,0.444,0.4449,0.4387,0.4418,11296946
2024-05-08 05:00:00,0.4419,0.4432,0.4395,0.4416,9266002
2024-05-08 06:00:00,0.4417,0.4429,0.4374,0.4414,19924804
2024-05-08 07:00:00,0.4415,0.4432,0.4374,0.4387,12685335
2024-05-08 08:00:00,0.4387,0.444,0.4372,0.4426,28131685
2024-05-08 09:00:00,0.4427,0.4433,0.4384,0.4417,12089000
2024-05-08 10:00:00,0.4416,0.4432,0.4413,0.442,8514493
2024-05-08 11:00:00,0.442,0.4424,0.4387,0.4392,11059878
2024-05-08 12:00:00,0.4393,0.4412,0.4361,0.4384,15031393
2024-05-08 13:00:00,0.4384,0.4447,0.4368,0.4444,23478750
2024-05-08 14:00:00,0.4445,0.4591,0.4429,0.4581,105537501
2024-05-08 15:00:00,0.4581,0.4683,0.4514,0.461,128148050
2024-05-08 16:00:00,0.4611,0.4688,0.459,0.4619,50887757
2024-05-08 17:00:00,0.4619,0.466,0.4578,0.4606,30407293
2024-05-08 18:00:00,0.4607,0.465,0.4604,0.4631,15021516
2024-05-08 19:00:00,0.4631,0.4672,0.4594,0.464,30285213
2024-05-08 20:00:00,0.464,0.4663,0.4539,0.4551,39853815
2024-05-08 21:00:00,0.4552,0.4589,0.453,0.4568,21445479
2024-05-08 22:00:00,0.4568,0.4569,0.4516,0.4531,19554930
2024-05-08 23:00:00,0.4531,0.4556,0.4506,0.4516,18081546
2024-05-09 00:00:00,0.4516,0.4628,0.4512,0.4609,28466685
2024-05-09 01:00:00,0.461,0.4642,0.4597,0.4612,28194622
2024-05-09 02:00:00,0.4613,0.4643,0.46,0.4625,13514168
2024-05-09 03:00:00,0.4625,0.4634,0.4595,0.463,12401209
2024-05-09 04:00:00,0.463,0.4642,0.4591,0.4592,9057700
2024-05-09 05:00:00,0.4592,0.4618,0.4581,0.4581,11731472
2024-05-09 06:00:00,0.4582,0.4609,0.4571,0.4577,12421753
2024-05-09 07:00:00,0.4578,0.4584,0.4521,0.4531,17029310
2024-05-09 08:00:00,0.4531,0.4556,0.4513,0.4555,14467416
2024-05-09 09:00:00,0.4556,0.4561,0.451,0.4555,20610978
2024-05-09 10:00:00,0.4555,0.4555,0.4476,0.4478,31984426
2024-05-09 11:00:00,0.4478,0.4528,0.4466,0.4512,20277098
2024-05-09 12:00:00,0.4513,0.4552,0.4507,0.4534,18466192
2024-05-09 13:00:00,0.4535,0.4537,0.4474,0.4509,17659097
2024-05-09 14:00:00,0.4509,0.4531,0.4485,0.4524,16112283
2024-05-09 15:00:00,0.4525,0.4579,0.4511,0.4555,23702443
2024-05-09 16:00:00,0.4555,0.4577,0.4535,0.4539,21428868
2024-05-09 17:00:00,0.454,0.4573,0.4532,0.4556,11380347
2024-05-09 18:00:00,0.4555,0.4592,0.4553,0.4591,10160300
2024-05-09 19:00:00,0.4592,0.4617,0.4581,0.4601,11944841
2024-05-09 20:00:00,0.4601,0.4609,0.458,0.4586,9954500
2024-05-09 21:00:00,0.4586,0.4597,0.4572,0.4582,8541808
2024-05-09 22:00:00,0.4583,0.4644,0.4577,0.4632,19892148
2024-05-09 23:00:00,0.4632,0.4639,0.4612,0.4633,12450033
2024-05-10 00:00:00,0.4633,0.4635,0.4604,0.4613,12184935
2024-05-10 01:00:00,0.4614,0.4657,0.4604,0.4644,12687958
2024-05-10 02:00:00,0.4645,0.4657,0.463,0.4652,9218241
2024-05-10 03:00:00,0.4653,0.4662,0.4644,0.4654,6529830
2024-05-10 04:00:00,0.4655,0.4681,0.4645,0.465,12103060
2024-05-10 05:00:00,0.465,0.4658,0.4634,0.4637,10546103
2024-05-10 06:00:00,0.4638,0.4671,0.4629,0.4665,11454982
2024-05-10 07:00:00,0.4665,0.4687,0.4644,0.4651,19942496
2024-05-10 08:00:00,0.4651,0.4657,0.4633,0.4639,10539563
2024-05-10 09:00:00,0.464,0.4642,0.4621,0.4632,12432609
2024-05-10 10:00:00,0.4633,0.4637,0.4617,0.4632,8384072
2024-05-10 11:00:00,0.4633,0.4657,0.4614,0.4656,10874508
2024-05-10 12:00:00,0.4656,0.4665,0.4624,0.4632,11671805
2024-05-10 13:00:00,0.4631,0.4645,0.4611,0.4633,11023681
2024-05-10 14:00:00,0.4633,0.4647,0.446,0.4494,89512104
2024-05-10 15:00:00,0.4494,0.4512,0.4463,0.4493,53717020
2024-05-10 16:00:00,0.4492,0.4508,0.4428,0.4478,43112216
2024-05-10 17:00:00,0.4478,0.4481,0.4428,0.446,23041698
2024-05-10 18:00:00,0.4459,0.4482,0.4446,0.4481,15819222
2024-05-10 19:00:00,0.448,0.4494,0.4468,0.4479,10879530
2024-05-10 20:00:00,0.4479,0.4489,0.4437,0.4464,15199547
2024-05-10 21:00:00,0.4464,0.4485,0.446,0.4472,6775219
2024-05-10 22:00:00,0.4471,0.4482,0.444,0.4465,13790619
2024-05-10 23:00:00,0.4464,0.449,0.4463,0.4476,7250796
2024-05-11 00:00:00,0.4476,0.4497,0.4462,0.4475,10979918
2024-05-11 01:00:00,0.4474,0.4509,0.4457,0.4475,17910546
2024-05-11 02:00:00,0.4475,0.4485,0.4455,0.4477,9046293
2024-05-11 03:00:00,0.4477,0.4481,0.445,0.4461,11685276
2024-05-11 04:00:00,0.446,0.4466,0.4455,0.4456,7125554
2024-05-11 05:00:00,0.4455,0.4466,0.4453,0.4465,5360979
2024-05-11 06:00:00,0.4466,0.4483,0.446,0.4464,7455235
2024-05-11 07:00:00,0.4464,0.4492,0.4462,0.4488,9025171
2024-05-11 08:00:00,0.4488,0.4491,0.4447,0.4448,10887215
2024-05-11 09:00:00,0.4448,0.4455,0.4439,0.445,6946927
2024-05-11 10:00:00,0.445,0.445,0.4407,0.4431,13905620
2024-05-11 11:00:00,0.443,0.444,0.4402,0.4432,11994815
2024-05-11 12:00:00,0.4431,0.4447,0.442,0.4424,8967766
2024-05-11 13:00:00,0.4424,0.4451,0.4419,0.4449,9963011
2024-05-11 14:00:00,0.4448,0.445,0.4421,0.4424,7957941
2024-05-11 15:00:00,0.4423,0.4465,0.441,0.4429,20507293
2024-05-11 16:00:00,0.4429,0.444,0.4423,0.4427,11100118
2024-05-11 17:00:00,0.4427,0.4435,0.4412,0.4415,11862166
2024-05-11 18:00:00,0.4416,0.4424,0.4396,0.4412,13873841
2024-05-11 19:00:00,0.4411,0.4416,0.44,0.4409,5500952
2024-05-11 20:00:00,0.4409,0.441,0.4375,0.4396,12118573
2024-05-11 21:00:00,0.4395,0.4396,0.4376,0.4384,6305615
2024-05-11 22:00:00,0.4384,0.4396,0.4376,0.4393,8548450
2024-05-11 23:00:00,0.4393,0.44,0.4377,0.4388,7555071
2024-05-12 00:00:00,0.4387,0.4407,0.438,0.4387,10019523
2024-05-12 01:00:00,0.4388,0.4405,0.4386,0.4393,7526492
2024-05-12 02:00:00,0.4393,0.4415,0.4389,0.4411,6016741
2024-05-12 03:00:00,0.4411,0.4412,0.439,0.4403,5466121
2024-05-12 04:00:00,0.4403,0.4419,0.4401,0.4416,5295348
2024-05-12 05:00:00,0.4417,0.442,0.44,0.4406,6919801
2024-05-12 06:00:00,0.4406,0.4407,0.4393,0.4399,5486114
2024-05-12 07:00:00,0.4399,0.4404,0.4364,0.4381,19603934
2024-05-12 08:00:00,0.4381,0.4396,0.4365,0.4383,9373890
2024-05-12 09:00:00,0.4383,0.4386,0.4368,0.4382,10713129
2024-05-12 10:00:00,0.4382,0.4423,0.4377,0.4403,16290023
2024-05-12 11:00:00,0.4403,0.441,0.4397,0.4404,4902771
2024-05-12 12:00:00,0.4404,0.441,0.4394,0.4403,7518124
2024-05-12 13:00:00,0.4403,0.4429,0.44,0.4422,6978300
2024-05-12 14:00:00,0.4423,0.4429,0.4407,0.4417,7959181
2024-05-12 15:00:00,0.4417,0.4425,0.4404,0.4414,9264920
2024-05-12 16:00:00,0.4414,0.4434,0.44,0.4402,12953241
2024-05-12 17:00:00,0.4402,0.4413,0.4387,0.44,10382534
2024-05-12 18:00:00,0.4401,0.4402,0.4377,0.4378,8372119
2024-05-12 19:00:00,0.4378,0.4383,0.4368,0.438,7140768
2024-05-12 20:00:00,0.4379,0.4382,0.4365,0.4374,7786103
2024-05-12 21:00:00,0.4373,0.4378,0.4324,0.436,18793957
2024-05-12 22:00:00,0.436,0.4368,0.4352,0.4365,7471098
2024-05-12 23:00:00,0.4365,0.4379,0.4362,0.4374,4930507
2024-05-13 00:00:00,0.4374,0.4401,0.4374,0.4383,11022984
2024-05-13 01:00:00,0.4383,0.439,0.4316,0.4344,23246782
2024-05-13 02:00:00,0.4344,0.4355,0.4257,0.4296,51339718
2024-05-13 03:00:00,0.4295,0.43,0.4246,0.4297,29589325
2024-05-13 04:00:00,0.4297,0.4297,0.4251,0.4264,15633984
2024-05-13 05:00:00,0.4263,0.4279,0.4254,0.4262,12160179
2024-05-13 06:00:00,0.4261,0.4427,0.4255,0.4393,39999501
2024-05-13 07:00:00,0.4393,0.4454,0.4386,0.4436,50929652
2024-05-13 08:00:00,0.4435,0.4506,0.4435,0.4495,47649369
2024-05-13 09:00:00,0.4496,0.4529,0.4492,0.4507,28226901
2024-05-13 10:00:00,0.4507,0.4514,0.4455,0.4483,25036016
2024-05-13 11:00:00,0.4482,0.4491,0.4447,0.4484,16622791
2024-05-13 12:00:00,0.4483,0.4492,0.4417,0.4432,45009364
2024-05-13 13:00:00,0.4432,0.4476,0.4428,0.445,17359723
2024-05-13 14:00:00,0.4449,0.4468,0.4421,0.4427,14997528
2024-05-13 15:00:00,0.4427,0.4465,0.4426,0.4447,11857564
2024-05-13 16:00:00,0.4447,0.4492,0.4436,0.4474,19478281
2024-05-13 17:00:00,0.4474,0.448,0.4404,0.4416,22206178
2024-05-13 18:00:00,0.4415,0.443,0.4384,0.4401,19107315
2024-05-13 19:00:00,0.4401,0.4426,0.44,0.4414,9659535
2024-05-13 20:00:00,0.4414,0.442,0.4396,0.4411,8191014
2024-05-13 21:00:00,0.4411,0.4417,0.4382,0.4388,5578803
2024-05-13 22:00:00,0.4387,0.4398,0.4352,0.4363,18751009
2024-05-13 23:00:00,0.4363,0.4379,0.4355,0.4363,12939220
2024-05-14 00:00:00,0.4363,0.4379,0.4337,0.4355,24449095
2024-05-14 01:00:00,0.4354,0.4377,0.4334,0.4352,19304608
2024-05-14 02:00:00,0.4351,0.4361,0.432,0.4346,21919221
2024-05-14 03:00:00,0.4346,0.4363,0.4336,0.4345,15692719
2024-05-14 04:00:00,0.4345,0.4365,0.4339,0.4356,15120966
2024-05-14 05:00:00,0.4357,0.4382,0.435,0.4367,12797398
2024-05-14 06:00:00,0.4368,0.4368,0.4275,0.4336,59451501
2024-05-14 07:00:00,0.4336,0.4372,0.4332,0.4371,12281940
2024-05-14 08:00:00,0.4372,0.4383,0.4356,0.4366,13687308
2024-05-14 09:00:00,0.4366,0.4373,0.4339,0.4346,10139485
2024-05-14 10:00:00,0.4346,0.4357,0.4331,0.4345,15941867
2024-05-14 11:00:00,0.4345,0.4349,0.4324,0.4327,8360420
2024-05-14 12:00:00,0.4328,0.4345,0.4298,0.4324,52618253
2024-05-14 13:00:00,0.4324,0.4342,0.4307,0.4319,16326220
2024-05-14 14:00:00,0.432,0.4352,0.4274,0.4319,39507793
2024-05-14 15:00:00,0.4319,0.4361,0.4309,0.4357,18245017
2024-05-14 16:00:00,0.4357,0.436,0.432,0.4333,15464645
2024-05-14 17:00:00,0.4333,0.434,0.4285,0.4305,20272401
2024-05-14 18:00:00,0.4305,0.4325,0.4301,0.4317,8518041
2024-05-14 19:00:00,0.4317,0.4326,0.4308,0.4311,6565946
2024-05-14 20:00:00,0.4311,0.4313,0.4294,0.4297,6513143
2024-05-14 21:00:00,0.4296,0.4306,0.4273,0.4293,8605395
2024-05-14 22:00:00,0.4292,0.4292,0.4256,0.4269,11251056
2024-05-14 23:00:00,0.4269,0.4282,0.4262,0.4281,7470015
2024-05-15 00:00:00,0.4282,0.4303,0.4251,0.4273,17130044
2024-05-15 01:00:00,0.4274,0.4296,0.4272,0.4294,9075599
2024-05-15 02:00:00,0.4295,0.4306,0.4286,0.4289,8606630
2024-05-15 03:00:00,0.429,0.4304,0.4289,0.4302,6773503
2024-05-15 04:00:00,0.4302,0.4308,0.4282,0.4286,10215482
2024-05-15 05:00:00,0.4287,0.4295,0.4271,0.4283,10531972
2024-05-15 06:00:00,0.4284,0.4285,0.427,0.4283,8410606
2024-05-15 07:00:00,0.4284,0.4313,0.4282,0.4307,11320717
2024-05-15 08:00:00,0.4307,0.4326,0.4303,0.4326,13277134
2024-05-15 09:00:00,0.4326,0.4363,0.4304,0.4346,20667754
2024-05-15 10:00:00,0.4346,0.4355,0.4324,0.4327,15784763
2024-05-15 11:00:00,0.4328,0.4332,0.4283,0.4309,18528864
2024-05-15 12:00:00,0.4309,0.441,0.4298,0.441,79536804
2024-05-15 13:00:00,0.4409,0.4481,0.4395,0.4424,46047849
2024-05-15 14:00:00,0.4425,0.4453,0.4415,0.4451,20680551
2024-05-15 15:00:00,0.4451,0.4476,0.4443,0.4456,18030345
2024-05-15 16:00:00,0.4456,0.4494,0.445,0.4462,22776997
2024-05-15 17:00:00,0.4462,0.4483,0.4457,0.4462,11496341
2024-05-15 18:00:00,0.4463,0.4494,0.4452,0.449,16337031
2024-05-15 19:00:00,0.449,0.4523,0.4468,0.452,15776191
2024-05-15 20:00:00,0.452,0.4546,0.4503,0.454,24345715
2024-05-15 21:00:00,0.454,0.4549,0.4512,0.4515,8374292
2024-05-15 22:00:00,0.4515,0.4535,0.4511,0.4516,9753221
2024-05-15 23:00:00,0.4516,0.454,0.4512,0.4524,8193170
2024-05-16 00:00:00,0.4524,0.4555,0.4522,0.4535,17624529
2024-05-16 01:00:00,0.4535,0.457,0.4534,0.457,11367264
2024-05-16 02:00:00,0.457,0.4572,0.4539,0.4549,8350610
2024-05-16 03:00:00,0.4548,0.4585,0.4543,0.4578,8978821
2024-05-16 04:00:00,0.4578,0.4626,0.4576,0.4615,22800709
2024-05-16 05:00:00,0.4615,0.4621,0.4584,0.4593,8430877
2024-05-16 06:00:00,0.4594,0.4608,0.4569,0.4574,13435135
2024-05-16 07:00:00,0.4575,0.4587,0.4563,0.457,11238612
2024-05-16 08:00:00,0.4569,0.4579,0.4548,0.455,11758995
2024-05-16 09:00:00,0.455,0.4569,0.4542,0.4569,9637829
2024-05-16 10:00:00,0.4569,0.4572,0.4538,0.4547,10722974
2024-05-16 11:00:00,0.4547,0.4558,0.4541,0.455,8653464
2024-05-16 12:00:00,0.455,0.4554,0.4501,0.4524,34456432
2024-05-16 13:00:00,0.4524,0.4554,0.4503,0.4545,20766119
2024-05-16 14:00:00,0.4544,0.4555,0.4486,0.4491,32823995
2024-05-16 15:00:00,0.4492,0.4559,0.4483,0.4554,24785959
2024-05-16 16:00:00,0.4553,0.4598,0.4549,0.4587,29683418
2024-05-16 17:00:00,0.4586,0.4595,0.4525,0.4548,17997137
2024-05-16 18:00:00,0.4548,0.4571,0.4537,0.4558,10492967
2024-05-16 19:00:00,0.4557,0.46,0.455,0.458,11476532
2024-05-16 20:00:00,0.4581,0.4584,0.4547,0.4553,12390389
2024-05-16 21:00:00,0.4553,0.4608,0.4538,0.4607,8884738
2024-05-16 22:00:00,0.4608,0.4616,0.4571,0.4596,16177525
2024-05-16 23:00:00,0.4597,0.4609,0.4588,0.4596,7097564
2024-05-17 00:00:00,0.4596,0.4613,0.4558,0.458,16038095
2024-05-17 01:00:00,0.4581,0.4586,0.4549,0.4585,9546882
2024-05-17 02:00:00,0.4586,0.46,0.4575,0.4595,8369622
2024-05-17 03:00:00,0.4595,0.4612,0.459,0.4601,9239522
2024-05-17 04:00:00,0.4601,0.4662,0.46,0.4636,28997075
2024-05-17 05:00:00,0.4635,0.4651,0.4626,0.4645,10986516
2024-05-17 06:00:00,0.4645,0.4679,0.463,0.4669,14096011
2024-05-17 07:00:00,0.467,0.4815,0.4669,0.4804,74230525
2024-05-17 08:00:00,0.4805,0.4833,0.4757,0.4805,43461927
2024-05-17 09:00:00,0.4805,0.4826,0.4792,0.4823,15582574
2024-05-17 10:00:00,0.4823,0.488,0.4809,0.4874,34183812
2024-05-17 11:00:00,0.4874,0.4906,0.4851,0.4875,42348249
2024-05-17 12:00:00,0.4875,0.4884,0.4838,0.4851,29861203
2024-05-17 13:00:00,0.4851,0.486,0.4804,0.4812,26273985
2024-05-17 14:00:00,0.4813,0.4823,0.4779,0.4808,22137598
2024-05-17 15:00:00,0.4808,0.4839,0.4787,0.483,26265649
2024-05-17 16:00:00,0.483,0.4848,0.4808,0.4809,15250188
2024-05-17 17:00:00,0.4808,0.4838,0.4807,0.4829,12383407
2024-05-17 18:00:00,0.4828,0.4829,0.4794,0.4814,13161059
2024-05-17 19:00:00,0.4813,0.4835,0.4805,0.4835,6306442
2024-05-17 20:00:00,0.4834,0.4834,0.4812,0.4822,8148091
2024-05-17 21:00:00,0.4821,0.4827,0.4809,0.482,5858721
2024-05-17 22:00:00,0.4819,0.4829,0.4804,0.4823,7744521
2024-05-17 23:00:00,0.4822,0.4825,0.4801,0.482,6772484
2024-05-18 00:00:00,0.482,0.4821,0.479,0.4792,13084951
2024-05-18 01:00:00,0.4793,0.4833,0.4786,0.4832,9014729
2024-05-18 02:00:00,0.4831,0.4834,0.4807,0.4814,9682911
2024-05-18 03:00:00,0.4814,0.4854,0.4813,0.4852,9573079
2024-05-18 04:00:00,0.4851,0.4856,0.4831,0.4845,9238793
2024-05-18 05:00:00,0.4844,0.4846,0.4817,0.4828,5535286
2024-05-18 06:00:00,0.4828,0.483,0.4808,0.481,7195334
2024-05-18 07:00:00,0.4809,0.4824,0.4799,0.4804,6881161
2024-05-18 08:00:00,0.4803,0.4826,0.48,0.4819,5762367
2024-05-18 09:00:00,0.4818,0.485,0.4811,0.4849,7791602
2024-05-18 10:00:00,0.4849,0.4857,0.4831,0.4843,14454906
2024-05-18 11:00:00,0.4843,0.4847,0.4826,0.4835,7391146
2024-05-18 12:00:00,0.4835,0.484,0.4781,0.4786,19388762
2024-05-18 13:00:00,0.4786,0.4799,0.4756,0.4765,27895219
2024-05-18 14:00:00,0.4765,0.4796,0.4754,0.4784,20433911
2024-05-18 15:00:00,0.4784,0.4815,0.4783,0.4809,15043878
2024-05-18 16:00:00,0.4809,0.4841,0.4809,0.483,12503979
2024-05-18 17:00:00,0.483,0.4836,0.4818,0.4834,6628918
2024-05-18 18:00:00,0.4833,0.4844,0.4822,0.483,7230258
2024-05-18 19:00:00,0.483,0.4843,0.4824,0.4835,5161351
2024-05-18 20:00:00,0.4835,0.4839,0.4823,0.4825,4417330
2024-05-18 21:00:00,0.4825,0.4826,0.4805,0.482,6110200
2024-05-18 22:00:00,0.482,0.4827,0.4812,0.4813,5181448
2024-05-18 23:00:00,0.4812,0.4825,0.4806,0.4819,5078218
2024-05-19 00:00:00,0.4819,0.4824,0.4791,0.4794,10498952
2024-05-19 01:00:00,0.4794,0.4805,0.4788,0.4793,7480133
2024-05-19 02:00:00,0.4792,0.4823,0.4792,0.4821,9120565
2024-05-19 03:00:00,0.4821,0.4838,0.4818,0.4819,8940908
2024-05-19 04:00:00,0.4819,0.4825,0.4797,0.4808,5689635
2024-05-19 05:00:00,0.4807,0.4809,0.4795,0.4799,4183962
2024-05-19 06:00:00,0.4799,0.48,0.4762,0.4774,10203432
2024-05-19 07:00:00,0.4774,0.4805,0.4769,0.4798,9556473
2024-05-19 08:00:00,0.4798,0.48,0.4756,0.4764,11260938
2024-05-19 09:00:00,0.4763,0.4771,0.4743,0.4764,16998220
2024-05-19 10:00:00,0.4764,0.4796,0.4755,0.4773,12755547
2024-05-19 11:00:00,0.4773,0.4779,0.4738,0.4775,21340905
2024-05-19 12:00:00,0.4774,0.478,0.4714,0.4723,26232851
2024-05-19 13:00:00,0.4722,0.4735,0.4694,0.4725,22257013
2024-05-19 14:00:00,0.4725,0.4729,0.4706,0.4715,9316143
2024-05-19 15:00:00,0.4714,0.4715,0.4682,0.4706,13107901
2024-05-19 16:00:00,0.4706,0.4714,0.4646,0.4654,27057201
2024-05-19 17:00:00,0.4653,0.4678,0.4648,0.4673,12065386
2024-05-19 18:00:00,0.4673,0.4684,0.4667,0.4676,5947559
2024-05-19 19:00:00,0.4676,0.4703,0.4664,0.4681,13190539
2024-05-19 20:00:00,0.4681,0.4708,0.4676,0.4702,5971299
2024-05-19 21:00:00,0.4702,0.4705,0.4644,0.468,9627758
2024-05-19 22:00:00,0.4679,0.4703,0.4677,0.4703,6838141
2024-05-19 23:00:00,0.4702,0.4703,0.4666,0.4671,5601161
2024-05-20 00:00:00,0.4671,0.4686,0.4649,0.4666,12396527
2024-05-20 01:00:00,0.4666,0.4679,0.4609,0.4654,27029102
2024-05-20 02:00:00,0.4654,0.47,0.4651,0.469,10172047
2024-05-20 03:00:00,0.4689,0.4717,0.4685,0.4702,10717889
2024-05-20 04:00:00,0.4701,0.4768,0.47,0.4757,20065414
2024-05-20 05:00:00,0.4757,0.4778,0.4745,0.4747,16523456
2024-05-20 06:00:00,0.4746,0.4748,0.4602,0.462,65965295
2024-05-20 07:00:00,0.462,0.4674,0.4611,0.467,21980514
2024-05-20 08:00:00,0.467,0.4692,0.4661,0.4683,13840993
2024-05-20 09:00:00,0.4682,0.4694,0.4662,0.4664,8542131
2024-05-20 10:00:00,0.4664,0.4697,0.4659,0.4683,12447988
2024-05-20 11:00:00,0.4682,0.4689,0.4661,0.4668,9500831
2024-05-20 12:00:00,0.4668,0.4673,0.4642,0.4651,10803959
2024-05-20 13:00:00,0.4651,0.4683,0.4643,0.4676,11385044
2024-05-20 14:00:00,0.4676,0.4679,0.4634,0.4653,13073637
2024-05-20 15:00:00,0.4654,0.4684,0.4644,0.4683,14248150
2024-05-20 16:00:00,0.4682,0.4735,0.4675,0.4722,23861008
2024-05-20 17:00:00,0.4723,0.4755,0.4675,0.4685,25499576
2024-05-20 18:00:00,0.4685,0.4707,0.4675,0.4696,19397643
2024-05-20 19:00:00,0.4696,0.4906,0.4687,0.4895,90908568
2024-05-20 20:00:00,0.4895,0.4926,0.4824,0.489,60909231
2024-05-20 21:00:00,0.489,0.4972,0.4847,0.497,29867027
2024-05-20 22:00:00,0.497,0.4995,0.494,0.4972,33619956
2024-05-20 23:00:00,0.4971,0.5032,0.495,0.5021,35992420
2024-05-21 00:00:00,0.5021,0.5102,0.502,0.5046,47264808
2024-05-21 01:00:00,0.5045,0.5047,0.4969,0.5016,34542377
2024-05-21 02:00:00,0.5017,0.5019,0.4988,0.4996,14015566
2024-05-21 03:00:00,0.4996,0.5022,0.498,0.4986,15290276
2024-05-21 04:00:00,0.4986,0.5006,0.4964,0.4964,12368917
2024-05-21 05:00:00,0.4965,0.4995,0.4945,0.4989,16394803
2024-05-21 06:00:00,0.4988,0.5011,0.4979,0.4999,19077070
2024-05-21 07:00:00,0.4998,0.502,0.4973,0.5013,12329372
2024-05-21 08:00:00,0.5013,0.5046,0.5005,0.5044,20430512
2024-05-21 09:00:00,0.5045,0.5047,0.5007,0.5035,19827212
2024-05-21 10:00:00,0.5035,0.5045,0.5013,0.5028,14624720
2024-05-21 11:00:00,0.5029,0.5053,0.5007,0.5013,21336175
2024-05-21 12:00:00,0.5012,0.5048,0.499,0.502,29868955
2024-05-21 13:00:00,0.5019,0.5074,0.4969,0.5011,33588455
2024-05-21 14:00:00,0.5011,0.5108,0.5009,0.5053,47872530
2024-05-21 15:00:00,0.5053,0.5075,0.4956,0.4976,32656875
2024-05-21 16:00:00,0.4976,0.5041,0.4958,0.5014,32552930
2024-05-21 17:00:00,0.5013,0.5047,0.4999,0.5035,15659391
2024-05-21 18:00:00,0.5035,0.5055,0.5005,0.5019,13912932
2024-05-21 19:00:00,0.5019,0.5022,0.4929,0.4958,28479553
2024-05-21 20:00:00,0.4958,0.4997,0.4941,0.4959,19735815
2024-05-21 21:00:00,0.4959,0.4964,0.491,0.4924,20604581
2024-05-21 22:00:00,0.4924,0.4976,0.492,0.4971,16597815
2024-05-21 23:00:00,0.497,0.4972,0.4945,0.4949,9956918
2024-05-22 00:00:00,0.4949,0.4957,0.4918,0.492,16685316
2024-05-22 01:00:00,0.492,0.4948,0.4916,0.494,7670183
2024-05-22 02:00:00,0.4939,0.495,0.4915,0.4928,10059190
2024-05-22 03:00:00,0.4927,0.4935,0.4913,0.4921,8796883
2024-05-22 04:00:00,0.4921,0.4928,0.4818,0.4868,35925890
2024-05-22 05:00:00,0.4868,0.49,0.4847,0.4899,13737721
2024-05-22 06:00:00,0.4899,0.4932,0.4898,0.4928,10557881
2024-05-22 07:00:00,0.4928,0.4937,0.4892,0.4903,8228539
2024-05-22 08:00:00,0.4903,0.492,0.4872,0.489,16970872
2024-05-22 09:00:00,0.489,0.4891,0.485,0.4855,14894244
2024-05-22 10:00:00,0.4854,0.4884,0.4843,0.4874,11006778
2024-05-22 11:00:00,0.4874,0.4884,0.482,0.4821,16281989
2024-05-22 12:00:00,0.4822,0.4848,0.4746,0.4754,52350713
2024-05-22 13:00:00,0.4753,0.4803,0.4752,0.4802,27683101
2024-05-22 14:00:00,0.4802,0.483,0.4771,0.4811,38901445
2024-05-22 15:00:00,0.4811,0.4865,0.4789,0.4839,22666495
2024-05-22 16:00:00,0.4838,0.4846,0.4808,0.484,15271357
2024-05-22 17:00:00,0.4839,0.4871,0.4813,0.4818,22492849
2024-05-22 18:00:00,0.4817,0.4825,0.4765,0.4797,24545642
2024-05-22 19:00:00,0.4797,0.4828,0.4791,0.482,10642637
2024-05-22 20:00:00,0.482,0.4847,0.4782,0.4804,18514023
2024-05-22 21:00:00,0.4803,0.484,0.4772,0.4838,14570707
2024-05-22 22:00:00,0.4837,0.4846,0.4818,0.4838,12009601
2024-05-22 23:00:00,0.4839,0.4844,0.4829,0.4837,7535915
2024-05-23 00:00:00,0.4837,0.4856,0.4834,0.4844,14574839
2024-05-23 01:00:00,0.4844,0.4855,0.4813,0.484,13274264
2024-05-23 02:00:00,0.484,0.4851,0.4825,0.4839,7676973
2024-05-23 03:00:00,0.484,0.4881,0.4833,0.4871,10950051
2024-05-23 04:00:00,0.4872,0.4885,0.4847,0.4871,10219886
2024-05-23 05:00:00,0.4871,0.4872,0.4832,0.4844,8727210
2024-05-23 06:00:00,0.4844,0.4864,0.4827,0.4847,9276282
2024-05-23 07:00:00,0.4847,0.4875,0.483,0.4856,10924583
2024-05-23 08:00:00,0.4855,0.4862,0.4833,0.4841,8781008
2024-05-23 09:00:00,0.4842,0.4853,0.4807,0.4813,12014642
2024-05-23 10:00:00,0.4814,0.4819,0.4756,0.4785,33199678
2024-05-23 11:00:00,0.4786,0.4855,0.4785,0.4854,14847688
2024-05-23 12:00:00,0.4853,0.489,0.4661,0.478,69201769
2024-05-23 13:00:00,0.478,0.4803,0.4556,0.4675,138447184
2024-05-23 14:00:00,0.4676,0.4723,0.4659,0.4663,40773622
2024-05-23 15:00:00,0.4663,0.4722,0.4655,0.4681,21623626
2024-05-23 16:00:00,0.4681,0.469,0.4624,0.4646,27885184
2024-05-23 17:00:00,0.4645,0.4662,0.4614,0.462,15645873
2024-05-23 18:00:00,0.4619,0.463,0.4537,0.4606,47813962
2024-05-23 19:00:00,0.4605,0.463,0.4574,0.4603,13219246
2024-05-23 20:00:00,0.4602,0.4602,0.4416,0.4588,97602416
2024-05-23 21:00:00,0.4588,0.4678,0.4567,0.4678,67702978
2024-05-23 22:00:00,0.4678,0.4681,0.4621,0.4641,19074229
2024-05-23 23:00:00,0.4641,0.4662,0.462,0.4658,11896786
2024-05-24 00:00:00,0.4658,0.4698,0.4626,0.4685,18412490
2024-05-24 01:00:00,0.4685,0.4686,0.4659,0.4678,9230106
2024-05-24 02:00:00,0.4677,0.4688,0.4643,0.4678,13276641
2024-05-24 03:00:00,0.4678,0.4687,0.4667,0.4677,8804091
2024-05-24 04:00:00,0.4676,0.4693,0.4667,0.4671,8542791
2024-05-24 05:00:00,0.4671,0.4676,0.4599,0.4617,32887168
2024-05-24 06:00:00,0.4617,0.4633,0.4561,0.4562,24613217
2024-05-24 07:00:00,0.4561,0.4621,0.4542,0.4615,22922997
2024-05-24 08:00:00,0.4616,0.4616,0.4546,0.4604,19092850
2024-05-24 09:00:00,0.4603,0.4627,0.4584,0.4617,11286306
2024-05-24 10:00:00,0.4618,0.4633,0.4614,0.462,8550244
2024-05-24 11:00:00,0.462,0.4643,0.4616,0.4638,8597057
2024-05-24 12:00:00,0.4639,0.4647,0.4622,0.4623,14599019
2024-05-24 13:00:00,0.4623,0.4632,0.4574,0.458,17663755
2024-05-24 14:00:00,0.4581,0.4627,0.4571,0.4603,22985776
2024-05-24 15:00:00,0.4603,0.4631,0.4587,0.4591,20345932
2024-05-24 16:00:00,0.4592,0.4599,0.4547,0.4562,20059309
2024-05-24 17:00:00,0.4563,0.4604,0.456,0.4603,12269241
2024-05-24 18:00:00,0.4603,0.4639,0.4598,0.4604,18492379
2024-05-24 19:00:00,0.4605,0.4615,0.4589,0.461,10576969
2024-05-24 20:00:00,0.461,0.4622,0.4583,0.4586,15540364
2024-05-24 21:00:00,0.4587,0.4599,0.458,0.4588,7036103
2024-05-24 22:00:00,0.4587,0.4595,0.458,0.4591,5690260
2024-05-24 23:00:00,0.459,0.4603,0.4577,0.4601,6201756
2024-05-25 00:00:00,0.46,0.4607,0.4574,0.4593,8625146
2024-05-25 01:00:00,0.4592,0.4617,0.459,0.4611,9467734
2024-05-25 02:00:00,0.4611,0.4619,0.4603,0.4609,5612841
2024-05-25 03:00:00,0.4609,0.4622,0.4606,0.4621,5481311
2024-05-25 04:00:00,0.4621,0.4644,0.4619,0.4639,9228195
2024-05-25 05:00:00,0.464,0.4645,0.4631,0.4639,5789950
2024-05-25 06:00:00,0.4639,0.4642,0.4611,0.4619,7302420
2024-05-25 07:00:00,0.4618,0.4631,0.4611,0.4627,5725950
2024-05-25 08:00:00,0.4626,0.464,0.4611,0.4613,8900800
2024-05-25 09:00:00,0.4613,0.4646,0.4609,0.464,9435764
2024-05-25 10:00:00,0.464,0.4648,0.4627,0.4639,8011657
2024-05-25 11:00:00,0.4638,0.4646,0.4616,0.4616,12136713
2024-05-25 12:00:00,0.4616,0.4618,0.4598,0.4605,13041410
2024-05-25 13:00:00,0.4606,0.4614,0.4574,0.4579,22331961
2024-05-25 14:00:00,0.4579,0.4603,0.4572,0.4599,13234800
2024-05-25 15:00:00,0.46,0.4617,0.4591,0.4596,11442676
2024-05-25 16:00:00,0.4596,0.4608,0.459,0.4596,9750944
2024-05-25 17:00:00,0.4595,0.4606,0.4593,0.4596,6783145
2024-05-25 18:00:00,0.4596,0.461,0.4586,0.4596,9646314
2024-05-25 19:00:00,0.4595,0.4606,0.459,0.4599,7374924
2024-05-25 20:00:00,0.4599,0.4606,0.4587,0.4592,4903222
2024-05-25 21:00:00,0.4592,0.461,0.4589,0.4606,5992037
2024-05-25 22:00:00,0.4607,0.4615,0.4597,0.4614,6146395
2024-05-25 23:00:00,0.4614,0.4625,0.4611,0.4622,6654655
2024-05-26 00:00:00,0.4623,0.4627,0.4608,0.4608,7986432
2024-05-26 01:00:00,0.4609,0.4626,0.4608,0.4615,4755581
2024-05-26 02:00:00,0.4616,0.4619,0.4579,0.4596,12209468
2024-05-26 03:00:00,0.4596,0.4612,0.4582,0.4605,10351589
2024-05-26 04:00:00,0.4605,0.4605,0.458,0.4586,7199917
2024-05-26 05:00:00,0.4587,0.4601,0.4578,0.4601,7565358
2024-05-26 06:00:00,0.4601,0.4602,0.4586,0.4594,4468810
2024-05-26 07:00:00,0.4594,0.462,0.4589,0.4612,10849319
2024-05-26 08:00:00,0.4611,0.463,0.4599,0.4606,10183778
2024-05-26 09:00:00,0.4606,0.4613,0.4572,0.4582,13928061
2024-05-26 10:00:00,0.4583,0.4622,0.4582,0.4622,9173044
2024-05-26 11:00:00,0.4622,0.4624,0.4607,0.4613,10803923
2024-05-26 12:00:00,0.4613,0.4618,0.4593,0.4595,10628273
2024-05-26 13:00:00,0.4595,0.4605,0.4571,0.4594,11475170
2024-05-26 14:00:00,0.4594,0.4628,0.4583,0.4626,16385984
2024-05-26 15:00:00,0.4626,0.4631,0.4571,0.4596,28247510
2024-05-26 16:00:00,0.4596,0.461,0.4578,0.4592,13816132
2024-05-26 17:00:00,0.4593,0.4596,0.4576,0.459,6685839
2024-05-26 18:00:00,0.4589,0.4596,0.4577,0.4588,7803624
2024-05-26 19:00:00,0.4588,0.4598,0.4585,0.4587,5303954
2024-05-26 20:00:00,0.4588,0.459,0.4576,0.4582,4718908
2024-05-26 21:00:00,0.4582,0.4595,0.4548,0.4595,13766754
2024-05-26 22:00:00,0.4594,0.4606,0.4587,0.4602,10346707
2024-05-26 23:00:00,0.4602,0.4607,0.4577,0.4581,7298438
2024-05-27 00:00:00,0.4581,0.4607,0.458,0.4597,7453108
2024-05-27 01:00:00,0.4596,0.464,0.4589,0.4631,13204506
2024-05-27 02:00:00,0.4631,0.4646,0.462,0.4633,10371665
2024-05-27 03:00:00,0.4633,0.4638,0.462,0.4624,7136002
2024-05-27 04:00:00,0.4623,0.4639,0.4617,0.4622,6654732
2024-05-27 05:00:00,0.4622,0.4628,0.4576,0.4592,13853787
2024-05-27 06:00:00,0.4592,0.4598,0.4568,0.4572,11348335
2024-05-27 07:00:00,0.4572,0.4595,0.4566,0.459,11010681
2024-05-27 08:00:00,0.4589,0.4624,0.4588,0.4602,13458247
2024-05-27 09:00:00,0.4602,0.4612,0.4588,0.4599,9193369
2024-05-27 10:00:00,0.4598,0.4606,0.4588,0.4598,7518436
2024-05-27 11:00:00,0.4598,0.4618,0.4592,0.4616,8608310
2024-05-27 12:00:00,0.4616,0.4629,0.4606,0.4621,9859989
2024-05-27 13:00:00,0.4622,0.4678,0.4621,0.4672,25378800
2024-05-27 14:00:00,0.4672,0.4681,0.4645,0.4675,26695398
2024-05-27 15:00:00,0.4675,0.4729,0.4671,0.4725,36328668
2024-05-27 16:00:00,0.4724,0.4754,0.4722,0.4732,27393720
2024-05-27 17:00:00,0.4733,0.4742,0.4708,0.4713,13059499
2024-05-27 18:00:00,0.4714,0.4723,0.4687,0.4687,11743328
2024-05-27 19:00:00,0.4688,0.4702,0.4623,0.4649,33560776
2024-05-27 20:00:00,0.465,0.469,0.4644,0.4687,18707802
2024-05-27 21:00:00,0.4688,0.4695,0.466,0.4669,8363646
2024-05-27 22:00:00,0.4669,0.4694,0.4654,0.4686,7796725
2024-05-27 23:00:00,0.4686,0.4698,0.4668,0.4687,7243232
2024-05-28 00:00:00,0.4688,0.4698,0.4657,0.4671,24447991
2024-05-28 01:00:00,0.4671,0.4697,0.4618,0.4627,28081276
2024-05-28 02:00:00,0.4628,0.4659,0.4593,0.4647,51298376
2024-05-28 03:00:00,0.4648,0.4657,0.4589,0.4612,24719669
2024-05-28 04:00:00,0.4612,0.4613,0.4532,0.456,39511270
2024-05-28 05:00:00,0.456,0.4577,0.4537,0.4573,16196045
2024-05-28 06:00:00,0.4573,0.458,0.4551,0.457,8874051
2024-05-28 07:00:00,0.457,0.4573,0.4547,0.4557,9128468
2024-05-28 08:00:00,0.4556,0.4585,0.4547,0.4582,14134565
2024-05-28 09:00:00,0.4582,0.4602,0.4568,0.4591,14789984
2024-05-28 10:00:00,0.4591,0.4638,0.4585,0.4606,20480907
2024-05-28 11:00:00,0.4605,0.4623,0.4585,0.46,18241163
2024-05-28 12:00:00,0.46,0.4612,0.4584,0.4585,12613212
2024-05-28 13:00:00,0.4585,0.4607,0.4545,0.456,29122075
2024-05-28 14:00:00,0.456,0.4584,0.4524,0.4552,32506489
2024-05-28 15:00:00,0.4552,0.4591,0.4534,0.4582,24341202
2024-05-28 16:00:00,0.4581,0.4595,0.4552,0.4569,18314088
2024-05-28 17:00:00,0.4569,0.4594,0.4561,0.4575,10985316
2024-05-28 18:00:00,0.4575,0.459,0.4522,0.4553,26978164
2024-05-28 19:00:00,0.4554,0.459,0.4552,0.4583,13270517
2024-05-28 20:00:00,0.4582,0.4594,0.4569,0.4581,9285878
2024-05-28 21:00:00,0.4581,0.4597,0.4571,0.4578,6780449
2024-05-28 22:00:00,0.4577,0.4591,0.4575,0.4575,7420532
2024-05-28 23:00:00,0.4575,0.4585,0.4566,0.4579,6854855
2024-05-29 00:00:00,0.4578,0.4595,0.4574,0.4581,7536166
2024-05-29 01:00:00,0.458,0.4605,0.4574,0.4588,8929482
2024-05-29 02:00:00,0.4588,0.462,0.4573,0.4608,12288002
2024-05-29 03:00:00,0.4609,0.4622,0.4604,0.4615,9302907
2024-05-29 04:00:00,0.4614,0.4643,0.4613,0.4633,11417145
2024-05-29 05:00:00,0.4634,0.4641,0.4625,0.4629,7078385
2024-05-29 06:00:00,0.4629,0.4643,0.4616,0.4623,10222551
2024-05-29 07:00:00,0.4624,0.4634,0.4596,0.4596,23665817
2024-05-29 08:00:00,0.4596,0.4608,0.4552,0.4606,34884418
2024-05-29 09:00:00,0.4606,0.464,0.4602,0.4622,21641902
2024-05-29 10:00:00,0.4622,0.4643,0.4616,0.4632,12143980
2024-05-29 11:00:00,0.4633,0.4647,0.4603,0.4605,13652956
2024-05-29 12:00:00,0.4606,0.4638,0.4586,0.4621,17315297
2024-05-29 13:00:00,0.4621,0.4641,0.458,0.4605,27316737
2024-05-29 14:00:00,0.4606,0.4621,0.4581,0.4592,17932667
2024-05-29 15:00:00,0.4592,0.4596,0.4554,0.4561,24205594
2024-05-29 16:00:00,0.4561,0.4563,0.4521,0.4559,35547053
2024-05-29 17:00:00,0.4558,0.4574,0.4541,0.4562,10647699
2024-05-29 18:00:00,0.4562,0.4566,0.4531,0.4541,9522232
2024-05-29 19:00:00,0.4541,0.4559,0.4525,0.4528,9649544
2024-05-29 20:00:00,0.4528,0.4534,0.451,0.4525,15681702
2024-05-29 21:00:00,0.4525,0.4545,0.4506,0.4538,12580674
2024-05-29 22:00:00,0.4539,0.4543,0.4523,0.453,6706697
2024-05-29 23:00:00,0.453,0.454,0.4509,0.4513,9064324
2024-05-30 00:00:00,0.4512,0.454,0.4508,0.4516,9594135
2024-05-30 01:00:00,0.4516,0.4536,0.4505,0.4528,9732813
2024-05-30 02:00:00,0.4529,0.4559,0.4528,0.454,10143267
2024-05-30 03:00:00,0.454,0.4553,0.4536,0.4549,4739881
2024-05-30 04:00:00,0.4549,0.4561,0.4531,0.4535,8806978
2024-05-30 05:00:00,0.4534,0.4535,0.4514,0.4524,7392556
2024-05-30 06:00:00,0.4523,0.4526,0.4446,0.4456,41800211
2024-05-30 07:00:00,0.4456,0.4498,0.444,0.446,43543246
2024-05-30 08:00:00,0.4459,0.4519,0.4432,0.4512,44399147
2024-05-30 09:00:00,0.4512,0.4527,0.4482,0.4508,16306853
2024-05-30 10:00:00,0.4507,0.4529,0.4493,0.4523,9686354
2024-05-30 11:00:00,0.4522,0.453,0.4484,0.4486,19244096
2024-05-30 12:00:00,0.4486,0.4516,0.4473,0.4504,15741368
2024-05-30 13:00:00,0.4504,0.4525,0.4484,0.4512,15667078
2024-05-30 14:00:00,0.4512,0.4525,0.4476,0.4486,15094098
2024-05-30 15:00:00,0.4485,0.451,0.4467,0.4507,15208768
2024-05-30 16:00:00,0.4507,0.4517,0.4497,0.4517,10244448
2024-05-30 17:00:00,0.4516,0.4554,0.4506,0.454,14796284
2024-05-30 18:00:00,0.454,0.4548,0.4524,0.454,9054586
2024-05-30 19:00:00,0.454,0.4543,0.4506,0.4518,11840448
2024-05-30 20:00:00,0.4518,0.452,0.4467,0.4477,18226328
2024-05-30 21:00:00,0.4477,0.4486,0.4453,0.4482,10722816
2024-05-30 22:00:00,0.4482,0.4489,0.4469,0.448,6482128
2024-05-30 23:00:00,0.448,0.4482,0.4462,0.4468,8311004
2024-05-31 00:00:00,0.4467,0.4475,0.4446,0.4465,10896782
2024-05-31 01:00:00,0.4464,0.4512,0.4458,0.4469,22804795
2024-05-31 02:00:00,0.4468,0.4501,0.4465,0.4486,7339835
2024-05-31 03:00:00,0.4485,0.4501,0.4484,0.45,6122766
2024-05-31 04:00:00,0.4499,0.4507,0.4484,0.4489,5378511
2024-05-31 05:00:00,0.4488,0.449,0.4449,0.4485,10270744
2024-05-31 06:00:00,0.4484,0.4492,0.447,0.4482,8621086
2024-05-31 07:00:00,0.4482,0.4502,0.4476,0.4486,6774665
2024-05-31 08:00:00,0.4486,0.4498,0.4483,0.449,8268052
2024-05-31 09:00:00,0.4491,0.4492,0.4467,0.4482,6720553
2024-05-31 10:00:00,0.4483,0.4505,0.4478,0.4496,8103163
2024-05-31 11:00:00,0.4495,0.4523,0.4494,0.4514,10368567
2024-05-31 12:00:00,0.4514,0.4562,0.4508,0.4542,25248678
2024-05-31 13:00:00,0.4542,0.4562,0.4509,0.4518,22174448
2024-05-31 14:00:00,0.4517,0.453,0.4492,0.4515,23850936
2024-05-31 15:00:00,0.4515,0.452,0.4465,0.4467,19981222
2024-05-31 16:00:00,0.4466,0.4482,0.4437,0.4476,29627626
2024-05-31 17:00:00,0.4475,0.4488,0.4467,0.4486,9042583
2024-05-31 18:00:00,0.4486,0.4488,0.4471,0.4484,6719976
2024-05-31 19:00:00,0.4483,0.4502,0.4476,0.4495,10236409
2024-05-31 20:00:00,0.4495,0.4512,0.4494,0.4505,6598461
2024-05-31 21:00:00,0.4506,0.4507,0.4483,0.4484,5607125
2024-05-31 22:00:00,0.4485,0.4498,0.4484,0.4486,4736412
2024-05-31 23:00:00,0.4487,0.4494,0.4462,0.4473,11832358
2024-06-01 00:00:00,0.4474,0.4484,0.4457,0.4469,6964777
2024-06-01 01:00:00,0.4469,0.4472,0.4453,0.4464,6264862
2024-06-01 02:00:00,0.4465,0.4479,0.4458,0.4478,5519246
2024-06-01 03:00:00,0.4479,0.4488,0.4472,0.448,4284268
2024-06-01 04:00:00,0.4479,0.4494,0.4471,0.4491,4681698
2024-06-01 05:00:00,0.4491,0.4503,0.4483,0.4493,4905391
2024-06-01 06:00:00,0.4494,0.45,0.4489,0.4495,5559238
2024-06-01 07:00:00,0.4496,0.4497,0.4482,0.4487,5681488
2024-06-01 08:00:00,0.4487,0.4492,0.4483,0.449,3951117
2024-06-01 09:00:00,0.4491,0.4494,0.4475,0.4482,5141040
2024-06-01 10:00:00,0.4483,0.4487,0.4477,0.448,5002560
2024-06-01 11:00:00,0.4481,0.4497,0.4476,0.4489,6095755
2024-06-01 12:00:00,0.449,0.45,0.4486,0.4492,5537343
2024-06-01 13:00:00,0.4492,0.4507,0.4492,0.4498,7098700
2024-06-01 14:00:00,0.4498,0.4511,0.4494,0.4501,7309003
2024-06-01 15:00:00,0.4502,0.4506,0.4486,0.4488,7547832
2024-06-01 16:00:00,0.4489,0.45,0.4488,0.4497,5526721
2024-06-01 17:00:00,0.4497,0.4505,0.4484,0.4503,5714655
2024-06-01 18:00:00,0.4504,0.4506,0.4491,0.4493,3930832
2024-06-01 19:00:00,0.4493,0.4502,0.4489,0.45,3666378
2024-06-01 20:00:00,0.4499,0.451,0.4498,0.4509,3087807
2024-06-01 21:00:00,0.451,0.4525,0.4504,0.452,7203732
2024-06-01 22:00:00,0.452,0.4536,0.4519,0.4527,6990772
2024-06-01 23:00:00,0.4526,0.4529,0.4502,0.4503,8606647
2024-06-02 00:00:00,0.4503,0.4528,0.45,0.4524,6538405
2024-06-02 01:00:00,0.4524,0.4536,0.4511,0.452,8681335
2024-06-02 02:00:00,0.452,0.453,0.4508,0.4519,5784407
2024-06-02 03:00:00,0.4518,0.4532,0.4515,0.4527,3987828
2024-06-02 04:00:00,0.4527,0.4538,0.4519,0.4536,5630840
2024-06-02 05:00:00,0.4537,0.4546,0.4527,0.4533,6755494
2024-06-02 06:00:00,0.4533,0.4542,0.453,0.454,6759320
2024-06-02 07:00:00,0.454,0.4543,0.4512,0.4522,9506817
2024-06-02 08:00:00,0.4521,0.4537,0.4518,0.4528,10345516
2024-06-02 09:00:00,0.4527,0.4529,0.4483,0.4492,22642932
2024-06-02 10:00:00,0.4492,0.4501,0.4486,0.4495,8505177
2024-06-02 11:00:00,0.4496,0.4536,0.4488,0.4531,10450974
2024-06-02 12:00:00,0.453,0.4536,0.4501,0.4508,10436399
2024-06-02 13:00:00,0.4508,0.4527,0.4496,0.4521,7987443
2024-06-02 14:00:00,0.452,0.4532,0.4513,0.4528,10012662
2024-06-02 15:00:00,0.4528,0.4531,0.4508,0.4512,5410689
2024-06-02 16:00:00,0.4513,0.4516,0.4488,0.449,8859414
2024-06-02 17:00:00,0.4491,0.4493,0.4449,0.4449,24721114
2024-06-02 18:00:00,0.445,0.4451,0.4406,0.4441,35303300
2024-06-02 19:00:00,0.4441,0.4455,0.4416,0.4451,23483209
2024-06-02 20:00:00,0.4451,0.4461,0.4424,0.446,9796720
2024-06-02 21:00:00,0.446,0.4469,0.4452,0.4459,8296101
2024-06-02 22:00:00,0.4459,0.4478,0.4448,0.4464,7083797
2024-06-02 23:00:00,0.4464,0.4478,0.4461,0.4466,5756228
2024-06-03 00:00:00,0.4466,0.4476,0.4434,0.4455,13808122
2024-06-03 01:00:00,0.4455,0.4518,0.4449,0.4511,23795805
2024-06-03 02:00:00,0.4511,0.4535,0.451,0.4517,12644970
2024-06-03 03:00:00,0.4517,0.4519,0.4495,0.4503,9792651
2024-06-03 04:00:00,0.4503,0.4512,0.448,0.4506,13166354
2024-06-03 05:00:00,0.4505,0.4533,0.4504,0.4512,10284449
2024-06-03 06:00:00,0.4512,0.456,0.4504,0.4549,19838364
2024-06-03 07:00:00,0.4549,0.4564,0.4531,0.4538,14875876
2024-06-03 08:00:00,0.4538,0.4576,0.4536,0.4559,17109541
2024-06-03 09:00:00,0.4559,0.4564,0.4539,0.4542,9595298
2024-06-03 10:00:00,0.4543,0.4549,0.4526,0.4527,10113470
2024-06-03 11:00:00,0.4526,0.4552,0.4523,0.4537,9490681
2024-06-03 12:00:00,0.4537,0.4559,0.4536,0.4559,15035182
2024-06-03 13:00:00,0.4559,0.4563,0.4542,0.4545,15616740
2024-06-03 14:00:00,0.4546,0.4561,0.4478,0.4499,40230385
2024-06-03 15:00:00,0.4498,0.4536,0.4496,0.4534,14811889
2024-06-03 16:00:00,0.4534,0.4539,0.4495,0.4508,13060948
2024-06-03 17:00:00,0.4508,0.453,0.4499,0.4524,8015815
2024-06-03 18:00:00,0.4525,0.4543,0.4516,0.4542,7821459
2024-06-03 19:00:00,0.4541,0.4632,0.454,0.4627,28974174
2024-06-03 20:00:00,0.4627,0.4635,0.4582,0.4606,23467986
2024-06-03 21:00:00,0.4606,0.4616,0.4591,0.46,12678913
2024-06-03 22:00:00,0.46,0.4606,0.4588,0.4593,8512950
2024-06-03 23:00:00,0.4593,0.4594,0.4565,0.4577,9550533
2024-06-04 00:00:00,0.4576,0.4601,0.456,0.4589,17181140
2024-06-04 01:00:00,0.4588,0.4611,0.458,0.4607,10075841
2024-06-04 02:00:00,0.4607,0.4607,0.4592,0.4604,6988838
2024-06-04 03:00:00,0.4603,0.4619,0.46,0.4614,5183306
2024-06-04 04:00:00,0.4614,0.4614,0.4585,0.4589,12274862
2024-06-04 05:00:00,0.4588,0.46,0.4575,0.4578,7236978
2024-06-04 06:00:00,0.4578,0.4579,0.4555,0.4561,15580573
2024-06-04 07:00:00,0.4561,0.4575,0.4551,0.457,16083777
2024-06-04 08:00:00,0.4569,0.4577,0.453,0.4533,23635379
2024-06-04 09:00:00,0.4534,0.4549,0.4528,0.4536,15945057
2024-06-04 10:00:00,0.4537,0.4573,0.4532,0.4567,21018438
2024-06-04 11:00:00,0.4567,0.4575,0.4545,0.4564,26018601
2024-06-04 12:00:00,0.4563,0.457,0.4547,0.4558,22350377
2024-06-04 13:00:00,0.4558,0.4584,0.455,0.457,44474406
2024-06-04 14:00:00,0.4571,0.4594,0.4564,0.4577,27603629
2024-06-04 15:00:00,0.4576,0.4617,0.4568,0.4612,16573317
2024-06-04 16:00:00,0.4612,0.4626,0.4585,0.4616,24639654
2024-06-04 17:00:00,0.4617,0.465,0.461,0.4643,14693561
2024-06-04 18:00:00,0.4643,0.4659,0.464,0.4642,15126750
2024-06-04 19:00:00,0.4642,0.4644,0.4609,0.4633,13303107
2024-06-04 20:00:00,0.4633,0.4636,0.4598,0.4616,13713253
2024-06-04 21:00:00,0.4616,0.4619,0.4593,0.461,10050231
2024-06-04 22:00:00,0.461,0.463,0.4606,0.462,11380441
2024-06-04 23:00:00,0.4621,0.4621,0.4609,0.4617,5828927
2024-06-05 00:00:00,0.4617,0.4639,0.4616,0.4631,10486767
2024-06-05 01:00:00,0.4632,0.4658,0.4622,0.4645,14579296
2024-06-05 02:00:00,0.4645,0.4647,0.4601,0.4623,17580006
2024-06-05 03:00:00,0.4624,0.4636,0.4619,0.4631,7061100
2024-06-05 04:00:00,0.4632,0.4633,0.4615,0.4625,10369742
2024-06-05 05:00:00,0.4626,0.463,0.4605,0.462,8707497
2024-06-05 06:00:00,0.462,0.4643,0.4614,0.4638,10827441
2024-06-05 07:00:00,0.4639,0.4647,0.4616,0.4628,12376898
2024-06-05 08:00:00,0.4629,0.4629,0.4612,0.4615,7953413
2024-06-05 09:00:00,0.4615,0.4622,0.4586,0.4605,15518564
2024-06-05 10:00:00,0.4605,0.4607,0.4592,0.4603,8192120
2024-06-05 11:00:00,0.4604,0.4613,0.4597,0.4608,6077200
2024-06-05 12:00:00,0.4607,0.4611,0.4576,0.4591,20791918
2024-06-05 13:00:00,0.4592,0.46,0.4577,0.4586,14084487
2024-06-05 14:00:00,0.4586,0.4611,0.4572,0.4603,23060055
2024-06-05 15:00:00,0.4604,0.4633,0.4597,0.4619,17866992
2024-06-05 16:00:00,0.4619,0.4627,0.4601,0.4613,11306196
2024-06-05 17:00:00,0.4613,0.4634,0.4609,0.4631,10105557
2024-06-05 18:00:00,0.4632,0.4637,0.4603,0.4609,13225533
2024-06-05 19:00:00,0.4608,0.4637,0.4602,0.4634,10387630
2024-06-05 20:00:00,0.4634,0.4641,0.463,0.4633,5955371
2024-06-05 21:00:00,0.4633,0.4635,0.4617,0.4619,5375457
2024-06-05 22:00:00,0.4619,0.4622,0.4599,0.4603,10253744
2024-06-05 23:00:00,0.4603,0.4618,0.4599,0.4616,6600880
2024-06-06 00:00:00,0.4616,0.4625,0.4611,0.4613,5288163
2024-06-06 01:00:00,0.4614,0.4625,0.4603,0.4615,5427569
2024-06-06 02:00:00,0.4615,0.4619,0.4606,0.4608,5279074
2024-06-06 03:00:00,0.4608,0.461,0.4598,0.4598,5354835
2024-06-06 04:00:00,0.4598,0.4607,0.4588,0.4604,7752119
2024-06-06 05:00:00,0.4604,0.4607,0.4586,0.4588,6883357
2024-06-06 06:00:00,0.4588,0.4593,0.4574,0.4592,14432205
2024-06-06 07:00:00,0.4591,0.4598,0.4584,0.4595,5928447
2024-06-06 08:00:00,0.4594,0.4594,0.4576,0.4584,5695008
2024-06-06 09:00:00,0.4583,0.4598,0.4581,0.4585,4920107
2024-06-06 10:00:00,0.4584,0.4587,0.4575,0.4582,6621321
2024-06-06 11:00:00,0.4582,0.4596,0.4579,0.4594,6069851
2024-06-06 12:00:00,0.4593,0.4609,0.4584,0.4594,13374561
2024-06-06 13:00:00,0.4593,0.4622,0.458,0.4604,14158616
2024-06-06 14:00:00,0.4604,0.4623,0.4584,0.4616,18471197
2024-06-06 15:00:00,0.4617,0.4623,0.4604,0.4606,7487620
2024-06-06 16:00:00,0.4605,0.4617,0.4581,0.459,14297258
2024-06-06 17:00:00,0.4589,0.4602,0.4581,0.4591,7587614
2024-06-06 18:00:00,0.4592,0.4593,0.4575,0.4586,7768991
2024-06-06 19:00:00,0.4585,0.4629,0.4536,0.4542,39486152
2024-06-06 20:00:00,0.4542,0.462,0.4506,0.4574,38028690
2024-06-06 21:00:00,0.4575,0.4576,0.4554,0.4565,6244561
2024-06-06 22:00:00,0.4564,0.4577,0.4557,0.4572,4997428
2024-06-06 23:00:00,0.4571,0.461,0.4567,0.4585,12950148
2024-06-07 00:00:00,0.4585,0.4612,0.4581,0.4608,7727720
2024-06-07 01:00:00,0.4608,0.4612,0.4579,0.4591,9935071
2024-06-07 02:00:00,0.4591,0.4595,0.4566,0.4588,5540766
2024-06-07 03:00:00,0.4587,0.4591,0.458,0.4586,4510812
2024-06-07 04:00:00,0.4585,0.462,0.4582,0.4616,11217002
2024-06-07 05:00:00,0.4617,0.4652,0.4615,0.4623,20240740
2024-06-07 06:00:00,0.4623,0.4626,0.4611,0.4623,6221785
2024-06-07 07:00:00,0.4624,0.4633,0.4611,0.462,7000107
2024-06-07 08:00:00,0.462,0.4656,0.462,0.4649,10290356
2024-06-07 09:00:00,0.4648,0.4697,0.4648,0.4676,27526297
2024-06-07 10:00:00,0.4676,0.48,0.4675,0.4791,58117400
2024-06-07 11:00:00,0.4791,0.4878,0.478,0.4843,76313869
2024-06-07 12:00:00,0.4844,0.4877,0.4747,0.4792,97501800
2024-06-07 13:00:00,0.4792,0.4894,0.4779,0.4871,44932219
2024-06-07 14:00:00,0.487,0.4906,0.4865,0.4873,30195490
2024-06-07 15:00:00,0.4873,0.489,0.4786,0.4793,46588250
2024-06-07 16:00:00,0.4793,0.4807,0.4754,0.4763,22531985
2024-06-07 17:00:00,0.4763,0.4763,0.4676,0.4678,33695558
2024-06-07 18:00:00,0.4677,0.469,0.4218,0.4466,311311942
2024-06-07 19:00:00,0.4467,0.452,0.4424,0.4493,47465144
2024-06-07 20:00:00,0.4492,0.4519,0.447,0.4514,25029402
2024-06-07 21:00:00,0.4513,0.4516,0.4493,0.4504,13194411
2024-06-07 22:00:00,0.4504,0.4518,0.4498,0.4513,10871181
2024-06-07 23:00:00,0.4512,0.4514,0.4492,0.4493,13067413
2024-06-08 00:00:00,0.4494,0.4494,0.4439,0.4452,23030724
2024-06-08 01:00:00,0.4452,0.4473,0.4438,0.4467,14098129
2024-06-08 02:00:00,0.4466,0.4473,0.445,0.4467,8488282
2024-06-08 03:00:00,0.4467,0.4471,0.4453,0.4468,7063141
2024-06-08 04:00:00,0.4469,0.4476,0.4449,0.4449,9679372
2024-06-08 05:00:00,0.445,0.4458,0.4442,0.4443,8186030
2024-06-08 06:00:00,0.4443,0.4455,0.4427,0.4442,11487274
2024-06-08 07:00:00,0.4442,0.4472,0.4437,0.4456,12059340
2024-06-08 08:00:00,0.4456,0.4457,0.4416,0.442,13481816
2024-06-08 09:00:00,0.4421,0.4429,0.4394,0.4414,17343298
2024-06-08 10:00:00,0.4414,0.4416,0.4381,0.4401,16779192
2024-06-08 11:00:00,0.4401,0.4406,0.4335,0.4346,32390798
2024-06-08 12:00:00,0.4346,0.4371,0.4325,0.4357,36008479
2024-06-08 13:00:00,0.4357,0.4365,0.432,0.4362,34620784
2024-06-08 14:00:00,0.4363,0.4387,0.4351,0.438,17861204
2024-06-08 15:00:00,0.4379,0.4381,0.4357,0.4357,13048985
2024-06-08 16:00:00,0.4357,0.4362,0.4334,0.4341,17516863
2024-06-08 17:00:00,0.434,0.4359,0.4323,0.4354,21958499
2024-06-08 18:00:00,0.4354,0.4369,0.4337,0.4341,12302091
2024-06-08 19:00:00,0.4342,0.4358,0.4331,0.4342,7990982
2024-06-08 20:00:00,0.4342,0.435,0.433,0.435,8177043
2024-06-08 21:00:00,0.4349,0.4363,0.4339,0.4345,6551603
2024-06-08 22:00:00,0.4345,0.4359,0.4334,0.4354,9092296
2024-06-08 23:00:00,0.4354,0.4369,0.4349,0.4366,5576718
2024-06-09 00:00:00,0.4365,0.4375,0.4358,0.4367,8495761
2024-06-09 01:00:00,0.4367,0.4384,0.4363,0.4382,7093752
2024-06-09 02:00:00,0.4381,0.4382,0.4342,0.4346,14216802
2024-06-09 03:00:00,0.4345,0.4358,0.4341,0.4354,7657387
2024-06-09 04:00:00,0.4354,0.4356,0.4336,0.4339,6064866
2024-06-09 05:00:00,0.4339,0.4359,0.4316,0.435,9865680
2024-06-09 06:00:00,0.435,0.4367,0.4348,0.4365,6613076
2024-06-09 07:00:00,0.4365,0.4382,0.4363,0.4376,5736956
2024-06-09 08:00:00,0.4375,0.4404,0.4362,0.4395,12558418
2024-06-09 09:00:00,0.4395,0.4407,0.439,0.4402,8265834
2024-06-09 10:00:00,0.4402,0.4433,0.4395,0.4425,12073274
2024-06-09 11:00:00,0.4426,0.4426,0.4401,0.4404,7996128
2024-06-09 12:00:00,0.4404,0.4419,0.4395,0.4409,11338819
2024-06-09 13:00:00,0.441,0.4412,0.4379,0.4391,15015123
2024-06-09 14:00:00,0.4391,0.4405,0.4375,0.4401,10248137
2024-06-09 15:00:00,0.4401,0.4403,0.4392,0.4397,5220819
2024-06-09 16:00:00,0.4396,0.4414,0.4391,0.4407,7642416
2024-06-09 17:00:00,0.4406,0.4421,0.44,0.442,6652391
2024-06-09 18:00:00,0.442,0.4433,0.4419,0.4432,7296946
2024-06-09 19:00:00,0.4432,0.4458,0.443,0.4448,9634243
2024-06-09 20:00:00,0.4449,0.4461,0.4436,0.4442,8578000
2024-06-09 21:00:00,0.4442,0.4453,0.4436,0.4446,5992227
2024-06-09 22:00:00,0.4446,0.4456,0.4434,0.444,6088930
2024-06-09 23:00:00,0.444,0.4443,0.4435,0.4441,2701317
2024-06-10 00:00:00,0.4442,0.4448,0.4414,0.4427,12813565
2024-06-10 01:00:00,0.4427,0.4448,0.4415,0.4436,7483958
2024-06-10 02:00:00,0.4436,0.4453,0.4428,0.4433,5452778
2024-06-10 03:00:00,0.4433,0.4433,0.4404,0.4414,8929133
2024-06-10 04:00:00,0.4414,0.4425,0.4403,0.4412,6528221
2024-06-10 05:00:00,0.4412,0.4418,0.4394,0.4411,16792716
2024-06-10 06:00:00,0.4412,0.4419,0.4376,0.4379,18228042
2024-06-10 07:00:00,0.438,0.439,0.4349,0.436,20628707
2024-06-10 08:00:00,0.4359,0.4402,0.4354,0.44,13135346
2024-06-10 09:00:00,0.4399,0.4494,0.4388,0.4491,30444527
2024-06-10 10:00:00,0.4491,0.4513,0.4468,0.4475,38606823
2024-06-10 11:00:00,0.4474,0.4493,0.4461,0.4469,17196933
2024-06-10 12:00:00,0.4469,0.447,0.4435,0.445,15157409
2024-06-10 13:00:00,0.445,0.4456,0.4387,0.4405,34428213
2024-06-10 14:00:00,0.4405,0.4431,0.4389,0.4428,11844397
2024-06-10 15:00:00,0.4428,0.449,0.4424,0.4473,24540910
2024-06-10 16:00:00,0.4473,0.448,0.4431,0.4453,16153775
2024-06-10 17:00:00,0.4453,0.4456,0.4426,0.4448,7594516
2024-06-10 18:00:00,0.4447,0.4451,0.4418,0.4438,10872398
2024-06-10 19:00:00,0.4438,0.4443,0.4402,0.4409,11477557
2024-06-10 20:00:00,0.4408,0.4412,0.4373,0.4391,18092381
2024-06-10 21:00:00,0.439,0.4408,0.4385,0.4404,7118427
2024-06-10 22:00:00,0.4403,0.4413,0.438,0.4412,9057751
2024-06-10 23:00:00,0.4413,0.4416,0.4391,0.4408,6345709
2024-06-11 00:00:00,0.4407,0.441,0.4381,0.4388,7446514
2024-06-11 01:00:00,0.4389,0.4421,0.4287,0.4339,45092967
2024-06-11 02:00:00,0.4339,0.4369,0.4288,0.4351,54077464
2024-06-11 03:00:00,0.435,0.4372,0.434,0.4348,16966522
2024-06-11 04:00:00,0.4347,0.4348,0.43,0.4333,21324507
2024-06-11 05:00:00,0.4333,0.4336,0.4312,0.4331,11566930
2024-06-11 06:00:00,0.433,0.434,0.4232,0.4301,27384460
2024-06-11 07:00:00,0.43,0.4324,0.4285,0.4319,13944870
2024-06-11 08:00:00,0.4318,0.4334,0.4308,0.4313,14121975
2024-06-11 09:00:00,0.4312,0.432,0.4275,0.4291,17515468
2024-06-11 10:00:00,0.4291,0.4326,0.4284,0.4324,13732338
2024-06-11 11:00:00,0.4323,0.4325,0.4292,0.4296,12964922
2024-06-11 12:00:00,0.4295,0.4307,0.4275,0.4282,15017413
2024-06-11 13:00:00,0.4282,0.4299,0.4213,0.424,57758074
2024-06-11 14:00:00,0.4239,0.4269,0.4225,0.426,18518928
2024-06-11 15:00:00,0.426,0.4279,0.4113,0.4192,92901812
2024-06-11 16:00:00,0.4191,0.4232,0.416,0.4179,27224267
2024-06-11 17:00:00,0.4179,0.4207,0.4127,0.419,31390180
2024-06-11 18:00:00,0.4189,0.4222,0.4176,0.4213,14614408
2024-06-11 19:00:00,0.4213,0.4228,0.4201,0.4222,11263995
2024-06-11 20:00:00,0.4221,0.4225,0.4206,0.4218,7615307
2024-06-11 21:00:00,0.4218,0.4227,0.4211,0.4221,6614216
2024-06-11 22:00:00,0.4221,0.4224,0.4206,0.4212,7021145
2024-06-11 23:00:00,0.4212,0.4219,0.4204,0.4216,6737453
2024-06-12 00:00:00,0.4216,0.4226,0.4203,0.421,7461157
2024-06-12 01:00:00,0.4209,0.4217,0.4142,0.4185,23533387
2024-06-12 02:00:00,0.4184,0.4223,0.4178,0.4216,13797575
2024-06-12 03:00:00,0.4216,0.4249,0.4215,0.4242,11452901
2024-06-12 04:00:00,0.4243,0.4259,0.4233,0.4254,11849053
2024-06-12 05:00:00,0.4254,0.426,0.4238,0.4243,11125087
2024-06-12 06:00:00,0.4243,0.4258,0.4236,0.4243,7342286
2024-06-12 07:00:00,0.4243,0.4262,0.4243,0.4258,7158467
2024-06-12 08:00:00,0.4258,0.4267,0.4248,0.4253,7630335
2024-06-12 09:00:00,0.4252,0.4275,0.4244,0.4267,7984414
2024-06-12 10:00:00,0.4267,0.429,0.426,0.4269,13549789
2024-06-12 11:00:00,0.4269,0.4273,0.4249,0.425,10225730
2024-06-12 12:00:00,0.425,0.439,0.4248,0.4384,68556535
2024-06-12 13:00:00,0.4384,0.4431,0.4368,0.438,37494640
2024-06-12 14:00:00,0.4381,0.4428,0.4381,0.4419,20233676
2024-06-12 15:00:00,0.4419,0.4436,0.4397,0.4404,15123394
2024-06-12 16:00:00,0.4404,0.4424,0.4389,0.4417,12930943
2024-06-12 17:00:00,0.4417,0.4445,0.441,0.4441,12267252
2024-06-12 18:00:00,0.4441,0.4441,0.4337,0.4388,86031734
2024-06-12 19:00:00,0.4388,0.4443,0.4312,0.4332,58992990
2024-06-12 20:00:00,0.4333,0.4378,0.4318,0.4373,20113700
2024-06-12 21:00:00,0.4372,0.4395,0.437,0.4386,6229041
2024-06-12 22:00:00,0.4386,0.4394,0.4376,0.4392,4849418
2024-06-12 23:00:00,0.4393,0.4393,0.4374,0.438,5620270
2024-06-13 00:00:00,0.438,0.4389,0.4357,0.4381,11340571
2024-06-13 01:00:00,0.4381,0.4393,0.4346,0.4352,8315413
2024-06-13 02:00:00,0.4353,0.4372,0.4314,0.4319,19967133
2024-06-13 03:00:00,0.4319,0.432,0.4264,0.4312,39635663
2024-06-13 04:00:00,0.4313,0.4337,0.4307,0.4312,12723933
2024-06-13 05:00:00,0.4313,0.4333,0.4311,0.4325,7815323
2024-06-13 06:00:00,0.4326,0.4329,0.4291,0.43,12779729
2024-06-13 07:00:00,0.4301,0.4317,0.4287,0.4313,7995665
2024-06-13 08:00:00,0.4314,0.4339,0.4306,0.4323,22732349
2024-06-13 09:00:00,0.4323,0.4325,0.4277,0.4303,17838624
2024-06-13 10:00:00,0.4304,0.4329,0.429,0.4319,17274956
2024-06-13 11:00:00,0.4319,0.4323,0.4287,0.4294,11326045
2024-06-13 12:00:00,0.4294,0.4341,0.427,0.4289,28354602
2024-06-13 13:00:00,0.4289,0.4319,0.4267,0.4293,15807089
2024-06-13 14:00:00,0.4294,0.4308,0.4257,0.4283,20747157
2024-06-13 15:00:00,0.4282,0.4294,0.4197,0.4208,42480143
2024-06-13 16:00:00,0.4207,0.424,0.4188,0.4238,25694252
2024-06-13 17:00:00,0.4237,0.4254,0.4228,0.4251,13300703
2024-06-13 18:00:00,0.4251,0.4264,0.4242,0.4256,7266559
2024-06-13 19:00:00,0.4256,0.4261,0.4237,0.4238,7031271
2024-06-13 20:00:00,0.4238,0.4251,0.4211,0.4218,7894332
2024-06-13 21:00:00,0.4218,0.4237,0.4191,0.4233,9745777
2024-06-13 22:00:00,0.4234,0.4236,0.4213,0.4223,6543700
2024-06-13 23:00:00,0.4223,0.4224,0.4192,0.421,7888953
2024-06-14 00:00:00,0.4209,0.4226,0.4192,0.4209,14275570
2024-06-14 01:00:00,0.4209,0.4225,0.4183,0.4223,16864232
2024-06-14 02:00:00,0.4223,0.4241,0.4213,0.4235,9495938
2024-06-14 03:00:00,0.4235,0.4243,0.4203,0.4206,8594631
2024-06-14 04:00:00,0.4206,0.4225,0.4206,0.422,6521705
2024-06-14 05:00:00,0.422,0.4247,0.4219,0.4239,11726110
2024-06-14 06:00:00,0.424,0.4242,0.4223,0.4227,7676540
2024-06-14 07:00:00,0.4227,0.4232,0.4214,0.4221,7676578
2024-06-14 08:00:00,0.4222,0.4243,0.4216,0.4234,9080345
2024-06-14 09:00:00,0.4234,0.4237,0.4216,0.4223,7451673
2024-06-14 10:00:00,0.4223,0.4237,0.4218,0.4224,7101603
2024-06-14 11:00:00,0.4224,0.4239,0.421,0.4224,7686531
2024-06-14 12:00:00,0.4224,0.424,0.4212,0.4219,10104727
2024-06-14 13:00:00,0.422,0.4234,0.4213,0.4217,6924504
2024-06-14 14:00:00,0.4217,0.422,0.4148,0.4185,42549074
2024-06-14 15:00:00,0.4185,0.4188,0.412,0.4136,32382565
2024-06-14 16:00:00,0.4136,0.4142,0.3967,0.4051,120717630
2024-06-14 17:00:00,0.405,0.4069,0.4024,0.406,24646057
2024-06-14 18:00:00,0.4061,0.4067,0.4017,0.4043,24764187
2024-06-14 19:00:00,0.4044,0.4056,0.4024,0.4043,11770101
2024-06-14 20:00:00,0.4043,0.4064,0.4043,0.4051,10845857
2024-06-14 21:00:00,0.4051,0.4144,0.4047,0.4134,23218173
2024-06-14 22:00:00,0.4134,0.4136,0.4097,0.4116,11797063
2024-06-14 23:00:00,0.4116,0.4122,0.4103,0.4119,6080216
2024-06-15 00:00:00,0.4118,0.4125,0.4105,0.4111,10147223
2024-06-15 01:00:00,0.4111,0.412,0.4083,0.4085,7745695
2024-06-15 02:00:00,0.4084,0.411,0.408,0.4107,5743902
2024-06-15 03:00:00,0.4106,0.4124,0.4106,0.4119,5737584
2024-06-15 04:00:00,0.4119,0.4131,0.4107,0.4121,8361261
2024-06-15 05:00:00,0.4121,0.414,0.4121,0.4134,6416423
2024-06-15 06:00:00,0.4134,0.4156,0.4126,0.4129,12494198
2024-06-15 07:00:00,0.413,0.4136,0.4114,0.4116,12210653
2024-06-15 08:00:00,0.4116,0.4128,0.4114,0.412,5663031
2024-06-15 09:00:00,0.412,0.4124,0.41,0.4105,8334635
2024-06-15 10:00:00,0.4104,0.4113,0.41,0.4104,5272508
2024-06-15 11:00:00,0.4104,0.4115,0.4097,0.411,7003116
2024-06-15 12:00:00,0.4109,0.4119,0.4099,0.4118,6574093
2024-06-15 13:00:00,0.4119,0.4121,0.41,0.4119,8267558
2024-06-15 14:00:00,0.4118,0.412,0.4092,0.4113,14635030
2024-06-15 15:00:00,0.4112,0.4134,0.411,0.4119,10190762
2024-06-15 16:00:00,0.4119,0.413,0.4114,0.4117,6739084
2024-06-15 17:00:00,0.4117,0.4128,0.4109,0.4125,6697632
2024-06-15 18:00:00,0.4126,0.4128,0.4107,0.4118,6425268
2024-06-15 19:00:00,0.4119,0.415,0.4108,0.4138,16034229
2024-06-15 20:00:00,0.4138,0.4143,0.4109,0.4123,11911394
2024-06-15 21:00:00,0.4123,0.4137,0.4117,0.4129,6924978
2024-06-15 22:00:00,0.4129,0.4134,0.4112,0.4134,5191309
2024-06-15 23:00:00,0.4134,0.4143,0.4131,0.4138,4146896
2024-06-16 00:00:00,0.4138,0.4143,0.4123,0.4126,6224237
2024-06-16 01:00:00,0.4126,0.4138,0.4116,0.4126,7980246
2024-06-16 02:00:00,0.4127,0.4129,0.4114,0.4116,5733608
2024-06-16 03:00:00,0.4116,0.412,0.4102,0.4108,6082728
2024-06-16 04:00:00,0.4108,0.4114,0.4088,0.4106,10682449
2024-06-16 05:00:00,0.4105,0.4136,0.4103,0.4131,5512737
2024-06-16 06:00:00,0.413,0.4147,0.4128,0.414,6189068
2024-06-16 07:00:00,0.414,0.4142,0.4123,0.4126,5386473
2024-06-16 08:00:00,0.4125,0.4134,0.4117,0.4121,5410273
2024-06-16 09:00:00,0.412,0.4135,0.4114,0.4133,5543498
2024-06-16 10:00:00,0.4133,0.4146,0.4126,0.4144,9733315
2024-06-16 11:00:00,0.4144,0.4153,0.4137,0.4147,8472932
2024-06-16 12:00:00,0.4147,0.4164,0.414,0.4159,8321387
2024-06-16 13:00:00,0.4158,0.4173,0.4146,0.4163,14102916
2024-06-16 14:00:00,0.4162,0.4176,0.4146,0.4146,13583168
2024-06-16 15:00:00,0.4147,0.4167,0.4142,0.4162,7015408
2024-06-16 16:00:00,0.4162,0.4165,0.4149,0.4156,7526495
2024-06-16 17:00:00,0.4156,0.4159,0.4142,0.4148,6315327
2024-06-16 18:00:00,0.4147,0.415,0.414,0.4147,4342970
2024-06-16 19:00:00,0.4147,0.4162,0.4141,0.4162,5968694
2024-06-16 20:00:00,0.4162,0.417,0.4155,0.4159,5999461
2024-06-16 21:00:00,0.4159,0.4161,0.4152,0.4156,3632048
2024-06-16 22:00:00,0.4156,0.4192,0.4156,0.417,16458858
2024-06-16 23:00:00,0.417,0.4177,0.4156,0.4166,4688722
2024-06-17 00:00:00,0.4167,0.4185,0.4149,0.4164,11090244
2024-06-17 01:00:00,0.4165,0.417,0.4133,0.415,17612399
2024-06-17 02:00:00,0.4151,0.4158,0.4129,0.4137,19110324
2024-06-17 03:00:00,0.4138,0.414,0.4115,0.4121,11080011
2024-06-17 04:00:00,0.4122,0.4134,0.4111,0.4132,12417756
2024-06-17 05:00:00,0.4132,0.4138,0.4103,0.4113,10715175
2024-06-17 06:00:00,0.4113,0.4115,0.4079,0.4089,15164772
2024-06-17 07:00:00,0.4089,0.4109,0.4058,0.4102,21779083
2024-06-17 08:00:00,0.4102,0.411,0.4047,0.4065,20401174
2024-06-17 09:00:00,0.4065,0.4096,0.4034,0.4046,27879887
2024-06-17 10:00:00,0.4046,0.4053,0.4002,0.4051,36337464
2024-06-17 11:00:00,0.405,0.4056,0.4039,0.4044,9188668
2024-06-17 12:00:00,0.4044,0.4053,0.4025,0.4029,13823011
2024-06-17 13:00:00,0.4029,0.4045,0.3987,0.4002,29740746
2024-06-17 14:00:00,0.4002,0.4051,0.4,0.4031,23787665
2024-06-17 15:00:00,0.4031,0.405,0.3991,0.4002,20537770
2024-06-17 16:00:00,0.4001,0.4055,0.3891,0.4042,104081122
2024-06-17 17:00:00,0.4043,0.4109,0.4041,0.4106,25467483
2024-06-17 18:00:00,0.4106,0.4154,0.4104,0.4153,32504587
2024-06-17 19:00:00,0.4154,0.421,0.4117,0.4123,53209992
2024-06-17 20:00:00,0.4123,0.4127,0.4058,0.4074,31105831
2024-06-17 21:00:00,0.4074,0.4093,0.4037,0.4077,15931530
2024-06-17 22:00:00,0.4077,0.4078,0.4031,0.4034,15001053
2024-06-17 23:00:00,0.4034,0.404,0.4007,0.4011,11868372
2024-06-18 00:00:00,0.4011,0.4026,0.3942,0.3984,40123850
2024-06-18 01:00:00,0.3984,0.4003,0.3526,0.371,247984968
2024-06-18 02:00:00,0.3709,0.3782,0.3668,0.3768,72918261
2024-06-18 03:00:00,0.3768,0.3793,0.3748,0.3788,23680912
2024-06-18 04:00:00,0.3787,0.3807,0.3761,0.3792,21565706
2024-06-18 05:00:00,0.3792,0.3814,0.3787,0.3788,15705596
2024-06-18 06:00:00,0.3788,0.3801,0.3767,0.3773,14662887
2024-06-18 07:00:00,0.3772,0.3801,0.3768,0.3791,16974336
2024-06-18 08:00:00,0.3791,0.3811,0.378,0.3809,16089188
2024-06-18 09:00:00,0.3808,0.381,0.3769,0.3771,13660178
2024-06-18 10:00:00,0.3771,0.3774,0.3735,0.3754,21296123
2024-06-18 11:00:00,0.3754,0.3761,0.3707,0.3746,38792422
2024-06-18 12:00:00,0.3746,0.3759,0.3686,0.3727,49662619
2024-06-18 13:00:00,0.3727,0.3733,0.3672,0.3685,42723378
2024-06-18 14:00:00,0.3685,0.376,0.3657,0.3704,69750706
2024-06-18 15:00:00,0.3704,0.3764,0.3694,0.3745,29735571
2024-06-18 16:00:00,0.3745,0.3747,0.3698,0.3735,29497068
2024-06-18 17:00:00,0.3735,0.3753,0.3695,0.3704,24782875
2024-06-18 18:00:00,0.3703,0.3731,0.3673,0.3698,22975816
2024-06-18 19:00:00,0.3698,0.3739,0.367,0.3739,32896151
2024-06-18 20:00:00,0.3738,0.3791,0.373,0.3784,34426789
2024-06-18 21:00:00,0.3784,0.3815,0.3772,0.3805,22785327
2024-06-18 22:00:00,0.3805,0.3828,0.3785,0.3824,15754099
2024-06-18 23:00:00,0.3824,0.385,0.3819,0.3833,15895990
2024-06-19 00:00:00,0.3834,0.3842,0.3801,0.3838,20159628
2024-06-19 01:00:00,0.3838,0.3885,0.3835,0.3862,33260545
2024-06-19 02:00:00,0.3861,0.3936,0.386,0.3894,28766476
2024-06-19 03:00:00,0.3895,0.3931,0.3891,0.3921,19298120
2024-06-19 04:00:00,0.3922,0.395,0.3921,0.3935,15432369
2024-06-19 05:00:00,0.3936,0.3976,0.3926,0.3953,17277637
2024-06-19 06:00:00,0.3953,0.3966,0.3943,0.3959,12296834
2024-06-19 07:00:00,0.3959,0.3959,0.3923,0.3923,15554802
2024-06-19 08:00:00,0.3924,0.3926,0.3883,0.3886,39020710
2024-06-19 09:00:00,0.3885,0.3901,0.3866,0.3881,24908602
2024-06-19 10:00:00,0.3882,0.3896,0.386,0.3894,18506051
2024-06-19 11:00:00,0.3895,0.3898,0.3836,0.3853,26547858
2024-06-19 12:00:00,0.3854,0.3875,0.3846,0.3868,15659173
2024-06-19 13:00:00,0.3868,0.3878,0.3859,0.3863,9410796
2024-06-19 14:00:00,0.3863,0.3868,0.3825,0.3842,19534430
2024-06-19 15:00:00,0.3842,0.3851,0.3808,0.3834,15444986
2024-06-19 16:00:00,0.3834,0.3858,0.3816,0.3847,16275594
2024-06-19 17:00:00,0.3847,0.39,0.3845,0.3873,15946927
2024-06-19 18:00:00,0.3873,0.3886,0.3867,0.3869,7920919
2024-06-19 19:00:00,0.387,0.3874,0.3853,0.3861,7844595
2024-06-19 20:00:00,0.3862,0.3878,0.3844,0.3868,9156751
2024-06-19 21:00:00,0.3869,0.3884,0.3862,0.3862,5514355
2024-06-19 22:00:00,0.3863,0.3865,0.3831,0.3833,8821391
2024-06-19 23:00:00,0.3833,0.3846,0.382,0.3843,10537172
2024-06-20 00:00:00,0.3843,0.3865,0.3822,0.3852,19886044
2024-06-20 01:00:00,0.3852,0.3903,0.3842,0.3868,26072234
2024-06-20 02:00:00,0.3867,0.3878,0.3848,0.3865,10676827
2024-06-20 03:00:00,0.3865,0.3887,0.3858,0.3878,7335169
2024-06-20 04:00:00,0.3878,0.3906,0.3868,0.3901,9866690
2024-06-20 05:00:00,0.3901,0.3918,0.3895,0.3915,10845124
2024-06-20 06:00:00,0.3915,0.3935,0.3899,0.3905,13330529
2024-06-20 07:00:00,0.3904,0.3947,0.3904,0.3931,15881739
2024-06-20 08:00:00,0.3931,0.3934,0.3904,0.3916,13355370
2024-06-20 09:00:00,0.3915,0.3923,0.3905,0.3912,9949059
2024-06-20 10:00:00,0.3912,0.395,0.3898,0.3944,12955815
2024-06-20 11:00:00,0.3944,0.3972,0.393,0.3936,22720338
2024-06-20 12:00:00,0.3935,0.3944,0.391,0.3913,14582112
2024-06-20 13:00:00,0.3913,0.3915,0.3863,0.3866,31023684
2024-06-20 14:00:00,0.3866,0.3872,0.3809,0.3826,34855607
2024-06-20 15:00:00,0.3826,0.3842,0.3811,0.3813,20510243
2024-06-20 16:00:00,0.3813,0.3824,0.3768,0.3821,36620363
2024-06-20 17:00:00,0.3822,0.386,0.3802,0.3856,12924416
2024-06-20 18:00:00,0.3857,0.3884,0.3856,0.3873,13725205
2024-06-20 19:00:00,0.3874,0.3882,0.383,0.3871,19868659
2024-06-20 20:00:00,0.3871,0.3879,0.3856,0.386,5697984
2024-06-20 21:00:00,0.386,0.3867,0.3854,0.3858,4487145
2024-06-20 22:00:00,0.3857,0.3868,0.3845,0.3848,6308474
2024-06-20 23:00:00,0.3848,0.3855,0.3836,0.384,7030503
2024-06-21 00:00:00,0.3841,0.3843,0.381,0.3817,16455324
2024-06-21 01:00:00,0.3816,0.3868,0.381,0.3864,11069056
2024-06-21 02:00:00,0.3864,0.3875,0.3843,0.386,14601343
2024-06-21 03:00:00,0.3859,0.387,0.3842,0.3869,8090184
2024-06-21 04:00:00,0.3868,0.3905,0.3852,0.3901,12973702
2024-06-21 05:00:00,0.3901,0.3907,0.3881,0.3895,13267338
2024-06-21 06:00:00,0.3894,0.3899,0.3868,0.3877,7267186
2024-06-21 07:00:00,0.3877,0.3888,0.3842,0.3863,14677418
2024-06-21 08:00:00,0.3862,0.387,0.3792,0.3807,29600649
2024-06-21 09:00:00,0.3807,0.3879,0.38,0.3861,25247927
2024-06-21 10:00:00,0.3862,0.3877,0.3843,0.3848,10344639
2024-06-21 11:00:00,0.3848,0.3858,0.3831,0.3846,9662327
2024-06-21 12:00:00,0.3846,0.3855,0.381,0.3829,16843505
2024-06-21 13:00:00,0.3829,0.383,0.3754,0.3778,38680264
2024-06-21 14:00:00,0.3778,0.3836,0.3764,0.3822,27056735
2024-06-21 15:00:00,0.3822,0.3834,0.3782,0.3802,18811030
2024-06-21 16:00:00,0.3801,0.3822,0.3792,0.3799,11767804
2024-06-21 17:00:00,0.3799,0.3805,0.3743,0.375,21574720
2024-06-21 18:00:00,0.3751,0.3796,0.3734,0.3794,20634273
2024-06-21 19:00:00,0.3794,0.38,0.3775,0.3782,11947333
2024-06-21 20:00:00,0.3781,0.3813,0.3778,0.379,12012755
2024-06-21 21:00:00,0.3789,0.3791,0.3753,0.3772,8420576
2024-06-21 22:00:00,0.3771,0.3777,0.3765,0.3772,6240621
2024-06-21 23:00:00,0.3772,0.3781,0.3755,0.3758,6689053
2024-06-22 00:00:00,0.3757,0.3759,0.3711,0.3721,18161441
2024-06-22 01:00:00,0.372,0.3746,0.3717,0.3743,9362487
2024-06-22 02:00:00,0.3744,0.3772,0.3743,0.376,13837681
2024-06-22 03:00:00,0.376,0.3768,0.3726,0.3732,10452574
2024-06-22 04:00:00,0.3733,0.375,0.3727,0.3744,6846822
2024-06-22 05:00:00,0.3745,0.3757,0.3738,0.3751,8297214
2024-06-22 06:00:00,0.3751,0.3775,0.3749,0.3758,10875990
2024-06-22 07:00:00,0.3758,0.3762,0.3743,0.376,8496651
2024-06-22 08:00:00,0.3761,0.3762,0.3738,0.3746,10636026
2024-06-22 09:00:00,0.3745,0.3762,0.3743,0.3761,6805143
2024-06-22 10:00:00,0.3761,0.3775,0.3759,0.3766,5972908
2024-06-22 11:00:00,0.3767,0.3771,0.3755,0.377,5882514
2024-06-22 12:00:00,0.377,0.3787,0.3765,0.3786,5847490
2024-06-22 13:00:00,0.3787,0.3905,0.3784,0.3843,72231486
2024-06-22 14:00:00,0.3844,0.39,0.3838,0.388,36029846
2024-06-22 15:00:00,0.388,0.3883,0.3833,0.3861,25011403
2024-06-22 16:00:00,0.3861,0.3883,0.3854,0.3883,13897890
2024-06-22 17:00:00,0.3882,0.3884,0.3838,0.384,15234837
2024-06-22 18:00:00,0.384,0.3866,0.3838,0.3859,8636063
2024-06-22 19:00:00,0.3859,0.3867,0.3849,0.3857,7837659
2024-06-22 20:00:00,0.3857,0.3866,0.3842,0.3864,7891682
2024-06-22 21:00:00,0.3864,0.3869,0.3852,0.3864,5817811
2024-06-22 22:00:00,0.3864,0.3864,0.3849,0.3857,4082522
2024-06-22 23:00:00,0.3857,0.3865,0.3841,0.3845,6693276
2024-06-23 00:00:00,0.3845,0.3859,0.3839,0.3845,12487269
2024-06-23 01:00:00,0.3844,0.3854,0.383,0.3849,9104988
2024-06-23 02:00:00,0.3848,0.3863,0.3845,0.3862,6447311
2024-06-23 03:00:00,0.3862,0.3904,0.3859,0.389,20305677
2024-06-23 04:00:00,0.3891,0.3908,0.3878,0.3886,12931679
2024-06-23 05:00:00,0.3885,0.3908,0.3883,0.3892,7192843
2024-06-23 06:00:00,0.3891,0.3893,0.3876,0.3881,6851238
2024-06-23 07:00:00,0.3881,0.3894,0.3878,0.3884,6219515
2024-06-23 08:00:00,0.3885,0.3905,0.3877,0.3903,8655962
2024-06-23 09:00:00,0.3903,0.393,0.39,0.3924,13708749
2024-06-23 10:00:00,0.3924,0.3932,0.389,0.3891,18281857
2024-06-23 11:00:00,0.3892,0.3892,0.3865,0.3873,22164597
2024-06-23 12:00:00,0.3873,0.388,0.3863,0.3875,10718024
2024-06-23 13:00:00,0.3875,0.3876,0.3848,0.3868,13604598
2024-06-23 14:00:00,0.3868,0.3878,0.3846,0.3867,14682943
2024-06-23 15:00:00,0.3867,0.3882,0.3839,0.3866,15057632
2024-06-23 16:00:00,0.3865,0.3879,0.3828,0.3842,19342740
2024-06-23 17:00:00,0.3842,0.3882,0.3838,0.3861,14560292
2024-06-23 18:00:00,0.386,0.3868,0.3852,0.3862,8650414
2024-06-23 19:00:00,0.3862,0.3867,0.3852,0.3861,5446247
2024-06-23 20:00:00,0.3861,0.3862,0.3767,0.3827,35854124
2024-06-23 21:00:00,0.3827,0.3852,0.3824,0.3835,14611180
2024-06-23 22:00:00,0.3835,0.3836,0.3806,0.382,11418536
2024-06-23 23:00:00,0.3821,0.3823,0.3791,0.3798,10213648
2024-06-24 00:00:00,0.3799,0.3816,0.3784,0.3802,15921455
2024-06-24 01:00:00,0.3802,0.3811,0.3768,0.3794,18150096
2024-06-24 02:00:00,0.3794,0.3802,0.3752,0.3779,14700505
2024-06-24 03:00:00,0.3779,0.3814,0.3778,0.3798,11844108
2024-06-24 04:00:00,0.3798,0.3804,0.3774,0.3779,11348403
2024-06-24 05:00:00,0.3779,0.3781,0.3698,0.371,44196076
2024-06-24 06:00:00,0.3709,0.3747,0.3705,0.3747,17820416
2024-06-24 07:00:00,0.3746,0.3764,0.3725,0.3736,18922353
2024-06-24 08:00:00,0.3735,0.378,0.3721,0.3764,22869340
2024-06-24 09:00:00,0.3763,0.3773,0.3588,0.3742,90804691
2024-06-24 10:00:00,0.3743,0.3768,0.3723,0.3741,29534827
2024-06-24 11:00:00,0.3741,0.375,0.371,0.3724,20763426
2024-06-24 12:00:00,0.3724,0.3763,0.3717,0.3742,18156273
2024-06-24 13:00:00,0.3743,0.3789,0.3721,0.3785,22777502
2024-06-24 14:00:00,0.3785,0.3797,0.3734,0.3751,31519946
2024-06-24 15:00:00,0.3752,0.3756,0.3696,0.3707,23410904
2024-06-24 16:00:00,0.3707,0.3715,0.3674,0.3689,29520246
2024-06-24 17:00:00,0.3689,0.3737,0.367,0.3699,39325596
2024-06-24 18:00:00,0.3699,0.372,0.3654,0.3719,25368921
2024-06-24 19:00:00,0.3719,0.3735,0.3666,0.3685,22228264
2024-06-24 20:00:00,0.3685,0.3714,0.3636,0.3708,48232496
2024-06-24 21:00:00,0.3707,0.3772,0.3702,0.3769,21870585
2024-06-24 22:00:00,0.3768,0.3776,0.3751,0.3753,9447643
2024-06-24 23:00:00,0.3753,0.3784,0.3747,0.3776,11188034
2024-06-25 00:00:00,0.3776,0.3813,0.3766,0.38,15883295
2024-06-25 01:00:00,0.38,0.3808,0.3772,0.3808,15712683
2024-06-25 02:00:00,0.3808,0.3878,0.3807,0.3855,43343795
2024-06-25 03:00:00,0.3855,0.3895,0.3852,0.3868,19808753
2024-06-25 04:00:00,0.3869,0.3889,0.3862,0.3874,11964082
2024-06-25 05:00:00,0.3874,0.3879,0.3858,0.3873,11362663
2024-06-25 06:00:00,0.3874,0.3891,0.3868,0.3888,8813899
2024-06-25 07:00:00,0.3887,0.3906,0.3876,0.3892,17240796
2024-06-25 08:00:00,0.3893,0.3905,0.3862,0.388,20321012
2024-06-25 09:00:00,0.3881,0.3926,0.3879,0.391,19155855
2024-06-25 10:00:00,0.391,0.3921,0.3901,0.3916,11278928
2024-06-25 11:00:00,0.3916,0.3936,0.3914,0.3929,10991962
2024-06-25 12:00:00,0.3929,0.3949,0.3911,0.392,15215309
2024-06-25 13:00:00,0.392,0.3929,0.39,0.3909,13202123
2024-06-25 14:00:00,0.391,0.3956,0.3903,0.3944,19797055
2024-06-25 15:00:00,0.3945,0.3959,0.3926,0.3945,13936566
2024-06-25 16:00:00,0.3945,0.3951,0.3927,0.3934,12795573
2024-06-25 17:00:00,0.3934,0.3968,0.3931,0.3938,10031270
2024-06-25 18:00:00,0.3938,0.3972,0.3931,0.3965,12151311
2024-06-25 19:00:00,0.3965,0.3973,0.3946,0.3947,9436198
2024-06-25 20:00:00,0.3947,0.3953,0.3934,0.3936,7296152
2024-06-25 21:00:00,0.3936,0.3938,0.3922,0.3926,5514825
2024-06-25 22:00:00,0.3926,0.3936,0.3918,0.3922,7416671
2024-06-25 23:00:00,0.3922,0.3925,0.3906,0.3917,9463587
2024-06-26 00:00:00,0.3917,0.3924,0.3909,0.3915,10081341
2024-06-26 01:00:00,0.3916,0.3934,0.3905,0.3928,13218772
2024-06-26 02:00:00,0.3928,0.3952,0.3927,0.393,10114486
2024-06-26 03:00:00,0.393,0.3937,0.3909,0.3918,9307109
2024-06-26 04:00:00,0.3917,0.3926,0.3901,0.3903,12575098
2024-06-26 05:00:00,0.3903,0.3912,0.3885,0.3885,12965917
2024-06-26 06:00:00,0.3886,0.3897,0.388,0.3884,7429283
2024-06-26 07:00:00,0.3885,0.3907,0.3881,0.39,7909806
2024-06-26 08:00:00,0.3901,0.392,0.3886,0.3886,11313571
2024-06-26 09:00:00,0.3887,0.3903,0.3882,0.3901,11747744
2024-06-26 10:00:00,0.39,0.3901,0.387,0.388,20216845
2024-06-26 11:00:00,0.388,0.3893,0.3872,0.3882,7076947
2024-06-26 12:00:00,0.3882,0.3962,0.3879,0.3904,48189817
2024-06-26 13:00:00,0.3904,0.3943,0.3895,0.3937,16131249
2024-06-26 14:00:00,0.3937,0.3943,0.3905,0.3928,20097954
2024-06-26 15:00:00,0.3928,0.3931,0.3869,0.3882,37577911
2024-06-26 16:00:00,0.3882,0.3886,0.3862,0.3871,11755180
2024-06-26 17:00:00,0.3871,0.3873,0.3816,0.3856,29734771
2024-06-26 18:00:00,0.3857,0.3857,0.3832,0.3847,12688727
2024-06-26 19:00:00,0.3846,0.3902,0.384,0.3901,19737046
2024-06-26 20:00:00,0.39,0.3925,0.3877,0.3889,14910926
2024-06-26 21:00:00,0.3888,0.3899,0.3865,0.3876,6266347
2024-06-26 22:00:00,0.3877,0.3878,0.3837,0.3855,11987440
2024-06-26 23:00:00,0.3855,0.3862,0.3843,0.3848,5384468
2024-06-27 00:00:00,0.3848,0.3859,0.3832,0.3847,10067159
2024-06-27 01:00:00,0.3846,0.3849,0.3829,0.384,7613386
2024-06-27 02:00:00,0.384,0.3842,0.3817,0.382,9054261
2024-06-27 03:00:00,0.382,0.3836,0.3807,0.3817,10551701
2024-06-27 04:00:00,0.3817,0.3821,0.3804,0.381,7947211
2024-06-27 05:00:00,0.381,0.3812,0.3774,0.3778,12939497
2024-06-27 06:00:00,0.3777,0.3805,0.3776,0.3792,13448629
2024-06-27 07:00:00,0.3792,0.3796,0.3778,0.3786,9614764
2024-06-27 08:00:00,0.3785,0.3796,0.3776,0.3785,8339070
2024-06-27 09:00:00,0.3785,0.3818,0.378,0.3815,12128846
2024-06-27 10:00:00,0.3814,0.3826,0.3791,0.3793,17329129
2024-06-27 11:00:00,0.3793,0.3813,0.3789,0.38,9580633
2024-06-27 12:00:00,0.3799,0.3853,0.3798,0.3839,33556644
2024-06-27 13:00:00,0.3839,0.394,0.3838,0.3898,60400004
2024-06-27 14:00:00,0.3897,0.393,0.3863,0.387,31842716
2024-06-27 15:00:00,0.387,0.389,0.386,0.3861,15161356
2024-06-27 16:00:00,0.3862,0.3875,0.3845,0.3861,10913071
2024-06-27 17:00:00,0.3862,0.391,0.3861,0.3899,12969442
2024-06-27 18:00:00,0.3899,0.3928,0.3894,0.3917,9729440
2024-06-27 19:00:00,0.3917,0.3922,0.3902,0.3912,7968319
2024-06-27 20:00:00,0.3911,0.3931,0.3905,0.3926,9600976
2024-06-27 21:00:00,0.3925,0.393,0.3917,0.3919,5064246
2024-06-27 22:00:00,0.3919,0.3922,0.3908,0.3917,5417959
2024-06-27 23:00:00,0.3917,0.392,0.3906,0.3913,4528947
2024-06-28 00:00:00,0.3913,0.3921,0.3893,0.3904,11917623
2024-06-28 01:00:00,0.3903,0.396,0.3895,0.3948,16424831
2024-06-28 02:00:00,0.3948,0.3959,0.3915,0.3923,16061966
2024-06-28 03:00:00,0.3922,0.3927,0.3915,0.3917,5931546
2024-06-28 04:00:00,0.3917,0.3918,0.3892,0.3901,7375426
2024-06-28 05:00:00,0.3901,0.3901,0.3875,0.3879,12090988
2024-06-28 06:00:00,0.388,0.3887,0.3873,0.3883,7027674
2024-06-28 07:00:00,0.3883,0.3884,0.3849,0.3866,20353673
2024-06-28 08:00:00,0.3867,0.3871,0.385,0.3858,9444572
2024-06-28 09:00:00,0.3858,0.3881,0.3851,0.388,9714184
2024-06-28 10:00:00,0.3881,0.3906,0.3871,0.3898,13233702
2024-06-28 11:00:00,0.3898,0.3921,0.3892,0.3902,12467286
2024-06-28 12:00:00,0.3901,0.3929,0.389,0.39,25245335
2024-06-28 13:00:00,0.3899,0.3933,0.3863,0.3866,24125497
2024-06-28 14:00:00,0.3867,0.3939,0.3853,0.3938,40299845
2024-06-28 15:00:00,0.3938,0.3946,0.3896,0.3918,30909337
2024-06-28 16:00:00,0.3919,0.3969,0.3904,0.3951,59191819
2024-06-28 17:00:00,0.395,0.3957,0.3894,0.3904,21101048
2024-06-28 18:00:00,0.3904,0.3937,0.39,0.3928,11978899
2024-06-28 19:00:00,0.3928,0.395,0.3911,0.3936,16910202
2024-06-28 20:00:00,0.3936,0.3948,0.3899,0.3899,11799386
2024-06-28 21:00:00,0.39,0.39,0.385,0.3876,16793339
2024-06-28 22:00:00,0.3875,0.3876,0.3852,0.3862,10466929
2024-06-28 23:00:00,0.3862,0.3866,0.3852,0.3856,6983900
2024-06-29 00:00:00,0.3857,0.3885,0.3855,0.3879,15372141
2024-06-29 01:00:00,0.3879,0.3933,0.387,0.3928,12858399
2024-06-29 02:00:00,0.3927,0.3963,0.3923,0.3935,26233763
2024-06-29 03:00:00,0.3935,0.4037,0.3935,0.4004,62497782
2024-06-29 04:00:00,0.4005,0.402,0.396,0.3965,31108413
2024-06-29 05:00:00,0.3964,0.3985,0.3958,0.397,14939088
2024-06-29 06:00:00,0.3969,0.3973,0.3934,0.3936,32385140
2024-06-29 07:00:00,0.3935,0.3959,0.3935,0.3945,13084676
2024-06-29 08:00:00,0.3945,0.3949,0.3933,0.394,9378674
2024-06-29 09:00:00,0.394,0.3957,0.3937,0.3955,7375572
2024-06-29 10:00:00,0.3956,0.3962,0.3944,0.3956,8265746
2024-06-29 11:00:00,0.3956,0.3983,0.3951,0.3978,12321047
2024-06-29 12:00:00,0.3977,0.3979,0.3948,0.3951,10640190
2024-06-29 13:00:00,0.3952,0.3953,0.3937,0.3942,8131975
2024-06-29 14:00:00,0.3942,0.3945,0.3901,0.3905,13952325
2024-06-29 15:00:00,0.3904,0.3913,0.3893,0.3905,9424631
2024-06-29 16:00:00,0.3905,0.3906,0.3882,0.3888,9099788
2024-06-29 17:00:00,0.3887,0.3887,0.3867,0.3868,11046593
2024-06-29 18:00:00,0.3869,0.3881,0.3864,0.3876,9382740
2024-06-29 19:00:00,0.3875,0.388,0.3856,0.3876,7632960
2024-06-29 20:00:00,0.3875,0.3883,0.3863,0.3874,12568503
2024-06-29 21:00:00,0.3874,0.3875,0.3865,0.3866,4308680
2024-06-29 22:00:00,0.3866,0.3867,0.3839,0.3849,14459113
2024-06-29 23:00:00,0.3848,0.3855,0.3829,0.3838,9883578
2024-06-30 00:00:00,0.3838,0.3848,0.3826,0.3835,12014262
2024-06-30 01:00:00,0.3835,0.3838,0.3811,0.3818,12655502
2024-06-30 02:00:00,0.3818,0.3821,0.3782,0.3797,20551146
2024-06-30 03:00:00,0.3798,0.3821,0.3793,0.3812,8780057
2024-06-30 04:00:00,0.3813,0.3813,0.38,0.3806,7277622
2024-06-30 05:00:00,0.3806,0.3816,0.3805,0.3811,5541368
2024-06-30 06:00:00,0.3811,0.3832,0.3803,0.3831,7872665
2024-06-30 07:00:00,0.3831,0.3888,0.383,0.3875,25783497
2024-06-30 08:00:00,0.3874,0.389,0.3862,0.3876,12064999
2024-06-30 09:00:00,0.3876,0.3888,0.3858,0.386,9390041
2024-06-30 10:00:00,0.386,0.3866,0.3842,0.3847,8706307
2024-06-30 11:00:00,0.3847,0.386,0.3845,0.3852,6666259
2024-06-30 12:00:00,0.3851,0.386,0.3832,0.3844,9445951
2024-06-30 13:00:00,0.3844,0.3869,0.3843,0.3864,10274423
2024-06-30 14:00:00,0.3865,0.3873,0.3835,0.3845,11014741
2024-06-30 15:00:00,0.3844,0.3867,0.3842,0.3865,10916700
2024-06-30 16:00:00,0.3866,0.387,0.3839,0.384,8661748
2024-06-30 17:00:00,0.384,0.3868,0.3838,0.3857,10273001
2024-06-30 18:00:00,0.3858,0.3871,0.3839,0.3866,9240003
2024-06-30 19:00:00,0.3867,0.3869,0.3852,0.3865,6248547
2024-06-30 20:00:00,0.3866,0.3896,0.3854,0.3866,18893573
2024-06-30 21:00:00,0.3866,0.387,0.3847,0.3852,5455203
2024-06-30 22:00:00,0.3852,0.3935,0.3852,0.3925,21253148
2024-06-30 23:00:00,0.3925,0.3942,0.3917,0.3923,10429394
2024-07-01 00:00:00,0.3923,0.3942,0.3913,0.3934,9512974
2024-07-01 01:00:00,0.3934,0.3999,0.3926,0.3988,26227964
2024-07-01 02:00:00,0.3987,0.4,0.3978,0.3994,14304229
2024-07-01 03:00:00,0.3994,0.4023,0.3987,0.3994,16793265
2024-07-01 04:00:00,0.3995,0.4008,0.3988,0.3994,11916510
2024-07-01 05:00:00,0.3994,0.3999,0.3973,0.3984,11786663
2024-07-01 06:00:00,0.3984,0.3984,0.3954,0.3965,13885447
2024-07-01 07:00:00,0.3965,0.3989,0.3962,0.398,9897895
2024-07-01 08:00:00,0.398,0.3999,0.3965,0.3998,16995569
2024-07-01 09:00:00,0.3998,0.4026,0.3987,0.4012,18893841
2024-07-01 10:00:00,0.4013,0.4019,0.3996,0.4014,12951093
2024-07-01 11:00:00,0.4014,0.403,0.3984,0.3993,16060410
2024-07-01 12:00:00,0.3992,0.401,0.399,0.4003,9710022
2024-07-01 13:00:00,0.4003,0.4025,0.3987,0.3999,16023096
2024-07-01 14:00:00,0.3998,0.4014,0.3975,0.3999,17040523
2024-07-01 15:00:00,0.4,0.4037,0.3996,0.4034,20904646
2024-07-01 16:00:00,0.4034,0.4059,0.402,0.4046,21047169
2024-07-01 17:00:00,0.4045,0.4074,0.4042,0.407,13906802
2024-07-01 18:00:00,0.407,0.4085,0.4043,0.4051,15227814
2024-07-01 19:00:00,0.4052,0.406,0.4033,0.4044,11192969
2024-07-01 20:00:00,0.4044,0.4063,0.4041,0.4055,7307135
2024-07-01 21:00:00,0.4055,0.4068,0.404,0.405,6898685
2024-07-01 22:00:00,0.4049,0.4057,0.4019,0.4043,13847642
2024-07-01 23:00:00,0.4043,0.4049,0.4017,0.4032,8865120
2024-07-02 00:00:00,0.4032,0.406,0.4025,0.405,13658647
2024-07-02 01:00:00,0.4049,0.4068,0.4043,0.4062,11456084
2024-07-02 02:00:00,0.4062,0.4067,0.4052,0.4059,7640173
2024-07-02 03:00:00,0.406,0.4092,0.4057,0.4077,12911972
2024-07-02 04:00:00,0.4078,0.4091,0.4074,0.408,7131581
2024-07-02 05:00:00,0.4079,0.4085,0.4076,0.4082,5064175
2024-07-02 06:00:00,0.4083,0.4087,0.4055,0.4067,12095976
2024-07-02 07:00:00,0.4067,0.4077,0.4055,0.4068,8131989
2024-07-02 08:00:00,0.4069,0.4103,0.4062,0.4091,17184942
2024-07-02 09:00:00,0.4091,0.4108,0.4088,0.4096,8846636
2024-07-02 10:00:00,0.4097,0.413,0.409,0.4128,19616852
2024-07-02 11:00:00,0.4128,0.4159,0.412,0.4153,20099557
2024-07-02 12:00:00,0.4153,0.4182,0.4146,0.4158,29702793
2024-07-02 13:00:00,0.4158,0.419,0.4144,0.415,28686602
2024-07-02 14:00:00,0.4151,0.4154,0.4114,0.413,31804037
2024-07-02 15:00:00,0.4129,0.4153,0.4125,0.4132,14064469
2024-07-02 16:00:00,0.4132,0.4136,0.4115,0.4128,13249966
2024-07-02 17:00:00,0.4128,0.4135,0.4114,0.4131,7726425
2024-07-02 18:00:00,0.4131,0.419,0.4131,0.4183,16889099
2024-07-02 19:00:00,0.4183,0.4187,0.4164,0.4171,12019584
2024-07-02 20:00:00,0.4171,0.4194,0.4167,0.419,12615509
2024-07-02 21:00:00,0.4189,0.4195,0.4178,0.4179,5577630
2024-07-02 22:00:00,0.4179,0.4196,0.4179,0.4193,7275027
2024-07-02 23:00:00,0.4193,0.4198,0.4174,0.4183,6976860
2024-07-03 00:00:00,0.4183,0.4235,0.4183,0.4228,21635207
2024-07-03 01:00:00,0.4228,0.4228,0.419,0.42,19834134
2024-07-03 02:00:00,0.42,0.4205,0.4177,0.4197,15575695
2024-07-03 03:00:00,0.4198,0.4198,0.4125,0.416,26574497
2024-07-03 04:00:00,0.4159,0.4161,0.4101,0.4116,16859676
2024-07-03 05:00:00,0.4116,0.4153,0.4114,0.4152,13811815
2024-07-03 06:00:00,0.4152,0.417,0.4148,0.4169,10153265
2024-07-03 07:00:00,0.417,0.4182,0.4146,0.415,16814255
2024-07-03 08:00:00,0.4151,0.4154,0.413,0.4139,15548486
2024-07-03 09:00:00,0.414,0.4174,0.4128,0.413,14799202
2024-07-03 10:00:00,0.4129,0.413,0.4033,0.4083,59603337
2024-07-03 11:00:00,0.4083,0.4089,0.4041,0.4078,24102527
2024-07-03 12:00:00,0.4078,0.4079,0.4026,0.4041,27334824
2024-07-03 13:00:00,0.4041,0.4125,0.402,0.4117,29669128
2024-07-03 14:00:00,0.4116,0.4123,0.4062,0.4064,17963159
2024-07-03 15:00:00,0.4063,0.4076,0.4036,0.4065,16311765
2024-07-03 16:00:00,0.4065,0.4106,0.4052,0.4092,17089262
2024-07-03 17:00:00,0.4092,0.4097,0.405,0.4076,12645806
2024-07-03 18:00:00,0.4076,0.4098,0.406,0.4087,22517552
2024-07-03 19:00:00,0.4087,0.4087,0.4016,0.4037,27811661
2024-07-03 20:00:00,0.4037,0.4045,0.4003,0.4009,16946465
2024-07-03 21:00:00,0.401,0.4089,0.4001,0.4079,17750888
2024-07-03 22:00:00,0.408,0.4096,0.4071,0.4078,14907506
2024-07-03 23:00:00,0.4078,0.4078,0.4056,0.4068,10684640
2024-07-04 00:00:00,0.4069,0.4139,0.4064,0.411,18571333
2024-07-04 01:00:00,0.411,0.4123,0.3876,0.3919,102944472
2024-07-04 02:00:00,0.3918,0.3981,0.3849,0.3967,53467358
2024-07-04 03:00:00,0.3966,0.3976,0.3948,0.397,16602677
2024-07-04 04:00:00,0.397,0.3972,0.3937,0.3944,18397631
2024-07-04 05:00:00,0.3945,0.3956,0.3932,0.3954,10443976
2024-07-04 06:00:00,0.3954,0.3954,0.389,0.3925,27125482
2024-07-04 07:00:00,0.3925,0.3953,0.3917,0.3933,28940639
2024-07-04 08:00:00,0.3934,0.3959,0.3882,0.3943,37875605
2024-07-04 09:00:00,0.3944,0.396,0.3892,0.3948,35858845
2024-07-04 10:00:00,0.3948,0.3949,0.3883,0.3926,22705075
2024-07-04 11:00:00,0.3926,0.3936,0.3887,0.3898,15649697
2024-07-04 12:00:00,0.3897,0.39,0.3799,0.3807,37348332
2024-07-04 13:00:00,0.3808,0.3817,0.3734,0.3802,72062693
2024-07-04 14:00:00,0.3803,0.3821,0.3761,0.3816,28613160
2024-07-04 15:00:00,0.3817,0.3874,0.3802,0.3862,24184026
2024-07-04 16:00:00,0.3861,0.3862,0.3793,0.3817,20690560
2024-07-04 17:00:00,0.3818,0.3828,0.3797,0.3806,10862538
2024-07-04 18:00:00,0.3806,0.3806,0.3751,0.3772,21252199
2024-07-04 19:00:00,0.3772,0.3812,0.3769,0.3775,16970226
2024-07-04 20:00:00,0.3774,0.3778,0.3759,0.3776,10032176
2024-07-04 21:00:00,0.3775,0.3802,0.3755,0.3784,11442866
2024-07-04 22:00:00,0.3784,0.3791,0.3719,0.3721,26498130
2024-07-04 23:00:00,0.3721,0.3724,0.3611,0.3621,60412363
2024-07-05 00:00:00,0.362,0.3622,0.343,0.3516,186381818
2024-07-05 01:00:00,0.3517,0.3525,0.3373,0.3484,91868813
2024-07-05 02:00:00,0.3483,0.3484,0.324,0.3285,121114967
2024-07-05 03:00:00,0.3285,0.3344,0.3178,0.3237,209910845
2024-07-05 04:00:00,0.3236,0.334,0.3158,0.3321,105742193
2024-07-05 05:00:00,0.3321,0.3357,0.3311,0.3344,39928735
2024-07-05 06:00:00,0.3344,0.3344,0.3265,0.3277,40635843
2024-07-05 07:00:00,0.3276,0.3317,0.3265,0.3308,28979201
2024-07-05 08:00:00,0.3309,0.3309,0.32,0.3207,46969528
2024-07-05 09:00:00,0.3207,0.3327,0.3198,0.3319,68273960
2024-07-05 10:00:00,0.332,0.3413,0.3314,0.3396,68191139
2024-07-05 11:00:00,0.3396,0.3494,0.3394,0.3486,58060896
2024-07-05 12:00:00,0.3485,0.3499,0.3421,0.3434,77532970
2024-07-05 13:00:00,0.3435,0.3524,0.3425,0.3486,35610435
2024-07-05 14:00:00,0.3486,0.3487,0.3438,0.3454,31290525
2024-07-05 15:00:00,0.3455,0.3539,0.3448,0.3531,42591517
2024-07-05 16:00:00,0.3531,0.3555,0.3483,0.3492,29630192
2024-07-05 17:00:00,0.3493,0.3521,0.3481,0.3516,15049740
2024-07-05 18:00:00,0.3517,0.3547,0.3484,0.3541,25335860
2024-07-05 19:00:00,0.3541,0.3541,0.3499,0.3505,11590495
2024-07-05 20:00:00,0.3504,0.3514,0.3486,0.3507,9453156
2024-07-05 21:00:00,0.3507,0.3513,0.3488,0.3489,12158291
2024-07-05 22:00:00,0.3488,0.3515,0.3471,0.3489,19744860
2024-07-05 23:00:00,0.349,0.3508,0.3485,0.3497,10408555
2024-07-06 00:00:00,0.3497,0.3585,0.3477,0.3521,34777017
2024-07-06 01:00:00,0.3522,0.3524,0.3485,0.3489,15987283
2024-07-06 02:00:00,0.3489,0.3518,0.3462,0.35,15692094
2024-07-06 03:00:00,0.3501,0.3513,0.3489,0.35,10191228
2024-07-06 04:00:00,0.35,0.3512,0.3479,0.3482,10501366
2024-07-06 05:00:00,0.3483,0.3496,0.3475,0.3482,21774786
2024-07-06 06:00:00,0.3482,0.353,0.3475,0.351,23778094
2024-07-06 07:00:00,0.3511,0.3552,0.3507,0.353,16851959
2024-07-06 08:00:00,0.3531,0.3536,0.3501,0.3506,12748309
2024-07-06 09:00:00,0.3507,0.3531,0.3492,0.3528,13004796
2024-07-06 10:00:00,0.3529,0.3568,0.3521,0.3558,19431308
2024-07-06 11:00:00,0.3559,0.3594,0.355,0.3574,31051274
2024-07-06 12:00:00,0.3574,0.358,0.3541,0.356,15618814
2024-07-06 13:00:00,0.356,0.3595,0.3545,0.3577,18986736
2024-07-06 14:00:00,0.3577,0.359,0.3547,0.3574,18217536
2024-07-06 15:00:00,0.3575,0.3619,0.3569,0.3596,21839020
2024-07-06 16:00:00,0.3596,0.3681,0.3584,0.3674,42934235
2024-07-06 17:00:00,0.3675,0.3713,0.3669,0.3691,24928474
2024-07-06 18:00:00,0.3692,0.3718,0.3682,0.3718,19765092
2024-07-06 19:00:00,0.3718,0.3732,0.3713,0.3722,12851175
2024-07-06 20:00:00,0.3722,0.3729,0.3701,0.3706,11550649
2024-07-06 21:00:00,0.3706,0.3727,0.3695,0.3698,10818001
2024-07-06 22:00:00,0.3698,0.3724,0.3696,0.3724,11469469
2024-07-06 23:00:00,0.3723,0.3728,0.3696,0.3706,12920491
2024-07-07 00:00:00,0.3706,0.3707,0.3667,0.367,18930949
2024-07-07 01:00:00,0.367,0.3704,0.3655,0.3673,31943156
2024-07-07 02:00:00,0.3674,0.3706,0.3671,0.3699,9851840
2024-07-07 03:00:00,0.3698,0.3707,0.3672,0.3701,12199035
2024-07-07 04:00:00,0.3701,0.3712,0.3655,0.3659,18759523
2024-07-07 05:00:00,0.366,0.3683,0.3638,0.3672,16765029
2024-07-07 06:00:00,0.3671,0.3689,0.3658,0.3676,10516267
2024-07-07 07:00:00,0.3676,0.3689,0.3628,0.365,23165746
2024-07-07 08:00:00,0.3651,0.3666,0.3637,0.3652,11116173
2024-07-07 09:00:00,0.3652,0.368,0.3638,0.3665,13868579
2024-07-07 10:00:00,0.3666,0.3684,0.3646,0.3655,13059202
2024-07-07 11:00:00,0.3655,0.3665,0.3646,0.3656,8241102
2024-07-07 12:00:00,0.3657,0.3676,0.3624,0.3648,14872655
2024-07-07 13:00:00,0.3648,0.3648,0.3551,0.3561,52980872
2024-07-07 14:00:00,0.3561,0.3567,0.3515,0.3546,31337911
2024-07-07 15:00:00,0.3547,0.3582,0.3543,0.3561,19997549
2024-07-07 16:00:00,0.3561,0.3604,0.3551,0.3595,19252016
2024-07-07 17:00:00,0.3596,0.3613,0.3567,0.3609,12979043
2024-07-07 18:00:00,0.3609,0.3626,0.358,0.3591,11058929
2024-07-07 19:00:00,0.3591,0.3591,0.3557,0.3559,9833428
2024-07-07 20:00:00,0.3559,0.3577,0.3551,0.3561,8692639
2024-07-07 21:00:00,0.3562,0.3562,0.3482,0.3518,29991648
2024-07-07 22:00:00,0.3518,0.3534,0.3477,0.3486,15661628
2024-07-07 23:00:00,0.3486,0.3513,0.3443,0.3465,29739308
2024-07-08 00:00:00,0.3466,0.3476,0.336,0.3373,66277161
2024-07-08 01:00:00,0.3372,0.3378,0.3296,0.3376,78045524
2024-07-08 02:00:00,0.3377,0.3452,0.3352,0.3441,48443693
2024-07-08 03:00:00,0.3441,0.3461,0.3405,0.3436,32218410
2024-07-08 04:00:00,0.3435,0.3503,0.342,0.3501,31002323
2024-07-08 05:00:00,0.35,0.3517,0.3459,0.3476,24174187
2024-07-08 06:00:00,0.3476,0.3532,0.3454,0.3498,39728647
2024-07-08 07:00:00,0.3498,0.3518,0.3479,0.3506,16229858
2024-07-08 08:00:00,0.3506,0.3725,0.3498,0.3706,84761947
2024-07-08 09:00:00,0.3706,0.3777,0.3686,0.3749,75652029
2024-07-08 10:00:00,0.3748,0.3789,0.37,0.3711,37674682
2024-07-08 11:00:00,0.371,0.3791,0.371,0.3767,24267813
2024-07-08 12:00:00,0.3767,0.3799,0.3735,0.378,31596827
2024-07-08 13:00:00,0.378,0.38,0.3737,0.3762,26925317
2024-07-08 14:00:00,0.3762,0.3776,0.3571,0.3674,141133581
2024-07-08 15:00:00,0.3673,0.3714,0.3599,0.3608,40792709
2024-07-08 16:00:00,0.3608,0.3645,0.3582,0.3629,24676009
2024-07-08 17:00:00,0.3628,0.3656,0.3608,0.3643,16634795
2024-07-08 18:00:00,0.3643,0.3667,0.3633,0.3662,11088200
2024-07-08 19:00:00,0.3662,0.3676,0.3641,0.3668,9674774
2024-07-08 20:00:00,0.3669,0.3701,0.3656,0.3673,14943067
2024-07-08 21:00:00,0.3672,0.3703,0.3659,0.3687,10669467
2024-07-08 22:00:00,0.3686,0.3717,0.3676,0.3695,11347127
2024-07-08 23:00:00,0.3695,0.3711,0.368,0.3688,8351092
2024-07-09 00:00:00,0.3689,0.3691,0.3654,0.3669,18125926
2024-07-09 01:00:00,0.3669,0.3721,0.3628,0.3646,35809127
2024-07-09 02:00:00,0.3645,0.3708,0.3623,0.3705,19600419
2024-07-09 03:00:00,0.3704,0.3713,0.3654,0.3698,15671216
2024-07-09 04:00:00,0.3699,0.3724,0.3694,0.3706,14808155
2024-07-09 05:00:00,0.3705,0.3723,0.369,0.372,14072760
2024-07-09 06:00:00,0.372,0.3742,0.3706,0.3723,15488588
2024-07-09 07:00:00,0.3724,0.3734,0.3707,0.3714,11599886
2024-07-09 08:00:00,0.3714,0.3765,0.3705,0.3734,23778967
2024-07-09 09:00:00,0.3734,0.3746,0.3726,0.3727,10144698
2024-07-09 10:00:00,0.3726,0.3737,0.3716,0.3728,14427029
2024-07-09 11:00:00,0.3729,0.3742,0.371,0.3739,9782857
2024-07-09 12:00:00,0.3738,0.3744,0.371,0.3716,10805087
2024-07-09 13:00:00,0.3715,0.3724,0.3683,0.3703,17862175
2024-07-09 14:00:00,0.3704,0.3777,0.3704,0.3707,39943614
2024-07-09 15:00:00,0.3706,0.3742,0.3693,0.374,17248917
2024-07-09 16:00:00,0.374,0.3759,0.3728,0.3756,13136413
2024-07-09 17:00:00,0.3757,0.3767,0.3729,0.3744,9729032
2024-07-09 18:00:00,0.3743,0.3776,0.3731,0.3771,15793954
2024-07-09 19:00:00,0.3771,0.3807,0.3761,0.3805,12606956
2024-07-09 20:00:00,0.3804,0.3807,0.3769,0.3772,8858749
2024-07-09 21:00:00,0.3772,0.3777,0.3761,0.3761,6671903
2024-07-09 22:00:00,0.3761,0.3767,0.3736,0.3743,10669262
2024-07-09 23:00:00,0.3744,0.3762,0.3736,0.3752,6261777
2024-07-10 00:00:00,0.3752,0.3758,0.3715,0.3723,12967259
2024-07-10 01:00:00,0.3723,0.3768,0.3715,0.3762,10410268
2024-07-10 02:00:00,0.3762,0.3782,0.3744,0.3765,10390055
2024-07-10 03:00:00,0.3764,0.3784,0.3761,0.3777,8244325
2024-07-10 04:00:00,0.3776,0.3854,0.3775,0.3854,31353292
2024-07-10 05:00:00,0.3853,0.3858,0.3811,0.3819,13915095
2024-07-10 06:00:00,0.3819,0.3865,0.3814,0.3858,11635376
2024-07-10 07:00:00,0.3858,0.3863,0.3809,0.3823,13993204
2024-07-10 08:00:00,0.3822,0.3853,0.3805,0.3851,16950010
2024-07-10 09:00:00,0.3852,0.3857,0.3819,0.3847,12222335
2024-07-10 10:00:00,0.3847,0.3855,0.383,0.3832,10704012
2024-07-10 11:00:00,0.3831,0.3842,0.3818,0.3822,8117004
2024-07-10 12:00:00,0.3823,0.3845,0.3802,0.3844,18457421
2024-07-10 13:00:00,0.3845,0.3863,0.381,0.3821,21775922
2024-07-10 14:00:00,0.3821,0.3839,0.3807,0.382,13905195
2024-07-10 15:00:00,0.382,0.3863,0.3811,0.3849,15668241
2024-07-10 16:00:00,0.3848,0.3877,0.384,0.3857,15294827
2024-07-10 17:00:00,0.3857,0.3869,0.3838,0.3857,11799834
2024-07-10 18:00:00,0.3857,0.3869,0.3847,0.3848,6876407
2024-07-10 19:00:00,0.3848,0.3861,0.3836,0.3856,5991067
2024-07-10 20:00:00,0.3856,0.3865,0.3834,0.3844,6925442
2024-07-10 21:00:00,0.3845,0.3845,0.3825,0.3828,6834714
2024-07-10 22:00:00,0.3829,0.3854,0.3826,0.3853,6571378
2024-07-10 23:00:00,0.3852,0.3898,0.3847,0.3882,9350325
2024-07-11 00:00:00,0.3882,0.3918,0.3859,0.391,17598466
2024-07-11 01:00:00,0.3911,0.3957,0.3877,0.3934,26669599
2024-07-11 02:00:00,0.3933,0.3943,0.3899,0.3918,13213874
2024-07-11 03:00:00,0.3918,0.3921,0.3842,0.3883,24658088
2024-07-11 04:00:00,0.3882,0.3912,0.3872,0.3904,8688733
2024-07-11 05:00:00,0.3904,0.3928,0.3901,0.3915,9177741
2024-07-11 06:00:00,0.3915,0.3927,0.3912,0.3927,6431712
2024-07-11 07:00:00,0.3926,0.3931,0.392,0.3925,6247349
2024-07-11 08:00:00,0.3926,0.3947,0.3923,0.3928,10636108
2024-07-11 09:00:00,0.3928,0.3943,0.3913,0.393,12148428
2024-07-11 10:00:00,0.393,0.3944,0.3916,0.3932,9849536
2024-07-11 11:00:00,0.3933,0.3969,0.3932,0.3955,14871608
2024-07-11 12:00:00,0.3955,0.4024,0.3928,0.4,58451088
2024-07-11 13:00:00,0.4001,0.4021,0.3968,0.402,21314567
2024-07-11 14:00:00,0.402,0.4049,0.397,0.4014,38666890
2024-07-11 15:00:00,0.4014,0.4027,0.3915,0.3933,35029586
2024-07-11 16:00:00,0.3932,0.3963,0.39,0.3958,20496683
2024-07-11 17:00:00,0.3957,0.3978,0.3948,0.3965,8492948
2024-07-11 18:00:00,0.3964,0.4003,0.3956,0.3999,9563465
2024-07-11 19:00:00,0.3998,0.4003,0.3953,0.3956,10369200
2024-07-11 20:00:00,0.3956,0.3973,0.3933,0.3962,11586809
2024-07-11 21:00:00,0.3962,0.3966,0.3919,0.3934,12120867
2024-07-11 22:00:00,0.3933,0.3953,0.3914,0.3943,12265733
2024-07-11 23:00:00,0.3942,0.396,0.3924,0.3958,8614508
2024-07-12 00:00:00,0.3958,0.4026,0.395,0.3991,19693694
2024-07-12 01:00:00,0.3991,0.4016,0.393,0.4006,28709507
2024-07-12 02:00:00,0.4005,0.4023,0.3994,0.402,12817104
2024-07-12 03:00:00,0.402,0.4029,0.3977,0.3978,13776262
2024-07-12 04:00:00,0.3979,0.3982,0.394,0.3975,14136467
2024-07-12 05:00:00,0.3976,0.4002,0.3964,0.3987,9279637
2024-07-12 06:00:00,0.3986,0.4022,0.3979,0.3988,13985525
2024-07-12 07:00:00,0.3987,0.3998,0.3951,0.3986,17594332
2024-07-12 08:00:00,0.3986,0.401,0.398,0.3999,17042594
2024-07-12 09:00:00,0.3999,0.4022,0.3987,0.3995,19949677
2024-07-12 10:00:00,0.3995,0.4018,0.3981,0.4002,18954188
2024-07-12 11:00:00,0.4001,0.4004,0.397,0.3982,10965477
2024-07-12 12:00:00,0.3982,0.4038,0.3973,0.4034,32293666
2024-07-12 13:00:00,0.4035,0.4102,0.4031,0.4096,46772156
2024-07-12 14:00:00,0.4097,0.4104,0.4065,0.4074,20606742
2024-07-12 15:00:00,0.4074,0.411,0.4047,0.4089,19812103
2024-07-12 16:00:00,0.4088,0.4123,0.4079,0.4111,18150636
2024-07-12 17:00:00,0.4111,0.4149,0.4111,0.4138,22383369
2024-07-12 18:00:00,0.4139,0.4179,0.4127,0.4171,18866073
2024-07-12 19:00:00,0.4171,0.4174,0.4137,0.4153,17851953
2024-07-12 20:00:00,0.4153,0.4159,0.4096,0.4117,23030872
2024-07-12 21:00:00,0.4118,0.4125,0.4098,0.4109,9750722
2024-07-12 22:00:00,0.4109,0.4141,0.4108,0.4134,8635941
2024-07-12 23:00:00,0.4134,0.4169,0.4104,0.4163,13812097
2024-07-13 00:00:00,0.4162,0.4176,0.4137,0.4138,12792378
2024-07-13 01:00:00,0.4138,0.4161,0.4118,0.4135,11651970
2024-07-13 02:00:00,0.4134,0.4141,0.4117,0.4137,7984534
2024-07-13 03:00:00,0.4137,0.4137,0.4115,0.4119,9807805
2024-07-13 04:00:00,0.4119,0.4134,0.4112,0.4124,9171444
2024-07-13 05:00:00,0.4123,0.4195,0.412,0.4179,21882417
2024-07-13 06:00:00,0.418,0.4217,0.4157,0.4211,17916675
2024-07-13 07:00:00,0.421,0.4261,0.4193,0.4243,31838694
2024-07-13 08:00:00,0.4242,0.4253,0.4204,0.4207,19075663
2024-07-13 09:00:00,0.4207,0.4239,0.4201,0.4223,21488296
2024-07-13 10:00:00,0.4223,0.4235,0.419,0.4203,17979889
2024-07-13 11:00:00,0.4204,0.421,0.4193,0.4198,9804069
2024-07-13 12:00:00,0.4197,0.4224,0.4191,0.4209,13569598
2024-07-13 13:00:00,0.421,0.4227,0.4205,0.4224,10014786
2024-07-13 14:00:00,0.4225,0.4262,0.4216,0.4254,24235714
2024-07-13 15:00:00,0.4254,0.4376,0.4243,0.4336,58218076
2024-07-13 16:00:00,0.4337,0.4375,0.4309,0.4318,31821765
2024-07-13 17:00:00,0.4318,0.4358,0.4314,0.4357,16173561
2024-07-13 18:00:00,0.4357,0.4399,0.4348,0.4391,53485731
2024-07-13 19:00:00,0.439,0.4464,0.437,0.4452,34026403
2024-07-13 20:00:00,0.4453,0.4454,0.4362,0.4364,28867556
2024-07-13 21:00:00,0.4363,0.4392,0.4355,0.4379,11872453
2024-07-13 22:00:00,0.4378,0.4406,0.437,0.4379,27118018
2024-07-13 23:00:00,0.4379,0.4424,0.4367,0.4414,33508288
2024-07-14 00:00:00,0.4414,0.4449,0.4372,0.4385,29711158
2024-07-14 01:00:00,0.4386,0.4403,0.4361,0.4362,15216784
2024-07-14 02:00:00,0.4361,0.4364,0.4287,0.4291,36958429
2024-07-14 03:00:00,0.4291,0.4313,0.4277,0.4284,17160117
2024-07-14 04:00:00,0.4284,0.4316,0.4277,0.43,15195521
2024-07-14 05:00:00,0.4299,0.4322,0.428,0.4291,13568422
2024-07-14 06:00:00,0.4291,0.4314,0.4277,0.4304,13667048
2024-07-14 07:00:00,0.4305,0.4313,0.4294,0.4305,9705746
2024-07-14 08:00:00,0.4305,0.4359,0.4293,0.4354,20347766
2024-07-14 09:00:00,0.4354,0.4381,0.4337,0.4342,26914824
2024-07-14 10:00:00,0.4342,0.435,0.4309,0.4315,16783300
2024-07-14 11:00:00,0.4314,0.4343,0.4291,0.4297,48625153
2024-07-14 12:00:00,0.4296,0.4297,0.4245,0.4258,35142456
2024-07-14 13:00:00,0.4257,0.4275,0.4253,0.4271,9360818
2024-07-14 14:00:00,0.4271,0.431,0.4266,0.4293,12316365
2024-07-14 15:00:00,0.4293,0.4307,0.4269,0.43,8717437
2024-07-14 16:00:00,0.4301,0.431,0.4288,0.4298,5469027
2024-07-14 17:00:00,0.4299,0.4328,0.4296,0.43,15455784
2024-07-14 18:00:00,0.43,0.4327,0.4293,0.4315,8865841
2024-07-14 19:00:00,0.4315,0.4333,0.4305,0.4332,4726054
2024-07-14 20:00:00,0.4332,0.4347,0.4325,0.4331,9802876
2024-07-14 21:00:00,0.4331,0.4388,0.4327,0.4376,18763934
2024-07-14 22:00:00,0.4376,0.4383,0.431,0.4328,23645861
2024-07-14 23:00:00,0.4328,0.434,0.431,0.4316,14979771
2024-07-15 00:00:00,0.4315,0.4363,0.4309,0.435,20524404
2024-07-15 01:00:00,0.4349,0.4375,0.4343,0.4352,19095249
2024-07-15 02:00:00,0.4353,0.4395,0.4349,0.4381,24705601
2024-07-15 03:00:00,0.4382,0.4388,0.434,0.4344,22572776
2024-07-15 04:00:00,0.4343,0.4351,0.4328,0.4337,11478994
2024-07-15 05:00:00,0.4336,0.4375,0.4332,0.437,14361791
2024-07-15 06:00:00,0.4371,0.4411,0.4362,0.4408,39156847
2024-07-15 07:00:00,0.4409,0.4417,0.4372,0.4377,31204884
2024-07-15 08:00:00,0.4377,0.4395,0.4354,0.437,22080698
2024-07-15 09:00:00,0.437,0.438,0.4348,0.4352,17259283
2024-07-15 10:00:00,0.4352,0.4362,0.4316,0.4332,16119465
2024-07-15 11:00:00,0.4332,0.434,0.431,0.4315,20229834
2024-07-15 12:00:00,0.4314,0.4422,0.4308,0.4384,73844046
2024-07-15 13:00:00,0.4384,0.4409,0.4376,0.438,27843821
2024-07-15 14:00:00,0.438,0.4424,0.4368,0.4419,19471596
2024-07-15 15:00:00,0.442,0.4433,0.4336,0.4348,50498218
2024-07-15 16:00:00,0.4348,0.4381,0.4332,0.4358,24721885
2024-07-15 17:00:00,0.4359,0.4384,0.4337,0.4341,21623309
2024-07-15 18:00:00,0.4342,0.4377,0.4333,0.4375,15205699
2024-07-15 19:00:00,0.4374,0.4378,0.4334,0.4351,28509338
2024-07-15 20:00:00,0.435,0.4383,0.4346,0.4368,12512010
2024-07-15 21:00:00,0.4369,0.4384,0.4358,0.4367,9984639
2024-07-15 22:00:00,0.4368,0.4443,0.4364,0.4418,33891048
2024-07-15 23:00:00,0.4417,0.4456,0.4399,0.4447,21655649
2024-07-16 00:00:00,0.4448,0.4463,0.4387,0.4428,39495296
2024-07-16 01:00:00,0.4428,0.4489,0.4418,0.4482,28501210
2024-07-16 02:00:00,0.4482,0.45,0.4464,0.4474,19429893
2024-07-16 03:00:00,0.4473,0.4523,0.4456,0.4513,24999990
2024-07-16 04:00:00,0.4514,0.4521,0.4433,0.4434,22475333
2024-07-16 05:00:00,0.4434,0.4453,0.4354,0.4375,42032492
2024-07-16 06:00:00,0.4376,0.4398,0.4283,0.4303,39152096
2024-07-16 07:00:00,0.4303,0.4346,0.4291,0.4306,31189077
2024-07-16 08:00:00,0.4306,0.4331,0.4262,0.4304,36907217
2024-07-16 09:00:00,0.4304,0.4324,0.4289,0.4309,15022860
2024-07-16 10:00:00,0.4308,0.4343,0.4294,0.4316,17478979
2024-07-16 11:00:00,0.4316,0.4325,0.4289,0.4318,17722300
2024-07-16 12:00:00,0.4318,0.434,0.4294,0.431,16902649
2024-07-16 13:00:00,0.431,0.4393,0.4303,0.4338,48522124
2024-07-16 14:00:00,0.4337,0.444,0.4322,0.4436,37817631
2024-07-16 15:00:00,0.4436,0.4479,0.4428,0.447,36248896
2024-07-16 16:00:00,0.447,0.4478,0.4421,0.4473,40512396
2024-07-16 17:00:00,0.4473,0.4475,0.4444,0.4449,13097895
2024-07-16 18:00:00,0.4449,0.4451,0.4388,0.4395,19483613
2024-07-16 19:00:00,0.4396,0.4428,0.4384,0.4407,12273728
2024-07-16 20:00:00,0.4407,0.4414,0.4387,0.4391,7837901
2024-07-16 21:00:00,0.4392,0.4415,0.4372,0.4372,10968031
2024-07-16 22:00:00,0.4373,0.4381,0.4338,0.4358,20389194
2024-07-16 23:00:00,0.4358,0.4386,0.4358,0.4379,11268175
2024-07-17 00:00:00,0.4378,0.4431,0.4371,0.4428,11319784
2024-07-17 01:00:00,0.4427,0.4476,0.4426,0.4454,20623863
2024-07-17 02:00:00,0.4455,0.4459,0.4435,0.4439,10437878
2024-07-17 03:00:00,0.4438,0.4444,0.4402,0.4414,13064572
2024-07-17 04:00:00,0.4414,0.4494,0.4412,0.4487,19949437
2024-07-17 05:00:00,0.4488,0.4492,0.4454,0.4456,15404434
2024-07-17 06:00:00,0.4456,0.449,0.4445,0.447,14973954
2024-07-17 07:00:00,0.4471,0.4503,0.4466,0.4481,17495320
2024-07-17 08:00:00,0.4481,0.4484,0.4402,0.4447,27210407
2024-07-17 09:00:00,0.4447,0.4489,0.4436,0.4475,16844271
2024-07-17 10:00:00,0.4476,0.4497,0.4461,0.4471,14006430
2024-07-17 11:00:00,0.4471,0.4471,0.4429,0.4449,18118853
2024-07-17 12:00:00,0.445,0.4487,0.4438,0.4483,12830897
2024-07-17 13:00:00,0.4484,0.4564,0.4457,0.4544,40607111
2024-07-17 14:00:00,0.4543,0.4558,0.4481,0.4495,31243813
2024-07-17 15:00:00,0.4494,0.4532,0.4461,0.4463,19943230
2024-07-17 16:00:00,0.4463,0.4467,0.4377,0.441,40338611
2024-07-17 17:00:00,0.441,0.4414,0.4371,0.4393,13882796
2024-07-17 18:00:00,0.4393,0.4425,0.4389,0.441,10033553
2024-07-17 19:00:00,0.441,0.4436,0.4409,0.4421,10727103
2024-07-17 20:00:00,0.4421,0.4435,0.4408,0.4422,8450160
2024-07-17 21:00:00,0.4422,0.4423,0.4376,0.4406,15309431
2024-07-17 22:00:00,0.4407,0.441,0.4382,0.4389,11813740
2024-07-17 23:00:00,0.439,0.4392,0.435,0.4357,14971031
2024-07-18 00:00:00,0.4357,0.4426,0.4356,0.4416,14698965
2024-07-18 01:00:00,0.4417,0.4427,0.4401,0.4419,12017577
2024-07-18 02:00:00,0.4419,0.4433,0.4371,0.4398,16481583
2024-07-18 03:00:00,0.4397,0.4412,0.4387,0.4411,7845683
2024-07-18 04:00:00,0.4412,0.4413,0.4376,0.4379,6575647
2024-07-18 05:00:00,0.4378,0.4396,0.4343,0.4384,21967444
2024-07-18 06:00:00,0.4384,0.4495,0.4377,0.4475,40962480
2024-07-18 07:00:00,0.4475,0.4485,0.4414,0.4418,17828908
2024-07-18 08:00:00,0.4418,0.4427,0.4384,0.4416,23349342
2024-07-18 09:00:00,0.4415,0.4416,0.4382,0.4385,9815641
2024-07-18 10:00:00,0.4384,0.439,0.4354,0.4389,13634615
2024-07-18 11:00:00,0.4389,0.4406,0.4377,0.4398,12412825
2024-07-18 12:00:00,0.4398,0.442,0.4395,0.4406,11202595
2024-07-18 13:00:00,0.4406,0.4423,0.435,0.4362,22920050
2024-07-18 14:00:00,0.4363,0.4373,0.429,0.4316,34710073
2024-07-18 15:00:00,0.4315,0.4316,0.4243,0.4255,37376398
2024-07-18 16:00:00,0.4254,0.428,0.4206,0.428,33371145
2024-07-18 17:00:00,0.428,0.4287,0.4242,0.4246,14093111
2024-07-18 18:00:00,0.4247,0.4255,0.4221,0.4224,14667758
2024-07-18 19:00:00,0.4225,0.4235,0.4198,0.4216,17226802
2024-07-18 20:00:00,0.4216,0.4227,0.4197,0.4225,9851825
2024-07-18 21:00:00,0.4225,0.4228,0.4207,0.4224,7112354
2024-07-18 22:00:00,0.4225,0.4261,0.4219,0.4251,14508445
2024-07-18 23:00:00,0.4251,0.4262,0.4229,0.4231,7718459
2024-07-19 00:00:00,0.4232,0.424,0.4191,0.4202,16768698
2024-07-19 01:00:00,0.4203,0.4234,0.4141,0.4228,30720530
2024-07-19 02:00:00,0.4229,0.4239,0.419,0.4204,11596679
2024-07-19 03:00:00,0.4203,0.4265,0.4201,0.426,12169293
2024-07-19 04:00:00,0.426,0.4284,0.4233,0.4235,13248126
2024-07-19 05:00:00,0.4234,0.4248,0.4225,0.4241,8354912
2024-07-19 06:00:00,0.4242,0.4288,0.424,0.4255,15319835
2024-07-19 07:00:00,0.4255,0.426,0.4198,0.4215,22867527
2024-07-19 08:00:00,0.4214,0.4227,0.4183,0.4211,20493075
2024-07-19 09:00:00,0.4211,0.4233,0.4165,0.4166,17536565
2024-07-19 10:00:00,0.4165,0.4207,0.4157,0.4194,12553211
2024-07-19 11:00:00,0.4194,0.4213,0.4189,0.4207,7137746
2024-07-19 12:00:00,0.4207,0.422,0.4188,0.4213,11705118
2024-07-19 13:00:00,0.4214,0.4263,0.4185,0.4256,20299073
2024-07-19 14:00:00,0.4257,0.4316,0.425,0.4293,31807854
2024-07-19 15:00:00,0.4294,0.4321,0.4271,0.4313,20464342
2024-07-19 16:00:00,0.4312,0.4374,0.4311,0.436,30095439
2024-07-19 17:00:00,0.4359,0.4373,0.4345,0.4364,13500581
2024-07-19 18:00:00,0.4364,0.4374,0.4344,0.4357,9504067
2024-07-19 19:00:00,0.4356,0.4407,0.4355,0.4402,22365528
2024-07-19 20:00:00,0.4402,0.4405,0.4379,0.4387,11751279
2024-07-19 21:00:00,0.4387,0.4427,0.4383,0.4388,12027919
2024-07-19 22:00:00,0.4388,0.44,0.4367,0.4377,8358707
2024-07-19 23:00:00,0.4377,0.4393,0.4372,0.4388,4162784
2024-07-20 00:00:00,0.4388,0.4391,0.4343,0.4353,14293497
2024-07-20 01:00:00,0.4353,0.4368,0.4342,0.435,9231637
2024-07-20 02:00:00,0.435,0.4363,0.4343,0.4349,7239046
2024-07-20 03:00:00,0.4348,0.4392,0.4346,0.4385,7366499
2024-07-20 04:00:00,0.4385,0.4411,0.4378,0.4401,8437578
2024-07-20 05:00:00,0.44,0.4401,0.4372,0.4387,5458219
2024-07-20 06:00:00,0.4387,0.441,0.4382,0.4409,7654516
2024-07-20 07:00:00,0.4409,0.4418,0.4386,0.4389,8465423
2024-07-20 08:00:00,0.4389,0.4408,0.4367,0.4371,7362933
2024-07-20 09:00:00,0.4371,0.4387,0.4354,0.4366,9202565
2024-07-20 10:00:00,0.4367,0.4373,0.435,0.4361,6686548
2024-07-20 11:00:00,0.4362,0.4362,0.4316,0.432,14927018
2024-07-20 12:00:00,0.4321,0.4331,0.431,0.4318,9137303
2024-07-20 13:00:00,0.4319,0.4324,0.4271,0.4296,26975099
2024-07-20 14:00:00,0.4296,0.433,0.4285,0.4315,12126553
2024-07-20 15:00:00,0.4315,0.4339,0.4313,0.4338,9505231
2024-07-20 16:00:00,0.4339,0.4368,0.4317,0.4323,17348472
2024-07-20 17:00:00,0.4324,0.4398,0.4316,0.4378,26001459
2024-07-20 18:00:00,0.4378,0.4382,0.4343,0.4356,11160519
2024-07-20 19:00:00,0.4356,0.4377,0.4345,0.435,9568708
2024-07-20 20:00:00,0.435,0.4378,0.4348,0.4372,5618683
2024-07-20 21:00:00,0.4372,0.4373,0.4338,0.4372,10647356
2024-07-20 22:00:00,0.4372,0.4385,0.435,0.436,6902341
2024-07-20 23:00:00,0.436,0.4377,0.4356,0.437,5735848
2024-07-21 00:00:00,0.437,0.4384,0.4344,0.4348,9881453
2024-07-21 01:00:00,0.4348,0.439,0.4336,0.4372,9798163
2024-07-21 02:00:00,0.4373,0.4385,0.4363,0.4368,5795632
2024-07-21 03:00:00,0.4369,0.4385,0.436,0.4362,5077050
2024-07-21 04:00:00,0.4361,0.4365,0.4336,0.4337,7466435
2024-07-21 05:00:00,0.4337,0.4342,0.4316,0.4334,10478990
2024-07-21 06:00:00,0.4334,0.434,0.4298,0.43,10914234
2024-07-21 07:00:00,0.43,0.4307,0.428,0.4299,10321118
2024-07-21 08:00:00,0.4299,0.4318,0.4297,0.4307,6610539
2024-07-21 09:00:00,0.4307,0.4333,0.4301,0.4323,8700148
2024-07-21 10:00:00,0.4324,0.433,0.4308,0.4309,5900682
2024-07-21 11:00:00,0.431,0.4317,0.429,0.4303,7511153
2024-07-21 12:00:00,0.4304,0.4317,0.429,0.4303,6536146
2024-07-21 13:00:00,0.4304,0.4315,0.4276,0.4284,12168655
2024-07-21 14:00:00,0.4284,0.4329,0.4254,0.4322,20448416
2024-07-21 15:00:00,0.4323,0.4334,0.4291,0.43,13825149
2024-07-21 16:00:00,0.4299,0.4332,0.4286,0.4332,15698567
2024-07-21 17:00:00,0.4332,0.4344,0.4238,0.4267,30799160
2024-07-21 18:00:00,0.4266,0.4285,0.4162,0.4217,80092738
2024-07-21 19:00:00,0.4218,0.4275,0.4203,0.4272,21760055
2024-07-21 20:00:00,0.4272,0.4363,0.4264,0.4338,28600929
2024-07-21 21:00:00,0.4339,0.4393,0.4326,0.4389,15059755
2024-07-21 22:00:00,0.4389,0.4443,0.4389,0.4442,21489545
2024-07-21 23:00:00,0.4442,0.4485,0.4441,0.4467,24574184
2024-07-22 00:00:00,0.4466,0.4502,0.4454,0.4457,23814215
2024-07-22 01:00:00,0.4458,0.4462,0.4402,0.4402,20948522
2024-07-22 02:00:00,0.4402,0.4428,0.4382,0.4418,13102691
2024-07-22 03:00:00,0.4418,0.442,0.4381,0.4385,9941898
2024-07-22 04:00:00,0.4386,0.4404,0.4369,0.4372,10367671
2024-07-22 05:00:00,0.4371,0.4376,0.4303,0.4324,19619177
2024-07-22 06:00:00,0.4325,0.4347,0.4287,0.4319,17556724
2024-07-22 07:00:00,0.4319,0.4354,0.4297,0.4338,15532574
2024-07-22 08:00:00,0.4339,0.4376,0.4311,0.4321,16935504
2024-07-22 09:00:00,0.432,0.4363,0.431,0.4359,14595419
2024-07-22 10:00:00,0.4358,0.4375,0.4347,0.4363,13774213
2024-07-22 11:00:00,0.4363,0.4387,0.4354,0.4375,11358270
2024-07-22 12:00:00,0.4374,0.4386,0.435,0.4369,15541153
2024-07-22 13:00:00,0.437,0.4389,0.4307,0.4315,27789934
2024-07-22 14:00:00,0.4315,0.4329,0.4281,0.43,28543561
2024-07-22 15:00:00,0.43,0.4315,0.4286,0.4296,15880910
2024-07-22 16:00:00,0.4295,0.4313,0.4279,0.4289,11133353
2024-07-22 17:00:00,0.429,0.4308,0.428,0.4306,7734847
2024-07-22 18:00:00,0.4307,0.432,0.4282,0.429,10744307
2024-07-22 19:00:00,0.4291,0.433,0.4282,0.4329,13530517
2024-07-22 20:00:00,0.4329,0.4333,0.43,0.4313,9451840
2024-07-22 21:00:00,0.4314,0.4314,0.4255,0.4292,16616372
2024-07-22 22:00:00,0.4292,0.4293,0.4248,0.4264,18713283
2024-07-22 23:00:00,0.4265,0.4275,0.4232,0.4258,17935177
2024-07-23 00:00:00,0.4259,0.4284,0.4243,0.4274,10024380
2024-07-23 01:00:00,0.4275,0.4294,0.426,0.4278,12466570
2024-07-23 02:00:00,0.4278,0.4293,0.4258,0.4278,11170578
2024-07-23 03:00:00,0.4278,0.4282,0.4256,0.4259,5140076
2024-07-23 04:00:00,0.4259,0.4275,0.4218,0.4225,13710949
2024-07-23 05:00:00,0.4224,0.4233,0.4176,0.4193,24207395
2024-07-23 06:00:00,0.4192,0.421,0.4172,0.4198,13461728
2024-07-23 07:00:00,0.4198,0.4204,0.4177,0.4194,10375463
2024-07-23 08:00:00,0.4194,0.4256,0.4185,0.4254,21043718
2024-07-23 09:00:00,0.4254,0.427,0.4232,0.4249,12467589
2024-07-23 10:00:00,0.4249,0.4272,0.4235,0.425,13816405
2024-07-23 11:00:00,0.4251,0.426,0.4215,0.4252,15500237
2024-07-23 12:00:00,0.4251,0.4252,0.4195,0.4212,13560667
2024-07-23 13:00:00,0.4211,0.4222,0.4145,0.4163,36470265
2024-07-23 14:00:00,0.4164,0.423,0.4151,0.4213,24219398
2024-07-23 15:00:00,0.4212,0.4213,0.4148,0.4156,30233823
2024-07-23 16:00:00,0.4155,0.4156,0.4036,0.4039,49662033
2024-07-23 17:00:00,0.4039,0.4093,0.4024,0.409,37343290
2024-07-23 18:00:00,0.4091,0.4108,0.4076,0.4082,12563741
2024-07-23 19:00:00,0.4082,0.4124,0.4077,0.4092,14794226
2024-07-23 20:00:00,0.4091,0.4117,0.4086,0.4103,10082158
2024-07-23 21:00:00,0.4102,0.4118,0.4089,0.409,8084664
2024-07-23 22:00:00,0.4089,0.411,0.4078,0.4103,12473749
2024-07-23 23:00:00,0.4104,0.4108,0.4087,0.4097,9922098
2024-07-24 00:00:00,0.4097,0.4106,0.4056,0.4059,12872736
2024-07-24 01:00:00,0.4059,0.4105,0.4059,0.4073,15918002
2024-07-24 02:00:00,0.4073,0.4094,0.406,0.4091,10573088
2024-07-24 03:00:00,0.4092,0.4109,0.408,0.4105,7672209
2024-07-24 04:00:00,0.4105,0.4107,0.4079,0.4091,6829473
2024-07-24 05:00:00,0.4091,0.4094,0.4065,0.4078,6822447
2024-07-24 06:00:00,0.4079,0.412,0.407,0.4109,11081125
2024-07-24 07:00:00,0.4109,0.4198,0.4095,0.4191,36889293
2024-07-24 08:00:00,0.4191,0.4213,0.4156,0.4175,26442652
2024-07-24 09:00:00,0.4176,0.4186,0.416,0.4185,8794536
2024-07-24 10:00:00,0.4186,0.419,0.4157,0.4184,11913535
2024-07-24 11:00:00,0.4185,0.4193,0.4172,0.4189,9695287
2024-07-24 12:00:00,0.419,0.4199,0.4164,0.4166,11374189
2024-07-24 13:00:00,0.4166,0.4204,0.4159,0.4161,11778048
2024-07-24 14:00:00,0.4161,0.4197,0.4155,0.4175,12892446
2024-07-24 15:00:00,0.4175,0.4183,0.4117,0.412,20370727
2024-07-24 16:00:00,0.412,0.4141,0.4091,0.4133,17352723
2024-07-24 17:00:00,0.4133,0.4154,0.4128,0.4138,7692756
2024-07-24 18:00:00,0.4138,0.4141,0.4076,0.4081,11916095
2024-07-24 19:00:00,0.4081,0.4138,0.407,0.4108,24632822
2024-07-24 20:00:00,0.4109,0.4143,0.4105,0.4143,7362048
2024-07-24 21:00:00,0.4143,0.4146,0.405,0.4133,28763040
2024-07-24 22:00:00,0.4134,0.4138,0.4051,0.4057,33266281
2024-07-24 23:00:00,0.4058,0.4075,0.4035,0.406,15963676
2024-07-25 00:00:00,0.4059,0.4083,0.4051,0.4061,13119952
2024-07-25 01:00:00,0.4061,0.4061,0.3902,0.3966,110643602
2024-07-25 02:00:00,0.3966,0.3966,0.3911,0.3951,26955253
2024-07-25 03:00:00,0.3951,0.3953,0.3924,0.3941,13342746
2024-07-25 04:00:00,0.3941,0.3983,0.392,0.3966,16238529
2024-07-25 05:00:00,0.3967,0.3978,0.3941,0.3947,11656645
2024-07-25 06:00:00,0.3947,0.3976,0.3935,0.3963,10419276
2024-07-25 07:00:00,0.3964,0.3972,0.3949,0.3962,10020153
2024-07-25 08:00:00,0.3962,0.3971,0.3947,0.3963,13979973
2024-07-25 09:00:00,0.3962,0.3978,0.3953,0.3974,12131555
2024-07-25 10:00:00,0.3975,0.3975,0.3927,0.3948,13627913
2024-07-25 11:00:00,0.3948,0.3958,0.3942,0.3948,8181643
2024-07-25 12:00:00,0.3949,0.3968,0.3916,0.3926,19359583
2024-07-25 13:00:00,0.3926,0.3938,0.389,0.3917,22132876
2024-07-25 14:00:00,0.3918,0.3956,0.3869,0.395,30021808
2024-07-25 15:00:00,0.395,0.3963,0.3916,0.3928,16995739
2024-07-25 16:00:00,0.3929,0.3962,0.3903,0.3944,13701017
2024-07-25 17:00:00,0.3945,0.396,0.3932,0.3942,8543421
2024-07-25 18:00:00,0.3943,0.3943,0.3844,0.3866,20673568
2024-07-25 19:00:00,0.3866,0.3895,0.3831,0.387,22294961
2024-07-25 20:00:00,0.387,0.3894,0.3812,0.3893,29345882
2024-07-25 21:00:00,0.3894,0.3933,0.3891,0.3926,17220964
2024-07-25 22:00:00,0.3927,0.3945,0.3914,0.392,11499264
2024-07-25 23:00:00,0.392,0.3948,0.3918,0.3946,10658545
2024-07-26 00:00:00,0.3946,0.3978,0.3941,0.3973,13630540
2024-07-26 01:00:00,0.3973,0.4001,0.3967,0.3987,18122333
2024-07-26 02:00:00,0.3987,0.4064,0.3985,0.4055,19361768
2024-07-26 03:00:00,0.4056,0.4089,0.4049,0.4062,18996762
2024-07-26 04:00:00,0.4061,0.4082,0.4056,0.4077,9413271
2024-07-26 05:00:00,0.4078,0.4093,0.4071,0.4083,7095923
2024-07-26 06:00:00,0.4084,0.4175,0.408,0.416,26277113
2024-07-26 07:00:00,0.4159,0.4168,0.412,0.4125,17830516
2024-07-26 08:00:00,0.4124,0.414,0.4121,0.4125,9044662
2024-07-26 09:00:00,0.4126,0.4153,0.4117,0.4135,10076790
2024-07-26 10:00:00,0.4134,0.4146,0.4109,0.4121,9637355
2024-07-26 11:00:00,0.4121,0.4129,0.411,0.4119,8557111
2024-07-26 12:00:00,0.4119,0.4137,0.4107,0.4117,9488908
2024-07-26 13:00:00,0.4117,0.4159,0.4092,0.4148,15608759
2024-07-26 14:00:00,0.4148,0.4156,0.4099,0.413,19281848
2024-07-26 15:00:00,0.413,0.4155,0.4128,0.4146,10236190
2024-07-26 16:00:00,0.4146,0.4155,0.4137,0.4144,7283760
2024-07-26 17:00:00,0.4144,0.4152,0.4135,0.4146,6439332
2024-07-26 18:00:00,0.4145,0.4158,0.4144,0.4157,5678445
2024-07-26 19:00:00,0.4157,0.4196,0.4156,0.4179,14207474
2024-07-26 20:00:00,0.4179,0.4182,0.4145,0.4154,8242560
2024-07-26 21:00:00,0.4154,0.4174,0.415,0.4162,4892967
2024-07-26 22:00:00,0.4161,0.4184,0.4158,0.4177,5342791
2024-07-26 23:00:00,0.4176,0.4186,0.417,0.417,4845157
2024-07-27 00:00:00,0.4171,0.4172,0.415,0.416,7655225
2024-07-27 01:00:00,0.4161,0.4161,0.4134,0.4138,7178671
2024-07-27 02:00:00,0.4138,0.4164,0.413,0.4161,6082635
2024-07-27 03:00:00,0.4161,0.4166,0.4144,0.4151,5800048
2024-07-27 04:00:00,0.4151,0.4156,0.4145,0.415,2809991
2024-07-27 05:00:00,0.415,0.4174,0.4147,0.4149,4803846
2024-07-27 06:00:00,0.415,0.4172,0.4147,0.4171,4962620
2024-07-27 07:00:00,0.417,0.4184,0.416,0.4164,6125460
2024-07-27 08:00:00,0.4165,0.4178,0.416,0.417,6316273
2024-07-27 09:00:00,0.417,0.4183,0.4162,0.4174,5087762
2024-07-27 10:00:00,0.4175,0.4176,0.4163,0.4169,4175404
2024-07-27 11:00:00,0.4169,0.4183,0.4154,0.4182,5608400
2024-07-27 12:00:00,0.4181,0.421,0.4179,0.4197,12358684
2024-07-27 13:00:00,0.4197,0.4266,0.4196,0.4244,22716914
2024-07-27 14:00:00,0.4245,0.4258,0.4225,0.4241,14760776
2024-07-27 15:00:00,0.4242,0.4246,0.4199,0.4226,18630680
2024-07-27 16:00:00,0.4226,0.4291,0.4222,0.4268,21124527
2024-07-27 17:00:00,0.4268,0.4268,0.4224,0.423,18538081
2024-07-27 18:00:00,0.4231,0.4262,0.4204,0.4215,17221367
2024-07-27 19:00:00,0.4215,0.4232,0.4181,0.4227,23885539
2024-07-27 20:00:00,0.4228,0.4229,0.4124,0.4174,65629192
2024-07-27 21:00:00,0.4174,0.4245,0.4161,0.4221,31797256
2024-07-27 22:00:00,0.4221,0.4225,0.4183,0.4202,29516961
2024-07-27 23:00:00,0.4203,0.4205,0.4169,0.4173,10984776
2024-07-28 00:00:00,0.4173,0.4192,0.4132,0.4174,18782323
2024-07-28 01:00:00,0.4175,0.4205,0.4172,0.4189,8938713
2024-07-28 02:00:00,0.419,0.4194,0.4169,0.4179,4628745
2024-07-28 03:00:00,0.4179,0.418,0.4145,0.4145,6404085
2024-07-28 04:00:00,0.4145,0.4153,0.4105,0.4111,11375799
2024-07-28 05:00:00,0.4111,0.4132,0.4085,0.412,18119709
2024-07-28 06:00:00,0.412,0.4126,0.4111,0.4116,4285851
2024-07-28 07:00:00,0.4116,0.4121,0.4096,0.4114,7353316
2024-07-28 08:00:00,0.4115,0.4117,0.4088,0.4102,10079703
2024-07-28 09:00:00,0.4103,0.4117,0.4101,0.4106,13935211
2024-07-28 10:00:00,0.4107,0.4124,0.4102,0.4111,10864357
2024-07-28 11:00:00,0.4112,0.413,0.4109,0.4109,9906872
2024-07-28 12:00:00,0.4109,0.4125,0.4098,0.4113,7853073
2024-07-28 13:00:00,0.4113,0.4119,0.4103,0.411,5802012
2024-07-28 14:00:00,0.4111,0.4112,0.4064,0.4069,17180364
2024-07-28 15:00:00,0.407,0.4085,0.4064,0.4074,8534651
2024-07-28 16:00:00,0.4074,0.409,0.4072,0.4082,6732782
2024-07-28 17:00:00,0.4082,0.4096,0.4072,0.4095,6167268
2024-07-28 18:00:00,0.4095,0.4115,0.4088,0.4102,9333368
2024-07-28 19:00:00,0.4102,0.4112,0.4093,0.4101,7562001
2024-07-28 20:00:00,0.4102,0.4103,0.4071,0.4072,5861735
2024-07-28 21:00:00,0.4072,0.4081,0.4048,0.4067,10224741
2024-07-28 22:00:00,0.4067,0.4073,0.404,0.4058,10951588
2024-07-28 23:00:00,0.4059,0.4072,0.4055,0.407,7541201
2024-07-29 00:00:00,0.4069,0.4138,0.4065,0.4128,23506351
2024-07-29 01:00:00,0.4128,0.4152,0.4118,0.4119,10173441
2024-07-29 02:00:00,0.4118,0.4239,0.4114,0.4234,25190362
2024-07-29 03:00:00,0.4233,0.427,0.4217,0.4224,31398919
2024-07-29 04:00:00,0.4224,0.4248,0.4203,0.4213,12847019
2024-07-29 05:00:00,0.4214,0.4246,0.4205,0.424,9941889
2024-07-29 06:00:00,0.4239,0.4253,0.4218,0.4219,10267498
2024-07-29 07:00:00,0.4219,0.4227,0.42,0.4224,9282216
2024-07-29 08:00:00,0.4225,0.4234,0.4197,0.4202,8370506
2024-07-29 09:00:00,0.4202,0.421,0.4191,0.4201,8252825
2024-07-29 10:00:00,0.4201,0.4201,0.418,0.4187,8279789
2024-07-29 11:00:00,0.4186,0.4199,0.4176,0.4179,7477309
2024-07-29 12:00:00,0.4178,0.419,0.4167,0.4184,15509942
2024-07-29 13:00:00,0.4184,0.419,0.4158,0.416,16411903
2024-07-29 14:00:00,0.4159,0.4166,0.4096,0.4104,29855585
2024-07-29 15:00:00,0.4103,0.411,0.4056,0.4091,36167853
2024-07-29 16:00:00,0.4092,0.4094,0.4043,0.4071,32709452
2024-07-29 17:00:00,0.4072,0.4137,0.4056,0.4114,25029395
2024-07-29 18:00:00,0.4113,0.4124,0.4093,0.4116,12377486
2024-07-29 19:00:00,0.4115,0.4115,0.4071,0.4077,8420134
2024-07-29 20:00:00,0.4077,0.4084,0.4063,0.4079,8809005
2024-07-29 21:00:00,0.4078,0.4078,0.4051,0.4074,7783135
2024-07-29 22:00:00,0.4073,0.408,0.405,0.4057,7873397
2024-07-29 23:00:00,0.4057,0.4061,0.4028,0.4029,14979893
2024-07-30 00:00:00,0.4029,0.4047,0.3979,0.4046,30262908
2024-07-30 01:00:00,0.4047,0.4074,0.4009,0.4024,14818096
2024-07-30 02:00:00,0.4023,0.4039,0.3998,0.4026,9075291
2024-07-30 03:00:00,0.4025,0.4046,0.4022,0.4044,7347293
2024-07-30 04:00:00,0.4043,0.4046,0.4028,0.4046,6806190
2024-07-30 05:00:00,0.4047,0.4047,0.4015,0.4023,7397537
2024-07-30 06:00:00,0.4023,0.4041,0.4019,0.4031,5239066
2024-07-30 07:00:00,0.4032,0.4055,0.4028,0.4032,8355410
2024-07-30 08:00:00,0.4032,0.4039,0.4016,0.4016,6775533
2024-07-30 09:00:00,0.4016,0.4028,0.4004,0.401,9638111
2024-07-30 10:00:00,0.401,0.4047,0.4004,0.4026,34526427
2024-07-30 11:00:00,0.4025,0.4054,0.4016,0.404,15158207
2024-07-30 12:00:00,0.4039,0.4067,0.4033,0.4052,14957254
2024-07-30 13:00:00,0.4052,0.4062,0.4012,0.4015,14493317
2024-07-30 14:00:00,0.4015,0.4026,0.3994,0.4002,20124061
2024-07-30 15:00:00,0.4002,0.4028,0.3985,0.4019,20605091
2024-07-30 16:00:00,0.4018,0.4059,0.401,0.404,19291155
2024-07-30 17:00:00,0.404,0.4041,0.3995,0.4001,18607216
2024-07-30 18:00:00,0.4001,0.401,0.3977,0.3998,13666200
2024-07-30 19:00:00,0.3997,0.3998,0.3951,0.3996,19128116
2024-07-30 20:00:00,0.3997,0.4011,0.3937,0.4005,19742279
2024-07-30 21:00:00,0.4004,0.4011,0.397,0.4008,7962225
2024-07-30 22:00:00,0.4008,0.4027,0.3999,0.4026,6334915
2024-07-30 23:00:00,0.4026,0.4029,0.4004,0.401,5851814
2024-07-31 00:00:00,0.401,0.4037,0.4,0.4028,13546300
2024-07-31 01:00:00,0.4029,0.4056,0.4021,0.4053,12763548
2024-07-31 02:00:00,0.4054,0.4075,0.404,0.4045,15115773
2024-07-31 03:00:00,0.4044,0.4073,0.4039,0.4062,7669982
2024-07-31 04:00:00,0.4061,0.4063,0.3996,0.4018,15969133
2024-07-31 05:00:00,0.4017,0.4065,0.3988,0.405,14417014
2024-07-31 06:00:00,0.4049,0.406,0.4023,0.4028,14528413
2024-07-31 07:00:00,0.4029,0.4034,0.4013,0.4013,9086908
2024-07-31 08:00:00,0.4013,0.4017,0.3995,0.4003,9136219
2024-07-31 09:00:00,0.4003,0.4014,0.3997,0.4009,6370108
2024-07-31 10:00:00,0.4009,0.4014,0.3988,0.3993,7505566
2024-07-31 11:00:00,0.3994,0.403,0.399,0.4029,9825671
2024-07-31 12:00:00,0.4029,0.4052,0.4025,0.4034,12632600
2024-07-31 13:00:00,0.4034,0.4068,0.4027,0.4029,13271026
2024-07-31 14:00:00,0.4028,0.4036,0.3994,0.4031,19672673
2024-07-31 15:00:00,0.4031,0.4041,0.4016,0.402,11476757
2024-07-31 16:00:00,0.402,0.4047,0.4005,0.4014,12744404
2024-07-31 17:00:00,0.4013,0.4051,0.4006,0.4036,10354297
2024-07-31 18:00:00,0.4036,0.4042,0.3992,0.403,20580228
2024-07-31 19:00:00,0.403,0.4044,0.3915,0.395,43382588
2024-07-31 20:00:00,0.3949,0.3952,0.3882,0.3892,41504255
2024-07-31 21:00:00,0.3892,0.3922,0.3874,0.3903,19338032
2024-07-31 22:00:00,0.3903,0.3911,0.3868,0.3898,13610615
2024-07-31 23:00:00,0.3899,0.3901,0.3877,0.3878,8616168
2024-08-01 00:00:00,0.3879,0.3914,0.3877,0.3901,11701743
2024-08-01 01:00:00,0.39,0.3906,0.3853,0.3878,17574374
2024-08-01 02:00:00,0.3879,0.3885,0.3843,0.3867,18710574
2024-08-01 03:00:00,0.3866,0.388,0.385,0.3868,9367731
2024-08-01 04:00:00,0.3868,0.388,0.3793,0.3805,34927752
2024-08-01 05:00:00,0.3805,0.3859,0.3782,0.3858,27951305
2024-08-01 06:00:00,0.3858,0.3861,0.3833,0.3835,11960745
2024-08-01 07:00:00,0.3835,0.3862,0.3832,0.385,9809980
2024-08-01 08:00:00,0.3851,0.3866,0.3847,0.3861,8732852
2024-08-01 09:00:00,0.3862,0.3874,0.3852,0.3855,5670328
2024-08-01 10:00:00,0.3855,0.3888,0.3848,0.3885,9877192
2024-08-01 11:00:00,0.3885,0.3918,0.3876,0.3914,9173194
2024-08-01 12:00:00,0.3914,0.3955,0.3909,0.3943,18741939
2024-08-01 13:00:00,0.3943,0.3952,0.3905,0.3919,12326526
2024-08-01 14:00:00,0.3918,0.3921,0.3815,0.3816,28982048
2024-08-01 15:00:00,0.3816,0.3819,0.3771,0.378,49435837
2024-08-01 16:00:00,0.3779,0.3789,0.3702,0.3765,74358915
2024-08-01 17:00:00,0.3766,0.3774,0.3735,0.3769,29785574
2024-08-01 18:00:00,0.377,0.377,0.3677,0.3722,48380359
2024-08-01 19:00:00,0.3722,0.3786,0.372,0.3779,16355233
2024-08-01 20:00:00,0.3779,0.3846,0.3763,0.3846,23218537
2024-08-01 21:00:00,0.3845,0.3879,0.3839,0.3848,13748248
2024-08-01 22:00:00,0.3849,0.3911,0.3847,0.391,14885522
2024-08-01 23:00:00,0.391,0.3935,0.3902,0.3924,13746896
2024-08-02 00:00:00,0.3924,0.395,0.3905,0.3907,15030484
2024-08-02 01:00:00,0.3907,0.3909,0.3877,0.3879,16865859
2024-08-02 02:00:00,0.3879,0.3891,0.3812,0.3825,26259148
2024-08-02 03:00:00,0.3825,0.3868,0.3813,0.3851,10592140
2024-08-02 04:00:00,0.3852,0.3865,0.3832,0.3849,11022144
2024-08-02 05:00:00,0.385,0.3851,0.3794,0.3798,10601600
2024-08-02 06:00:00,0.3798,0.3813,0.3752,0.38,21602112
2024-08-02 07:00:00,0.38,0.3856,0.3767,0.3835,27910443
2024-08-02 08:00:00,0.3835,0.3861,0.3808,0.3861,16400812
2024-08-02 09:00:00,0.3862,0.388,0.3845,0.3877,12357146
2024-08-02 10:00:00,0.3877,0.3881,0.3824,0.3847,24040737
2024-08-02 11:00:00,0.3847,0.3863,0.3836,0.3843,11259658
2024-08-02 12:00:00,0.3842,0.386,0.3796,0.3824,26864593
2024-08-02 13:00:00,0.3825,0.386,0.3793,0.3836,23004024
2024-08-02 14:00:00,0.3835,0.3845,0.368,0.3685,51804133
2024-08-02 15:00:00,0.3685,0.3692,0.3574,0.3677,95196469
2024-08-02 16:00:00,0.3677,0.3684,0.3634,0.3668,26979752
2024-08-02 17:00:00,0.3668,0.369,0.3654,0.3664,11221005
2024-08-02 18:00:00,0.3663,0.3667,0.3633,0.3648,11558105
2024-08-02 19:00:00,0.3648,0.3669,0.3624,0.3661,13100330
2024-08-02 20:00:00,0.3661,0.3689,0.3634,0.3681,22557391
2024-08-02 21:00:00,0.3681,0.3681,0.3614,0.3656,20772812
2024-08-02 22:00:00,0.3656,0.3658,0.3623,0.3643,15328132
2024-08-02 23:00:00,0.3642,0.3658,0.3621,0.3635,13362691
2024-08-03 00:00:00,0.3635,0.3655,0.3589,0.3603,21497522
2024-08-03 01:00:00,0.3604,0.3637,0.3537,0.3628,44140143
2024-08-03 02:00:00,0.3629,0.3659,0.3619,0.3632,12470894
2024-08-03 03:00:00,0.3632,0.3663,0.3624,0.3662,11778598
2024-08-03 04:00:00,0.3663,0.3682,0.3649,0.3673,7789439
2024-08-03 05:00:00,0.3674,0.3691,0.3664,0.3691,7286454
2024-08-03 06:00:00,0.3691,0.3712,0.3687,0.3707,9745893
2024-08-03 07:00:00,0.3707,0.3728,0.3692,0.3694,10444372
2024-08-03 08:00:00,0.3693,0.3694,0.3666,0.3683,13364461
2024-08-03 09:00:00,0.3684,0.3689,0.3672,0.3687,5995868
2024-08-03 10:00:00,0.3688,0.3695,0.3677,0.369,5912134
2024-08-03 11:00:00,0.3691,0.3703,0.3679,0.3691,6261105
2024-08-03 12:00:00,0.3692,0.372,0.3682,0.3693,12323959
2024-08-03 13:00:00,0.3693,0.3701,0.3682,0.3694,6403221
2024-08-03 14:00:00,0.3695,0.3707,0.3675,0.368,8278670
2024-08-03 15:00:00,0.3681,0.3684,0.3589,0.3595,27851619
2024-08-03 16:00:00,0.3594,0.3611,0.3534,0.3571,53472096
2024-08-03 17:00:00,0.3572,0.3574,0.3497,0.3509,42672076
2024-08-03 18:00:00,0.3509,0.3538,0.3487,0.3522,34437785
2024-08-03 19:00:00,0.3522,0.3561,0.3514,0.3515,27276602
2024-08-03 20:00:00,0.3516,0.3572,0.3503,0.3542,25273572
2024-08-03 21:00:00,0.3541,0.3604,0.3528,0.3602,21383821
2024-08-03 22:00:00,0.3602,0.3615,0.3579,0.36,11699880
2024-08-03 23:00:00,0.3601,0.3646,0.3596,0.3645,18133802
2024-08-04 00:00:00,0.3645,0.3645,0.3618,0.3643,14588398
2024-08-04 01:00:00,0.3643,0.3652,0.3608,0.364,12138432
2024-08-04 02:00:00,0.3639,0.3676,0.3631,0.366,14762713
2024-08-04 03:00:00,0.366,0.3662,0.3623,0.3625,10485254
2024-08-04 04:00:00,0.3624,0.3632,0.3609,0.3611,8999699
2024-08-04 05:00:00,0.3611,0.3627,0.3607,0.3613,8544947
2024-08-04 06:00:00,0.3612,0.3619,0.3592,0.3601,9957381
2024-08-04 07:00:00,0.3602,0.3612,0.3563,0.3573,13283994
2024-08-04 08:00:00,0.3574,0.3602,0.3552,0.3589,16212450
2024-08-04 09:00:00,0.359,0.3599,0.3577,0.359,7155582
2024-08-04 10:00:00,0.359,0.3594,0.357,0.3591,7503298
2024-08-04 11:00:00,0.3591,0.3596,0.357,0.3576,7443868
2024-08-04 12:00:00,0.3576,0.3597,0.357,0.3595,8668997
2024-08-04 13:00:00,0.3596,0.3601,0.357,0.357,7945209
2024-08-04 14:00:00,0.357,0.3579,0.3476,0.3489,42070948
2024-08-04 15:00:00,0.349,0.3499,0.3457,0.3473,33011367
2024-08-04 16:00:00,0.3473,0.3496,0.3423,0.3432,44406194
2024-08-04 17:00:00,0.3432,0.3439,0.3333,0.3391,77290448
2024-08-04 18:00:00,0.3392,0.3458,0.3345,0.3454,43449399
2024-08-04 19:00:00,0.3454,0.3524,0.3429,0.3505,33125614
2024-08-04 20:00:00,0.3504,0.3541,0.3478,0.3488,20836993
2024-08-04 21:00:00,0.3488,0.3495,0.3454,0.347,11930074
2024-08-04 22:00:00,0.3471,0.3521,0.346,0.3493,20386249
2024-08-04 23:00:00,0.3492,0.3495,0.343,0.344,15805044
2024-08-05 00:00:00,0.344,0.3458,0.3249,0.3284,104438726
2024-08-05 01:00:00,0.3283,0.3297,0.297,0.3118,285630939
2024-08-05 02:00:00,0.3118,0.3143,0.304,0.3133,101445151
2024-08-05 03:00:00,0.3133,0.3137,0.3057,0.3075,50173208
2024-08-05 04:00:00,0.3075,0.3127,0.3062,0.3099,37488758
2024-08-05 05:00:00,0.3099,0.3119,0.2976,0.3034,123026068
2024-08-05 06:00:00,0.3035,0.3052,0.275,0.2901,304757016
2024-08-05 07:00:00,0.2901,0.3096,0.2882,0.3076,99857684
2024-08-05 08:00:00,0.3076,0.3087,0.2981,0.2999,56895340
2024-08-05 09:00:00,0.2999,0.3034,0.2974,0.3015,38510398
2024-08-05 10:00:00,0.3015,0.3021,0.2905,0.295,53292517
2024-08-05 11:00:00,0.2951,0.2961,0.2849,0.2957,74976509
2024-08-05 12:00:00,0.2956,0.298,0.2837,0.2863,82903030
2024-08-05 13:00:00,0.2862,0.3074,0.2816,0.3043,111660554
2024-08-05 14:00:00,0.3043,0.3191,0.3042,0.3168,81930954
2024-08-05 15:00:00,0.3169,0.3209,0.3132,0.3193,52003044
2024-08-05 16:00:00,0.3193,0.3244,0.3164,0.3165,54843304
2024-08-05 17:00:00,0.3165,0.3214,0.3143,0.3189,29949242
2024-08-05 18:00:00,0.319,0.3192,0.3075,0.308,35023474
2024-08-05 19:00:00,0.308,0.3126,0.3059,0.31,40978939
2024-08-05 20:00:00,0.3099,0.3152,0.3093,0.3138,25255292
2024-08-05 21:00:00,0.3138,0.3183,0.3113,0.3134,19944501
2024-08-05 22:00:00,0.3135,0.3188,0.3128,0.3174,16745664
2024-08-05 23:00:00,0.3173,0.3198,0.3113,0.3117,22642548
2024-08-06 00:00:00,0.3117,0.3272,0.3113,0.3263,58521869
2024-08-06 01:00:00,0.3263,0.3307,0.323,0.3271,38557207
2024-08-06 02:00:00,0.3272,0.3292,0.3247,0.3269,24196573
2024-08-06 03:00:00,0.3269,0.327,0.3239,0.3253,14951202
2024-08-06 04:00:00,0.3252,0.3278,0.324,0.327,15983435
2024-08-06 05:00:00,0.3271,0.3321,0.3256,0.3315,17450963
2024-08-06 06:00:00,0.3315,0.3328,0.3283,0.3311,18942573
2024-08-06 07:00:00,0.3312,0.3344,0.3292,0.3334,23023598
2024-08-06 08:00:00,0.3334,0.3334,0.3233,0.3259,33154795
2024-08-06 09:00:00,0.3258,0.3259,0.3217,0.3252,27539414
2024-08-06 10:00:00,0.3252,0.3259,0.3221,0.323,19154328
2024-08-06 11:00:00,0.3231,0.3254,0.3211,0.3236,17545995
2024-08-06 12:00:00,0.3237,0.3266,0.3207,0.322,20210668
2024-08-06 13:00:00,0.3219,0.3257,0.319,0.3233,42288916
2024-08-06 14:00:00,0.3232,0.3366,0.3226,0.3328,68316831
2024-08-06 15:00:00,0.3329,0.3354,0.3279,0.3325,27926789
2024-08-06 16:00:00,0.3325,0.3368,0.3312,0.3345,17383215
2024-08-06 17:00:00,0.3345,0.3359,0.3305,0.3305,13459093
2024-08-06 18:00:00,0.3304,0.3349,0.3303,0.3325,13424860
2024-08-06 19:00:00,0.3325,0.3344,0.3303,0.3312,12220485
2024-08-06 20:00:00,0.3311,0.3325,0.3287,0.3318,15720399
2024-08-06 21:00:00,0.3318,0.3331,0.3299,0.3328,7984183
2024-08-06 22:00:00,0.3329,0.3359,0.3289,0.3312,21378372
2024-08-06 23:00:00,0.3313,0.3324,0.3287,0.3309,8684382
2024-08-07 00:00:00,0.3309,0.3331,0.3272,0.3308,17259219
2024-08-07 01:00:00,0.3308,0.3359,0.3263,0.3355,21669268
2024-08-07 02:00:00,0.3356,0.3395,0.3323,0.3348,26204706
2024-08-07 03:00:00,0.3347,0.338,0.3347,0.3367,16236327
2024-08-07 04:00:00,0.3367,0.3392,0.3356,0.3362,14949804
2024-08-07 05:00:00,0.3362,0.3385,0.3351,0.3351,13742919
2024-08-07 06:00:00,0.3352,0.3361,0.3331,0.3342,9909543
2024-08-07 07:00:00,0.3342,0.3355,0.3327,0.3339,10126950
2024-08-07 08:00:00,0.3339,0.3367,0.3336,0.3367,11472049
2024-08-07 09:00:00,0.3367,0.3393,0.335,0.3379,17175189
2024-08-07 10:00:00,0.3379,0.3409,0.3363,0.3369,16276927
2024-08-07 11:00:00,0.3369,0.3375,0.3325,0.3327,21316588
2024-08-07 12:00:00,0.3326,0.3367,0.3315,0.3361,14843432
2024-08-07 13:00:00,0.3361,0.3377,0.3325,0.3334,23020723
2024-08-07 14:00:00,0.3333,0.334,0.3212,0.3245,57543645
2024-08-07 15:00:00,0.3245,0.3272,0.3225,0.3237,30312407
2024-08-07 16:00:00,0.3238,0.3245,0.3212,0.3237,19134106
2024-08-07 17:00:00,0.3236,0.3249,0.3191,0.3216,23947078
2024-08-07 18:00:00,0.3216,0.3222,0.316,0.3168,31263435
2024-08-07 19:00:00,0.3168,0.3207,0.3163,0.3204,20868625
2024-08-07 20:00:00,0.3204,0.3256,0.317,0.3218,61215728
2024-08-07 21:00:00,0.3218,0.3269,0.3207,0.3254,21025859
2024-08-07 22:00:00,0.3254,0.329,0.3219,0.3259,35327542
2024-08-07 23:00:00,0.326,0.3266,0.3223,0.3238,11752952
2024-08-08 00:00:00,0.3239,0.3258,0.3184,0.3227,22672816
2024-08-08 01:00:00,0.3227,0.3357,0.3222,0.3344,45555837
2024-08-08 02:00:00,0.3344,0.3388,0.3338,0.3382,29681075
2024-08-08 03:00:00,0.3383,0.3394,0.3346,0.3346,14755778
2024-08-08 04:00:00,0.3347,0.3369,0.333,0.3332,14544907
2024-08-08 05:00:00,0.3333,0.3356,0.3332,0.3348,10337866
2024-08-08 06:00:00,0.3349,0.3366,0.3336,0.3355,9154175
2024-08-08 07:00:00,0.3356,0.3368,0.3338,0.334,10412713
2024-08-08 08:00:00,0.334,0.3351,0.3325,0.3337,18220767
2024-08-08 09:00:00,0.3337,0.3349,0.3321,0.3334,9589625
2024-08-08 10:00:00,0.3334,0.3343,0.3318,0.3336,8455790
2024-08-08 11:00:00,0.3336,0.3346,0.3321,0.3323,9099358
2024-08-08 12:00:00,0.3323,0.3397,0.331,0.3348,36589715
2024-08-08 13:00:00,0.3349,0.3371,0.3281,0.331,27831744
2024-08-08 14:00:00,0.331,0.3382,0.3303,0.3377,23258944
2024-08-08 15:00:00,0.3377,0.3397,0.3363,0.3395,18850711
2024-08-08 16:00:00,0.3394,0.3447,0.3391,0.3422,27476952
2024-08-08 17:00:00,0.3421,0.3441,0.3394,0.3397,14094979
2024-08-08 18:00:00,0.3398,0.3413,0.3392,0.3397,8643955
2024-08-08 19:00:00,0.3396,0.3411,0.3387,0.3396,10174316
2024-08-08 20:00:00,0.3396,0.3411,0.339,0.3403,6407346
2024-08-08 21:00:00,0.3403,0.3476,0.3403,0.3472,12801511
2024-08-08 22:00:00,0.3472,0.3531,0.3451,0.3522,28774609
2024-08-08 23:00:00,0.3522,0.3534,0.3499,0.3513,22741725
2024-08-09 00:00:00,0.3513,0.3533,0.3482,0.3512,25789202
2024-08-09 01:00:00,0.3511,0.3515,0.3485,0.3508,19648088
2024-08-09 02:00:00,0.3509,0.3543,0.3497,0.3508,21561125
2024-08-09 03:00:00,0.3509,0.352,0.3504,0.3516,8276804
2024-08-09 04:00:00,0.3517,0.3518,0.3453,0.3453,16875239
2024-08-09 05:00:00,0.3453,0.3488,0.3444,0.3485,16639537
2024-08-09 06:00:00,0.3484,0.3494,0.3468,0.3485,9632934
2024-08-09 07:00:00,0.3484,0.3494,0.3468,0.3473,8377390
2024-08-09 08:00:00,0.3472,0.3477,0.3453,0.347,10355407
2024-08-09 09:00:00,0.3469,0.3471,0.3434,0.3441,11494944
2024-08-09 10:00:00,0.3441,0.3446,0.34,0.3422,18773996
2024-08-09 11:00:00,0.3422,0.3433,0.3411,0.3423,8679349
2024-08-09 12:00:00,0.3423,0.3431,0.3397,0.3413,12787310
2024-08-09 13:00:00,0.3413,0.3426,0.3372,0.3416,21588780
2024-08-09 14:00:00,0.3417,0.3461,0.3362,0.3421,37522777
2024-08-09 15:00:00,0.342,0.3437,0.3395,0.3406,14655714
2024-08-09 16:00:00,0.3405,0.3449,0.3401,0.3443,13113249
2024-08-09 17:00:00,0.3444,0.3481,0.3435,0.3452,14973952
2024-08-09 18:00:00,0.3453,0.3468,0.3438,0.3462,11102587
2024-08-09 19:00:00,0.3462,0.3482,0.3449,0.3475,8969019
2024-08-09 20:00:00,0.3475,0.3492,0.3471,0.3489,7767179
2024-08-09 21:00:00,0.349,0.3496,0.3462,0.3487,11927849
2024-08-09 22:00:00,0.3486,0.3493,0.3458,0.3472,10707635
2024-08-09 23:00:00,0.3473,0.3485,0.3453,0.3482,7353797
2024-08-10 00:00:00,0.3482,0.3522,0.3457,0.3464,18515370
2024-08-10 01:00:00,0.3464,0.3489,0.3457,0.3462,6403552
2024-08-10 02:00:00,0.3462,0.348,0.3456,0.3463,4339117
2024-08-10 03:00:00,0.3464,0.3472,0.345,0.3466,5458519
2024-08-10 04:00:00,0.3466,0.3469,0.3443,0.3455,5180150
2024-08-10 05:00:00,0.3455,0.3461,0.345,0.3454,3748505
2024-08-10 06:00:00,0.3455,0.3468,0.3451,0.3462,4083676
2024-08-10 07:00:00,0.3462,0.3474,0.3457,0.3467,5710434
2024-08-10 08:00:00,0.3467,0.3473,0.3453,0.3458,4804455
2024-08-10 09:00:00,0.3459,0.3482,0.3455,0.347,5883008
2024-08-10 10:00:00,0.347,0.348,0.3461,0.3472,4700936
2024-08-10 11:00:00,0.3473,0.3478,0.3466,0.3474,4057222
2024-08-10 12:00:00,0.3475,0.3476,0.3461,0.3467,4800254
2024-08-10 13:00:00,0.3467,0.3468,0.344,0.3441,7465053
2024-08-10 14:00:00,0.3442,0.3466,0.344,0.3457,6135549
2024-08-10 15:00:00,0.3457,0.3475,0.3452,0.3454,8336768
2024-08-10 16:00:00,0.3454,0.3476,0.3452,0.3475,10323498
2024-08-10 17:00:00,0.3474,0.3475,0.3459,0.3468,4888441
2024-08-10 18:00:00,0.3468,0.3487,0.3461,0.3475,8499707
2024-08-10 19:00:00,0.3475,0.3485,0.3466,0.3476,4341665
2024-08-10 20:00:00,0.3477,0.3484,0.3462,0.3467,4033144
2024-08-10 21:00:00,0.3466,0.3475,0.3465,0.3472,3319550
2024-08-10 22:00:00,0.3473,0.3477,0.3462,0.3469,5400493
2024-08-10 23:00:00,0.3468,0.3469,0.3448,0.3455,5461756
2024-08-11 00:00:00,0.3454,0.3466,0.3447,0.3458,8900289
2024-08-11 01:00:00,0.3458,0.3479,0.3453,0.3476,3934986
2024-08-11 02:00:00,0.3477,0.3478,0.3463,0.3472,4175753
2024-08-11 03:00:00,0.3473,0.3511,0.3472,0.3494,10004691
2024-08-11 04:00:00,0.3495,0.3512,0.3491,0.3497,6447106
2024-08-11 05:00:00,0.3497,0.3524,0.3496,0.3519,5705680
2024-08-11 06:00:00,0.3519,0.3521,0.3507,0.351,4523602
2024-08-11 07:00:00,0.351,0.3531,0.3508,0.3525,6160786
2024-08-11 08:00:00,0.3525,0.3552,0.3524,0.3532,9626775
2024-08-11 09:00:00,0.3532,0.3563,0.3521,0.3525,13128592
2024-08-11 10:00:00,0.3524,0.3538,0.3505,0.3505,7151857
2024-08-11 11:00:00,0.3505,0.3508,0.3464,0.3474,18551330
2024-08-11 12:00:00,0.3473,0.3481,0.344,0.3456,12588905
2024-08-11 13:00:00,0.3456,0.3456,0.3422,0.3444,11237567
2024-08-11 14:00:00,0.3444,0.3455,0.3404,0.3422,10902405
2024-08-11 15:00:00,0.3421,0.3426,0.3387,0.3402,16716180
2024-08-11 16:00:00,0.3401,0.3426,0.3395,0.3415,8066954
2024-08-11 17:00:00,0.3415,0.3423,0.3399,0.3413,5379810
2024-08-11 18:00:00,0.3412,0.3414,0.339,0.3402,4727110
2024-08-11 19:00:00,0.3401,0.3402,0.334,0.3347,21236949
2024-08-11 20:00:00,0.3347,0.3349,0.3304,0.3318,28268322
2024-08-11 21:00:00,0.3318,0.3318,0.3292,0.3313,11814312
2024-08-11 22:00:00,0.3312,0.3322,0.3268,0.3294,21052613
2024-08-11 23:00:00,0.3294,0.3294,0.3271,0.3274,10395588
2024-08-12 00:00:00,0.3274,0.3315,0.3262,0.3301,20547787
2024-08-12 01:00:00,0.3301,0.3322,0.329,0.3313,10376870
2024-08-12 02:00:00,0.3314,0.332,0.3295,0.3317,6602599
2024-08-12 03:00:00,0.3316,0.3321,0.3297,0.3302,8111040
2024-08-12 04:00:00,0.3302,0.3317,0.3298,0.3303,4984701
2024-08-12 05:00:00,0.3304,0.332,0.3303,0.3318,5640003
2024-08-12 06:00:00,0.3318,0.3319,0.3298,0.3307,6838869
2024-08-12 07:00:00,0.3307,0.336,0.3269,0.3345,26098322
2024-08-12 08:00:00,0.3345,0.3384,0.332,0.3327,17155356
2024-08-12 09:00:00,0.3327,0.336,0.3326,0.335,12254335
2024-08-12 10:00:00,0.335,0.3384,0.3333,0.338,14005777
2024-08-12 11:00:00,0.338,0.3431,0.3375,0.3424,24757220
2024-08-12 12:00:00,0.3423,0.3436,0.3399,0.341,17059317
2024-08-12 13:00:00,0.3411,0.3424,0.3306,0.3321,42742637
2024-08-12 14:00:00,0.332,0.3447,0.3289,0.3428,66793657
2024-08-12 15:00:00,0.3428,0.3443,0.3355,0.3407,42319743
2024-08-12 16:00:00,0.3408,0.3422,0.3388,0.3399,14477822
2024-08-12 17:00:00,0.3398,0.3418,0.3381,0.3383,8803904
2024-08-12 18:00:00,0.3384,0.3398,0.3333,0.3338,13824874
2024-08-12 19:00:00,0.3338,0.3376,0.3337,0.3357,12007891
2024-08-12 20:00:00,0.3358,0.3376,0.3339,0.3343,8293302
2024-08-12 21:00:00,0.3343,0.335,0.3316,0.3343,7335575
2024-08-12 22:00:00,0.3344,0.336,0.3339,0.3352,5582115
2024-08-12 23:00:00,0.3352,0.3399,0.335,0.3387,12103043
2024-08-13 00:00:00,0.3387,0.3408,0.3372,0.3399,13753149
2024-08-13 01:00:00,0.3399,0.3407,0.3381,0.3402,7144178
2024-08-13 02:00:00,0.3403,0.3403,0.3367,0.3389,9410171
2024-08-13 03:00:00,0.3389,0.3392,0.3344,0.3352,13693998
2024-08-13 04:00:00,0.3352,0.337,0.3334,0.3367,5697501
2024-08-13 05:00:00,0.3368,0.338,0.3361,0.3371,4873595
2024-08-13 06:00:00,0.3371,0.3389,0.3358,0.3383,7183739
2024-08-13 07:00:00,0.3384,0.3393,0.3366,0.3371,6762313
2024-08-13 08:00:00,0.3371,0.3375,0.3342,0.3349,8119597
2024-08-13 09:00:00,0.335,0.3351,0.332,0.3332,11112463
2024-08-13 10:00:00,0.3332,0.334,0.3302,0.3331,14557157
2024-08-13 11:00:00,0.3331,0.3341,0.3324,0.3335,6138490
2024-08-13 12:00:00,0.3334,0.3365,0.3332,0.3362,15674825
2024-08-13 13:00:00,0.3361,0.3376,0.3342,0.3372,13947333
2024-08-13 14:00:00,0.3372,0.3383,0.3339,0.3378,14284402
2024-08-13 15:00:00,0.3378,0.3383,0.3357,0.3366,8680581
2024-08-13 16:00:00,0.3366,0.3438,0.3362,0.3434,22600971
2024-08-13 17:00:00,0.3434,0.3449,0.3417,0.3433,17230609
2024-08-13 18:00:00,0.3434,0.3435,0.3402,0.3406,10377704
2024-08-13 19:00:00,0.3405,0.3422,0.3382,0.3417,13913818
2024-08-13 20:00:00,0.3417,0.3429,0.3409,0.341,7569862
2024-08-13 21:00:00,0.341,0.3426,0.341,0.3419,5555744
2024-08-13 22:00:00,0.3419,0.3422,0.3398,0.3402,9204733
2024-08-13 23:00:00,0.3401,0.3404,0.3387,0.3397,4866590
2024-08-14 00:00:00,0.3397,0.3402,0.3382,0.3395,7080868
2024-08-14 01:00:00,0.3396,0.3399,0.3359,0.3366,9266044
2024-08-14 02:00:00,0.3366,0.339,0.336,0.3387,10140786
2024-08-14 03:00:00,0.3387,0.3405,0.3382,0.3393,6381025
2024-08-14 04:00:00,0.3394,0.3413,0.3392,0.3401,6525071
2024-08-14 05:00:00,0.3401,0.3418,0.3395,0.34,5583328
2024-08-14 06:00:00,0.3399,0.3413,0.3388,0.3398,6443971
2024-08-14 07:00:00,0.3398,0.3398,0.3384,0.3389,8049472
2024-08-14 08:00:00,0.3389,0.3397,0.3377,0.3388,7818484
2024-08-14 09:00:00,0.3387,0.3399,0.3383,0.3397,6673599
2024-08-14 10:00:00,0.3397,0.3432,0.3395,0.3413,12338202
2024-08-14 11:00:00,0.3412,0.3429,0.3398,0.3417,10025044
2024-08-14 12:00:00,0.3417,0.3455,0.3399,0.3424,34891048
2024-08-14 13:00:00,0.3423,0.3437,0.3341,0.3346,38225951
2024-08-14 14:00:00,0.3346,0.3369,0.3305,0.3362,40132406
2024-08-14 15:00:00,0.3362,0.3391,0.3342,0.3375,19203473
2024-08-14 16:00:00,0.3376,0.3377,0.3337,0.3357,16015395
2024-08-14 17:00:00,0.3358,0.3363,0.3341,0.3341,6742904
2024-08-14 18:00:00,0.3342,0.3349,0.3322,0.3335,8406349
2024-08-14 19:00:00,0.3336,0.3351,0.3325,0.3346,7759760
2024-08-14 20:00:00,0.3346,0.336,0.3345,0.3349,4578660
2024-08-14 21:00:00,0.335,0.3356,0.3338,0.334,4064250
2024-08-14 22:00:00,0.3341,0.3359,0.3319,0.3354,9938996
2024-08-14 23:00:00,0.3354,0.3361,0.3347,0.3351,3147341
2024-08-15 00:00:00,0.335,0.3384,0.335,0.338,7866819
2024-08-15 01:00:00,0.338,0.3382,0.3357,0.3362,7858594
2024-08-15 02:00:00,0.3363,0.3417,0.3356,0.3397,15404472
2024-08-15 03:00:00,0.3397,0.3398,0.3383,0.339,4783809
2024-08-15 04:00:00,0.339,0.339,0.3369,0.3384,5891061
2024-08-15 05:00:00,0.3383,0.3386,0.3353,0.336,7537286
2024-08-15 06:00:00,0.3359,0.3369,0.3335,0.3348,11554622
2024-08-15 07:00:00,0.3348,0.3367,0.3337,0.3363,10806525
2024-08-15 08:00:00,0.3363,0.3383,0.3358,0.3378,10948235
2024-08-15 09:00:00,0.3378,0.3385,0.3361,0.3363,8354915
2024-08-15 10:00:00,0.3363,0.3365,0.3339,0.334,11529716
2024-08-15 11:00:00,0.3339,0.3362,0.3338,0.3352,13496169
2024-08-15 12:00:00,0.3352,0.3381,0.3339,0.3346,22753633
2024-08-15 13:00:00,0.3347,0.3371,0.3332,0.3371,19395365
2024-08-15 14:00:00,0.3371,0.3392,0.3362,0.3377,14487601
2024-08-15 15:00:00,0.3377,0.3391,0.3366,0.3382,9802435
2024-08-15 16:00:00,0.3381,0.339,0.336,0.3367,10117522
2024-08-15 17:00:00,0.3366,0.3367,0.3295,0.3298,23750165
2024-08-15 18:00:00,0.3298,0.3299,0.3218,0.3248,77076346
2024-08-15 19:00:00,0.3247,0.3249,0.3219,0.3235,30126674
2024-08-15 20:00:00,0.3234,0.3235,0.3202,0.3225,22330623
2024-08-15 21:00:00,0.3225,0.3233,0.3204,0.3233,14615880
2024-08-15 22:00:00,0.3233,0.3265,0.322,0.3252,16221062
2024-08-15 23:00:00,0.3251,0.3265,0.3244,0.3246,8504681
2024-08-16 00:00:00,0.3247,0.3249,0.323,0.3237,9555651
2024-08-16 01:00:00,0.3237,0.3247,0.3213,0.3223,9101357
2024-08-16 02:00:00,0.3222,0.3263,0.3201,0.324,19215477
2024-08-16 03:00:00,0.324,0.3242,0.322,0.3223,7770174
2024-08-16 04:00:00,0.3223,0.3255,0.3217,0.3254,8029664
2024-08-16 05:00:00,0.3254,0.3266,0.3248,0.3256,7452153
2024-08-16 06:00:00,0.3256,0.3286,0.3248,0.3281,9468662
2024-08-16 07:00:00,0.3281,0.3367,0.3262,0.3346,55558542
2024-08-16 08:00:00,0.3346,0.3378,0.3343,0.3371,23010481
2024-08-16 09:00:00,0.3371,0.344,0.3363,0.344,31948242
2024-08-16 10:00:00,0.3439,0.3452,0.3413,0.3427,48502270
2024-08-16 11:00:00,0.3427,0.3433,0.334,0.3341,51236416
2024-08-16 12:00:00,0.334,0.3361,0.3275,0.3282,60765995
2024-08-16 13:00:00,0.3283,0.3333,0.3255,0.3292,53159539
2024-08-16 14:00:00,0.3292,0.3306,0.3229,0.3238,35088097
2024-08-16 15:00:00,0.3237,0.3252,0.3203,0.324,29810358
2024-08-16 16:00:00,0.3239,0.3296,0.3235,0.3286,27691078
2024-08-16 17:00:00,0.3286,0.3335,0.324,0.3323,30371655
2024-08-16 18:00:00,0.3322,0.334,0.3304,0.3311,23505073
2024-08-16 19:00:00,0.3311,0.3325,0.3305,0.3316,11620295
2024-08-16 20:00:00,0.3316,0.3333,0.3315,0.3316,11076191
2024-08-16 21:00:00,0.3317,0.3322,0.3304,0.3316,7144992
2024-08-16 22:00:00,0.3316,0.3325,0.3297,0.3297,6854504
2024-08-16 23:00:00,0.3298,0.3305,0.3293,0.3298,5484172
2024-08-17 00:00:00,0.3299,0.3299,0.3276,0.3285,10831905
2024-08-17 01:00:00,0.3286,0.3297,0.3277,0.3287,7447343
2024-08-17 02:00:00,0.3288,0.3305,0.3286,0.3294,6614908
2024-08-17 03:00:00,0.3294,0.3299,0.327,0.3283,9454233
2024-08-17 04:00:00,0.3284,0.3291,0.3277,0.3291,7058820
2024-08-17 05:00:00,0.3291,0.3298,0.3284,0.329,4879618
2024-08-17 06:00:00,0.329,0.3299,0.3286,0.3294,5527847
2024-08-17 07:00:00,0.3294,0.3299,0.3287,0.3296,5389857
2024-08-17 08:00:00,0.3297,0.3307,0.3289,0.3304,8958795
2024-08-17 09:00:00,0.3304,0.3323,0.3299,0.3322,10539645
2024-08-17 10:00:00,0.3323,0.3325,0.3299,0.3302,9101902
2024-08-17 11:00:00,0.3302,0.3317,0.3299,0.3315,7163628
2024-08-17 12:00:00,0.3315,0.3333,0.3314,0.3331,10338943
2024-08-17 13:00:00,0.3331,0.3346,0.3326,0.333,14638518
2024-08-17 14:00:00,0.3331,0.3352,0.3326,0.3347,8929446
2024-08-17 15:00:00,0.3348,0.3361,0.334,0.3351,12941865
2024-08-17 16:00:00,0.3351,0.3374,0.3351,0.337,15935984
2024-08-17 17:00:00,0.337,0.3386,0.3364,0.3365,15219075
2024-08-17 18:00:00,0.3365,0.3369,0.3347,0.335,11383008
2024-08-17 19:00:00,0.335,0.3352,0.3333,0.3349,9138844
2024-08-17 20:00:00,0.335,0.3354,0.3331,0.334,6362393
2024-08-17 21:00:00,0.3341,0.3359,0.3338,0.3359,13588981
2024-08-17 22:00:00,0.3359,0.3366,0.335,0.3352,6210280
2024-08-17 23:00:00,0.3353,0.3371,0.335,0.3371,8276266
2024-08-18 00:00:00,0.3371,0.3375,0.3359,0.3366,9315497
2024-08-18 01:00:00,0.3367,0.3369,0.3351,0.3355,6430934
2024-08-18 02:00:00,0.3355,0.3369,0.3339,0.3367,9998545
2024-08-18 03:00:00,0.3367,0.3375,0.3334,0.3334,10318120
2024-08-18 04:00:00,0.3334,0.3344,0.3325,0.3339,6397055
2024-08-18 05:00:00,0.334,0.3357,0.3338,0.334,5496523
2024-08-18 06:00:00,0.334,0.3348,0.3337,0.3344,3545644
2024-08-18 07:00:00,0.3344,0.335,0.3342,0.3349,3527599
2024-08-18 08:00:00,0.3348,0.3352,0.3341,0.3352,4508141
2024-08-18 09:00:00,0.3352,0.3369,0.3341,0.3358,8384495
2024-08-18 10:00:00,0.3359,0.3383,0.3357,0.3367,12385680
2024-08-18 11:00:00,0.3367,0.3373,0.336,0.3372,6165495
2024-08-18 12:00:00,0.3372,0.3399,0.3368,0.3383,11951874
2024-08-18 13:00:00,0.3383,0.3395,0.3375,0.3376,7581073
2024-08-18 14:00:00,0.3376,0.3387,0.3373,0.3376,9719254
2024-08-18 15:00:00,0.3377,0.3396,0.3368,0.3385,7418564
2024-08-18 16:00:00,0.3386,0.3397,0.3379,0.3388,6284971
2024-08-18 17:00:00,0.3388,0.3393,0.3356,0.3369,10359953
2024-08-18 18:00:00,0.3369,0.3383,0.3366,0.3382,4266871
2024-08-18 19:00:00,0.3383,0.3394,0.3378,0.3392,5672760
2024-08-18 20:00:00,0.3392,0.3393,0.3383,0.3392,4011243
2024-08-18 21:00:00,0.3391,0.3393,0.3365,0.3375,3912083
2024-08-18 22:00:00,0.3375,0.3392,0.3374,0.3383,5199694
2024-08-18 23:00:00,0.3383,0.3387,0.3336,0.3341,15815124
2024-08-19 00:00:00,0.334,0.3351,0.3324,0.3331,17379352
2024-08-19 01:00:00,0.3332,0.336,0.3329,0.3348,10821830
2024-08-19 02:00:00,0.3348,0.3356,0.3335,0.3341,5938958
2024-08-19 03:00:00,0.334,0.3342,0.333,0.3336,6482102
2024-08-19 04:00:00,0.3335,0.334,0.3325,0.3337,7108399
2024-08-19 05:00:00,0.3336,0.334,0.3322,0.3328,5353788
2024-08-19 06:00:00,0.3327,0.3348,0.3312,0.3326,17665752
2024-08-19 07:00:00,0.3325,0.3337,0.3303,0.3306,10398902
2024-08-19 08:00:00,0.3306,0.3325,0.3299,0.3323,9173321
2024-08-19 09:00:00,0.3324,0.3341,0.3301,0.3305,17862899
2024-08-19 10:00:00,0.3304,0.3305,0.3274,0.3293,24603055
2024-08-19 11:00:00,0.3293,0.3314,0.329,0.331,13633486
2024-08-19 12:00:00,0.331,0.3319,0.3299,0.3304,9966614
2024-08-19 13:00:00,0.3304,0.3344,0.3299,0.3301,18415406
2024-08-19 14:00:00,0.3301,0.3321,0.3286,0.3319,16483017
2024-08-19 15:00:00,0.3319,0.3335,0.3315,0.3323,10916293
2024-08-19 16:00:00,0.3324,0.3332,0.3298,0.3321,13482587
2024-08-19 17:00:00,0.3321,0.3371,0.3312,0.336,23906965
2024-08-19 18:00:00,0.336,0.3375,0.3337,0.3371,12131952
2024-08-19 19:00:00,0.3371,0.3376,0.3346,0.3353,8652381
2024-08-19 20:00:00,0.3353,0.3365,0.3347,0.335,6924784
2024-08-19 21:00:00,0.335,0.3359,0.3343,0.3349,4345251
2024-08-19 22:00:00,0.3349,0.3363,0.3347,0.336,5834411
2024-08-19 23:00:00,0.336,0.337,0.3348,0.3364,6357663
2024-08-20 00:00:00,0.3364,0.3418,0.3355,0.3411,28422985
2024-08-20 01:00:00,0.3411,0.3435,0.3408,0.3414,13702425
2024-08-20 02:00:00,0.3414,0.3429,0.3412,0.3427,6647448
2024-08-20 03:00:00,0.3427,0.3429,0.3409,0.3413,6055776
2024-08-20 04:00:00,0.3413,0.3432,0.3408,0.343,8574692
2024-08-20 05:00:00,0.3431,0.3458,0.3428,0.3445,15589174
2024-08-20 06:00:00,0.3445,0.345,0.3424,0.3429,7710174
2024-08-20 07:00:00,0.343,0.3441,0.3421,0.3439,7531044
2024-08-20 08:00:00,0.344,0.3445,0.3422,0.3424,8618936
2024-08-20 09:00:00,0.3424,0.3442,0.3418,0.344,8676015
2024-08-20 10:00:00,0.344,0.3446,0.3435,0.3443,5777150
2024-08-20 11:00:00,0.3443,0.3448,0.3431,0.344,5736586
2024-08-20 12:00:00,0.3439,0.3457,0.3439,0.3449,10501802
2024-08-20 13:00:00,0.3449,0.3462,0.3425,0.3457,17436168
2024-08-20 14:00:00,0.3457,0.3458,0.3391,0.3392,34911525
2024-08-20 15:00:00,0.3393,0.341,0.335,0.339,38767921
2024-08-20 16:00:00,0.3391,0.3418,0.3384,0.3404,17131076
2024-08-20 17:00:00,0.3403,0.3417,0.3396,0.3411,7958600
2024-08-20 18:00:00,0.3411,0.3456,0.3407,0.3453,14868557
2024-08-20 19:00:00,0.3453,0.3478,0.3453,0.3473,12597492
2024-08-20 20:00:00,0.3474,0.3482,0.344,0.3443,12400484
2024-08-20 21:00:00,0.3444,0.3457,0.3429,0.3449,9529050
2024-08-20 22:00:00,0.3449,0.3462,0.3445,0.3448,6293634
2024-08-20 23:00:00,0.3447,0.3453,0.343,0.3433,5287641
2024-08-21 00:00:00,0.3432,0.3461,0.3429,0.3441,12629509
2024-08-21 01:00:00,0.3441,0.3443,0.3419,0.344,10572563
2024-08-21 02:00:00,0.3439,0.3459,0.3438,0.3455,5631503
2024-08-21 03:00:00,0.3455,0.3488,0.3453,0.3486,8161184
2024-08-21 04:00:00,0.3486,0.3592,0.3486,0.357,34867441
2024-08-21 05:00:00,0.357,0.3577,0.3536,0.3558,27384378
2024-08-21 06:00:00,0.3559,0.3602,0.3559,0.3575,22467877
2024-08-21 07:00:00,0.3575,0.3588,0.3566,0.3588,12298020
2024-08-21 08:00:00,0.3588,0.36,0.3524,0.3533,32055193
2024-08-21 09:00:00,0.3533,0.3539,0.3504,0.3517,22779684
2024-08-21 10:00:00,0.3517,0.3528,0.3505,0.3517,10820802
2024-08-21 11:00:00,0.3518,0.352,0.3499,0.3506,9941669
2024-08-21 12:00:00,0.3507,0.3529,0.3502,0.3516,15016773
2024-08-21 13:00:00,0.3517,0.3555,0.3489,0.3546,36973972
2024-08-21 14:00:00,0.3545,0.3573,0.351,0.3541,43651751
2024-08-21 15:00:00,0.3541,0.3585,0.3531,0.3574,19474911
2024-08-21 16:00:00,0.3574,0.3632,0.3563,0.3631,27205177
2024-08-21 17:00:00,0.363,0.3738,0.3622,0.3732,76083794
2024-08-21 18:00:00,0.3732,0.3749,0.3697,0.3729,40533229
2024-08-21 19:00:00,0.3729,0.3773,0.372,0.3764,26573896
2024-08-21 20:00:00,0.3765,0.3768,0.3671,0.369,41494750
2024-08-21 21:00:00,0.369,0.3717,0.368,0.3695,22480765
2024-08-21 22:00:00,0.3695,0.37,0.3677,0.3692,8334077
2024-08-21 23:00:00,0.3693,0.37,0.3676,0.3686,10235189
2024-08-22 00:00:00,0.3687,0.3714,0.3685,0.3694,12813323
2024-08-22 01:00:00,0.3694,0.374,0.3691,0.3729,15553908
2024-08-22 02:00:00,0.3729,0.3729,0.3653,0.3682,23351510
2024-08-22 03:00:00,0.3681,0.3698,0.3672,0.369,10753073
2024-08-22 04:00:00,0.369,0.3696,0.3676,0.3687,6570007
2024-08-22 05:00:00,0.3687,0.3688,0.3648,0.3656,9773622
2024-08-22 06:00:00,0.3656,0.3663,0.3645,0.3651,8101844
2024-08-22 07:00:00,0.3652,0.3661,0.364,0.3659,11781073
2024-08-22 08:00:00,0.3659,0.3661,0.3645,0.3659,10160666
2024-08-22 09:00:00,0.366,0.3691,0.3655,0.3685,13237269
2024-08-22 10:00:00,0.3686,0.3716,0.3675,0.3711,17379761
2024-08-22 11:00:00,0.3712,0.3739,0.3703,0.3735,16349067
2024-08-22 12:00:00,0.3734,0.3734,0.3698,0.3705,20290085
2024-08-22 13:00:00,0.3705,0.3758,0.3702,0.3729,27588250
2024-08-22 14:00:00,0.3729,0.3736,0.3685,0.3708,26196377
2024-08-22 15:00:00,0.3707,0.3731,0.369,0.3695,12556427
2024-08-22 16:00:00,0.3694,0.3726,0.3693,0.3698,11031244
2024-08-22 17:00:00,0.3699,0.3702,0.3678,0.3686,14309259
2024-08-22 18:00:00,0.3687,0.3718,0.3686,0.3706,6687525
2024-08-22 19:00:00,0.3706,0.3718,0.3697,0.3702,5637787
2024-08-22 20:00:00,0.3702,0.3744,0.3697,0.3743,10669903
2024-08-22 21:00:00,0.3743,0.3745,0.373,0.3732,7799364
2024-08-22 22:00:00,0.3732,0.3764,0.3724,0.376,9849440
2024-08-22 23:00:00,0.376,0.3772,0.3752,0.3761,13100694
2024-08-23 00:00:00,0.3761,0.3794,0.3757,0.3769,20361430
2024-08-23 01:00:00,0.3769,0.3772,0.374,0.3762,9954223
2024-08-23 02:00:00,0.3762,0.3771,0.3753,0.3757,7977307
2024-08-23 03:00:00,0.3757,0.3763,0.3745,0.3746,7324394
2024-08-23 04:00:00,0.3747,0.3757,0.3741,0.3743,6024469
2024-08-23 05:00:00,0.3742,0.3775,0.3742,0.3765,9721678
2024-08-23 06:00:00,0.3764,0.3835,0.3734,0.3815,36683069
2024-08-23 07:00:00,0.3814,0.3827,0.3788,0.3822,17993965
2024-08-23 08:00:00,0.3821,0.3876,0.3821,0.3868,19517904
2024-08-23 09:00:00,0.3867,0.3872,0.3802,0.381,26074990
2024-08-23 10:00:00,0.3811,0.3823,0.3803,0.3805,9416529
2024-08-23 11:00:00,0.3805,0.3809,0.379,0.3794,10680957
2024-08-23 12:00:00,0.3794,0.382,0.3758,0.3788,31291315
2024-08-23 13:00:00,0.3788,0.3789,0.3747,0.3768,16961327
2024-08-23 14:00:00,0.3769,0.3842,0.3738,0.3781,66712505
2024-08-23 15:00:00,0.378,0.3827,0.3773,0.3824,22361219
2024-08-23 16:00:00,0.3824,0.3865,0.381,0.383,40771935
2024-08-23 17:00:00,0.383,0.3865,0.3817,0.3865,18890208
2024-08-23 18:00:00,0.3864,0.3887,0.3845,0.3856,26913795
2024-08-23 19:00:00,0.3855,0.3902,0.3848,0.3891,21166144
2024-08-23 20:00:00,0.3892,0.3914,0.3882,0.3895,13401909
2024-08-23 21:00:00,0.3895,0.3917,0.3868,0.3909,18978471
2024-08-23 22:00:00,0.3909,0.3924,0.3879,0.3886,15621912
2024-08-23 23:00:00,0.3887,0.3915,0.3887,0.3911,10475027
2024-08-24 00:00:00,0.391,0.394,0.3906,0.3915,21211040
2024-08-24 01:00:00,0.3916,0.3922,0.3875,0.3893,13170889
2024-08-24 02:00:00,0.3894,0.3924,0.389,0.3921,8383341
2024-08-24 03:00:00,0.3922,0.3922,0.3885,0.3904,7602227
2024-08-24 04:00:00,0.3904,0.3919,0.3891,0.3897,7714089
2024-08-24 05:00:00,0.3896,0.391,0.3892,0.3899,5905220
2024-08-24 06:00:00,0.39,0.3904,0.388,0.3881,7826513
2024-08-24 07:00:00,0.3882,0.3893,0.3878,0.3888,5441960
2024-08-24 08:00:00,0.3887,0.3906,0.3878,0.3903,8445345
2024-08-24 09:00:00,0.3904,0.3937,0.3891,0.3928,11211763
2024-08-24 10:00:00,0.3928,0.3963,0.3923,0.3941,19625149
2024-08-24 11:00:00,0.3942,0.3955,0.3925,0.3926,13284116
2024-08-24 12:00:00,0.3926,0.3959,0.3922,0.3926,12379193
2024-08-24 13:00:00,0.3927,0.3958,0.3916,0.3946,12922312
2024-08-24 14:00:00,0.3945,0.395,0.3931,0.3945,8839833
2024-08-24 15:00:00,0.3946,0.3965,0.3926,0.3945,14425963
2024-08-24 16:00:00,0.3945,0.3995,0.3941,0.3975,21004944
2024-08-24 17:00:00,0.3976,0.3993,0.3964,0.3971,13068133
2024-08-24 18:00:00,0.3972,0.4012,0.3957,0.3988,20478454
2024-08-24 19:00:00,0.3989,0.4008,0.398,0.3983,6564082
2024-08-24 20:00:00,0.3983,0.3989,0.3966,0.3969,11520046
2024-08-24 21:00:00,0.3968,0.3969,0.3879,0.3892,25675241
2024-08-24 22:00:00,0.3891,0.3927,0.3889,0.3914,17608992
2024-08-24 23:00:00,0.3915,0.3952,0.3913,0.3933,10663521
2024-08-25 00:00:00,0.3934,0.3942,0.3874,0.3882,15517353
2024-08-25 01:00:00,0.3883,0.3904,0.3823,0.3851,26854681
2024-08-25 02:00:00,0.3851,0.3897,0.3849,0.3883,12788114
2024-08-25 03:00:00,0.3884,0.3886,0.383,0.3865,28169513
2024-08-25 04:00:00,0.3866,0.3872,0.3832,0.3865,10100193
2024-08-25 05:00:00,0.3864,0.3876,0.3852,0.3857,5999072
2024-08-25 06:00:00,0.3858,0.3865,0.3832,0.3841,7838248
2024-08-25 07:00:00,0.3841,0.3842,0.3771,0.3786,31926189
2024-08-25 08:00:00,0.3786,0.3834,0.3773,0.382,16406179
2024-08-25 09:00:00,0.3819,0.3829,0.3797,0.3817,10709120
2024-08-25 10:00:00,0.3817,0.3821,0.3796,0.38,8584615
2024-08-25 11:00:00,0.3799,0.3834,0.3798,0.3815,9282170
2024-08-25 12:00:00,0.3815,0.3824,0.3793,0.381,8809752
2024-08-25 13:00:00,0.381,0.385,0.3806,0.3843,13164970
2024-08-25 14:00:00,0.3843,0.3885,0.3838,0.388,14248950
2024-08-25 15:00:00,0.3881,0.3911,0.3863,0.3873,18138686
2024-08-25 16:00:00,0.3873,0.3906,0.3842,0.385,15323440
2024-08-25 17:00:00,0.385,0.3869,0.3842,0.3854,7740582
2024-08-25 18:00:00,0.3855,0.3874,0.3846,0.3858,7587209
2024-08-25 19:00:00,0.3857,0.3866,0.3852,0.386,5049557
2024-08-25 20:00:00,0.3861,0.387,0.3841,0.385,7383482
2024-08-25 21:00:00,0.3851,0.3889,0.3848,0.3878,7897334
2024-08-25 22:00:00,0.3878,0.389,0.3862,0.3879,8007666
2024-08-25 23:00:00,0.388,0.3893,0.3835,0.3846,12921183
2024-08-26 00:00:00,0.3845,0.3878,0.3833,0.3846,12508492
2024-08-26 01:00:00,0.3847,0.3857,0.3807,0.3813,10422516
2024-08-26 02:00:00,0.3813,0.3822,0.3782,0.3822,17152619
2024-08-26 03:00:00,0.3821,0.3841,0.3811,0.3832,5276642
2024-08-26 04:00:00,0.3833,0.3855,0.3826,0.385,6756306
2024-08-26 05:00:00,0.3851,0.3851,0.3828,0.3837,4897686
2024-08-26 06:00:00,0.3837,0.3842,0.3788,0.3801,22126745
2024-08-26 07:00:00,0.3802,0.3806,0.3765,0.3769,18521433
2024-08-26 08:00:00,0.377,0.38,0.3766,0.3794,8988620
2024-08-26 09:00:00,0.3794,0.3807,0.3762,0.3805,12607494
2024-08-26 10:00:00,0.3806,0.3813,0.3761,0.3764,17479466
2024-08-26 11:00:00,0.3765,0.3775,0.3721,0.3753,35894060
2024-08-26 12:00:00,0.3753,0.3755,0.3702,0.3721,23843946
2024-08-26 13:00:00,0.3721,0.3742,0.371,0.3729,15122702
2024-08-26 14:00:00,0.3728,0.3742,0.3696,0.3723,27932784
2024-08-26 15:00:00,0.3723,0.3743,0.3691,0.3724,17047180
2024-08-26 16:00:00,0.3724,0.3742,0.3705,0.3732,10388187
2024-08-26 17:00:00,0.3731,0.3739,0.3668,0.3674,23639855
2024-08-26 18:00:00,0.3674,0.3713,0.3658,0.3702,18281625
2024-08-26 19:00:00,0.3701,0.3709,0.3665,0.3676,10659722
2024-08-26 20:00:00,0.3676,0.3696,0.3658,0.3688,9654298
2024-08-26 21:00:00,0.3688,0.369,0.3656,0.3672,10252982
2024-08-26 22:00:00,0.3673,0.3688,0.3666,0.368,8159592
2024-08-26 23:00:00,0.368,0.3697,0.3657,0.366,8945376
2024-08-27 00:00:00,0.3659,0.3691,0.3657,0.3665,12323265
2024-08-27 01:00:00,0.3665,0.3708,0.3662,0.3688,9775001
2024-08-27 02:00:00,0.3689,0.3689,0.366,0.3669,16688309
2024-08-27 03:00:00,0.3669,0.368,0.3659,0.3677,5883169
2024-08-27 04:00:00,0.3678,0.3688,0.3666,0.3683,7218499
2024-08-27 05:00:00,0.3684,0.3726,0.3681,0.3719,8032427
2024-08-27 06:00:00,0.3718,0.3721,0.3674,0.368,9699550
2024-08-27 07:00:00,0.368,0.3696,0.3666,0.368,6529486
2024-08-27 08:00:00,0.368,0.3691,0.3639,0.3655,14989093
2024-08-27 09:00:00,0.3655,0.3668,0.3621,0.3638,12598788
2024-08-27 10:00:00,0.3638,0.3639,0.3601,0.3609,17942419
2024-08-27 11:00:00,0.3609,0.3642,0.36,0.3633,11119267
2024-08-27 12:00:00,0.3634,0.365,0.3618,0.3648,12217184
2024-08-27 13:00:00,0.3648,0.3655,0.3631,0.3639,10759818
2024-08-27 14:00:00,0.364,0.3668,0.361,0.3641,19034868
2024-08-27 15:00:00,0.3642,0.3645,0.3619,0.3624,12116081
2024-08-27 16:00:00,0.3624,0.3662,0.3608,0.3623,25742553
2024-08-27 17:00:00,0.3624,0.3649,0.3614,0.3647,8581399
2024-08-27 18:00:00,0.3647,0.3676,0.3641,0.3674,8831284
2024-08-27 19:00:00,0.3675,0.3677,0.3633,0.3643,6715585
2024-08-27 20:00:00,0.3643,0.367,0.3629,0.3656,26941205
2024-08-27 21:00:00,0.3657,0.367,0.35,0.3546,56856360
2024-08-27 22:00:00,0.3546,0.3546,0.3415,0.3496,101823560
2024-08-27 23:00:00,0.3496,0.3514,0.3472,0.35,19620660
2024-08-28 00:00:00,0.3501,0.3501,0.3462,0.3479,21212781
2024-08-28 01:00:00,0.348,0.3506,0.3471,0.35,17662033
2024-08-28 02:00:00,0.3499,0.3499,0.3466,0.3489,10859470
2024-08-28 03:00:00,0.3489,0.3527,0.3484,0.3521,10746502
2024-08-28 04:00:00,0.352,0.3536,0.3514,0.3518,10918778
2024-08-28 05:00:00,0.3518,0.3544,0.3514,0.3531,8805174
2024-08-28 06:00:00,0.3531,0.3535,0.3514,0.3525,6667441
2024-08-28 07:00:00,0.3524,0.3529,0.3462,0.3465,21469297
2024-08-28 08:00:00,0.3466,0.3508,0.3436,0.35,23245318
2024-08-28 09:00:00,0.3501,0.359,0.3493,0.3582,29922760
2024-08-28 10:00:00,0.3582,0.3586,0.3541,0.3562,26462938
2024-08-28 11:00:00,0.3561,0.3589,0.3556,0.3576,12406195
2024-08-28 12:00:00,0.3576,0.3604,0.3572,0.3592,14222552
2024-08-28 13:00:00,0.3592,0.3602,0.3549,0.3551,19579055
2024-08-28 14:00:00,0.3552,0.3597,0.3537,0.3555,20434808
2024-08-28 15:00:00,0.3554,0.3554,0.3487,0.3512,28006076
2024-08-28 16:00:00,0.3512,0.3512,0.3404,0.3506,57553593
2024-08-28 17:00:00,0.3506,0.3519,0.3471,0.3473,22665002
2024-08-28 18:00:00,0.3474,0.3543,0.3459,0.3542,19524452
2024-08-28 19:00:00,0.3542,0.3566,0.351,0.3517,18672610
2024-08-28 20:00:00,0.3516,0.357,0.3496,0.3524,31019886
2024-08-28 21:00:00,0.3523,0.3535,0.3497,0.3499,7795748
2024-08-28 22:00:00,0.3499,0.3506,0.3469,0.3498,10398640
2024-08-28 23:00:00,0.3498,0.3514,0.3483,0.3498,6512134
2024-08-29 00:00:00,0.3498,0.3516,0.349,0.3516,9162685
2024-08-29 01:00:00,0.3515,0.3531,0.3502,0.3519,6555571
2024-08-29 02:00:00,0.3519,0.3533,0.3511,0.3532,4255545
2024-08-29 03:00:00,0.3531,0.3561,0.3531,0.3551,7337330
2024-08-29 04:00:00,0.3551,0.3565,0.3534,0.3542,8240722
2024-08-29 05:00:00,0.3541,0.356,0.353,0.3555,7248691
2024-08-29 06:00:00,0.3554,0.3572,0.3549,0.356,7309475
2024-08-29 07:00:00,0.3559,0.3582,0.3557,0.3579,6820568
2024-08-29 08:00:00,0.3578,0.3617,0.3577,0.3617,16546335
2024-08-29 09:00:00,0.3617,0.3649,0.361,0.3629,23308877
2024-08-29 10:00:00,0.363,0.3648,0.3596,0.3602,19542144
2024-08-29 11:00:00,0.3602,0.3641,0.3598,0.3604,16689410
2024-08-29 12:00:00,0.3604,0.364,0.3601,0.3625,14284085
2024-08-29 13:00:00,0.3624,0.364,0.361,0.3638,9143573
2024-08-29 14:00:00,0.3638,0.3652,0.3628,0.3644,11873794
2024-08-29 15:00:00,0.3644,0.3674,0.3635,0.3644,19634376
2024-08-29 16:00:00,0.3644,0.3654,0.3616,0.3621,16112730
2024-08-29 17:00:00,0.3622,0.3637,0.3612,0.3621,11399254
2024-08-29 18:00:00,0.3621,0.3621,0.3503,0.3507,46003522
2024-08-29 19:00:00,0.3508,0.357,0.3489,0.3541,40557150
2024-08-29 20:00:00,0.3541,0.3561,0.3529,0.3556,12855707
2024-08-29 21:00:00,0.3557,0.3566,0.3552,0.3555,6438246
2024-08-29 22:00:00,0.3555,0.3562,0.352,0.3548,18051318
2024-08-29 23:00:00,0.3547,0.358,0.3537,0.3577,9665917
2024-08-30 00:00:00,0.3577,0.3619,0.356,0.3588,18252396
2024-08-30 01:00:00,0.3588,0.3593,0.3553,0.3586,10869669
2024-08-30 02:00:00,0.3586,0.3603,0.3557,0.3563,10569975
2024-08-30 03:00:00,0.3563,0.3563,0.3533,0.3557,11593760
2024-08-30 04:00:00,0.3556,0.3577,0.355,0.3561,5622485
2024-08-30 05:00:00,0.3561,0.3573,0.3539,0.3554,8943968
2024-08-30 06:00:00,0.3555,0.3563,0.3539,0.356,8250023
2024-08-30 07:00:00,0.356,0.3575,0.3547,0.3553,7199581
2024-08-30 08:00:00,0.3553,0.3589,0.3552,0.3584,8004672
2024-08-30 09:00:00,0.3583,0.3593,0.3576,0.3579,9416885
2024-08-30 10:00:00,0.3579,0.359,0.3576,0.3581,5246960
2024-08-30 11:00:00,0.358,0.3585,0.3506,0.3512,43946601
2024-08-30 12:00:00,0.3511,0.3545,0.3481,0.3498,44789784
2024-08-30 13:00:00,0.3497,0.352,0.3457,0.3517,33999269
2024-08-30 14:00:00,0.3517,0.3539,0.3441,0.3444,32719842
2024-08-30 15:00:00,0.3443,0.3457,0.338,0.3397,55947830
2024-08-30 16:00:00,0.3397,0.3429,0.337,0.3427,32833289
2024-08-30 17:00:00,0.3427,0.3434,0.3413,0.3426,11625997
2024-08-30 18:00:00,0.3426,0.3491,0.3424,0.3486,20524435
2024-08-30 19:00:00,0.3485,0.3485,0.344,0.3453,12524016
2024-08-30 20:00:00,0.3453,0.3474,0.3453,0.3468,6616458
2024-08-30 21:00:00,0.3469,0.3476,0.3462,0.3467,4842009
2024-08-30 22:00:00,0.3467,0.3478,0.3463,0.3474,6513411
2024-08-30 23:00:00,0.3475,0.3479,0.3464,0.3468,5694022
2024-08-31 00:00:00,0.3467,0.3483,0.3456,0.3469,11129666
2024-08-31 01:00:00,0.347,0.3475,0.3461,0.3464,3990736
2024-08-31 02:00:00,0.3465,0.3467,0.3458,0.3461,4113163
2024-08-31 03:00:00,0.346,0.3475,0.3451,0.3472,6116659
2024-08-31 04:00:00,0.3471,0.3501,0.347,0.3496,8084423
2024-08-31 05:00:00,0.3497,0.35,0.3476,0.3476,5850557
2024-08-31 06:00:00,0.3477,0.3498,0.3473,0.3493,5763249
2024-08-31 07:00:00,0.3493,0.3494,0.3475,0.3476,4576145
2024-08-31 08:00:00,0.3476,0.3483,0.3457,0.3458,6173969
2024-08-31 09:00:00,0.3458,0.3467,0.3451,0.3456,6526730
2024-08-31 10:00:00,0.3456,0.3481,0.3452,0.3475,6686100
2024-08-31 11:00:00,0.3475,0.3492,0.3474,0.348,5568201
2024-08-31 12:00:00,0.348,0.3485,0.3473,0.348,5220366
2024-08-31 13:00:00,0.348,0.3488,0.3471,0.3474,5750139
2024-08-31 14:00:00,0.3474,0.3483,0.3469,0.3482,6206109
2024-08-31 15:00:00,0.3482,0.3493,0.3472,0.349,6402020
2024-08-31 16:00:00,0.349,0.349,0.3469,0.3479,5821591
2024-08-31 17:00:00,0.3478,0.3488,0.3447,0.3467,11783986
2024-08-31 18:00:00,0.3468,0.3485,0.3454,0.3456,8061685
2024-08-31 19:00:00,0.3456,0.3468,0.3453,0.3465,4730939
2024-08-31 20:00:00,0.3466,0.3468,0.3456,0.3457,3573894
2024-08-31 21:00:00,0.3457,0.3471,0.3445,0.3461,5234646
2024-08-31 22:00:00,0.3461,0.3463,0.3447,0.3451,4637096
2024-08-31 23:00:00,0.3451,0.3455,0.3442,0.3449,3482716
2024-09-01 00:00:00,0.3448,0.3457,0.3435,0.3441,8050535
2024-09-01 01:00:00,0.3442,0.3444,0.341,0.3412,7425894
2024-09-01 02:00:00,0.3411,0.342,0.3392,0.342,13487787
2024-09-01 03:00:00,0.342,0.3446,0.3416,0.3446,6363743
2024-09-01 04:00:00,0.3446,0.3446,0.342,0.3429,9262008
2024-09-01 05:00:00,0.3429,0.3434,0.3389,0.3399,14548924
2024-09-01 06:00:00,0.3399,0.3428,0.3397,0.3424,8457360
2024-09-01 07:00:00,0.3424,0.3443,0.3418,0.3442,6920720
2024-09-01 08:00:00,0.3443,0.3446,0.3426,0.3434,6808484
2024-09-01 09:00:00,0.3434,0.3448,0.3427,0.3437,6218193
2024-09-01 10:00:00,0.3437,0.3438,0.3401,0.3404,9821802
2024-09-01 11:00:00,0.3403,0.3431,0.34,0.3429,7096972
2024-09-01 12:00:00,0.3429,0.3434,0.3383,0.3391,12623639
2024-09-01 13:00:00,0.3391,0.3408,0.336,0.3402,19811173
2024-09-01 14:00:00,0.3403,0.3403,0.3349,0.3381,31701089
2024-09-01 15:00:00,0.3381,0.3414,0.3364,0.3401,16033747
2024-09-01 16:00:00,0.3402,0.3415,0.3375,0.338,12663746
2024-09-01 17:00:00,0.3381,0.3392,0.3337,0.3346,23258051
2024-09-01 18:00:00,0.3346,0.3405,0.3345,0.3395,17442401
2024-09-01 19:00:00,0.3396,0.3419,0.3388,0.3395,10405233
2024-09-01 20:00:00,0.3396,0.3419,0.3388,0.3392,6636742
2024-09-01 21:00:00,0.3392,0.3392,0.3355,0.3372,8979968
2024-09-01 22:00:00,0.3372,0.3376,0.3265,0.328,41543531
2024-09-01 23:00:00,0.328,0.3325,0.3276,0.3308,21533728
2024-09-02 00:00:00,0.3307,0.3339,0.3305,0.3329,15689683
2024-09-02 01:00:00,0.333,0.3343,0.3318,0.3328,7120046
2024-09-02 02:00:00,0.3328,0.3343,0.3313,0.3324,7251677
2024-09-02 03:00:00,0.3324,0.3337,0.3308,0.3313,5874926
2024-09-02 04:00:00,0.3313,0.3315,0.3269,0.327,13014429
2024-09-02 05:00:00,0.327,0.3314,0.3269,0.3299,12401497
2024-09-02 06:00:00,0.3299,0.331,0.3287,0.3302,8523818
2024-09-02 07:00:00,0.3302,0.3304,0.3247,0.3257,18844316
2024-09-02 08:00:00,0.3257,0.3318,0.3252,0.3294,27254871
2024-09-02 09:00:00,0.3293,0.3324,0.326,0.332,30588642
2024-09-02 10:00:00,0.332,0.3346,0.3313,0.3336,20520291
2024-09-02 11:00:00,0.3336,0.3361,0.3327,0.3336,12623985
2024-09-02 12:00:00,0.3336,0.3347,0.3311,0.3321,16434339
2024-09-02 13:00:00,0.3321,0.3326,0.3285,0.3285,13827369
2024-09-02 14:00:00,0.3285,0.3332,0.3265,0.3327,35608062
2024-09-02 15:00:00,0.3328,0.3336,0.3312,0.3322,12056310
2024-09-02 16:00:00,0.3323,0.3341,0.3295,0.3295,12221826
2024-09-02 17:00:00,0.3296,0.3335,0.3295,0.333,8795986
2024-09-02 18:00:00,0.333,0.3333,0.3296,0.3311,12956252
2024-09-02 19:00:00,0.3311,0.3322,0.3301,0.3308,10614004
2024-09-02 20:00:00,0.3308,0.3369,0.3301,0.3353,14044343
2024-09-02 21:00:00,0.3354,0.3372,0.3351,0.3361,15528670
2024-09-02 22:00:00,0.3361,0.3368,0.3344,0.3362,9356810
2024-09-02 23:00:00,0.3362,0.3366,0.335,0.3359,7114217
2024-09-03 00:00:00,0.336,0.3363,0.3342,0.3355,12305802
2024-09-03 01:00:00,0.3355,0.3368,0.334,0.3359,10818387
2024-09-03 02:00:00,0.3359,0.3395,0.3354,0.336,15804380
2024-09-03 03:00:00,0.3361,0.3364,0.3345,0.3349,7615065
2024-09-03 04:00:00,0.3349,0.3353,0.3331,0.3335,11496104
2024-09-03 05:00:00,0.3336,0.3343,0.3326,0.3339,7498612
2024-09-03 06:00:00,0.334,0.334,0.3317,0.3317,11218851
2024-09-03 07:00:00,0.3317,0.3335,0.3315,0.3331,9280933
2024-09-03 08:00:00,0.3331,0.3333,0.3278,0.3282,19415102
2024-09-03 09:00:00,0.3283,0.3294,0.3278,0.3287,11338100
2024-09-03 10:00:00,0.3287,0.3309,0.3283,0.33,9880180
2024-09-03 11:00:00,0.33,0.3306,0.329,0.33,9365691
2024-09-03 12:00:00,0.33,0.3318,0.3296,0.3297,10782219
2024-09-03 13:00:00,0.3298,0.3312,0.3225,0.3239,46368209
2024-09-03 14:00:00,0.3239,0.3239,0.3199,0.3213,44708999
2024-09-03 15:00:00,0.3213,0.3224,0.3196,0.32,24359494
2024-09-03 16:00:00,0.32,0.3223,0.3191,0.3214,21946369
2024-09-03 17:00:00,0.3214,0.3251,0.3212,0.323,15034222
2024-09-03 18:00:00,0.323,0.3243,0.3218,0.3234,13337011
2024-09-03 19:00:00,0.3234,0.3257,0.3222,0.3245,14221453
2024-09-03 20:00:00,0.3246,0.326,0.3236,0.3246,10831055
2024-09-03 21:00:00,0.3246,0.3246,0.3219,0.323,7471760
2024-09-03 22:00:00,0.323,0.3234,0.3206,0.3207,8256168
2024-09-03 23:00:00,0.3206,0.3211,0.3172,0.3182,21240105
2024-09-04 00:00:00,0.3182,0.3202,0.3147,0.3156,31437416
2024-09-04 01:00:00,0.3156,0.3158,0.3045,0.3142,120737708
2024-09-04 02:00:00,0.3141,0.3165,0.3134,0.3142,20688860
2024-09-04 03:00:00,0.3142,0.3167,0.3136,0.3156,15984074
2024-09-04 04:00:00,0.3155,0.317,0.3154,0.3165,8498188
2024-09-04 05:00:00,0.3165,0.3165,0.3123,0.3128,13415065
2024-09-04 06:00:00,0.3128,0.3164,0.3128,0.3146,11373750
2024-09-04 07:00:00,0.3146,0.3219,0.3144,0.3209,35356674
2024-09-04 08:00:00,0.321,0.3234,0.3207,0.3231,15556580
2024-09-04 09:00:00,0.3232,0.3247,0.3215,0.3217,18699197
2024-09-04 10:00:00,0.3216,0.3219,0.3179,0.318,18118632
2024-09-04 11:00:00,0.318,0.3199,0.3151,0.3175,40610851
2024-09-04 12:00:00,0.3175,0.3203,0.3164,0.3179,18060575
2024-09-04 13:00:00,0.3179,0.3185,0.3161,0.3178,15568164
2024-09-04 14:00:00,0.3178,0.3235,0.3152,0.3224,44796933
2024-09-04 15:00:00,0.3225,0.3259,0.3219,0.3257,31107191
2024-09-04 16:00:00,0.3257,0.329,0.3251,0.3262,29505391
2024-09-04 17:00:00,0.3261,0.3263,0.3221,0.3221,20619694
2024-09-04 18:00:00,0.3222,0.3231,0.3207,0.3214,13765958
2024-09-04 19:00:00,0.3213,0.3232,0.3211,0.323,10611266
2024-09-04 20:00:00,0.3229,0.3236,0.3217,0.3233,8991151
2024-09-04 21:00:00,0.3234,0.325,0.3228,0.3244,8026586
2024-09-04 22:00:00,0.3244,0.3262,0.324,0.3245,14755537
2024-09-04 23:00:00,0.3246,0.325,0.3226,0.323,9110448
2024-09-05 00:00:00,0.3229,0.3237,0.3218,0.3221,13251347
2024-09-05 01:00:00,0.3222,0.3252,0.322,0.324,9748857
2024-09-05 02:00:00,0.324,0.3247,0.3223,0.3229,9467813
2024-09-05 03:00:00,0.3228,0.3229,0.3194,0.3199,19047807
2024-09-05 04:00:00,0.3199,0.3217,0.3194,0.3212,7701355
2024-09-05 05:00:00,0.3213,0.3224,0.3205,0.3214,6196224
2024-09-05 06:00:00,0.3214,0.3228,0.3192,0.3219,15298241
2024-09-05 07:00:00,0.3219,0.3244,0.3215,0.3238,9928821
2024-09-05 08:00:00,0.3238,0.3259,0.3231,0.3239,12915381
2024-09-05 09:00:00,0.3239,0.324,0.3219,0.3235,10698102
2024-09-05 10:00:00,0.3236,0.3262,0.3225,0.3262,14016045
2024-09-05 11:00:00,0.3262,0.3274,0.3245,0.3272,20091108
2024-09-05 12:00:00,0.3272,0.3327,0.3264,0.332,46883633
2024-09-05 13:00:00,0.3321,0.3397,0.3319,0.338,84701423
2024-09-05 14:00:00,0.3381,0.3397,0.3297,0.33,89751749
2024-09-05 15:00:00,0.3299,0.3308,0.3254,0.3259,59259929
2024-09-05 16:00:00,0.3259,0.3278,0.3232,0.3247,34983736
2024-09-05 17:00:00,0.3247,0.328,0.3231,0.3279,26659375
2024-09-05 18:00:00,0.3279,0.3298,0.3249,0.3257,28064236
2024-09-05 19:00:00,0.3257,0.3258,0.3197,0.3216,42205654
2024-09-05 20:00:00,0.3216,0.3232,0.3213,0.3215,11915457
2024-09-05 21:00:00,0.3215,0.3243,0.3202,0.324,13385089
2024-09-05 22:00:00,0.3241,0.3246,0.321,0.3243,13398215
2024-09-05 23:00:00,0.3244,0.3257,0.3235,0.3249,9076038
2024-09-06 00:00:00,0.325,0.3255,0.3231,0.3245,13620991
2024-09-06 01:00:00,0.3245,0.3278,0.3236,0.3265,16305971
2024-09-06 02:00:00,0.3265,0.328,0.3259,0.3272,12625528
2024-09-06 03:00:00,0.3273,0.3283,0.3266,0.3274,9970164
2024-09-06 04:00:00,0.3274,0.3314,0.3274,0.3312,19838178
2024-09-06 05:00:00,0.3312,0.3317,0.3273,0.3279,24288200
2024-09-06 06:00:00,0.3279,0.3284,0.3239,0.3247,20825466
2024-09-06 07:00:00,0.3248,0.3251,0.318,0.3197,52513705
2024-09-06 08:00:00,0.3196,0.3205,0.3173,0.3184,27439107
2024-09-06 09:00:00,0.3184,0.3198,0.3173,0.3197,14420798
2024-09-06 10:00:00,0.3197,0.3226,0.3195,0.3214,17897058
2024-09-06 11:00:00,0.3214,0.3221,0.3197,0.3213,12129056
2024-09-06 12:00:00,0.3213,0.3265,0.3191,0.3257,49350663
2024-09-06 13:00:00,0.3257,0.3263,0.3188,0.3203,48693730
2024-09-06 14:00:00,0.3204,0.3207,0.3141,0.3172,85397838
2024-09-06 15:00:00,0.3172,0.319,0.3132,0.3172,56004590
2024-09-06 16:00:00,0.3172,0.3179,0.313,0.3146,32901792
2024-09-06 17:00:00,0.3146,0.3179,0.3124,0.3151,33442382
2024-09-06 18:00:00,0.3151,0.3155,0.3121,0.3125,23212322
2024-09-06 19:00:00,0.3125,0.315,0.3108,0.313,41454459
2024-09-06 20:00:00,0.3129,0.3147,0.305,0.3052,85333606
2024-09-06 21:00:00,0.3052,0.313,0.3031,0.3129,53115600
2024-09-06 22:00:00,0.3129,0.3141,0.3122,0.3131,11239850
2024-09-06 23:00:00,0.3132,0.3148,0.3125,0.3144,6910418
2024-09-07 00:00:00,0.3144,0.3165,0.3142,0.3153,9295788
2024-09-07 01:00:00,0.3153,0.3162,0.3145,0.3155,5813878
2024-09-07 02:00:00,0.3154,0.3172,0.3149,0.3164,7084740
2024-09-07 03:00:00,0.3165,0.3195,0.3161,0.3182,8083914
2024-09-07 04:00:00,0.3182,0.3219,0.3182,0.3208,18823824
2024-09-07 05:00:00,0.3208,0.3237,0.3203,0.3234,16021489
2024-09-07 06:00:00,0.3235,0.324,0.3224,0.3229,10985268
2024-09-07 07:00:00,0.323,0.3242,0.3226,0.3233,13296713
2024-09-07 08:00:00,0.3234,0.3238,0.3214,0.3218,16033133
2024-09-07 09:00:00,0.3218,0.3222,0.3201,0.3208,10784210
2024-09-07 10:00:00,0.3208,0.3231,0.3207,0.3222,10270128
2024-09-07 11:00:00,0.3223,0.3241,0.3222,0.3232,8296309
2024-09-07 12:00:00,0.3232,0.325,0.3229,0.3241,8907687
2024-09-07 13:00:00,0.3242,0.325,0.3236,0.324,8870751
2024-09-07 14:00:00,0.3241,0.3249,0.3227,0.3239,6940000
2024-09-07 15:00:00,0.324,0.326,0.3239,0.324,15372019
2024-09-07 16:00:00,0.3241,0.3251,0.3235,0.3242,11207742
2024-09-07 17:00:00,0.3243,0.3256,0.3235,0.3243,14014688
2024-09-07 18:00:00,0.3244,0.3256,0.3235,0.3253,8874880
2024-09-07 19:00:00,0.3253,0.3277,0.3252,0.3268,11987602
2024-09-07 20:00:00,0.3268,0.3275,0.3246,0.3249,9594875
2024-09-07 21:00:00,0.325,0.3259,0.3234,0.324,9290989
2024-09-07 22:00:00,0.3241,0.3247,0.3227,0.3229,7699548
2024-09-07 23:00:00,0.3229,0.3252,0.3223,0.3252,7112027
2024-09-08 00:00:00,0.3252,0.3265,0.3235,0.3263,9116149
2024-09-08 01:00:00,0.3263,0.3297,0.3262,0.3289,17520500
2024-09-08 02:00:00,0.329,0.3298,0.3279,0.3294,9551092
2024-09-08 03:00:00,0.3295,0.331,0.3288,0.3302,9154943
2024-09-08 04:00:00,0.3303,0.3335,0.3301,0.3329,12933398
2024-09-08 05:00:00,0.333,0.3337,0.3324,0.3329,8983671
2024-09-08 06:00:00,0.333,0.3343,0.3318,0.3324,10708894
2024-09-08 07:00:00,0.3324,0.3355,0.3323,0.3344,12928612
2024-09-08 08:00:00,0.3345,0.336,0.3331,0.3359,9462312
2024-09-08 09:00:00,0.3359,0.3383,0.3352,0.3376,23192646
2024-09-08 10:00:00,0.3377,0.3396,0.3374,0.3395,16976533
2024-09-08 11:00:00,0.3396,0.3401,0.3378,0.3387,20039497
2024-09-08 12:00:00,0.3388,0.3408,0.3345,0.3346,28486136
2024-09-08 13:00:00,0.3346,0.3369,0.3335,0.3355,17530805
2024-09-08 14:00:00,0.3355,0.3361,0.3336,0.3343,14250864
2024-09-08 15:00:00,0.3343,0.3356,0.3318,0.3321,20120564
2024-09-08 16:00:00,0.332,0.3354,0.3311,0.3352,20219856
2024-09-08 17:00:00,0.3352,0.3392,0.3351,0.3388,17017335
2024-09-08 18:00:00,0.3389,0.3393,0.3371,0.3385,9118659
2024-09-08 19:00:00,0.3385,0.3386,0.3355,0.336,9782997
2024-09-08 20:00:00,0.3361,0.3362,0.3336,0.3346,10716258
2024-09-08 21:00:00,0.3346,0.3375,0.3342,0.3369,10684837
2024-09-08 22:00:00,0.337,0.3405,0.3356,0.3357,28413243
2024-09-08 23:00:00,0.3358,0.3389,0.3351,0.3388,11176649
2024-09-09 00:00:00,0.3388,0.3453,0.3385,0.3444,33004487
2024-09-09 01:00:00,0.3444,0.3486,0.3442,0.347,32380771
2024-09-09 02:00:00,0.3471,0.3478,0.3429,0.3473,20869721
2024-09-09 03:00:00,0.3473,0.3478,0.3433,0.3444,15541369
2024-09-09 04:00:00,0.3445,0.3455,0.3424,0.3426,9061073
2024-09-09 05:00:00,0.3427,0.3431,0.3395,0.3395,16160756
2024-09-09 06:00:00,0.3395,0.3411,0.3389,0.3411,13409316
2024-09-09 07:00:00,0.3411,0.344,0.3397,0.3419,14399212
2024-09-09 08:00:00,0.3418,0.3424,0.3401,0.3411,12749327
2024-09-09 09:00:00,0.341,0.3426,0.3404,0.3413,11687733
2024-09-09 10:00:00,0.3413,0.3419,0.3401,0.3409,14684513
2024-09-09 11:00:00,0.3409,0.3416,0.3401,0.3408,8181909
2024-09-09 12:00:00,0.3407,0.3413,0.3391,0.3406,11173362
2024-09-09 13:00:00,0.3405,0.3427,0.3397,0.3423,13643359
2024-09-09 14:00:00,0.3424,0.3437,0.3373,0.3382,28806447
2024-09-09 15:00:00,0.3381,0.3425,0.3379,0.3415,13622369
2024-09-09 16:00:00,0.3415,0.3446,0.3413,0.3432,23153552
2024-09-09 17:00:00,0.3432,0.3446,0.3426,0.3428,14343665
2024-09-09 18:00:00,0.3429,0.3438,0.3412,0.3421,13748248
2024-09-09 19:00:00,0.3422,0.3446,0.3419,0.3446,11373032
2024-09-09 20:00:00,0.3446,0.3449,0.343,0.3444,7278172
2024-09-09 21:00:00,0.3445,0.3487,0.3444,0.3455,20498706
2024-09-09 22:00:00,0.3455,0.3463,0.3429,0.3437,10727702
2024-09-09 23:00:00,0.3437,0.3445,0.3427,0.3433,5617552
2024-09-10 00:00:00,0.3433,0.3433,0.3397,0.3401,13378416
2024-09-10 01:00:00,0.34,0.3405,0.339,0.3398,10075616
2024-09-10 02:00:00,0.3398,0.34,0.3372,0.3389,14540351
2024-09-10 03:00:00,0.3389,0.3403,0.3381,0.339,10674824
2024-09-10 04:00:00,0.3389,0.3404,0.3385,0.3399,7533112
2024-09-10 05:00:00,0.3399,0.3416,0.3395,0.3416,8041695
2024-09-10 06:00:00,0.3416,0.3417,0.3395,0.34,10358162
2024-09-10 07:00:00,0.34,0.3427,0.3395,0.3421,10905036
2024-09-10 08:00:00,0.3421,0.3442,0.3407,0.341,15251346
2024-09-10 09:00:00,0.3411,0.3432,0.34,0.3425,8891624
2024-09-10 10:00:00,0.3426,0.3435,0.3412,0.3428,9297807
2024-09-10 11:00:00,0.3428,0.344,0.3421,0.3435,7391625
2024-09-10 12:00:00,0.3436,0.3448,0.343,0.3431,11638481
2024-09-10 13:00:00,0.3431,0.3433,0.3407,0.3411,15562256
2024-09-10 14:00:00,0.3412,0.3427,0.3394,0.3409,20233706
2024-09-10 15:00:00,0.3409,0.344,0.3401,0.341,17445744
2024-09-10 16:00:00,0.3411,0.3436,0.3409,0.3417,11643368
2024-09-10 17:00:00,0.3418,0.3444,0.3417,0.3426,15282593
2024-09-10 18:00:00,0.3427,0.3456,0.3426,0.344,15402574
2024-09-10 19:00:00,0.344,0.3444,0.3421,0.3434,12322126
2024-09-10 20:00:00,0.3435,0.3441,0.342,0.342,8615842
2024-09-10 21:00:00,0.3421,0.3428,0.3413,0.3415,5076416
2024-09-10 22:00:00,0.3416,0.3438,0.3416,0.3432,5523075
2024-09-10 23:00:00,0.3433,0.3442,0.3427,0.3428,4834867
2024-09-11 00:00:00,0.3428,0.3434,0.3407,0.3427,8891802
2024-09-11 01:00:00,0.3428,0.3433,0.3373,0.3399,22778957
2024-09-11 02:00:00,0.34,0.3428,0.3398,0.3411,9061245
2024-09-11 03:00:00,0.3412,0.3412,0.3388,0.3394,12128033
2024-09-11 04:00:00,0.3395,0.3396,0.3348,0.3368,21945480
2024-09-11 05:00:00,0.3369,0.337,0.3345,0.3355,11760401
2024-09-11 06:00:00,0.3355,0.3389,0.3347,0.3379,11433160
2024-09-11 07:00:00,0.338,0.3398,0.3377,0.3396,7810209
2024-09-11 08:00:00,0.3395,0.3397,0.3353,0.3353,12900188
2024-09-11 09:00:00,0.3354,0.3367,0.335,0.336,11428849
2024-09-11 10:00:00,0.336,0.3363,0.334,0.335,11368634
2024-09-11 11:00:00,0.335,0.3373,0.3349,0.3366,8439827
2024-09-11 12:00:00,0.3365,0.3381,0.3344,0.3376,19831018
2024-09-11 13:00:00,0.3375,0.3404,0.3308,0.331,44623835
2024-09-11 14:00:00,0.331,0.3329,0.3297,0.3323,31100331
2024-09-11 15:00:00,0.3323,0.3394,0.3314,0.3374,24832384
2024-09-11 16:00:00,0.3374,0.3434,0.3369,0.3426,22804713
2024-09-11 17:00:00,0.3426,0.3456,0.3425,0.3451,24756120
2024-09-11 18:00:00,0.3451,0.3466,0.3431,0.3441,18923654
2024-09-11 19:00:00,0.3441,0.3481,0.3434,0.3474,17714602
2024-09-11 20:00:00,0.3474,0.3489,0.3451,0.3463,15795782
2024-09-11 21:00:00,0.3463,0.3478,0.3463,0.3473,8555633
2024-09-11 22:00:00,0.3473,0.3565,0.3466,0.3563,49812138
2024-09-11 23:00:00,0.3564,0.3571,0.3511,0.353,43938277
2024-09-12 00:00:00,0.353,0.3576,0.3528,0.355,33817421
2024-09-12 01:00:00,0.3551,0.3576,0.3547,0.3571,17262526
2024-09-12 02:00:00,0.3571,0.3588,0.353,0.3534,23901474
2024-09-12 03:00:00,0.3534,0.3551,0.3533,0.3547,9644966
2024-09-12 04:00:00,0.3548,0.3559,0.3537,0.3541,10297307
2024-09-12 05:00:00,0.3541,0.3552,0.3532,0.3548,12012039
2024-09-12 06:00:00,0.3548,0.3562,0.354,0.3544,10958912
2024-09-12 07:00:00,0.3544,0.3565,0.3535,0.3561,10380986
2024-09-12 08:00:00,0.3561,0.3588,0.3557,0.3577,18636877
2024-09-12 09:00:00,0.3576,0.3605,0.357,0.3596,28881832
2024-09-12 10:00:00,0.3596,0.3604,0.3579,0.3582,12723157
2024-09-12 11:00:00,0.3582,0.359,0.3574,0.3576,7996579
2024-09-12 12:00:00,0.3576,0.3615,0.3541,0.3603,41971720
2024-09-12 13:00:00,0.3603,0.3607,0.3565,0.3572,22062027
2024-09-12 14:00:00,0.3573,0.3594,0.3558,0.3559,16587869
2024-09-12 15:00:00,0.356,0.3587,0.3542,0.3555,12415382
2024-09-12 16:00:00,0.3555,0.3569,0.354,0.3567,9761991
2024-09-12 17:00:00,0.3567,0.3569,0.3546,0.3564,7988545
2024-09-12 18:00:00,0.3564,0.357,0.3533,0.3542,9164013
2024-09-12 19:00:00,0.3542,0.3555,0.3532,0.354,7944775
2024-09-12 20:00:00,0.3539,0.3542,0.3522,0.3528,8852027
2024-09-12 21:00:00,0.3528,0.3538,0.3517,0.3529,8877724
2024-09-12 22:00:00,0.3528,0.3559,0.3526,0.3556,9291196
2024-09-12 23:00:00,0.3556,0.3567,0.3551,0.3561,7931160
2024-09-13 00:00:00,0.3562,0.3569,0.3545,0.3553,10833646
2024-09-13 01:00:00,0.3554,0.3557,0.3531,0.3545,7725656
2024-09-13 02:00:00,0.3545,0.3549,0.3537,0.3539,4901458
2024-09-13 03:00:00,0.3539,0.355,0.3537,0.3537,6081385
2024-09-13 04:00:00,0.3538,0.357,0.3537,0.3561,9924893
2024-09-13 05:00:00,0.3562,0.3573,0.3551,0.3565,9940256
2024-09-13 06:00:00,0.3565,0.3574,0.3553,0.3558,7716605
2024-09-13 07:00:00,0.3559,0.3573,0.3542,0.3566,10636330
2024-09-13 08:00:00,0.3567,0.3576,0.3551,0.3552,7984990
2024-09-13 09:00:00,0.3552,0.357,0.3551,0.3559,7349193
2024-09-13 10:00:00,0.356,0.357,0.3545,0.3563,9307062
2024-09-13 11:00:00,0.3563,0.3564,0.3522,0.3526,14592123
2024-09-13 12:00:00,0.3526,0.3534,0.35,0.3523,20498328
2024-09-13 13:00:00,0.3524,0.3538,0.3513,0.3534,9994582
2024-09-13 14:00:00,0.3534,0.3559,0.3524,0.3555,15612815
2024-09-13 15:00:00,0.3554,0.3641,0.3552,0.3639,34842950
2024-09-13 16:00:00,0.3638,0.3649,0.3596,0.3601,23495683
2024-09-13 17:00:00,0.3601,0.3632,0.36,0.3615,12431440
2024-09-13 18:00:00,0.3615,0.3624,0.3597,0.3605,9386407
2024-09-13 19:00:00,0.3605,0.361,0.3583,0.3587,9654404
2024-09-13 20:00:00,0.3587,0.3599,0.3583,0.3588,6758505
2024-09-13 21:00:00,0.3589,0.3624,0.3588,0.3614,12753241
2024-09-13 22:00:00,0.3614,0.3628,0.361,0.3613,12663943
2024-09-13 23:00:00,0.3614,0.3615,0.3596,0.3603,7307227
2024-09-14 00:00:00,0.3603,0.3615,0.3591,0.3594,10086527
2024-09-14 01:00:00,0.3594,0.3607,0.3593,0.3594,6956507
2024-09-14 02:00:00,0.3594,0.3608,0.3588,0.3592,5878820
2024-09-14 03:00:00,0.3592,0.3604,0.3587,0.3588,6622189
2024-09-14 04:00:00,0.3588,0.3595,0.3577,0.3583,5233207
2024-09-14 05:00:00,0.3582,0.359,0.357,0.3575,7992579
2024-09-14 06:00:00,0.3575,0.3599,0.3573,0.3595,9978435
2024-09-14 07:00:00,0.3595,0.3595,0.3582,0.3591,6875757
2024-09-14 08:00:00,0.3591,0.3593,0.3573,0.3574,6448364
2024-09-14 09:00:00,0.3575,0.358,0.356,0.3569,11002702
2024-09-14 10:00:00,0.357,0.357,0.3548,0.3551,13241262
2024-09-14 11:00:00,0.355,0.3551,0.3529,0.3535,14659555
2024-09-14 12:00:00,0.3535,0.3546,0.353,0.3531,13210366
2024-09-14 13:00:00,0.353,0.3541,0.3525,0.3539,9044491
2024-09-14 14:00:00,0.3539,0.3559,0.3537,0.3552,11011843
2024-09-14 15:00:00,0.3553,0.3559,0.3535,0.3544,8797800
2024-09-14 16:00:00,0.3544,0.3554,0.3539,0.3546,9940930
2024-09-14 17:00:00,0.3546,0.3546,0.3531,0.3536,6152800
2024-09-14 18:00:00,0.3536,0.354,0.3508,0.3532,21120852
2024-09-14 19:00:00,0.3533,0.3539,0.3525,0.3526,6063801
2024-09-14 20:00:00,0.3527,0.3542,0.3523,0.3533,7766290
2024-09-14 21:00:00,0.3534,0.3537,0.3526,0.3529,5260492
2024-09-14 22:00:00,0.353,0.3534,0.3518,0.3528,4254832
2024-09-14 23:00:00,0.3529,0.3547,0.3528,0.3537,5633770
2024-09-15 00:00:00,0.3537,0.3544,0.3525,0.3537,6536533
2024-09-15 01:00:00,0.3538,0.3552,0.3531,0.3551,6972119
2024-09-15 02:00:00,0.3552,0.3554,0.354,0.3551,4724574
2024-09-15 03:00:00,0.3552,0.356,0.354,0.3541,5434715
2024-09-15 04:00:00,0.3541,0.3546,0.3523,0.3524,6005422
2024-09-15 05:00:00,0.3524,0.3532,0.3519,0.352,6813150
2024-09-15 06:00:00,0.3521,0.3534,0.352,0.3528,6009507
2024-09-15 07:00:00,0.3529,0.3554,0.3528,0.3553,8593993
2024-09-15 08:00:00,0.3554,0.3554,0.3532,0.3532,8768006
2024-09-15 09:00:00,0.3533,0.3536,0.3519,0.3523,7287201
2024-09-15 10:00:00,0.3523,0.3523,0.3502,0.3506,13337693
2024-09-15 11:00:00,0.3507,0.3507,0.3476,0.349,26817653
2024-09-15 12:00:00,0.3491,0.3499,0.3469,0.3491,16901249
2024-09-15 13:00:00,0.3491,0.35,0.3481,0.3485,11814430
2024-09-15 14:00:00,0.3485,0.3495,0.3453,0.3493,20556223
2024-09-15 15:00:00,0.3494,0.3498,0.3482,0.3485,6362948
2024-09-15 16:00:00,0.3486,0.3486,0.3431,0.3435,30778718
2024-09-15 17:00:00,0.3434,0.3445,0.3425,0.3433,15717025
2024-09-15 18:00:00,0.3434,0.3436,0.3411,0.3427,16073797
2024-09-15 19:00:00,0.3428,0.3442,0.3415,0.3418,9334665
2024-09-15 20:00:00,0.3418,0.3423,0.3403,0.3409,9798046
2024-09-15 21:00:00,0.3409,0.341,0.3373,0.3388,21366316
2024-09-15 22:00:00,0.3388,0.3393,0.337,0.3386,14197093
2024-09-15 23:00:00,0.3385,0.3387,0.3338,0.3382,32767958
2024-09-16 00:00:00,0.3382,0.3383,0.3349,0.3357,15595995
2024-09-16 01:00:00,0.3356,0.3358,0.3329,0.3339,20007996
2024-09-16 02:00:00,0.3339,0.3342,0.3302,0.3308,19435600
2024-09-16 03:00:00,0.3308,0.3346,0.3297,0.3344,18332750
2024-09-16 04:00:00,0.3345,0.3345,0.3331,0.3336,9242729
2024-09-16 05:00:00,0.3336,0.3354,0.3334,0.3353,10500742
2024-09-16 06:00:00,0.3354,0.3356,0.3343,0.3346,9619289
2024-09-16 07:00:00,0.3346,0.3369,0.3344,0.3364,10656695
2024-09-16 08:00:00,0.3364,0.3375,0.3353,0.3354,12117486
2024-09-16 09:00:00,0.3355,0.3362,0.3315,0.3318,15548274
2024-09-16 10:00:00,0.3318,0.3342,0.331,0.3335,12851305
2024-09-16 11:00:00,0.3336,0.334,0.3324,0.3325,8622048
2024-09-16 12:00:00,0.3325,0.333,0.331,0.3317,12931160
2024-09-16 13:00:00,0.3317,0.3325,0.3297,0.3316,22482207
2024-09-16 14:00:00,0.3316,0.3322,0.3268,0.3285,35801674
2024-09-16 15:00:00,0.3286,0.3327,0.3284,0.3308,22208132
2024-09-16 16:00:00,0.3309,0.3315,0.3296,0.3307,12723991
2024-09-16 17:00:00,0.3307,0.3315,0.327,0.3309,32418699
2024-09-16 18:00:00,0.331,0.3313,0.3284,0.3292,11919922
2024-09-16 19:00:00,0.3293,0.3304,0.3281,0.3293,8484870
2024-09-16 20:00:00,0.3294,0.33,0.3269,0.3271,9974913
2024-09-16 21:00:00,0.3271,0.3294,0.3261,0.3291,13432558
2024-09-16 22:00:00,0.3292,0.3294,0.3271,0.3274,7339654
2024-09-16 23:00:00,0.3275,0.3309,0.3274,0.33,8520305
2024-09-17 00:00:00,0.33,0.3305,0.3281,0.3284,9434824
2024-09-17 01:00:00,0.3285,0.3314,0.3281,0.3306,9234264
2024-09-17 02:00:00,0.3306,0.3318,0.3301,0.3308,7974728
2024-09-17 03:00:00,0.3309,0.3324,0.3306,0.332,6309324
2024-09-17 04:00:00,0.3321,0.3336,0.3316,0.3332,7098449
2024-09-17 05:00:00,0.3333,0.3357,0.333,0.3346,8436606
2024-09-17 06:00:00,0.3347,0.3349,0.3332,0.3334,7084222
2024-09-17 07:00:00,0.3335,0.3338,0.3325,0.3335,7053222
2024-09-17 08:00:00,0.3335,0.3344,0.3328,0.3337,7019094
2024-09-17 09:00:00,0.3337,0.3348,0.3322,0.3333,11488982
2024-09-17 10:00:00,0.3334,0.3342,0.3328,0.3338,8320223
2024-09-17 11:00:00,0.3338,0.3342,0.3306,0.331,10406443
2024-09-17 12:00:00,0.331,0.3331,0.3307,0.3324,10687852
2024-09-17 13:00:00,0.3324,0.3332,0.3307,0.3316,15643982
2024-09-17 14:00:00,0.3315,0.3382,0.3313,0.3363,33784863
2024-09-17 15:00:00,0.3364,0.3429,0.3363,0.3407,38563964
2024-09-17 16:00:00,0.3406,0.3409,0.3354,0.3359,30554203
2024-09-17 17:00:00,0.336,0.337,0.3353,0.3361,10042126
2024-09-17 18:00:00,0.3361,0.3371,0.3332,0.3341,12733026
2024-09-17 19:00:00,0.3341,0.335,0.331,0.3335,15461477
2024-09-17 20:00:00,0.3335,0.3352,0.3324,0.3334,10879088
2024-09-17 21:00:00,0.3334,0.3355,0.333,0.3342,6772398
2024-09-17 22:00:00,0.3342,0.3344,0.3323,0.3339,6529731
2024-09-17 23:00:00,0.334,0.3345,0.3331,0.3336,5260273
2024-09-18 00:00:00,0.3335,0.3336,0.3304,0.3329,11134166
2024-09-18 01:00:00,0.333,0.334,0.3323,0.333,5916228
2024-09-18 02:00:00,0.333,0.3374,0.3328,0.337,7949466
2024-09-18 03:00:00,0.337,0.339,0.3363,0.3364,13345124
2024-09-18 04:00:00,0.3363,0.3371,0.334,0.3347,10380131
2024-09-18 05:00:00,0.3347,0.3351,0.3336,0.3339,7741033
2024-09-18 06:00:00,0.334,0.3353,0.3335,0.3343,6221672
2024-09-18 07:00:00,0.3343,0.3349,0.333,0.3336,8535045
2024-09-18 08:00:00,0.3336,0.3337,0.3314,0.3316,10140294
2024-09-18 09:00:00,0.3317,0.3319,0.3283,0.3285,15046896
2024-09-18 10:00:00,0.3285,0.3311,0.328,0.3308,15329266
2024-09-18 11:00:00,0.3309,0.3325,0.3302,0.3305,9098347
2024-09-18 12:00:00,0.3305,0.3315,0.3298,0.3311,9029358
2024-09-18 13:00:00,0.3312,0.332,0.3281,0.329,14318065
2024-09-18 14:00:00,0.3291,0.3307,0.3288,0.3298,11952974
2024-09-18 15:00:00,0.3298,0.3313,0.3271,0.3282,15194930
2024-09-18 16:00:00,0.3282,0.3309,0.3269,0.3307,14865860
2024-09-18 17:00:00,0.3307,0.3323,0.3284,0.3307,13202333
2024-09-18 18:00:00,0.3307,0.3396,0.3301,0.3372,85954907
2024-09-18 19:00:00,0.3372,0.3383,0.3333,0.334,40351694
2024-09-18 20:00:00,0.334,0.336,0.3313,0.3357,17708428
2024-09-18 21:00:00,0.3356,0.3377,0.3355,0.3357,6284040
2024-09-18 22:00:00,0.3357,0.3379,0.3356,0.3376,6582934
2024-09-18 23:00:00,0.3377,0.3441,0.3377,0.344,15789730
2024-09-19 00:00:00,0.344,0.3509,0.3439,0.3499,41704438
2024-09-19 01:00:00,0.35,0.3512,0.3466,0.3503,26618854
2024-09-19 02:00:00,0.3503,0.3514,0.349,0.3494,14673867
2024-09-19 03:00:00,0.3495,0.3501,0.3479,0.3488,13395599
2024-09-19 04:00:00,0.3488,0.3499,0.3478,0.3494,11362748
2024-09-19 05:00:00,0.3494,0.3498,0.3471,0.3475,11681894
2024-09-19 06:00:00,0.3476,0.3479,0.3456,0.346,11992944
2024-09-19 07:00:00,0.346,0.3476,0.345,0.3474,14863407
2024-09-19 08:00:00,0.3475,0.3486,0.346,0.3461,11337913
2024-09-19 09:00:00,0.3461,0.3487,0.3458,0.3473,10139332
2024-09-19 10:00:00,0.3474,0.3491,0.347,0.3473,10816032
2024-09-19 11:00:00,0.3474,0.3493,0.3472,0.3489,8535122
2024-09-19 12:00:00,0.349,0.3509,0.3485,0.3504,26072210
2024-09-19 13:00:00,0.3505,0.3515,0.3488,0.3504,22920144
2024-09-19 14:00:00,0.3504,0.3545,0.3501,0.3523,26536955
2024-09-19 15:00:00,0.3523,0.3536,0.3506,0.3519,13715356
2024-09-19 16:00:00,0.3519,0.3559,0.3518,0.3546,20651379
2024-09-19 17:00:00,0.3547,0.3562,0.3532,0.355,12458891
2024-09-19 18:00:00,0.355,0.3563,0.3539,0.3546,9707113
2024-09-19 19:00:00,0.3545,0.3547,0.3519,0.3524,10588390
2024-09-19 20:00:00,0.3524,0.3541,0.3523,0.3526,8844264
2024-09-19 21:00:00,0.3525,0.3531,0.3503,0.3505,8584425
2024-09-19 22:00:00,0.3504,0.3517,0.3499,0.3516,12081347
2024-09-19 23:00:00,0.3515,0.3522,0.3502,0.3509,5908555
2024-09-20 00:00:00,0.3508,0.3518,0.3491,0.3506,11413346
2024-09-20 01:00:00,0.3506,0.3513,0.3486,0.3508,12821354
2024-09-20 02:00:00,0.3508,0.3547,0.3499,0.3546,9473761
2024-09-20 03:00:00,0.3546,0.3589,0.3541,0.3586,21437748
2024-09-20 04:00:00,0.3585,0.3608,0.3578,0.3605,27978844
2024-09-20 05:00:00,0.3606,0.3611,0.3565,0.3578,21394962
2024-09-20 06:00:00,0.3578,0.3605,0.3562,0.3604,14934729
2024-09-20 07:00:00,0.3604,0.3604,0.3571,0.3595,13760363
2024-09-20 08:00:00,0.3595,0.3599,0.3571,0.3591,11345669
2024-09-20 09:00:00,0.3592,0.3597,0.3585,0.3587,6847555
2024-09-20 10:00:00,0.3587,0.3598,0.3572,0.3591,9585555
2024-09-20 11:00:00,0.3591,0.3596,0.3556,0.3563,15987176
2024-09-20 12:00:00,0.3562,0.3585,0.3558,0.3578,12184933
2024-09-20 13:00:00,0.3578,0.3581,0.3531,0.3541,24184533
2024-09-20 14:00:00,0.354,0.3569,0.3527,0.3554,21032123
2024-09-20 15:00:00,0.3554,0.3557,0.3527,0.3544,15791434
2024-09-20 16:00:00,0.3545,0.3557,0.3515,0.3516,13002051
2024-09-20 17:00:00,0.3516,0.3522,0.3501,0.3514,13665506
2024-09-20 18:00:00,0.3515,0.3528,0.3493,0.3524,13518902
2024-09-20 19:00:00,0.3525,0.3527,0.3508,0.3515,8448131
2024-09-20 20:00:00,0.3515,0.3518,0.3506,0.3508,4543820
2024-09-20 21:00:00,0.3507,0.3539,0.3507,0.3526,8424061
2024-09-20 22:00:00,0.3527,0.3535,0.3521,0.3527,4414466
2024-09-20 23:00:00,0.3526,0.3527,0.3511,0.352,4633830
2024-09-21 00:00:00,0.352,0.354,0.3502,0.3526,12221638
2024-09-21 01:00:00,0.3526,0.3539,0.3507,0.3507,8690808
2024-09-21 02:00:00,0.3507,0.3522,0.3507,0.3516,5831739
2024-09-21 03:00:00,0.3517,0.3548,0.3515,0.3546,8111331
2024-09-21 04:00:00,0.3546,0.3555,0.351,0.3524,12427849
2024-09-21 05:00:00,0.3524,0.3539,0.3515,0.3535,4489317
2024-09-21 06:00:00,0.3535,0.3555,0.3531,0.3535,7352247
2024-09-21 07:00:00,0.3535,0.3545,0.353,0.354,6611576
2024-09-21 08:00:00,0.3539,0.3558,0.3538,0.3547,6348657
2024-09-21 09:00:00,0.3548,0.3557,0.3545,0.355,3994940
2024-09-21 10:00:00,0.355,0.3552,0.3526,0.3532,6175454
2024-09-21 11:00:00,0.3533,0.3537,0.3526,0.3535,4751371
2024-09-21 12:00:00,0.3536,0.3559,0.3533,0.3556,5962660
2024-09-21 13:00:00,0.3557,0.3575,0.3544,0.3566,6786708
2024-09-21 14:00:00,0.3567,0.3582,0.3563,0.3572,8094228
2024-09-21 15:00:00,0.3571,0.3572,0.3538,0.3556,14234847
2024-09-21 16:00:00,0.3555,0.3583,0.3554,0.3582,15309236
2024-09-21 17:00:00,0.3583,0.3597,0.3564,0.3566,22853005
2024-09-21 18:00:00,0.3567,0.3577,0.3564,0.3567,4452958
2024-09-21 19:00:00,0.3567,0.3576,0.3561,0.3562,4137424
2024-09-21 20:00:00,0.3561,0.3572,0.3556,0.356,3867610
2024-09-21 21:00:00,0.3561,0.3568,0.3555,0.3557,5257541
2024-09-21 22:00:00,0.3558,0.3572,0.3557,0.3568,4723458
2024-09-21 23:00:00,0.3568,0.359,0.3566,0.3582,8223599
2024-09-22 00:00:00,0.3581,0.3593,0.3556,0.3576,12783713
2024-09-22 01:00:00,0.3576,0.3592,0.3568,0.3569,8777825
2024-09-22 02:00:00,0.3569,0.3574,0.3534,0.3545,13181392
2024-09-22 03:00:00,0.3545,0.3558,0.3541,0.3549,8817338
2024-09-22 04:00:00,0.3549,0.3551,0.3539,0.3539,4784752
2024-09-22 05:00:00,0.354,0.354,0.3521,0.3528,9801410
2024-09-22 06:00:00,0.3527,0.3541,0.3512,0.3522,9782536
2024-09-22 07:00:00,0.3522,0.3535,0.352,0.3533,6099152
2024-09-22 08:00:00,0.3534,0.3543,0.3529,0.3542,6696477
2024-09-22 09:00:00,0.3543,0.3546,0.3514,0.3518,10871069
2024-09-22 10:00:00,0.3518,0.3526,0.3499,0.3513,9988190
2024-09-22 11:00:00,0.3513,0.3529,0.3503,0.3521,10590554
2024-09-22 12:00:00,0.3521,0.3544,0.3517,0.3535,10364085
2024-09-22 13:00:00,0.3536,0.3538,0.3501,0.3506,9886090
2024-09-22 14:00:00,0.3506,0.3518,0.3467,0.3484,24748211
2024-09-22 15:00:00,0.3484,0.3489,0.3471,0.3474,15060739
2024-09-22 16:00:00,0.3474,0.3483,0.3449,0.3476,21803205
2024-09-22 17:00:00,0.3476,0.3513,0.3475,0.3509,12993366
2024-09-22 18:00:00,0.3509,0.351,0.3483,0.3493,9290194
2024-09-22 19:00:00,0.3493,0.3509,0.347,0.3503,9516558
2024-09-22 20:00:00,0.3504,0.352,0.3496,0.3499,7260933
2024-09-22 21:00:00,0.3499,0.3516,0.3454,0.3459,8161588
2024-09-22 22:00:00,0.3459,0.3528,0.3425,0.352,41576056
2024-09-22 23:00:00,0.3521,0.3529,0.35,0.3515,11514153
2024-09-23 00:00:00,0.3515,0.3528,0.345,0.3515,27618742
2024-09-23 01:00:00,0.3515,0.3545,0.351,0.3536,15729164
2024-09-23 02:00:00,0.3536,0.3545,0.3512,0.3541,12166761
2024-09-23 03:00:00,0.3541,0.3605,0.3539,0.3568,35742466
2024-09-23 04:00:00,0.3569,0.3584,0.3537,0.3549,13948792
2024-09-23 05:00:00,0.355,0.3564,0.3542,0.3554,8476770
2024-09-23 06:00:00,0.3554,0.3581,0.354,0.3566,13316746
2024-09-23 07:00:00,0.3567,0.3571,0.3528,0.3529,16132606
2024-09-23 08:00:00,0.353,0.3536,0.3504,0.3519,20921044
2024-09-23 09:00:00,0.352,0.3546,0.3518,0.3538,10306526
2024-09-23 10:00:00,0.3538,0.3542,0.3509,0.3534,9967353
2024-09-23 11:00:00,0.3535,0.3547,0.3516,0.3534,11441534
2024-09-23 12:00:00,0.3535,0.3546,0.3522,0.3543,11294867
2024-09-23 13:00:00,0.3543,0.356,0.3529,0.354,20146608
2024-09-23 14:00:00,0.354,0.3577,0.3533,0.3555,25020101
2024-09-23 15:00:00,0.3555,0.3576,0.3535,0.3564,13307148
2024-09-23 16:00:00,0.3564,0.3582,0.3544,0.3546,15436648
2024-09-23 17:00:00,0.3545,0.3579,0.3538,0.3574,12641744
2024-09-23 18:00:00,0.3574,0.3604,0.3573,0.3599,14585356
2024-09-23 19:00:00,0.3599,0.3642,0.3597,0.3609,36435943
2024-09-23 20:00:00,0.361,0.3633,0.361,0.3615,13124045
2024-09-23 21:00:00,0.3616,0.3628,0.3593,0.3613,17860576
2024-09-23 22:00:00,0.3613,0.3656,0.3606,0.364,17117157
2024-09-23 23:00:00,0.364,0.3648,0.3624,0.3636,11474282
2024-09-24 00:00:00,0.3636,0.364,0.3603,0.3606,24915300
2024-09-24 01:00:00,0.3607,0.3641,0.3598,0.3607,16016350
2024-09-24 02:00:00,0.3606,0.3614,0.3583,0.3608,12743703
2024-09-24 03:00:00,0.3609,0.3628,0.3602,0.3621,9402504
2024-09-24 04:00:00,0.3622,0.3636,0.3603,0.3607,12136453
2024-09-24 05:00:00,0.3606,0.3631,0.3605,0.3614,8087222
2024-09-24 06:00:00,0.3615,0.365,0.3614,0.364,13219593
2024-09-24 07:00:00,0.3641,0.3691,0.3637,0.3681,24933793
2024-09-24 08:00:00,0.3682,0.3708,0.3674,0.3702,23704840
2024-09-24 09:00:00,0.3703,0.3709,0.3683,0.3686,13750655
2024-09-24 10:00:00,0.3686,0.3707,0.3684,0.3693,12530311
2024-09-24 11:00:00,0.3693,0.3704,0.3684,0.3692,11190029
2024-09-24 12:00:00,0.3693,0.3723,0.3692,0.3703,19456762
2024-09-24 13:00:00,0.3704,0.3757,0.3703,0.3735,27267622
2024-09-24 14:00:00,0.3736,0.3736,0.3652,0.3705,55919980
2024-09-24 15:00:00,0.3706,0.377,0.3695,0.3718,36137247
2024-09-24 16:00:00,0.3717,0.3787,0.3717,0.3768,43851764
2024-09-24 17:00:00,0.3769,0.3825,0.376,0.3822,30989606
2024-09-24 18:00:00,0.3823,0.3843,0.3797,0.3821,36100769
2024-09-24 19:00:00,0.382,0.389,0.3811,0.3881,34617920
2024-09-24 20:00:00,0.3882,0.3894,0.3841,0.3863,31293985
2024-09-24 21:00:00,0.3862,0.389,0.3856,0.3886,11402025
2024-09-24 22:00:00,0.3885,0.3914,0.3878,0.3888,21674954
2024-09-24 23:00:00,0.3888,0.3894,0.3858,0.3876,15288014
2024-09-25 00:00:00,0.3877,0.391,0.3873,0.3885,19590540
2024-09-25 01:00:00,0.3886,0.3921,0.3885,0.3909,19235151
2024-09-25 02:00:00,0.391,0.3915,0.3894,0.3899,12415613
2024-09-25 03:00:00,0.39,0.3937,0.3896,0.3903,21109009
2024-09-25 04:00:00,0.3903,0.391,0.3855,0.3857,20188584
2024-09-25 05:00:00,0.3858,0.3879,0.3847,0.3848,14883427
2024-09-25 06:00:00,0.3848,0.3853,0.3809,0.3812,24620102
2024-09-25 07:00:00,0.3812,0.3825,0.3797,0.3811,20265675
2024-09-25 08:00:00,0.3812,0.3827,0.3803,0.3816,10592973
2024-09-25 09:00:00,0.3817,0.3827,0.3811,0.3817,8392822
2024-09-25 10:00:00,0.3818,0.3838,0.3804,0.3809,13909940
2024-09-25 11:00:00,0.3809,0.383,0.3801,0.3828,11144579
2024-09-25 12:00:00,0.3827,0.3832,0.3811,0.3811,9924059
2024-09-25 13:00:00,0.3812,0.3844,0.3808,0.3841,16614037
2024-09-25 14:00:00,0.3842,0.3867,0.384,0.3858,19075361
2024-09-25 15:00:00,0.3859,0.3873,0.3832,0.3833,17415581
2024-09-25 16:00:00,0.3833,0.3865,0.3826,0.3841,11911000
2024-09-25 17:00:00,0.3842,0.3848,0.3815,0.3828,15259176
2024-09-25 18:00:00,0.3828,0.3846,0.381,0.3838,11236441
2024-09-25 19:00:00,0.3839,0.3854,0.3826,0.3831,7677773
2024-09-25 20:00:00,0.3832,0.3847,0.3825,0.3833,7061525
2024-09-25 21:00:00,0.3833,0.3835,0.382,0.3821,5169360
2024-09-25 22:00:00,0.3821,0.3828,0.3801,0.3822,10178155
2024-09-25 23:00:00,0.3821,0.3825,0.3787,0.3808,13562821
2024-09-26 00:00:00,0.3808,0.3829,0.378,0.3794,16739463
2024-09-26 01:00:00,0.3793,0.3823,0.3778,0.3822,20242626
2024-09-26 02:00:00,0.3822,0.3848,0.3818,0.3845,13878738
2024-09-26 03:00:00,0.3845,0.3865,0.3842,0.3855,9631155
2024-09-26 04:00:00,0.3855,0.3863,0.3838,0.3839,7741423
2024-09-26 05:00:00,0.3838,0.3892,0.3836,0.3886,14235114
2024-09-26 06:00:00,0.3886,0.3943,0.3881,0.3927,24369143
2024-09-26 07:00:00,0.3928,0.3964,0.3924,0.3954,17795780
2024-09-26 08:00:00,0.3955,0.3987,0.3949,0.3952,34974751
2024-09-26 09:00:00,0.3952,0.3956,0.3925,0.3933,20239582
2024-09-26 10:00:00,0.3933,0.396,0.3931,0.3939,14320846
2024-09-26 11:00:00,0.3939,0.3982,0.3925,0.3965,19475164
2024-09-26 12:00:00,0.3966,0.3981,0.3944,0.3959,17295574
2024-09-26 13:00:00,0.396,0.3972,0.3945,0.3966,14355148
2024-09-26 14:00:00,0.3966,0.3998,0.3955,0.396,27557997
2024-09-26 15:00:00,0.396,0.4041,0.395,0.4015,33095589
2024-09-26 16:00:00,0.4015,0.4034,0.3995,0.4001,20158019
2024-09-26 17:00:00,0.4,0.4028,0.397,0.3978,20718509
2024-09-26 18:00:00,0.3977,0.4015,0.3977,0.4005,15363412
2024-09-26 19:00:00,0.4005,0.4009,0.3977,0.3978,7989313
2024-09-26 20:00:00,0.3978,0.3987,0.3948,0.3949,12094774
2024-09-26 21:00:00,0.3949,0.4014,0.3946,0.4009,8711138
2024-09-26 22:00:00,0.4009,0.4034,0.4003,0.4007,13007343
2024-09-26 23:00:00,0.4008,0.4021,0.3975,0.4013,12794471
2024-09-27 00:00:00,0.4013,0.4037,0.4013,0.4034,11700394
2024-09-27 01:00:00,0.4034,0.4082,0.4019,0.4072,25098836
2024-09-27 02:00:00,0.4072,0.4082,0.4031,0.4049,17786963
2024-09-27 03:00:00,0.405,0.4097,0.404,0.4094,14456144
2024-09-27 04:00:00,0.4094,0.4102,0.4066,0.4092,15574129
2024-09-27 05:00:00,0.4092,0.4156,0.4075,0.4138,27740681
2024-09-27 06:00:00,0.4138,0.4142,0.4114,0.4116,19364441
2024-09-27 07:00:00,0.4116,0.413,0.4074,0.4078,18028394
2024-09-27 08:00:00,0.4077,0.4092,0.405,0.4062,20819171
2024-09-27 09:00:00,0.4062,0.4072,0.4038,0.4041,16597237
2024-09-27 10:00:00,0.404,0.4041,0.4001,0.4004,20747349
2024-09-27 11:00:00,0.4005,0.4026,0.4004,0.4024,9618306
2024-09-27 12:00:00,0.4024,0.4058,0.401,0.4056,20699112
2024-09-27 13:00:00,0.4057,0.4061,0.4027,0.4051,13882829
2024-09-27 14:00:00,0.4051,0.4095,0.4037,0.4075,27761479
2024-09-27 15:00:00,0.4074,0.408,0.4039,0.4042,15676088
2024-09-27 16:00:00,0.4041,0.4071,0.4012,0.4064,24965714
2024-09-27 17:00:00,0.4064,0.4068,0.4015,0.4044,17876442
2024-09-27 18:00:00,0.4043,0.4046,0.4016,0.4034,9717265
2024-09-27 19:00:00,0.4034,0.4041,0.4004,0.4008,9375252
2024-09-27 20:00:00,0.4007,0.4029,0.3991,0.4024,10866989
2024-09-27 21:00:00,0.4024,0.4027,0.4005,0.4014,4387152
2024-09-27 22:00:00,0.4014,0.4038,0.4008,0.4026,8892766
2024-09-27 23:00:00,0.4027,0.4031,0.4011,0.4017,6414215
2024-09-28 00:00:00,0.4018,0.4031,0.4009,0.4031,10186462
2024-09-28 01:00:00,0.4031,0.4034,0.4019,0.4029,4925942
2024-09-28 02:00:00,0.4029,0.4058,0.4022,0.4055,7557649
2024-09-28 03:00:00,0.4055,0.4057,0.4032,0.4038,7723261
2024-09-28 04:00:00,0.4037,0.4048,0.4025,0.4027,7322042
2024-09-28 05:00:00,0.4027,0.4031,0.398,0.3994,17196196
2024-09-28 06:00:00,0.3994,0.4,0.3961,0.3975,17015914
2024-09-28 07:00:00,0.3975,0.4013,0.3968,0.3969,25762018
2024-09-28 08:00:00,0.3968,0.3973,0.395,0.3959,16604855
2024-09-28 09:00:00,0.3958,0.3985,0.3919,0.3984,22283935
2024-09-28 10:00:00,0.3985,0.402,0.3972,0.4018,12828815
2024-09-28 11:00:00,0.4019,0.4024,0.3993,0.4008,9896034
2024-09-28 12:00:00,0.4007,0.4014,0.3998,0.4008,10660847
2024-09-28 13:00:00,0.4008,0.402,0.3993,0.4009,11175019
2024-09-28 14:00:00,0.4009,0.4039,0.4008,0.403,12527053
2024-09-28 15:00:00,0.403,0.4035,0.401,0.4015,7484300
2024-09-28 16:00:00,0.4015,0.4042,0.4005,0.4008,12994914
2024-09-28 17:00:00,0.4009,0.4025,0.4002,0.4005,7986458
2024-09-28 18:00:00,0.4005,0.4024,0.4004,0.4004,8884730
2024-09-28 19:00:00,0.4005,0.4014,0.4002,0.401,4489385
2024-09-28 20:00:00,0.4011,0.4014,0.4003,0.4003,3068039
2024-09-28 21:00:00,0.4004,0.4006,0.3957,0.3992,13095690
2024-09-28 22:00:00,0.3992,0.4002,0.3977,0.3989,8966169
2024-09-28 23:00:00,0.399,0.4014,0.3974,0.4005,8561355
2024-09-29 00:00:00,0.4004,0.4012,0.3965,0.3966,8423768
2024-09-29 01:00:00,0.3966,0.3983,0.3962,0.3981,6658216
2024-09-29 02:00:00,0.3981,0.4006,0.3981,0.399,9397922
2024-09-29 03:00:00,0.399,0.4006,0.3977,0.4001,4625305
2024-09-29 04:00:00,0.4001,0.4002,0.3976,0.3989,5435485
2024-09-29 05:00:00,0.3989,0.3996,0.397,0.3978,4696352
2024-09-29 06:00:00,0.3978,0.3984,0.3941,0.3947,12784459
2024-09-29 07:00:00,0.3948,0.396,0.393,0.394,10218257
2024-09-29 08:00:00,0.394,0.396,0.3936,0.3954,10212063
2024-09-29 09:00:00,0.3953,0.3975,0.3951,0.3953,6995874
2024-09-29 10:00:00,0.3953,0.3957,0.3937,0.3952,6774055
2024-09-29 11:00:00,0.3952,0.3977,0.3949,0.3971,6628893
2024-09-29 12:00:00,0.3972,0.3981,0.3936,0.3941,10064416
2024-09-29 13:00:00,0.394,0.3978,0.3924,0.3973,16812228
2024-09-29 14:00:00,0.3973,0.399,0.3967,0.3976,11795956
2024-09-29 15:00:00,0.3976,0.4008,0.3974,0.4003,13765194
2024-09-29 16:00:00,0.4003,0.4028,0.3991,0.4024,17411308
2024-09-29 17:00:00,0.4025,0.4039,0.4006,0.4023,14771029
2024-09-29 18:00:00,0.4024,0.404,0.4023,0.4035,9238611
2024-09-29 19:00:00,0.4036,0.4038,0.4018,0.4035,6853135
2024-09-29 20:00:00,0.4035,0.4037,0.3998,0.4008,12016089
2024-09-29 21:00:00,0.4008,0.4026,0.3999,0.4004,7586695
2024-09-29 22:00:00,0.4005,0.401,0.3977,0.398,13208552
2024-09-29 23:00:00,0.3979,0.3983,0.3958,0.3972,9137187
2024-09-30 00:00:00,0.3973,0.3975,0.3897,0.3947,28473158
2024-09-30 01:00:00,0.3947,0.3953,0.388,0.3883,23645090
2024-09-30 02:00:00,0.3883,0.3909,0.3874,0.3886,16475815
2024-09-30 03:00:00,0.3886,0.3902,0.386,0.3894,15372842
2024-09-30 04:00:00,0.3894,0.3895,0.3876,0.3887,8351505
2024-09-30 05:00:00,0.3887,0.3906,0.3879,0.3902,6772202
2024-09-30 06:00:00,0.3903,0.3925,0.3887,0.3887,17098136
2024-09-30 07:00:00,0.3888,0.3914,0.3888,0.3903,11070791
2024-09-30 08:00:00,0.3902,0.3902,0.3869,0.3886,15880546
2024-09-30 09:00:00,0.3886,0.3889,0.3833,0.3836,28962717
2024-09-30 10:00:00,0.3835,0.3849,0.3813,0.3837,39521095
2024-09-30 11:00:00,0.3838,0.3855,0.3825,0.3851,16755972
2024-09-30 12:00:00,0.3852,0.3859,0.3836,0.3849,13691599
2024-09-30 13:00:00,0.3849,0.386,0.3836,0.3845,16246019
2024-09-30 14:00:00,0.3844,0.3848,0.3807,0.381,19634757
2024-09-30 15:00:00,0.381,0.383,0.3781,0.3784,25386886
2024-09-30 16:00:00,0.3784,0.3822,0.3778,0.3808,18503951
2024-09-30 17:00:00,0.3809,0.3824,0.3802,0.3816,10717195
2024-09-30 18:00:00,0.3817,0.3821,0.3779,0.3801,20292907
2024-09-30 19:00:00,0.3801,0.3803,0.3788,0.3792,8707288
2024-09-30 20:00:00,0.3792,0.3813,0.3786,0.3806,8777994
2024-09-30 21:00:00,0.3806,0.382,0.3803,0.3814,6991216
2024-09-30 22:00:00,0.3815,0.3818,0.3758,0.3761,18981211
2024-09-30 23:00:00,0.3762,0.3775,0.3704,0.3732,36851598
2024-10-01 00:00:00,0.3731,0.3783,0.371,0.3772,27275508
2024-10-01 01:00:00,0.3772,0.3796,0.377,0.3776,12974990
2024-10-01 02:00:00,0.3776,0.3786,0.3745,0.3785,9055176
2024-10-01 03:00:00,0.3785,0.3821,0.378,0.3818,11463230
2024-10-01 04:00:00,0.3817,0.3832,0.3803,0.3823,12919823
2024-10-01 05:00:00,0.3824,0.3825,0.3806,0.3818,7320288
2024-10-01 06:00:00,0.3819,0.3846,0.3814,0.3844,8941389
2024-10-01 07:00:00,0.3844,0.3855,0.3833,0.3838,12065875
2024-10-01 08:00:00,0.3838,0.3852,0.382,0.3835,10549612
2024-10-01 09:00:00,0.3835,0.3847,0.3832,0.3833,5993774
2024-10-01 10:00:00,0.3833,0.3854,0.3827,0.3852,7036679
2024-10-01 11:00:00,0.3853,0.3859,0.384,0.3841,6655403
2024-10-01 12:00:00,0.3842,0.3851,0.3826,0.3844,9016920
2024-10-01 13:00:00,0.3845,0.3846,0.3714,0.3763,57816287
2024-10-01 14:00:00,0.3764,0.3779,0.3668,0.3682,61452200
2024-10-01 15:00:00,0.3682,0.3694,0.355,0.3662,111249077
2024-10-01 16:00:00,0.3662,0.3677,0.3579,0.3624,52566709
2024-10-01 17:00:00,0.3624,0.3624,0.3421,0.3563,130774743
2024-10-01 18:00:00,0.3564,0.3594,0.3538,0.3567,43043277
2024-10-01 19:00:00,0.3567,0.358,0.3527,0.3531,33252078
2024-10-01 20:00:00,0.3531,0.3544,0.3457,0.3532,53792470
2024-10-01 21:00:00,0.3532,0.3536,0.3492,0.353,18092891
2024-10-01 22:00:00,0.3531,0.3531,0.3484,0.35,15045639
2024-10-01 23:00:00,0.3501,0.3532,0.3493,0.3518,11384656
2024-10-02 00:00:00,0.3519,0.3551,0.3495,0.3538,18857807
2024-10-02 01:00:00,0.3538,0.3577,0.353,0.3571,21073069
2024-10-02 02:00:00,0.3572,0.36,0.3561,0.3594,14654578
2024-10-02 03:00:00,0.3593,0.3622,0.3591,0.3617,11991131
2024-10-02 04:00:00,0.3617,0.3619,0.3571,0.3574,18768894
2024-10-02 05:00:00,0.3573,0.3594,0.3553,0.3564,12915264
2024-10-02 06:00:00,0.3563,0.36,0.3557,0.3588,15879361
2024-10-02 07:00:00,0.3589,0.3622,0.3576,0.359,19709886
2024-10-02 08:00:00,0.359,0.3594,0.3573,0.3585,9829847
2024-10-02 09:00:00,0.3584,0.3588,0.3509,0.3514,29023067
2024-10-02 10:00:00,0.3514,0.3544,0.3493,0.3494,24477842
2024-10-02 11:00:00,0.3494,0.3528,0.3481,0.3504,24518538
2024-10-02 12:00:00,0.3505,0.3512,0.3463,0.347,28231209
2024-10-02 13:00:00,0.3469,0.3517,0.3438,0.3501,39452466
2024-10-02 14:00:00,0.3501,0.3526,0.3471,0.3471,30383222
2024-10-02 15:00:00,0.3471,0.3529,0.3467,0.3517,22683988
2024-10-02 16:00:00,0.3518,0.3551,0.3488,0.3488,21614827
2024-10-02 17:00:00,0.3488,0.3498,0.3455,0.3467,17223405
2024-10-02 18:00:00,0.3466,0.3469,0.3381,0.3386,46604221
2024-10-02 19:00:00,0.3387,0.3405,0.3355,0.339,51601172
2024-10-02 20:00:00,0.339,0.3448,0.3376,0.3436,24007715
2024-10-02 21:00:00,0.3436,0.3447,0.3408,0.3432,12550123
2024-10-02 22:00:00,0.3432,0.3453,0.3399,0.3452,13494312
2024-10-02 23:00:00,0.3452,0.3455,0.3428,0.3429,9780484
2024-10-03 00:00:00,0.343,0.3444,0.3403,0.3423,17436049
2024-10-03 01:00:00,0.3424,0.3473,0.3422,0.3463,16928656
2024-10-03 02:00:00,0.3463,0.3493,0.346,0.3477,11735860
2024-10-03 03:00:00,0.3477,0.3494,0.3464,0.349,9073252
2024-10-03 04:00:00,0.3489,0.3491,0.3469,0.3475,7401871
2024-10-03 05:00:00,0.3475,0.3479,0.3449,0.3454,10351629
2024-10-03 06:00:00,0.3453,0.3482,0.3448,0.3478,10763854
2024-10-03 07:00:00,0.3478,0.3485,0.3423,0.3424,17271423
2024-10-03 08:00:00,0.3424,0.3428,0.3329,0.3348,56625833
2024-10-03 09:00:00,0.3348,0.3399,0.3314,0.3397,41587615
2024-10-03 10:00:00,0.3397,0.3425,0.339,0.3424,18370971
2024-10-03 11:00:00,0.3424,0.3431,0.3389,0.339,19748608
2024-10-03 12:00:00,0.3391,0.3404,0.3366,0.3393,24776372
2024-10-03 13:00:00,0.3393,0.3413,0.3349,0.3393,37404594
2024-10-03 14:00:00,0.3394,0.344,0.335,0.3355,61079253
2024-10-03 15:00:00,0.3355,0.3398,0.3329,0.3388,57745541
2024-10-03 16:00:00,0.3389,0.3399,0.3335,0.3358,39617043
2024-10-03 17:00:00,0.3358,0.3397,0.3334,0.3379,29528669
2024-10-03 18:00:00,0.338,0.3392,0.3363,0.3375,11961295
2024-10-03 19:00:00,0.3375,0.3426,0.3366,0.3425,17130485
2024-10-03 20:00:00,0.3424,0.3434,0.3401,0.3413,14067336
2024-10-03 21:00:00,0.3412,0.3439,0.3387,0.3433,10827344
2024-10-03 22:00:00,0.3433,0.3453,0.3419,0.3453,13412023
2024-10-03 23:00:00,0.3452,0.3468,0.3437,0.3451,11549869
2024-10-04 00:00:00,0.345,0.3468,0.3427,0.3427,20376183
2024-10-04 01:00:00,0.3427,0.3486,0.3427,0.3465,19111149
2024-10-04 02:00:00,0.3465,0.3486,0.3462,0.3464,11692267
2024-10-04 03:00:00,0.3464,0.3466,0.3445,0.3452,6475028
2024-10-04 04:00:00,0.3452,0.3488,0.345,0.3463,9902430
2024-10-04 05:00:00,0.3463,0.3501,0.3459,0.3496,9756848
2024-10-04 06:00:00,0.3497,0.3502,0.3472,0.3473,9932528
2024-10-04 07:00:00,0.3473,0.3501,0.3458,0.3497,12086386
2024-10-04 08:00:00,0.3497,0.353,0.3486,0.3497,37355677
2024-10-04 09:00:00,0.3497,0.3525,0.3495,0.351,9450073
2024-10-04 10:00:00,0.3509,0.3516,0.3493,0.3499,7325764
2024-10-04 11:00:00,0.35,0.3534,0.3498,0.353,6396867
2024-10-04 12:00:00,0.3531,0.356,0.3506,0.3546,25034780
2024-10-04 13:00:00,0.3546,0.3556,0.3514,0.3521,18120555
2024-10-04 14:00:00,0.3521,0.3523,0.3476,0.3503,24611366
2024-10-04 15:00:00,0.3503,0.3535,0.3502,0.3527,16596206
2024-10-04 16:00:00,0.3528,0.3558,0.3517,0.3547,16282540
2024-10-04 17:00:00,0.3547,0.355,0.3513,0.3516,10560283
2024-10-04 18:00:00,0.3517,0.3532,0.3505,0.3532,9094586
2024-10-04 19:00:00,0.3532,0.3537,0.3515,0.353,6102464
2024-10-04 20:00:00,0.353,0.3531,0.3504,0.3514,6606911
2024-10-04 21:00:00,0.3515,0.3516,0.3504,0.3511,5115594
2024-10-04 22:00:00,0.351,0.352,0.3503,0.3507,6197130
2024-10-04 23:00:00,0.3508,0.3515,0.3498,0.3514,8187590
2024-10-05 00:00:00,0.3515,0.3545,0.3513,0.3544,10590922
2024-10-05 01:00:00,0.3544,0.3547,0.3525,0.3533,8442609
2024-10-05 02:00:00,0.3534,0.3536,0.3497,0.3499,7821009
2024-10-05 03:00:00,0.35,0.3512,0.3483,0.3495,13164274
2024-10-05 04:00:00,0.3495,0.3525,0.3488,0.3506,11052071
2024-10-05 05:00:00,0.3507,0.3535,0.3504,0.353,8442781
2024-10-05 06:00:00,0.3531,0.3537,0.3517,0.3535,7820044
2024-10-05 07:00:00,0.3535,0.3556,0.3525,0.3551,13410178
2024-10-05 08:00:00,0.3552,0.3554,0.3536,0.3546,7864185
2024-10-05 09:00:00,0.3547,0.3549,0.3527,0.3532,8877744
2024-10-05 10:00:00,0.3533,0.3539,0.3521,0.3526,7724372
2024-10-05 11:00:00,0.3526,0.3542,0.3522,0.353,5117950
2024-10-05 12:00:00,0.3531,0.3546,0.353,0.3545,5461153
2024-10-05 13:00:00,0.3545,0.3547,0.3511,0.3517,10067011
2024-10-05 14:00:00,0.3518,0.3523,0.3502,0.3519,10819150
2024-10-05 15:00:00,0.352,0.3533,0.3504,0.3528,8211026
2024-10-05 16:00:00,0.3528,0.353,0.3486,0.3491,14252889
2024-10-05 17:00:00,0.3491,0.3507,0.3486,0.35,11243598
2024-10-05 18:00:00,0.35,0.3504,0.3481,0.3488,6642462
2024-10-05 19:00:00,0.3488,0.3491,0.3473,0.3479,9772054
2024-10-05 20:00:00,0.348,0.348,0.3452,0.3458,12728336
2024-10-05 21:00:00,0.3459,0.3489,0.3453,0.347,8887517
2024-10-05 22:00:00,0.3471,0.3508,0.3468,0.3501,10041775
2024-10-05 23:00:00,0.3502,0.3508,0.3494,0.3507,5271866
2024-10-06 00:00:00,0.3507,0.3508,0.3482,0.349,6987404
2024-10-06 01:00:00,0.349,0.3525,0.3488,0.352,9010668
2024-10-06 02:00:00,0.352,0.3521,0.3499,0.3505,5366284
2024-10-06 03:00:00,0.3504,0.3516,0.3485,0.3486,4519494
2024-10-06 04:00:00,0.3486,0.3502,0.3479,0.3491,4194312
2024-10-06 05:00:00,0.349,0.35,0.3482,0.3496,3625254
2024-10-06 06:00:00,0.3495,0.3511,0.3482,0.3492,6428385
2024-10-06 07:00:00,0.3492,0.3501,0.3487,0.3491,5873100
2024-10-06 08:00:00,0.349,0.3507,0.3483,0.3497,5125734
2024-10-06 09:00:00,0.3498,0.3509,0.349,0.3498,6681283
2024-10-06 10:00:00,0.3498,0.35,0.3478,0.348,6699164
2024-10-06 11:00:00,0.3479,0.3499,0.3475,0.3491,8679348
2024-10-06 12:00:00,0.3492,0.3501,0.3486,0.3498,6430634
2024-10-06 13:00:00,0.3499,0.3512,0.3499,0.3502,7954179
2024-10-06 14:00:00,0.3501,0.3543,0.3494,0.3534,19365661
2024-10-06 15:00:00,0.3534,0.3541,0.3508,0.3532,17288031
2024-10-06 16:00:00,0.3532,0.3553,0.3514,0.3523,27578823
2024-10-06 17:00:00,0.3523,0.3547,0.352,0.3523,15095384
2024-10-06 18:00:00,0.3523,0.3538,0.3523,0.3533,6965421
2024-10-06 19:00:00,0.3534,0.357,0.3533,0.3544,13827125
2024-10-06 20:00:00,0.3544,0.3564,0.3543,0.3551,5896273
2024-10-06 21:00:00,0.3551,0.3564,0.3524,0.3526,6949207
2024-10-06 22:00:00,0.3527,0.3557,0.3526,0.3555,6200008
2024-10-06 23:00:00,0.3555,0.3584,0.3555,0.3573,13223924
2024-10-07 00:00:00,0.3573,0.3615,0.3562,0.3615,28603954
2024-10-07 01:00:00,0.3615,0.3669,0.3612,0.3669,24346919
2024-10-07 02:00:00,0.3669,0.3683,0.3644,0.365,24747410
2024-10-07 03:00:00,0.365,0.3666,0.3631,0.3653,13356867
2024-10-07 04:00:00,0.3653,0.366,0.3636,0.3637,8071239
2024-10-07 05:00:00,0.3637,0.3651,0.3622,0.3626,11341575
2024-10-07 06:00:00,0.3626,0.364,0.362,0.3634,6868360
2024-10-07 07:00:00,0.3634,0.3645,0.3619,0.3624,7823366
2024-10-07 08:00:00,0.3624,0.3644,0.3614,0.3618,9938907
2024-10-07 09:00:00,0.3619,0.3619,0.3566,0.3584,30252465
2024-10-07 10:00:00,0.3584,0.3584,0.3546,0.3559,26516917
2024-10-07 11:00:00,0.3558,0.3576,0.353,0.3575,27321660
2024-10-07 12:00:00,0.3575,0.3576,0.3548,0.3552,17780859
2024-10-07 13:00:00,0.3552,0.3592,0.3547,0.358,23703729
2024-10-07 14:00:00,0.358,0.3651,0.3579,0.3611,44626520
2024-10-07 15:00:00,0.3611,0.3614,0.357,0.358,30245334
2024-10-07 16:00:00,0.358,0.361,0.3562,0.3603,24932947
2024-10-07 17:00:00,0.3604,0.3606,0.3572,0.3588,22189197
2024-10-07 18:00:00,0.3588,0.359,0.3501,0.351,44527849
2024-10-07 19:00:00,0.3511,0.3572,0.3506,0.3569,38430541
2024-10-07 20:00:00,0.3568,0.3573,0.3543,0.3551,12142641
2024-10-07 21:00:00,0.355,0.357,0.3549,0.3568,7453457
2024-10-07 22:00:00,0.3568,0.3568,0.3517,0.3522,16901060
2024-10-07 23:00:00,0.3522,0.3538,0.35,0.3508,22158158
2024-10-08 00:00:00,0.3509,0.3537,0.3508,0.3534,12148818
2024-10-08 01:00:00,0.3535,0.356,0.3526,0.3557,10340720
2024-10-08 02:00:00,0.3558,0.3565,0.3532,0.3565,8385325
2024-10-08 03:00:00,0.3566,0.3568,0.3546,0.3556,6811276
2024-10-08 04:00:00,0.3556,0.3569,0.3538,0.3549,7406734
2024-10-08 05:00:00,0.355,0.3553,0.3505,0.3522,14522985
2024-10-08 06:00:00,0.3523,0.3532,0.3494,0.353,13793611
2024-10-08 07:00:00,0.3529,0.3532,0.349,0.3518,14190755
2024-10-08 08:00:00,0.3518,0.3523,0.3503,0.3517,14625637
2024-10-08 09:00:00,0.3518,0.3532,0.3497,0.3525,10628375
2024-10-08 10:00:00,0.3525,0.3528,0.3503,0.3514,11300901
2024-10-08 11:00:00,0.3514,0.3523,0.3506,0.3517,7724257
2024-10-08 12:00:00,0.3516,0.3519,0.3481,0.3483,17405080
2024-10-08 13:00:00,0.3484,0.3512,0.3456,0.3511,33591534
2024-10-08 14:00:00,0.3511,0.3524,0.3456,0.3481,25485578
2024-10-08 15:00:00,0.3481,0.3485,0.3416,0.3447,35770828
2024-10-08 16:00:00,0.3447,0.3476,0.3427,0.3469,18267040
2024-10-08 17:00:00,0.3469,0.347,0.3437,0.3456,10741435
2024-10-08 18:00:00,0.3455,0.3469,0.3425,0.3441,17765500
2024-10-08 19:00:00,0.3441,0.3447,0.3406,0.344,21073127
2024-10-08 20:00:00,0.344,0.3458,0.343,0.3453,8501310
2024-10-08 21:00:00,0.3453,0.3466,0.3436,0.346,9447471
2024-10-08 22:00:00,0.346,0.3463,0.3432,0.3434,9134908
2024-10-08 23:00:00,0.3435,0.345,0.3425,0.3444,7904504
2024-10-09 00:00:00,0.3444,0.3452,0.342,0.344,13812609
2024-10-09 01:00:00,0.3439,0.3472,0.3433,0.3461,13902491
2024-10-09 02:00:00,0.3461,0.3462,0.3443,0.3443,6484391
2024-10-09 03:00:00,0.3443,0.3457,0.343,0.3449,7092157
2024-10-09 04:00:00,0.3448,0.3464,0.3444,0.3452,6657596
2024-10-09 05:00:00,0.3452,0.3478,0.3451,0.3475,9148771
2024-10-09 06:00:00,0.3476,0.3476,0.3454,0.346,4906378
2024-10-09 07:00:00,0.3461,0.3463,0.3436,0.3441,10322055
2024-10-09 08:00:00,0.3441,0.3448,0.3425,0.3431,9990279
2024-10-09 09:00:00,0.3432,0.3443,0.3422,0.3434,8834310
2024-10-09 10:00:00,0.3435,0.3435,0.3408,0.3419,10409114
2024-10-09 11:00:00,0.342,0.3426,0.3411,0.3425,8342319
2024-10-09 12:00:00,0.3426,0.3429,0.3381,0.3398,28833219
2024-10-09 13:00:00,0.3399,0.3401,0.3372,0.3381,20994348
2024-10-09 14:00:00,0.3382,0.3399,0.337,0.3391,14560955
2024-10-09 15:00:00,0.3392,0.344,0.3391,0.3432,18886301
2024-10-09 16:00:00,0.3433,0.3433,0.3382,0.3403,26721339
2024-10-09 17:00:00,0.3404,0.3419,0.3391,0.341,9872332
2024-10-09 18:00:00,0.341,0.3415,0.3381,0.3391,16897034
2024-10-09 19:00:00,0.3391,0.34,0.3377,0.3396,9548897
2024-10-09 20:00:00,0.3395,0.3395,0.334,0.3344,31532052
2024-10-09 21:00:00,0.3344,0.3388,0.3336,0.3385,14379672
2024-10-09 22:00:00,0.3385,0.3388,0.3367,0.3382,8607112
2024-10-09 23:00:00,0.3383,0.3406,0.3379,0.3395,20535487
2024-10-10 00:00:00,0.3395,0.3397,0.3365,0.3376,11225524
2024-10-10 01:00:00,0.3376,0.3403,0.3374,0.3399,7585658
2024-10-10 02:00:00,0.3399,0.341,0.3391,0.3407,6418166
2024-10-10 03:00:00,0.3407,0.3417,0.3397,0.3399,7142436
2024-10-10 04:00:00,0.3398,0.3403,0.3388,0.3399,7035357
2024-10-10 05:00:00,0.3399,0.3407,0.3384,0.3402,11170158
2024-10-10 06:00:00,0.3402,0.3403,0.3388,0.3394,7308598
2024-10-10 07:00:00,0.3393,0.3393,0.3371,0.3373,6129911
2024-10-10 08:00:00,0.3372,0.3387,0.3363,0.3366,9530047
2024-10-10 09:00:00,0.3366,0.3369,0.3338,0.3361,15550064
2024-10-10 10:00:00,0.3362,0.338,0.3358,0.3373,9393791
2024-10-10 11:00:00,0.3373,0.3393,0.3372,0.3388,10914705
2024-10-10 12:00:00,0.3388,0.3392,0.3339,0.3356,34105576
2024-10-10 13:00:00,0.3356,0.3368,0.3327,0.3347,25392228
2024-10-10 14:00:00,0.3346,0.3356,0.3331,0.3351,16005949
2024-10-10 15:00:00,0.3352,0.3374,0.3344,0.3374,12408636
2024-10-10 16:00:00,0.3374,0.3386,0.3362,0.3373,22614296
2024-10-10 17:00:00,0.3372,0.3382,0.333,0.3344,21979065
2024-10-10 18:00:00,0.3343,0.3359,0.3311,0.3356,37879208
2024-10-10 19:00:00,0.3356,0.3366,0.3346,0.3363,8165426
2024-10-10 20:00:00,0.3363,0.3377,0.3356,0.3373,12499364
2024-10-10 21:00:00,0.3374,0.3399,0.3366,0.3399,9290154
2024-10-10 22:00:00,0.3399,0.3399,0.3375,0.338,9844253
2024-10-10 23:00:00,0.3381,0.3395,0.338,0.3393,7682860
2024-10-11 00:00:00,0.3394,0.3417,0.3392,0.3402,19399403
2024-10-11 01:00:00,0.3402,0.3416,0.338,0.3408,16519681
2024-10-11 02:00:00,0.3408,0.3411,0.3393,0.3396,9375260
2024-10-11 03:00:00,0.3396,0.3415,0.3395,0.3407,5841504
2024-10-11 04:00:00,0.3407,0.3414,0.3399,0.3409,6376672
2024-10-11 05:00:00,0.3409,0.3432,0.3408,0.3426,14151888
2024-10-11 06:00:00,0.3426,0.3438,0.3416,0.3431,7318936
2024-10-11 07:00:00,0.3431,0.346,0.3428,0.3445,14819340
2024-10-11 08:00:00,0.3446,0.346,0.3442,0.345,7927055
2024-10-11 09:00:00,0.3451,0.3467,0.3449,0.3464,9655455
2024-10-11 10:00:00,0.3464,0.3473,0.3455,0.3462,9523255
2024-10-11 11:00:00,0.3462,0.3468,0.3456,0.346,5056119
2024-10-11 12:00:00,0.346,0.347,0.3446,0.3463,11493316
2024-10-11 13:00:00,0.3464,0.3485,0.345,0.3481,14481026
2024-10-11 14:00:00,0.348,0.3486,0.3466,0.3476,14278120
2024-10-11 15:00:00,0.3476,0.3503,0.3475,0.3499,16228239
2024-10-11 16:00:00,0.35,0.3506,0.3489,0.3498,11607038
2024-10-11 17:00:00,0.3498,0.3528,0.3493,0.3523,11283912
2024-10-11 18:00:00,0.3523,0.3525,0.3511,0.3518,8408260
2024-10-11 19:00:00,0.3519,0.3547,0.3514,0.3531,15333540
2024-10-11 20:00:00,0.353,0.354,0.3524,0.3525,6322042
2024-10-11 21:00:00,0.3525,0.3533,0.3518,0.3522,6515674
2024-10-11 22:00:00,0.3522,0.3529,0.3514,0.3517,9569138
2024-10-11 23:00:00,0.3517,0.3522,0.3505,0.3516,10094181
2024-10-12 00:00:00,0.3516,0.3526,0.3512,0.3523,8988871
2024-10-12 01:00:00,0.3523,0.3534,0.3515,0.3529,5446894
2024-10-12 02:00:00,0.3529,0.3536,0.3517,0.352,6743656
2024-10-12 03:00:00,0.352,0.353,0.3507,0.3512,6069788
2024-10-12 04:00:00,0.3513,0.3533,0.3513,0.3528,7971707
2024-10-12 05:00:00,0.3527,0.3537,0.3526,0.3537,4959866
2024-10-12 06:00:00,0.3537,0.3544,0.353,0.353,5734443
2024-10-12 07:00:00,0.3531,0.3537,0.352,0.3532,5004046
2024-10-12 08:00:00,0.3531,0.3536,0.3525,0.3529,6494995
2024-10-12 09:00:00,0.3529,0.3536,0.3522,0.3536,4095353
2024-10-12 10:00:00,0.3536,0.3557,0.3533,0.355,8147575
2024-10-12 11:00:00,0.3551,0.3565,0.3541,0.3543,8846946
2024-10-12 12:00:00,0.3544,0.3549,0.3532,0.3545,6861094
2024-10-12 13:00:00,0.3545,0.3555,0.354,0.3551,4011136
2024-10-12 14:00:00,0.355,0.3562,0.3544,0.3552,5372606
2024-10-12 15:00:00,0.3552,0.3562,0.3532,0.3542,8161654
2024-10-12 16:00:00,0.3542,0.3567,0.353,0.3532,12855474
2024-10-12 17:00:00,0.3531,0.3547,0.3529,0.3539,5419399
2024-10-12 18:00:00,0.3539,0.3547,0.3519,0.3525,9214537
2024-10-12 19:00:00,0.3525,0.3531,0.3512,0.3523,10300062
2024-10-12 20:00:00,0.3523,0.3529,0.3514,0.3526,6506548
2024-10-12 21:00:00,0.3526,0.3541,0.3525,0.3532,3322111
2024-10-12 22:00:00,0.3531,0.3537,0.3519,0.3534,5596236
2024-10-12 23:00:00,0.3534,0.3539,0.3526,0.3529,11325181
2024-10-13 00:00:00,0.3528,0.3547,0.3527,0.3532,14724303
2024-10-13 01:00:00,0.3532,0.3533,0.3513,0.3521,9473499
2024-10-13 02:00:00,0.3521,0.3555,0.3519,0.3544,9298207
2024-10-13 03:00:00,0.3544,0.3555,0.3533,0.355,9653551
2024-10-13 04:00:00,0.3549,0.3558,0.3545,0.3551,5269699
2024-10-13 05:00:00,0.3551,0.3574,0.3549,0.3566,7655205
2024-10-13 06:00:00,0.3566,0.3595,0.3566,0.3581,12152457
2024-10-13 07:00:00,0.358,0.3593,0.3566,0.3587,11804081
2024-10-13 08:00:00,0.3586,0.3591,0.3557,0.3559,10137876
2024-10-13 09:00:00,0.3559,0.3575,0.3557,0.3559,7248806
2024-10-13 10:00:00,0.3559,0.3573,0.3537,0.3539,10550251
2024-10-13 11:00:00,0.3539,0.3551,0.3515,0.352,13065331
2024-10-13 12:00:00,0.3519,0.3538,0.3518,0.3523,7406936
2024-10-13 13:00:00,0.3524,0.3537,0.3521,0.3524,9562194
2024-10-13 14:00:00,0.3524,0.3525,0.3476,0.3481,22243896
2024-10-13 15:00:00,0.3482,0.3495,0.3441,0.3452,25681983
2024-10-13 16:00:00,0.3452,0.348,0.3441,0.3474,17478074
2024-10-13 17:00:00,0.3475,0.3486,0.3452,0.3459,11437006
2024-10-13 18:00:00,0.346,0.3476,0.3444,0.3457,12112879
2024-10-13 19:00:00,0.3457,0.3478,0.3457,0.3472,5892298
2024-10-13 20:00:00,0.3473,0.3474,0.3454,0.3464,10439501
2024-10-13 21:00:00,0.3464,0.3483,0.3455,0.3469,6849687
2024-10-13 22:00:00,0.3469,0.3496,0.3463,0.3473,15768900
2024-10-13 23:00:00,0.3472,0.3487,0.3462,0.3483,7904745
2024-10-14 00:00:00,0.3483,0.3486,0.3439,0.3442,15637598
2024-10-14 01:00:00,0.3443,0.347,0.3436,0.3443,12382421
2024-10-14 02:00:00,0.3442,0.3445,0.342,0.3445,13669967
2024-10-14 03:00:00,0.3445,0.3565,0.3444,0.3559,40733471
2024-10-14 04:00:00,0.3559,0.357,0.3543,0.3553,26538643
2024-10-14 05:00:00,0.3553,0.3559,0.3502,0.3522,24293209
2024-10-14 06:00:00,0.3523,0.3552,0.351,0.3545,13648406
2024-10-14 07:00:00,0.3546,0.3562,0.3542,0.3555,16819754
2024-10-14 08:00:00,0.3555,0.3568,0.353,0.3536,15051391
2024-10-14 09:00:00,0.3537,0.3557,0.3526,0.3554,8841686
2024-10-14 10:00:00,0.3554,0.3567,0.3546,0.3561,9697630
2024-10-14 11:00:00,0.3561,0.3569,0.3549,0.3556,8565417
2024-10-14 12:00:00,0.3556,0.3564,0.3538,0.3544,14576616
2024-10-14 13:00:00,0.3543,0.3578,0.3533,0.3575,15259019
2024-10-14 14:00:00,0.3574,0.3624,0.3573,0.3603,40775893
2024-10-14 15:00:00,0.3603,0.3639,0.3599,0.3632,20274537
2024-10-14 16:00:00,0.3632,0.3654,0.3612,0.3619,28100805
2024-10-14 17:00:00,0.3619,0.3633,0.3609,0.3617,9362522
2024-10-14 18:00:00,0.3616,0.3639,0.3614,0.3627,7204989
2024-10-14 19:00:00,0.3627,0.3653,0.3625,0.3638,8540790
2024-10-14 20:00:00,0.3637,0.3648,0.3627,0.363,5635033
2024-10-14 21:00:00,0.363,0.3641,0.3617,0.3623,7132022
2024-10-14 22:00:00,0.3622,0.3652,0.3621,0.3652,15130915
2024-10-14 23:00:00,0.3651,0.3654,0.3627,0.3642,9811691
2024-10-15 00:00:00,0.3643,0.3659,0.3626,0.3634,18983076
2024-10-15 01:00:00,0.3635,0.3647,0.3618,0.3636,10262606
2024-10-15 02:00:00,0.3637,0.3651,0.3626,0.3639,9192246
2024-10-15 03:00:00,0.3639,0.3642,0.3597,0.3599,15229103
2024-10-15 04:00:00,0.3599,0.3623,0.3589,0.3614,15974006
2024-10-15 05:00:00,0.3614,0.3616,0.3572,0.358,17090182
2024-10-15 06:00:00,0.358,0.3596,0.3568,0.3592,10370144
2024-10-15 07:00:00,0.3592,0.3607,0.3591,0.3596,11699901
2024-10-15 08:00:00,0.3597,0.3615,0.3594,0.3615,10026958
2024-10-15 09:00:00,0.3615,0.363,0.3597,0.3619,15072933
2024-10-15 10:00:00,0.3619,0.3671,0.3607,0.3656,21117534
2024-10-15 11:00:00,0.3657,0.3665,0.3535,0.355,59808999
2024-10-15 12:00:00,0.3551,0.3618,0.3542,0.3605,36392046
2024-10-15 13:00:00,0.3606,0.3704,0.3594,0.3695,50408730
2024-10-15 14:00:00,0.3696,0.3712,0.3525,0.3539,111878477
2024-10-15 15:00:00,0.3539,0.357,0.3474,0.3554,77233319
2024-10-15 16:00:00,0.3555,0.364,0.355,0.3611,36031129
2024-10-15 17:00:00,0.3611,0.3629,0.3585,0.3595,19274165
2024-10-15 18:00:00,0.3595,0.3615,0.3593,0.3596,12131371
2024-10-15 19:00:00,0.3596,0.3603,0.3559,0.3575,15129867
2024-10-15 20:00:00,0.3574,0.3581,0.3513,0.3519,22519325
2024-10-15 21:00:00,0.3518,0.3553,0.3505,0.3548,12050862
2024-10-15 22:00:00,0.3547,0.357,0.354,0.3549,8750982
2024-10-15 23:00:00,0.3549,0.3591,0.3548,0.359,7645677
2024-10-16 00:00:00,0.359,0.3601,0.3574,0.3575,12441025
2024-10-16 01:00:00,0.3575,0.3607,0.3556,0.3575,17220264
2024-10-16 02:00:00,0.3575,0.3598,0.3564,0.3565,11586085
2024-10-16 03:00:00,0.3565,0.3576,0.3551,0.3553,11056016
2024-10-16 04:00:00,0.3553,0.3567,0.3527,0.3541,12319261
2024-10-16 05:00:00,0.3541,0.3573,0.354,0.3561,9410403
2024-10-16 06:00:00,0.3562,0.3569,0.3526,0.3544,12813372
2024-10-16 07:00:00,0.3544,0.3544,0.3507,0.352,21777009
2024-10-16 08:00:00,0.352,0.3532,0.3507,0.3522,19598857
2024-10-16 09:00:00,0.3523,0.3571,0.3522,0.3566,21886545
2024-10-16 10:00:00,0.3566,0.357,0.3554,0.3569,11480677
2024-10-16 11:00:00,0.3569,0.3611,0.3552,0.3591,22781068
2024-10-16 12:00:00,0.3591,0.3608,0.3573,0.358,14420179
2024-10-16 13:00:00,0.3579,0.3589,0.3547,0.356,23350400
2024-10-16 14:00:00,0.3561,0.3607,0.3536,0.3557,29380370
2024-10-16 15:00:00,0.3557,0.3564,0.3528,0.3536,19027591
2024-10-16 16:00:00,0.3536,0.3549,0.3512,0.3546,22882104
2024-10-16 17:00:00,0.3546,0.3559,0.3529,0.3548,10780775
2024-10-16 18:00:00,0.3548,0.3554,0.3534,0.3536,6602836
2024-10-16 19:00:00,0.3536,0.3544,0.3528,0.3533,6860213
2024-10-16 20:00:00,0.3532,0.3564,0.3527,0.3543,9934596
2024-10-16 21:00:00,0.3543,0.3554,0.3534,0.3537,6641443
2024-10-16 22:00:00,0.3538,0.3562,0.3537,0.3561,6354465
2024-10-16 23:00:00,0.3561,0.3562,0.3517,0.3521,11457218
2024-10-17 00:00:00,0.3521,0.3533,0.3507,0.3518,18700313
2024-10-17 01:00:00,0.3519,0.355,0.3513,0.3549,30724122
2024-10-17 02:00:00,0.3549,0.355,0.3504,0.3506,11800748
2024-10-17 03:00:00,0.3507,0.3531,0.3505,0.3529,6875850
2024-10-17 04:00:00,0.3529,0.3532,0.3508,0.3509,7855193
2024-10-17 05:00:00,0.351,0.353,0.3491,0.3503,17044820
2024-10-17 06:00:00,0.3503,0.352,0.3489,0.3498,16175569
2024-10-17 07:00:00,0.3497,0.35,0.3465,0.3483,23522018
2024-10-17 08:00:00,0.3482,0.3488,0.3459,0.3487,17163022
2024-10-17 09:00:00,0.3487,0.3491,0.347,0.3476,9293321
2024-10-17 10:00:00,0.3475,0.3479,0.3425,0.3447,33802691
2024-10-17 11:00:00,0.3447,0.345,0.3421,0.3432,20580175
2024-10-17 12:00:00,0.3432,0.3452,0.3427,0.3447,16767775
2024-10-17 13:00:00,0.3448,0.3475,0.3438,0.3457,45285539
2024-10-17 14:00:00,0.3458,0.3478,0.3433,0.3467,39518926
2024-10-17 15:00:00,0.3468,0.3496,0.3454,0.3487,19549789
2024-10-17 16:00:00,0.3488,0.3488,0.3454,0.346,12584267
2024-10-17 17:00:00,0.346,0.3473,0.3425,0.3432,16711240
2024-10-17 18:00:00,0.3432,0.3434,0.3391,0.3412,38631086
2024-10-17 19:00:00,0.3412,0.3438,0.3405,0.343,10160404
2024-10-17 20:00:00,0.343,0.3446,0.3426,0.3431,9517441
2024-10-17 21:00:00,0.3432,0.3438,0.3415,0.3419,6510191
2024-10-17 22:00:00,0.342,0.3443,0.3418,0.3442,7813412
2024-10-17 23:00:00,0.3443,0.3444,0.3424,0.3431,5376027
2024-10-18 00:00:00,0.343,0.3441,0.3424,0.343,9839614
2024-10-18 01:00:00,0.3431,0.35,0.343,0.349,19767787
2024-10-18 02:00:00,0.349,0.3497,0.3479,0.3493,14592096
2024-10-18 03:00:00,0.3493,0.3494,0.3459,0.346,9490047
2024-10-18 04:00:00,0.346,0.3468,0.3452,0.3454,6192593
2024-10-18 05:00:00,0.3454,0.347,0.3444,0.3468,7343681
2024-10-18 06:00:00,0.3468,0.3488,0.3464,0.3474,11583188
2024-10-18 07:00:00,0.3474,0.3481,0.3462,0.3475,6706006
2024-10-18 08:00:00,0.3476,0.348,0.3464,0.3472,5860198
2024-10-18 09:00:00,0.3473,0.3481,0.3464,0.3466,7211017
2024-10-18 10:00:00,0.3467,0.3474,0.3458,0.3473,6643390
2024-10-18 11:00:00,0.3472,0.3479,0.3459,0.3461,7225160
2024-10-18 12:00:00,0.3461,0.3465,0.3437,0.344,13773445
2024-10-18 13:00:00,0.344,0.348,0.3439,0.347,20755168
2024-10-18 14:00:00,0.347,0.3486,0.3445,0.348,22435084
2024-10-18 15:00:00,0.3481,0.3506,0.3464,0.3493,20444391
2024-10-18 16:00:00,0.3494,0.3526,0.3475,0.352,17263919
2024-10-18 17:00:00,0.3521,0.3529,0.3504,0.3511,13264242
2024-10-18 18:00:00,0.351,0.3527,0.3503,0.3507,14997959
2024-10-18 19:00:00,0.3508,0.351,0.3476,0.3481,10712788
2024-10-18 20:00:00,0.3482,0.3487,0.3475,0.3483,5859697
2024-10-18 21:00:00,0.3482,0.349,0.347,0.3477,5033005
2024-10-18 22:00:00,0.3476,0.3491,0.347,0.3491,5776180
2024-10-18 23:00:00,0.3491,0.3507,0.349,0.3506,5412079
2024-10-19 00:00:00,0.3505,0.3517,0.3497,0.351,12229470
2024-10-19 01:00:00,0.351,0.3532,0.3508,0.3521,8222983
2024-10-19 02:00:00,0.3521,0.3554,0.3518,0.3549,11027629
2024-10-19 03:00:00,0.3549,0.3569,0.3546,0.3547,10704077
2024-10-19 04:00:00,0.3547,0.3561,0.3532,0.3535,8580039
2024-10-19 05:00:00,0.3535,0.3547,0.3534,0.3545,5848828
2024-10-19 06:00:00,0.3545,0.3548,0.3531,0.3535,5504290
2024-10-19 07:00:00,0.3535,0.3539,0.3524,0.3532,6871553
2024-10-19 08:00:00,0.3532,0.3553,0.3531,0.3545,6769603
2024-10-19 09:00:00,0.3546,0.3557,0.3542,0.3551,5784471
2024-10-19 10:00:00,0.3551,0.3555,0.353,0.3535,7595885
2024-10-19 11:00:00,0.3534,0.3546,0.3494,0.3496,22628288
2024-10-19 12:00:00,0.3496,0.3517,0.3494,0.3509,8652519
2024-10-19 13:00:00,0.3509,0.351,0.3495,0.3504,6728320
2024-10-19 14:00:00,0.3505,0.3532,0.3504,0.3532,7390930
2024-10-19 15:00:00,0.3532,0.3536,0.351,0.3516,6875580
2024-10-19 16:00:00,0.3517,0.3523,0.3497,0.3504,11769587
2024-10-19 17:00:00,0.3504,0.3515,0.3499,0.3505,6866735
2024-10-19 18:00:00,0.3505,0.3528,0.3498,0.3507,11794258
2024-10-19 19:00:00,0.3507,0.3514,0.3488,0.3495,10004710
2024-10-19 20:00:00,0.3496,0.3511,0.3492,0.3507,6238510
2024-10-19 21:00:00,0.3508,0.3522,0.3505,0.3505,6657882
2024-10-19 22:00:00,0.3506,0.3524,0.3501,0.3521,5252193
2024-10-19 23:00:00,0.3521,0.3526,0.351,0.3512,5338754
2024-10-20 00:00:00,0.3513,0.3522,0.3499,0.3501,7083886
2024-10-20 01:00:00,0.3501,0.3508,0.3496,0.35,6230435
2024-10-20 02:00:00,0.35,0.3514,0.3493,0.3494,5362175
2024-10-20 03:00:00,0.3495,0.3497,0.348,0.3497,12210315
2024-10-20 04:00:00,0.3496,0.3507,0.3489,0.3495,6598300
2024-10-20 05:00:00,0.3495,0.351,0.3492,0.3498,5672242
2024-10-20 06:00:00,0.3498,0.3509,0.3491,0.3508,6025080
2024-10-20 07:00:00,0.3508,0.3513,0.3502,0.3506,5453749
2024-10-20 08:00:00,0.3505,0.3513,0.3493,0.35,5341843
2024-10-20 09:00:00,0.35,0.3509,0.3494,0.3507,4112524
2024-10-20 10:00:00,0.3507,0.3518,0.3505,0.3512,6064050
2024-10-20 11:00:00,0.3512,0.3537,0.3511,0.353,7972808
2024-10-20 12:00:00,0.353,0.3544,0.3515,0.3516,12665926
2024-10-20 13:00:00,0.3516,0.3567,0.3515,0.3567,22421187
2024-10-20 14:00:00,0.3566,0.3595,0.3566,0.3589,26935607
2024-10-20 15:00:00,0.359,0.36,0.3566,0.3597,19571209
2024-10-20 16:00:00,0.3597,0.3623,0.3589,0.3591,19590910
2024-10-20 17:00:00,0.3592,0.3614,0.3588,0.3593,9028073
2024-10-20 18:00:00,0.3593,0.3613,0.3593,0.3605,7427353
2024-10-20 19:00:00,0.3605,0.3606,0.3589,0.3599,5940406
2024-10-20 20:00:00,0.3599,0.3627,0.3594,0.3619,8306595
2024-10-20 21:00:00,0.3619,0.3625,0.3605,0.3617,7823418
2024-10-20 22:00:00,0.3617,0.3658,0.3616,0.365,21347946
2024-10-20 23:00:00,0.3651,0.3657,0.3628,0.3648,17447503
2024-10-21 00:00:00,0.3649,0.3694,0.3649,0.3673,26264834
2024-10-21 01:00:00,0.3674,0.3694,0.3666,0.3674,12940582
2024-10-21 02:00:00,0.3674,0.3686,0.3652,0.3661,13405857
2024-10-21 03:00:00,0.366,0.3667,0.3648,0.3667,10767566
2024-10-21 04:00:00,0.3667,0.3706,0.365,0.3704,24978775
2024-10-21 05:00:00,0.3704,0.373,0.3689,0.369,19096347
2024-10-21 06:00:00,0.369,0.3713,0.3664,0.367,12104019
2024-10-21 07:00:00,0.367,0.3685,0.366,0.3663,11316629
2024-10-21 08:00:00,0.3663,0.368,0.3648,0.3649,10903398
2024-10-21 09:00:00,0.3649,0.3659,0.3621,0.3647,15169752
2024-10-21 10:00:00,0.3647,0.3652,0.3615,0.3622,13399004
2024-10-21 11:00:00,0.3622,0.3639,0.3613,0.3622,8922424
2024-10-21 12:00:00,0.3621,0.3636,0.3592,0.3609,14521143
2024-10-21 13:00:00,0.3608,0.3616,0.3541,0.3556,39822547
2024-10-21 14:00:00,0.3557,0.3589,0.3546,0.3576,23655789
2024-10-21 15:00:00,0.3576,0.3582,0.3548,0.3581,13000800
2024-10-21 16:00:00,0.358,0.3582,0.3531,0.356,15203291
2024-10-21 17:00:00,0.356,0.3596,0.3559,0.3588,9745614
2024-10-21 18:00:00,0.3589,0.3589,0.3564,0.3575,7655410
2024-10-21 19:00:00,0.3576,0.3606,0.3572,0.3596,9042125
2024-10-21 20:00:00,0.3596,0.3633,0.3585,0.3616,20221952
2024-10-21 21:00:00,0.3616,0.3654,0.3615,0.3634,14869443
2024-10-21 22:00:00,0.3634,0.3664,0.3623,0.364,12160419
2024-10-21 23:00:00,0.3639,0.364,0.3604,0.3609,9186053
2024-10-22 00:00:00,0.3609,0.3636,0.3566,0.3615,28198831
2024-10-22 01:00:00,0.3616,0.3682,0.36,0.3662,25400491
2024-10-22 02:00:00,0.3662,0.3682,0.3629,0.3633,17491498
2024-10-22 03:00:00,0.3633,0.3653,0.363,0.3644,10520253
2024-10-22 04:00:00,0.3644,0.3653,0.3623,0.364,7202169
2024-10-22 05:00:00,0.3641,0.367,0.3635,0.3662,8627880
2024-10-22 06:00:00,0.3661,0.3679,0.366,0.3665,10782411
2024-10-22 07:00:00,0.3665,0.3677,0.3656,0.3659,8134515
2024-10-22 08:00:00,0.3659,0.3659,0.36,0.3614,28374457
2024-10-22 09:00:00,0.3614,0.3628,0.358,0.3604,29266121
2024-10-22 10:00:00,0.3604,0.362,0.3585,0.3617,19802088
2024-10-22 11:00:00,0.3617,0.3635,0.3612,0.3619,17125596
2024-10-22 12:00:00,0.3618,0.3633,0.3584,0.3589,17633585
2024-10-22 13:00:00,0.3589,0.3598,0.3549,0.3579,29808611
2024-10-22 14:00:00,0.3579,0.3655,0.3568,0.3651,43915778
2024-10-22 15:00:00,0.365,0.3656,0.3609,0.3631,20386097
2024-10-22 16:00:00,0.3631,0.3642,0.3599,0.36,27340009
2024-10-22 17:00:00,0.36,0.3647,0.3598,0.3645,17233184
2024-10-22 18:00:00,0.3645,0.367,0.3635,0.3638,15457087
2024-10-22 19:00:00,0.3639,0.3658,0.3633,0.3637,9304139
2024-10-22 20:00:00,0.3637,0.3644,0.3624,0.364,7165966
2024-10-22 21:00:00,0.3641,0.3645,0.3618,0.3641,6661415
2024-10-22 22:00:00,0.3641,0.3666,0.3636,0.3656,9859275
2024-10-22 23:00:00,0.3657,0.3662,0.3634,0.3644,7358724
2024-10-23 00:00:00,0.3644,0.3653,0.3626,0.3631,8798849
2024-10-23 01:00:00,0.363,0.3652,0.3623,0.3648,7045228
2024-10-23 02:00:00,0.3648,0.3659,0.3627,0.3629,11433020
2024-10-23 03:00:00,0.363,0.3642,0.3603,0.3631,13935109
2024-10-23 04:00:00,0.363,0.3643,0.3615,0.3637,9315457
2024-10-23 05:00:00,0.3638,0.3649,0.3619,0.3648,13377486
2024-10-23 06:00:00,0.3648,0.3693,0.3638,0.3668,33944965
2024-10-23 07:00:00,0.3669,0.3685,0.3633,0.3647,32020083
2024-10-23 08:00:00,0.3648,0.3681,0.3591,0.36,36727918
2024-10-23 09:00:00,0.36,0.3606,0.3568,0.3582,26507213
2024-10-23 10:00:00,0.3582,0.3589,0.3543,0.3555,26186122
2024-10-23 11:00:00,0.3556,0.3566,0.3536,0.354,17404766
2024-10-23 12:00:00,0.354,0.3547,0.3514,0.353,32558932
2024-10-23 13:00:00,0.3531,0.3564,0.3525,0.356,17883552
2024-10-23 14:00:00,0.356,0.3563,0.3529,0.3544,20979273
2024-10-23 15:00:00,0.3544,0.3545,0.3487,0.35,38104026
2024-10-23 16:00:00,0.35,0.3502,0.3452,0.3457,38251689
2024-10-23 17:00:00,0.3457,0.3489,0.3453,0.3461,22478824
2024-10-23 18:00:00,0.3461,0.3475,0.342,0.3473,40560584
2024-10-23 19:00:00,0.3472,0.3501,0.3463,0.3496,19974512
2024-10-23 20:00:00,0.3496,0.3517,0.3483,0.3515,19634589
2024-10-23 21:00:00,0.3516,0.3517,0.349,0.3493,7973796
2024-10-23 22:00:00,0.3492,0.3502,0.3473,0.3481,11799993
2024-10-23 23:00:00,0.3481,0.3506,0.3476,0.3495,9521273
2024-10-24 00:00:00,0.3495,0.3543,0.3478,0.3542,17537601
2024-10-24 01:00:00,0.3543,0.355,0.3518,0.3525,13335484
2024-10-24 02:00:00,0.3524,0.3541,0.3512,0.3536,9293836
2024-10-24 03:00:00,0.3536,0.3536,0.3511,0.3512,10025180
2024-10-24 04:00:00,0.3511,0.3528,0.3508,0.3524,8814905
2024-10-24 05:00:00,0.3524,0.3531,0.3518,0.3521,6110716
2024-10-24 06:00:00,0.3521,0.353,0.3487,0.3488,19832137
2024-10-24 07:00:00,0.3488,0.3497,0.3452,0.3455,29215229
2024-10-24 08:00:00,0.3455,0.3474,0.341,0.3411,36876553
2024-10-24 09:00:00,0.3411,0.3418,0.3393,0.3403,37402711
2024-10-24 10:00:00,0.3402,0.3435,0.3399,0.342,17314086
2024-10-24 11:00:00,0.342,0.3439,0.3412,0.3427,12620983
2024-10-24 12:00:00,0.3426,0.3442,0.3418,0.3434,17131966
2024-10-24 13:00:00,0.3433,0.3458,0.3422,0.3453,20857968
2024-10-24 14:00:00,0.3453,0.3454,0.3413,0.343,21772621
2024-10-24 15:00:00,0.3429,0.3451,0.3421,0.3434,14329146
2024-10-24 16:00:00,0.3433,0.3449,0.3416,0.344,15213694
2024-10-24 17:00:00,0.3439,0.3462,0.3424,0.345,13507470
2024-10-24 18:00:00,0.345,0.3464,0.3445,0.3459,9075316
2024-10-24 19:00:00,0.3459,0.3487,0.3456,0.3484,12564034
2024-10-24 20:00:00,0.3485,0.3485,0.3464,0.3478,9414171
2024-10-24 21:00:00,0.3478,0.3509,0.3469,0.3485,14157720
2024-10-24 22:00:00,0.3486,0.3496,0.347,0.347,7992945
2024-10-24 23:00:00,0.3471,0.3471,0.3454,0.3464,12989157
2024-10-25 00:00:00,0.3463,0.3471,0.344,0.3449,12239226
2024-10-25 01:00:00,0.3449,0.3455,0.3432,0.3434,12483277
2024-10-25 02:00:00,0.3434,0.3445,0.3418,0.3435,13176263
2024-10-25 03:00:00,0.3436,0.3455,0.3435,0.3442,6573425
2024-10-25 04:00:00,0.3442,0.3448,0.3401,0.3416,18995763
2024-10-25 05:00:00,0.3417,0.343,0.3405,0.3425,11368910
2024-10-25 06:00:00,0.3425,0.3437,0.3406,0.3409,8866873
2024-10-25 07:00:00,0.341,0.3413,0.3371,0.3393,30575186
2024-10-25 08:00:00,0.3392,0.3415,0.3367,0.3411,18757186
2024-10-25 09:00:00,0.3411,0.3451,0.3406,0.3443,13719318
2024-10-25 10:00:00,0.3443,0.3446,0.3433,0.3436,9667712
2024-10-25 11:00:00,0.3436,0.3442,0.3423,0.3429,10057085
2024-10-25 12:00:00,0.3429,0.3441,0.3411,0.3435,20439912
2024-10-25 13:00:00,0.3435,0.347,0.3421,0.3466,26404489
2024-10-25 14:00:00,0.3467,0.347,0.3442,0.3453,22223910
2024-10-25 15:00:00,0.3453,0.3465,0.3395,0.3418,32357466
2024-10-25 16:00:00,0.3417,0.3439,0.3397,0.3426,18620185
2024-10-25 17:00:00,0.3426,0.3437,0.3368,0.3372,26348677
2024-10-25 18:00:00,0.3372,0.3401,0.3314,0.3361,77161045
2024-10-25 19:00:00,0.3362,0.3372,0.3337,0.3362,25810453
2024-10-25 20:00:00,0.3361,0.3375,0.3339,0.3359,17946359
2024-10-25 21:00:00,0.3359,0.3472,0.3358,0.3434,20259641
2024-10-25 22:00:00,0.3434,0.3436,0.3377,0.338,18313287
2024-10-25 23:00:00,0.338,0.3387,0.312,0.3257,195712595
2024-10-26 00:00:00,0.3257,0.3274,0.3203,0.3267,45415594
2024-10-26 01:00:00,0.3267,0.3301,0.3263,0.329,14959243
2024-10-26 02:00:00,0.329,0.3325,0.3268,0.3302,17920448
2024-10-26 03:00:00,0.3303,0.332,0.3296,0.3313,6917663
2024-10-26 04:00:00,0.3313,0.332,0.3305,0.3319,6040819
2024-10-26 05:00:00,0.332,0.3335,0.3319,0.332,12746208
2024-10-26 06:00:00,0.332,0.3333,0.3316,0.3327,10000915
2024-10-26 07:00:00,0.3327,0.333,0.3319,0.3321,8053649
2024-10-26 08:00:00,0.3321,0.3325,0.3303,0.3307,10021848
2024-10-26 09:00:00,0.3307,0.3314,0.33,0.3306,6276132
2024-10-26 10:00:00,0.3305,0.3316,0.3295,0.3298,7533255
2024-10-26 11:00:00,0.3299,0.3311,0.3292,0.3304,6284406
2024-10-26 12:00:00,0.3304,0.3309,0.3298,0.3304,5012182
2024-10-26 13:00:00,0.3304,0.3308,0.3275,0.3277,12793520
2024-10-26 14:00:00,0.3276,0.3283,0.3235,0.3241,25805690
2024-10-26 15:00:00,0.3241,0.3271,0.3236,0.3253,17305686
2024-10-26 16:00:00,0.3253,0.3287,0.3248,0.3281,14900249
2024-10-26 17:00:00,0.3282,0.3313,0.3281,0.3306,11868987
2024-10-26 18:00:00,0.3307,0.3315,0.3292,0.3292,8992679
2024-10-26 19:00:00,0.3293,0.3318,0.3292,0.3317,6197668
2024-10-26 20:00:00,0.3317,0.3348,0.3315,0.3322,14695965
2024-10-26 21:00:00,0.3322,0.3332,0.3319,0.333,3687860
2024-10-26 22:00:00,0.3331,0.334,0.3327,0.3338,5433287
2024-10-26 23:00:00,0.3338,0.334,0.3329,0.3334,4527282
2024-10-27 00:00:00,0.3335,0.3336,0.3312,0.3316,6397073
2024-10-27 01:00:00,0.3315,0.3326,0.3307,0.3322,5506843
2024-10-27 02:00:00,0.3323,0.3328,0.3315,0.3322,4232900
2024-10-27 03:00:00,0.3323,0.334,0.3316,0.3336,3997115
2024-10-27 04:00:00,0.3336,0.3343,0.3327,0.3329,5817401
2024-10-27 05:00:00,0.333,0.3338,0.3327,0.3331,2990851
2024-10-27 06:00:00,0.3332,0.3332,0.3321,0.3329,5226917
2024-10-27 07:00:00,0.3329,0.3338,0.3328,0.3334,3429551
2024-10-27 08:00:00,0.3335,0.3343,0.3327,0.333,4855198
2024-10-27 09:00:00,0.333,0.3331,0.3315,0.3326,5909806
2024-10-27 10:00:00,0.3326,0.3338,0.3321,0.3324,5450552
2024-10-27 11:00:00,0.3324,0.334,0.3322,0.3336,4824152
2024-10-27 12:00:00,0.3337,0.3365,0.3335,0.3356,14501994
2024-10-27 13:00:00,0.3356,0.3382,0.3355,0.3375,13024499
2024-10-27 14:00:00,0.3375,0.3389,0.3374,0.3379,9294128
2024-10-27 15:00:00,0.3379,0.3398,0.3379,0.3395,9409425
2024-10-27 16:00:00,0.3396,0.3419,0.3395,0.3413,14771512
2024-10-27 17:00:00,0.3414,0.3419,0.3401,0.3406,7755335
2024-10-27 18:00:00,0.3407,0.3408,0.3382,0.3385,9373109
2024-10-27 19:00:00,0.3385,0.3403,0.3383,0.3393,5926055
2024-10-27 20:00:00,0.3393,0.3401,0.3389,0.3392,4291757
2024-10-27 21:00:00,0.3392,0.3416,0.3391,0.3406,5129853
2024-10-27 22:00:00,0.3407,0.3423,0.3402,0.3408,8449928
2024-10-27 23:00:00,0.3408,0.3417,0.3395,0.3397,7155625
2024-10-28 00:00:00,0.3396,0.3413,0.3395,0.3399,11069634
2024-10-28 01:00:00,0.3399,0.3401,0.3368,0.3371,11779980
2024-10-28 02:00:00,0.337,0.3381,0.3363,0.3368,6717221
2024-10-28 03:00:00,0.3368,0.3375,0.3325,0.3332,22083845
2024-10-28 04:00:00,0.3332,0.3345,0.3314,0.3335,16294183
2024-10-28 05:00:00,0.3334,0.3347,0.3301,0.3342,14640117
2024-10-28 06:00:00,0.3343,0.3348,0.3315,0.3325,11244448
2024-10-28 07:00:00,0.3326,0.3375,0.3322,0.3361,21974729
2024-10-28 08:00:00,0.3361,0.3384,0.3361,0.3365,10793502
2024-10-28 09:00:00,0.3366,0.3387,0.3346,0.3383,11672286
2024-10-28 10:00:00,0.3383,0.3399,0.3374,0.3387,12604121
2024-10-28 11:00:00,0.3387,0.3398,0.3377,0.3388,7580730
2024-10-28 12:00:00,0.3388,0.3401,0.3369,0.3399,14475172
2024-10-28 13:00:00,0.3399,0.3406,0.3378,0.3379,16149062
2024-10-28 14:00:00,0.338,0.3395,0.3363,0.338,15211542
2024-10-28 15:00:00,0.3381,0.3383,0.3332,0.3333,30643779
2024-10-28 16:00:00,0.3334,0.3357,0.3326,0.3328,16826889
2024-10-28 17:00:00,0.3328,0.3367,0.3309,0.3347,21951145
2024-10-28 18:00:00,0.3347,0.3372,0.3342,0.337,9973127
2024-10-28 19:00:00,0.3369,0.3435,0.3366,0.3418,30218246
2024-10-28 21:00:00,0.343,0.3456,0.3422,0.3448,9161737
2024-10-28 22:00:00,0.3448,0.348,0.344,0.3442,24875292
2024-10-28 23:00:00,0.3443,0.3451,0.3429,0.3435,10507149
2024-10-29 00:00:00,0.3435,0.3471,0.3426,0.3463,13465312
2024-10-29 01:00:00,0.3463,0.3472,0.3451,0.3471,10318236
2024-10-29 02:00:00,0.3472,0.35,0.346,0.3492,22319050
2024-10-29 03:00:00,0.3493,0.3511,0.3487,0.3491,19032877
2024-10-29 04:00:00,0.3491,0.3497,0.3474,0.3481,12501100
2024-10-29 05:00:00,0.3481,0.3486,0.3448,0.3451,18392369
2024-10-29 06:00:00,0.3451,0.3461,0.3447,0.3456,8284242
2024-10-29 07:00:00,0.3457,0.3477,0.3456,0.3472,7783855
2024-10-29 08:00:00,0.3473,0.3484,0.3456,0.3462,15493068
2024-10-29 09:00:00,0.3461,0.3473,0.3453,0.3472,8258310
2024-10-29 10:00:00,0.3471,0.3473,0.3457,0.346,6199020
2024-10-29 11:00:00,0.3459,0.3481,0.3459,0.3479,7849364
2024-10-29 12:00:00,0.3478,0.3482,0.3463,0.3466,8610108
2024-10-29 13:00:00,0.3466,0.3487,0.3464,0.3483,11575690
2024-10-29 14:00:00,0.3482,0.3494,0.3466,0.3476,11612378
2024-10-29 15:00:00,0.3476,0.3506,0.3469,0.3503,14327843
2024-10-29 16:00:00,0.3503,0.3544,0.3502,0.3537,21302246
2024-10-29 17:00:00,0.3537,0.3548,0.352,0.3531,14531694
2024-10-29 18:00:00,0.3532,0.3548,0.3516,0.3548,12272885
2024-10-29 19:00:00,0.3548,0.3563,0.3515,0.3527,25405800
2024-10-29 20:00:00,0.3527,0.3535,0.349,0.3514,20948608
2024-10-29 21:00:00,0.3513,0.354,0.3505,0.3537,7347033
2024-10-29 22:00:00,0.3537,0.3558,0.3527,0.3554,11077171
2024-10-29 23:00:00,0.3554,0.357,0.355,0.3562,10026788
2024-10-30 00:00:00,0.3563,0.3605,0.3562,0.3585,31599200
2024-10-30 01:00:00,0.3585,0.3604,0.3545,0.3604,20429909
2024-10-30 02:00:00,0.3603,0.3641,0.3594,0.3604,26871488
2024-10-30 03:00:00,0.3604,0.3616,0.3588,0.3591,13894095
2024-10-30 04:00:00,0.359,0.3603,0.358,0.3583,8058011
2024-10-30 05:00:00,0.3583,0.3593,0.357,0.3592,8168284
2024-10-30 06:00:00,0.3592,0.3612,0.3585,0.3586,21010371
2024-10-30 07:00:00,0.3585,0.3588,0.3562,0.3567,12318908
2024-10-30 08:00:00,0.3568,0.359,0.3547,0.3551,17770256
2024-10-30 09:00:00,0.3551,0.3569,0.3547,0.3561,8647841
2024-10-30 10:00:00,0.3561,0.357,0.3539,0.3539,11137728
2024-10-30 11:00:00,0.354,0.3542,0.3516,0.3522,15337219
2024-10-30 12:00:00,0.3521,0.3544,0.3507,0.3531,23588263
2024-10-30 13:00:00,0.353,0.3544,0.3507,0.3541,10747202
2024-10-30 14:00:00,0.3541,0.3568,0.3535,0.3555,17601738
2024-10-30 15:00:00,0.3555,0.356,0.3518,0.3546,15633683
2024-10-30 16:00:00,0.3545,0.358,0.3542,0.3576,10688117
2024-10-30 17:00:00,0.3575,0.358,0.3541,0.3562,9924826
2024-10-30 18:00:00,0.3562,0.3575,0.3552,0.356,8777810
2024-10-30 19:00:00,0.3561,0.3563,0.3549,0.3551,6287838
2024-10-30 20:00:00,0.3551,0.3592,0.3539,0.3592,15897849
2024-10-30 21:00:00,0.3591,0.3594,0.3559,0.3569,9697508
2024-10-30 22:00:00,0.357,0.3573,0.3548,0.3552,6200749
2024-10-30 23:00:00,0.3553,0.3571,0.3549,0.355,4387458
2024-10-31 00:00:00,0.3551,0.3577,0.355,0.3564,10281137
2024-10-31 01:00:00,0.3565,0.3584,0.3542,0.3579,10439557
2024-10-31 02:00:00,0.3579,0.3591,0.3566,0.3591,9280302
2024-10-31 03:00:00,0.3591,0.36,0.3576,0.358,7287643
2024-10-31 04:00:00,0.358,0.3587,0.3558,0.3564,7606752
2024-10-31 05:00:00,0.3565,0.3573,0.356,0.3566,4798330
2024-10-31 06:00:00,0.3566,0.3571,0.3546,0.3554,6909444
2024-10-31 07:00:00,0.3554,0.3565,0.3535,0.3559,8137181
2024-10-31 08:00:00,0.3559,0.356,0.3525,0.3545,10249396
2024-10-31 09:00:00,0.3544,0.3578,0.354,0.3571,9816894
2024-10-31 10:00:00,0.357,0.3611,0.3565,0.361,17671797
2024-10-31 11:00:00,0.361,0.3615,0.3578,0.3589,16768710
2024-10-31 12:00:00,0.3588,0.3607,0.3577,0.3606,15953259
2024-10-31 13:00:00,0.3606,0.3614,0.3541,0.3549,32958100
2024-10-31 14:00:00,0.3549,0.355,0.3482,0.3494,57599678
2024-10-31 15:00:00,0.3494,0.3528,0.3444,0.3446,51918709
2024-10-31 16:00:00,0.3446,0.3466,0.3434,0.3452,33211852
2024-10-31 17:00:00,0.3452,0.3466,0.3422,0.344,21215232
2024-10-31 18:00:00,0.3441,0.3441,0.3402,0.3429,25555170
2024-10-31 19:00:00,0.343,0.3439,0.3406,0.341,9927631
2024-10-31 20:00:00,0.341,0.3436,0.3403,0.3427,11835747
2024-10-31 21:00:00,0.3426,0.344,0.3416,0.343,7120218
2024-10-31 22:00:00,0.343,0.3433,0.3406,0.3427,11194903
2024-10-31 23:00:00,0.3426,0.3437,0.3416,0.3416,5535492
2024-11-01 00:00:00,0.3416,0.3431,0.3411,0.342,8330708
2024-11-01 01:00:00,0.342,0.3423,0.3373,0.3382,29242401
2024-11-01 02:00:00,0.3382,0.3393,0.3337,0.339,30216444
2024-11-01 03:00:00,0.3391,0.3411,0.3389,0.3401,9295854
2024-11-01 04:00:00,0.3401,0.3422,0.3394,0.3421,9401373
2024-11-01 05:00:00,0.3421,0.343,0.341,0.3424,7903177
2024-11-01 06:00:00,0.3423,0.3426,0.3398,0.3401,12754639
2024-11-01 07:00:00,0.3401,0.3431,0.3376,0.3428,19753960
2024-11-01 08:00:00,0.3428,0.3444,0.3419,0.3443,16157937
2024-11-01 09:00:00,0.3444,0.348,0.3438,0.3465,24938266
2024-11-01 10:00:00,0.3465,0.3474,0.3453,0.3464,11682161
2024-11-01 11:00:00,0.3463,0.3495,0.3462,0.3474,12150598
2024-11-01 12:00:00,0.3473,0.3538,0.3472,0.3535,26446067
2024-11-01 13:00:00,0.3534,0.3579,0.3523,0.3577,31253421
2024-11-01 14:00:00,0.3576,0.362,0.3562,0.3606,54375298
2024-11-01 15:00:00,0.3607,0.3617,0.3493,0.3525,68361035
2024-11-01 16:00:00,0.3526,0.3592,0.3521,0.3555,49271804
2024-11-01 17:00:00,0.3556,0.3576,0.3541,0.356,23634454
2024-11-01 18:00:00,0.356,0.3575,0.3549,0.3556,19640666
2024-11-01 19:00:00,0.3556,0.3557,0.3518,0.3533,24463931
2024-11-01 20:00:00,0.3533,0.3581,0.3533,0.3566,17115804
2024-11-01 21:00:00,0.3567,0.3573,0.3514,0.3557,23567778
2024-11-01 22:00:00,0.3557,0.3581,0.3545,0.3575,19987239
2024-11-01 23:00:00,0.3574,0.3586,0.3556,0.3575,11518339
2024-11-02 00:00:00,0.3575,0.363,0.3572,0.3605,31654837
2024-11-02 01:00:00,0.3605,0.3619,0.3592,0.3596,13033785
2024-11-02 02:00:00,0.3597,0.3621,0.3594,0.361,11907921
2024-11-02 03:00:00,0.361,0.364,0.3608,0.361,14822594
2024-11-02 04:00:00,0.361,0.3628,0.3576,0.3578,17141269
2024-11-02 05:00:00,0.3578,0.3582,0.3546,0.3575,19912214
2024-11-02 06:00:00,0.3576,0.359,0.3561,0.3565,12659789
2024-11-02 07:00:00,0.3565,0.3575,0.355,0.3571,10013743
2024-11-02 08:00:00,0.3571,0.3574,0.3543,0.3555,10120151
2024-11-02 09:00:00,0.3556,0.3585,0.3553,0.3572,9855818
2024-11-02 10:00:00,0.3572,0.3575,0.3558,0.3568,9679450
2024-11-02 11:00:00,0.3568,0.3593,0.3566,0.3583,13723445
2024-11-02 12:00:00,0.3583,0.359,0.3508,0.3532,37071458
2024-11-02 13:00:00,0.3532,0.3565,0.351,0.3516,26381586
2024-11-02 14:00:00,0.3515,0.353,0.35,0.3518,21144778
2024-11-02 15:00:00,0.3518,0.3544,0.3482,0.3543,24567897
2024-11-02 16:00:00,0.3542,0.3567,0.3521,0.3561,18967136
2024-11-02 17:00:00,0.3562,0.3566,0.3524,0.353,23076523
2024-11-02 18:00:00,0.353,0.3535,0.3508,0.3513,13705759
2024-11-02 19:00:00,0.3513,0.3525,0.3505,0.3518,7819163
2024-11-02 20:00:00,0.3518,0.3522,0.3506,0.3508,6903032
2024-11-02 21:00:00,0.3508,0.3516,0.3485,0.3488,8257124
2024-11-02 22:00:00,0.3488,0.3493,0.3465,0.3466,11671002
2024-11-02 23:00:00,0.3466,0.3482,0.3451,0.3482,12007040
2024-11-03 00:00:00,0.3481,0.3482,0.3442,0.3453,15081239
2024-11-03 01:00:00,0.3452,0.3467,0.3436,0.3437,12729208
2024-11-03 02:00:00,0.3437,0.3457,0.3354,0.3378,50436255
2024-11-03 03:00:00,0.3379,0.3412,0.335,0.3402,28084834
2024-11-03 04:00:00,0.3403,0.3442,0.3399,0.3439,15688253
2024-11-03 05:00:00,0.344,0.344,0.3398,0.34,10935883
2024-11-03 06:00:00,0.34,0.3433,0.3399,0.3423,10668468
2024-11-03 07:00:00,0.3424,0.3429,0.3399,0.3407,8579263
2024-11-03 08:00:00,0.3407,0.3412,0.3392,0.3405,12748111
2024-11-03 09:00:00,0.3406,0.3407,0.3375,0.3382,14725103
2024-11-03 10:00:00,0.3382,0.3401,0.3373,0.3376,12729686
2024-11-03 11:00:00,0.3375,0.3385,0.3351,0.3353,23592867
2024-11-03 12:00:00,0.3353,0.3374,0.3346,0.3348,13184903
2024-11-03 13:00:00,0.3348,0.3356,0.3312,0.3321,26087810
2024-11-03 14:00:00,0.3321,0.3334,0.33,0.3315,33804085
2024-11-03 15:00:00,0.3315,0.3339,0.3295,0.3331,33056860
2024-11-03 16:00:00,0.333,0.3355,0.3305,0.3317,30069349
2024-11-03 17:00:00,0.3316,0.334,0.3314,0.3317,12061189
2024-11-03 18:00:00,0.3318,0.3322,0.3271,0.3293,24941941
2024-11-03 19:00:00,0.3293,0.334,0.3286,0.3335,16895097
2024-11-03 20:00:00,0.3335,0.3344,0.3312,0.3338,22355424
2024-11-03 21:00:00,0.3338,0.3363,0.3337,0.3346,18463831
2024-11-03 22:00:00,0.3346,0.336,0.3335,0.3344,8040724
2024-11-03 23:00:00,0.3344,0.3348,0.3327,0.3339,9814027
2024-11-04 00:00:00,0.3338,0.3338,0.3302,0.3325,15664348
2024-11-04 01:00:00,0.3325,0.3365,0.3316,0.3344,14545103
2024-11-04 02:00:00,0.3344,0.3364,0.3326,0.3357,18271602
2024-11-04 03:00:00,0.3357,0.3366,0.3331,0.3332,11325524
2024-11-04 04:00:00,0.3332,0.3343,0.3317,0.332,8954568
2024-11-04 05:00:00,0.3321,0.3322,0.3289,0.3293,11883093
2024-11-04 06:00:00,0.3293,0.3336,0.3292,0.3333,18722935
2024-11-04 07:00:00,0.3334,0.3339,0.3299,0.3302,10118519
2024-11-04 08:00:00,0.3302,0.3314,0.3287,0.3295,12161180
2024-11-04 09:00:00,0.3296,0.3315,0.3294,0.3313,10230968
2024-11-04 10:00:00,0.3312,0.3337,0.3307,0.3323,18831020
2024-11-04 11:00:00,0.3323,0.3334,0.3313,0.3326,11608872
2024-11-04 12:00:00,0.3327,0.3345,0.3316,0.3332,9620809
2024-11-04 13:00:00,0.3333,0.335,0.329,0.329,18331718
2024-11-04 14:00:00,0.3291,0.3299,0.3261,0.3272,26676847
2024-11-04 15:00:00,0.3272,0.3281,0.3247,0.3279,25360095
2024-11-04 16:00:00,0.3279,0.3283,0.3239,0.3254,19532833
2024-11-04 17:00:00,0.3255,0.3262,0.3241,0.3256,14056796
2024-11-04 18:00:00,0.3257,0.328,0.3242,0.3272,9779825
2024-11-04 19:00:00,0.3273,0.3295,0.327,0.3282,15650547
2024-11-04 20:00:00,0.3282,0.3293,0.3265,0.3276,9300889
2024-11-04 21:00:00,0.3276,0.3283,0.32,0.3213,46626991
2024-11-04 22:00:00,0.3213,0.3285,0.3205,0.327,16574852
2024-11-04 23:00:00,0.3269,0.3273,0.3249,0.3261,10133968
2024-11-05 00:00:00,0.3262,0.3292,0.3258,0.3282,13261262
2024-11-05 01:00:00,0.3283,0.3298,0.3258,0.3294,12623530
2024-11-05 02:00:00,0.3294,0.3295,0.328,0.3291,6394936
2024-11-05 03:00:00,0.3291,0.3305,0.3289,0.3301,6963619
2024-11-05 04:00:00,0.3301,0.3316,0.3297,0.33,12188272
2024-11-05 05:00:00,0.33,0.3309,0.3296,0.3307,6340632
2024-11-05 06:00:00,0.3307,0.3309,0.3294,0.33,5229763
2024-11-05 07:00:00,0.3299,0.3313,0.3291,0.3311,7780644
2024-11-05 08:00:00,0.3311,0.3323,0.3309,0.3323,8398640
2024-11-05 09:00:00,0.3323,0.3331,0.3308,0.331,11902898
2024-11-05 10:00:00,0.331,0.3316,0.33,0.3307,8123675
2024-11-05 11:00:00,0.3306,0.3316,0.3304,0.3314,5784916
2024-11-05 12:00:00,0.3314,0.3321,0.3304,0.3319,7202466
2024-11-05 13:00:00,0.332,0.3325,0.3307,0.3323,7992519
2024-11-05 14:00:00,0.3323,0.3365,0.3291,0.3355,57546367
2024-11-05 15:00:00,0.3354,0.3357,0.3315,0.3339,28761795
2024-11-05 16:00:00,0.3338,0.3371,0.3335,0.3368,22117408
2024-11-05 17:00:00,0.3369,0.3381,0.335,0.3352,20514870
2024-11-05 18:00:00,0.3352,0.3368,0.3348,0.3363,7074847
2024-11-05 19:00:00,0.3363,0.3368,0.3285,0.3298,27969491
2024-11-05 20:00:00,0.3298,0.3355,0.3287,0.3352,21767547
2024-11-05 21:00:00,0.3352,0.3355,0.3326,0.333,9084582
2024-11-05 22:00:00,0.3331,0.3349,0.3316,0.3346,6449827
2024-11-05 23:00:00,0.3347,0.3354,0.3331,0.3335,8296731
2024-11-06 00:00:00,0.3334,0.3408,0.3334,0.34,26841971
2024-11-06 01:00:00,0.34,0.3426,0.3385,0.3401,24628517
2024-11-06 02:00:00,0.3401,0.3525,0.339,0.3507,47713780
2024-11-06 03:00:00,0.3506,0.3614,0.3504,0.3583,90414129
2024-11-06 04:00:00,0.3584,0.363,0.3583,0.3588,55548213
2024-11-06 05:00:00,0.3587,0.3603,0.3557,0.36,29591191
2024-11-06 06:00:00,0.3601,0.3657,0.3596,0.361,47437148
2024-11-06 07:00:00,0.3609,0.3661,0.3584,0.3597,37545000
2024-11-06 08:00:00,0.3598,0.3611,0.353,0.3582,52522929
2024-11-06 09:00:00,0.3583,0.36,0.3569,0.3591,18406064
2024-11-06 10:00:00,0.3592,0.3597,0.3568,0.3581,16797098
2024-11-06 11:00:00,0.3582,0.3589,0.3564,0.3583,13988406
2024-11-06 12:00:00,0.3583,0.36,0.3577,0.3586,15829178
2024-11-06 13:00:00,0.3587,0.3592,0.3557,0.3579,18795512
2024-11-06 14:00:00,0.3578,0.3584,0.3516,0.3519,28978169
2024-11-06 15:00:00,0.352,0.3553,0.3514,0.3534,23670187
2024-11-06 16:00:00,0.3534,0.3548,0.3518,0.3544,11818724
2024-11-06 17:00:00,0.3543,0.355,0.3531,0.3537,8876072
2024-11-06 18:00:00,0.3536,0.3571,0.3536,0.357,12572886
2024-11-06 19:00:00,0.3571,0.3581,0.3555,0.3575,20009742
2024-11-06 20:00:00,0.3574,0.3597,0.3571,0.3585,17315851
2024-11-06 21:00:00,0.3584,0.361,0.3574,0.3608,14277498
2024-11-06 22:00:00,0.3609,0.3654,0.3592,0.3647,17817706
2024-11-06 23:00:00,0.3646,0.3657,0.3621,0.3632,19120645
2024-11-07 00:00:00,0.3631,0.3657,0.3614,0.3636,21343577
2024-11-07 01:00:00,0.3636,0.3751,0.3631,0.3716,51019286
2024-11-07 02:00:00,0.3716,0.3768,0.3714,0.3767,20398457
2024-11-07 03:00:00,0.3766,0.3787,0.3728,0.3737,25658719
2024-11-07 04:00:00,0.3737,0.3739,0.3696,0.3726,23795184
2024-11-07 05:00:00,0.3726,0.3733,0.3683,0.3711,37366950
2024-11-07 06:00:00,0.3712,0.3734,0.3658,0.3689,40793257
2024-11-07 07:00:00,0.3689,0.3702,0.3677,0.369,9641652
2024-11-07 08:00:00,0.369,0.3712,0.3686,0.37,9816534
2024-11-07 09:00:00,0.37,0.373,0.3692,0.3717,20250532
2024-11-07 10:00:00,0.3716,0.372,0.3697,0.3704,12535353
2024-11-07 11:00:00,0.3703,0.3717,0.3698,0.37,10232918
2024-11-07 12:00:00,0.3701,0.3765,0.37,0.3765,18392838
2024-11-07 13:00:00,0.3765,0.3779,0.3715,0.372,21931946
2024-11-07 14:00:00,0.372,0.3769,0.3713,0.3754,19218494
2024-11-07 15:00:00,0.3753,0.3888,0.3741,0.3886,47624735
2024-11-07 16:00:00,0.3886,0.3923,0.385,0.3913,77605896
2024-11-07 17:00:00,0.3913,0.3941,0.3891,0.3902,35225115
2024-11-07 18:00:00,0.3902,0.3951,0.3882,0.3941,33468349
2024-11-07 19:00:00,0.3942,0.3943,0.3898,0.3933,23093568
2024-11-07 20:00:00,0.3934,0.3998,0.3932,0.3971,35166701
2024-11-07 21:00:00,0.3971,0.4014,0.3961,0.4008,23494432
2024-11-07 22:00:00,0.4008,0.4043,0.3956,0.3966,55482362
2024-11-07 23:00:00,0.3966,0.4071,0.3946,0.4068,37000545
2024-11-08 00:00:00,0.4068,0.4178,0.404,0.4124,76998259
2024-11-08 01:00:00,0.4124,0.4211,0.4087,0.4142,77758015
2024-11-08 02:00:00,0.4142,0.418,0.4102,0.4125,48746080
2024-11-08 03:00:00,0.4125,0.423,0.4112,0.4221,74705220
2024-11-08 04:00:00,0.4221,0.43,0.4187,0.4205,92946196
2024-11-08 05:00:00,0.4206,0.4355,0.4202,0.4347,76272670
2024-11-08 06:00:00,0.4348,0.4438,0.4305,0.4308,126609857
2024-11-08 07:00:00,0.4307,0.4337,0.4276,0.4282,67568288
2024-11-08 08:00:00,0.4282,0.4298,0.4216,0.4259,82155979
2024-11-08 09:00:00,0.4259,0.4345,0.425,0.4318,57927752
2024-11-08 10:00:00,0.4318,0.4372,0.4296,0.4317,64352067
2024-11-08 11:00:00,0.4317,0.4368,0.4293,0.4352,38602796
2024-11-08 12:00:00,0.435,0.4415,0.4333,0.4409,78870962
2024-11-08 13:00:00,0.4408,0.4414,0.4341,0.4405,53186829
2024-11-08 14:00:00,0.4406,0.4502,0.439,0.4395,140364857
2024-11-08 15:00:00,0.4396,0.4511,0.4342,0.4501,154564924
2024-11-08 16:00:00,0.4501,0.459,0.4361,0.4405,229686171
2024-11-08 17:00:00,0.4405,0.449,0.4365,0.4471,120344566
2024-11-08 18:00:00,0.4472,0.4509,0.443,0.447,60650627
2024-11-08 19:00:00,0.447,0.4482,0.441,0.4438,45173725
2024-11-08 20:00:00,0.4438,0.4455,0.4363,0.4407,58878963
2024-11-08 21:00:00,0.4407,0.4434,0.4354,0.4415,39930864
2024-11-08 22:00:00,0.4415,0.4459,0.4401,0.4438,28413662
2024-11-08 23:00:00,0.4439,0.4461,0.4418,0.4448,20981192
2024-11-09 00:00:00,0.4447,0.445,0.4376,0.4378,36227785
2024-11-09 01:00:00,0.4379,0.4419,0.4343,0.436,40152798
2024-11-09 02:00:00,0.4359,0.4362,0.4323,0.4342,34100799
2024-11-09 03:00:00,0.4341,0.4353,0.4286,0.4299,41237446
2024-11-09 04:00:00,0.4298,0.4336,0.4274,0.4284,33224759
2024-11-09 05:00:00,0.4284,0.4367,0.4274,0.4352,39685097
2024-11-09 06:00:00,0.4352,0.4389,0.433,0.4374,59329164
2024-11-09 07:00:00,0.4373,0.4398,0.4338,0.4353,26860553
2024-11-09 08:00:00,0.4353,0.439,0.4345,0.4369,21059398
2024-11-09 09:00:00,0.437,0.4402,0.4364,0.4397,18218062
2024-11-09 10:00:00,0.4397,0.4414,0.4381,0.4385,21274096
2024-11-09 11:00:00,0.4386,0.4419,0.4369,0.4416,14346223
2024-11-09 12:00:00,0.4416,0.4425,0.4366,0.4394,26240164
2024-11-09 13:00:00,0.4394,0.4449,0.4378,0.4401,30508884
2024-11-09 14:00:00,0.4401,0.4408,0.433,0.4351,35295755
2024-11-09 15:00:00,0.435,0.4397,0.4313,0.4379,37322495
2024-11-09 16:00:00,0.4379,0.4418,0.4355,0.4391,27327465
2024-11-09 17:00:00,0.439,0.4409,0.4332,0.4408,26599253
2024-11-09 18:00:00,0.4408,0.4425,0.4373,0.4408,18771664
2024-11-09 19:00:00,0.4407,0.4436,0.4376,0.4397,17649161
2024-11-09 20:00:00,0.4398,0.4432,0.4395,0.4426,11972182
2024-11-09 21:00:00,0.4427,0.4485,0.4425,0.4457,35606949
2024-11-09 22:00:00,0.4457,0.4688,0.4457,0.4676,72958675
2024-11-09 23:00:00,0.4676,0.4988,0.4652,0.497,163665289
2024-11-10 00:00:00,0.497,0.5191,0.4882,0.5111,187282104
2024-11-10 01:00:00,0.5111,0.519,0.4989,0.5188,117279967
2024-11-10 02:00:00,0.5187,0.5266,0.513,0.5174,92775248
2024-11-10 03:00:00,0.5173,0.5412,0.5173,0.5331,128209100
2024-11-10 04:00:00,0.5331,0.5775,0.5328,0.565,279811147
2024-11-10 05:00:00,0.5649,0.5975,0.5607,0.5802,307672302
2024-11-10 06:00:00,0.5802,0.5881,0.5654,0.5773,224495352
2024-11-10 07:00:00,0.5774,0.5878,0.5721,0.5848,120644082
2024-11-10 08:00:00,0.5848,0.5899,0.575,0.5792,100931671
2024-11-10 09:00:00,0.5792,0.5895,0.5746,0.5871,104477663
2024-11-10 10:00:00,0.5871,0.5998,0.5846,0.5859,145732372
2024-11-10 11:00:00,0.5859,0.5884,0.578,0.5882,92736642
2024-11-10 12:00:00,0.5882,0.66,0.5864,0.6395,568651184
2024-11-10 13:00:00,0.6396,0.6439,0.6102,0.6156,250024122
2024-11-10 14:00:00,0.6155,0.6255,0.593,0.5979,233239670
2024-11-10 15:00:00,0.5978,0.6063,0.5896,0.5997,134932943
2024-11-10 16:00:00,0.5997,0.6159,0.5965,0.6086,146909172
2024-11-10 17:00:00,0.6086,0.6307,0.6062,0.6239,122098111
2024-11-10 18:00:00,0.6238,0.6332,0.6104,0.6172,120324692
2024-11-10 19:00:00,0.6173,0.6295,0.6029,0.6132,159381692
2024-11-10 20:00:00,0.6131,0.616,0.5721,0.5727,194558262
2024-11-10 21:00:00,0.5726,0.5935,0.544,0.5881,302442934
2024-11-10 22:00:00,0.5881,0.6027,0.5783,0.5913,138915850
2024-11-10 23:00:00,0.5913,0.5966,0.5824,0.5907,82745102
2024-11-11 00:00:00,0.5907,0.6133,0.5845,0.5936,121431492
2024-11-11 01:00:00,0.5936,0.6078,0.5871,0.6027,76764448
2024-11-11 02:00:00,0.6028,0.6059,0.5939,0.5983,57761797
2024-11-11 03:00:00,0.5982,0.6008,0.5877,0.5984,72078740
2024-11-11 04:00:00,0.5984,0.5996,0.5841,0.5948,56856740
2024-11-11 05:00:00,0.5948,0.596,0.5651,0.574,129163310
2024-11-11 06:00:00,0.5739,0.5795,0.5673,0.5725,75589578
2024-11-11 07:00:00,0.5727,0.5776,0.5657,0.5736,56418246
2024-11-11 08:00:00,0.5736,0.5866,0.573,0.5834,57680030
2024-11-11 09:00:00,0.5835,0.589,0.5772,0.5883,50821555
2024-11-11 10:00:00,0.5883,0.5988,0.5861,0.5934,70110138
2024-11-11 11:00:00,0.5933,0.5985,0.5888,0.5972,33802507
2024-11-11 12:00:00,0.5971,0.6252,0.5878,0.6173,162036102
2024-11-11 13:00:00,0.6172,0.6219,0.5916,0.5948,118821089
2024-11-11 14:00:00,0.5947,0.6023,0.5795,0.5926,115741602
2024-11-11 15:00:00,0.5926,0.6208,0.5912,0.6017,137321478
2024-11-11 16:00:00,0.6018,0.6102,0.5912,0.5996,100960295
2024-11-11 17:00:00,0.5997,0.6073,0.5909,0.5994,63011702
2024-11-11 18:00:00,0.5995,0.6034,0.5882,0.6007,51482210
2024-11-11 19:00:00,0.6006,0.602,0.5929,0.5978,46082335
2024-11-11 20:00:00,0.5978,0.6227,0.5971,0.6066,88242419
2024-11-11 21:00:00,0.6066,0.6175,0.6036,0.6093,53190153
2024-11-11 22:00:00,0.6093,0.6129,0.5935,0.6003,68525966
2024-11-11 23:00:00,0.6004,0.6198,0.5968,0.6139,86747205
2024-11-12 00:00:00,0.6139,0.6141,0.5812,0.5974,125436892
2024-11-12 01:00:00,0.5973,0.5975,0.5837,0.5884,66345179
2024-11-12 02:00:00,0.5884,0.5894,0.5782,0.5865,57039051
2024-11-12 03:00:00,0.5866,0.5941,0.58,0.5939,35847492
2024-11-12 04:00:00,0.5939,0.5939,0.5842,0.5883,43335516
2024-11-12 05:00:00,0.5883,0.5983,0.5811,0.5874,65763159
2024-11-12 06:00:00,0.5875,0.5988,0.5861,0.5975,56237562
2024-11-12 07:00:00,0.5976,0.6244,0.5937,0.6119,110238586
2024-11-12 08:00:00,0.612,0.6508,0.6118,0.6438,198717793
2024-11-12 09:00:00,0.6437,0.6555,0.6037,0.6048,179303815
2024-11-12 10:00:00,0.6047,0.613,0.5607,0.5828,249690807
2024-11-12 11:00:00,0.5828,0.5992,0.5764,0.5861,105270155
2024-11-12 12:00:00,0.586,0.5931,0.5646,0.5721,102973736
2024-11-12 13:00:00,0.5721,0.5811,0.557,0.573,103179366
2024-11-12 14:00:00,0.573,0.5828,0.5661,0.5816,86524992
2024-11-12 15:00:00,0.5815,0.5843,0.5688,0.5712,53101482
2024-11-12 16:00:00,0.5713,0.5746,0.5557,0.571,76883875
2024-11-12 17:00:00,0.571,0.5807,0.5692,0.5703,37067462
2024-11-12 18:00:00,0.5703,0.5809,0.5688,0.5797,35655012
2024-11-12 19:00:00,0.5797,0.5834,0.5759,0.5772,37146267
2024-11-12 20:00:00,0.5771,0.5836,0.5745,0.5753,37889207
2024-11-12 21:00:00,0.5752,0.5808,0.5683,0.579,44940216
2024-11-12 22:00:00,0.579,0.5876,0.5742,0.587,36786441
2024-11-12 23:00:00,0.5871,0.5873,0.5702,0.5714,38865670
2024-11-13 00:00:00,0.5715,0.5751,0.5618,0.562,65257028
2024-11-13 01:00:00,0.5619,0.5686,0.5517,0.5587,74561705
2024-11-13 02:00:00,0.5586,0.5613,0.5444,0.5539,62949176
2024-11-13 03:00:00,0.554,0.5548,0.5356,0.5357,61129359
2024-11-13 04:00:00,0.5357,0.5476,0.5215,0.534,100982692
2024-11-13 05:00:00,0.534,0.5406,0.5271,0.529,49915042
2024-11-13 06:00:00,0.529,0.5343,0.5191,0.5257,53798113
2024-11-13 07:00:00,0.5257,0.5354,0.5231,0.5342,57373828
2024-11-13 08:00:00,0.5343,0.539,0.5301,0.5326,48448243
2024-11-13 09:00:00,0.5327,0.5362,0.5262,0.5332,36699917
2024-11-13 10:00:00,0.5332,0.5393,0.5284,0.5379,42809275
2024-11-13 11:00:00,0.538,0.5437,0.5352,0.5379,48069710
2024-11-13 12:00:00,0.5379,0.5398,0.5294,0.5351,43132083
2024-11-13 13:00:00,0.5351,0.5693,0.5318,0.5651,176666033
2024-11-13 14:00:00,0.5651,0.6106,0.5586,0.6057,222729785
2024-11-13 15:00:00,0.6057,0.6057,0.5787,0.5957,150476845
2024-11-13 16:00:00,0.5956,0.5999,0.5809,0.591,96932264
2024-11-13 17:00:00,0.5911,0.5968,0.5836,0.585,51289072
2024-11-13 18:00:00,0.585,0.5962,0.5836,0.589,51123617
2024-11-13 19:00:00,0.589,0.5915,0.5631,0.5707,131640940
2024-11-13 20:00:00,0.5707,0.581,0.5621,0.5737,61223561
2024-11-13 21:00:00,0.5736,0.5757,0.5562,0.5679,77857622
2024-11-13 22:00:00,0.568,0.5799,0.5657,0.5769,34319683
2024-11-13 23:00:00,0.5769,0.5815,0.573,0.5788,22880460
2024-11-14 00:00:00,0.5787,0.5816,0.5723,0.5728,28917430
2024-11-14 01:00:00,0.5729,0.5798,0.5682,0.5777,28068488
2024-11-14 02:00:00,0.5778,0.5828,0.5707,0.5753,28274661
2024-11-14 03:00:00,0.5753,0.5764,0.5636,0.5733,31583922
2024-11-14 04:00:00,0.5732,0.5754,0.5657,0.5752,23520327
2024-11-14 05:00:00,0.5752,0.5782,0.5714,0.5777,21201379
2024-11-14 06:00:00,0.5777,0.5978,0.5718,0.5722,81569368
2024-11-14 07:00:00,0.5722,0.5819,0.5662,0.5812,50508916
2024-11-14 08:00:00,0.5812,0.5839,0.576,0.5796,34138045
2024-11-14 09:00:00,0.5795,0.5819,0.5724,0.5792,23259335
2024-11-14 10:00:00,0.5791,0.5825,0.5663,0.5668,32280540
2024-11-14 11:00:00,0.5667,0.5694,0.5565,0.5678,59042849
2024-11-14 12:00:00,0.5678,0.569,0.5626,0.5675,26466513
2024-11-14 13:00:00,0.5675,0.5724,0.5612,0.5626,38714330
2024-11-14 14:00:00,0.5625,0.5738,0.5445,0.546,116370741
2024-11-14 15:00:00,0.5459,0.5549,0.5418,0.5485,69721400
2024-11-14 16:00:00,0.5485,0.5603,0.5465,0.5578,53409029
2024-11-14 17:00:00,0.5579,0.5591,0.5533,0.5573,29064082
2024-11-14 18:00:00,0.5574,0.5625,0.5539,0.5565,38093357
2024-11-14 19:00:00,0.5565,0.5655,0.5561,0.5653,26889826
2024-11-14 20:00:00,0.5652,0.5687,0.5566,0.5593,39387474
2024-11-14 21:00:00,0.5592,0.5855,0.5559,0.5818,78217709
2024-11-14 22:00:00,0.5819,0.6009,0.5716,0.5785,118992260
2024-11-14 23:00:00,0.5786,0.587,0.5682,0.5795,88980698
2024-11-15 00:00:00,0.5794,0.5959,0.5778,0.5828,72402996
2024-11-15 01:00:00,0.5828,0.5944,0.5751,0.5909,64706858
2024-11-15 02:00:00,0.5909,0.6019,0.5844,0.5963,54217295
2024-11-15 03:00:00,0.5964,0.5999,0.5899,0.5947,33501402
2024-11-15 04:00:00,0.5946,0.6042,0.5767,0.5914,88970084
2024-11-15 05:00:00,0.5915,0.6055,0.58,0.6039,68269856
2024-11-15 06:00:00,0.604,0.6287,0.5925,0.5965,180945004
2024-11-15 07:00:00,0.5965,0.5985,0.588,0.5902,53258967
2024-11-15 08:00:00,0.5903,0.5957,0.5835,0.5932,47764004
2024-11-15 09:00:00,0.5933,0.629,0.5917,0.6216,100690957
2024-11-15 10:00:00,0.6215,0.6306,0.607,0.6127,137232735
2024-11-15 11:00:00,0.6128,0.6161,0.6072,0.6139,43032214
2024-11-15 12:00:00,0.6139,0.6528,0.6137,0.6525,122716266
2024-11-15 13:00:00,0.6526,0.6963,0.6418,0.6582,446338361
2024-11-15 14:00:00,0.6582,0.6841,0.6549,0.6649,239755853
2024-11-15 15:00:00,0.6649,0.6708,0.6373,0.6478,219083507
2024-11-15 16:00:00,0.6478,0.6693,0.6425,0.6641,123133570
2024-11-15 17:00:00,0.664,0.6819,0.6594,0.6664,125494611
2024-11-15 18:00:00,0.6664,0.6748,0.6607,0.6707,80947537
2024-11-15 19:00:00,0.6706,0.683,0.6594,0.6784,93051720
2024-11-15 20:00:00,0.6784,0.6854,0.6642,0.6684,120920088
2024-11-15 21:00:00,0.6684,0.6853,0.6616,0.6796,91715762
2024-11-15 22:00:00,0.6797,0.6874,0.6705,0.6759,61271417
2024-11-15 23:00:00,0.6759,0.708,0.6753,0.7076,156605281
2024-11-16 00:00:00,0.7077,0.7486,0.7029,0.7109,247656499
2024-11-16 01:00:00,0.7109,0.7282,0.707,0.7237,107023109
2024-11-16 02:00:00,0.7236,0.7417,0.7186,0.7411,88338554
2024-11-16 03:00:00,0.7411,0.7512,0.7285,0.7462,100781175
2024-11-16 04:00:00,0.7462,0.7462,0.7264,0.7373,87548747
2024-11-16 05:00:00,0.7372,0.7595,0.7303,0.7407,134313554
2024-11-16 06:00:00,0.7408,0.7519,0.7188,0.7224,96132418
2024-11-16 07:00:00,0.7223,0.73,0.7144,0.726,63689604
2024-11-16 08:00:00,0.726,0.73,0.7078,0.7221,90099705
2024-11-16 09:00:00,0.722,0.758,0.7187,0.7526,159678606
2024-11-16 10:00:00,0.7525,0.7811,0.7505,0.7755,216244663
2024-11-16 11:00:00,0.7757,0.785,0.7383,0.7529,194667229
2024-11-16 12:00:00,0.7529,0.7547,0.7338,0.7481,114577814
2024-11-16 13:00:00,0.748,0.7765,0.7426,0.7569,147795848
2024-11-16 14:00:00,0.7568,0.7791,0.7538,0.7788,122119663
2024-11-16 15:00:00,0.7788,0.8199,0.7358,0.7463,400777262
2024-11-16 16:00:00,0.7462,0.7707,0.7402,0.7625,140377569
2024-11-16 17:00:00,0.7624,0.7626,0.7479,0.752,85921833
2024-11-16 18:00:00,0.7521,0.775,0.7515,0.7689,70929185
2024-11-16 19:00:00,0.769,0.773,0.7563,0.7596,53997332
2024-11-16 20:00:00,0.7596,0.7674,0.7504,0.7579,49314638
2024-11-16 21:00:00,0.7579,0.7677,0.7511,0.7516,41132142
2024-11-16 22:00:00,0.7515,0.755,0.7403,0.7412,38513405
2024-11-16 23:00:00,0.7411,0.7512,0.7304,0.742,78765752
2024-11-17 00:00:00,0.742,0.7738,0.742,0.7542,134268949
2024-11-17 01:00:00,0.7542,0.7551,0.7019,0.7122,144295298
2024-11-17 02:00:00,0.7122,0.7226,0.6904,0.7151,135545444
2024-11-17 03:00:00,0.7151,0.721,0.7123,0.7152,40965849
2024-11-17 04:00:00,0.7152,0.722,0.7062,0.7149,47884816
2024-11-17 05:00:00,0.7148,0.7211,0.7092,0.71,36189925
2024-11-17 06:00:00,0.71,0.7307,0.7078,0.7224,53452971
2024-11-17 07:00:00,0.7223,0.73,0.718,0.7186,37889129
2024-11-17 08:00:00,0.7186,0.7284,0.7146,0.7212,32437010
2024-11-17 09:00:00,0.7211,0.7298,0.721,0.7259,39507049
2024-11-17 10:00:00,0.7258,0.7294,0.7192,0.7222,28286281
2024-11-17 11:00:00,0.7223,0.7223,0.708,0.7086,43487370
2024-11-17 12:00:00,0.7086,0.7281,0.7068,0.7268,40397195
2024-11-17 13:00:00,0.7268,0.7346,0.7201,0.7273,46120281
2024-11-17 14:00:00,0.7272,0.7322,0.7206,0.731,39581549
2024-11-17 15:00:00,0.731,0.7319,0.7224,0.7262,27192288
2024-11-17 16:00:00,0.7263,0.7423,0.725,0.7407,41216546
2024-11-17 17:00:00,0.7406,0.7488,0.7352,0.7433,59469315
2024-11-17 18:00:00,0.7434,0.7452,0.722,0.7238,51532408
2024-11-17 19:00:00,0.7238,0.7262,0.7109,0.7167,52710544
2024-11-17 20:00:00,0.7167,0.7218,0.7086,0.715,27792051
2024-11-17 21:00:00,0.7151,0.717,0.7039,0.7045,24951330
2024-11-17 22:00:00,0.7044,0.712,0.6977,0.7048,38207155
2024-11-17 23:00:00,0.7049,0.711,0.6979,0.703,32075642
2024-11-18 00:00:00,0.703,0.7189,0.7006,0.7092,46881737
2024-11-18 01:00:00,0.7092,0.745,0.7081,0.7374,55898667
2024-11-18 02:00:00,0.7375,0.7397,0.725,0.7355,45674566
2024-11-18 03:00:00,0.7356,0.7429,0.7285,0.7377,42256732
2024-11-18 04:00:00,0.7377,0.7485,0.734,0.7429,50769627
2024-11-18 05:00:00,0.743,0.7636,0.7415,0.7575,72856168
2024-11-18 06:00:00,0.7576,0.7808,0.7561,0.7694,78120251
2024-11-18 07:00:00,0.7693,0.77,0.7561,0.7623,46716540
2024-11-18 08:00:00,0.7623,0.7856,0.7619,0.7689,73228404
2024-11-18 09:00:00,0.7693,0.7799,0.7568,0.7594,57478556
2024-11-18 10:00:00,0.7594,0.765,0.7572,0.7632,28911777
2024-11-18 11:00:00,0.7632,0.7654,0.7306,0.7352,86196684
2024-11-18 12:00:00,0.7353,0.7387,0.7278,0.7326,47928190
2024-11-18 13:00:00,0.7325,0.7357,0.7177,0.7277,65643063
2024-11-18 14:00:00,0.7278,0.7443,0.7261,0.7395,55026437
2024-11-18 15:00:00,0.7395,0.7702,0.7358,0.7659,70967379
2024-11-18 16:00:00,0.7659,0.7694,0.7369,0.7514,74003570
2024-11-18 17:00:00,0.7514,0.7574,0.74,0.7513,47610933
2024-11-18 18:00:00,0.7513,0.7549,0.7384,0.7408,27716930
2024-11-18 19:00:00,0.7408,0.7431,0.723,0.7368,47905643
2024-11-18 20:00:00,0.7368,0.7481,0.7333,0.7392,40428006
2024-11-18 21:00:00,0.7391,0.7508,0.7375,0.7425,21819508
2024-11-18 22:00:00,0.7424,0.7488,0.7423,0.7434,11685655
2024-11-18 23:00:00,0.7434,0.7488,0.7321,0.7333,32523569
2024-11-19 00:00:00,0.7333,0.74,0.729,0.738,35082451
2024-11-19 01:00:00,0.738,0.7425,0.7334,0.7335,18484453
2024-11-19 02:00:00,0.7336,0.7424,0.7321,0.7423,18441190
2024-11-19 03:00:00,0.7424,0.7543,0.7388,0.7533,25336821
2024-11-19 04:00:00,0.7534,0.7551,0.7375,0.7398,36896078
2024-11-19 05:00:00,0.7397,0.7551,0.737,0.7546,28887856
2024-11-19 06:00:00,0.7547,0.7637,0.7529,0.7633,35269740
2024-11-19 07:00:00,0.7634,0.7658,0.7534,0.7559,27321543
2024-11-19 08:00:00,0.7559,0.7566,0.7461,0.7524,40692774
2024-11-19 09:00:00,0.7524,0.7546,0.7381,0.7392,34946068
2024-11-19 10:00:00,0.7391,0.7454,0.7354,0.7398,24782502
2024-11-19 11:00:00,0.7399,0.7408,0.7308,0.7384,28644364
2024-11-19 12:00:00,0.7383,0.7571,0.7382,0.7474,51397051
2024-11-19 13:00:00,0.7474,0.7498,0.7243,0.7248,57138457
2024-11-19 14:00:00,0.7248,0.734,0.7231,0.7269,43060477
2024-11-19 15:00:00,0.727,0.7328,0.7237,0.7301,36488457
2024-11-19 16:00:00,0.7301,0.7379,0.7263,0.732,23339428
2024-11-19 17:00:00,0.732,0.7386,0.7283,0.7319,24155633
2024-11-19 18:00:00,0.7319,0.7449,0.7297,0.7439,34449410
2024-11-19 19:00:00,0.744,0.753,0.7371,0.7471,44199016
2024-11-19 20:00:00,0.747,0.7624,0.7454,0.7535,69349948
2024-11-19 21:00:00,0.7536,0.7555,0.7239,0.738,77666943
2024-11-19 22:00:00,0.738,0.7404,0.7203,0.7375,35037833
2024-11-19 23:00:00,0.7375,0.7405,0.7312,0.7389,26083364
2024-11-20 00:00:00,0.739,0.7668,0.7388,0.7609,85644159
2024-11-20 01:00:00,0.761,0.778,0.7601,0.7715,89131425
2024-11-20 02:00:00,0.7714,0.7777,0.7611,0.7662,65756621
2024-11-20 03:00:00,0.7661,0.7713,0.7518,0.7709,79326868
2024-11-20 04:00:00,0.771,0.787,0.7618,0.7855,81365996
2024-11-20 05:00:00,0.7856,0.8044,0.7759,0.7884,152073585
2024-11-20 06:00:00,0.7884,0.7979,0.7827,0.7872,57097013
2024-11-20 07:00:00,0.7873,0.7944,0.7813,0.7896,40392910
2024-11-20 08:00:00,0.7896,0.82,0.7869,0.8158,122589110
2024-11-20 09:00:00,0.8158,0.8488,0.809,0.8297,243524495
2024-11-20 10:00:00,0.8297,0.8456,0.8293,0.8388,95513048
2024-11-20 11:00:00,0.8389,0.8402,0.8212,0.8265,123240344
2024-11-20 12:00:00,0.8264,0.8349,0.8105,0.8197,131810980
2024-11-20 13:00:00,0.8196,0.8422,0.8165,0.8341,124004516
2024-11-20 14:00:00,0.8341,0.8444,0.821,0.8299,119899076
2024-11-20 15:00:00,0.8298,0.8408,0.8188,0.8356,98095612
2024-11-20 16:00:00,0.8355,0.8438,0.814,0.8253,152208840
2024-11-20 17:00:00,0.8252,0.8338,0.8017,0.8018,105838047
2024-11-20 18:00:00,0.8019,0.8091,0.7904,0.7937,119177913
2024-11-20 19:00:00,0.7937,0.8019,0.7845,0.7989,70258725
2024-11-20 20:00:00,0.7989,0.8097,0.7915,0.8049,71541302
2024-11-20 21:00:00,0.8048,0.8158,0.7982,0.8095,50917789
2024-11-20 22:00:00,0.8095,0.822,0.806,0.8204,42881993
2024-11-20 23:00:00,0.8204,0.8204,0.796,0.8003,64156958
2024-11-21 00:00:00,0.8004,0.8195,0.7955,0.8039,69243671
2024-11-21 01:00:00,0.8039,0.806,0.7911,0.7918,44302466
2024-11-21 02:00:00,0.7918,0.7921,0.766,0.7721,95040091
2024-11-21 03:00:00,0.772,0.7869,0.7696,0.7762,63239148
2024-11-21 04:00:00,0.7762,0.8017,0.771,0.7955,90258785
2024-11-21 05:00:00,0.7956,0.7999,0.7806,0.7851,55869787
2024-11-21 06:00:00,0.7851,0.7939,0.7797,0.7815,36929590
2024-11-21 07:00:00,0.7816,0.7873,0.7785,0.7851,34325573
2024-11-21 08:00:00,0.7852,0.7878,0.7754,0.7817,41786262
2024-11-21 09:00:00,0.7817,0.787,0.771,0.7722,38784130
2024-11-21 10:00:00,0.7721,0.7854,0.7708,0.7842,35838904
2024-11-21 11:00:00,0.7842,0.7944,0.7836,0.7863,56107813
2024-11-21 12:00:00,0.7864,0.8104,0.7852,0.7966,87062775
2024-11-21 13:00:00,0.7966,0.8048,0.7921,0.7947,57697767
2024-11-21 14:00:00,0.7947,0.8026,0.7832,0.7884,62434753
2024-11-21 15:00:00,0.7884,0.7905,0.7701,0.7795,65336539
2024-11-21 16:00:00,0.7794,0.7893,0.7782,0.789,33506977
2024-11-21 17:00:00,0.7889,0.8025,0.7881,0.8022,36342321
2024-11-21 18:00:00,0.8021,0.8077,0.7842,0.803,76670666
2024-11-21 19:00:00,0.8029,0.813,0.7933,0.7969,65984148
2024-11-21 20:00:00,0.797,0.8011,0.7858,0.7917,36176141
2024-11-21 21:00:00,0.7917,0.8048,0.7881,0.8036,31728907
2024-11-21 22:00:00,0.8037,0.82,0.8014,0.8183,44254378
2024-11-21 23:00:00,0.8184,0.825,0.8105,0.8226,36938226
2024-11-22 00:00:00,0.8227,0.8479,0.813,0.8273,120513523
2024-11-22 01:00:00,0.8274,0.8699,0.8228,0.8594,138760263
2024-11-22 02:00:00,0.8594,0.8886,0.8586,0.8697,124706568
2024-11-22 03:00:00,0.8696,0.881,0.8656,0.8715,79350414
2024-11-22 04:00:00,0.8715,0.9017,0.8683,0.8955,96046824
2024-11-22 05:00:00,0.8954,0.8955,0.8732,0.8807,70544780
2024-11-22 06:00:00,0.8808,0.889,0.8727,0.8822,44568087
2024-11-22 07:00:00,0.8822,0.8846,0.854,0.8564,61920294
2024-11-22 08:00:00,0.8564,0.872,0.8558,0.8692,42471697
2024-11-22 09:00:00,0.8693,0.87,0.8586,0.8597,32882495
2024-11-22 10:00:00,0.8597,0.8679,0.8526,0.8641,40061768
2024-11-22 11:00:00,0.8641,0.9184,0.8537,0.9142,123734347
2024-11-22 12:00:00,0.9142,0.933,0.8979,0.9239,194785042
2024-11-22 13:00:00,0.9239,0.9246,0.8793,0.8939,247509561
2024-11-22 14:00:00,0.8939,0.9081,0.8826,0.8984,94645593
2024-11-22 15:00:00,0.8983,0.9307,0.8944,0.9267,99616520
2024-11-22 16:00:00,0.9269,0.983,0.924,0.9674,266504251
2024-11-22 17:00:00,0.9674,0.9834,0.9568,0.9601,132492526
2024-11-22 18:00:00,0.96,0.9893,0.9534,0.9576,129082250
2024-11-22 19:00:00,0.9576,0.9729,0.9448,0.9682,95696233
2024-11-22 20:00:00,0.9683,0.9911,0.9672,0.9803,84334454
2024-11-22 21:00:00,0.9803,0.9909,0.9738,0.9835,66946959
2024-11-22 22:00:00,0.9834,1.044,0.982,1.0271,252623544
2024-11-22 23:00:00,1.0272,1.0282,0.9903,1.0177,103330079
2024-11-23 00:00:00,1.0178,1.1575,1.0161,1.1163,384311407
2024-11-23 01:00:00,1.1161,1.1539,1.0943,1.1147,213811066
2024-11-23 02:00:00,1.1148,1.117,1.0534,1.0763,153024235
2024-11-23 03:00:00,1.0763,1.103,1.0702,1.0932,92475349
2024-11-23 04:00:00,1.0933,1.0945,1.0392,1.0773,139975168
2024-11-23 05:00:00,1.0774,1.1091,1.0728,1.0885,83497846
2024-11-23 06:00:00,1.0885,1.1,1.0783,1.0901,41362530
2024-11-23 07:00:00,1.0901,1.1076,1.0835,1.095,62047173
2024-11-23 08:00:00,1.0949,1.1107,1.089,1.0937,92309312
2024-11-23 09:00:00,1.0936,1.1079,1.0718,1.0784,83605213
2024-11-23 10:00:00,1.0785,1.0856,1.0673,1.0772,49535927
2024-11-23 11:00:00,1.0772,1.0933,1.0671,1.0858,47402189
2024-11-23 12:00:00,1.0857,1.0889,1.0571,1.066,61729631
2024-11-23 13:00:00,1.0661,1.104,1.065,1.0916,81844187
2024-11-23 14:00:00,1.0916,1.1245,1.0888,1.1144,80004610
2024-11-23 15:00:00,1.1144,1.1496,1.095,1.104,153701911
2024-11-23 16:00:00,1.104,1.1306,1.0427,1.0573,215466638
2024-11-23 17:00:00,1.0572,1.075,1.023,1.0627,130242429
2024-11-23 18:00:00,1.0626,1.0704,1.045,1.068,40761434
2024-11-23 19:00:00,1.068,1.073,1.0529,1.0675,45434251
2024-11-23 20:00:00,1.0674,1.0674,1.0301,1.0517,69579445
2024-11-23 21:00:00,1.0516,1.0815,1.0471,1.0813,40956777
2024-11-23 22:00:00,1.0813,1.0925,1.0641,1.0798,56226009
2024-11-23 23:00:00,1.0797,1.0834,1.0574,1.0665,33865242
2024-11-24 00:00:00,1.0666,1.0932,1.0531,1.0743,83230825
2024-11-24 01:00:00,1.0744,1.0846,1.0667,1.077,36337920
2024-11-24 02:00:00,1.077,1.0989,1.0713,1.0844,52423786
2024-11-24 03:00:00,1.0845,1.0969,1.0722,1.083,47875199
2024-11-24 04:00:00,1.0829,1.0921,1.0572,1.063,57250632
2024-11-24 05:00:00,1.0629,1.0697,1.0459,1.0591,44694809
2024-11-24 06:00:00,1.0592,1.0688,1.0503,1.0634,32690880
2024-11-24 07:00:00,1.0635,1.0746,1.0611,1.0737,33447606
2024-11-24 08:00:00,1.0738,1.0794,1.045,1.0465,46786282
2024-11-24 09:00:00,1.0465,1.0564,1.0381,1.0476,42627799
2024-11-24 10:00:00,1.0475,1.0567,1.0292,1.0365,50846061
2024-11-24 11:00:00,1.0365,1.0417,1.0,1.0053,117174112
2024-11-24 12:00:00,1.0053,1.0214,0.9412,0.977,216715879
2024-11-24 13:00:00,0.977,1.0137,0.9693,0.9981,104412389
2024-11-24 14:00:00,0.998,0.999,0.971,0.9846,101812849
2024-11-24 15:00:00,0.9846,0.9881,0.9485,0.9497,95181206
2024-11-24 16:00:00,0.9496,0.9941,0.943,0.9744,118897146
2024-11-24 17:00:00,0.9743,0.9757,0.9596,0.967,52209263
2024-11-24 18:00:00,0.967,1.0041,0.9655,0.9932,68297684
2024-11-24 19:00:00,0.9933,0.9974,0.9793,0.9829,35576552
2024-11-24 20:00:00,0.9829,1.0084,0.9784,1.0077,41277126
2024-11-24 21:00:00,1.0077,1.0243,0.9984,1.0237,37317122
2024-11-24 22:00:00,1.0237,1.038,1.0155,1.0279,55800706
2024-11-24 23:00:00,1.0278,1.0394,1.0166,1.0233,49681340
2024-11-25 00:00:00,1.0234,1.0241,0.9978,1.0029,62428741
2024-11-25 01:00:00,1.0028,1.0056,0.9733,0.988,72039082
2024-11-25 02:00:00,0.9879,0.9988,0.9841,0.9891,27723173
2024-11-25 03:00:00,0.9891,1.0163,0.9888,1.0132,31058403
2024-11-25 04:00:00,1.0133,1.0794,1.0122,1.0385,126316066
2024-11-25 05:00:00,1.0386,1.0569,1.0363,1.0459,54417468
2024-11-25 06:00:00,1.046,1.0536,1.0348,1.0376,32757112
2024-11-25 07:00:00,1.0377,1.0498,1.0247,1.0395,45895008
2024-11-25 08:00:00,1.0395,1.0722,1.037,1.0673,51433352
2024-11-25 09:00:00,1.0673,1.0738,1.0588,1.0638,46853071
2024-11-25 10:00:00,1.0638,1.0672,1.0466,1.0583,46114101
2024-11-25 11:00:00,1.0584,1.0657,1.0407,1.0493,42183724
2024-11-25 12:00:00,1.0493,1.0614,1.0322,1.0337,47094921
2024-11-25 13:00:00,1.0336,1.0399,1.0069,1.0079,78910898
2024-11-25 14:00:00,1.0079,1.0197,0.984,0.9855,77824802
2024-11-25 15:00:00,0.9854,1.0153,0.9718,1.0067,110903699
2024-11-25 16:00:00,1.0067,1.0196,0.9922,1.0021,98159925
2024-11-25 17:00:00,1.0021,1.0063,0.9807,0.9896,70251969
2024-11-25 18:00:00,0.9898,1.004,0.9867,0.9987,39500072
2024-11-25 19:00:00,0.9987,1.0179,0.995,1.0039,40907433
2024-11-25 20:00:00,1.004,1.0126,0.9961,1.0038,36208469
2024-11-25 21:00:00,1.0037,1.0115,0.9591,0.967,95669706
2024-11-25 22:00:00,0.967,0.9716,0.9303,0.9584,85331317
2024-11-25 23:00:00,0.9583,0.9629,0.9432,0.9445,48662614
2024-11-26 00:00:00,0.9445,0.9724,0.9386,0.9571,69934604
2024-11-26 01:00:00,0.9572,0.9799,0.9564,0.9743,41502996
2024-11-26 02:00:00,0.9742,0.982,0.9712,0.9791,27837066
2024-11-26 03:00:00,0.9791,0.9798,0.965,0.9718,25728475
2024-11-26 04:00:00,0.9718,0.9768,0.963,0.969,19558904
2024-11-26 05:00:00,0.969,0.9907,0.9673,0.9847,32007600
2024-11-26 06:00:00,0.9848,0.9867,0.9716,0.9731,22071116
2024-11-26 07:00:00,0.9731,0.9733,0.9534,0.9604,45425670
2024-11-26 08:00:00,0.9604,0.9611,0.9228,0.9327,103778222
2024-11-26 09:00:00,0.9327,0.9517,0.9304,0.9464,52981840
2024-11-26 10:00:00,0.9465,0.9525,0.9113,0.9127,76522139
2024-11-26 11:00:00,0.9126,0.919,0.8753,0.9056,172255387
2024-11-26 12:00:00,0.9055,0.9148,0.8888,0.8968,74748692
2024-11-26 13:00:00,0.8968,0.9222,0.8891,0.9091,59284697
2024-11-26 14:00:00,0.909,0.9366,0.8987,0.9263,67892756
2024-11-26 15:00:00,0.9263,0.9311,0.907,0.9073,57813499
2024-11-26 16:00:00,0.9072,0.9445,0.903,0.9367,59566895
2024-11-26 17:00:00,0.9367,0.9372,0.922,0.926,29748681
2024-11-26 18:00:00,0.9261,0.9287,0.8934,0.9091,66724297
2024-11-26 19:00:00,0.9091,0.945,0.9069,0.942,81066907
2024-11-26 20:00:00,0.9418,0.9661,0.9322,0.9556,67203423
2024-11-26 21:00:00,0.9556,0.9627,0.9418,0.9462,43551435
2024-11-26 22:00:00,0.9461,0.9661,0.9454,0.9506,31397600
2024-11-26 23:00:00,0.9506,0.9654,0.948,0.9607,23848128
2024-11-27 00:00:00,0.9608,0.974,0.9351,0.9375,63565691
2024-11-27 01:00:00,0.9376,0.9588,0.932,0.9527,40628724
2024-11-27 02:00:00,0.9527,0.958,0.9383,0.9509,27081981
2024-11-27 03:00:00,0.9508,0.9536,0.9408,0.9489,25202294
2024-11-27 04:00:00,0.9489,0.9749,0.9485,0.9608,47475717
2024-11-27 05:00:00,0.9609,0.9643,0.9467,0.9586,24415056
2024-11-27 06:00:00,0.9585,0.9741,0.9566,0.9618,30584360
2024-11-27 07:00:00,0.9618,0.9887,0.9564,0.9834,43585154
2024-11-27 08:00:00,0.9835,0.9863,0.9693,0.9798,42656767
2024-11-27 09:00:00,0.9798,0.9962,0.9683,0.9921,47514198
2024-11-27 10:00:00,0.9923,1.0258,0.9842,1.0031,90036630
2024-11-27 11:00:00,1.0031,1.0149,0.9941,1.0075,69659150
2024-11-27 12:00:00,1.0075,1.0109,0.9778,0.9885,74193746
2024-11-27 13:00:00,0.9884,1.0067,0.9839,1.0063,49510137
2024-11-27 14:00:00,1.0063,1.0152,0.9925,1.0043,57760989
2024-11-27 15:00:00,1.0042,1.0426,0.9925,1.0347,81992234
2024-11-27 16:00:00,1.0348,1.0408,1.0061,1.0113,78536397
2024-11-27 17:00:00,1.0114,1.0265,1.009,1.0234,35812873
2024-11-27 18:00:00,1.0233,1.0317,1.0195,1.0239,33965233
2024-11-27 19:00:00,1.024,1.0278,1.0162,1.0184,23118876
2024-11-27 20:00:00,1.0184,1.039,1.0127,1.0169,51254853
2024-11-27 21:00:00,1.0169,1.0211,1.0075,1.0138,30327864
2024-11-27 22:00:00,1.0137,1.0187,1.002,1.0067,27659521
2024-11-27 23:00:00,1.0067,1.0201,1.0034,1.0123,30429369
2024-11-28 00:00:00,1.0122,1.0168,0.9964,1.0157,39554510
2024-11-28 01:00:00,1.0158,1.029,1.0106,1.0262,36683800
2024-11-28 02:00:00,1.0263,1.0321,1.0083,1.0112,33596028
2024-11-28 03:00:00,1.0111,1.0158,0.9882,1.0066,48699791
2024-11-28 04:00:00,1.0066,1.0272,1.0027,1.0149,35696081
2024-11-28 05:00:00,1.0149,1.0179,1.002,1.0082,17782868
2024-11-28 06:00:00,1.0083,1.0136,1.0003,1.0055,21157458
2024-11-28 07:00:00,1.0056,1.0124,0.9912,0.9972,22944559
2024-11-28 08:00:00,0.9973,1.0042,0.9882,0.9978,26332980
2024-11-28 09:00:00,0.9979,0.9987,0.9851,0.9858,24172872
2024-11-28 10:00:00,0.9858,0.9963,0.9822,0.9894,30004177
2024-11-28 11:00:00,0.9895,1.0033,0.9822,0.9978,31260636
2024-11-28 12:00:00,0.9978,1.0029,0.9905,0.9994,23342737
2024-11-28 13:00:00,0.9996,1.0097,0.9916,1.0022,32294631
2024-11-28 14:00:00,1.0022,1.0108,0.9883,0.9945,47097408
2024-11-28 15:00:00,0.9945,0.9995,0.9708,0.9779,55397903
2024-11-28 16:00:00,0.978,0.9936,0.9778,0.9891,23484345
2024-11-28 17:00:00,0.9892,1.0066,0.9892,0.9991,26983915
2024-11-28 18:00:00,0.9991,1.0081,0.9991,1.0034,15387778
2024-11-28 19:00:00,1.0033,1.0052,0.9987,1.0032,13334750
2024-11-28 20:00:00,1.0031,1.0049,0.9963,1.0024,14071425
2024-11-28 21:00:00,1.0025,1.016,1.0025,1.0136,27458969
2024-11-28 22:00:00,1.0136,1.0397,1.011,1.0394,36032101
2024-11-28 23:00:00,1.0395,1.05,1.026,1.0328,65836092
2024-11-29 00:00:00,1.0328,1.049,1.0283,1.0344,50186305
2024-11-29 01:00:00,1.0344,1.0558,1.0339,1.0511,48222320
2024-11-29 02:00:00,1.0511,1.0634,1.0423,1.0544,41741373
2024-11-29 03:00:00,1.0544,1.0628,1.0457,1.0501,31224732
2024-11-29 04:00:00,1.0502,1.0569,1.0423,1.0455,30469322
2024-11-29 05:00:00,1.0455,1.0491,1.0364,1.0391,24357004
2024-11-29 06:00:00,1.039,1.0614,1.0374,1.0604,38256712
2024-11-29 07:00:00,1.0604,1.0792,1.0455,1.0465,84720255
2024-11-29 08:00:00,1.0465,1.0605,1.0437,1.0565,31306250
2024-11-29 09:00:00,1.0565,1.0692,1.0488,1.055,32976049
2024-11-29 10:00:00,1.0551,1.0883,1.0543,1.0744,65729499
2024-11-29 11:00:00,1.0745,1.0767,1.0592,1.065,49440075
2024-11-29 12:00:00,1.0649,1.0697,1.0567,1.0647,29704453
2024-11-29 13:00:00,1.0647,1.0659,1.0543,1.0625,35876216
2024-11-29 14:00:00,1.0624,1.0803,1.0592,1.08,39113750
2024-11-29 15:00:00,1.08,1.1008,1.0665,1.076,113866909
2024-11-29 16:00:00,1.0761,1.0831,1.0522,1.0559,58287998
2024-11-29 17:00:00,1.0559,1.0573,1.0439,1.0465,51413900
2024-11-29 18:00:00,1.0464,1.051,1.0412,1.0457,28054469
2024-11-29 19:00:00,1.0456,1.0536,1.0381,1.0515,26704599
2024-11-29 20:00:00,1.0515,1.0631,1.0441,1.0465,35969513
2024-11-29 21:00:00,1.0464,1.0586,1.0442,1.0537,23758051
2024-11-29 22:00:00,1.0536,1.06,1.0515,1.0577,17130508
2024-11-29 23:00:00,1.0577,1.087,1.0573,1.0762,59368094
2024-11-30 00:00:00,1.0763,1.0895,1.0509,1.0591,87425800
2024-11-30 01:00:00,1.0591,1.09,1.0513,1.0718,55301609
2024-11-30 02:00:00,1.0719,1.0757,1.0552,1.0643,27647147
2024-11-30 03:00:00,1.0644,1.0724,1.0554,1.0704,26100235
2024-11-30 04:00:00,1.0704,1.0709,1.0606,1.0638,21117101
2024-11-30 05:00:00,1.0638,1.0916,1.0621,1.0794,52605739
2024-11-30 06:00:00,1.0795,1.1226,1.0771,1.0998,102166057
2024-11-30 07:00:00,1.0998,1.1469,1.0944,1.1307,93667170
2024-11-30 08:00:00,1.1308,1.1516,1.115,1.1193,98669286
2024-11-30 09:00:00,1.1194,1.122,1.1017,1.1073,48282996
2024-11-30 10:00:00,1.1071,1.1078,1.0789,1.0846,64508549
2024-11-30 11:00:00,1.0846,1.0963,1.0806,1.0953,43343384
2024-11-30 12:00:00,1.0953,1.0965,1.0722,1.0817,40775349
2024-11-30 13:00:00,1.0815,1.085,1.072,1.0756,28646786
2024-11-30 14:00:00,1.0757,1.0907,1.0744,1.0799,30756520
2024-11-30 15:00:00,1.0799,1.096,1.0753,1.0929,29997091
2024-11-30 16:00:00,1.093,1.0961,1.0783,1.0889,25587363
2024-11-30 17:00:00,1.0888,1.0933,1.0808,1.0894,19720553
2024-11-30 18:00:00,1.0895,1.0933,1.0808,1.0867,16601692
2024-11-30 19:00:00,1.0866,1.09,1.0811,1.0863,11937655
2024-11-30 20:00:00,1.0863,1.0928,1.0842,1.0898,14640650
2024-11-30 21:00:00,1.0898,1.0979,1.0883,1.0914,21268570
2024-11-30 22:00:00,1.0913,1.096,1.0732,1.0777,30435885
2024-11-30 23:00:00,1.0778,1.084,1.0743,1.08,19175100
2024-12-01 00:00:00,1.0798,1.0864,1.0601,1.0625,41776923
2024-12-01 01:00:00,1.0625,1.0703,1.05,1.0616,53800046
2024-12-01 02:00:00,1.0615,1.0632,1.0381,1.0405,54079336
2024-12-01 03:00:00,1.0405,1.0563,1.0404,1.0521,23056272
2024-12-01 04:00:00,1.0521,1.0555,1.045,1.0552,21991386
2024-12-01 05:00:00,1.0551,1.0574,1.0442,1.0449,17946893
2024-12-01 06:00:00,1.0449,1.0566,1.0443,1.0533,13596398
2024-12-01 07:00:00,1.0534,1.0615,1.052,1.0567,14842854
2024-12-01 08:00:00,1.0567,1.0744,1.0558,1.0726,33773122
2024-12-01 09:00:00,1.0726,1.0786,1.0666,1.0699,30288669
2024-12-01 10:00:00,1.0698,1.0735,1.0611,1.0706,26234977
2024-12-01 11:00:00,1.0705,1.0738,1.0663,1.0724,16321882
2024-12-01 12:00:00,1.0724,1.0746,1.0581,1.061,20103302
2024-12-01 13:00:00,1.0609,1.0724,1.0586,1.067,17146215
2024-12-01 14:00:00,1.0669,1.0708,1.0619,1.0677,16087899
2024-12-01 15:00:00,1.0677,1.0757,1.0614,1.074,26131112
2024-12-01 16:00:00,1.0741,1.0769,1.0639,1.0651,21624379
2024-12-01 17:00:00,1.065,1.0767,1.0562,1.0724,24326505
2024-12-01 18:00:00,1.0725,1.0747,1.0671,1.0684,15894371
2024-12-01 19:00:00,1.0685,1.0987,1.0662,1.0945,71443798
2024-12-01 20:00:00,1.0945,1.118,1.0753,1.1178,103194283
2024-12-01 21:00:00,1.1178,1.1645,1.1079,1.1356,194618363
2024-12-01 22:00:00,1.1357,1.1475,1.1116,1.1272,70484918
2024-12-01 23:00:00,1.1272,1.165,1.1247,1.1512,88455294
2024-12-02 00:00:00,1.1511,1.1745,1.1292,1.1498,122409612
2024-12-02 01:00:00,1.1498,1.1929,1.1466,1.1756,110175625
2024-12-02 02:00:00,1.1759,1.1797,1.14,1.1623,60072958
2024-12-02 03:00:00,1.1621,1.1866,1.1258,1.1406,83863401
2024-12-02 04:00:00,1.1406,1.1531,1.1167,1.1412,102205497
2024-12-02 05:00:00,1.1413,1.1693,1.1366,1.1535,53691468
2024-12-02 06:00:00,1.1536,1.1602,1.1216,1.1545,67265981
2024-12-02 07:00:00,1.1544,1.1611,1.1281,1.1423,62042957
2024-12-02 08:00:00,1.1422,1.1592,1.0766,1.0842,148153614
2024-12-02 09:00:00,1.0841,1.1076,1.0761,1.1004,67132560
2024-12-02 10:00:00,1.1004,1.101,1.0606,1.063,66315433
2024-12-02 11:00:00,1.063,1.0826,1.0574,1.0735,57217843
2024-12-02 12:00:00,1.0734,1.1039,1.0687,1.0794,61506240
2024-12-02 13:00:00,1.0794,1.1112,1.0761,1.1006,65258332
2024-12-02 14:00:00,1.1006,1.1521,1.0908,1.1338,98637257
2024-12-02 15:00:00,1.1337,1.2261,1.1298,1.2073,300198262
2024-12-02 16:00:00,1.2072,1.2444,1.1806,1.2137,222272880
2024-12-02 17:00:00,1.2138,1.2264,1.1563,1.1663,141792500
2024-12-02 18:00:00,1.1664,1.2046,1.1653,1.1967,72071266
2024-12-02 19:00:00,1.1966,1.2242,1.1764,1.2197,60957824
2024-12-02 20:00:00,1.2197,1.2357,1.1969,1.2012,70059104
2024-12-02 21:00:00,1.2011,1.2039,1.1764,1.1949,60219888
2024-12-02 22:00:00,1.195,1.1979,1.1762,1.1928,31137054
2024-12-02 23:00:00,1.1927,1.2099,1.1896,1.2036,46239799
2024-12-03 00:00:00,1.2036,1.2247,1.1849,1.2187,79110716
2024-12-03 01:00:00,1.2187,1.3098,1.2158,1.2931,229010323
2024-12-03 02:00:00,1.2933,1.2957,1.2637,1.2717,71851640
2024-12-03 03:00:00,1.2717,1.329,1.2642,1.2997,107801098
2024-12-03 04:00:00,1.2995,1.3068,1.2752,1.2841,60425172
2024-12-03 05:00:00,1.2841,1.3092,1.2762,1.2978,44731172
2024-12-03 06:00:00,1.2977,1.3141,1.2661,1.2723,73150606
2024-12-03 07:00:00,1.2723,1.3073,1.253,1.2697,120620208
2024-12-03 08:00:00,1.2697,1.2944,1.2585,1.2929,45954246
2024-12-03 09:00:00,1.2929,1.2951,1.2663,1.2678,56007208
2024-12-03 10:00:00,1.2677,1.2805,1.2318,1.2382,59897375
2024-12-03 11:00:00,1.2385,1.2884,1.2364,1.2852,64112937
2024-12-03 12:00:00,1.2853,1.2957,1.2526,1.2662,65738950
2024-12-03 13:00:00,1.2662,1.2691,1.1618,1.1911,175438731
2024-12-03 14:00:00,1.1911,1.2202,1.14,1.2002,218019181
2024-12-03 15:00:00,1.2003,1.2104,1.1775,1.1981,91902141
2024-12-03 16:00:00,1.1981,1.2265,1.1848,1.1886,84780225
2024-12-03 17:00:00,1.1887,1.2068,1.1773,1.202,44805511
2024-12-03 18:00:00,1.2021,1.2109,1.1977,1.2002,27173189
2024-12-03 19:00:00,1.2001,1.2003,1.1686,1.1898,52958832
2024-12-03 20:00:00,1.1899,1.2103,1.1838,1.2043,36603436
2024-12-03 21:00:00,1.2042,1.2355,1.2014,1.211,63801362
2024-12-03 22:00:00,1.2111,1.2246,1.1936,1.2234,34647616
2024-12-03 23:00:00,1.2235,1.2248,1.1847,1.1924,56765923
2024-12-04 00:00:00,1.1925,1.2149,1.1816,1.1881,66259555
2024-12-04 01:00:00,1.1881,1.2179,1.181,1.2097,49997309
2024-12-04 02:00:00,1.2096,1.2102,1.1852,1.1968,35062784
2024-12-04 03:00:00,1.1968,1.2199,1.1962,1.21,34354539
2024-12-04 04:00:00,1.2099,1.2186,1.2093,1.2174,18570432
2024-12-04 05:00:00,1.2175,1.2414,1.2127,1.2391,46112189
2024-12-04 06:00:00,1.239,1.2393,1.2219,1.2306,28280684
2024-12-04 07:00:00,1.2306,1.2369,1.2245,1.23,27156267
2024-12-04 08:00:00,1.23,1.2388,1.2224,1.2339,32580291
2024-12-04 09:00:00,1.234,1.2387,1.2173,1.2223,31078422
2024-12-04 10:00:00,1.2223,1.2378,1.219,1.2251,28829522
2024-12-04 11:00:00,1.225,1.2435,1.2218,1.2251,31043481
2024-12-04 12:00:00,1.2251,1.23,1.1956,1.2059,63374140
2024-12-04 13:00:00,1.2059,1.216,1.192,1.2026,46763265
2024-12-04 14:00:00,1.2027,1.2186,1.1853,1.1941,67738843
2024-12-04 15:00:00,1.1941,1.2076,1.1842,1.1916,52450660
2024-12-04 16:00:00,1.1916,1.1948,1.141,1.1477,119725477
2024-12-04 17:00:00,1.1477,1.1699,1.145,1.1677,67996953
2024-12-04 18:00:00,1.1676,1.1823,1.1673,1.1751,50737780
2024-12-04 19:00:00,1.175,1.197,1.1729,1.1907,42901976
2024-12-04 20:00:00,1.1907,1.2112,1.1751,1.1924,63605366
2024-12-04 21:00:00,1.1925,1.21,1.1827,1.1941,55848255
2024-12-04 22:00:00,1.1941,1.2062,1.1849,1.1883,22345186
2024-12-04 23:00:00,1.1882,1.1972,1.1646,1.1881,47770344
2024-12-05 00:00:00,1.1882,1.1909,1.1601,1.1634,57761762
2024-12-05 01:00:00,1.1633,1.1644,1.1164,1.1318,122578345
2024-12-05 02:00:00,1.1317,1.1895,1.1305,1.1809,85298793
2024-12-05 03:00:00,1.1809,1.2405,1.1723,1.1835,138220994
2024-12-05 04:00:00,1.1834,1.2151,1.174,1.2082,57894854
2024-12-05 05:00:00,1.2082,1.2134,1.1833,1.1957,43254243
2024-12-05 06:00:00,1.1958,1.2054,1.1811,1.1901,33472259
2024-12-05 07:00:00,1.19,1.2095,1.1896,1.2076,28316089
2024-12-05 08:00:00,1.2076,1.2395,1.2068,1.2238,60526937
2024-12-05 09:00:00,1.2238,1.2273,1.2142,1.2188,34349285
2024-12-05 10:00:00,1.2188,1.2315,1.2143,1.223,44568064
2024-12-05 11:00:00,1.2229,1.2341,1.2196,1.2257,43225463
2024-12-05 12:00:00,1.2257,1.2353,1.2125,1.2192,46491425
2024-12-05 13:00:00,1.2191,1.2297,1.2077,1.2129,45555318
2024-12-05 14:00:00,1.2128,1.2271,1.2003,1.2055,47229882
2024-12-05 15:00:00,1.2056,1.214,1.185,1.2117,56818976
2024-12-05 16:00:00,1.2117,1.2467,1.206,1.2337,72300050
2024-12-05 17:00:00,1.2337,1.2355,1.2156,1.2297,28830601
2024-12-05 18:00:00,1.2298,1.2397,1.2178,1.2191,28467264
2024-12-05 19:00:00,1.2191,1.2236,1.1867,1.1903,40385914
2024-12-05 20:00:00,1.1903,1.1953,1.1651,1.1838,75813540
2024-12-05 21:00:00,1.1838,1.1919,1.1743,1.1902,28987791
2024-12-05 22:00:00,1.1902,1.2044,1.1392,1.1814,91307610
2024-12-05 23:00:00,1.1815,1.1817,1.1502,1.1605,72783048
2024-12-06 00:00:00,1.1605,1.1816,1.1524,1.1799,51323824
2024-12-06 01:00:00,1.1798,1.1896,1.17,1.1811,42332847
2024-12-06 02:00:00,1.1811,1.1944,1.1733,1.1881,26862615
2024-12-06 03:00:00,1.1881,1.1926,1.1776,1.1894,21154918
2024-12-06 04:00:00,1.1893,1.1961,1.1852,1.1926,20993862
2024-12-06 05:00:00,1.1926,1.199,1.1865,1.1898,18933781
2024-12-06 06:00:00,1.1897,1.2019,1.1857,1.1993,18366862
2024-12-06 07:00:00,1.1993,1.1997,1.1879,1.1894,14740682
2024-12-06 08:00:00,1.1894,1.1945,1.1751,1.1759,27188172
2024-12-06 09:00:00,1.1759,1.1768,1.1566,1.1617,49150591
2024-12-06 10:00:00,1.1617,1.1647,1.15,1.1623,43265382
2024-12-06 11:00:00,1.1622,1.1657,1.1553,1.1626,23012222
2024-12-06 12:00:00,1.1625,1.1754,1.1403,1.1426,41053701
2024-12-06 13:00:00,1.1427,1.1769,1.1347,1.1666,77223193
2024-12-06 14:00:00,1.1666,1.1826,1.1536,1.1817,43653204
2024-12-06 15:00:00,1.1817,1.2262,1.17,1.2074,119167639
2024-12-06 16:00:00,1.2075,1.2174,1.1976,1.2054,54553009
2024-12-06 17:00:00,1.2053,1.2236,1.2022,1.2118,30935128
2024-12-06 18:00:00,1.2119,1.2273,1.2102,1.221,27763090
2024-12-06 19:00:00,1.221,1.232,1.2167,1.2256,29351204
2024-12-06 20:00:00,1.2256,1.2312,1.2144,1.2209,25758280
2024-12-06 21:00:00,1.2208,1.2272,1.2128,1.2143,20107617
2024-12-06 22:00:00,1.2142,1.2392,1.2115,1.2371,31090032
2024-12-06 23:00:00,1.237,1.2371,1.217,1.2288,40528299
2024-12-07 00:00:00,1.2288,1.2379,1.2207,1.2285,30770559
2024-12-07 01:00:00,1.2284,1.2385,1.2182,1.2229,29985535
2024-12-07 02:00:00,1.2229,1.2282,1.2139,1.2143,13809552
2024-12-07 03:00:00,1.2144,1.218,1.1998,1.2036,26981807
2024-12-07 04:00:00,1.2036,1.2176,1.2,1.2135,20649493
2024-12-07 05:00:00,1.2134,1.214,1.2017,1.2063,10771370
2024-12-07 06:00:00,1.2063,1.2168,1.2037,1.2083,14283606
2024-12-07 07:00:00,1.2082,1.2159,1.201,1.2106,23085740
2024-12-07 08:00:00,1.2106,1.2186,1.2057,1.2063,21682847
2024-12-07 09:00:00,1.2064,1.2159,1.2012,1.2031,20437275
2024-12-07 10:00:00,1.2031,1.2074,1.1883,1.1969,31905280
2024-12-07 11:00:00,1.197,1.2121,1.196,1.2073,20568167
2024-12-07 12:00:00,1.2073,1.2125,1.2038,1.2086,11151722
2024-12-07 13:00:00,1.2086,1.2157,1.2042,1.2077,14782748
2024-12-07 14:00:00,1.2077,1.2155,1.1985,1.2132,24253117
2024-12-07 15:00:00,1.2131,1.2215,1.2084,1.2208,27264353
2024-12-07 16:00:00,1.2208,1.2297,1.2047,1.2089,47335334
2024-12-07 17:00:00,1.2089,1.21,1.1947,1.1983,31517379
2024-12-07 18:00:00,1.1983,1.2144,1.1979,1.2137,17500753
2024-12-07 19:00:00,1.2137,1.2179,1.2006,1.2093,29448792
2024-12-07 20:00:00,1.2093,1.2177,1.2092,1.213,18420243
2024-12-07 21:00:00,1.213,1.2134,1.2028,1.2032,16688013
2024-12-07 22:00:00,1.2032,1.2078,1.201,1.2014,11558850
2024-12-07 23:00:00,1.2014,1.2203,1.201,1.2116,24240752
2024-12-08 00:00:00,1.2116,1.2184,1.2029,1.2153,25143541
2024-12-08 01:00:00,1.2152,1.226,1.2067,1.2089,26502152
2024-12-08 02:00:00,1.2089,1.2203,1.2023,1.2157,26190265
2024-12-08 03:00:00,1.2158,1.224,1.2092,1.2092,19716167
2024-12-08 04:00:00,1.2092,1.2152,1.2008,1.2019,33526322
2024-12-08 05:00:00,1.2019,1.2043,1.1825,1.1862,50378630
2024-12-08 06:00:00,1.1862,1.1974,1.18,1.1971,33124749
2024-12-08 07:00:00,1.1971,1.2068,1.1952,1.2031,18235431
2024-12-08 08:00:00,1.2032,1.2053,1.18,1.1801,37943324
2024-12-08 09:00:00,1.1801,1.1985,1.1733,1.1822,37748327
2024-12-08 10:00:00,1.1823,1.2076,1.1819,1.2071,27174934
2024-12-08 11:00:00,1.2072,1.2219,1.2038,1.2086,59784260
2024-12-08 12:00:00,1.2085,1.2105,1.1979,1.2083,27826536
2024-12-08 13:00:00,1.2082,1.2177,1.2048,1.2167,20577956
2024-12-08 14:00:00,1.2166,1.2171,1.1863,1.1899,55077536
2024-12-08 15:00:00,1.1899,1.1965,1.1788,1.1881,88600921
2024-12-08 16:00:00,1.1881,1.1963,1.1818,1.1853,31860471
2024-12-08 17:00:00,1.1853,1.1945,1.1809,1.1935,19030815
2024-12-08 18:00:00,1.1935,1.1957,1.1801,1.1803,20088083
2024-12-08 19:00:00,1.1803,1.1859,1.1762,1.1833,20727895
2024-12-08 20:00:00,1.1834,1.1845,1.1775,1.179,17855704
2024-12-08 21:00:00,1.179,1.1849,1.1756,1.1848,23547729
2024-12-08 22:00:00,1.1848,1.1934,1.1817,1.1926,14807216
2024-12-08 23:00:00,1.1925,1.2,1.188,1.1947,20944473
2024-12-09 00:00:00,1.1946,1.1948,1.1656,1.1739,50250105
2024-12-09 01:00:00,1.1739,1.1835,1.1664,1.1682,25959936
2024-12-09 02:00:00,1.1681,1.1743,1.1601,1.1672,31106217
2024-12-09 03:00:00,1.1671,1.1724,1.1505,1.1643,33287433
2024-12-09 04:00:00,1.1642,1.1709,1.1547,1.1676,22375493
2024-12-09 05:00:00,1.1675,1.18,1.1672,1.1773,17632611
2024-12-09 06:00:00,1.1773,1.1785,1.1526,1.155,25472113
2024-12-09 07:00:00,1.155,1.1646,1.1401,1.1578,52628849
2024-12-09 08:00:00,1.1578,1.1581,1.1192,1.1233,77239306
2024-12-09 09:00:00,1.1232,1.1368,1.1081,1.1221,83341408
2024-12-09 10:00:00,1.1221,1.1345,1.121,1.1327,34031092
2024-12-09 11:00:00,1.1327,1.1328,1.1,1.1045,56247189
2024-12-09 12:00:00,1.1044,1.1187,1.0945,1.1173,56689665
2024-12-09 13:00:00,1.1172,1.1411,1.1099,1.1379,49185639
2024-12-09 14:00:00,1.138,1.1514,1.1239,1.1472,46412281
2024-12-09 15:00:00,1.1473,1.1516,1.1096,1.1157,63715006
2024-12-09 16:00:00,1.1157,1.1327,1.1102,1.1228,34118162
2024-12-09 17:00:00,1.1227,1.1342,1.1154,1.1161,24801485
2024-12-09 18:00:00,1.1161,1.1276,1.115,1.1167,19052368
2024-12-09 19:00:00,1.1168,1.1198,1.1063,1.1079,29542052
2024-12-09 20:00:00,1.1079,1.1104,1.03,1.0441,172952704
2024-12-09 21:00:00,1.0442,1.0459,0.8952,0.9979,314894735
2024-12-09 22:00:00,0.9977,1.0167,0.9188,1.0153,222428572
2024-12-09 23:00:00,1.0153,1.0165,0.9928,1.0033,91405483
2024-12-10 00:00:00,1.0034,1.0361,0.9769,1.0249,106916022
2024-12-10 01:00:00,1.0249,1.0309,1.0009,1.0243,46728181
2024-12-10 02:00:00,1.0244,1.0244,0.9815,0.9819,58916956
2024-12-10 03:00:00,0.9819,0.994,0.944,0.9914,121400744
2024-12-10 04:00:00,0.9915,1.009,0.965,1.0071,80043522
2024-12-10 05:00:00,1.007,1.0168,0.9964,1.0076,50515900
2024-12-10 06:00:00,1.0076,1.0231,0.9994,1.0126,55010646
2024-12-10 07:00:00,1.0126,1.0161,1.0024,1.0149,32397421
2024-12-10 08:00:00,1.015,1.0176,0.9978,1.0127,45016609
2024-12-10 09:00:00,1.0126,1.0252,1.0073,1.0165,40842664
2024-12-10 10:00:00,1.0166,1.038,1.0158,1.0277,51475935
2024-12-10 11:00:00,1.0277,1.0278,1.0123,1.0187,35638471
2024-12-10 12:00:00,1.0188,1.0222,0.9698,0.9765,90945194
2024-12-10 13:00:00,0.9765,1.0043,0.9747,0.9957,66875871
2024-12-10 14:00:00,0.9956,1.0229,0.9928,1.0099,74533165
2024-12-10 15:00:00,1.0098,1.0154,0.947,0.9489,132185371
2024-12-10 16:00:00,0.9489,0.973,0.9263,0.9695,166123079
2024-12-10 17:00:00,0.9695,0.9705,0.9147,0.9148,99612443
2024-12-10 18:00:00,0.9147,0.9556,0.9098,0.9472,85483340
2024-12-10 19:00:00,0.9473,0.9672,0.946,0.9644,46888366
2024-12-10 20:00:00,0.9644,0.9868,0.9595,0.9841,53653521
2024-12-10 21:00:00,0.9841,1.0211,0.9836,1.0093,94677581
2024-12-10 22:00:00,1.0093,1.018,0.9988,1.0139,27063167
2024-12-10 23:00:00,1.014,1.0278,1.0126,1.0214,38157428
2024-12-11 00:00:00,1.0215,1.0247,0.9914,1.0006,59780224
2024-12-11 01:00:00,1.0007,1.0016,0.9717,0.9755,63804018
2024-12-11 02:00:00,0.9755,1.0148,0.9739,1.0096,44268430
2024-12-11 03:00:00,1.0095,1.0189,1.0079,1.0108,26748912
2024-12-11 04:00:00,1.0109,1.0176,1.0063,1.0154,23822808
2024-12-11 05:00:00,1.0155,1.0197,1.0035,1.0122,20308164
2024-12-11 06:00:00,1.0122,1.0174,1.0078,1.0105,14103078
2024-12-11 07:00:00,1.0105,1.0152,0.9938,0.9955,30003604
2024-12-11 08:00:00,0.9955,1.0268,0.995,1.0193,35623330
2024-12-11 09:00:00,1.0193,1.0209,1.0082,1.0172,19634599
2024-12-11 10:00:00,1.0172,1.0242,1.0124,1.0227,19482796
2024-12-11 11:00:00,1.0227,1.0332,1.0185,1.0234,29098701
2024-12-11 12:00:00,1.0234,1.076,1.0233,1.0646,92822357
2024-12-11 13:00:00,1.0647,1.0957,1.0617,1.0822,94187002
2024-12-11 14:00:00,1.0822,1.0925,1.0711,1.0878,46025114
2024-12-11 15:00:00,1.0879,1.1143,1.0824,1.0944,73309543
2024-12-11 16:00:00,1.0945,1.1016,1.0745,1.0832,71316489
2024-12-11 17:00:00,1.0832,1.0887,1.071,1.0732,33276451
2024-12-11 18:00:00,1.0732,1.0823,1.0692,1.0779,33401393
2024-12-11 19:00:00,1.078,1.0829,1.0763,1.0809,18160657
2024-12-11 20:00:00,1.081,1.0892,1.0789,1.0814,23703751
2024-12-11 21:00:00,1.0815,1.0857,1.0762,1.0852,11544579
2024-12-11 22:00:00,1.0853,1.0952,1.0847,1.0906,14747052
2024-12-11 23:00:00,1.0905,1.0975,1.0857,1.0867,18731025
2024-12-12 00:00:00,1.0866,1.0886,1.0726,1.0789,20758882
2024-12-12 01:00:00,1.0789,1.091,1.0745,1.0802,19377690
2024-12-12 02:00:00,1.0803,1.119,1.0798,1.1177,36387326
2024-12-12 03:00:00,1.1178,1.139,1.11,1.1301,57058935
2024-12-12 04:00:00,1.1301,1.1579,1.1282,1.1438,61426296
2024-12-12 05:00:00,1.1439,1.1783,1.1379,1.1713,59371812
2024-12-12 06:00:00,1.1713,1.1817,1.1513,1.1639,44384986
2024-12-12 07:00:00,1.1639,1.1699,1.1548,1.157,22211978
2024-12-12 08:00:00,1.157,1.1785,1.157,1.1656,29037387
2024-12-12 09:00:00,1.1656,1.1739,1.1518,1.1557,28798930
2024-12-12 10:00:00,1.1556,1.1573,1.1407,1.1461,37874346
2024-12-12 11:00:00,1.1461,1.1475,1.1311,1.1403,33887239
2024-12-12 12:00:00,1.1403,1.1552,1.1368,1.1525,28658386
2024-12-12 13:00:00,1.1526,1.16,1.1247,1.1355,68150343
2024-12-12 14:00:00,1.1354,1.1458,1.1265,1.1435,35257089
2024-12-12 15:00:00,1.1435,1.1464,1.1198,1.1381,38106299
2024-12-12 16:00:00,1.1382,1.153,1.1311,1.1401,32163702
2024-12-12 17:00:00,1.1401,1.1494,1.1347,1.1463,16475348
2024-12-12 18:00:00,1.1463,1.1548,1.1387,1.147,22124667
2024-12-12 19:00:00,1.147,1.1543,1.1052,1.1081,79776619
2024-12-12 20:00:00,1.1081,1.1335,1.1073,1.1313,34689190
2024-12-12 21:00:00,1.1312,1.1381,1.1211,1.1266,19981569
2024-12-12 22:00:00,1.1267,1.1274,1.1057,1.1162,32267396
2024-12-12 23:00:00,1.1162,1.1267,1.1145,1.1229,16330829
2024-12-13 00:00:00,1.123,1.1312,1.116,1.1177,21302326
2024-12-13 01:00:00,1.1177,1.118,1.0918,1.1036,39639820
2024-12-13 02:00:00,1.1036,1.1215,1.102,1.111,25290687
2024-12-13 03:00:00,1.1109,1.1157,1.1062,1.1074,13386744
2024-12-13 04:00:00,1.1074,1.11,1.093,1.1007,19345256
2024-12-13 05:00:00,1.1007,1.1073,1.0963,1.0996,15422197
2024-12-13 06:00:00,1.0996,1.1053,1.0855,1.0857,27014872
2024-12-13 07:00:00,1.0856,1.094,1.0752,1.0886,42239396
2024-12-13 08:00:00,1.0885,1.0988,1.0848,1.0957,20568970
2024-12-13 09:00:00,1.0956,1.0986,1.084,1.0911,17168630
2024-12-13 10:00:00,1.0911,1.1006,1.0809,1.0998,22793389
2024-12-13 11:00:00,1.0999,1.1077,1.0941,1.0943,26354324
2024-12-13 12:00:00,1.0944,1.1158,1.0943,1.1102,37933634
2024-12-13 13:00:00,1.1102,1.1119,1.0966,1.1055,22844779
2024-12-13 14:00:00,1.1055,1.1177,1.1024,1.1169,34914790
2024-12-13 15:00:00,1.117,1.13,1.0817,1.0839,78694482
2024-12-13 16:00:00,1.0839,1.1125,1.0803,1.0999,59741273
2024-12-13 17:00:00,1.1,1.1102,1.0953,1.1038,27110934
2024-12-13 18:00:00,1.1038,1.1044,1.0928,1.0954,18558512
2024-12-13 19:00:00,1.0954,1.1053,1.0943,1.1032,13665814
2024-12-13 20:00:00,1.1032,1.1191,1.1018,1.1179,16365474
2024-12-13 21:00:00,1.118,1.1209,1.109,1.1095,15042582
2024-12-13 22:00:00,1.1095,1.1107,1.1,1.1068,9409542
2024-12-13 23:00:00,1.1068,1.1225,1.1044,1.1212,14376867
2024-12-14 00:00:00,1.1212,1.1259,1.1078,1.1152,19911021
2024-12-14 01:00:00,1.1151,1.1298,1.1143,1.1188,29028751
2024-12-14 02:00:00,1.1189,1.1259,1.1154,1.1183,14279667
2024-12-14 03:00:00,1.1184,1.1217,1.1131,1.1163,7763825
2024-12-14 04:00:00,1.1163,1.1177,1.1049,1.1073,15549048
2024-12-14 05:00:00,1.1072,1.128,1.1054,1.1251,15663130
2024-12-14 06:00:00,1.1252,1.1335,1.1172,1.118,28463892
2024-12-14 07:00:00,1.118,1.1207,1.1113,1.1172,13803680
2024-12-14 08:00:00,1.1172,1.1256,1.11,1.1124,19272319
2024-12-14 09:00:00,1.1125,1.1138,1.1037,1.1076,18574652
2024-12-14 10:00:00,1.1076,1.1084,1.1,1.1038,13464696
2024-12-14 11:00:00,1.1038,1.1057,1.0948,1.0977,12581328
2024-12-14 12:00:00,1.0976,1.0999,1.0815,1.0839,28127888
2024-12-14 13:00:00,1.0838,1.087,1.0638,1.0715,60008094
2024-12-14 14:00:00,1.0714,1.0868,1.0705,1.0795,31560056
2024-12-14 15:00:00,1.0795,1.0823,1.0747,1.0785,17345640
2024-12-14 16:00:00,1.0784,1.0784,1.066,1.0751,32651312
2024-12-14 17:00:00,1.0751,1.0778,1.0535,1.0588,46240602
2024-12-14 18:00:00,1.0587,1.063,1.0503,1.0526,27897593
2024-12-14 19:00:00,1.0526,1.0615,1.0509,1.0588,21235236
2024-12-14 20:00:00,1.0588,1.0639,1.0427,1.0459,31744224
2024-12-14 21:00:00,1.0458,1.0555,1.0449,1.0529,16871138
2024-12-14 22:00:00,1.0529,1.0607,1.0473,1.0565,20560162
2024-12-14 23:00:00,1.0566,1.0637,1.0536,1.0603,19632220
2024-12-15 00:00:00,1.0603,1.0613,1.0496,1.0564,14277072
2024-12-15 01:00:00,1.0564,1.0724,1.0556,1.0713,18996073
2024-12-15 02:00:00,1.0713,1.0762,1.0663,1.0706,16392116
2024-12-15 03:00:00,1.0706,1.0723,1.061,1.0615,11547929
2024-12-15 04:00:00,1.0615,1.0778,1.0614,1.0708,22813383
2024-12-15 05:00:00,1.0707,1.078,1.0687,1.0716,11494848
2024-12-15 06:00:00,1.0717,1.0741,1.0605,1.0615,11679882
2024-12-15 07:00:00,1.0615,1.0655,1.0384,1.0484,34294716
2024-12-15 08:00:00,1.0484,1.0697,1.0478,1.0687,22405495
2024-12-15 09:00:00,1.0686,1.0968,1.0625,1.0919,45331500
2024-12-15 10:00:00,1.092,1.093,1.0727,1.0736,32785380
2024-12-15 11:00:00,1.0736,1.0814,1.0719,1.0778,16461181
2024-12-15 12:00:00,1.0779,1.0876,1.0746,1.0837,28720925
2024-12-15 13:00:00,1.0836,1.0883,1.0756,1.0833,25564643
2024-12-15 14:00:00,1.0834,1.0944,1.0833,1.0901,22394534
2024-12-15 15:00:00,1.0901,1.0922,1.0848,1.0873,18259075
2024-12-15 16:00:00,1.0872,1.0928,1.0831,1.0892,17118606
2024-12-15 17:00:00,1.0891,1.0908,1.0843,1.0874,14818215
2024-12-15 18:00:00,1.0874,1.0913,1.0802,1.09,12587551
2024-12-15 19:00:00,1.0901,1.0957,1.0858,1.0862,16261983
2024-12-15 20:00:00,1.0863,1.0885,1.0819,1.0833,9951706
2024-12-15 21:00:00,1.0832,1.0842,1.0584,1.0585,35254010
2024-12-15 22:00:00,1.0586,1.0721,1.0515,1.0702,28770805
2024-12-15 23:00:00,1.0702,1.1125,1.0694,1.0997,74739959
2024-12-16 00:00:00,1.0997,1.1191,1.089,1.113,51805785
2024-12-16 01:00:00,1.113,1.1164,1.1019,1.1049,25973361
2024-12-16 02:00:00,1.105,1.1056,1.0774,1.079,34142592
2024-12-16 03:00:00,1.0789,1.084,1.0678,1.0736,24108701
2024-12-16 04:00:00,1.0735,1.0785,1.0705,1.0736,23958977
2024-12-16 05:00:00,1.0736,1.0855,1.0686,1.084,22361987
2024-12-16 06:00:00,1.084,1.0886,1.0759,1.0798,16430514
2024-12-16 07:00:00,1.0797,1.0983,1.0764,1.0904,21316194
2024-12-16 08:00:00,1.0904,1.0976,1.074,1.0762,25329044
2024-12-16 09:00:00,1.0762,1.0824,1.0692,1.0747,24165374
2024-12-16 10:00:00,1.0748,1.0776,1.0671,1.0738,21623433
2024-12-16 11:00:00,1.0737,1.0746,1.0488,1.0542,32543387
2024-12-16 12:00:00,1.0542,1.0611,1.051,1.0545,30045904
2024-12-16 13:00:00,1.0546,1.0694,1.0471,1.0595,29056610
2024-12-16 14:00:00,1.0595,1.0789,1.0576,1.067,32229240
2024-12-16 15:00:00,1.067,1.0801,1.0593,1.067,31760406
2024-12-16 16:00:00,1.0671,1.1215,1.067,1.1087,109631234
2024-12-16 17:00:00,1.1086,1.1173,1.0978,1.1105,47174875
2024-12-16 18:00:00,1.1105,1.1196,1.098,1.1178,31411803
2024-12-16 19:00:00,1.1178,1.1185,1.0954,1.1039,25884476
2024-12-16 20:00:00,1.1038,1.1073,1.0915,1.0964,17578169
2024-12-16 21:00:00,1.0965,1.1023,1.0932,1.0937,11485625
2024-12-16 22:00:00,1.0938,1.1042,1.0873,1.0905,14012699
2024-12-16 23:00:00,1.0905,1.0938,1.0756,1.0774,26699681
2024-12-17 00:00:00,1.0774,1.0792,1.0601,1.0611,48098646
2024-12-17 01:00:00,1.0611,1.076,1.0597,1.0735,22134423
2024-12-17 02:00:00,1.0735,1.0772,1.0692,1.0712,12004696
2024-12-17 03:00:00,1.0712,1.079,1.0696,1.0757,9974511
2024-12-17 04:00:00,1.0756,1.0756,1.0611,1.0688,16925846
2024-12-17 05:00:00,1.0688,1.0712,1.0605,1.0653,17895547
2024-12-17 06:00:00,1.0652,1.0674,1.055,1.0616,21424199
2024-12-17 07:00:00,1.0617,1.0683,1.0554,1.059,17197510
2024-12-17 08:00:00,1.0589,1.0781,1.0583,1.0687,29321607
2024-12-17 09:00:00,1.0687,1.0936,1.0663,1.0906,32869865
2024-12-17 10:00:00,1.0907,1.109,1.0854,1.0962,45984566
2024-12-17 11:00:00,1.0963,1.112,1.091,1.0983,44237883
2024-12-17 12:00:00,1.0982,1.1101,1.0913,1.1092,31397926
2024-12-17 13:00:00,1.1092,1.1098,1.0971,1.101,28943464
2024-12-17 14:00:00,1.101,1.1019,1.0784,1.0939,59296542
2024-12-17 15:00:00,1.0938,1.0943,1.0621,1.0701,71870736
2024-12-17 16:00:00,1.07,1.0858,1.063,1.0803,34326814
2024-12-17 17:00:00,1.0803,1.0987,1.0765,1.0923,28552570
2024-12-17 18:00:00,1.0924,1.0978,1.0739,1.0746,26306670
2024-12-17 19:00:00,1.0747,1.0785,1.0662,1.0721,28232067
2024-12-17 20:00:00,1.0721,1.0827,1.0685,1.0737,24608647
2024-12-17 21:00:00,1.0738,1.0816,1.064,1.0724,18684976
2024-12-17 22:00:00,1.0723,1.0745,1.05,1.0537,28226183
2024-12-17 23:00:00,1.0537,1.0559,1.0412,1.0518,45403214
2024-12-18 00:00:00,1.0518,1.0584,1.0403,1.0518,33692577
2024-12-18 01:00:00,1.0518,1.0598,1.0352,1.0387,31697056
2024-12-18 02:00:00,1.0388,1.0553,1.0349,1.0497,27581477
2024-12-18 03:00:00,1.0496,1.0519,1.0362,1.0364,24957580
2024-12-18 04:00:00,1.0363,1.0382,1.0153,1.0247,60326929
2024-12-18 05:00:00,1.0246,1.0322,1.0186,1.0236,34695795
2024-12-18 06:00:00,1.0237,1.03,1.0132,1.0208,32168419
2024-12-18 07:00:00,1.0208,1.0268,1.0173,1.0222,16296446
2024-12-18 08:00:00,1.0222,1.0259,1.0161,1.024,13926445
2024-12-18 09:00:00,1.024,1.0415,1.023,1.0373,21115215
2024-12-18 10:00:00,1.0372,1.0415,1.0323,1.0394,16656192
2024-12-18 11:00:00,1.0394,1.05,1.0388,1.0496,24842857
2024-12-18 12:00:00,1.0496,1.0504,1.0252,1.0327,36840313
2024-12-18 13:00:00,1.0326,1.0375,1.0269,1.0311,22908472
2024-12-18 14:00:00,1.0312,1.0388,1.0175,1.0184,34006397
2024-12-18 15:00:00,1.0185,1.029,1.0083,1.0224,39927912
2024-12-18 16:00:00,1.0223,1.0292,1.01,1.0253,39471966
2024-12-18 17:00:00,1.0253,1.042,1.0136,1.0356,28746762
2024-12-18 18:00:00,1.0356,1.0582,1.0312,1.0573,31123783
2024-12-18 19:00:00,1.0572,1.059,1.0094,1.0094,90567528
2024-12-18 20:00:00,1.0095,1.0172,0.9494,0.9773,246482503
2024-12-18 21:00:00,0.9774,0.9981,0.97,0.9828,53555616
2024-12-18 22:00:00,0.9827,0.9922,0.9719,0.9799,29641165
2024-12-18 23:00:00,0.9799,0.9845,0.9633,0.968,38437431
2024-12-19 00:00:00,0.9679,0.9812,0.9569,0.9766,50282092
2024-12-19 01:00:00,0.9766,0.9771,0.9418,0.9482,47674845
2024-12-19 02:00:00,0.9481,0.9596,0.9162,0.9585,147736296
2024-12-19 03:00:00,0.9585,0.9803,0.957,0.9767,59587106
2024-12-19 04:00:00,0.9767,0.9799,0.9704,0.9739,22421778
2024-12-19 05:00:00,0.9739,0.9857,0.9739,0.9837,22403420
2024-12-19 06:00:00,0.9837,0.9853,0.976,0.9795,13426399
2024-12-19 07:00:00,0.9795,0.9883,0.9783,0.9819,17594827
2024-12-19 08:00:00,0.9818,0.9819,0.9631,0.9647,37212085
2024-12-19 09:00:00,0.9647,0.9764,0.9636,0.9754,19542863
2024-12-19 10:00:00,0.9753,0.9887,0.9721,0.9832,27585960
2024-12-19 11:00:00,0.9832,0.9886,0.9787,0.9852,15627033
2024-12-19 12:00:00,0.9853,0.9864,0.9649,0.9667,27402579
2024-12-19 13:00:00,0.9668,0.9722,0.9554,0.9616,35940963
2024-12-19 14:00:00,0.9615,0.9753,0.9461,0.95,53746713
2024-12-19 15:00:00,0.95,0.9506,0.9214,0.9424,97393455
2024-12-19 16:00:00,0.9424,0.9506,0.9315,0.9499,40358895
2024-12-19 17:00:00,0.9499,0.9505,0.8834,0.9044,124957107
2024-12-19 18:00:00,0.9043,0.9055,0.8677,0.8971,144941449
2024-12-19 19:00:00,0.8971,0.9012,0.8572,0.8764,92126010
2024-12-19 20:00:00,0.8764,0.8832,0.8466,0.8786,106352773
2024-12-19 21:00:00,0.8787,0.8997,0.8713,0.8899,56121065
2024-12-19 22:00:00,0.89,0.901,0.889,0.8996,23089462
2024-12-19 23:00:00,0.8996,0.8997,0.8799,0.8802,33419340
2024-12-20 00:00:00,0.8802,0.893,0.8681,0.8865,54516263
2024-12-20 01:00:00,0.8865,0.8927,0.8788,0.8886,28669574
2024-12-20 02:00:00,0.8886,0.9178,0.8869,0.9149,42887696
2024-12-20 03:00:00,0.915,0.9162,0.9027,0.9046,21395378
2024-12-20 04:00:00,0.9046,0.9084,0.8979,0.8995,18489830
2024-12-20 05:00:00,0.8994,0.9035,0.8837,0.8843,29223239
2024-12-20 06:00:00,0.8843,0.8945,0.8705,0.8782,44793405
2024-12-20 07:00:00,0.8782,0.9058,0.878,0.8888,47793199
2024-12-20 08:00:00,0.8887,0.8895,0.8363,0.8419,94168122
2024-12-20 09:00:00,0.8419,0.8505,0.8181,0.8184,126938942
2024-12-20 10:00:00,0.8184,0.8237,0.7843,0.7936,160897619
2024-12-20 11:00:00,0.7936,0.8095,0.7622,0.7623,154015329
2024-12-20 12:00:00,0.7623,0.8344,0.7616,0.8302,140394783
2024-12-20 13:00:00,0.8301,0.8655,0.8125,0.8607,126108998
2024-12-20 14:00:00,0.8607,0.8644,0.8435,0.8543,69122485
2024-12-20 15:00:00,0.8543,0.8905,0.8538,0.8755,70705169
2024-12-20 16:00:00,0.8756,0.8955,0.8688,0.8782,62256955
2024-12-20 17:00:00,0.8783,0.8899,0.8746,0.8859,37673128
2024-12-20 18:00:00,0.8859,0.8939,0.8797,0.89,23436438
2024-12-20 19:00:00,0.89,0.9225,0.889,0.9105,52765577
2024-12-20 20:00:00,0.9105,0.9241,0.9055,0.9188,36268322
2024-12-20 21:00:00,0.9188,0.924,0.8999,0.92,44759530
2024-12-20 22:00:00,0.92,0.9473,0.9139,0.9442,43690864
2024-12-20 23:00:00,0.9443,0.9581,0.9408,0.9492,42810445
2024-12-21 00:00:00,0.9492,0.9547,0.936,0.9393,33951923
2024-12-21 01:00:00,0.9393,0.9511,0.9382,0.9446,25762659
2024-12-21 02:00:00,0.9447,0.96,0.9383,0.9493,28209055
2024-12-21 03:00:00,0.9494,0.9527,0.9398,0.948,15221835
2024-12-21 04:00:00,0.9481,0.9583,0.9455,0.9562,16871195
2024-12-21 05:00:00,0.9563,0.9736,0.952,0.9733,32980884
2024-12-21 06:00:00,0.9734,0.9864,0.9698,0.9829,34839970
2024-12-21 07:00:00,0.9829,0.9975,0.9759,0.9884,33307820
2024-12-21 08:00:00,0.9884,0.9954,0.9627,0.9632,47528868
2024-12-21 09:00:00,0.9632,0.9713,0.9529,0.97,46593659
2024-12-21 10:00:00,0.9701,0.9821,0.9616,0.9696,36808773
2024-12-21 11:00:00,0.9697,0.9728,0.9514,0.9593,33995218
2024-12-21 12:00:00,0.9593,0.9595,0.9211,0.9219,83342753
2024-12-21 13:00:00,0.9219,0.9286,0.8916,0.9204,111670742
2024-12-21 14:00:00,0.9203,0.9292,0.9105,0.9125,53422394
2024-12-21 15:00:00,0.9125,0.925,0.9118,0.9206,29033716
2024-12-21 16:00:00,0.9206,0.9228,0.903,0.9075,47063904
2024-12-21 17:00:00,0.9075,0.9186,0.8989,0.9142,42146830
2024-12-21 18:00:00,0.9143,0.9186,0.8978,0.902,30032491
2024-12-21 19:00:00,0.902,0.9041,0.8863,0.9039,56063364
2024-12-21 20:00:00,0.9038,0.9171,0.8979,0.9077,44741202
2024-12-21 21:00:00,0.9078,0.9113,0.8932,0.8979,25419748
2024-12-21 22:00:00,0.8979,0.908,0.8926,0.9024,19221306
2024-12-21 23:00:00,0.9024,0.9066,0.8941,0.9048,20135686
2024-12-22 00:00:00,0.9048,0.9103,0.8931,0.9017,31460106
2024-12-22 01:00:00,0.9017,0.9083,0.8866,0.8994,29722190
2024-12-22 02:00:00,0.8994,0.9056,0.8922,0.8975,19068484
2024-12-22 03:00:00,0.8975,0.9028,0.8821,0.8998,35485476
2024-12-22 04:00:00,0.8997,0.9029,0.8814,0.8817,28229964
2024-12-22 05:00:00,0.8818,0.8905,0.8694,0.8869,49863825
2024-12-22 06:00:00,0.8869,0.8969,0.8845,0.8923,24642059
2024-12-22 07:00:00,0.8924,0.8957,0.8855,0.8902,17145005
2024-12-22 08:00:00,0.8902,0.9067,0.8893,0.8999,28651797
2024-12-22 09:00:00,0.8999,0.9245,0.8966,0.914,34147810
2024-12-22 10:00:00,0.914,0.9205,0.9114,0.9135,21051259
2024-12-22 11:00:00,0.9136,0.9157,0.9068,0.9121,17107176
2024-12-22 12:00:00,0.9121,0.9181,0.9065,0.9081,19755638
2024-12-22 13:00:00,0.9081,0.9144,0.9024,0.9072,22108609
2024-12-22 14:00:00,0.9072,0.9104,0.875,0.8784,64646522
2024-12-22 15:00:00,0.8785,0.8916,0.878,0.8872,28445590
2024-12-22 16:00:00,0.8873,0.901,0.8789,0.8961,30384290
2024-12-22 17:00:00,0.896,0.8987,0.8887,0.8909,19742914
2024-12-22 18:00:00,0.891,0.9024,0.8853,0.8944,25727549
2024-12-22 19:00:00,0.8945,0.8969,0.8713,0.8744,28759316
2024-12-22 20:00:00,0.8745,0.892,0.8584,0.8897,56650481
2024-12-22 21:00:00,0.8898,0.8986,0.886,0.8877,23779481
2024-12-22 22:00:00,0.8876,0.8886,0.8708,0.8877,35570357
2024-12-22 23:00:00,0.8876,0.8955,0.8794,0.883,22851016
2024-12-23 00:00:00,0.883,0.8843,0.869,0.8759,31412365
2024-12-23 01:00:00,0.8759,0.8914,0.8616,0.873,51300282
2024-12-23 02:00:00,0.873,0.8827,0.8623,0.8812,39733934
2024-12-23 03:00:00,0.8812,0.9115,0.8772,0.9085,43272815
2024-12-23 04:00:00,0.9084,0.9152,0.9014,0.9015,29783844
2024-12-23 05:00:00,0.9014,0.9053,0.8932,0.8976,22476378
2024-12-23 06:00:00,0.8976,0.9011,0.8758,0.8779,34749715
2024-12-23 07:00:00,0.878,0.8894,0.8725,0.8853,27650930
2024-12-23 08:00:00,0.8852,0.8986,0.8809,0.8977,23000581
2024-12-23 09:00:00,0.8977,0.911,0.8963,0.8999,24459392
2024-12-23 10:00:00,0.8999,0.9066,0.8926,0.9004,24022358
2024-12-23 11:00:00,0.9005,0.9032,0.8919,0.8947,15391294
2024-12-23 12:00:00,0.8946,0.9029,0.8923,0.8979,17626205
2024-12-23 13:00:00,0.8978,0.8992,0.8761,0.8793,34121236
2024-12-23 14:00:00,0.8794,0.8931,0.8652,0.8722,51279852
2024-12-23 15:00:00,0.8722,0.8738,0.8629,0.8649,45189697
2024-12-23 16:00:00,0.8649,0.903,0.8636,0.8992,49125916
2024-12-23 17:00:00,0.8992,0.9024,0.8781,0.8804,51895051
2024-12-23 18:00:00,0.8803,0.8863,0.8725,0.8745,19250059
2024-12-23 19:00:00,0.8745,0.8974,0.8741,0.8903,29454867
2024-12-23 20:00:00,0.8903,0.9291,0.8896,0.927,39521369
2024-12-23 21:00:00,0.927,0.9423,0.9217,0.9218,54588971
2024-12-23 22:00:00,0.9217,0.9374,0.9206,0.932,25655160
2024-12-23 23:00:00,0.932,0.935,0.9207,0.9261,19140466
2024-12-24 00:00:00,0.9262,0.9305,0.9142,0.9195,22625116
2024-12-24 01:00:00,0.9195,0.9221,0.9025,0.9035,18604931
2024-12-24 02:00:00,0.9036,0.9083,0.8926,0.9016,26856309
2024-12-24 03:00:00,0.9016,0.9142,0.9014,0.9115,18897215
2024-12-24 04:00:00,0.9115,0.9163,0.9079,0.9145,15432821
2024-12-24 05:00:00,0.9145,0.9169,0.911,0.9128,12063146
2024-12-24 06:00:00,0.9128,0.9134,0.8965,0.8978,18215159
2024-12-24 07:00:00,0.8978,0.9033,0.8945,0.899,15153630
2024-12-24 08:00:00,0.899,0.9078,0.8959,0.9057,18410187
2024-12-24 09:00:00,0.9056,0.9091,0.896,0.8984,15491703
2024-12-24 10:00:00,0.8985,0.9009,0.8911,0.8939,16246372
2024-12-24 11:00:00,0.894,0.9046,0.8923,0.9034,14712845
2024-12-24 12:00:00,0.9035,0.9041,0.894,0.8983,13746250
2024-12-24 13:00:00,0.8983,0.9339,0.8964,0.9337,42418858
2024-12-24 14:00:00,0.9337,0.9367,0.9233,0.9313,45690258
2024-12-24 15:00:00,0.9313,0.9499,0.9289,0.9438,45536306
2024-12-24 16:00:00,0.9438,0.9495,0.9301,0.933,33920922
2024-12-24 17:00:00,0.933,0.945,0.9327,0.9416,21251112
2024-12-24 18:00:00,0.9416,0.9488,0.9334,0.9374,23049894
2024-12-24 19:00:00,0.9374,0.9406,0.9254,0.9254,19014914
2024-12-24 20:00:00,0.9254,0.9267,0.9134,0.9193,30080169
2024-12-24 21:00:00,0.9194,0.9407,0.9185,0.9377,22305529
2024-12-24 22:00:00,0.9377,0.941,0.9316,0.9356,13711590
2024-12-24 23:00:00,0.9356,0.9399,0.9319,0.9355,8942354
2024-12-25 00:00:00,0.9354,0.9398,0.9301,0.9335,15115781
2024-12-25 01:00:00,0.9334,0.9387,0.9262,0.9296,15744077
2024-12-25 02:00:00,0.9296,0.9322,0.9234,0.9297,19187676
2024-12-25 03:00:00,0.9297,0.9306,0.9212,0.9246,10982568
2024-12-25 04:00:00,0.9247,0.9274,0.92,0.9238,10186404
2024-12-25 05:00:00,0.9239,0.9297,0.9234,0.9265,9328333
2024-12-25 06:00:00,0.9266,0.9323,0.9204,0.9207,11194097
2024-12-25 07:00:00,0.9207,0.9279,0.9143,0.9158,20050152
2024-12-25 08:00:00,0.9158,0.9228,0.9151,0.919,14740223
2024-12-25 09:00:00,0.919,0.9234,0.9166,0.9204,10853859
2024-12-25 10:00:00,0.9204,0.9399,0.9168,0.9211,37528755
2024-12-25 11:00:00,0.921,0.9273,0.9088,0.9109,23647871
2024-12-25 12:00:00,0.911,0.9173,0.9061,0.9125,23484549
2024-12-25 13:00:00,0.9124,0.9184,0.9093,0.9139,12218077
2024-12-25 14:00:00,0.9139,0.9223,0.9113,0.9183,13198823
2024-12-25 15:00:00,0.9184,0.9194,0.905,0.9122,21821311
2024-12-25 16:00:00,0.9122,0.9164,0.899,0.9064,28407515
2024-12-25 17:00:00,0.9066,0.9132,0.9024,0.9129,15146883
2024-12-25 18:00:00,0.9129,0.9149,0.9093,0.9126,10945743
2024-12-25 19:00:00,0.9125,0.9177,0.9093,0.9164,9146831
2024-12-25 20:00:00,0.9164,0.9206,0.9099,0.9126,12397570
2024-12-25 21:00:00,0.9127,0.9188,0.9035,0.9103,18700832
2024-12-25 22:00:00,0.9103,0.9159,0.9051,0.9113,9070976
2024-12-25 23:00:00,0.9114,0.9185,0.9109,0.9172,8953320
2024-12-26 00:00:00,0.9172,0.9277,0.9073,0.9111,22918021
2024-12-26 01:00:00,0.911,0.9163,0.9043,0.911,18082549
2024-12-26 02:00:00,0.911,0.9169,0.9021,0.904,15443073
2024-12-26 03:00:00,0.904,0.907,0.8973,0.8997,15396569
2024-12-26 04:00:00,0.8997,0.8997,0.89,0.8969,19624993
2024-12-26 05:00:00,0.8969,0.8983,0.8909,0.8965,11832652
2024-12-26 06:00:00,0.8966,0.8976,0.8865,0.8895,14766319
2024-12-26 07:00:00,0.8895,0.8925,0.8826,0.8854,20691356
2024-12-26 08:00:00,0.8853,0.887,0.8603,0.8695,65197349
2024-12-26 09:00:00,0.8696,0.8753,0.8688,0.8691,19549574
2024-12-26 10:00:00,0.8692,0.8731,0.867,0.8688,13400169
2024-12-26 11:00:00,0.8688,0.8776,0.8685,0.8712,12501363
2024-12-26 12:00:00,0.8711,0.8738,0.8672,0.8692,13661281
2024-12-26 13:00:00,0.8692,0.8708,0.8627,0.8693,19426620
2024-12-26 14:00:00,0.8692,0.876,0.8629,0.8671,22943759
2024-12-26 15:00:00,0.8672,0.8731,0.8634,0.866,15462446
2024-12-26 16:00:00,0.866,0.8759,0.8647,0.8739,20574734
2024-12-26 17:00:00,0.8738,0.8743,0.8516,0.8589,42783732
2024-12-26 18:00:00,0.8588,0.8658,0.8561,0.8653,12899302
2024-12-26 19:00:00,0.8653,0.8658,0.8562,0.864,16712480
2024-12-26 20:00:00,0.864,0.8663,0.8549,0.8582,15427720
2024-12-26 21:00:00,0.8581,0.8634,0.8503,0.862,20085101
2024-12-26 22:00:00,0.8621,0.8666,0.8607,0.861,7914233
2024-12-26 23:00:00,0.861,0.8619,0.8525,0.8604,15992854
2024-12-27 00:00:00,0.8603,0.8646,0.8544,0.8632,16171945
2024-12-27 01:00:00,0.8631,0.8703,0.8583,0.8648,14926836
2024-12-27 02:00:00,0.8649,0.8734,0.8624,0.8659,14843776
2024-12-27 03:00:00,0.8659,0.8731,0.8631,0.8703,13398414
2024-12-27 04:00:00,0.8702,0.8762,0.8665,0.8682,14486425
2024-12-27 05:00:00,0.8682,0.8707,0.8607,0.8697,13610226
2024-12-27 06:00:00,0.8698,0.8832,0.8698,0.8827,15562210
2024-12-27 07:00:00,0.8827,0.8832,0.8563,0.8632,34851908
2024-12-27 08:00:00,0.8632,0.8795,0.8631,0.8738,21318826
2024-12-27 09:00:00,0.8738,0.9146,0.8733,0.9015,71843080
2024-12-27 10:00:00,0.9015,0.9081,0.8906,0.8975,28666762
2024-12-27 11:00:00,0.8975,0.9061,0.8935,0.9053,16180517
2024-12-27 12:00:00,0.9052,0.908,0.8996,0.901,13872395
2024-12-27 13:00:00,0.9009,0.9033,0.8901,0.8943,19078570
2024-12-27 14:00:00,0.8942,0.895,0.8743,0.8827,37124218
2024-12-27 15:00:00,0.8827,0.8829,0.8671,0.8741,31889230
2024-12-27 16:00:00,0.874,0.8776,0.8642,0.8671,26443321
2024-12-27 17:00:00,0.867,0.8951,0.8656,0.893,33758864
2024-12-27 18:00:00,0.893,0.8982,0.8871,0.8914,23452025
2024-12-27 19:00:00,0.8914,0.894,0.8866,0.8926,13447681
2024-12-27 20:00:00,0.8926,0.8944,0.8842,0.8885,11194409
2024-12-27 21:00:00,0.8885,0.8897,0.8752,0.8756,10972347
2024-12-27 22:00:00,0.8756,0.8852,0.8725,0.8739,16668465
2024-12-27 23:00:00,0.874,0.8772,0.8695,0.8768,10840940
2024-12-28 00:00:00,0.8768,0.8802,0.872,0.875,13961986
2024-12-28 01:00:00,0.875,0.8762,0.8656,0.8699,15666694
2024-12-28 02:00:00,0.87,0.8753,0.8667,0.8671,10724467
2024-12-28 03:00:00,0.867,0.8758,0.8668,0.8756,8406739
2024-12-28 04:00:00,0.8756,0.8758,0.8706,0.8737,6950806
2024-12-28 05:00:00,0.8737,0.8827,0.8737,0.8786,11537773
2024-12-28 06:00:00,0.8787,0.8807,0.8688,0.8702,9012246
2024-12-28 07:00:00,0.8702,0.8741,0.8658,0.8676,8729834
2024-12-28 08:00:00,0.8676,0.8749,0.8674,0.8735,9060090
2024-12-28 09:00:00,0.8734,0.8762,0.8714,0.873,8514274
2024-12-28 10:00:00,0.873,0.8746,0.8667,0.8674,10149070
2024-12-28 11:00:00,0.8674,0.8748,0.8671,0.8734,10416133
2024-12-28 12:00:00,0.8734,0.8744,0.8662,0.8674,9191052
2024-12-28 13:00:00,0.8674,0.8776,0.867,0.8763,14473092
2024-12-28 14:00:00,0.8763,0.8918,0.8744,0.8789,34153425
2024-12-28 15:00:00,0.8788,0.8872,0.8742,0.8752,16736349
2024-12-28 16:00:00,0.8752,0.8842,0.8727,0.884,13534392
2024-12-28 17:00:00,0.884,0.8936,0.8812,0.8896,18850619
2024-12-28 18:00:00,0.8896,0.891,0.8825,0.8843,12449434
2024-12-28 19:00:00,0.8842,0.8869,0.8829,0.8841,6006642
2024-12-28 20:00:00,0.884,0.8864,0.8808,0.886,6670943
2024-12-28 21:00:00,0.886,0.8934,0.8838,0.893,8432955
2024-12-28 22:00:00,0.893,0.8997,0.8909,0.895,11890735
2024-12-28 23:00:00,0.895,0.8956,0.8868,0.8892,14377909
2024-12-29 00:00:00,0.8891,0.8904,0.883,0.8845,12264917
2024-12-29 01:00:00,0.8845,0.8875,0.8809,0.8815,9819298
2024-12-29 02:00:00,0.8815,0.8893,0.8811,0.8877,6330339
2024-12-29 03:00:00,0.8877,0.8922,0.8851,0.8919,6753888
2024-12-29 04:00:00,0.8919,0.893,0.8848,0.8862,8135947
2024-12-29 05:00:00,0.8862,0.887,0.8836,0.8854,4283672
2024-12-29 06:00:00,0.8855,0.89,0.8823,0.8885,8092773
2024-12-29 07:00:00,0.8885,0.8955,0.8875,0.8946,10657362
2024-12-29 08:00:00,0.8946,0.8965,0.8868,0.888,9057653
2024-12-29 09:00:00,0.8881,0.8945,0.8852,0.8934,10586036
2024-12-29 10:00:00,0.8934,0.8995,0.8924,0.8948,14479671
2024-12-29 11:00:00,0.8949,0.8995,0.8922,0.8952,11453465
2024-12-29 12:00:00,0.8951,0.9035,0.8905,0.8994,24458430
2024-12-29 13:00:00,0.8994,0.9122,0.8973,0.907,30531023
2024-12-29 14:00:00,0.907,0.91,0.8881,0.8928,42514913
2024-12-29 15:00:00,0.8928,0.8953,0.883,0.8833,17979322
2024-12-29 16:00:00,0.8834,0.8838,0.8677,0.8696,34293660
2024-12-29 17:00:00,0.8696,0.8754,0.8669,0.8701,13638894
2024-12-29 18:00:00,0.8702,0.8731,0.8677,0.8692,9473626
2024-12-29 19:00:00,0.8692,0.8707,0.8665,0.8691,9426929
2024-12-29 20:00:00,0.869,0.869,0.8541,0.8648,26669176
2024-12-29 21:00:00,0.8648,0.8699,0.8571,0.8592,17893680
2024-12-29 22:00:00,0.8592,0.8609,0.8506,0.8541,19487413
2024-12-29 23:00:00,0.8542,0.8613,0.8515,0.8582,16050457
2024-12-30 00:00:00,0.8583,0.868,0.8543,0.8636,19942631
2024-12-30 01:00:00,0.8637,0.9045,0.8628,0.8873,60577386
2024-12-30 02:00:00,0.8872,0.891,0.8731,0.8821,23588518
2024-12-30 03:00:00,0.8821,0.8848,0.8706,0.872,15607129
2024-12-30 04:00:00,0.872,0.8797,0.8683,0.8683,13652154
2024-12-30 05:00:00,0.8683,0.8721,0.8605,0.8676,15240599
2024-12-30 06:00:00,0.8676,0.8801,0.8668,0.8725,20845793
2024-12-30 07:00:00,0.8724,0.874,0.8619,0.8691,13823457
2024-12-30 08:00:00,0.8691,0.877,0.8651,0.8706,13405114
2024-12-30 09:00:00,0.8706,0.8737,0.8661,0.8711,12254417
2024-12-30 10:00:00,0.8711,0.8744,0.8672,0.8694,9696154
2024-12-30 11:00:00,0.8695,0.8738,0.8627,0.871,12765748
2024-12-30 12:00:00,0.871,0.8793,0.8665,0.8694,17030683
2024-12-30 13:00:00,0.8694,0.872,0.8415,0.8425,45088055
2024-12-30 14:00:00,0.8425,0.8528,0.8337,0.8379,49271257
2024-12-30 15:00:00,0.838,0.8436,0.8304,0.8399,38587780
2024-12-30 16:00:00,0.8399,0.842,0.829,0.8344,21095787
2024-12-30 17:00:00,0.8345,0.8694,0.8343,0.8633,52320893
2024-12-30 18:00:00,0.8632,0.8698,0.8581,0.8669,26321585
2024-12-30 19:00:00,0.8669,0.8696,0.8616,0.8695,21994452
2024-12-30 20:00:00,0.8694,0.8809,0.8694,0.8735,31199779
2024-12-30 21:00:00,0.8735,0.8764,0.8472,0.8492,45887894
2024-12-30 22:00:00,0.8491,0.8607,0.8482,0.8563,19515202
2024-12-30 23:00:00,0.8563,0.8627,0.8511,0.8613,20505121
2024-12-31 00:00:00,0.8613,0.8633,0.8542,0.8559,14477108
2024-12-31 01:00:00,0.8559,0.8601,0.8507,0.8581,16514002
2024-12-31 02:00:00,0.8581,0.859,0.851,0.8524,13567184
2024-12-31 03:00:00,0.8525,0.8539,0.8462,0.8486,15233711
2024-12-31 04:00:00,0.8486,0.8548,0.8416,0.8436,12532132
2024-12-31 05:00:00,0.8436,0.8499,0.8423,0.8434,11403270
2024-12-31 06:00:00,0.8435,0.8481,0.839,0.8442,14085583
2024-12-31 07:00:00,0.8442,0.8472,0.8412,0.8459,9555120
2024-12-31 08:00:00,0.8459,0.8728,0.8449,0.8568,40670069
2024-12-31 09:00:00,0.8567,0.8623,0.8539,0.8593,13082877
2024-12-31 10:00:00,0.8593,0.8619,0.8541,0.8583,9258628
2024-12-31 11:00:00,0.8582,0.8612,0.856,0.8575,6028801
2024-12-31 12:00:00,0.8575,0.8651,0.8554,0.8554,15104488
2024-12-31 13:00:00,0.8555,0.8789,0.8546,0.8679,36457897
2024-12-31 14:00:00,0.868,0.8765,0.8665,0.8697,22650198
2024-12-31 15:00:00,0.8697,0.8741,0.8628,0.8693,16575398
2024-12-31 16:00:00,0.8693,0.8722,0.8633,0.8676,14168440
2024-12-31 17:00:00,0.8676,0.8678,0.8409,0.8508,34607416
2024-12-31 18:00:00,0.8507,0.855,0.8471,0.8487,14838925
2024-12-31 19:00:00,0.8487,0.8512,0.8457,0.8491,7388328
2024-12-31 20:00:00,0.8491,0.8528,0.8465,0.8487,6674503
2024-12-31 21:00:00,0.8486,0.855,0.8464,0.852,9007021
2024-12-31 22:00:00,0.852,0.8522,0.8431,0.8441,13648123
2024-12-31 23:00:00,0.844,0.8464,0.8417,0.8447,10080834
