timestamp,y_long,y_short,weights
1970-01-01 00:26:49.729200,0,1,2.0
1970-01-01 00:26:49.732800,0,1,2.0
1970-01-01 00:26:49.830000,1,0,2.0
1970-01-01 00:26:49.891200,1,0,2.0
1970-01-01 00:26:49.894800,1,0,2.0
1970-01-01 00:26:49.898400,1,0,2.0
1970-01-01 00:26:50.020800,0,1,2.0
1970-01-01 00:26:50.024400,0,1,2.0
1970-01-01 00:26:50.028000,0,1,2.0
1970-01-01 00:26:50.031600,0,1,2.0
1970-01-01 00:26:50.035200,0,1,2.0
1970-01-01 00:26:50.038800,0,1,2.0
1970-01-01 00:26:50.121600,1,0,2.0
1970-01-01 00:26:50.125200,1,0,2.0
1970-01-01 00:26:50.128800,1,0,2.0
1970-01-01 00:26:50.132400,1,0,2.0
1970-01-01 00:26:50.136000,1,0,2.0
1970-01-01 00:26:50.139600,1,0,2.0
1970-01-01 00:26:50.168400,1,0,2.0
1970-01-01 00:26:50.258400,0,1,2.0
1970-01-01 00:26:50.262000,0,1,2.0
1970-01-01 00:26:50.265600,0,1,2.0
1970-01-01 00:26:50.269200,0,1,2.0
1970-01-01 00:26:50.316000,0,1,2.0
1970-01-01 00:26:50.319600,0,1,2.0
1970-01-01 00:26:50.323200,0,1,2.0
1970-01-01 00:26:50.326800,0,1,2.0
1970-01-01 00:26:50.330400,0,1,2.0
1970-01-01 00:26:50.334000,0,1,2.0
1970-01-01 00:26:50.344800,1,0,2.0
1970-01-01 00:26:50.355600,0,1,2.0
1970-01-01 00:26:50.359200,0,1,2.0
1970-01-01 00:26:50.362800,0,1,2.0
1970-01-01 00:26:50.366400,0,1,2.0
1970-01-01 00:26:50.370000,0,1,2.0
1970-01-01 00:26:50.434800,0,1,2.0
1970-01-01 00:26:50.557200,1,0,2.0
1970-01-01 00:26:50.560800,1,0,2.0
1970-01-01 00:26:50.564400,1,0,2.0
1970-01-01 00:26:50.611200,1,0,2.0
1970-01-01 00:26:50.614800,1,0,2.0
1970-01-01 00:26:50.618400,1,0,2.0
1970-01-01 00:26:50.622000,1,0,2.0
1970-01-01 00:26:50.625600,1,0,2.0
1970-01-01 00:26:50.629200,1,0,2.0
1970-01-01 00:26:50.701200,0,1,2.0
1970-01-01 00:26:50.704800,0,1,2.0
1970-01-01 00:26:50.708400,0,1,2.0
1970-01-01 00:26:50.712000,0,1,2.0
1970-01-01 00:26:50.715600,0,1,2.0
1970-01-01 00:26:50.852400,0,1,2.0
1970-01-01 00:26:51.014400,1,0,2.0
1970-01-01 00:26:51.018000,1,0,2.0
1970-01-01 00:26:51.021600,1,0,2.0
1970-01-01 00:26:51.025200,1,0,2.0
1970-01-01 00:26:51.028800,1,0,2.0
1970-01-01 00:26:51.032400,1,0,2.0
1970-01-01 00:26:51.036000,0,1,2.0
1970-01-01 00:26:51.118800,0,1,2.0
1970-01-01 00:26:51.126000,0,1,2.0
1970-01-01 00:26:51.205200,0,1,2.0
1970-01-01 00:26:51.208800,0,1,2.0
1970-01-01 00:26:51.212400,0,1,2.0
1970-01-01 00:26:51.216000,0,1,2.0
1970-01-01 00:26:51.223200,0,1,2.0
1970-01-01 00:26:51.252000,0,1,2.0
1970-01-01 00:26:51.255600,0,1,2.0
1970-01-01 00:26:51.259200,0,1,2.0
1970-01-01 00:26:51.262800,0,1,2.0
1970-01-01 00:26:51.273600,1,0,2.0
1970-01-01 00:26:51.360000,1,0,2.0
1970-01-01 00:26:51.367200,1,0,2.0
1970-01-01 00:26:51.378000,0,1,2.0
1970-01-01 00:26:51.385200,0,1,2.0
1970-01-01 00:26:51.388800,0,1,2.0
1970-01-01 00:26:51.464400,1,0,2.0
1970-01-01 00:26:51.468000,1,0,2.0
1970-01-01 00:26:51.471600,1,0,2.0
1970-01-01 00:26:51.475200,1,0,2.0
1970-01-01 00:26:51.478800,1,0,2.0
1970-01-01 00:26:51.486000,0,1,2.0
1970-01-01 00:26:51.586800,0,1,2.0
1970-01-01 00:26:51.655200,0,1,2.0
1970-01-01 00:26:51.727200,0,1,2.0
1970-01-01 00:26:51.730800,0,1,2.0
1970-01-01 00:26:51.734400,0,1,2.0
1970-01-01 00:26:51.738000,0,1,2.0
1970-01-01 00:26:51.741600,0,1,2.0
1970-01-01 00:26:51.745200,0,1,2.0
1970-01-01 00:26:51.748800,0,1,2.0
1970-01-01 00:26:51.752400,0,1,2.0
1970-01-01 00:26:51.756000,1,0,2.0
1970-01-01 00:26:51.784800,1,0,2.0
1970-01-01 00:26:51.788400,1,0,2.0
1970-01-01 00:26:51.792000,1,0,2.0
1970-01-01 00:26:51.795600,1,0,2.0
1970-01-01 00:26:51.799200,1,0,2.0
1970-01-01 00:26:51.802800,1,0,2.0
1970-01-01 00:26:51.806400,0,0,2.0
1970-01-01 00:26:51.810000,0,1,2.0
1970-01-01 00:26:51.813600,1,0,2.0
1970-01-01 00:26:51.817200,1,0,2.0
1970-01-01 00:26:51.820800,1,0,2.0
1970-01-01 00:26:51.824400,1,0,2.0
1970-01-01 00:26:51.828000,1,0,2.0
1970-01-01 00:26:51.831600,1,0,2.0
1970-01-01 00:26:51.835200,1,0,2.0
1970-01-01 00:26:51.838800,1,0,2.0
1970-01-01 00:26:51.842400,1,0,2.0
1970-01-01 00:26:51.846000,1,0,2.0
1970-01-01 00:26:51.849600,1,0,2.0
1970-01-01 00:26:51.853200,1,0,2.0
1970-01-01 00:26:51.856800,1,0,2.0
1970-01-01 00:26:51.860400,1,0,2.0
1970-01-01 00:26:51.864000,1,0,2.0
1970-01-01 00:26:51.867600,1,0,2.0
1970-01-01 00:26:51.871200,1,0,2.0
1970-01-01 00:26:51.874800,1,0,2.0
1970-01-01 00:26:51.878400,1,0,2.0
1970-01-01 00:26:51.882000,1,0,2.0
1970-01-01 00:26:51.885600,1,0,2.0
1970-01-01 00:26:51.889200,0,1,2.0
1970-01-01 00:26:51.892800,0,1,2.0
1970-01-01 00:26:51.896400,0,1,2.0
1970-01-01 00:26:52.090800,1,0,2.0
1970-01-01 00:26:52.094400,1,0,2.0
1970-01-01 00:26:52.098000,1,0,2.0
1970-01-01 00:26:52.101600,1,0,2.0
1970-01-01 00:26:52.105200,1,0,2.0
1970-01-01 00:26:52.108800,1,0,2.0
1970-01-01 00:26:52.112400,1,0,2.0
1970-01-01 00:26:52.206000,0,1,2.0
1970-01-01 00:26:52.209600,0,1,2.0
1970-01-01 00:26:52.213200,0,1,2.0
1970-01-01 00:26:52.299600,1,0,2.0
1970-01-01 00:26:52.360800,1,0,2.0
1970-01-01 00:26:52.364400,1,0,2.0
1970-01-01 00:26:52.368000,1,0,2.0
1970-01-01 00:26:52.371600,1,0,2.0
1970-01-01 00:26:52.375200,1,0,2.0
1970-01-01 00:26:52.378800,1,0,2.0
1970-01-01 00:26:52.382400,1,0,2.0
1970-01-01 00:26:52.389600,1,0,2.0
1970-01-01 00:26:52.393200,1,0,2.0
1970-01-01 00:26:52.396800,1,0,2.0
1970-01-01 00:26:52.400400,1,0,2.0
1970-01-01 00:26:52.404000,1,0,2.0
1970-01-01 00:26:52.407600,1,0,2.0
1970-01-01 00:26:52.411200,1,0,2.0
1970-01-01 00:26:52.414800,1,0,2.0
1970-01-01 00:26:52.418400,1,0,2.0
1970-01-01 00:26:52.566000,1,0,2.0
1970-01-01 00:26:52.569600,1,0,2.0
1970-01-01 00:26:52.573200,1,0,2.0
1970-01-01 00:26:52.576800,1,0,2.0
1970-01-01 00:26:52.580400,1,0,2.0
1970-01-01 00:26:52.612800,1,0,2.0
1970-01-01 00:26:52.616400,1,0,2.0
1970-01-01 00:26:52.620000,1,0,2.0
1970-01-01 00:26:52.623600,1,0,2.0
1970-01-01 00:26:52.627200,1,0,2.0
1970-01-01 00:26:52.630800,1,0,2.0
1970-01-01 00:26:52.634400,1,0,2.0
1970-01-01 00:26:52.638000,1,0,2.0
1970-01-01 00:26:52.641600,1,0,2.0
1970-01-01 00:26:52.645200,1,0,2.0
1970-01-01 00:26:52.695600,1,0,2.0
1970-01-01 00:26:52.699200,1,0,2.0
1970-01-01 00:26:52.702800,1,0,2.0
1970-01-01 00:26:52.706400,1,0,2.0
1970-01-01 00:26:52.710000,1,0,2.0
1970-01-01 00:26:52.713600,1,0,2.0
1970-01-01 00:26:52.717200,1,0,2.0
1970-01-01 00:26:52.720800,1,0,2.0
1970-01-01 00:26:52.724400,1,0,2.0
1970-01-01 00:26:52.731600,0,1,2.0
1970-01-01 00:26:52.735200,0,1,2.0
1970-01-01 00:26:52.738800,0,1,2.0
1970-01-01 00:26:52.864800,0,1,2.0
1970-01-01 00:26:52.868400,0,1,2.0
1970-01-01 00:26:52.872000,0,1,2.0
1970-01-01 00:26:52.875600,0,1,2.0
1970-01-01 00:26:52.879200,0,1,2.0
1970-01-01 00:26:52.958400,1,0,2.0
1970-01-01 00:26:52.965600,1,0,2.0
1970-01-01 00:26:53.044800,0,1,2.0
1970-01-01 00:26:53.048400,0,1,2.0
1970-01-01 00:26:53.052000,0,1,2.0
1970-01-01 00:26:53.077200,0,1,2.0
1970-01-01 00:26:53.080800,0,1,2.0
1970-01-01 00:26:53.084400,0,1,2.0
1970-01-01 00:26:53.088000,0,1,2.0
1970-01-01 00:26:53.091600,0,1,2.0
1970-01-01 00:26:53.095200,0,1,2.0
1970-01-01 00:26:53.286000,0,1,2.0
1970-01-01 00:26:53.289600,0,1,2.0
1970-01-01 00:26:53.293200,0,1,2.0
1970-01-01 00:26:53.296800,0,1,2.0
1970-01-01 00:26:53.300400,0,1,2.0
1970-01-01 00:26:53.304000,0,1,2.0
1970-01-01 00:26:53.311200,1,0,2.0
1970-01-01 00:26:53.332800,0,1,2.0
1970-01-01 00:26:53.336400,0,1,2.0
1970-01-01 00:26:53.343600,0,1,2.0
1970-01-01 00:26:53.347200,0,1,2.0
1970-01-01 00:26:53.480400,0,1,2.0
1970-01-01 00:26:53.484000,0,1,2.0
1970-01-01 00:26:53.487600,0,1,2.0
1970-01-01 00:26:53.581200,0,1,2.0
1970-01-01 00:26:53.595600,1,0,2.0
1970-01-01 00:26:53.599200,1,0,2.0
1970-01-01 00:26:53.602800,1,0,2.0
1970-01-01 00:26:53.606400,1,0,2.0
1970-01-01 00:26:53.646000,1,0,2.0
1970-01-01 00:26:53.649600,1,0,2.0
1970-01-01 00:26:53.653200,1,0,2.0
1970-01-01 00:26:53.656800,1,0,2.0
1970-01-01 00:26:53.660400,1,0,2.0
1970-01-01 00:26:53.664000,1,0,2.0
1970-01-01 00:26:53.786400,1,0,2.0
1970-01-01 00:26:53.790000,1,0,2.0
1970-01-01 00:26:53.793600,1,0,2.0
1970-01-01 00:26:53.797200,1,0,2.0
1970-01-01 00:26:53.800800,1,0,2.0
1970-01-01 00:26:53.804400,1,0,2.0
1970-01-01 00:26:53.808000,0,1,2.0
1970-01-01 00:26:53.930400,1,0,2.0
1970-01-01 00:26:53.934000,1,0,2.0
1970-01-01 00:26:53.937600,1,0,2.0
1970-01-01 00:26:53.941200,0,0,2.0
1970-01-01 00:26:53.952000,1,0,2.0
1970-01-01 00:26:53.977200,0,1,2.0
1970-01-01 00:26:53.980800,0,1,2.0
1970-01-01 00:26:54.052800,0,1,2.0
1970-01-01 00:26:54.056400,0,1,2.0
1970-01-01 00:26:54.060000,0,1,2.0
1970-01-01 00:26:54.063600,0,1,2.0
1970-01-01 00:26:54.124800,1,0,2.0
1970-01-01 00:26:54.128400,1,0,2.0
1970-01-01 00:26:54.132000,1,0,2.0
1970-01-01 00:26:54.135600,1,0,2.0
1970-01-01 00:26:54.139200,1,0,2.0
1970-01-01 00:26:54.142800,1,0,2.0
1970-01-01 00:26:54.160800,1,0,2.0
1970-01-01 00:26:54.164400,1,0,2.0
1970-01-01 00:26:54.168000,1,0,2.0
1970-01-01 00:26:54.250800,0,1,2.0
1970-01-01 00:26:54.254400,0,1,2.0
1970-01-01 00:26:54.258000,0,1,2.0
1970-01-01 00:26:54.265200,0,1,2.0
1970-01-01 00:26:54.268800,0,1,2.0
1970-01-01 00:26:54.456000,0,1,2.0
1970-01-01 00:26:54.459600,0,1,2.0
1970-01-01 00:26:54.463200,0,1,2.0
1970-01-01 00:26:54.466800,0,1,2.0
1970-01-01 00:26:54.470400,0,1,2.0
1970-01-01 00:26:54.474000,0,1,2.0
1970-01-01 00:26:54.477600,0,1,2.0
1970-01-01 00:26:54.502800,0,1,2.0
1970-01-01 00:26:54.506400,0,1,2.0
1970-01-01 00:26:54.510000,0,1,2.0
1970-01-01 00:26:54.513600,0,1,2.0
1970-01-01 00:26:54.524400,1,0,2.0
1970-01-01 00:26:54.528000,1,0,2.0
1970-01-01 00:26:54.531600,1,0,2.0
1970-01-01 00:26:54.578400,1,0,2.0
1970-01-01 00:26:54.582000,1,0,2.0
1970-01-01 00:26:54.603600,1,0,2.0
1970-01-01 00:26:54.607200,1,0,2.0
1970-01-01 00:26:54.614400,1,0,2.0
1970-01-01 00:26:54.618000,1,0,2.0
1970-01-01 00:26:54.621600,1,0,2.0
1970-01-01 00:26:54.682800,0,1,2.0
1970-01-01 00:26:54.686400,0,1,2.0
1970-01-01 00:26:54.690000,0,1,2.0
1970-01-01 00:26:54.693600,0,1,2.0
1970-01-01 00:26:54.765600,0,1,2.0
1970-01-01 00:26:54.769200,0,1,2.0
1970-01-01 00:26:54.772800,0,1,2.0
1970-01-01 00:26:54.859200,0,1,2.0
1970-01-01 00:26:54.862800,0,1,2.0
1970-01-01 00:26:54.866400,0,1,2.0
1970-01-01 00:26:54.870000,0,1,2.0
1970-01-01 00:26:54.873600,0,1,2.0
1970-01-01 00:26:54.880800,1,0,2.0
1970-01-01 00:26:54.884400,1,0,2.0
1970-01-01 00:26:54.895200,0,1,2.0
1970-01-01 00:26:54.981600,1,0,2.0
1970-01-01 00:26:54.985200,1,0,2.0
1970-01-01 00:26:54.988800,1,0,2.0
1970-01-01 00:26:54.992400,1,0,2.0
1970-01-01 00:26:54.996000,1,0,2.0
1970-01-01 00:26:54.999600,1,0,2.0
1970-01-01 00:26:55.010400,0,1,2.0
1970-01-01 00:26:55.014000,0,1,2.0
1970-01-01 00:26:55.143600,1,0,2.0
1970-01-01 00:26:55.147200,1,0,2.0
1970-01-01 00:26:55.150800,1,0,2.0
1970-01-01 00:26:55.154400,1,0,2.0
1970-01-01 00:26:55.158000,1,0,2.0
1970-01-01 00:26:55.161600,1,0,2.0
1970-01-01 00:26:55.165200,1,0,2.0
1970-01-01 00:26:55.168800,1,0,2.0
1970-01-01 00:26:55.172400,1,0,2.0
1970-01-01 00:26:55.176000,1,0,2.0
1970-01-01 00:26:55.222800,1,0,2.0
1970-01-01 00:26:55.226400,1,0,2.0
1970-01-01 00:26:55.230000,1,0,2.0
1970-01-01 00:26:55.233600,1,0,2.0
1970-01-01 00:26:55.237200,1,0,2.0
1970-01-01 00:26:55.240800,1,0,2.0
1970-01-01 00:26:55.244400,0,1,2.0
1970-01-01 00:26:55.323600,0,1,2.0
1970-01-01 00:26:55.327200,0,1,2.0
1970-01-01 00:26:55.330800,0,1,2.0
1970-01-01 00:26:55.334400,0,1,2.0
1970-01-01 00:26:55.611600,1,0,2.0
1970-01-01 00:26:55.615200,1,0,2.0
1970-01-01 00:26:55.636800,1,0,2.0
1970-01-01 00:26:55.640400,1,0,2.0
1970-01-01 00:26:55.644000,1,0,2.0
1970-01-01 00:26:55.647600,1,0,2.0
1970-01-01 00:26:55.651200,1,0,2.0
1970-01-01 00:26:55.654800,1,0,2.0
1970-01-01 00:26:55.658400,1,0,2.0
1970-01-01 00:26:55.665600,1,0,2.0
1970-01-01 00:26:55.669200,1,0,2.0
1970-01-01 00:26:55.672800,1,0,2.0
1970-01-01 00:26:55.770000,0,1,2.0
1970-01-01 00:26:55.773600,0,1,2.0
1970-01-01 00:26:55.777200,0,1,2.0
1970-01-01 00:26:55.780800,0,1,2.0
1970-01-01 00:26:55.784400,0,1,2.0
1970-01-01 00:26:55.968000,0,1,2.0
1970-01-01 00:26:55.989600,1,0,2.0
1970-01-01 00:26:55.993200,1,0,2.0
1970-01-01 00:26:56.022000,1,0,2.0
1970-01-01 00:26:56.119200,1,0,2.0
1970-01-01 00:26:56.122800,1,0,2.0
1970-01-01 00:26:56.126400,1,0,2.0
1970-01-01 00:26:56.130000,1,0,2.0
1970-01-01 00:26:56.133600,1,0,2.0
1970-01-01 00:26:56.137200,1,0,2.0
1970-01-01 00:26:56.140800,0,1,2.0
1970-01-01 00:26:56.209200,1,0,2.0
1970-01-01 00:26:56.212800,1,0,2.0
1970-01-01 00:26:56.274000,0,1,2.0
1970-01-01 00:26:56.277600,0,1,2.0
1970-01-01 00:26:56.418000,0,1,2.0
1970-01-01 00:26:56.421600,0,1,2.0
1970-01-01 00:26:56.425200,0,1,2.0
1970-01-01 00:26:56.428800,0,1,2.0
1970-01-01 00:26:56.432400,0,1,2.0
1970-01-01 00:26:56.436000,0,1,2.0
1970-01-01 00:26:56.439600,0,1,2.0
1970-01-01 00:26:56.457600,0,1,2.0
1970-01-01 00:26:56.461200,0,1,2.0
1970-01-01 00:26:56.464800,0,1,2.0
1970-01-01 00:26:56.468400,0,1,2.0
1970-01-01 00:26:56.472000,0,1,2.0
1970-01-01 00:26:56.544000,1,0,2.0
1970-01-01 00:26:56.551200,1,0,2.0
1970-01-01 00:26:56.554800,1,0,2.0
1970-01-01 00:26:56.558400,1,0,2.0
1970-01-01 00:26:56.562000,1,0,2.0
1970-01-01 00:26:56.580000,0,1,2.0
1970-01-01 00:26:56.587200,0,1,2.0
1970-01-01 00:26:56.590800,0,1,2.0
1970-01-01 00:26:56.594400,0,1,2.0
1970-01-01 00:26:56.598000,0,1,2.0
1970-01-01 00:26:56.601600,0,1,2.0
1970-01-01 00:26:56.605200,0,1,2.0
1970-01-01 00:26:56.608800,0,1,2.0
1970-01-01 00:26:56.612400,0,1,2.0
1970-01-01 00:26:56.616000,0,1,2.0
1970-01-01 00:26:56.619600,0,1,2.0
1970-01-01 00:26:56.781600,1,0,2.0
1970-01-01 00:26:56.785200,1,0,2.0
1970-01-01 00:26:56.814000,1,0,2.0
1970-01-01 00:26:56.824800,1,0,2.0
1970-01-01 00:26:56.828400,1,0,2.0
1970-01-01 00:26:56.832000,1,0,2.0
1970-01-01 00:26:56.918400,0,1,2.0
1970-01-01 00:26:56.940000,0,1,2.0
1970-01-01 00:26:56.943600,0,1,2.0
1970-01-01 00:26:56.947200,0,1,2.0
1970-01-01 00:26:56.950800,0,1,2.0
1970-01-01 00:26:56.986800,1,0,2.0
1970-01-01 00:26:56.990400,1,0,2.0
1970-01-01 00:26:56.994000,1,0,2.0
1970-01-01 00:26:56.997600,1,0,2.0
1970-01-01 00:26:57.091200,1,0,2.0
1970-01-01 00:26:57.094800,1,0,2.0
1970-01-01 00:26:57.102000,0,1,2.0
1970-01-01 00:26:57.109200,1,0,2.0
1970-01-01 00:26:57.112800,0,1,2.0
1970-01-01 00:26:57.163200,0,1,2.0
1970-01-01 00:26:57.166800,0,1,2.0
1970-01-01 00:26:57.170400,0,1,2.0
1970-01-01 00:26:57.249600,1,0,2.0
1970-01-01 00:26:57.253200,1,0,2.0
1970-01-01 00:26:57.256800,1,0,2.0
1970-01-01 00:26:57.260400,1,0,2.0
1970-01-01 00:26:57.264000,1,0,2.0
1970-01-01 00:26:57.267600,1,0,2.0
1970-01-01 00:26:57.274800,0,1,2.0
1970-01-01 00:26:57.400800,1,0,2.0
1970-01-01 00:26:57.404400,1,0,2.0
1970-01-01 00:26:57.451200,0,1,2.0
1970-01-01 00:26:57.454800,0,1,2.0
1970-01-01 00:26:57.458400,0,1,2.0
1970-01-01 00:26:57.465600,0,1,2.0
1970-01-01 00:26:57.469200,0,1,2.0
1970-01-01 00:26:57.472800,0,1,2.0
1970-01-01 00:26:57.476400,0,1,2.0
1970-01-01 00:26:57.480000,0,1,2.0
1970-01-01 00:26:57.591600,0,1,2.0
1970-01-01 00:26:57.602400,1,0,2.0
1970-01-01 00:26:57.606000,1,0,2.0
1970-01-01 00:26:57.638400,1,0,2.0
1970-01-01 00:26:57.642000,1,0,2.0
1970-01-01 00:26:57.645600,1,0,2.0
1970-01-01 00:26:57.649200,1,0,2.0
1970-01-01 00:26:57.652800,1,0,2.0
1970-01-01 00:26:57.656400,1,0,2.0
1970-01-01 00:26:57.692400,1,0,2.0
1970-01-01 00:26:57.696000,1,0,2.0
1970-01-01 00:26:57.699600,1,0,2.0
1970-01-01 00:26:57.703200,1,0,2.0
1970-01-01 00:26:57.706800,1,0,2.0
1970-01-01 00:26:57.710400,1,0,2.0
1970-01-01 00:26:57.714000,0,1,2.0
1970-01-01 00:26:57.764400,0,1,2.0
1970-01-01 00:26:57.768000,0,1,2.0
1970-01-01 00:26:57.771600,0,1,2.0
1970-01-01 00:26:57.930000,1,0,2.0
1970-01-01 00:26:57.933600,1,0,2.0
1970-01-01 00:26:57.937200,1,0,2.0
1970-01-01 00:26:57.940800,1,0,2.0
1970-01-01 00:26:57.944400,1,0,2.0
1970-01-01 00:26:57.948000,1,0,2.0
1970-01-01 00:26:57.951600,0,1,2.0
1970-01-01 00:26:58.016400,1,0,2.0
1970-01-01 00:26:58.020000,1,0,2.0
1970-01-01 00:26:58.023600,1,0,2.0
1970-01-01 00:26:58.027200,1,0,2.0
1970-01-01 00:26:58.030800,1,0,2.0
1970-01-01 00:26:58.034400,1,0,2.0
1970-01-01 00:26:58.077600,1,0,2.0
1970-01-01 00:26:58.081200,1,0,2.0
1970-01-01 00:26:58.084800,1,0,2.0
1970-01-01 00:26:58.088400,1,0,2.0
1970-01-01 00:26:58.092000,1,0,2.0
1970-01-01 00:26:58.095600,1,0,2.0
1970-01-01 00:26:58.110000,1,0,2.0
1970-01-01 00:26:58.113600,1,0,2.0
1970-01-01 00:26:58.117200,1,0,2.0
1970-01-01 00:26:58.120800,1,0,2.0
1970-01-01 00:26:58.124400,1,0,2.0
1970-01-01 00:26:58.128000,1,0,2.0
1970-01-01 00:26:58.131600,1,0,2.0
1970-01-01 00:26:58.153200,1,0,2.0
1970-01-01 00:26:58.254000,1,0,2.0
1970-01-01 00:26:58.257600,1,0,2.0
1970-01-01 00:26:58.261200,1,0,2.0
1970-01-01 00:26:58.264800,1,0,2.0
1970-01-01 00:26:58.268400,1,0,2.0
1970-01-01 00:26:58.290000,1,0,2.0
1970-01-01 00:26:58.293600,1,0,2.0
1970-01-01 00:26:58.297200,1,0,2.0
1970-01-01 00:26:58.300800,1,0,2.0
1970-01-01 00:26:58.304400,1,0,2.0
1970-01-01 00:26:58.308000,1,0,2.0
1970-01-01 00:26:58.311600,1,0,2.0
1970-01-01 00:26:58.315200,1,0,2.0
1970-01-01 00:26:58.318800,1,0,2.0
1970-01-01 00:26:58.322400,1,0,2.0
1970-01-01 00:26:58.326000,1,0,2.0
1970-01-01 00:26:58.336800,1,0,2.0
1970-01-01 00:26:58.340400,1,0,2.0
1970-01-01 00:26:58.344000,1,0,2.0
1970-01-01 00:26:58.347600,1,0,2.0
1970-01-01 00:26:58.351200,1,0,2.0
1970-01-01 00:26:58.354800,1,0,2.0
1970-01-01 00:26:58.358400,1,0,2.0
1970-01-01 00:26:58.362000,1,0,2.0
1970-01-01 00:26:58.365600,1,0,2.0
1970-01-01 00:26:58.369200,1,0,2.0
1970-01-01 00:26:58.372800,1,0,2.0
1970-01-01 00:26:58.376400,1,0,2.0
1970-01-01 00:26:58.488000,1,0,2.0
1970-01-01 00:26:58.491600,1,0,2.0
1970-01-01 00:26:58.495200,1,0,2.0
1970-01-01 00:26:58.498800,1,0,2.0
1970-01-01 00:26:58.502400,1,0,2.0
1970-01-01 00:26:58.506000,1,0,2.0
1970-01-01 00:26:58.509600,1,0,2.0
1970-01-01 00:26:58.513200,1,0,2.0
1970-01-01 00:26:58.516800,1,0,2.0
1970-01-01 00:26:58.520400,1,0,2.0
1970-01-01 00:26:58.524000,1,0,2.0
1970-01-01 00:26:58.527600,1,0,2.0
1970-01-01 00:26:58.531200,1,0,2.0
1970-01-01 00:26:58.534800,1,0,2.0
1970-01-01 00:26:58.552800,1,0,2.0
1970-01-01 00:26:58.556400,1,0,2.0
1970-01-01 00:26:58.560000,1,0,2.0
1970-01-01 00:26:58.563600,1,0,2.0
1970-01-01 00:26:58.567200,1,0,2.0
1970-01-01 00:26:58.570800,1,0,2.0
1970-01-01 00:26:58.610400,0,1,2.0
1970-01-01 00:26:58.797600,1,0,2.0
1970-01-01 00:26:58.801200,1,0,2.0
1970-01-01 00:26:58.804800,1,0,2.0
1970-01-01 00:26:58.808400,1,0,2.0
1970-01-01 00:26:58.812000,1,0,2.0
1970-01-01 00:26:58.815600,1,0,2.0
1970-01-01 00:26:58.819200,1,0,2.0
1970-01-01 00:26:58.822800,0,1,2.0
1970-01-01 00:26:58.826400,0,1,2.0
1970-01-01 00:26:58.923600,0,1,2.0
1970-01-01 00:26:58.927200,0,1,2.0
1970-01-01 00:26:58.930800,0,1,2.0
1970-01-01 00:26:58.938000,0,1,2.0
1970-01-01 00:26:59.038800,0,1,2.0
1970-01-01 00:26:59.042400,0,1,2.0
1970-01-01 00:26:59.046000,0,1,2.0
1970-01-01 00:26:59.056800,0,1,2.0
1970-01-01 00:26:59.089200,1,0,2.0
1970-01-01 00:26:59.110800,0,1,2.0
1970-01-01 00:26:59.114400,0,1,2.0
1970-01-01 00:26:59.118000,0,1,2.0
1970-01-01 00:26:59.121600,0,1,2.0
1970-01-01 00:26:59.125200,0,1,2.0
1970-01-01 00:26:59.128800,0,1,2.0
1970-01-01 00:26:59.132400,0,1,2.0
1970-01-01 00:26:59.136000,0,1,2.0
1970-01-01 00:26:59.222400,1,0,2.0
1970-01-01 00:26:59.226000,1,0,2.0
1970-01-01 00:26:59.229600,1,0,2.0
1970-01-01 00:26:59.233200,1,0,2.0
1970-01-01 00:26:59.236800,1,0,2.0
1970-01-01 00:26:59.240400,1,0,2.0
1970-01-01 00:26:59.352000,0,1,2.0
1970-01-01 00:26:59.355600,0,1,2.0
1970-01-01 00:26:59.359200,0,1,2.0
1970-01-01 00:26:59.362800,0,1,2.0
1970-01-01 00:26:59.366400,0,1,2.0
1970-01-01 00:26:59.370000,0,1,2.0
1970-01-01 00:26:59.380800,1,0,2.0
1970-01-01 00:26:59.384400,1,0,2.0
1970-01-01 00:26:59.575200,1,0,2.0
1970-01-01 00:26:59.578800,1,0,2.0
1970-01-01 00:26:59.582400,1,0,2.0
1970-01-01 00:26:59.586000,1,0,2.0
1970-01-01 00:26:59.589600,1,0,2.0
1970-01-01 00:26:59.593200,1,0,2.0
1970-01-01 00:26:59.784000,1,0,2.0
1970-01-01 00:26:59.787600,1,0,2.0
1970-01-01 00:26:59.791200,1,0,2.0
1970-01-01 00:26:59.794800,1,0,2.0
1970-01-01 00:26:59.798400,1,0,2.0
1970-01-01 00:26:59.802000,1,0,2.0
1970-01-01 00:26:59.809200,1,0,2.0
1970-01-01 00:26:59.816400,1,0,2.0
1970-01-01 00:26:59.820000,1,0,2.0
1970-01-01 00:26:59.823600,1,0,2.0
1970-01-01 00:26:59.827200,1,0,2.0
1970-01-01 00:26:59.830800,1,0,2.0
1970-01-01 00:26:59.834400,1,0,2.0
1970-01-01 00:26:59.892000,1,0,2.0
1970-01-01 00:26:59.895600,1,0,2.0
1970-01-01 00:26:59.899200,1,0,2.0
1970-01-01 00:26:59.913600,0,1,2.0
1970-01-01 00:26:59.920800,0,1,2.0
1970-01-01 00:26:59.989200,0,1,2.0
1970-01-01 00:27:00.032400,1,0,2.0
1970-01-01 00:27:00.036000,1,0,2.0
1970-01-01 00:27:00.039600,1,0,2.0
1970-01-01 00:27:00.043200,1,0,2.0
1970-01-01 00:27:00.046800,1,0,2.0
1970-01-01 00:27:00.050400,1,0,2.0
1970-01-01 00:27:00.054000,1,0,2.0
1970-01-01 00:27:00.057600,1,0,2.0
1970-01-01 00:27:00.061200,1,0,2.0
1970-01-01 00:27:00.064800,1,0,2.0
1970-01-01 00:27:00.068400,1,0,2.0
1970-01-01 00:27:00.072000,0,0,2.0
1970-01-01 00:27:00.075600,0,1,2.0
1970-01-01 00:27:00.079200,0,1,2.0
1970-01-01 00:27:00.082800,0,1,2.0
1970-01-01 00:27:00.090000,1,0,2.0
1970-01-01 00:27:00.093600,1,0,2.0
1970-01-01 00:27:00.097200,1,0,2.0
1970-01-01 00:27:00.100800,1,0,2.0
1970-01-01 00:27:00.104400,1,0,2.0
1970-01-01 00:27:00.108000,1,0,2.0
1970-01-01 00:27:00.111600,1,0,2.0
1970-01-01 00:27:00.115200,1,0,2.0
1970-01-01 00:27:00.118800,1,0,2.0
1970-01-01 00:27:00.122400,1,0,2.0
1970-01-01 00:27:00.126000,1,0,2.0
1970-01-01 00:27:00.162000,1,0,2.0
1970-01-01 00:27:00.165600,1,0,2.0
1970-01-01 00:27:00.169200,1,0,2.0
1970-01-01 00:27:00.172800,1,0,2.0
1970-01-01 00:27:00.176400,1,0,2.0
1970-01-01 00:27:00.180000,1,0,2.0
1970-01-01 00:27:00.208800,0,1,2.0
1970-01-01 00:27:00.216000,0,1,2.0
1970-01-01 00:27:00.331200,0,1,2.0
1970-01-01 00:27:00.338400,0,1,2.0
1970-01-01 00:27:00.345600,1,0,2.0
1970-01-01 00:27:00.349200,1,0,2.0
1970-01-01 00:27:00.352800,1,0,2.0
1970-01-01 00:27:00.399600,1,0,2.0
1970-01-01 00:27:00.403200,1,0,2.0
1970-01-01 00:27:00.406800,1,0,2.0
1970-01-01 00:27:00.410400,1,0,2.0
1970-01-01 00:27:00.414000,1,0,2.0
1970-01-01 00:27:00.417600,1,0,2.0
1970-01-01 00:27:00.468000,0,1,2.0
1970-01-01 00:27:00.471600,0,1,2.0
1970-01-01 00:27:00.475200,0,1,2.0
1970-01-01 00:27:00.478800,0,1,2.0
1970-01-01 00:27:00.482400,0,1,2.0
1970-01-01 00:27:00.507600,0,1,2.0
1970-01-01 00:27:00.511200,0,1,2.0
1970-01-01 00:27:00.514800,0,1,2.0
1970-01-01 00:27:00.518400,0,1,2.0
1970-01-01 00:27:00.522000,0,1,2.0
1970-01-01 00:27:00.525600,0,1,2.0
1970-01-01 00:27:00.561600,1,0,2.0
1970-01-01 00:27:00.648000,0,1,2.0
1970-01-01 00:27:00.651600,0,1,2.0
1970-01-01 00:27:00.655200,0,1,2.0
1970-01-01 00:27:00.658800,0,1,2.0
1970-01-01 00:27:00.662400,0,1,2.0
1970-01-01 00:27:00.698400,1,0,2.0
1970-01-01 00:27:00.788400,1,0,2.0
1970-01-01 00:27:00.792000,1,0,2.0
1970-01-01 00:27:00.802800,0,1,2.0
1970-01-01 00:27:00.810000,0,1,2.0
1970-01-01 00:27:00.813600,0,1,2.0
1970-01-01 00:27:00.817200,0,1,2.0
1970-01-01 00:27:00.820800,0,1,2.0
1970-01-01 00:27:00.824400,0,1,2.0
1970-01-01 00:27:00.828000,0,1,2.0
1970-01-01 00:27:00.838800,0,1,2.0
1970-01-01 00:27:00.846000,0,1,2.0
1970-01-01 00:27:00.849600,0,1,2.0
1970-01-01 00:27:00.853200,0,1,2.0
1970-01-01 00:27:00.856800,0,1,2.0
1970-01-01 00:27:00.860400,1,0,2.0
1970-01-01 00:27:00.914400,0,1,2.0
1970-01-01 00:27:00.921600,1,0,2.0
1970-01-01 00:27:00.925200,1,0,2.0
1970-01-01 00:27:00.928800,1,0,2.0
1970-01-01 00:27:00.932400,1,0,2.0
1970-01-01 00:27:00.936000,1,0,2.0
1970-01-01 00:27:00.939600,1,0,2.0
1970-01-01 00:27:00.950400,1,0,2.0
1970-01-01 00:27:00.954000,1,0,2.0
1970-01-01 00:27:00.957600,1,0,2.0
1970-01-01 00:27:01.180800,0,1,2.0
1970-01-01 00:27:01.184400,0,1,2.0
1970-01-01 00:27:01.206000,0,1,2.0
1970-01-01 00:27:01.324800,0,0,2.0
1970-01-01 00:27:01.328400,0,0,2.0
1970-01-01 00:27:01.332000,0,1,2.0
1970-01-01 00:27:01.335600,0,1,2.0
1970-01-01 00:27:01.364400,0,1,2.0
1970-01-01 00:27:01.368000,0,1,2.0
1970-01-01 00:27:01.371600,0,1,2.0
1970-01-01 00:27:01.375200,0,1,2.0
1970-01-01 00:27:01.378800,0,1,2.0
1970-01-01 00:27:01.382400,0,1,2.0
1970-01-01 00:27:01.386000,0,1,2.0
1970-01-01 00:27:01.393200,0,1,2.0
1970-01-01 00:27:01.404000,0,1,2.0
1970-01-01 00:27:01.407600,0,1,2.0
1970-01-01 00:27:01.411200,0,1,2.0
1970-01-01 00:27:01.414800,0,1,2.0
1970-01-01 00:27:01.418400,0,1,2.0
1970-01-01 00:27:01.422000,0,1,2.0
1970-01-01 00:27:01.425600,1,0,2.0
1970-01-01 00:27:01.501200,1,0,2.0
1970-01-01 00:27:01.584000,0,1,2.0
1970-01-01 00:27:01.587600,0,1,2.0
1970-01-01 00:27:01.591200,0,1,2.0
1970-01-01 00:27:01.594800,0,1,2.0
1970-01-01 00:27:01.598400,0,1,2.0
1970-01-01 00:27:01.602000,0,1,2.0
1970-01-01 00:27:01.605600,0,1,2.0
1970-01-01 00:27:01.735200,0,1,2.0
1970-01-01 00:27:01.738800,0,1,2.0
1970-01-01 00:27:01.742400,0,1,2.0
1970-01-01 00:27:01.746000,0,1,2.0
1970-01-01 00:27:01.749600,0,1,2.0
1970-01-01 00:27:01.753200,0,1,2.0
1970-01-01 00:27:01.760400,0,1,2.0
1970-01-01 00:27:01.764000,0,1,2.0
1970-01-01 00:27:01.767600,0,1,2.0
1970-01-01 00:27:01.771200,0,1,2.0
1970-01-01 00:27:01.778400,0,1,2.0
1970-01-01 00:27:01.785600,1,0,2.0
1970-01-01 00:27:01.828800,1,0,2.0
1970-01-01 00:27:01.861200,1,0,2.0
1970-01-01 00:27:01.864800,1,0,2.0
1970-01-01 00:27:01.868400,1,0,2.0
1970-01-01 00:27:01.872000,1,0,2.0
1970-01-01 00:27:01.875600,1,0,2.0
1970-01-01 00:27:01.879200,1,0,2.0
1970-01-01 00:27:02.012400,0,1,2.0
1970-01-01 00:27:02.030400,0,1,2.0
1970-01-01 00:27:02.070000,0,1,2.0
1970-01-01 00:27:02.163600,0,1,2.0
1970-01-01 00:27:02.167200,0,1,2.0
1970-01-01 00:27:02.170800,0,1,2.0
1970-01-01 00:27:02.174400,0,1,2.0
1970-01-01 00:27:02.178000,0,1,2.0
1970-01-01 00:27:02.268000,0,1,2.0
1970-01-01 00:27:02.275200,0,1,2.0
1970-01-01 00:27:02.278800,0,1,2.0
1970-01-01 00:27:02.282400,0,1,2.0
1970-01-01 00:27:02.286000,0,1,2.0
1970-01-01 00:27:02.433600,1,0,2.0
1970-01-01 00:27:02.437200,1,0,2.0
1970-01-01 00:27:02.440800,1,0,2.0
1970-01-01 00:27:02.451600,1,0,2.0
1970-01-01 00:27:02.466000,1,0,2.0
1970-01-01 00:27:02.469600,1,0,2.0
1970-01-01 00:27:02.473200,1,0,2.0
1970-01-01 00:27:02.480400,1,0,2.0
1970-01-01 00:27:02.484000,1,0,2.0
1970-01-01 00:27:02.487600,1,0,2.0
1970-01-01 00:27:02.491200,1,0,2.0
1970-01-01 00:27:02.523600,0,1,2.0
1970-01-01 00:27:02.530800,0,1,2.0
1970-01-01 00:27:02.556000,1,0,2.0
1970-01-01 00:27:02.559600,1,0,2.0
1970-01-01 00:27:02.563200,1,0,2.0
1970-01-01 00:27:02.566800,1,0,2.0
1970-01-01 00:27:02.570400,1,0,2.0
1970-01-01 00:27:02.574000,1,0,2.0
1970-01-01 00:27:02.577600,1,0,2.0
1970-01-01 00:27:02.581200,1,0,2.0
1970-01-01 00:27:02.595600,1,0,2.0
1970-01-01 00:27:02.599200,1,0,2.0
1970-01-01 00:27:02.606400,1,0,2.0
1970-01-01 00:27:02.610000,1,0,2.0
1970-01-01 00:27:02.613600,1,0,2.0
1970-01-01 00:27:02.617200,1,0,2.0
1970-01-01 00:27:02.620800,1,0,2.0
1970-01-01 00:27:02.624400,1,0,2.0
1970-01-01 00:27:02.721600,0,1,2.0
1970-01-01 00:27:02.732400,0,1,2.0
1970-01-01 00:27:02.775600,0,1,2.0
1970-01-01 00:27:02.880000,0,1,2.0
1970-01-01 00:27:03.016800,1,0,2.0
1970-01-01 00:27:03.056400,0,1,2.0
1970-01-01 00:27:03.060000,0,1,2.0
1970-01-01 00:27:03.063600,0,1,2.0
1970-01-01 00:27:03.067200,0,1,2.0
1970-01-01 00:27:03.070800,0,1,2.0
1970-01-01 00:27:03.074400,0,1,2.0
1970-01-01 00:27:03.078000,0,1,2.0
1970-01-01 00:27:03.081600,0,1,2.0
1970-01-01 00:27:03.085200,0,1,2.0
1970-01-01 00:27:03.088800,0,1,2.0
1970-01-01 00:27:03.092400,0,1,2.0
1970-01-01 00:27:03.096000,0,1,2.0
1970-01-01 00:27:03.103200,0,1,2.0
1970-01-01 00:27:03.150000,0,1,2.0
1970-01-01 00:27:03.160800,1,0,2.0
1970-01-01 00:27:03.232800,1,0,2.0
1970-01-01 00:27:03.236400,1,0,2.0
1970-01-01 00:27:03.240000,1,0,2.0
1970-01-01 00:27:03.243600,1,0,2.0
1970-01-01 00:27:03.247200,1,0,2.0
1970-01-01 00:27:03.405600,0,1,2.0
1970-01-01 00:27:03.409200,0,1,2.0
1970-01-01 00:27:03.412800,0,1,2.0
1970-01-01 00:27:03.416400,0,1,2.0
1970-01-01 00:27:03.427200,1,0,2.0
1970-01-01 00:27:03.438000,0,1,2.0
1970-01-01 00:27:03.441600,0,1,2.0
1970-01-01 00:27:03.445200,0,1,2.0
1970-01-01 00:27:03.448800,0,1,2.0
1970-01-01 00:27:03.452400,0,1,2.0
1970-01-01 00:27:03.456000,0,1,2.0
1970-01-01 00:27:03.582000,1,0,2.0
1970-01-01 00:27:03.585600,1,0,2.0
1970-01-01 00:27:03.589200,1,0,2.0
1970-01-01 00:27:03.592800,1,0,2.0
1970-01-01 00:27:03.596400,1,0,2.0
1970-01-01 00:27:03.600000,1,0,2.0
1970-01-01 00:27:03.603600,1,0,2.0
1970-01-01 00:27:03.607200,1,0,2.0
1970-01-01 00:27:03.610800,1,0,2.0
1970-01-01 00:27:03.661200,1,0,2.0
1970-01-01 00:27:03.664800,1,0,2.0
1970-01-01 00:27:03.668400,1,0,2.0
1970-01-01 00:27:03.672000,1,0,2.0
1970-01-01 00:27:03.744000,0,1,2.0
1970-01-01 00:27:03.747600,0,1,2.0
1970-01-01 00:27:03.819600,0,1,2.0
1970-01-01 00:27:03.823200,0,1,2.0
1970-01-01 00:27:03.826800,0,1,2.0
1970-01-01 00:27:03.830400,0,1,2.0
1970-01-01 00:27:03.834000,0,1,2.0
1970-01-01 00:27:03.837600,0,1,2.0
1970-01-01 00:27:03.927600,0,1,2.0
1970-01-01 00:27:03.938400,0,1,2.0
1970-01-01 00:27:03.942000,0,1,2.0
1970-01-01 00:27:03.999600,0,1,2.0
1970-01-01 00:27:04.003200,0,1,2.0
1970-01-01 00:27:04.006800,0,1,2.0
1970-01-01 00:27:04.010400,0,1,2.0
1970-01-01 00:27:04.014000,0,1,2.0
1970-01-01 00:27:04.017600,0,1,2.0
1970-01-01 00:27:04.021200,0,1,2.0
1970-01-01 00:27:04.032000,0,1,2.0
1970-01-01 00:27:04.035600,0,0,2.0
1970-01-01 00:27:04.039200,1,0,2.0
1970-01-01 00:27:04.042800,1,0,2.0
1970-01-01 00:27:04.129200,0,1,2.0
1970-01-01 00:27:04.132800,0,1,2.0
1970-01-01 00:27:04.161600,0,1,2.0
1970-01-01 00:27:04.165200,0,1,2.0
1970-01-01 00:27:04.168800,0,1,2.0
1970-01-01 00:27:04.172400,0,1,2.0
1970-01-01 00:27:04.176000,0,1,2.0
1970-01-01 00:27:04.179600,0,1,2.0
1970-01-01 00:27:04.186800,1,0,2.0
1970-01-01 00:27:04.194000,1,0,2.0
1970-01-01 00:27:04.197600,1,0,2.0
1970-01-01 00:27:04.201200,1,0,2.0
1970-01-01 00:27:04.204800,1,0,2.0
1970-01-01 00:27:04.208400,1,0,2.0
1970-01-01 00:27:04.212000,1,0,2.0
1970-01-01 00:27:04.219200,0,1,2.0
1970-01-01 00:27:04.222800,0,1,2.0
1970-01-01 00:27:04.226400,0,1,2.0
1970-01-01 00:27:04.230000,0,1,2.0
1970-01-01 00:27:04.233600,0,1,2.0
1970-01-01 00:27:04.237200,0,1,2.0
1970-01-01 00:27:04.240800,0,1,2.0
1970-01-01 00:27:04.248000,0,1,2.0
1970-01-01 00:27:04.251600,0,1,2.0
1970-01-01 00:27:04.255200,0,1,2.0
1970-01-01 00:27:04.258800,0,1,2.0
1970-01-01 00:27:04.262400,0,1,2.0
1970-01-01 00:27:04.266000,0,1,2.0
1970-01-01 00:27:04.269600,0,1,2.0
1970-01-01 00:27:04.273200,0,1,2.0
1970-01-01 00:27:04.280400,0,1,2.0
1970-01-01 00:27:04.287600,0,1,2.0
1970-01-01 00:27:04.291200,0,1,2.0
1970-01-01 00:27:04.294800,0,1,2.0
1970-01-01 00:27:04.298400,0,1,2.0
1970-01-01 00:27:04.302000,0,1,2.0
1970-01-01 00:27:04.305600,0,1,2.0
1970-01-01 00:27:04.312800,1,0,2.0
1970-01-01 00:27:04.345200,0,1,2.0
1970-01-01 00:27:04.402800,1,0,2.0
1970-01-01 00:27:04.428000,1,0,2.0
1970-01-01 00:27:04.435200,1,0,2.0
1970-01-01 00:27:04.438800,1,0,2.0
1970-01-01 00:27:04.442400,1,0,2.0
1970-01-01 00:27:04.446000,1,0,2.0
1970-01-01 00:27:04.456800,0,1,2.0
1970-01-01 00:27:04.543200,1,0,2.0
1970-01-01 00:27:04.546800,1,0,2.0
1970-01-01 00:27:04.550400,1,0,2.0
1970-01-01 00:27:04.554000,1,0,2.0
1970-01-01 00:27:04.557600,1,0,2.0
1970-01-01 00:27:04.561200,1,0,2.0
1970-01-01 00:27:04.564800,1,0,2.0
1970-01-01 00:27:04.568400,1,0,2.0
1970-01-01 00:27:04.572000,1,0,2.0
1970-01-01 00:27:04.575600,1,0,2.0
1970-01-01 00:27:04.579200,1,0,2.0
1970-01-01 00:27:04.586400,0,1,2.0
1970-01-01 00:27:04.590000,0,1,2.0
1970-01-01 00:27:04.593600,0,1,2.0
1970-01-01 00:27:04.600800,0,1,2.0
1970-01-01 00:27:04.626000,0,1,2.0
1970-01-01 00:27:04.629600,0,1,2.0
1970-01-01 00:27:04.741200,1,0,2.0
1970-01-01 00:27:04.813200,1,0,2.0
1970-01-01 00:27:04.816800,1,0,2.0
1970-01-01 00:27:04.820400,1,0,2.0
1970-01-01 00:27:04.824000,1,0,2.0
1970-01-01 00:27:04.827600,1,0,2.0
1970-01-01 00:27:04.831200,1,0,2.0
1970-01-01 00:27:04.942800,1,0,2.0
1970-01-01 00:27:04.946400,1,0,2.0
1970-01-01 00:27:04.950000,1,0,2.0
1970-01-01 00:27:04.953600,1,0,2.0
1970-01-01 00:27:04.957200,1,0,2.0
1970-01-01 00:27:05.000400,0,1,2.0
1970-01-01 00:27:05.004000,0,1,2.0
1970-01-01 00:27:05.007600,0,1,2.0
1970-01-01 00:27:05.011200,0,1,2.0
1970-01-01 00:27:05.014800,0,1,2.0
1970-01-01 00:27:05.018400,0,1,2.0
1970-01-01 00:27:05.047200,0,1,2.0
1970-01-01 00:27:05.050800,0,1,2.0
1970-01-01 00:27:05.065200,1,0,2.0
1970-01-01 00:27:05.068800,1,0,2.0
1970-01-01 00:27:05.090400,0,1,2.0
1970-01-01 00:27:05.094000,0,1,2.0
1970-01-01 00:27:05.101200,0,1,2.0
1970-01-01 00:27:05.104800,1,0,2.0
1970-01-01 00:27:05.108400,1,0,2.0
1970-01-01 00:27:05.112000,0,0,2.0
1970-01-01 00:27:05.119200,1,0,2.0
1970-01-01 00:27:05.122800,1,0,2.0
1970-01-01 00:27:05.281200,1,0,2.0
1970-01-01 00:27:05.284800,1,0,2.0
1970-01-01 00:27:05.288400,1,0,2.0
1970-01-01 00:27:05.292000,1,0,2.0
1970-01-01 00:27:05.356800,1,0,2.0
1970-01-01 00:27:05.360400,1,0,2.0
1970-01-01 00:27:05.364000,1,0,2.0
1970-01-01 00:27:05.367600,1,0,2.0
1970-01-01 00:27:05.371200,1,0,2.0
1970-01-01 00:27:05.382000,0,1,2.0
1970-01-01 00:27:05.421600,0,1,2.0
1970-01-01 00:27:05.425200,0,1,2.0
1970-01-01 00:27:05.428800,0,1,2.0
1970-01-01 00:27:05.432400,0,1,2.0
1970-01-01 00:27:05.436000,0,1,2.0
1970-01-01 00:27:05.439600,0,1,2.0
1970-01-01 00:27:05.461200,0,1,2.0
1970-01-01 00:27:05.464800,0,1,2.0
1970-01-01 00:27:05.468400,0,1,2.0
1970-01-01 00:27:05.472000,0,1,2.0
1970-01-01 00:27:05.475600,0,1,2.0
1970-01-01 00:27:05.479200,0,1,2.0
1970-01-01 00:27:05.533200,1,0,2.0
1970-01-01 00:27:05.554800,0,1,2.0
1970-01-01 00:27:05.558400,0,1,2.0
1970-01-01 00:27:05.677200,0,1,2.0
1970-01-01 00:27:05.680800,0,1,2.0
1970-01-01 00:27:05.684400,0,1,2.0
1970-01-01 00:27:05.688000,0,1,2.0
1970-01-01 00:27:05.691600,0,1,2.0
1970-01-01 00:27:05.695200,0,1,2.0
1970-01-01 00:27:05.698800,0,1,2.0
1970-01-01 00:27:05.709600,0,1,2.0
1970-01-01 00:27:05.760000,0,1,2.0
1970-01-01 00:27:05.763600,0,1,2.0
1970-01-01 00:27:05.767200,0,1,2.0
1970-01-01 00:27:05.770800,0,1,2.0
1970-01-01 00:27:05.774400,0,1,2.0
1970-01-01 00:27:05.778000,0,1,2.0
1970-01-01 00:27:05.792400,1,0,2.0
1970-01-01 00:27:05.796000,1,0,2.0
1970-01-01 00:27:05.799600,1,0,2.0
1970-01-01 00:27:05.803200,1,0,2.0
1970-01-01 00:27:05.806800,1,0,2.0
1970-01-01 00:27:05.810400,1,0,2.0
1970-01-01 00:27:06.004800,1,0,2.0
1970-01-01 00:27:06.066000,0,1,2.0
1970-01-01 00:27:06.069600,0,1,2.0
1970-01-01 00:27:06.073200,0,1,2.0
1970-01-01 00:27:06.076800,0,1,2.0
1970-01-01 00:27:06.080400,0,1,2.0
1970-01-01 00:27:06.084000,0,1,2.0
1970-01-01 00:27:06.087600,0,1,2.0
1970-01-01 00:27:06.091200,0,1,2.0
1970-01-01 00:27:06.094800,0,1,2.0
1970-01-01 00:27:06.098400,0,1,2.0
1970-01-01 00:27:06.130800,0,1,2.0
1970-01-01 00:27:06.134400,0,1,2.0
1970-01-01 00:27:06.199200,0,1,2.0
1970-01-01 00:27:06.202800,0,1,2.0
1970-01-01 00:27:06.206400,0,1,2.0
1970-01-01 00:27:06.210000,0,1,2.0
1970-01-01 00:27:06.213600,0,1,2.0
1970-01-01 00:27:06.217200,0,1,2.0
1970-01-01 00:27:06.238800,1,0,2.0
1970-01-01 00:27:06.246000,1,0,2.0
1970-01-01 00:27:06.249600,1,0,2.0
1970-01-01 00:27:06.307200,0,1,2.0
1970-01-01 00:27:06.339600,0,1,2.0
1970-01-01 00:27:06.346800,0,1,2.0
1970-01-01 00:27:06.350400,0,1,2.0
1970-01-01 00:27:06.354000,0,1,2.0
1970-01-01 00:27:06.357600,0,1,2.0
1970-01-01 00:27:06.361200,0,1,2.0
1970-01-01 00:27:06.404400,0,1,2.0
1970-01-01 00:27:06.408000,0,1,2.0
1970-01-01 00:27:06.411600,0,1,2.0
1970-01-01 00:27:06.415200,0,1,2.0
1970-01-01 00:27:06.418800,0,1,2.0
1970-01-01 00:27:06.433200,1,0,2.0
1970-01-01 00:27:06.447600,0,1,2.0
1970-01-01 00:27:06.454800,0,1,2.0
1970-01-01 00:27:06.519600,1,0,2.0
1970-01-01 00:27:06.523200,1,0,2.0
1970-01-01 00:27:06.526800,1,0,2.0
1970-01-01 00:27:06.530400,1,0,2.0
1970-01-01 00:27:06.534000,1,0,2.0
1970-01-01 00:27:06.537600,1,0,2.0
1970-01-01 00:27:06.541200,1,0,2.0
1970-01-01 00:27:06.544800,1,0,2.0
1970-01-01 00:27:06.548400,0,1,2.0
1970-01-01 00:27:06.606000,0,1,2.0
1970-01-01 00:27:06.642000,0,1,2.0
1970-01-01 00:27:06.674400,0,1,2.0
1970-01-01 00:27:06.678000,0,1,2.0
1970-01-01 00:27:06.681600,0,1,2.0
1970-01-01 00:27:06.685200,0,1,2.0
1970-01-01 00:27:06.728400,0,1,2.0
1970-01-01 00:27:06.732000,0,1,2.0
1970-01-01 00:27:06.735600,0,1,2.0
1970-01-01 00:27:06.739200,0,1,2.0
1970-01-01 00:27:06.742800,0,1,2.0
1970-01-01 00:27:06.771600,1,0,2.0
1970-01-01 00:27:06.786000,1,0,2.0
1970-01-01 00:27:06.789600,1,0,2.0
1970-01-01 00:27:06.818400,1,0,2.0
1970-01-01 00:27:06.822000,1,0,2.0
1970-01-01 00:27:06.825600,1,0,2.0
1970-01-01 00:27:06.836400,1,0,2.0
1970-01-01 00:27:06.843600,1,0,2.0
1970-01-01 00:27:06.847200,1,0,2.0
1970-01-01 00:27:06.850800,1,0,2.0
1970-01-01 00:27:06.854400,1,0,2.0
1970-01-01 00:27:06.858000,1,0,2.0
1970-01-01 00:27:06.861600,1,0,2.0
1970-01-01 00:27:06.865200,1,0,2.0
1970-01-01 00:27:06.868800,1,0,2.0
1970-01-01 00:27:06.872400,1,0,2.0
1970-01-01 00:27:06.879600,0,1,2.0
1970-01-01 00:27:06.883200,0,1,2.0
1970-01-01 00:27:06.886800,0,1,2.0
1970-01-01 00:27:07.016400,0,1,2.0
1970-01-01 00:27:07.038000,0,1,2.0
1970-01-01 00:27:07.041600,0,1,2.0
1970-01-01 00:27:07.045200,0,1,2.0
1970-01-01 00:27:07.048800,0,1,2.0
1970-01-01 00:27:07.056000,1,0,2.0
1970-01-01 00:27:07.059600,1,0,2.0
1970-01-01 00:27:07.063200,1,0,2.0
1970-01-01 00:27:07.066800,1,0,2.0
1970-01-01 00:27:07.070400,1,0,2.0
1970-01-01 00:27:07.074000,1,0,2.0
1970-01-01 00:27:07.120800,1,0,2.0
1970-01-01 00:27:07.124400,1,0,2.0
1970-01-01 00:27:07.128000,1,0,2.0
1970-01-01 00:27:07.131600,1,0,2.0
1970-01-01 00:27:07.135200,1,0,2.0
1970-01-01 00:27:07.138800,1,0,2.0
1970-01-01 00:27:07.142400,0,1,2.0
1970-01-01 00:27:07.236000,1,0,2.0
1970-01-01 00:27:07.239600,1,0,2.0
1970-01-01 00:27:07.243200,1,0,2.0
1970-01-01 00:27:07.246800,1,0,2.0
1970-01-01 00:27:07.250400,1,0,2.0
1970-01-01 00:27:07.254000,1,0,2.0
1970-01-01 00:27:07.257600,1,0,2.0
1970-01-01 00:27:07.261200,1,0,2.0
1970-01-01 00:27:07.264800,1,0,2.0
1970-01-01 00:27:07.311600,0,1,2.0
1970-01-01 00:27:07.315200,0,1,2.0
1970-01-01 00:27:07.318800,0,1,2.0
1970-01-01 00:27:07.322400,0,1,2.0
1970-01-01 00:27:07.326000,0,1,2.0
1970-01-01 00:27:07.329600,0,1,2.0
1970-01-01 00:27:07.383600,0,1,2.0
1970-01-01 00:27:07.387200,0,1,2.0
1970-01-01 00:27:07.390800,0,1,2.0
1970-01-01 00:27:07.401600,1,0,2.0
1970-01-01 00:27:07.452000,1,0,2.0
1970-01-01 00:27:07.585200,1,0,2.0
1970-01-01 00:27:07.588800,1,0,2.0
1970-01-01 00:27:07.592400,1,0,2.0
1970-01-01 00:27:07.596000,1,0,2.0
1970-01-01 00:27:07.610400,0,1,2.0
1970-01-01 00:27:07.614000,0,1,2.0
1970-01-01 00:27:07.617600,0,1,2.0
1970-01-01 00:27:07.621200,0,1,2.0
1970-01-01 00:27:07.624800,0,1,2.0
1970-01-01 00:27:07.628400,0,1,2.0
1970-01-01 00:27:07.657200,1,0,2.0
1970-01-01 00:27:07.660800,1,0,2.0
1970-01-01 00:27:07.664400,1,0,2.0
1970-01-01 00:27:07.668000,1,0,2.0
1970-01-01 00:27:07.671600,1,0,2.0
1970-01-01 00:27:07.758000,1,0,2.0
1970-01-01 00:27:07.761600,1,0,2.0
1970-01-01 00:27:07.765200,1,0,2.0
1970-01-01 00:27:07.768800,1,0,2.0
1970-01-01 00:27:07.772400,1,0,2.0
1970-01-01 00:27:07.779600,1,0,2.0
1970-01-01 00:27:07.840800,0,1,2.0
1970-01-01 00:27:07.844400,0,1,2.0
1970-01-01 00:27:07.848000,0,1,2.0
1970-01-01 00:27:07.851600,0,1,2.0
1970-01-01 00:27:07.941600,0,1,2.0
1970-01-01 00:27:07.945200,0,1,2.0
1970-01-01 00:27:07.948800,0,1,2.0
1970-01-01 00:27:07.956000,0,1,2.0
1970-01-01 00:27:08.060400,1,0,2.0
1970-01-01 00:27:08.064000,1,0,2.0
1970-01-01 00:27:08.067600,1,0,2.0
1970-01-01 00:27:08.071200,1,0,2.0
1970-01-01 00:27:08.074800,1,0,2.0
1970-01-01 00:27:08.132400,0,1,2.0
1970-01-01 00:27:08.136000,0,1,2.0
1970-01-01 00:27:08.139600,0,1,2.0
1970-01-01 00:27:08.143200,0,1,2.0
1970-01-01 00:27:08.154000,1,0,2.0
1970-01-01 00:27:08.157600,1,0,2.0
1970-01-01 00:27:08.161200,1,0,2.0
1970-01-01 00:27:08.164800,1,0,2.0
1970-01-01 00:27:08.168400,1,0,2.0
1970-01-01 00:27:08.240400,1,0,2.0
1970-01-01 00:27:08.244000,1,0,2.0
1970-01-01 00:27:08.247600,1,0,2.0
1970-01-01 00:27:08.251200,1,0,2.0
1970-01-01 00:27:08.254800,1,0,2.0
1970-01-01 00:27:08.258400,1,0,2.0
1970-01-01 00:27:08.262000,1,0,2.0
1970-01-01 00:27:08.265600,1,0,2.0
1970-01-01 00:27:08.272800,1,0,2.0
1970-01-01 00:27:08.283600,1,0,2.0
1970-01-01 00:27:08.287200,1,0,2.0
1970-01-01 00:27:08.290800,1,0,2.0
1970-01-01 00:27:08.294400,1,0,2.0
1970-01-01 00:27:08.305200,1,0,2.0
1970-01-01 00:27:08.308800,1,0,2.0
1970-01-01 00:27:08.312400,1,0,2.0
1970-01-01 00:27:08.316000,1,0,2.0
1970-01-01 00:27:08.319600,1,0,2.0
1970-01-01 00:27:08.323200,1,0,2.0
1970-01-01 00:27:08.334000,1,0,2.0
1970-01-01 00:27:08.337600,1,0,2.0
1970-01-01 00:27:08.341200,1,0,2.0
1970-01-01 00:27:08.355600,1,0,2.0
1970-01-01 00:27:08.359200,1,0,2.0
1970-01-01 00:27:08.362800,1,0,2.0
1970-01-01 00:27:08.366400,1,0,2.0
1970-01-01 00:27:08.370000,1,0,2.0
1970-01-01 00:27:08.373600,1,0,2.0
1970-01-01 00:27:08.424000,0,1,2.0
1970-01-01 00:27:08.481600,1,0,2.0
1970-01-01 00:27:08.485200,1,0,2.0
1970-01-01 00:27:08.488800,1,0,2.0
1970-01-01 00:27:08.492400,1,0,2.0
1970-01-01 00:27:08.496000,1,0,2.0
1970-01-01 00:27:08.596800,0,1,2.0
1970-01-01 00:27:08.611200,1,0,2.0
1970-01-01 00:27:08.614800,1,0,2.0
1970-01-01 00:27:08.618400,1,0,2.0
1970-01-01 00:27:08.636400,1,0,2.0
1970-01-01 00:27:08.647200,1,0,2.0
1970-01-01 00:27:08.679600,1,0,2.0
1970-01-01 00:27:08.683200,1,0,2.0
1970-01-01 00:27:08.701200,0,1,2.0
1970-01-01 00:27:08.704800,0,1,2.0
1970-01-01 00:27:08.708400,0,1,2.0
1970-01-01 00:27:08.719200,1,0,2.0
1970-01-01 00:27:08.722800,1,0,2.0
1970-01-01 00:27:08.726400,1,0,2.0
1970-01-01 00:27:08.805600,1,0,2.0
1970-01-01 00:27:08.874000,1,0,2.0
1970-01-01 00:27:08.877600,1,0,2.0
1970-01-01 00:27:08.881200,1,0,2.0
1970-01-01 00:27:08.913600,0,0,2.0
1970-01-01 00:27:08.920800,0,1,2.0
1970-01-01 00:27:08.924400,0,1,2.0
1970-01-01 00:27:08.928000,0,1,2.0
1970-01-01 00:27:08.971200,1,0,2.0
1970-01-01 00:27:08.974800,1,0,2.0
1970-01-01 00:27:08.978400,1,0,2.0
1970-01-01 00:27:08.985600,1,0,2.0
1970-01-01 00:27:08.992800,0,1,2.0
1970-01-01 00:27:09.028800,1,0,2.0
1970-01-01 00:27:09.032400,1,0,2.0
1970-01-01 00:27:09.036000,1,0,2.0
1970-01-01 00:27:09.039600,1,0,2.0
1970-01-01 00:27:09.043200,1,0,2.0
1970-01-01 00:27:09.046800,1,0,2.0
1970-01-01 00:27:09.050400,1,0,2.0
1970-01-01 00:27:09.054000,1,0,2.0
1970-01-01 00:27:09.108000,0,1,2.0
1970-01-01 00:27:09.111600,0,1,2.0
1970-01-01 00:27:09.115200,0,1,2.0
1970-01-01 00:27:09.136800,0,1,2.0
1970-01-01 00:27:09.219600,0,1,2.0
1970-01-01 00:27:09.223200,0,1,2.0
1970-01-01 00:27:09.226800,0,1,2.0
1970-01-01 00:27:09.277200,1,0,2.0
1970-01-01 00:27:09.280800,1,0,2.0
1970-01-01 00:27:09.284400,1,0,2.0
1970-01-01 00:27:09.288000,1,0,2.0
1970-01-01 00:27:09.291600,1,0,2.0
1970-01-01 00:27:09.295200,1,0,2.0
1970-01-01 00:27:09.298800,0,1,2.0
1970-01-01 00:27:09.302400,0,1,2.0
1970-01-01 00:27:09.306000,0,1,2.0
1970-01-01 00:27:09.388800,1,0,2.0
1970-01-01 00:27:09.392400,1,0,2.0
1970-01-01 00:27:09.446400,1,0,2.0
1970-01-01 00:27:09.453600,1,0,2.0
1970-01-01 00:27:09.457200,1,0,2.0
1970-01-01 00:27:09.460800,1,0,2.0
1970-01-01 00:27:09.540000,0,1,2.0
1970-01-01 00:27:09.619200,0,1,2.0
1970-01-01 00:27:09.622800,0,1,2.0
1970-01-01 00:27:09.626400,0,1,2.0
1970-01-01 00:27:09.630000,0,1,2.0
1970-01-01 00:27:09.633600,0,1,2.0
1970-01-01 00:27:09.637200,0,1,2.0
1970-01-01 00:27:09.662400,1,0,2.0
1970-01-01 00:27:09.666000,1,0,2.0
1970-01-01 00:27:09.705600,0,1,2.0
1970-01-01 00:27:09.709200,0,1,2.0
1970-01-01 00:27:09.788400,0,1,2.0
1970-01-01 00:27:09.792000,0,1,2.0
1970-01-01 00:27:09.795600,0,1,2.0
1970-01-01 00:27:09.799200,0,1,2.0
1970-01-01 00:27:09.802800,0,1,2.0
1970-01-01 00:27:09.806400,0,1,2.0
1970-01-01 00:27:09.810000,0,1,2.0
1970-01-01 00:27:09.813600,0,1,2.0
1970-01-01 00:27:09.867600,0,1,2.0
1970-01-01 00:27:09.871200,0,1,2.0
1970-01-01 00:27:09.874800,0,1,2.0
1970-01-01 00:27:09.882000,1,0,2.0
1970-01-01 00:27:09.932400,0,1,2.0
1970-01-01 00:27:09.936000,0,1,2.0
1970-01-01 00:27:09.939600,0,1,2.0
1970-01-01 00:27:09.943200,0,1,2.0
1970-01-01 00:27:09.950400,0,1,2.0
1970-01-01 00:27:10.051200,1,0,2.0
1970-01-01 00:27:10.054800,1,0,2.0
1970-01-01 00:27:10.058400,1,0,2.0
1970-01-01 00:27:10.065600,1,0,2.0
1970-01-01 00:27:10.069200,1,0,2.0
1970-01-01 00:27:10.076400,1,0,2.0
1970-01-01 00:27:10.080000,1,0,2.0
1970-01-01 00:27:10.083600,1,0,2.0
1970-01-01 00:27:10.087200,1,0,2.0
1970-01-01 00:27:10.090800,1,0,2.0
1970-01-01 00:27:10.177200,1,0,2.0
1970-01-01 00:27:10.180800,1,0,2.0
1970-01-01 00:27:10.184400,0,0,2.0
1970-01-01 00:27:10.188000,1,0,2.0
1970-01-01 00:27:10.191600,0,0,2.0
1970-01-01 00:27:10.195200,0,1,2.0
1970-01-01 00:27:10.198800,0,1,2.0
1970-01-01 00:27:10.310400,0,1,2.0
1970-01-01 00:27:10.342800,0,1,2.0
1970-01-01 00:27:10.346400,0,1,2.0
1970-01-01 00:27:10.350000,0,1,2.0
1970-01-01 00:27:10.353600,0,1,2.0
1970-01-01 00:27:10.357200,0,1,2.0
1970-01-01 00:27:10.386000,1,0,2.0
1970-01-01 00:27:10.389600,1,0,2.0
1970-01-01 00:27:10.497600,1,0,2.0
1970-01-01 00:27:10.501200,1,0,2.0
1970-01-01 00:27:10.504800,1,0,2.0
1970-01-01 00:27:10.508400,1,0,2.0
1970-01-01 00:27:10.515600,1,0,2.0
1970-01-01 00:27:10.519200,1,0,2.0
1970-01-01 00:27:10.522800,1,0,2.0
1970-01-01 00:27:10.526400,1,0,2.0
1970-01-01 00:27:10.530000,1,0,2.0
1970-01-01 00:27:10.533600,1,0,2.0
1970-01-01 00:27:10.537200,1,0,2.0
1970-01-01 00:27:10.580400,0,1,2.0
1970-01-01 00:27:10.616400,0,1,2.0
1970-01-01 00:27:10.620000,0,1,2.0
1970-01-01 00:27:10.742400,1,0,2.0
1970-01-01 00:27:10.749600,1,0,2.0
1970-01-01 00:27:10.753200,1,0,2.0
1970-01-01 00:27:10.850400,1,0,2.0
1970-01-01 00:27:10.854000,1,0,2.0
1970-01-01 00:27:10.861200,1,0,2.0
1970-01-01 00:27:10.864800,1,0,2.0
1970-01-01 00:27:10.911600,0,0,2.0
1970-01-01 00:27:10.915200,0,0,2.0
1970-01-01 00:27:10.918800,0,1,2.0
1970-01-01 00:27:10.922400,0,1,2.0
1970-01-01 00:27:10.980000,0,1,2.0
1970-01-01 00:27:10.983600,0,1,2.0
1970-01-01 00:27:10.987200,0,1,2.0
1970-01-01 00:27:10.990800,0,1,2.0
1970-01-01 00:27:10.994400,0,1,2.0
1970-01-01 00:27:10.998000,0,1,2.0
1970-01-01 00:27:11.001600,0,1,2.0
1970-01-01 00:27:11.005200,0,1,2.0
1970-01-01 00:27:11.008800,0,1,2.0
1970-01-01 00:27:11.012400,0,1,2.0
1970-01-01 00:27:11.016000,0,1,2.0
1970-01-01 00:27:11.019600,0,1,2.0
1970-01-01 00:27:11.023200,1,0,2.0
1970-01-01 00:27:11.109600,1,0,2.0
1970-01-01 00:27:11.239200,0,1,2.0
1970-01-01 00:27:11.242800,0,1,2.0
1970-01-01 00:27:11.246400,0,1,2.0
1970-01-01 00:27:11.250000,0,1,2.0
1970-01-01 00:27:11.264400,0,1,2.0
1970-01-01 00:27:11.268000,0,1,2.0
1970-01-01 00:27:11.271600,0,1,2.0
1970-01-01 00:27:11.419200,1,0,2.0
1970-01-01 00:27:11.422800,1,0,2.0
1970-01-01 00:27:11.426400,1,0,2.0
1970-01-01 00:27:11.430000,1,0,2.0
1970-01-01 00:27:11.455200,0,1,2.0
1970-01-01 00:27:11.458800,0,1,2.0
1970-01-01 00:27:11.476800,1,0,2.0
1970-01-01 00:27:11.480400,1,0,2.0
1970-01-01 00:27:11.484000,0,1,2.0
1970-01-01 00:27:11.487600,0,1,2.0
1970-01-01 00:27:11.491200,0,1,2.0
1970-01-01 00:27:11.494800,0,1,2.0
1970-01-01 00:27:11.498400,0,1,2.0
1970-01-01 00:27:11.538000,0,1,2.0
1970-01-01 00:27:11.696400,1,0,2.0
1970-01-01 00:27:11.707200,1,0,2.0
1970-01-01 00:27:11.739600,0,1,2.0
1970-01-01 00:27:11.743200,0,1,2.0
1970-01-01 00:27:11.746800,0,1,2.0
1970-01-01 00:27:11.775600,0,1,2.0
1970-01-01 00:27:11.779200,0,1,2.0
1970-01-01 00:27:11.793600,0,1,2.0
1970-01-01 00:27:11.804400,0,1,2.0
1970-01-01 00:27:11.808000,0,1,2.0
1970-01-01 00:27:11.822400,1,0,2.0
1970-01-01 00:27:11.826000,1,0,2.0
1970-01-01 00:27:11.829600,1,0,2.0
1970-01-01 00:27:11.833200,1,0,2.0
1970-01-01 00:27:11.836800,1,0,2.0
1970-01-01 00:27:11.840400,1,0,2.0
1970-01-01 00:27:11.844000,1,0,2.0
1970-01-01 00:27:11.851200,0,1,2.0
1970-01-01 00:27:11.854800,0,1,2.0
1970-01-01 00:27:11.858400,0,1,2.0
1970-01-01 00:27:11.862000,0,1,2.0
1970-01-01 00:27:11.865600,0,1,2.0
1970-01-01 00:27:12.027600,0,1,2.0
1970-01-01 00:27:12.031200,0,1,2.0
1970-01-01 00:27:12.034800,0,1,2.0
1970-01-01 00:27:12.038400,0,1,2.0
1970-01-01 00:27:12.042000,0,1,2.0
1970-01-01 00:27:12.045600,0,1,2.0
1970-01-01 00:27:12.067200,0,1,2.0
1970-01-01 00:27:12.070800,0,1,2.0
1970-01-01 00:27:12.074400,0,1,2.0
1970-01-01 00:27:12.078000,0,1,2.0
1970-01-01 00:27:12.081600,0,1,2.0
1970-01-01 00:27:12.085200,0,1,2.0
1970-01-01 00:27:12.088800,0,1,2.0
1970-01-01 00:27:12.092400,0,1,2.0
1970-01-01 00:27:12.096000,0,1,2.0
1970-01-01 00:27:12.099600,0,1,2.0
1970-01-01 00:27:12.114000,0,1,2.0
1970-01-01 00:27:12.117600,0,1,2.0
1970-01-01 00:27:12.121200,0,1,2.0
1970-01-01 00:27:12.124800,0,1,2.0
1970-01-01 00:27:12.128400,0,1,2.0
1970-01-01 00:27:12.232800,0,1,2.0
1970-01-01 00:27:12.236400,0,1,2.0
1970-01-01 00:27:12.240000,0,1,2.0
1970-01-01 00:27:12.247200,0,1,2.0
1970-01-01 00:27:12.250800,0,1,2.0
1970-01-01 00:27:12.304800,1,0,2.0
1970-01-01 00:27:12.308400,1,0,2.0
1970-01-01 00:27:12.312000,1,0,2.0
1970-01-01 00:27:12.315600,1,0,2.0
1970-01-01 00:27:12.319200,1,0,2.0
1970-01-01 00:27:12.322800,1,0,2.0
1970-01-01 00:27:12.441600,0,1,2.0
1970-01-01 00:27:12.452400,0,1,2.0
1970-01-01 00:27:12.456000,0,1,2.0
1970-01-01 00:27:12.459600,0,1,2.0
1970-01-01 00:27:12.463200,0,1,2.0
1970-01-01 00:27:12.466800,0,1,2.0
1970-01-01 00:27:12.470400,0,1,2.0
1970-01-01 00:27:12.618000,0,1,2.0
1970-01-01 00:27:12.621600,0,1,2.0
1970-01-01 00:27:12.625200,0,1,2.0
1970-01-01 00:27:12.628800,0,1,2.0
1970-01-01 00:27:12.632400,0,1,2.0
1970-01-01 00:27:12.636000,0,1,2.0
1970-01-01 00:27:12.639600,1,0,2.0
1970-01-01 00:27:12.643200,1,0,2.0
1970-01-01 00:27:12.913200,0,1,2.0
1970-01-01 00:27:12.920400,0,1,2.0
1970-01-01 00:27:12.924000,0,1,2.0
1970-01-01 00:27:12.942000,1,0,2.0
1970-01-01 00:27:12.945600,1,0,2.0
1970-01-01 00:27:12.949200,1,0,2.0
1970-01-01 00:27:12.952800,1,0,2.0
1970-01-01 00:27:12.956400,1,0,2.0
1970-01-01 00:27:13.006800,1,0,2.0
1970-01-01 00:27:13.010400,1,0,2.0
1970-01-01 00:27:13.014000,1,0,2.0
1970-01-01 00:27:13.053600,1,0,2.0
1970-01-01 00:27:13.057200,1,0,2.0
1970-01-01 00:27:13.060800,1,0,2.0
1970-01-01 00:27:13.064400,1,0,2.0
1970-01-01 00:27:13.068000,1,0,2.0
1970-01-01 00:27:13.071600,1,0,2.0
1970-01-01 00:27:13.075200,1,0,2.0
1970-01-01 00:27:13.078800,1,0,2.0
1970-01-01 00:27:13.100400,1,0,2.0
1970-01-01 00:27:13.104000,1,0,2.0
1970-01-01 00:27:13.107600,1,0,2.0
1970-01-01 00:27:13.111200,1,0,2.0
1970-01-01 00:27:13.161600,1,0,2.0
1970-01-01 00:27:13.168800,1,0,2.0
1970-01-01 00:27:13.172400,1,0,2.0
1970-01-01 00:27:13.176000,1,0,2.0
1970-01-01 00:27:13.179600,1,0,2.0
1970-01-01 00:27:13.197600,0,1,2.0
1970-01-01 00:27:13.201200,0,1,2.0
1970-01-01 00:27:13.251600,1,0,2.0
1970-01-01 00:27:13.330800,1,0,2.0
1970-01-01 00:27:13.334400,1,0,2.0
1970-01-01 00:27:13.338000,1,0,2.0
1970-01-01 00:27:13.341600,1,0,2.0
1970-01-01 00:27:13.345200,1,0,2.0
1970-01-01 00:27:13.348800,1,0,2.0
1970-01-01 00:27:13.352400,0,1,2.0
1970-01-01 00:27:13.356000,1,0,2.0
1970-01-01 00:27:13.359600,1,0,2.0
1970-01-01 00:27:13.363200,1,0,2.0
1970-01-01 00:27:13.366800,1,0,2.0
1970-01-01 00:27:13.370400,1,0,2.0
1970-01-01 00:27:13.374000,1,0,2.0
1970-01-01 00:27:13.424400,1,0,2.0
1970-01-01 00:27:13.428000,1,0,2.0
1970-01-01 00:27:13.431600,1,0,2.0
1970-01-01 00:27:13.435200,1,0,2.0
1970-01-01 00:27:13.438800,1,0,2.0
1970-01-01 00:27:13.442400,1,0,2.0
1970-01-01 00:27:13.496400,0,1,2.0
1970-01-01 00:27:13.500000,0,1,2.0
1970-01-01 00:27:13.557600,0,1,2.0
1970-01-01 00:27:13.561200,0,1,2.0
1970-01-01 00:27:13.665600,1,0,2.0
1970-01-01 00:27:13.852800,0,1,2.0
1970-01-01 00:27:13.863600,0,1,2.0
1970-01-01 00:27:13.878000,0,1,2.0
1970-01-01 00:27:13.881600,0,1,2.0
1970-01-01 00:27:13.885200,0,1,2.0
1970-01-01 00:27:13.888800,0,1,2.0
1970-01-01 00:27:13.892400,0,1,2.0
1970-01-01 00:27:13.896000,0,1,2.0
1970-01-01 00:27:13.957200,0,1,2.0
1970-01-01 00:27:13.960800,0,1,2.0
1970-01-01 00:27:13.964400,0,1,2.0
1970-01-01 00:27:13.968000,0,1,2.0
1970-01-01 00:27:13.993200,0,1,2.0
1970-01-01 00:27:14.022000,0,1,2.0
1970-01-01 00:27:14.025600,0,1,2.0
1970-01-01 00:27:14.090400,0,1,2.0
1970-01-01 00:27:14.094000,0,1,2.0
1970-01-01 00:27:14.097600,0,1,2.0
1970-01-01 00:27:14.140800,1,0,2.0
1970-01-01 00:27:14.148000,1,0,2.0
1970-01-01 00:27:14.151600,1,0,2.0
1970-01-01 00:27:14.155200,1,0,2.0
1970-01-01 00:27:14.158800,1,0,2.0
1970-01-01 00:27:14.234400,0,1,2.0
1970-01-01 00:27:14.266800,0,1,2.0
1970-01-01 00:27:14.274000,0,1,2.0
1970-01-01 00:27:14.299200,1,0,2.0
1970-01-01 00:27:14.302800,1,0,2.0
1970-01-01 00:27:14.306400,1,0,2.0
1970-01-01 00:27:14.310000,1,0,2.0
1970-01-01 00:27:14.454000,1,0,2.0
1970-01-01 00:27:14.479200,0,1,2.0
1970-01-01 00:27:14.482800,0,1,2.0
1970-01-01 00:27:14.486400,0,1,2.0
1970-01-01 00:27:14.490000,0,1,2.0
1970-01-01 00:27:14.493600,0,1,2.0
1970-01-01 00:27:14.500800,1,0,2.0
1970-01-01 00:27:14.522400,1,0,2.0
1970-01-01 00:27:14.526000,1,0,2.0
1970-01-01 00:27:14.529600,1,0,2.0
1970-01-01 00:27:14.533200,1,0,2.0
1970-01-01 00:27:14.536800,1,0,2.0
1970-01-01 00:27:14.540400,1,0,2.0
1970-01-01 00:27:14.544000,1,0,2.0
1970-01-01 00:27:14.713200,1,0,2.0
1970-01-01 00:27:14.716800,1,0,2.0
1970-01-01 00:27:14.720400,1,0,2.0
1970-01-01 00:27:14.724000,1,0,2.0
1970-01-01 00:27:14.727600,1,0,2.0
1970-01-01 00:27:14.731200,1,0,2.0
1970-01-01 00:27:14.734800,1,0,2.0
1970-01-01 00:27:14.738400,1,0,2.0
1970-01-01 00:27:14.806800,0,1,2.0
1970-01-01 00:27:14.810400,0,1,2.0
1970-01-01 00:27:14.817600,0,1,2.0
1970-01-01 00:27:14.886000,0,1,2.0
1970-01-01 00:27:14.889600,0,1,2.0
1970-01-01 00:27:14.893200,0,1,2.0
1970-01-01 00:27:14.896800,0,1,2.0
1970-01-01 00:27:14.900400,0,1,2.0
1970-01-01 00:27:14.904000,0,1,2.0
1970-01-01 00:27:14.911200,1,0,2.0
1970-01-01 00:27:14.914800,1,0,2.0
1970-01-01 00:27:14.918400,1,0,2.0
1970-01-01 00:27:14.922000,1,0,2.0
1970-01-01 00:27:14.925600,1,0,2.0
1970-01-01 00:27:15.051600,1,0,2.0
1970-01-01 00:27:15.055200,1,0,2.0
1970-01-01 00:27:15.058800,1,0,2.0
1970-01-01 00:27:15.062400,1,0,2.0
1970-01-01 00:27:15.066000,1,0,2.0
1970-01-01 00:27:15.069600,1,0,2.0
1970-01-01 00:27:15.073200,0,1,2.0
1970-01-01 00:27:15.087600,1,0,2.0
1970-01-01 00:27:15.094800,1,0,2.0
1970-01-01 00:27:15.220800,1,0,2.0
1970-01-01 00:27:15.224400,1,0,2.0
1970-01-01 00:27:15.228000,1,0,2.0
1970-01-01 00:27:15.264000,0,1,2.0
1970-01-01 00:27:15.267600,0,1,2.0
1970-01-01 00:27:15.271200,0,1,2.0
1970-01-01 00:27:15.274800,0,1,2.0
1970-01-01 00:27:15.278400,0,1,2.0
1970-01-01 00:27:15.300000,0,1,2.0
1970-01-01 00:27:15.303600,0,1,2.0
1970-01-01 00:27:15.307200,0,1,2.0
1970-01-01 00:27:15.310800,0,1,2.0
1970-01-01 00:27:15.314400,0,1,2.0
1970-01-01 00:27:15.318000,0,1,2.0
1970-01-01 00:27:15.375600,1,0,2.0
1970-01-01 00:27:15.379200,1,0,2.0
1970-01-01 00:27:15.382800,1,0,2.0
1970-01-01 00:27:15.386400,1,0,2.0
1970-01-01 00:27:15.390000,1,0,2.0
1970-01-01 00:27:15.393600,1,0,2.0
1970-01-01 00:27:15.397200,1,0,2.0
1970-01-01 00:27:15.400800,1,0,2.0
1970-01-01 00:27:15.404400,0,1,2.0
1970-01-01 00:27:15.580800,0,1,2.0
1970-01-01 00:27:15.584400,0,1,2.0
1970-01-01 00:27:15.588000,0,1,2.0
1970-01-01 00:27:15.591600,0,1,2.0
1970-01-01 00:27:15.663600,0,1,2.0
1970-01-01 00:27:15.685200,1,0,2.0
1970-01-01 00:27:15.688800,1,0,2.0
1970-01-01 00:27:15.692400,1,0,2.0
1970-01-01 00:27:15.696000,1,0,2.0
1970-01-01 00:27:15.699600,1,0,2.0
1970-01-01 00:27:15.814800,1,0,2.0
1970-01-01 00:27:15.922800,0,1,2.0
1970-01-01 00:27:15.926400,0,1,2.0
1970-01-01 00:27:15.930000,0,1,2.0
1970-01-01 00:27:15.933600,0,1,2.0
1970-01-01 00:27:15.937200,0,1,2.0
1970-01-01 00:27:15.998400,0,1,2.0
1970-01-01 00:27:16.016400,0,1,2.0
1970-01-01 00:27:16.020000,0,1,2.0
1970-01-01 00:27:16.023600,0,1,2.0
1970-01-01 00:27:16.027200,0,1,2.0
1970-01-01 00:27:16.077600,1,0,2.0
1970-01-01 00:27:16.088400,1,0,2.0
1970-01-01 00:27:16.092000,1,0,2.0
1970-01-01 00:27:16.095600,1,0,2.0
1970-01-01 00:27:16.099200,0,1,2.0
1970-01-01 00:27:16.171200,0,1,2.0
1970-01-01 00:27:16.174800,0,1,2.0
1970-01-01 00:27:16.178400,0,1,2.0
1970-01-01 00:27:16.182000,0,1,2.0
1970-01-01 00:27:16.286400,1,0,2.0
1970-01-01 00:27:16.315200,1,0,2.0
1970-01-01 00:27:16.326000,1,0,2.0
1970-01-01 00:27:16.329600,1,0,2.0
1970-01-01 00:27:16.336800,1,0,2.0
1970-01-01 00:27:16.340400,1,0,2.0
1970-01-01 00:27:16.344000,1,0,2.0
1970-01-01 00:27:16.347600,1,0,2.0
1970-01-01 00:27:16.351200,1,0,2.0
1970-01-01 00:27:16.354800,1,0,2.0
1970-01-01 00:27:16.358400,0,1,2.0
1970-01-01 00:27:16.549200,0,1,2.0
1970-01-01 00:27:16.552800,0,1,2.0
1970-01-01 00:27:16.556400,0,1,2.0
1970-01-01 00:27:16.560000,0,1,2.0
1970-01-01 00:27:16.563600,0,1,2.0
1970-01-01 00:27:16.567200,0,1,2.0
1970-01-01 00:27:16.570800,0,1,2.0
1970-01-01 00:27:16.574400,0,1,2.0
1970-01-01 00:27:16.578000,1,0,2.0
1970-01-01 00:27:16.686000,0,1,2.0
1970-01-01 00:27:16.689600,0,1,2.0
1970-01-01 00:27:16.693200,0,1,2.0
1970-01-01 00:27:16.696800,0,1,2.0
1970-01-01 00:27:16.700400,0,1,2.0
1970-01-01 00:27:16.704000,0,1,2.0
1970-01-01 00:27:16.855200,1,0,2.0
1970-01-01 00:27:16.858800,1,0,2.0
1970-01-01 00:27:16.862400,1,0,2.0
1970-01-01 00:27:16.866000,1,0,2.0
1970-01-01 00:27:16.869600,1,0,2.0
1970-01-01 00:27:16.873200,1,0,2.0
1970-01-01 00:27:16.876800,0,1,2.0
1970-01-01 00:27:16.966800,0,1,2.0
1970-01-01 00:27:16.970400,0,1,2.0
1970-01-01 00:27:16.974000,0,1,2.0
1970-01-01 00:27:16.977600,0,1,2.0
1970-01-01 00:27:16.981200,0,1,2.0
1970-01-01 00:27:16.999200,0,1,2.0
1970-01-01 00:27:17.002800,0,1,2.0
1970-01-01 00:27:17.006400,0,1,2.0
1970-01-01 00:27:17.010000,0,1,2.0
1970-01-01 00:27:17.013600,0,1,2.0
1970-01-01 00:27:17.017200,0,1,2.0
1970-01-01 00:27:17.035200,0,1,2.0
1970-01-01 00:27:17.038800,0,1,2.0
1970-01-01 00:27:17.042400,0,1,2.0
1970-01-01 00:27:17.046000,0,1,2.0
1970-01-01 00:27:17.200800,0,1,2.0
1970-01-01 00:27:17.204400,0,1,2.0
1970-01-01 00:27:17.222400,0,1,2.0
1970-01-01 00:27:17.226000,0,1,2.0
1970-01-01 00:27:17.229600,0,1,2.0
1970-01-01 00:27:17.233200,0,1,2.0
1970-01-01 00:27:17.236800,0,1,2.0
1970-01-01 00:27:17.240400,0,1,2.0
1970-01-01 00:27:17.305200,1,0,2.0
1970-01-01 00:27:17.308800,1,0,2.0
1970-01-01 00:27:17.312400,1,0,2.0
1970-01-01 00:27:17.316000,1,0,2.0
1970-01-01 00:27:17.319600,1,0,2.0
1970-01-01 00:27:17.323200,1,0,2.0
1970-01-01 00:27:17.398800,0,1,2.0
1970-01-01 00:27:17.402400,0,1,2.0
1970-01-01 00:27:17.406000,0,1,2.0
1970-01-01 00:27:17.409600,0,1,2.0
1970-01-01 00:27:17.413200,0,1,2.0
1970-01-01 00:27:17.416800,0,1,2.0
1970-01-01 00:27:17.420400,1,0,2.0
1970-01-01 00:27:17.424000,1,0,2.0
1970-01-01 00:27:17.427600,1,0,2.0
1970-01-01 00:27:17.445600,0,1,2.0
1970-01-01 00:27:17.517600,0,1,2.0
1970-01-01 00:27:17.524800,0,1,2.0
1970-01-01 00:27:17.528400,0,1,2.0
1970-01-01 00:27:17.532000,0,1,2.0
1970-01-01 00:27:17.535600,0,1,2.0
1970-01-01 00:27:17.586000,0,1,2.0
1970-01-01 00:27:17.647200,1,0,2.0
1970-01-01 00:27:17.650800,1,0,2.0
1970-01-01 00:27:17.654400,1,0,2.0
1970-01-01 00:27:17.658000,1,0,2.0
1970-01-01 00:27:17.665200,1,0,2.0
1970-01-01 00:27:17.668800,1,0,2.0
1970-01-01 00:27:17.726400,0,1,2.0
1970-01-01 00:27:17.730000,0,1,2.0
1970-01-01 00:27:17.737200,0,1,2.0
1970-01-01 00:27:17.740800,0,1,2.0
1970-01-01 00:27:17.744400,0,1,2.0
1970-01-01 00:27:17.820000,1,0,2.0
1970-01-01 00:27:17.823600,1,0,2.0
1970-01-01 00:27:17.827200,1,0,2.0
1970-01-01 00:27:17.830800,1,0,2.0
1970-01-01 00:27:17.838000,1,0,2.0
1970-01-01 00:27:17.863200,0,1,2.0
1970-01-01 00:27:17.892000,0,1,2.0
1970-01-01 00:27:17.895600,0,1,2.0
1970-01-01 00:27:17.899200,0,1,2.0
1970-01-01 00:27:17.902800,0,1,2.0
1970-01-01 00:27:17.906400,0,1,2.0
1970-01-01 00:27:17.910000,0,1,2.0
1970-01-01 00:27:18.039600,0,1,2.0
1970-01-01 00:27:18.046800,0,1,2.0
1970-01-01 00:27:18.050400,0,1,2.0
1970-01-01 00:27:18.054000,0,1,2.0
1970-01-01 00:27:18.057600,0,1,2.0
1970-01-01 00:27:18.115200,1,0,2.0
1970-01-01 00:27:18.118800,1,0,2.0
1970-01-01 00:27:18.122400,1,0,2.0
1970-01-01 00:27:18.126000,1,0,2.0
1970-01-01 00:27:18.129600,1,0,2.0
1970-01-01 00:27:18.169200,1,0,2.0
1970-01-01 00:27:18.172800,1,0,2.0
1970-01-01 00:27:18.176400,1,0,2.0
1970-01-01 00:27:18.180000,1,0,2.0
1970-01-01 00:27:18.183600,1,0,2.0
1970-01-01 00:27:18.187200,1,0,2.0
1970-01-01 00:27:18.367200,0,1,2.0
1970-01-01 00:27:18.370800,0,1,2.0
1970-01-01 00:27:18.374400,0,1,2.0
1970-01-01 00:27:18.378000,0,1,2.0
1970-01-01 00:27:18.381600,0,1,2.0
1970-01-01 00:27:18.399600,0,1,2.0
1970-01-01 00:27:18.410400,1,0,2.0
1970-01-01 00:27:18.414000,1,0,2.0
1970-01-01 00:27:18.417600,1,0,2.0
1970-01-01 00:27:18.421200,1,0,2.0
1970-01-01 00:27:18.424800,1,0,2.0
1970-01-01 00:27:18.428400,1,0,2.0
1970-01-01 00:27:18.432000,0,1,2.0
1970-01-01 00:27:18.522000,0,1,2.0
1970-01-01 00:27:18.525600,0,1,2.0
1970-01-01 00:27:18.529200,0,1,2.0
1970-01-01 00:27:18.532800,0,1,2.0
1970-01-01 00:27:18.536400,0,1,2.0
1970-01-01 00:27:18.540000,0,1,2.0
1970-01-01 00:27:18.543600,0,1,2.0
1970-01-01 00:27:18.554400,0,1,2.0
1970-01-01 00:27:18.565200,0,1,2.0
1970-01-01 00:27:18.568800,0,1,2.0
1970-01-01 00:27:18.572400,0,1,2.0
1970-01-01 00:27:18.576000,0,1,2.0
1970-01-01 00:27:18.579600,0,1,2.0
1970-01-01 00:27:18.583200,0,1,2.0
1970-01-01 00:27:18.586800,0,1,2.0
1970-01-01 00:27:18.590400,0,1,2.0
1970-01-01 00:27:18.691200,0,1,2.0
1970-01-01 00:27:18.694800,0,1,2.0
1970-01-01 00:27:18.698400,0,1,2.0
1970-01-01 00:27:18.702000,0,1,2.0
1970-01-01 00:27:18.705600,0,1,2.0
1970-01-01 00:27:18.709200,0,1,2.0
1970-01-01 00:27:18.759600,0,1,2.0
1970-01-01 00:27:18.763200,0,1,2.0
1970-01-01 00:27:18.781200,1,0,2.0
1970-01-01 00:27:18.784800,1,0,2.0
1970-01-01 00:27:18.943200,0,1,2.0
1970-01-01 00:27:18.946800,0,1,2.0
1970-01-01 00:27:18.950400,0,1,2.0
1970-01-01 00:27:19.040400,0,1,2.0
1970-01-01 00:27:19.044000,0,1,2.0
1970-01-01 00:27:19.051200,0,1,2.0
1970-01-01 00:27:19.054800,0,1,2.0
1970-01-01 00:27:19.119600,1,0,2.0
1970-01-01 00:27:19.123200,1,0,2.0
1970-01-01 00:27:19.141200,0,1,2.0
1970-01-01 00:27:19.306800,1,0,2.0
1970-01-01 00:27:19.310400,1,0,2.0
1970-01-01 00:27:19.314000,1,0,2.0
1970-01-01 00:27:19.317600,1,0,2.0
1970-01-01 00:27:19.321200,1,0,2.0
1970-01-01 00:27:19.335600,0,1,2.0
1970-01-01 00:27:19.339200,0,1,2.0
1970-01-01 00:27:19.342800,0,1,2.0
1970-01-01 00:27:19.346400,0,1,2.0
1970-01-01 00:27:19.350000,0,1,2.0
1970-01-01 00:27:19.353600,0,1,2.0
1970-01-01 00:27:19.386000,0,1,2.0
1970-01-01 00:27:19.389600,0,1,2.0
1970-01-01 00:27:19.393200,0,1,2.0
1970-01-01 00:27:19.396800,0,1,2.0
1970-01-01 00:27:19.400400,0,1,2.0
1970-01-01 00:27:19.404000,0,1,2.0
1970-01-01 00:27:19.454400,1,0,2.0
1970-01-01 00:27:19.458000,1,0,2.0
1970-01-01 00:27:19.461600,1,0,2.0
1970-01-01 00:27:19.465200,1,0,2.0
1970-01-01 00:27:19.468800,1,0,2.0
1970-01-01 00:27:19.472400,1,0,2.0
1970-01-01 00:27:19.476000,1,0,2.0
1970-01-01 00:27:19.479600,0,1,2.0
1970-01-01 00:27:19.483200,0,1,2.0
1970-01-01 00:27:19.558800,0,1,2.0
1970-01-01 00:27:19.562400,0,1,2.0
1970-01-01 00:27:19.573200,0,0,2.0
1970-01-01 00:27:19.576800,0,0,2.0
1970-01-01 00:27:19.580400,1,0,2.0
1970-01-01 00:27:19.584000,1,0,2.0
1970-01-01 00:27:19.587600,1,0,2.0
1970-01-01 00:27:19.652400,0,1,2.0
1970-01-01 00:27:19.659600,0,1,2.0
1970-01-01 00:27:19.663200,0,1,2.0
1970-01-01 00:27:19.666800,0,1,2.0
1970-01-01 00:27:19.717200,0,1,2.0
1970-01-01 00:27:19.720800,0,1,2.0
1970-01-01 00:27:19.728000,0,1,2.0
1970-01-01 00:27:19.731600,0,1,2.0
1970-01-01 00:27:19.735200,0,1,2.0
1970-01-01 00:27:19.738800,0,1,2.0
1970-01-01 00:27:19.742400,0,1,2.0
1970-01-01 00:27:19.746000,0,1,2.0
1970-01-01 00:27:19.749600,1,0,2.0
1970-01-01 00:27:19.875600,1,0,2.0
1970-01-01 00:27:19.965600,0,1,2.0
1970-01-01 00:27:19.969200,0,1,2.0
1970-01-01 00:27:19.972800,0,1,2.0
1970-01-01 00:27:19.976400,0,1,2.0
1970-01-01 00:27:19.980000,0,1,2.0
1970-01-01 00:27:19.983600,0,1,2.0
1970-01-01 00:27:19.987200,0,1,2.0
1970-01-01 00:27:20.005200,1,0,2.0
1970-01-01 00:27:20.012400,1,0,2.0
1970-01-01 00:27:20.019600,1,0,2.0
1970-01-01 00:27:20.163600,1,0,2.0
1970-01-01 00:27:20.167200,1,0,2.0
1970-01-01 00:27:20.170800,1,0,2.0
1970-01-01 00:27:20.174400,1,0,2.0
1970-01-01 00:27:20.257200,1,0,2.0
1970-01-01 00:27:20.260800,1,0,2.0
1970-01-01 00:27:20.264400,1,0,2.0
1970-01-01 00:27:20.268000,1,0,2.0
1970-01-01 00:27:20.271600,1,0,2.0
1970-01-01 00:27:20.275200,1,0,2.0
1970-01-01 00:27:20.325600,1,0,2.0
1970-01-01 00:27:20.329200,1,0,2.0
1970-01-01 00:27:20.332800,1,0,2.0
1970-01-01 00:27:20.336400,1,0,2.0
1970-01-01 00:27:20.340000,1,0,2.0
1970-01-01 00:27:20.343600,1,0,2.0
1970-01-01 00:27:20.347200,1,0,2.0
1970-01-01 00:27:20.350800,1,0,2.0
1970-01-01 00:27:20.354400,1,0,2.0
1970-01-01 00:27:20.358000,1,0,2.0
1970-01-01 00:27:20.368800,0,1,2.0
1970-01-01 00:27:20.466000,0,1,2.0
1970-01-01 00:27:20.469600,0,1,2.0
1970-01-01 00:27:20.473200,0,1,2.0
1970-01-01 00:27:20.480400,0,1,2.0
1970-01-01 00:27:20.592000,1,0,2.0
1970-01-01 00:27:20.624400,0,1,2.0
1970-01-01 00:27:20.628000,0,1,2.0
1970-01-01 00:27:20.631600,0,1,2.0
1970-01-01 00:27:20.635200,0,1,2.0
1970-01-01 00:27:20.638800,0,1,2.0
1970-01-01 00:27:20.642400,0,1,2.0
1970-01-01 00:27:20.646000,0,1,2.0
1970-01-01 00:27:20.649600,0,1,2.0
1970-01-01 00:27:20.689200,0,1,2.0
1970-01-01 00:27:20.692800,0,1,2.0
1970-01-01 00:27:20.696400,0,1,2.0
1970-01-01 00:27:20.757600,0,1,2.0
1970-01-01 00:27:20.761200,0,1,2.0
1970-01-01 00:27:20.764800,0,1,2.0
1970-01-01 00:27:20.768400,0,1,2.0
1970-01-01 00:27:20.800800,0,1,2.0
1970-01-01 00:27:20.916000,1,0,2.0
1970-01-01 00:27:20.919600,1,0,2.0
1970-01-01 00:27:20.926800,1,0,2.0
1970-01-01 00:27:20.952000,0,1,2.0
1970-01-01 00:27:20.955600,0,1,2.0
1970-01-01 00:27:20.959200,0,1,2.0
1970-01-01 00:27:20.962800,0,1,2.0
1970-01-01 00:27:20.966400,0,1,2.0
1970-01-01 00:27:20.970000,0,1,2.0
1970-01-01 00:27:20.973600,0,1,2.0
1970-01-01 00:27:20.977200,1,0,2.0
1970-01-01 00:27:20.980800,1,0,2.0
1970-01-01 00:27:21.117600,1,0,2.0
1970-01-01 00:27:21.121200,1,0,2.0
1970-01-01 00:27:21.124800,1,0,2.0
1970-01-01 00:27:21.128400,1,0,2.0
1970-01-01 00:27:21.132000,1,0,2.0
1970-01-01 00:27:21.160800,0,1,2.0
1970-01-01 00:27:21.164400,0,1,2.0
1970-01-01 00:27:21.204000,0,1,2.0
1970-01-01 00:27:21.207600,0,1,2.0
1970-01-01 00:27:21.211200,0,1,2.0
1970-01-01 00:27:21.214800,0,1,2.0
1970-01-01 00:27:21.218400,0,1,2.0
1970-01-01 00:27:21.297600,0,1,2.0
1970-01-01 00:27:21.301200,0,1,2.0
1970-01-01 00:27:21.304800,0,1,2.0
1970-01-01 00:27:21.308400,0,1,2.0
1970-01-01 00:27:21.312000,0,1,2.0
1970-01-01 00:27:21.387600,0,1,2.0
1970-01-01 00:27:21.391200,0,1,2.0
1970-01-01 00:27:21.394800,0,1,2.0
1970-01-01 00:27:21.398400,0,1,2.0
1970-01-01 00:27:21.402000,0,1,2.0
1970-01-01 00:27:21.405600,0,1,2.0
1970-01-01 00:27:21.502800,0,1,2.0
1970-01-01 00:27:21.506400,0,1,2.0
1970-01-01 00:27:21.510000,0,1,2.0
1970-01-01 00:27:21.513600,0,1,2.0
1970-01-01 00:27:21.517200,0,1,2.0
1970-01-01 00:27:21.520800,0,1,2.0
1970-01-01 00:27:21.546000,0,1,2.0
1970-01-01 00:27:21.632400,0,1,2.0
1970-01-01 00:27:21.636000,0,1,2.0
1970-01-01 00:27:21.639600,0,1,2.0
1970-01-01 00:27:21.643200,0,1,2.0
1970-01-01 00:27:21.646800,0,1,2.0
1970-01-01 00:27:21.650400,0,1,2.0
1970-01-01 00:27:21.654000,0,1,2.0
1970-01-01 00:27:21.657600,0,1,2.0
1970-01-01 00:27:21.664800,1,0,2.0
1970-01-01 00:27:21.668400,1,0,2.0
1970-01-01 00:27:21.672000,1,0,2.0
1970-01-01 00:27:21.733200,1,0,2.0
1970-01-01 00:27:21.736800,1,0,2.0
1970-01-01 00:27:21.740400,1,0,2.0
1970-01-01 00:27:21.794400,0,1,2.0
1970-01-01 00:27:21.798000,0,1,2.0
1970-01-01 00:27:21.801600,0,1,2.0
1970-01-01 00:27:21.805200,0,1,2.0
1970-01-01 00:27:21.808800,0,1,2.0
1970-01-01 00:27:21.812400,0,1,2.0
1970-01-01 00:27:21.816000,0,1,2.0
1970-01-01 00:27:21.819600,0,1,2.0
1970-01-01 00:27:21.877200,1,0,2.0
1970-01-01 00:27:21.880800,1,0,2.0
1970-01-01 00:27:21.884400,1,0,2.0
1970-01-01 00:27:21.888000,1,0,2.0
1970-01-01 00:27:21.891600,1,0,2.0
1970-01-01 00:27:21.895200,1,0,2.0
1970-01-01 00:27:21.898800,0,1,2.0
1970-01-01 00:27:21.970800,1,0,2.0
1970-01-01 00:27:21.974400,1,0,2.0
1970-01-01 00:27:21.978000,1,0,2.0
1970-01-01 00:27:21.981600,1,0,2.0
1970-01-01 00:27:21.985200,1,0,2.0
1970-01-01 00:27:22.017600,1,0,2.0
1970-01-01 00:27:22.021200,1,0,2.0
1970-01-01 00:27:22.024800,1,0,2.0
1970-01-01 00:27:22.028400,1,0,2.0
1970-01-01 00:27:22.032000,1,0,2.0
1970-01-01 00:27:22.035600,1,0,2.0
1970-01-01 00:27:22.039200,1,0,2.0
1970-01-01 00:27:22.042800,1,0,2.0
1970-01-01 00:27:22.064400,0,1,2.0
1970-01-01 00:27:22.071600,0,1,2.0
1970-01-01 00:27:22.075200,0,1,2.0
1970-01-01 00:27:22.078800,0,1,2.0
1970-01-01 00:27:22.082400,0,1,2.0
1970-01-01 00:27:22.093200,1,0,2.0
1970-01-01 00:27:22.096800,1,0,2.0
1970-01-01 00:27:22.100400,1,0,2.0
1970-01-01 00:27:22.104000,1,0,2.0
1970-01-01 00:27:22.111200,1,0,2.0
1970-01-01 00:27:22.114800,1,0,2.0
1970-01-01 00:27:22.118400,1,0,2.0
1970-01-01 00:27:22.122000,1,0,2.0
1970-01-01 00:27:22.125600,1,0,2.0
1970-01-01 00:27:22.129200,1,0,2.0
1970-01-01 00:27:22.276800,0,1,2.0
1970-01-01 00:27:22.280400,0,1,2.0
1970-01-01 00:27:22.366800,0,1,2.0
1970-01-01 00:27:22.370400,0,1,2.0
1970-01-01 00:27:22.374000,0,1,2.0
1970-01-01 00:27:22.377600,0,1,2.0
1970-01-01 00:27:22.453200,1,0,2.0
1970-01-01 00:27:22.485600,0,1,2.0
1970-01-01 00:27:22.489200,0,1,2.0
1970-01-01 00:27:22.554000,0,1,2.0
1970-01-01 00:27:22.557600,0,1,2.0
1970-01-01 00:27:22.561200,0,1,2.0
1970-01-01 00:27:22.564800,0,1,2.0
1970-01-01 00:27:22.568400,0,1,2.0
1970-01-01 00:27:22.572000,0,1,2.0
1970-01-01 00:27:22.579200,1,0,2.0
1970-01-01 00:27:22.680000,1,0,2.0
1970-01-01 00:27:22.687200,0,1,2.0
1970-01-01 00:27:22.690800,0,1,2.0
1970-01-01 00:27:22.694400,0,1,2.0
1970-01-01 00:27:22.698000,0,1,2.0
1970-01-01 00:27:22.701600,0,1,2.0
1970-01-01 00:27:22.705200,0,1,2.0
1970-01-01 00:27:22.708800,0,1,2.0
1970-01-01 00:27:22.712400,0,1,2.0
1970-01-01 00:27:22.716000,0,1,2.0
1970-01-01 00:27:22.723200,0,1,2.0
1970-01-01 00:27:22.777200,0,1,2.0
1970-01-01 00:27:22.780800,0,1,2.0
1970-01-01 00:27:22.784400,0,1,2.0
1970-01-01 00:27:22.788000,0,1,2.0
1970-01-01 00:27:22.791600,0,1,2.0
1970-01-01 00:27:22.795200,0,1,2.0
1970-01-01 00:27:22.809600,0,1,2.0
1970-01-01 00:27:22.813200,0,1,2.0
1970-01-01 00:27:22.816800,0,1,2.0
1970-01-01 00:27:22.820400,0,1,2.0
1970-01-01 00:27:22.824000,0,1,2.0
1970-01-01 00:27:22.827600,0,1,2.0
1970-01-01 00:27:22.874400,1,0,2.0
1970-01-01 00:27:22.993200,0,1,2.0
1970-01-01 00:27:22.996800,0,1,2.0
1970-01-01 00:27:23.000400,0,1,2.0
1970-01-01 00:27:23.004000,0,1,2.0
1970-01-01 00:27:23.007600,0,1,2.0
1970-01-01 00:27:23.011200,0,1,2.0
1970-01-01 00:27:23.025600,1,0,2.0
1970-01-01 00:27:23.029200,1,0,2.0
1970-01-01 00:27:23.032800,1,0,2.0
1970-01-01 00:27:23.040000,1,0,2.0
1970-01-01 00:27:23.090400,1,0,2.0
1970-01-01 00:27:23.094000,1,0,2.0
1970-01-01 00:27:23.097600,1,0,2.0
1970-01-01 00:27:23.104800,1,0,2.0
1970-01-01 00:27:23.108400,1,0,2.0
1970-01-01 00:27:23.176800,1,0,2.0
1970-01-01 00:27:23.180400,1,0,2.0
1970-01-01 00:27:23.184000,1,0,2.0
1970-01-01 00:27:23.209200,0,1,2.0
1970-01-01 00:27:23.212800,0,1,2.0
1970-01-01 00:27:23.216400,0,1,2.0
1970-01-01 00:27:23.220000,0,1,2.0
1970-01-01 00:27:23.223600,0,1,2.0
1970-01-01 00:27:23.227200,0,1,2.0
1970-01-01 00:27:23.292000,0,1,2.0
1970-01-01 00:27:23.295600,0,1,2.0
1970-01-01 00:27:23.299200,0,1,2.0
1970-01-01 00:27:23.302800,0,1,2.0
1970-01-01 00:27:23.313600,1,0,2.0
1970-01-01 00:27:23.461200,0,1,2.0
1970-01-01 00:27:23.536800,0,1,2.0
1970-01-01 00:27:23.540400,0,1,2.0
1970-01-01 00:27:23.547600,0,1,2.0
1970-01-01 00:27:23.565600,0,1,2.0
1970-01-01 00:27:23.619600,1,0,2.0
1970-01-01 00:27:23.623200,1,0,2.0
1970-01-01 00:27:23.626800,1,0,2.0
1970-01-01 00:27:23.630400,1,0,2.0
1970-01-01 00:27:23.634000,1,0,2.0
1970-01-01 00:27:23.637600,1,0,2.0
1970-01-01 00:27:23.677200,1,0,2.0
1970-01-01 00:27:23.781600,1,0,2.0
1970-01-01 00:27:23.785200,1,0,2.0
1970-01-01 00:27:23.796000,0,1,2.0
1970-01-01 00:27:23.799600,0,1,2.0
1970-01-01 00:27:23.803200,0,1,2.0
1970-01-01 00:27:23.806800,0,1,2.0
1970-01-01 00:27:23.821200,0,1,2.0
1970-01-01 00:27:23.824800,0,1,2.0
1970-01-01 00:27:23.828400,0,1,2.0
1970-01-01 00:27:23.832000,0,1,2.0
1970-01-01 00:27:23.936400,1,0,2.0
1970-01-01 00:27:23.943600,1,0,2.0
1970-01-01 00:27:23.947200,1,0,2.0
1970-01-01 00:27:23.961600,0,1,2.0
1970-01-01 00:27:23.965200,0,1,2.0
1970-01-01 00:27:23.972400,1,0,2.0
1970-01-01 00:27:23.979600,1,0,2.0
1970-01-01 00:27:23.983200,1,0,2.0
1970-01-01 00:27:23.986800,1,0,2.0
1970-01-01 00:27:23.994000,1,0,2.0
1970-01-01 00:27:23.997600,1,0,2.0
1970-01-01 00:27:24.001200,1,0,2.0
1970-01-01 00:27:24.004800,1,0,2.0
1970-01-01 00:27:24.134400,0,1,2.0
1970-01-01 00:27:24.156000,1,0,2.0
1970-01-01 00:27:24.159600,1,0,2.0
1970-01-01 00:27:24.163200,1,0,2.0
1970-01-01 00:27:24.166800,1,0,2.0
1970-01-01 00:27:24.170400,1,0,2.0
1970-01-01 00:27:24.174000,1,0,2.0
1970-01-01 00:27:24.177600,1,0,2.0
1970-01-01 00:27:24.181200,1,0,2.0
1970-01-01 00:27:24.184800,1,0,2.0
1970-01-01 00:27:24.188400,1,0,2.0
1970-01-01 00:27:24.228000,1,0,2.0
1970-01-01 00:27:24.231600,1,0,2.0
1970-01-01 00:27:24.235200,1,0,2.0
1970-01-01 00:27:24.238800,1,0,2.0
1970-01-01 00:27:24.242400,1,0,2.0
1970-01-01 00:27:24.246000,1,0,2.0
1970-01-01 00:27:24.249600,1,0,2.0
1970-01-01 00:27:24.296400,0,1,2.0
1970-01-01 00:27:24.300000,0,1,2.0
1970-01-01 00:27:24.303600,0,1,2.0
1970-01-01 00:27:24.393600,1,0,2.0
1970-01-01 00:27:24.397200,1,0,2.0
1970-01-01 00:27:24.400800,1,0,2.0
1970-01-01 00:27:24.476400,0,1,2.0
1970-01-01 00:27:24.480000,0,1,2.0
1970-01-01 00:27:24.483600,0,1,2.0
1970-01-01 00:27:24.487200,0,1,2.0
1970-01-01 00:27:24.490800,0,1,2.0
1970-01-01 00:27:24.494400,0,1,2.0
1970-01-01 00:27:24.512400,0,1,2.0
1970-01-01 00:27:24.516000,0,1,2.0
1970-01-01 00:27:24.580800,0,1,2.0
1970-01-01 00:27:24.584400,0,1,2.0
1970-01-01 00:27:24.588000,0,1,2.0
1970-01-01 00:27:24.591600,0,1,2.0
1970-01-01 00:27:24.595200,0,1,2.0
1970-01-01 00:27:24.598800,0,1,2.0
1970-01-01 00:27:24.602400,0,1,2.0
1970-01-01 00:27:24.606000,0,1,2.0
1970-01-01 00:27:24.667200,1,0,2.0
1970-01-01 00:27:24.670800,1,0,2.0
1970-01-01 00:27:24.724800,1,0,2.0
1970-01-01 00:27:24.728400,1,0,2.0
1970-01-01 00:27:24.732000,1,0,2.0
1970-01-01 00:27:24.735600,1,0,2.0
1970-01-01 00:27:24.739200,1,0,2.0
1970-01-01 00:27:24.742800,1,0,2.0
1970-01-01 00:27:24.746400,1,0,2.0
1970-01-01 00:27:24.750000,1,0,2.0
1970-01-01 00:27:24.753600,1,0,2.0
1970-01-01 00:27:24.757200,0,1,2.0
1970-01-01 00:27:24.771600,0,1,2.0
1970-01-01 00:27:24.778800,0,1,2.0
1970-01-01 00:27:24.782400,0,1,2.0
1970-01-01 00:27:24.786000,0,1,2.0
1970-01-01 00:27:24.789600,0,1,2.0
1970-01-01 00:27:24.868800,1,0,2.0
1970-01-01 00:27:24.872400,1,0,2.0
1970-01-01 00:27:24.883200,1,0,2.0
1970-01-01 00:27:24.994800,0,1,2.0
1970-01-01 00:27:24.998400,0,1,2.0
1970-01-01 00:27:25.016400,1,0,2.0
1970-01-01 00:27:25.020000,1,0,2.0
1970-01-01 00:27:25.023600,1,0,2.0
1970-01-01 00:27:25.081200,0,1,2.0
1970-01-01 00:27:25.084800,0,1,2.0
1970-01-01 00:27:25.088400,0,1,2.0
1970-01-01 00:27:25.092000,0,1,2.0
1970-01-01 00:27:25.095600,0,1,2.0
1970-01-01 00:27:25.099200,0,1,2.0
1970-01-01 00:27:25.102800,0,1,2.0
1970-01-01 00:27:25.106400,0,1,2.0
1970-01-01 00:27:25.110000,0,1,2.0
1970-01-01 00:27:25.113600,0,1,2.0
1970-01-01 00:27:25.117200,0,1,2.0
1970-01-01 00:27:25.174800,0,1,2.0
1970-01-01 00:27:25.178400,0,1,2.0
1970-01-01 00:27:25.185600,0,1,2.0
1970-01-01 00:27:25.214400,1,0,2.0
1970-01-01 00:27:25.218000,1,0,2.0
1970-01-01 00:27:25.228800,1,0,2.0
1970-01-01 00:27:25.246800,1,0,2.0
1970-01-01 00:27:25.250400,0,1,2.0
1970-01-01 00:27:25.254000,0,1,2.0
1970-01-01 00:27:25.311600,0,1,2.0
1970-01-01 00:27:25.315200,0,1,2.0
1970-01-01 00:27:25.318800,0,1,2.0
1970-01-01 00:27:25.390800,1,0,2.0
1970-01-01 00:27:25.398000,1,0,2.0
1970-01-01 00:27:25.419600,0,1,2.0
1970-01-01 00:27:25.423200,0,1,2.0
1970-01-01 00:27:25.426800,0,1,2.0
1970-01-01 00:27:25.430400,0,1,2.0
1970-01-01 00:27:25.434000,0,1,2.0
1970-01-01 00:27:25.455600,0,1,2.0
1970-01-01 00:27:25.459200,0,1,2.0
1970-01-01 00:27:25.462800,0,1,2.0
1970-01-01 00:27:25.466400,0,1,2.0
1970-01-01 00:27:25.470000,0,1,2.0
1970-01-01 00:27:25.473600,0,1,2.0
1970-01-01 00:27:25.480800,0,1,2.0
1970-01-01 00:27:25.585200,1,0,2.0
1970-01-01 00:27:25.588800,1,0,2.0
1970-01-01 00:27:25.592400,1,0,2.0
1970-01-01 00:27:25.596000,1,0,2.0
1970-01-01 00:27:25.614000,0,1,2.0
1970-01-01 00:27:25.617600,0,1,2.0
1970-01-01 00:27:25.621200,0,1,2.0
1970-01-01 00:27:25.624800,0,1,2.0
1970-01-01 00:27:25.628400,0,1,2.0
1970-01-01 00:27:25.632000,0,1,2.0
1970-01-01 00:27:25.635600,0,1,2.0
1970-01-01 00:27:25.639200,0,1,2.0
1970-01-01 00:27:25.642800,0,1,2.0
1970-01-01 00:27:25.646400,0,1,2.0
1970-01-01 00:27:25.650000,0,1,2.0
1970-01-01 00:27:25.653600,0,1,2.0
1970-01-01 00:27:25.657200,0,1,2.0
1970-01-01 00:27:25.660800,0,1,2.0
1970-01-01 00:27:25.664400,0,1,2.0
1970-01-01 00:27:25.668000,0,1,2.0
1970-01-01 00:27:25.704000,1,0,2.0
1970-01-01 00:27:25.707600,1,0,2.0
1970-01-01 00:27:25.812000,1,0,2.0
1970-01-01 00:27:25.815600,1,0,2.0
1970-01-01 00:27:25.822800,1,0,2.0
1970-01-01 00:27:25.902000,0,1,2.0
1970-01-01 00:27:25.905600,0,1,2.0
1970-01-01 00:27:25.909200,0,1,2.0
1970-01-01 00:27:25.912800,0,1,2.0
1970-01-01 00:27:25.916400,0,1,2.0
1970-01-01 00:27:25.966800,0,1,2.0
1970-01-01 00:27:25.970400,0,1,2.0
1970-01-01 00:27:25.974000,0,1,2.0
1970-01-01 00:27:25.977600,0,1,2.0
1970-01-01 00:27:25.981200,0,1,2.0
1970-01-01 00:27:25.984800,0,1,2.0
1970-01-01 00:27:26.038800,1,0,2.0
1970-01-01 00:27:26.042400,1,0,2.0
1970-01-01 00:27:26.046000,1,0,2.0
1970-01-01 00:27:26.049600,1,0,2.0
1970-01-01 00:27:26.053200,1,0,2.0
1970-01-01 00:27:26.064000,1,0,2.0
1970-01-01 00:27:26.067600,1,0,2.0
1970-01-01 00:27:26.071200,1,0,2.0
1970-01-01 00:27:26.074800,1,0,2.0
1970-01-01 00:27:26.078400,1,0,2.0
1970-01-01 00:27:26.082000,1,0,2.0
1970-01-01 00:27:26.118000,1,0,2.0
1970-01-01 00:27:26.125200,1,0,2.0
1970-01-01 00:27:26.132400,1,0,2.0
1970-01-01 00:27:26.139600,0,1,2.0
1970-01-01 00:27:26.301600,0,1,2.0
1970-01-01 00:27:26.305200,0,1,2.0
1970-01-01 00:27:26.308800,0,1,2.0
1970-01-01 00:27:26.312400,0,1,2.0
1970-01-01 00:27:26.316000,0,1,2.0
1970-01-01 00:27:26.341200,0,1,2.0
1970-01-01 00:27:26.344800,0,1,2.0
1970-01-01 00:27:26.348400,0,1,2.0
1970-01-01 00:27:26.398800,0,1,2.0
1970-01-01 00:27:26.402400,0,1,2.0
1970-01-01 00:27:26.409600,0,1,2.0
1970-01-01 00:27:26.413200,0,1,2.0
1970-01-01 00:27:26.416800,0,1,2.0
1970-01-01 00:27:26.539200,0,1,2.0
1970-01-01 00:27:26.542800,0,1,2.0
1970-01-01 00:27:26.546400,0,1,2.0
1970-01-01 00:27:26.550000,0,1,2.0
1970-01-01 00:27:26.596800,0,1,2.0
1970-01-01 00:27:26.600400,0,1,2.0
1970-01-01 00:27:26.604000,0,1,2.0
1970-01-01 00:27:26.636400,1,0,2.0
1970-01-01 00:27:26.654400,0,1,2.0
1970-01-01 00:27:26.658000,0,1,2.0
1970-01-01 00:27:26.661600,0,1,2.0
1970-01-01 00:27:26.665200,0,1,2.0
1970-01-01 00:27:26.668800,0,1,2.0
1970-01-01 00:27:26.672400,0,1,2.0
1970-01-01 00:27:26.676000,0,1,2.0
1970-01-01 00:27:26.683200,1,0,2.0
1970-01-01 00:27:26.733600,0,1,2.0
1970-01-01 00:27:26.737200,0,1,2.0
1970-01-01 00:27:26.740800,0,1,2.0
1970-01-01 00:27:26.744400,0,1,2.0
1970-01-01 00:27:26.773200,1,0,2.0
1970-01-01 00:27:26.776800,1,0,2.0
1970-01-01 00:27:26.780400,1,0,2.0
1970-01-01 00:27:26.784000,1,0,2.0
1970-01-01 00:27:26.787600,1,0,2.0
1970-01-01 00:27:26.791200,1,0,2.0
1970-01-01 00:27:26.863200,0,1,2.0
1970-01-01 00:27:26.866800,0,1,2.0
1970-01-01 00:27:26.870400,0,1,2.0
1970-01-01 00:27:26.877600,0,1,2.0
1970-01-01 00:27:26.881200,0,1,2.0
1970-01-01 00:27:26.996400,0,1,2.0
1970-01-01 00:27:27.000000,0,1,2.0
1970-01-01 00:27:27.028800,1,0,2.0
1970-01-01 00:27:27.151200,0,1,2.0
1970-01-01 00:27:27.154800,0,1,2.0
1970-01-01 00:27:27.158400,0,1,2.0
1970-01-01 00:27:27.162000,0,1,2.0
1970-01-01 00:27:27.165600,0,1,2.0
1970-01-01 00:27:27.169200,0,1,2.0
1970-01-01 00:27:27.187200,0,1,2.0
1970-01-01 00:27:27.190800,0,1,2.0
1970-01-01 00:27:27.194400,0,1,2.0
1970-01-01 00:27:27.198000,0,1,2.0
1970-01-01 00:27:27.201600,0,1,2.0
1970-01-01 00:27:27.205200,0,1,2.0
1970-01-01 00:27:27.208800,1,0,2.0
1970-01-01 00:27:27.212400,1,0,2.0
1970-01-01 00:27:27.216000,1,0,2.0
1970-01-01 00:27:27.219600,1,0,2.0
1970-01-01 00:27:27.223200,1,0,2.0
1970-01-01 00:27:27.226800,1,0,2.0
1970-01-01 00:27:27.450000,1,0,2.0
1970-01-01 00:27:27.453600,1,0,2.0
1970-01-01 00:27:27.468000,1,0,2.0
1970-01-01 00:27:27.543600,0,1,2.0
1970-01-01 00:27:27.550800,0,1,2.0
1970-01-01 00:27:27.554400,0,1,2.0
1970-01-01 00:27:27.597600,1,0,2.0
1970-01-01 00:27:27.601200,1,0,2.0
1970-01-01 00:27:27.604800,1,0,2.0
1970-01-01 00:27:27.608400,1,0,2.0
1970-01-01 00:27:27.612000,1,0,2.0
1970-01-01 00:27:27.615600,1,0,2.0
1970-01-01 00:27:27.622800,1,0,2.0
1970-01-01 00:27:27.626400,1,0,2.0
1970-01-01 00:27:27.658800,1,0,2.0
1970-01-01 00:27:27.666000,1,0,2.0
1970-01-01 00:27:27.669600,1,0,2.0
1970-01-01 00:27:27.673200,1,0,2.0
1970-01-01 00:27:27.676800,1,0,2.0
1970-01-01 00:27:27.680400,1,0,2.0
1970-01-01 00:27:27.684000,1,0,2.0
1970-01-01 00:27:27.687600,1,0,2.0
1970-01-01 00:27:27.694800,1,0,2.0
1970-01-01 00:27:27.756000,0,1,2.0
1970-01-01 00:27:27.759600,0,1,2.0
1970-01-01 00:27:27.763200,0,1,2.0
1970-01-01 00:27:27.770400,0,1,2.0
1970-01-01 00:27:27.774000,0,1,2.0
1970-01-01 00:27:27.900000,1,0,2.0
1970-01-01 00:27:27.903600,1,0,2.0
1970-01-01 00:27:27.907200,1,0,2.0
1970-01-01 00:27:27.910800,1,0,2.0
1970-01-01 00:27:27.914400,1,0,2.0
1970-01-01 00:27:28.026000,1,0,2.0
1970-01-01 00:27:28.029600,1,0,2.0
1970-01-01 00:27:28.033200,1,0,2.0
1970-01-01 00:27:28.036800,1,0,2.0
1970-01-01 00:27:28.040400,1,0,2.0
1970-01-01 00:27:28.044000,1,0,2.0
1970-01-01 00:27:28.047600,1,0,2.0
1970-01-01 00:27:28.051200,0,1,2.0
1970-01-01 00:27:28.062000,1,0,2.0
1970-01-01 00:27:28.065600,1,0,2.0
1970-01-01 00:27:28.069200,1,0,2.0
1970-01-01 00:27:28.072800,1,0,2.0
1970-01-01 00:27:28.076400,1,0,2.0
1970-01-01 00:27:28.080000,1,0,2.0
1970-01-01 00:27:28.202400,0,1,2.0
1970-01-01 00:27:28.206000,0,1,2.0
1970-01-01 00:27:28.209600,0,1,2.0
1970-01-01 00:27:28.213200,0,1,2.0
1970-01-01 00:27:28.216800,0,1,2.0
1970-01-01 00:27:28.296000,1,0,2.0
1970-01-01 00:27:28.299600,1,0,2.0
1970-01-01 00:27:28.306800,1,0,2.0
1970-01-01 00:27:28.328400,1,0,2.0
1970-01-01 00:27:28.332000,1,0,2.0
1970-01-01 00:27:28.335600,1,0,2.0
1970-01-01 00:27:28.346400,1,0,2.0
1970-01-01 00:27:28.368000,0,1,2.0
1970-01-01 00:27:28.382400,1,0,2.0
1970-01-01 00:27:28.407600,1,0,2.0
1970-01-01 00:27:28.411200,1,0,2.0
1970-01-01 00:27:28.414800,1,0,2.0
1970-01-01 00:27:28.418400,1,0,2.0
1970-01-01 00:27:28.422000,1,0,2.0
1970-01-01 00:27:28.425600,1,0,2.0
1970-01-01 00:27:28.486800,0,1,2.0
1970-01-01 00:27:28.490400,0,1,2.0
1970-01-01 00:27:28.494000,0,1,2.0
1970-01-01 00:27:28.497600,0,1,2.0
1970-01-01 00:27:28.580400,0,1,2.0
1970-01-01 00:27:28.584000,0,1,2.0
1970-01-01 00:27:28.710000,0,1,2.0
1970-01-01 00:27:28.713600,0,1,2.0
1970-01-01 00:27:28.717200,0,1,2.0
1970-01-01 00:27:28.720800,0,1,2.0
1970-01-01 00:27:28.724400,0,1,2.0
1970-01-01 00:27:28.728000,0,1,2.0
1970-01-01 00:27:28.731600,0,1,2.0
1970-01-01 00:27:28.756800,0,1,2.0
1970-01-01 00:27:28.760400,0,1,2.0
1970-01-01 00:27:28.764000,0,1,2.0
1970-01-01 00:27:28.771200,0,1,2.0
1970-01-01 00:27:28.803600,1,0,2.0
1970-01-01 00:27:28.810800,1,0,2.0
1970-01-01 00:27:28.814400,1,0,2.0
1970-01-01 00:27:28.818000,1,0,2.0
1970-01-01 00:27:28.828800,1,0,2.0
1970-01-01 00:27:28.890000,0,1,2.0
1970-01-01 00:27:28.893600,0,1,2.0
1970-01-01 00:27:28.897200,0,1,2.0
1970-01-01 00:27:28.900800,0,1,2.0
1970-01-01 00:27:28.904400,0,1,2.0
1970-01-01 00:27:28.908000,0,1,2.0
1970-01-01 00:27:28.951200,1,0,2.0
1970-01-01 00:27:28.972800,1,0,2.0
1970-01-01 00:27:28.976400,1,0,2.0
1970-01-01 00:27:28.980000,1,0,2.0
1970-01-01 00:27:28.983600,1,0,2.0
1970-01-01 00:27:28.987200,1,0,2.0
1970-01-01 00:27:29.044800,1,0,2.0
1970-01-01 00:27:29.048400,1,0,2.0
1970-01-01 00:27:29.052000,1,0,2.0
1970-01-01 00:27:29.055600,1,0,2.0
1970-01-01 00:27:29.059200,1,0,2.0
1970-01-01 00:27:29.062800,1,0,2.0
1970-01-01 00:27:29.070000,0,1,2.0
1970-01-01 00:27:29.073600,0,1,2.0
1970-01-01 00:27:29.145600,1,0,2.0
1970-01-01 00:27:29.149200,1,0,2.0
1970-01-01 00:27:29.152800,1,0,2.0
1970-01-01 00:27:29.156400,1,0,2.0
1970-01-01 00:27:29.160000,1,0,2.0
1970-01-01 00:27:29.163600,1,0,2.0
1970-01-01 00:27:29.167200,1,0,2.0
1970-01-01 00:27:29.170800,1,0,2.0
1970-01-01 00:27:29.228400,0,1,2.0
1970-01-01 00:27:29.232000,0,1,2.0
1970-01-01 00:27:29.365200,1,0,2.0
1970-01-01 00:27:29.368800,1,0,2.0
1970-01-01 00:27:29.372400,1,0,2.0
1970-01-01 00:27:29.376000,1,0,2.0
1970-01-01 00:27:29.379600,1,0,2.0
1970-01-01 00:27:29.394000,0,1,2.0
1970-01-01 00:27:29.397600,0,1,2.0
1970-01-01 00:27:29.401200,0,1,2.0
1970-01-01 00:27:29.404800,0,1,2.0
1970-01-01 00:27:29.408400,0,1,2.0
1970-01-01 00:27:29.527200,1,0,2.0
1970-01-01 00:27:29.530800,1,0,2.0
1970-01-01 00:27:29.534400,1,0,2.0
1970-01-01 00:27:29.538000,1,0,2.0
1970-01-01 00:27:29.541600,1,0,2.0
1970-01-01 00:27:29.545200,1,0,2.0
1970-01-01 00:27:29.577600,1,0,2.0
1970-01-01 00:27:29.581200,1,0,2.0
1970-01-01 00:27:29.584800,1,0,2.0
1970-01-01 00:27:29.588400,1,0,2.0
1970-01-01 00:27:29.592000,1,0,2.0
1970-01-01 00:27:29.610000,0,1,2.0
1970-01-01 00:27:29.613600,0,1,2.0
1970-01-01 00:27:29.617200,0,1,2.0
1970-01-01 00:27:29.620800,0,1,2.0
1970-01-01 00:27:29.624400,0,1,2.0
1970-01-01 00:27:29.653200,0,1,2.0
1970-01-01 00:27:29.689200,0,1,2.0
1970-01-01 00:27:29.692800,0,1,2.0
1970-01-01 00:27:29.696400,0,1,2.0
1970-01-01 00:27:29.700000,0,1,2.0
1970-01-01 00:27:29.743200,1,0,2.0
1970-01-01 00:27:29.750400,1,0,2.0
1970-01-01 00:27:29.754000,1,0,2.0
1970-01-01 00:27:29.761200,0,1,2.0
1970-01-01 00:27:29.764800,0,1,2.0
1970-01-01 00:27:29.768400,0,1,2.0
1970-01-01 00:27:29.790000,1,0,2.0
1970-01-01 00:27:29.793600,1,0,2.0
1970-01-01 00:27:29.916000,1,0,2.0
1970-01-01 00:27:29.919600,1,0,2.0
1970-01-01 00:27:29.923200,1,0,2.0
1970-01-01 00:27:29.926800,1,0,2.0
1970-01-01 00:27:29.930400,0,0,2.0
1970-01-01 00:27:29.934000,0,1,2.0
1970-01-01 00:27:29.937600,0,1,2.0
1970-01-01 00:27:29.995200,1,0,2.0
1970-01-01 00:27:30.099600,0,1,2.0
1970-01-01 00:27:30.103200,0,1,2.0
1970-01-01 00:27:30.110400,0,1,2.0
1970-01-01 00:27:30.117600,0,1,2.0
1970-01-01 00:27:30.193200,0,1,2.0
1970-01-01 00:27:30.196800,0,1,2.0
1970-01-01 00:27:30.200400,0,1,2.0
1970-01-01 00:27:30.204000,0,1,2.0
1970-01-01 00:27:30.207600,0,1,2.0
1970-01-01 00:27:30.218400,0,1,2.0
1970-01-01 00:27:30.222000,0,1,2.0
1970-01-01 00:27:30.225600,0,1,2.0
1970-01-01 00:27:30.229200,0,1,2.0
1970-01-01 00:27:30.232800,0,1,2.0
1970-01-01 00:27:30.236400,0,1,2.0
1970-01-01 00:27:30.240000,0,1,2.0
1970-01-01 00:27:30.243600,0,1,2.0
1970-01-01 00:27:30.247200,0,1,2.0
1970-01-01 00:27:30.250800,0,1,2.0
1970-01-01 00:27:30.294000,1,0,2.0
1970-01-01 00:27:30.297600,1,0,2.0
1970-01-01 00:27:30.351600,1,0,2.0
1970-01-01 00:27:30.355200,1,0,2.0
1970-01-01 00:27:30.358800,1,0,2.0
1970-01-01 00:27:30.362400,1,0,2.0
1970-01-01 00:27:30.366000,1,0,2.0
1970-01-01 00:27:30.369600,1,0,2.0
1970-01-01 00:27:30.405600,1,0,2.0
1970-01-01 00:27:30.409200,1,0,2.0
1970-01-01 00:27:30.412800,1,0,2.0
1970-01-01 00:27:30.416400,1,0,2.0
1970-01-01 00:27:30.420000,1,0,2.0
1970-01-01 00:27:30.445200,0,1,2.0
1970-01-01 00:27:30.448800,0,1,2.0
1970-01-01 00:27:30.452400,0,1,2.0
1970-01-01 00:27:30.456000,0,1,2.0
1970-01-01 00:27:30.546000,0,1,2.0
1970-01-01 00:27:30.549600,0,1,2.0
1970-01-01 00:27:30.553200,0,1,2.0
1970-01-01 00:27:30.556800,0,1,2.0
1970-01-01 00:27:30.560400,0,1,2.0
1970-01-01 00:27:30.564000,0,1,2.0
1970-01-01 00:27:30.733200,0,1,2.0
1970-01-01 00:27:30.736800,0,1,2.0
1970-01-01 00:27:30.740400,0,1,2.0
1970-01-01 00:27:30.744000,0,1,2.0
1970-01-01 00:27:30.747600,0,1,2.0
1970-01-01 00:27:30.783600,0,1,2.0
1970-01-01 00:27:30.787200,0,1,2.0
1970-01-01 00:27:30.794400,0,1,2.0
1970-01-01 00:27:30.823200,0,1,2.0
1970-01-01 00:27:30.826800,0,1,2.0
1970-01-01 00:27:30.830400,0,1,2.0
1970-01-01 00:27:30.834000,0,1,2.0
1970-01-01 00:27:30.837600,0,1,2.0
1970-01-01 00:27:30.841200,0,1,2.0
1970-01-01 00:27:30.848400,0,1,2.0
1970-01-01 00:27:30.852000,0,1,2.0
1970-01-01 00:27:30.855600,0,1,2.0
1970-01-01 00:27:30.859200,0,1,2.0
1970-01-01 00:27:30.866400,1,0,2.0
1970-01-01 00:27:30.870000,1,0,2.0
1970-01-01 00:27:30.873600,1,0,2.0
1970-01-01 00:27:30.877200,1,0,2.0
1970-01-01 00:27:30.880800,1,0,2.0
1970-01-01 00:27:30.884400,1,0,2.0
1970-01-01 00:27:30.888000,1,0,2.0
1970-01-01 00:27:30.891600,1,0,2.0
1970-01-01 00:27:30.895200,1,0,2.0
1970-01-01 00:27:30.898800,1,0,2.0
1970-01-01 00:27:30.902400,1,0,2.0
1970-01-01 00:27:30.906000,1,0,2.0
1970-01-01 00:27:30.913200,0,1,2.0
1970-01-01 00:27:30.960000,0,1,2.0
1970-01-01 00:27:30.963600,0,1,2.0
1970-01-01 00:27:30.967200,0,1,2.0
1970-01-01 00:27:30.970800,0,1,2.0
1970-01-01 00:27:30.974400,0,1,2.0
1970-01-01 00:27:30.978000,0,1,2.0
1970-01-01 00:27:30.981600,0,1,2.0
1970-01-01 00:27:31.132800,0,1,2.0
1970-01-01 00:27:31.136400,0,1,2.0
1970-01-01 00:27:31.143600,0,1,2.0
1970-01-01 00:27:31.179600,1,0,2.0
1970-01-01 00:27:31.183200,1,0,2.0
1970-01-01 00:27:31.186800,1,0,2.0
1970-01-01 00:27:31.190400,1,0,2.0
1970-01-01 00:27:31.194000,1,0,2.0
1970-01-01 00:27:31.197600,1,0,2.0
1970-01-01 00:27:31.201200,0,0,2.0
1970-01-01 00:27:31.204800,0,1,2.0
1970-01-01 00:27:31.208400,0,1,2.0
1970-01-01 00:27:31.212000,0,1,2.0
1970-01-01 00:27:31.237200,0,1,2.0
1970-01-01 00:27:31.305600,0,1,2.0
1970-01-01 00:27:31.309200,0,1,2.0
1970-01-01 00:27:31.312800,0,1,2.0
1970-01-01 00:27:31.316400,0,1,2.0
1970-01-01 00:27:31.320000,0,1,2.0
1970-01-01 00:27:31.323600,0,1,2.0
1970-01-01 00:27:31.334400,0,1,2.0
1970-01-01 00:27:31.338000,0,1,2.0
1970-01-01 00:27:31.341600,0,1,2.0
1970-01-01 00:27:31.345200,0,1,2.0
1970-01-01 00:27:31.348800,0,1,2.0
1970-01-01 00:27:31.352400,0,1,2.0
1970-01-01 00:27:31.359600,1,0,2.0
1970-01-01 00:27:31.467600,0,1,2.0
1970-01-01 00:27:31.575600,0,1,2.0
1970-01-01 00:27:31.579200,0,1,2.0
1970-01-01 00:27:31.582800,0,1,2.0
1970-01-01 00:27:31.586400,0,1,2.0
1970-01-01 00:27:31.590000,0,1,2.0
1970-01-01 00:27:31.604400,1,0,2.0
1970-01-01 00:27:31.640400,1,0,2.0
1970-01-01 00:27:31.662000,0,1,2.0
1970-01-01 00:27:31.665600,1,0,2.0
1970-01-01 00:27:31.669200,1,0,2.0
1970-01-01 00:27:31.672800,1,0,2.0
1970-01-01 00:27:31.676400,1,0,2.0
1970-01-01 00:27:31.680000,1,0,2.0
1970-01-01 00:27:31.683600,1,0,2.0
1970-01-01 00:27:31.737600,0,1,2.0
1970-01-01 00:27:31.741200,0,1,2.0
1970-01-01 00:27:31.744800,0,1,2.0
1970-01-01 00:27:31.748400,0,1,2.0
1970-01-01 00:27:31.752000,0,1,2.0
1970-01-01 00:27:31.755600,0,1,2.0
1970-01-01 00:27:31.914000,1,0,2.0
1970-01-01 00:27:31.917600,1,0,2.0
1970-01-01 00:27:31.921200,1,0,2.0
1970-01-01 00:27:31.924800,1,0,2.0
1970-01-01 00:27:31.928400,1,0,2.0
1970-01-01 00:27:31.935600,0,1,2.0
1970-01-01 00:27:31.939200,0,1,2.0
1970-01-01 00:27:31.942800,0,1,2.0
1970-01-01 00:27:31.946400,0,1,2.0
1970-01-01 00:27:31.950000,0,1,2.0
1970-01-01 00:27:31.953600,0,1,2.0
1970-01-01 00:27:32.040000,0,1,2.0
1970-01-01 00:27:32.043600,0,1,2.0
1970-01-01 00:27:32.047200,0,1,2.0
1970-01-01 00:27:32.054400,0,1,2.0
1970-01-01 00:27:32.058000,0,1,2.0
1970-01-01 00:27:32.068800,0,1,2.0
1970-01-01 00:27:32.072400,0,1,2.0
1970-01-01 00:27:32.076000,0,1,2.0
1970-01-01 00:27:32.079600,0,1,2.0
1970-01-01 00:27:32.083200,0,1,2.0
1970-01-01 00:27:32.086800,0,1,2.0
1970-01-01 00:27:32.090400,0,1,2.0
1970-01-01 00:27:32.094000,0,1,2.0
1970-01-01 00:27:32.097600,0,1,2.0
1970-01-01 00:27:32.101200,0,1,2.0
1970-01-01 00:27:32.104800,0,1,2.0
1970-01-01 00:27:32.108400,0,1,2.0
1970-01-01 00:27:32.115600,0,1,2.0
1970-01-01 00:27:32.137200,1,0,2.0
1970-01-01 00:27:32.194800,0,1,2.0
1970-01-01 00:27:32.198400,0,1,2.0
1970-01-01 00:27:32.202000,0,1,2.0
1970-01-01 00:27:32.234400,0,1,2.0
1970-01-01 00:27:32.245200,0,1,2.0
1970-01-01 00:27:32.248800,0,1,2.0
1970-01-01 00:27:32.252400,0,1,2.0
1970-01-01 00:27:32.256000,0,1,2.0
1970-01-01 00:27:32.259600,0,1,2.0
1970-01-01 00:27:32.263200,0,1,2.0
1970-01-01 00:27:32.266800,0,1,2.0
1970-01-01 00:27:32.274000,0,1,2.0
1970-01-01 00:27:32.277600,0,1,2.0
1970-01-01 00:27:32.360400,1,0,2.0
1970-01-01 00:27:32.389200,1,0,2.0
1970-01-01 00:27:32.392800,1,0,2.0
1970-01-01 00:27:32.396400,1,0,2.0
1970-01-01 00:27:32.511600,0,1,2.0
1970-01-01 00:27:32.515200,0,1,2.0
1970-01-01 00:27:32.518800,0,1,2.0
1970-01-01 00:27:32.522400,0,1,2.0
1970-01-01 00:27:32.623200,1,0,2.0
1970-01-01 00:27:32.634000,1,0,2.0
1970-01-01 00:27:32.637600,1,0,2.0
1970-01-01 00:27:32.655600,0,1,2.0
1970-01-01 00:27:32.659200,0,1,2.0
1970-01-01 00:27:32.662800,0,1,2.0
1970-01-01 00:27:32.666400,0,1,2.0
1970-01-01 00:27:32.670000,0,1,2.0
1970-01-01 00:27:32.860800,0,1,2.0
1970-01-01 00:27:32.864400,0,1,2.0
1970-01-01 00:27:32.868000,0,1,2.0
1970-01-01 00:27:32.871600,0,1,2.0
1970-01-01 00:27:32.900400,0,1,2.0
1970-01-01 00:27:32.904000,0,1,2.0
1970-01-01 00:27:32.907600,0,1,2.0
1970-01-01 00:27:32.911200,0,1,2.0
1970-01-01 00:27:32.950800,1,0,2.0
1970-01-01 00:27:32.954400,1,0,2.0
1970-01-01 00:27:33.037200,0,1,2.0
1970-01-01 00:27:33.040800,0,1,2.0
1970-01-01 00:27:33.044400,0,1,2.0
1970-01-01 00:27:33.048000,0,1,2.0
1970-01-01 00:27:33.051600,0,1,2.0
1970-01-01 00:27:33.188400,1,0,2.0
1970-01-01 00:27:33.192000,1,0,2.0
1970-01-01 00:27:33.195600,1,0,2.0
1970-01-01 00:27:33.199200,1,0,2.0
1970-01-01 00:27:33.202800,1,0,2.0
1970-01-01 00:27:33.206400,1,0,2.0
1970-01-01 00:27:33.267600,1,0,2.0
1970-01-01 00:27:33.271200,1,0,2.0
1970-01-01 00:27:33.274800,1,0,2.0
1970-01-01 00:27:33.278400,1,0,2.0
1970-01-01 00:27:33.282000,1,0,2.0
1970-01-01 00:27:33.307200,0,1,2.0
1970-01-01 00:27:33.310800,0,1,2.0
1970-01-01 00:27:33.314400,0,1,2.0
1970-01-01 00:27:33.318000,0,1,2.0
1970-01-01 00:27:33.321600,0,1,2.0
1970-01-01 00:27:33.325200,0,1,2.0
1970-01-01 00:27:33.328800,0,1,2.0
1970-01-01 00:27:33.375600,0,1,2.0
1970-01-01 00:27:33.382800,0,1,2.0
1970-01-01 00:27:33.386400,0,1,2.0
1970-01-01 00:27:33.390000,0,1,2.0
1970-01-01 00:27:33.393600,0,1,2.0
1970-01-01 00:27:33.519600,0,1,2.0
1970-01-01 00:27:33.523200,0,1,2.0
1970-01-01 00:27:33.526800,0,1,2.0
1970-01-01 00:27:33.530400,0,1,2.0
1970-01-01 00:27:33.534000,0,1,2.0
1970-01-01 00:27:33.537600,0,1,2.0
1970-01-01 00:27:33.541200,0,1,2.0
1970-01-01 00:27:33.544800,0,1,2.0
1970-01-01 00:27:33.548400,0,1,2.0
1970-01-01 00:27:33.642000,1,0,2.0
1970-01-01 00:27:33.645600,1,0,2.0
1970-01-01 00:27:33.649200,1,0,2.0
1970-01-01 00:27:33.652800,1,0,2.0
1970-01-01 00:27:33.656400,1,0,2.0
1970-01-01 00:27:33.660000,1,0,2.0
1970-01-01 00:27:33.850800,1,0,2.0
1970-01-01 00:27:33.854400,1,0,2.0
1970-01-01 00:27:33.858000,1,0,2.0
1970-01-01 00:27:33.861600,1,0,2.0
1970-01-01 00:27:33.865200,1,0,2.0
1970-01-01 00:27:33.868800,1,0,2.0
1970-01-01 00:27:33.872400,1,0,2.0
1970-01-01 00:27:33.879600,1,0,2.0
1970-01-01 00:27:33.883200,1,0,2.0
1970-01-01 00:27:33.922800,1,0,2.0
1970-01-01 00:27:33.926400,1,0,2.0
1970-01-01 00:27:33.930000,1,0,2.0
1970-01-01 00:27:33.933600,1,0,2.0
1970-01-01 00:27:33.937200,1,0,2.0
1970-01-01 00:27:33.980400,0,1,2.0
1970-01-01 00:27:33.984000,0,1,2.0
1970-01-01 00:27:33.991200,0,1,2.0
1970-01-01 00:27:33.994800,0,1,2.0
1970-01-01 00:27:34.002000,1,0,2.0
1970-01-01 00:27:34.066800,1,0,2.0
1970-01-01 00:27:34.070400,1,0,2.0
1970-01-01 00:27:34.074000,0,1,2.0
1970-01-01 00:27:34.077600,0,1,2.0
1970-01-01 00:27:34.081200,0,1,2.0
1970-01-01 00:27:34.084800,0,1,2.0
1970-01-01 00:27:34.088400,0,1,2.0
1970-01-01 00:27:34.092000,0,1,2.0
1970-01-01 00:27:34.095600,0,1,2.0
1970-01-01 00:27:34.099200,0,1,2.0
1970-01-01 00:27:34.225200,0,1,2.0
1970-01-01 00:27:34.228800,0,1,2.0
1970-01-01 00:27:34.232400,0,1,2.0
1970-01-01 00:27:34.236000,0,1,2.0
1970-01-01 00:27:34.239600,0,1,2.0
1970-01-01 00:27:34.243200,0,1,2.0
1970-01-01 00:27:34.246800,0,1,2.0
1970-01-01 00:27:34.304400,1,0,2.0
1970-01-01 00:27:34.308000,1,0,2.0
1970-01-01 00:27:34.311600,1,0,2.0
1970-01-01 00:27:34.322400,0,1,2.0
1970-01-01 00:27:34.470000,1,0,2.0
1970-01-01 00:27:34.491600,1,0,2.0
1970-01-01 00:27:34.509600,0,1,2.0
1970-01-01 00:27:34.538400,0,1,2.0
1970-01-01 00:27:34.542000,0,1,2.0
1970-01-01 00:27:34.545600,0,1,2.0
1970-01-01 00:27:34.549200,0,1,2.0
1970-01-01 00:27:34.552800,0,1,2.0
1970-01-01 00:27:34.556400,0,1,2.0
1970-01-01 00:27:34.614000,1,0,2.0
1970-01-01 00:27:34.617600,1,0,2.0
1970-01-01 00:27:34.621200,1,0,2.0
1970-01-01 00:27:34.635600,0,1,2.0
1970-01-01 00:27:34.765200,0,1,2.0
1970-01-01 00:27:34.790400,0,1,2.0
1970-01-01 00:27:34.840800,0,1,2.0
1970-01-01 00:27:34.844400,0,1,2.0
1970-01-01 00:27:34.848000,0,1,2.0
1970-01-01 00:27:34.851600,0,1,2.0
1970-01-01 00:27:34.855200,0,1,2.0
1970-01-01 00:27:34.858800,0,1,2.0
1970-01-01 00:27:34.862400,0,1,2.0
1970-01-01 00:27:34.866000,0,1,2.0
1970-01-01 00:27:34.869600,0,1,2.0
1970-01-01 00:27:34.873200,0,1,2.0
1970-01-01 00:27:34.920000,0,1,2.0
1970-01-01 00:27:34.923600,0,1,2.0
1970-01-01 00:27:34.927200,0,1,2.0
1970-01-01 00:27:34.930800,0,1,2.0
1970-01-01 00:27:34.934400,0,1,2.0
1970-01-01 00:27:34.938000,0,1,2.0
1970-01-01 00:27:34.941600,0,1,2.0
1970-01-01 00:27:34.945200,0,1,2.0
1970-01-01 00:27:34.952400,0,1,2.0
1970-01-01 00:27:34.977600,0,1,2.0
1970-01-01 00:27:34.981200,0,1,2.0
1970-01-01 00:27:34.984800,0,1,2.0
1970-01-01 00:27:34.988400,0,1,2.0
1970-01-01 00:27:34.992000,0,1,2.0
1970-01-01 00:27:35.038800,1,0,2.0
1970-01-01 00:27:35.053200,0,1,2.0
1970-01-01 00:27:35.056800,0,1,2.0
1970-01-01 00:27:35.060400,0,1,2.0
1970-01-01 00:27:35.064000,0,1,2.0
1970-01-01 00:27:35.067600,0,1,2.0
1970-01-01 00:27:35.071200,0,1,2.0
1970-01-01 00:27:35.074800,0,1,2.0
1970-01-01 00:27:35.082000,0,1,2.0
1970-01-01 00:27:35.085600,0,1,2.0
1970-01-01 00:27:35.089200,0,1,2.0
1970-01-01 00:27:35.092800,0,1,2.0
1970-01-01 00:27:35.096400,0,1,2.0
1970-01-01 00:27:35.100000,0,1,2.0
1970-01-01 00:27:35.146800,0,1,2.0
1970-01-01 00:27:35.150400,0,1,2.0
1970-01-01 00:27:35.154000,0,1,2.0
1970-01-01 00:27:35.164800,1,0,2.0
1970-01-01 00:27:35.168400,1,0,2.0
1970-01-01 00:27:35.172000,1,0,2.0
1970-01-01 00:27:35.218800,0,1,2.0
1970-01-01 00:27:35.240400,1,0,2.0
1970-01-01 00:27:35.247600,0,1,2.0
1970-01-01 00:27:35.254800,0,1,2.0
1970-01-01 00:27:35.258400,0,1,2.0
1970-01-01 00:27:35.280000,1,0,2.0
1970-01-01 00:27:35.283600,1,0,2.0
1970-01-01 00:27:35.294400,1,0,2.0
1970-01-01 00:27:35.298000,1,0,2.0
1970-01-01 00:27:35.301600,1,0,2.0
1970-01-01 00:27:35.305200,1,0,2.0
1970-01-01 00:27:35.308800,1,0,2.0
1970-01-01 00:27:35.312400,1,0,2.0
1970-01-01 00:27:35.316000,1,0,2.0
1970-01-01 00:27:35.323200,1,0,2.0
1970-01-01 00:27:35.388000,1,0,2.0
1970-01-01 00:27:35.395200,0,1,2.0
1970-01-01 00:27:35.510400,0,1,2.0
1970-01-01 00:27:35.514000,0,1,2.0
1970-01-01 00:27:35.517600,0,1,2.0
1970-01-01 00:27:35.521200,0,1,2.0
1970-01-01 00:27:35.524800,0,1,2.0
1970-01-01 00:27:35.528400,0,1,2.0
1970-01-01 00:27:35.532000,0,1,2.0
1970-01-01 00:27:35.539200,1,0,2.0
1970-01-01 00:27:35.553600,0,1,2.0
1970-01-01 00:27:35.557200,0,1,2.0
1970-01-01 00:27:35.560800,0,1,2.0
1970-01-01 00:27:35.564400,0,1,2.0
1970-01-01 00:27:35.578800,1,0,2.0
1970-01-01 00:27:35.582400,1,0,2.0
1970-01-01 00:27:35.596800,1,0,2.0
1970-01-01 00:27:35.600400,1,0,2.0
1970-01-01 00:27:35.604000,1,0,2.0
1970-01-01 00:27:35.607600,1,0,2.0
1970-01-01 00:27:35.611200,1,0,2.0
1970-01-01 00:27:35.614800,1,0,2.0
1970-01-01 00:27:35.640000,1,0,2.0
1970-01-01 00:27:35.643600,1,0,2.0
1970-01-01 00:27:35.647200,1,0,2.0
1970-01-01 00:27:35.654400,1,0,2.0
1970-01-01 00:27:35.658000,1,0,2.0
1970-01-01 00:27:35.776800,1,0,2.0
1970-01-01 00:27:35.784000,1,0,2.0
1970-01-01 00:27:35.787600,1,0,2.0
1970-01-01 00:27:35.791200,1,0,2.0
1970-01-01 00:27:35.794800,1,0,2.0
1970-01-01 00:27:35.798400,1,0,2.0
1970-01-01 00:27:35.802000,1,0,2.0
1970-01-01 00:27:35.809200,1,0,2.0
1970-01-01 00:27:35.812800,1,0,2.0
1970-01-01 00:27:36.018000,1,0,2.0
1970-01-01 00:27:36.050400,1,0,2.0
1970-01-01 00:27:36.054000,1,0,2.0
1970-01-01 00:27:36.061200,1,0,2.0
1970-01-01 00:27:36.147600,0,1,2.0
1970-01-01 00:27:36.151200,0,1,2.0
1970-01-01 00:27:36.154800,0,1,2.0
1970-01-01 00:27:36.169200,1,0,2.0
1970-01-01 00:27:36.172800,1,0,2.0
1970-01-01 00:27:36.205200,1,0,2.0
1970-01-01 00:27:36.208800,1,0,2.0
1970-01-01 00:27:36.212400,1,0,2.0
1970-01-01 00:27:36.216000,1,0,2.0
1970-01-01 00:27:36.219600,1,0,2.0
1970-01-01 00:27:36.223200,1,0,2.0
1970-01-01 00:27:36.226800,1,0,2.0
1970-01-01 00:27:36.230400,1,0,2.0
1970-01-01 00:27:36.234000,1,0,2.0
1970-01-01 00:27:36.237600,1,0,2.0
1970-01-01 00:27:36.266400,1,0,2.0
1970-01-01 00:27:36.270000,1,0,2.0
1970-01-01 00:27:36.316800,0,1,2.0
1970-01-01 00:27:36.320400,0,1,2.0
1970-01-01 00:27:36.324000,0,1,2.0
1970-01-01 00:27:36.327600,0,1,2.0
1970-01-01 00:27:36.331200,0,1,2.0
1970-01-01 00:27:36.367200,0,1,2.0
1970-01-01 00:27:36.381600,1,0,2.0
1970-01-01 00:27:36.406800,0,1,2.0
1970-01-01 00:27:36.410400,0,1,2.0
1970-01-01 00:27:36.414000,0,1,2.0
1970-01-01 00:27:36.417600,0,1,2.0
1970-01-01 00:27:36.421200,0,1,2.0
1970-01-01 00:27:36.435600,0,1,2.0
1970-01-01 00:27:36.468000,0,1,2.0
1970-01-01 00:27:36.489600,1,0,2.0
1970-01-01 00:27:36.500400,1,0,2.0
1970-01-01 00:27:36.504000,1,0,2.0
1970-01-01 00:27:36.507600,1,0,2.0
1970-01-01 00:27:36.511200,1,0,2.0
1970-01-01 00:27:36.514800,1,0,2.0
1970-01-01 00:27:36.518400,1,0,2.0
1970-01-01 00:27:36.554400,0,1,2.0
1970-01-01 00:27:36.558000,0,1,2.0
1970-01-01 00:27:36.561600,0,1,2.0
1970-01-01 00:27:36.565200,0,1,2.0
1970-01-01 00:27:36.615600,1,0,2.0
1970-01-01 00:27:36.619200,1,0,2.0
1970-01-01 00:27:36.622800,1,0,2.0
1970-01-01 00:27:36.626400,1,0,2.0
1970-01-01 00:27:36.795600,0,1,2.0
1970-01-01 00:27:36.853200,1,0,2.0
1970-01-01 00:27:36.856800,1,0,2.0
1970-01-01 00:27:36.860400,1,0,2.0
1970-01-01 00:27:36.871200,1,0,2.0
1970-01-01 00:27:36.892800,0,1,2.0
1970-01-01 00:27:36.896400,0,1,2.0
1970-01-01 00:27:36.910800,1,0,2.0
1970-01-01 00:27:36.914400,1,0,2.0
1970-01-01 00:27:36.918000,1,0,2.0
1970-01-01 00:27:36.921600,1,0,2.0
1970-01-01 00:27:36.961200,1,0,2.0
1970-01-01 00:27:36.964800,1,0,2.0
1970-01-01 00:27:36.990000,0,1,2.0
1970-01-01 00:27:36.993600,0,1,2.0
1970-01-01 00:27:36.997200,0,1,2.0
1970-01-01 00:27:37.000800,0,1,2.0
1970-01-01 00:27:37.004400,0,1,2.0
1970-01-01 00:27:37.008000,0,1,2.0
1970-01-01 00:27:37.026000,1,0,2.0
1970-01-01 00:27:37.029600,1,0,2.0
1970-01-01 00:27:37.033200,1,0,2.0
1970-01-01 00:27:37.036800,1,0,2.0
1970-01-01 00:27:37.119600,1,0,2.0
1970-01-01 00:27:37.184400,1,0,2.0
1970-01-01 00:27:37.188000,1,0,2.0
1970-01-01 00:27:37.195200,1,0,2.0
1970-01-01 00:27:37.198800,1,0,2.0
1970-01-01 00:27:37.227600,1,0,2.0
1970-01-01 00:27:37.231200,1,0,2.0
1970-01-01 00:27:37.234800,1,0,2.0
1970-01-01 00:27:37.245600,0,1,2.0
1970-01-01 00:27:37.249200,0,1,2.0
1970-01-01 00:27:37.252800,0,1,2.0
1970-01-01 00:27:37.396800,0,1,2.0
1970-01-01 00:27:37.400400,0,1,2.0
1970-01-01 00:27:37.404000,0,1,2.0
1970-01-01 00:27:37.407600,0,1,2.0
1970-01-01 00:27:37.440000,0,1,2.0
1970-01-01 00:27:37.443600,0,1,2.0
1970-01-01 00:27:37.447200,0,1,2.0
1970-01-01 00:27:37.450800,0,1,2.0
1970-01-01 00:27:37.454400,0,1,2.0
1970-01-01 00:27:37.479600,0,1,2.0
1970-01-01 00:27:37.483200,0,1,2.0
1970-01-01 00:27:37.486800,0,1,2.0
1970-01-01 00:27:37.490400,0,1,2.0
1970-01-01 00:27:37.494000,0,1,2.0
1970-01-01 00:27:37.497600,0,1,2.0
1970-01-01 00:27:37.522800,0,1,2.0
1970-01-01 00:27:37.526400,0,1,2.0
1970-01-01 00:27:37.530000,0,1,2.0
1970-01-01 00:27:37.533600,0,1,2.0
1970-01-01 00:27:37.540800,0,1,2.0
1970-01-01 00:27:37.555200,0,1,2.0
1970-01-01 00:27:37.558800,0,1,2.0
1970-01-01 00:27:37.562400,0,1,2.0
1970-01-01 00:27:37.566000,0,1,2.0
1970-01-01 00:27:37.569600,0,1,2.0
1970-01-01 00:27:37.573200,0,1,2.0
1970-01-01 00:27:37.598400,0,1,2.0
1970-01-01 00:27:37.602000,0,1,2.0
1970-01-01 00:27:37.634400,0,1,2.0
1970-01-01 00:27:37.638000,0,1,2.0
1970-01-01 00:27:37.641600,0,1,2.0
1970-01-01 00:27:37.645200,0,1,2.0
1970-01-01 00:27:37.692000,0,1,2.0
1970-01-01 00:27:37.695600,0,1,2.0
1970-01-01 00:27:37.699200,0,1,2.0
1970-01-01 00:27:37.702800,0,1,2.0
1970-01-01 00:27:37.706400,0,1,2.0
1970-01-01 00:27:37.710000,0,1,2.0
1970-01-01 00:27:37.713600,1,0,2.0
1970-01-01 00:27:37.796400,1,0,2.0
1970-01-01 00:27:37.800000,1,0,2.0
1970-01-01 00:27:37.803600,1,0,2.0
1970-01-01 00:27:37.807200,1,0,2.0
1970-01-01 00:27:37.810800,1,0,2.0
1970-01-01 00:27:37.814400,1,0,2.0
1970-01-01 00:27:37.962000,1,0,2.0
1970-01-01 00:27:37.965600,1,0,2.0
1970-01-01 00:27:37.969200,1,0,2.0
1970-01-01 00:27:37.972800,1,0,2.0
1970-01-01 00:27:37.976400,1,0,2.0
1970-01-01 00:27:37.980000,1,0,2.0
1970-01-01 00:27:37.983600,1,0,2.0
1970-01-01 00:27:38.019600,1,0,2.0
1970-01-01 00:27:38.037600,0,1,2.0
1970-01-01 00:27:38.098800,1,0,2.0
1970-01-01 00:27:38.102400,1,0,2.0
1970-01-01 00:27:38.106000,1,0,2.0
1970-01-01 00:27:38.113200,1,0,2.0
1970-01-01 00:27:38.116800,1,0,2.0
1970-01-01 00:27:38.138400,1,0,2.0
1970-01-01 00:27:38.142000,1,0,2.0
1970-01-01 00:27:38.145600,1,0,2.0
1970-01-01 00:27:38.149200,0,1,2.0
1970-01-01 00:27:38.156400,0,1,2.0
1970-01-01 00:27:38.160000,0,1,2.0
1970-01-01 00:27:38.210400,1,0,2.0
1970-01-01 00:27:38.214000,1,0,2.0
1970-01-01 00:27:38.217600,1,0,2.0
1970-01-01 00:27:38.221200,1,0,2.0
1970-01-01 00:27:38.224800,1,0,2.0
1970-01-01 00:27:38.228400,1,0,2.0
1970-01-01 00:27:38.271600,1,0,2.0
1970-01-01 00:27:38.275200,1,0,2.0
1970-01-01 00:27:38.278800,1,0,2.0
1970-01-01 00:27:38.282400,1,0,2.0
1970-01-01 00:27:38.286000,1,0,2.0
1970-01-01 00:27:38.289600,1,0,2.0
1970-01-01 00:27:38.293200,1,0,2.0
1970-01-01 00:27:38.296800,1,0,2.0
1970-01-01 00:27:38.325600,0,1,2.0
1970-01-01 00:27:38.329200,0,1,2.0
1970-01-01 00:27:38.350800,0,1,2.0
1970-01-01 00:27:38.480400,0,1,2.0
1970-01-01 00:27:38.484000,0,1,2.0
1970-01-01 00:27:38.487600,0,1,2.0
1970-01-01 00:27:38.491200,0,1,2.0
1970-01-01 00:27:38.494800,0,1,2.0
1970-01-01 00:27:38.498400,0,1,2.0
1970-01-01 00:27:38.552400,0,1,2.0
1970-01-01 00:27:38.556000,0,1,2.0
1970-01-01 00:27:38.559600,0,1,2.0
1970-01-01 00:27:38.563200,0,1,2.0
1970-01-01 00:27:38.566800,0,1,2.0
1970-01-01 00:27:38.570400,0,1,2.0
1970-01-01 00:27:38.599200,1,0,2.0
1970-01-01 00:27:38.685600,0,1,2.0
1970-01-01 00:27:38.689200,0,1,2.0
1970-01-01 00:27:38.692800,0,1,2.0
1970-01-01 00:27:38.696400,0,1,2.0
1970-01-01 00:27:38.700000,0,1,2.0
1970-01-01 00:27:38.703600,0,1,2.0
1970-01-01 00:27:38.768400,0,1,2.0
1970-01-01 00:27:38.772000,0,1,2.0
1970-01-01 00:27:38.775600,0,1,2.0
1970-01-01 00:27:38.779200,0,1,2.0
1970-01-01 00:27:38.782800,0,1,2.0
1970-01-01 00:27:38.786400,0,1,2.0
1970-01-01 00:27:38.826000,0,1,2.0
1970-01-01 00:27:38.854800,1,0,2.0
1970-01-01 00:27:38.858400,1,0,2.0
1970-01-01 00:27:38.862000,1,0,2.0
1970-01-01 00:27:38.923200,1,0,2.0
1970-01-01 00:27:38.926800,1,0,2.0
1970-01-01 00:27:38.930400,1,0,2.0
1970-01-01 00:27:38.934000,1,0,2.0
1970-01-01 00:27:38.937600,1,0,2.0
1970-01-01 00:27:38.941200,1,0,2.0
1970-01-01 00:27:38.944800,1,0,2.0
1970-01-01 00:27:38.948400,1,0,2.0
1970-01-01 00:27:38.952000,1,0,2.0
1970-01-01 00:27:38.955600,1,0,2.0
1970-01-01 00:27:38.998800,1,0,2.0
1970-01-01 00:27:39.002400,1,0,2.0
1970-01-01 00:27:39.009600,1,0,2.0
1970-01-01 00:27:39.013200,1,0,2.0
1970-01-01 00:27:39.016800,1,0,2.0
1970-01-01 00:27:39.049200,1,0,2.0
1970-01-01 00:27:39.070800,0,1,2.0
1970-01-01 00:27:39.074400,0,1,2.0
1970-01-01 00:27:39.078000,0,1,2.0
1970-01-01 00:27:39.081600,0,1,2.0
1970-01-01 00:27:39.085200,0,1,2.0
1970-01-01 00:27:39.088800,0,1,2.0
1970-01-01 00:27:39.146400,1,0,2.0
1970-01-01 00:27:39.150000,1,0,2.0
1970-01-01 00:27:39.153600,1,0,2.0
1970-01-01 00:27:39.157200,1,0,2.0
1970-01-01 00:27:39.160800,1,0,2.0
1970-01-01 00:27:39.164400,1,0,2.0
1970-01-01 00:27:39.196800,0,1,2.0
1970-01-01 00:27:39.283200,0,1,2.0
1970-01-01 00:27:39.286800,0,1,2.0
1970-01-01 00:27:39.290400,0,1,2.0
1970-01-01 00:27:39.294000,0,1,2.0
1970-01-01 00:27:39.297600,0,1,2.0
1970-01-01 00:27:39.387600,0,1,2.0
1970-01-01 00:27:39.391200,0,1,2.0
1970-01-01 00:27:39.394800,0,1,2.0
1970-01-01 00:27:39.398400,0,1,2.0
1970-01-01 00:27:39.441600,1,0,2.0
1970-01-01 00:27:39.445200,1,0,2.0
1970-01-01 00:27:39.470400,0,1,2.0
1970-01-01 00:27:39.474000,0,1,2.0
1970-01-01 00:27:39.477600,0,1,2.0
1970-01-01 00:27:39.542400,0,1,2.0
1970-01-01 00:27:39.546000,0,1,2.0
1970-01-01 00:27:39.549600,0,1,2.0
1970-01-01 00:27:39.553200,0,1,2.0
1970-01-01 00:27:39.556800,0,1,2.0
1970-01-01 00:27:39.560400,0,1,2.0
1970-01-01 00:27:39.639600,1,0,2.0
1970-01-01 00:27:39.643200,1,0,2.0
1970-01-01 00:27:39.646800,1,0,2.0
1970-01-01 00:27:39.650400,1,0,2.0
1970-01-01 00:27:39.657600,1,0,2.0
1970-01-01 00:27:39.672000,1,0,2.0
1970-01-01 00:27:39.675600,1,0,2.0
1970-01-01 00:27:39.697200,0,1,2.0
1970-01-01 00:27:39.726000,1,0,2.0
1970-01-01 00:27:39.744000,1,0,2.0
1970-01-01 00:27:39.808800,0,1,2.0
1970-01-01 00:27:39.812400,0,1,2.0
1970-01-01 00:27:39.816000,0,1,2.0
1970-01-01 00:27:39.819600,0,1,2.0
1970-01-01 00:27:39.823200,0,1,2.0
1970-01-01 00:27:39.826800,0,1,2.0
1970-01-01 00:27:39.884400,1,0,2.0
1970-01-01 00:27:39.902400,0,1,2.0
1970-01-01 00:27:39.913200,1,0,2.0
1970-01-01 00:27:39.916800,1,0,2.0
1970-01-01 00:27:39.920400,1,0,2.0
1970-01-01 00:27:39.924000,1,0,2.0
1970-01-01 00:27:39.927600,1,0,2.0
1970-01-01 00:27:39.931200,1,0,2.0
1970-01-01 00:27:39.942000,1,0,2.0
1970-01-01 00:27:39.949200,1,0,2.0
1970-01-01 00:27:39.952800,0,0,2.0
1970-01-01 00:27:39.956400,0,0,2.0
1970-01-01 00:27:39.960000,0,0,2.0
1970-01-01 00:27:39.963600,0,1,2.0
1970-01-01 00:27:39.967200,0,1,2.0
1970-01-01 00:27:40.003200,1,0,2.0
1970-01-01 00:27:40.006800,1,0,2.0
1970-01-01 00:27:40.010400,1,0,2.0
1970-01-01 00:27:40.014000,1,0,2.0
1970-01-01 00:27:40.017600,1,0,2.0
1970-01-01 00:27:40.024800,0,1,2.0
1970-01-01 00:27:40.028400,0,1,2.0
1970-01-01 00:27:40.032000,0,1,2.0
1970-01-01 00:27:40.035600,0,1,2.0
1970-01-01 00:27:40.111200,1,0,2.0
1970-01-01 00:27:40.114800,1,0,2.0
1970-01-01 00:27:40.118400,1,0,2.0
1970-01-01 00:27:40.122000,1,0,2.0
1970-01-01 00:27:40.125600,1,0,2.0
1970-01-01 00:27:40.129200,1,0,2.0
1970-01-01 00:27:40.154400,1,0,2.0
1970-01-01 00:27:40.158000,1,0,2.0
1970-01-01 00:27:40.197600,1,0,2.0
1970-01-01 00:27:40.201200,1,0,2.0
1970-01-01 00:27:40.204800,1,0,2.0
1970-01-01 00:27:40.208400,1,0,2.0
1970-01-01 00:27:40.212000,1,0,2.0
1970-01-01 00:27:40.215600,1,0,2.0
1970-01-01 00:27:40.219200,0,1,2.0
1970-01-01 00:27:40.294800,0,1,2.0
1970-01-01 00:27:40.338000,1,0,2.0
1970-01-01 00:27:40.345200,1,0,2.0
1970-01-01 00:27:40.348800,1,0,2.0
1970-01-01 00:27:40.352400,1,0,2.0
1970-01-01 00:27:40.356000,1,0,2.0
1970-01-01 00:27:40.359600,1,0,2.0
1970-01-01 00:27:40.363200,1,0,2.0
1970-01-01 00:27:40.366800,0,1,2.0
1970-01-01 00:27:40.428000,1,0,2.0
1970-01-01 00:27:40.431600,1,0,2.0
1970-01-01 00:27:40.435200,1,0,2.0
1970-01-01 00:27:40.438800,1,0,2.0
1970-01-01 00:27:40.442400,1,0,2.0
1970-01-01 00:27:40.446000,1,0,2.0
1970-01-01 00:27:40.449600,1,0,2.0
1970-01-01 00:27:40.453200,1,0,2.0
1970-01-01 00:27:40.460400,1,0,2.0
1970-01-01 00:27:40.482000,1,0,2.0
1970-01-01 00:27:40.525200,0,1,2.0
1970-01-01 00:27:40.528800,0,1,2.0
1970-01-01 00:27:40.532400,0,1,2.0
1970-01-01 00:27:40.564800,1,0,2.0
1970-01-01 00:27:40.600800,1,0,2.0
1970-01-01 00:27:40.604400,1,0,2.0
1970-01-01 00:27:40.611600,1,0,2.0
1970-01-01 00:27:40.615200,1,0,2.0
1970-01-01 00:27:40.618800,1,0,2.0
1970-01-01 00:27:40.622400,1,0,2.0
1970-01-01 00:27:40.626000,1,0,2.0
1970-01-01 00:27:40.629600,1,0,2.0
1970-01-01 00:27:40.633200,1,0,2.0
1970-01-01 00:27:40.716000,0,1,2.0
1970-01-01 00:27:40.726800,0,1,2.0
1970-01-01 00:27:40.820400,0,1,2.0
1970-01-01 00:27:40.824000,0,1,2.0
1970-01-01 00:27:40.827600,0,1,2.0
1970-01-01 00:27:40.831200,0,1,2.0
1970-01-01 00:27:40.834800,0,1,2.0
1970-01-01 00:27:40.842000,0,1,2.0
1970-01-01 00:27:40.845600,0,1,2.0
1970-01-01 00:27:40.849200,0,1,2.0
1970-01-01 00:27:40.852800,0,1,2.0
1970-01-01 00:27:40.856400,0,1,2.0
1970-01-01 00:27:40.860000,0,1,2.0
1970-01-01 00:27:40.867200,0,1,2.0
1970-01-01 00:27:40.874400,0,1,2.0
1970-01-01 00:27:40.878000,0,1,2.0
1970-01-01 00:27:40.881600,0,1,2.0
1970-01-01 00:27:40.885200,0,1,2.0
1970-01-01 00:27:41.000400,0,1,2.0
1970-01-01 00:27:41.004000,0,1,2.0
1970-01-01 00:27:41.018400,1,0,2.0
1970-01-01 00:27:41.115600,0,1,2.0
1970-01-01 00:27:41.126400,0,1,2.0
1970-01-01 00:27:41.130000,0,1,2.0
1970-01-01 00:27:41.133600,0,1,2.0
1970-01-01 00:27:41.137200,0,1,2.0
1970-01-01 00:27:41.140800,0,1,2.0
1970-01-01 00:27:41.144400,0,1,2.0
1970-01-01 00:27:41.191200,1,0,2.0
1970-01-01 00:27:41.220000,0,1,2.0
1970-01-01 00:27:41.223600,0,1,2.0
1970-01-01 00:27:41.230800,1,0,2.0
1970-01-01 00:27:41.295600,0,1,2.0
1970-01-01 00:27:41.335200,1,0,2.0
1970-01-01 00:27:41.346000,1,0,2.0
1970-01-01 00:27:41.349600,1,0,2.0
1970-01-01 00:27:41.356800,0,1,2.0
1970-01-01 00:27:41.371200,0,1,2.0
1970-01-01 00:27:41.400000,1,0,2.0
1970-01-01 00:27:41.403600,1,0,2.0
1970-01-01 00:27:41.407200,1,0,2.0
1970-01-01 00:27:41.410800,1,0,2.0
1970-01-01 00:27:41.414400,1,0,2.0
1970-01-01 00:27:41.418000,1,0,2.0
1970-01-01 00:27:41.421600,0,1,2.0
1970-01-01 00:27:41.425200,0,1,2.0
1970-01-01 00:27:41.479200,0,1,2.0
1970-01-01 00:27:41.504400,0,1,2.0
1970-01-01 00:27:41.508000,0,1,2.0
1970-01-01 00:27:41.515200,0,1,2.0
1970-01-01 00:27:41.518800,0,1,2.0
1970-01-01 00:27:41.522400,0,1,2.0
1970-01-01 00:27:41.706000,0,1,2.0
1970-01-01 00:27:41.709600,0,1,2.0
1970-01-01 00:27:41.713200,0,1,2.0
1970-01-01 00:27:41.716800,0,1,2.0
1970-01-01 00:27:41.720400,0,1,2.0
1970-01-01 00:27:41.724000,0,1,2.0
1970-01-01 00:27:41.760000,1,0,2.0
1970-01-01 00:27:41.763600,1,0,2.0
1970-01-01 00:27:41.767200,1,0,2.0
1970-01-01 00:27:41.770800,1,0,2.0
1970-01-01 00:27:41.846400,0,1,2.0
1970-01-01 00:27:41.850000,0,1,2.0
1970-01-01 00:27:41.853600,0,1,2.0
1970-01-01 00:27:41.857200,0,1,2.0
1970-01-01 00:27:41.860800,0,1,2.0
1970-01-01 00:27:41.864400,0,1,2.0
1970-01-01 00:27:41.868000,0,1,2.0
1970-01-01 00:27:41.871600,0,1,2.0
1970-01-01 00:27:41.875200,1,0,2.0
1970-01-01 00:27:41.893200,1,0,2.0
1970-01-01 00:27:41.943600,0,1,2.0
1970-01-01 00:27:41.947200,0,1,2.0
1970-01-01 00:27:41.950800,0,1,2.0
1970-01-01 00:27:41.979600,0,1,2.0
1970-01-01 00:27:42.040800,1,0,2.0
1970-01-01 00:27:42.112800,1,0,2.0
1970-01-01 00:27:42.123600,0,1,2.0
1970-01-01 00:27:42.127200,0,1,2.0
1970-01-01 00:27:42.130800,0,1,2.0
1970-01-01 00:27:42.166800,1,0,2.0
1970-01-01 00:27:42.170400,1,0,2.0
1970-01-01 00:27:42.174000,1,0,2.0
1970-01-01 00:27:42.177600,1,0,2.0
1970-01-01 00:27:42.181200,0,1,2.0
1970-01-01 00:27:42.188400,1,0,2.0
1970-01-01 00:27:42.192000,1,0,2.0
1970-01-01 00:27:42.271200,1,0,2.0
1970-01-01 00:27:42.274800,1,0,2.0
1970-01-01 00:27:42.278400,1,0,2.0
1970-01-01 00:27:42.336000,0,1,2.0
1970-01-01 00:27:42.339600,0,1,2.0
1970-01-01 00:27:42.343200,0,1,2.0
1970-01-01 00:27:42.346800,0,1,2.0
1970-01-01 00:27:42.350400,0,1,2.0
1970-01-01 00:27:42.354000,0,1,2.0
1970-01-01 00:27:42.357600,0,1,2.0
1970-01-01 00:27:42.400800,1,0,2.0
1970-01-01 00:27:42.404400,1,0,2.0
1970-01-01 00:27:42.408000,1,0,2.0
1970-01-01 00:27:42.411600,1,0,2.0
1970-01-01 00:27:42.415200,1,0,2.0
1970-01-01 00:27:42.418800,1,0,2.0
1970-01-01 00:27:42.422400,0,1,2.0
1970-01-01 00:27:42.462000,0,1,2.0
1970-01-01 00:27:42.465600,0,1,2.0
1970-01-01 00:27:42.469200,0,1,2.0
1970-01-01 00:27:42.472800,0,1,2.0
1970-01-01 00:27:42.476400,0,1,2.0
1970-01-01 00:27:42.480000,0,1,2.0
1970-01-01 00:27:42.548400,1,0,2.0
1970-01-01 00:27:42.562800,1,0,2.0
1970-01-01 00:27:42.660000,1,0,2.0
1970-01-01 00:27:42.670800,1,0,2.0
1970-01-01 00:27:42.674400,1,0,2.0
1970-01-01 00:27:42.678000,1,0,2.0
1970-01-01 00:27:42.681600,1,0,2.0
1970-01-01 00:27:42.685200,1,0,2.0
1970-01-01 00:27:42.688800,1,0,2.0
1970-01-01 00:27:42.692400,1,0,2.0
1970-01-01 00:27:42.696000,1,0,2.0
1970-01-01 00:27:42.699600,1,0,2.0
1970-01-01 00:27:42.706800,1,0,2.0
1970-01-01 00:27:42.854400,0,1,2.0
1970-01-01 00:27:42.908400,0,1,2.0
1970-01-01 00:27:42.912000,0,1,2.0
1970-01-01 00:27:42.915600,0,1,2.0
1970-01-01 00:27:42.926400,0,1,2.0
1970-01-01 00:27:42.930000,1,0,2.0
1970-01-01 00:27:43.048800,0,1,2.0
1970-01-01 00:27:43.052400,0,1,2.0
1970-01-01 00:27:43.056000,0,1,2.0
1970-01-01 00:27:43.059600,0,1,2.0
1970-01-01 00:27:43.063200,0,1,2.0
1970-01-01 00:27:43.066800,0,1,2.0
1970-01-01 00:27:43.232400,0,1,2.0
1970-01-01 00:27:43.236000,0,1,2.0
1970-01-01 00:27:43.239600,0,1,2.0
1970-01-01 00:27:43.243200,0,1,2.0
1970-01-01 00:27:43.246800,0,1,2.0
1970-01-01 00:27:43.347600,1,0,2.0
1970-01-01 00:27:43.351200,1,0,2.0
1970-01-01 00:27:43.398000,1,0,2.0
1970-01-01 00:27:43.401600,1,0,2.0
1970-01-01 00:27:43.405200,1,0,2.0
1970-01-01 00:27:43.408800,1,0,2.0
1970-01-01 00:27:43.412400,1,0,2.0
1970-01-01 00:27:43.416000,1,0,2.0
1970-01-01 00:27:43.419600,1,0,2.0
1970-01-01 00:27:43.470000,0,1,2.0
1970-01-01 00:27:43.473600,0,1,2.0
1970-01-01 00:27:43.477200,0,1,2.0
1970-01-01 00:27:43.480800,0,1,2.0
1970-01-01 00:27:43.484400,0,1,2.0
1970-01-01 00:27:43.488000,0,1,2.0
1970-01-01 00:27:43.498800,0,1,2.0
1970-01-01 00:27:43.502400,0,1,2.0
1970-01-01 00:27:43.506000,0,1,2.0
1970-01-01 00:27:43.509600,0,1,2.0
1970-01-01 00:27:43.513200,0,1,2.0
1970-01-01 00:27:43.516800,0,1,2.0
1970-01-01 00:27:43.520400,0,1,2.0
1970-01-01 00:27:43.524000,0,1,2.0
1970-01-01 00:27:43.527600,0,1,2.0
1970-01-01 00:27:43.531200,0,1,2.0
1970-01-01 00:27:43.545600,0,1,2.0
1970-01-01 00:27:43.549200,0,1,2.0
1970-01-01 00:27:43.606800,1,0,2.0
1970-01-01 00:27:43.664400,1,0,2.0
1970-01-01 00:27:43.668000,1,0,2.0
1970-01-01 00:27:43.671600,1,0,2.0
1970-01-01 00:27:43.675200,1,0,2.0
1970-01-01 00:27:43.678800,1,0,2.0
1970-01-01 00:27:43.682400,1,0,2.0
1970-01-01 00:27:43.686000,0,1,2.0
1970-01-01 00:27:43.761600,1,0,2.0
1970-01-01 00:27:43.765200,1,0,2.0
1970-01-01 00:27:43.768800,1,0,2.0
1970-01-01 00:27:43.783200,0,1,2.0
1970-01-01 00:27:43.880400,1,0,2.0
1970-01-01 00:27:43.884000,1,0,2.0
1970-01-01 00:27:43.887600,1,0,2.0
1970-01-01 00:27:43.891200,1,0,2.0
1970-01-01 00:27:43.894800,1,0,2.0
1970-01-01 00:27:43.898400,1,0,2.0
1970-01-01 00:27:43.905600,0,1,2.0
1970-01-01 00:27:43.909200,0,1,2.0
1970-01-01 00:27:43.912800,0,1,2.0
1970-01-01 00:27:43.934400,1,0,2.0
1970-01-01 00:27:43.938000,1,0,2.0
1970-01-01 00:27:43.941600,1,0,2.0
1970-01-01 00:27:43.945200,1,0,2.0
1970-01-01 00:27:43.956000,1,0,2.0
1970-01-01 00:27:43.959600,1,0,2.0
1970-01-01 00:27:43.963200,1,0,2.0
1970-01-01 00:27:43.966800,1,0,2.0
1970-01-01 00:27:43.970400,1,0,2.0
1970-01-01 00:27:43.974000,1,0,2.0
1970-01-01 00:27:44.031600,0,1,2.0
1970-01-01 00:27:44.035200,0,1,2.0
1970-01-01 00:27:44.038800,0,1,2.0
1970-01-01 00:27:44.107200,0,1,2.0
1970-01-01 00:27:44.118000,0,1,2.0
1970-01-01 00:27:44.125200,0,1,2.0
1970-01-01 00:27:44.128800,0,1,2.0
1970-01-01 00:27:44.172000,1,0,2.0
1970-01-01 00:27:44.222400,1,0,2.0
1970-01-01 00:27:44.226000,1,0,2.0
1970-01-01 00:27:44.229600,1,0,2.0
1970-01-01 00:27:44.233200,1,0,2.0
1970-01-01 00:27:44.236800,1,0,2.0
1970-01-01 00:27:44.272800,0,1,2.0
1970-01-01 00:27:44.276400,0,1,2.0
1970-01-01 00:27:44.280000,0,1,2.0
1970-01-01 00:27:44.283600,0,1,2.0
1970-01-01 00:27:44.287200,0,1,2.0
1970-01-01 00:27:44.290800,0,1,2.0
1970-01-01 00:27:44.316000,0,1,2.0
1970-01-01 00:27:44.319600,0,1,2.0
1970-01-01 00:27:44.323200,0,1,2.0
1970-01-01 00:27:44.355600,1,0,2.0
1970-01-01 00:27:44.359200,1,0,2.0
1970-01-01 00:27:44.470800,1,0,2.0
1970-01-01 00:27:44.474400,1,0,2.0
1970-01-01 00:27:44.524800,0,1,2.0
1970-01-01 00:27:44.539200,1,0,2.0
1970-01-01 00:27:44.553600,1,0,2.0
1970-01-01 00:27:44.557200,1,0,2.0
1970-01-01 00:27:44.560800,1,0,2.0
1970-01-01 00:27:44.564400,1,0,2.0
1970-01-01 00:27:44.568000,1,0,2.0
1970-01-01 00:27:44.683200,0,1,2.0
1970-01-01 00:27:44.686800,0,1,2.0
1970-01-01 00:27:44.690400,0,1,2.0
1970-01-01 00:27:44.694000,0,1,2.0
1970-01-01 00:27:44.697600,0,1,2.0
1970-01-01 00:27:44.701200,0,1,2.0
1970-01-01 00:27:44.737200,0,1,2.0
1970-01-01 00:27:44.769600,1,0,2.0
1970-01-01 00:27:44.859600,1,0,2.0
1970-01-01 00:27:44.877600,1,0,2.0
1970-01-01 00:27:44.881200,1,0,2.0
1970-01-01 00:27:44.884800,1,0,2.0
1970-01-01 00:27:44.888400,1,0,2.0
1970-01-01 00:27:44.892000,1,0,2.0
1970-01-01 00:27:44.895600,1,0,2.0
1970-01-01 00:27:44.899200,0,1,2.0
1970-01-01 00:27:44.902800,1,0,2.0
1970-01-01 00:27:44.906400,1,0,2.0
1970-01-01 00:27:44.953200,0,1,2.0
1970-01-01 00:27:44.974800,1,0,2.0
1970-01-01 00:27:44.978400,1,0,2.0
1970-01-01 00:27:45.003600,1,0,2.0
1970-01-01 00:27:45.054000,0,1,2.0
1970-01-01 00:27:45.057600,0,1,2.0
1970-01-01 00:27:45.129600,0,1,2.0
1970-01-01 00:27:45.133200,0,1,2.0
1970-01-01 00:27:45.136800,0,1,2.0
1970-01-01 00:27:45.140400,0,1,2.0
1970-01-01 00:27:45.241200,0,1,2.0
1970-01-01 00:27:45.244800,0,1,2.0
1970-01-01 00:27:45.248400,0,1,2.0
1970-01-01 00:27:45.252000,0,1,2.0
1970-01-01 00:27:45.255600,0,1,2.0
1970-01-01 00:27:45.259200,0,1,2.0
1970-01-01 00:27:45.352800,1,0,2.0
1970-01-01 00:27:45.363600,0,1,2.0
1970-01-01 00:27:45.367200,0,1,2.0
1970-01-01 00:27:45.370800,0,1,2.0
1970-01-01 00:27:45.374400,0,1,2.0
1970-01-01 00:27:45.378000,0,1,2.0
1970-01-01 00:27:45.381600,0,1,2.0
1970-01-01 00:27:45.385200,0,1,2.0
1970-01-01 00:27:45.403200,0,1,2.0
1970-01-01 00:27:45.421200,0,1,2.0
1970-01-01 00:27:45.424800,0,1,2.0
1970-01-01 00:27:45.428400,0,1,2.0
1970-01-01 00:27:45.432000,0,1,2.0
1970-01-01 00:27:45.435600,0,1,2.0
1970-01-01 00:27:45.439200,0,1,2.0
1970-01-01 00:27:45.468000,1,0,2.0
1970-01-01 00:27:45.478800,1,0,2.0
1970-01-01 00:27:45.604800,0,1,2.0
1970-01-01 00:27:45.608400,0,1,2.0
1970-01-01 00:27:45.612000,0,1,2.0
1970-01-01 00:27:45.615600,0,1,2.0
1970-01-01 00:27:45.619200,0,1,2.0
1970-01-01 00:27:45.622800,0,1,2.0
1970-01-01 00:27:45.626400,0,1,2.0
1970-01-01 00:27:45.630000,0,1,2.0
1970-01-01 00:27:45.633600,0,1,2.0
1970-01-01 00:27:45.637200,0,1,2.0
1970-01-01 00:27:45.640800,0,1,2.0
1970-01-01 00:27:45.644400,0,1,2.0
1970-01-01 00:27:45.648000,0,1,2.0
1970-01-01 00:27:45.651600,0,0,2.0
1970-01-01 00:27:45.655200,1,0,2.0
1970-01-01 00:27:45.658800,1,0,2.0
1970-01-01 00:27:45.662400,1,0,2.0
1970-01-01 00:27:45.666000,1,0,2.0
1970-01-01 00:27:45.669600,1,0,2.0
1970-01-01 00:27:45.738000,0,1,2.0
1970-01-01 00:27:45.741600,0,1,2.0
1970-01-01 00:27:45.748800,0,1,2.0
1970-01-01 00:27:45.752400,0,1,2.0
1970-01-01 00:27:45.756000,0,1,2.0
1970-01-01 00:27:45.759600,0,1,2.0
1970-01-01 00:27:45.824400,1,0,2.0
1970-01-01 00:27:45.936000,1,0,2.0
1970-01-01 00:27:45.939600,1,0,2.0
1970-01-01 00:27:45.943200,1,0,2.0
1970-01-01 00:27:45.946800,0,1,2.0
1970-01-01 00:27:46.076400,0,1,2.0
1970-01-01 00:27:46.090800,1,0,2.0
1970-01-01 00:27:46.094400,0,0,2.0
1970-01-01 00:27:46.098000,1,0,2.0
1970-01-01 00:27:46.101600,1,0,2.0
1970-01-01 00:27:46.105200,1,0,2.0
1970-01-01 00:27:46.108800,1,0,2.0
1970-01-01 00:27:46.184400,1,0,2.0
1970-01-01 00:27:46.188000,1,0,2.0
1970-01-01 00:27:46.191600,1,0,2.0
1970-01-01 00:27:46.195200,1,0,2.0
1970-01-01 00:27:46.198800,1,0,2.0
1970-01-01 00:27:46.206000,0,1,2.0
1970-01-01 00:27:46.317600,0,1,2.0
1970-01-01 00:27:46.350000,1,0,2.0
1970-01-01 00:27:46.512000,0,1,2.0
1970-01-01 00:27:46.522800,1,0,2.0
1970-01-01 00:27:46.526400,1,0,2.0
1970-01-01 00:27:46.533600,1,0,2.0
1970-01-01 00:27:46.540800,1,0,2.0
1970-01-01 00:27:46.548000,1,0,2.0
1970-01-01 00:27:46.551600,1,0,2.0
1970-01-01 00:27:46.555200,1,0,2.0
1970-01-01 00:27:46.566000,0,1,2.0
1970-01-01 00:27:46.569600,0,1,2.0
1970-01-01 00:27:46.573200,0,1,2.0
1970-01-01 00:27:46.576800,0,1,2.0
1970-01-01 00:27:46.645200,1,0,2.0
1970-01-01 00:27:46.648800,1,0,2.0
1970-01-01 00:27:46.652400,1,0,2.0
1970-01-01 00:27:46.656000,1,0,2.0
1970-01-01 00:27:46.659600,1,0,2.0
1970-01-01 00:27:46.684800,1,0,2.0
1970-01-01 00:27:46.688400,1,0,2.0
1970-01-01 00:27:46.692000,1,0,2.0
1970-01-01 00:27:46.695600,1,0,2.0
1970-01-01 00:27:46.699200,1,0,2.0
1970-01-01 00:27:46.702800,1,0,2.0
1970-01-01 00:27:46.706400,1,0,2.0
1970-01-01 00:27:46.710000,1,0,2.0
1970-01-01 00:27:46.713600,1,0,2.0
1970-01-01 00:27:46.728000,1,0,2.0
1970-01-01 00:27:46.731600,1,0,2.0
1970-01-01 00:27:46.735200,1,0,2.0
1970-01-01 00:27:46.738800,1,0,2.0
1970-01-01 00:27:46.742400,1,0,2.0
1970-01-01 00:27:46.746000,1,0,2.0
1970-01-01 00:27:46.767600,1,0,2.0
1970-01-01 00:27:46.771200,1,0,2.0
1970-01-01 00:27:46.774800,1,0,2.0
1970-01-01 00:27:46.785600,1,0,2.0
1970-01-01 00:27:46.789200,1,0,2.0
1970-01-01 00:27:46.792800,1,0,2.0
1970-01-01 00:27:46.796400,1,0,2.0
1970-01-01 00:27:46.800000,1,0,2.0
1970-01-01 00:27:46.803600,1,0,2.0
1970-01-01 00:27:46.818000,1,0,2.0
1970-01-01 00:27:46.821600,1,0,2.0
1970-01-01 00:27:46.825200,1,0,2.0
1970-01-01 00:27:46.828800,1,0,2.0
1970-01-01 00:27:46.832400,1,0,2.0
1970-01-01 00:27:46.836000,1,0,2.0
1970-01-01 00:27:46.846800,0,1,2.0
1970-01-01 00:27:46.875600,1,0,2.0
1970-01-01 00:27:46.879200,1,0,2.0
1970-01-01 00:27:46.882800,1,0,2.0
1970-01-01 00:27:46.886400,1,0,2.0
1970-01-01 00:27:46.890000,1,0,2.0
1970-01-01 00:27:46.893600,0,1,2.0
1970-01-01 00:27:46.897200,0,1,2.0
1970-01-01 00:27:46.900800,0,1,2.0
1970-01-01 00:27:46.904400,0,1,2.0
1970-01-01 00:27:46.922400,1,0,2.0
1970-01-01 00:27:46.926000,1,0,2.0
1970-01-01 00:27:46.929600,1,0,2.0
1970-01-01 00:27:46.933200,1,0,2.0
1970-01-01 00:27:46.936800,1,0,2.0
1970-01-01 00:27:46.940400,1,0,2.0
1970-01-01 00:27:46.944000,1,0,2.0
1970-01-01 00:27:46.951200,1,0,2.0
1970-01-01 00:27:46.954800,1,0,2.0
1970-01-01 00:27:47.005200,1,0,2.0
1970-01-01 00:27:47.008800,1,0,2.0
1970-01-01 00:27:47.012400,1,0,2.0
1970-01-01 00:27:47.016000,1,0,2.0
1970-01-01 00:27:47.019600,1,0,2.0
1970-01-01 00:27:47.023200,1,0,2.0
1970-01-01 00:27:47.026800,1,0,2.0
1970-01-01 00:27:47.030400,1,0,2.0
1970-01-01 00:27:47.034000,1,0,2.0
1970-01-01 00:27:47.037600,1,0,2.0
1970-01-01 00:27:47.041200,1,0,2.0
1970-01-01 00:27:47.044800,1,0,2.0
1970-01-01 00:27:47.048400,1,0,2.0
1970-01-01 00:27:47.052000,1,0,2.0
1970-01-01 00:27:47.127600,0,1,2.0
1970-01-01 00:27:47.221200,1,0,2.0
1970-01-01 00:27:47.253600,1,0,2.0
1970-01-01 00:27:47.257200,1,0,2.0
1970-01-01 00:27:47.260800,1,0,2.0
1970-01-01 00:27:47.264400,1,0,2.0
1970-01-01 00:27:47.268000,1,0,2.0
1970-01-01 00:27:47.271600,1,0,2.0
1970-01-01 00:27:47.275200,1,0,2.0
1970-01-01 00:27:47.289600,0,0,2.0
1970-01-01 00:27:47.293200,0,1,2.0
1970-01-01 00:27:47.296800,0,1,2.0
1970-01-01 00:27:47.358000,0,1,2.0
1970-01-01 00:27:47.361600,0,1,2.0
1970-01-01 00:27:47.368800,0,1,2.0
1970-01-01 00:27:47.376000,0,1,2.0
1970-01-01 00:27:47.498400,0,1,2.0
1970-01-01 00:27:47.502000,0,1,2.0
1970-01-01 00:27:47.505600,0,1,2.0
1970-01-01 00:27:47.509200,0,1,2.0
1970-01-01 00:27:47.512800,0,1,2.0
1970-01-01 00:27:47.548800,1,0,2.0
1970-01-01 00:27:47.552400,1,0,2.0
1970-01-01 00:27:47.556000,1,0,2.0
1970-01-01 00:27:47.559600,1,0,2.0
1970-01-01 00:27:47.602800,1,0,2.0
1970-01-01 00:27:47.610000,1,0,2.0
1970-01-01 00:27:47.613600,1,0,2.0
1970-01-01 00:27:47.617200,1,0,2.0
1970-01-01 00:27:47.674800,0,1,2.0
1970-01-01 00:27:47.678400,0,1,2.0
1970-01-01 00:27:47.682000,0,1,2.0
1970-01-01 00:27:47.685600,0,1,2.0
1970-01-01 00:27:47.739600,0,1,2.0
1970-01-01 00:27:47.743200,0,1,2.0
1970-01-01 00:27:47.746800,0,1,2.0
1970-01-01 00:27:47.750400,0,1,2.0
1970-01-01 00:27:47.754000,0,1,2.0
1970-01-01 00:27:47.757600,0,1,2.0
1970-01-01 00:27:47.761200,0,1,2.0
1970-01-01 00:27:47.764800,0,1,2.0
1970-01-01 00:27:47.772000,0,1,2.0
1970-01-01 00:27:47.836800,0,1,2.0
1970-01-01 00:27:47.840400,0,1,2.0
1970-01-01 00:27:47.844000,0,1,2.0
1970-01-01 00:27:47.847600,0,1,2.0
1970-01-01 00:27:47.851200,0,1,2.0
1970-01-01 00:27:47.854800,0,1,2.0
1970-01-01 00:27:47.858400,0,1,2.0
1970-01-01 00:27:47.862000,0,1,2.0
1970-01-01 00:27:47.865600,0,1,2.0
1970-01-01 00:27:47.869200,0,1,2.0
1970-01-01 00:27:47.872800,0,1,2.0
1970-01-01 00:27:47.923200,0,1,2.0
1970-01-01 00:27:47.926800,0,1,2.0
1970-01-01 00:27:47.984400,1,0,2.0
1970-01-01 00:27:47.988000,1,0,2.0
1970-01-01 00:27:47.995200,0,1,2.0
1970-01-01 00:27:47.998800,0,1,2.0
1970-01-01 00:27:48.002400,0,1,2.0
1970-01-01 00:27:48.006000,0,1,2.0
1970-01-01 00:27:48.009600,0,1,2.0
1970-01-01 00:27:48.013200,0,1,2.0
1970-01-01 00:27:48.020400,0,1,2.0
1970-01-01 00:27:48.067200,1,0,2.0
1970-01-01 00:27:48.070800,1,0,2.0
1970-01-01 00:27:48.074400,1,0,2.0
1970-01-01 00:27:48.078000,1,0,2.0
1970-01-01 00:27:48.081600,1,0,2.0
1970-01-01 00:27:48.168000,0,1,2.0
1970-01-01 00:27:48.207600,0,1,2.0
1970-01-01 00:27:48.214800,0,0,2.0
1970-01-01 00:27:48.222000,1,0,2.0
1970-01-01 00:27:48.225600,1,0,2.0
1970-01-01 00:27:48.229200,1,0,2.0
1970-01-01 00:27:48.232800,1,0,2.0
1970-01-01 00:27:48.236400,1,0,2.0
1970-01-01 00:27:48.240000,1,0,2.0
1970-01-01 00:27:48.243600,1,0,2.0
1970-01-01 00:27:48.308400,0,1,2.0
1970-01-01 00:27:48.366000,0,1,2.0
1970-01-01 00:27:48.376800,0,1,2.0
1970-01-01 00:27:48.380400,0,1,2.0
1970-01-01 00:27:48.384000,1,0,2.0
1970-01-01 00:27:48.387600,1,0,2.0
1970-01-01 00:27:48.391200,1,0,2.0
1970-01-01 00:27:48.394800,1,0,2.0
1970-01-01 00:27:48.398400,1,0,2.0
1970-01-01 00:27:48.402000,1,0,2.0
1970-01-01 00:27:48.556800,1,0,2.0
1970-01-01 00:27:48.560400,1,0,2.0
1970-01-01 00:27:48.574800,0,0,2.0
1970-01-01 00:27:48.578400,0,1,2.0
1970-01-01 00:27:48.582000,0,1,2.0
1970-01-01 00:27:48.585600,0,1,2.0
1970-01-01 00:27:48.589200,0,1,2.0
1970-01-01 00:27:48.592800,0,1,2.0
1970-01-01 00:27:48.668400,0,1,2.0
1970-01-01 00:27:48.895200,1,0,2.0
1970-01-01 00:27:48.898800,1,0,2.0
1970-01-01 00:27:48.913200,0,1,2.0
1970-01-01 00:27:48.916800,0,1,2.0
1970-01-01 00:27:48.920400,0,1,2.0
1970-01-01 00:27:48.924000,0,1,2.0
1970-01-01 00:27:48.927600,0,1,2.0
1970-01-01 00:27:48.931200,0,1,2.0
1970-01-01 00:27:48.934800,0,1,2.0
1970-01-01 00:27:48.938400,0,1,2.0
1970-01-01 00:27:48.952800,0,1,2.0
1970-01-01 00:27:48.956400,0,1,2.0
1970-01-01 00:27:48.960000,0,1,2.0
1970-01-01 00:27:48.963600,0,1,2.0
1970-01-01 00:27:48.967200,0,1,2.0
1970-01-01 00:27:48.970800,0,1,2.0
1970-01-01 00:27:48.974400,0,1,2.0
1970-01-01 00:27:48.981600,0,1,2.0
1970-01-01 00:27:49.032000,0,1,2.0
1970-01-01 00:27:49.035600,0,1,2.0
1970-01-01 00:27:49.039200,0,1,2.0
1970-01-01 00:27:49.042800,0,1,2.0
1970-01-01 00:27:49.046400,0,1,2.0
1970-01-01 00:27:49.050000,0,1,2.0
1970-01-01 00:27:49.057200,1,0,2.0
1970-01-01 00:27:49.100400,1,0,2.0
1970-01-01 00:27:49.104000,1,0,2.0
1970-01-01 00:27:49.107600,1,0,2.0
1970-01-01 00:27:49.111200,1,0,2.0
1970-01-01 00:27:49.114800,1,0,2.0
1970-01-01 00:27:49.118400,1,0,2.0
1970-01-01 00:27:49.150800,1,0,2.0
1970-01-01 00:27:49.154400,1,0,2.0
1970-01-01 00:27:49.158000,1,0,2.0
1970-01-01 00:27:49.161600,1,0,2.0
1970-01-01 00:27:49.165200,1,0,2.0
1970-01-01 00:27:49.194000,0,1,2.0
1970-01-01 00:27:49.197600,0,1,2.0
1970-01-01 00:27:49.201200,0,1,2.0
1970-01-01 00:27:49.230000,1,0,2.0
1970-01-01 00:27:49.237200,1,0,2.0
1970-01-01 00:27:49.240800,1,0,2.0
1970-01-01 00:27:49.248000,1,0,2.0
1970-01-01 00:27:49.348800,1,0,2.0
1970-01-01 00:27:49.352400,1,0,2.0
1970-01-01 00:27:49.356000,1,0,2.0
1970-01-01 00:27:49.359600,1,0,2.0
1970-01-01 00:27:49.363200,1,0,2.0
1970-01-01 00:27:49.366800,1,0,2.0
1970-01-01 00:27:49.402800,1,0,2.0
1970-01-01 00:27:49.406400,1,0,2.0
1970-01-01 00:27:49.410000,1,0,2.0
1970-01-01 00:27:49.413600,1,0,2.0
1970-01-01 00:27:49.500000,1,0,2.0
1970-01-01 00:27:49.503600,1,0,2.0
1970-01-01 00:27:49.507200,1,0,2.0
1970-01-01 00:27:49.510800,1,0,2.0
1970-01-01 00:27:49.514400,1,0,2.0
1970-01-01 00:27:49.518000,1,0,2.0
1970-01-01 00:27:49.521600,1,0,2.0
1970-01-01 00:27:49.525200,1,0,2.0
1970-01-01 00:27:49.528800,1,0,2.0
1970-01-01 00:27:49.532400,1,0,2.0
1970-01-01 00:27:49.536000,1,0,2.0
1970-01-01 00:27:49.539600,1,0,2.0
1970-01-01 00:27:49.575600,0,1,2.0
1970-01-01 00:27:49.579200,0,1,2.0
1970-01-01 00:27:49.582800,0,1,2.0
1970-01-01 00:27:49.586400,0,1,2.0
1970-01-01 00:27:49.662000,1,0,2.0
1970-01-01 00:27:49.665600,1,0,2.0
1970-01-01 00:27:49.669200,1,0,2.0
1970-01-01 00:27:49.672800,1,0,2.0
1970-01-01 00:27:49.676400,1,0,2.0
1970-01-01 00:27:49.680000,1,0,2.0
1970-01-01 00:27:49.744800,1,0,2.0
1970-01-01 00:27:49.748400,1,0,2.0
1970-01-01 00:27:49.752000,1,0,2.0
1970-01-01 00:27:49.755600,1,0,2.0
1970-01-01 00:27:49.759200,1,0,2.0
1970-01-01 00:27:49.762800,1,0,2.0
1970-01-01 00:27:49.827600,1,0,2.0
1970-01-01 00:27:49.831200,1,0,2.0
1970-01-01 00:27:49.834800,1,0,2.0
1970-01-01 00:27:49.928400,0,0,2.0
1970-01-01 00:27:49.932000,0,1,2.0
1970-01-01 00:27:49.935600,0,1,2.0
1970-01-01 00:27:49.939200,0,1,2.0
1970-01-01 00:27:50.000400,1,0,2.0
1970-01-01 00:27:50.004000,1,0,2.0
1970-01-01 00:27:50.007600,1,0,2.0
1970-01-01 00:27:50.011200,1,0,2.0
1970-01-01 00:27:50.014800,1,0,2.0
1970-01-01 00:27:50.036400,0,1,2.0
1970-01-01 00:27:50.040000,0,1,2.0
1970-01-01 00:27:50.043600,0,1,2.0
1970-01-01 00:27:50.054400,1,0,2.0
1970-01-01 00:27:50.061600,1,0,2.0
1970-01-01 00:27:50.104800,1,0,2.0
1970-01-01 00:27:50.108400,1,0,2.0
1970-01-01 00:27:50.205600,1,0,2.0
1970-01-01 00:27:50.209200,1,0,2.0
1970-01-01 00:27:50.212800,1,0,2.0
1970-01-01 00:27:50.216400,1,0,2.0
1970-01-01 00:27:50.220000,1,0,2.0
1970-01-01 00:27:50.223600,1,0,2.0
1970-01-01 00:27:50.227200,0,1,2.0
1970-01-01 00:27:50.230800,0,1,2.0
1970-01-01 00:27:50.234400,0,1,2.0
1970-01-01 00:27:50.238000,0,1,2.0
1970-01-01 00:27:50.245200,0,1,2.0
1970-01-01 00:27:50.248800,0,1,2.0
1970-01-01 00:27:50.374800,0,1,2.0
1970-01-01 00:27:50.378400,0,1,2.0
1970-01-01 00:27:50.382000,0,1,2.0
1970-01-01 00:27:50.385600,0,1,2.0
1970-01-01 00:27:50.389200,0,1,2.0
1970-01-01 00:27:50.392800,0,1,2.0
1970-01-01 00:27:50.515200,1,0,2.0
1970-01-01 00:27:50.580000,0,1,2.0
1970-01-01 00:27:50.583600,0,1,2.0
1970-01-01 00:27:50.587200,0,1,2.0
1970-01-01 00:27:50.767200,0,1,2.0
1970-01-01 00:27:50.770800,0,1,2.0
1970-01-01 00:27:50.774400,0,1,2.0
1970-01-01 00:27:50.778000,0,1,2.0
1970-01-01 00:27:50.781600,0,1,2.0
1970-01-01 00:27:50.785200,0,1,2.0
1970-01-01 00:27:50.788800,0,1,2.0
1970-01-01 00:27:50.792400,0,1,2.0
1970-01-01 00:27:50.796000,0,1,2.0
1970-01-01 00:27:50.799600,0,1,2.0
1970-01-01 00:27:50.803200,0,1,2.0
1970-01-01 00:27:50.806800,0,1,2.0
1970-01-01 00:27:50.864400,1,0,2.0
1970-01-01 00:27:50.868000,1,0,2.0
1970-01-01 00:27:50.871600,1,0,2.0
1970-01-01 00:27:50.875200,1,0,2.0
1970-01-01 00:27:50.889600,0,1,2.0
1970-01-01 00:27:50.914800,1,0,2.0
1970-01-01 00:27:50.918400,1,0,2.0
1970-01-01 00:27:50.922000,1,0,2.0
1970-01-01 00:27:50.925600,1,0,2.0
1970-01-01 00:27:50.929200,1,0,2.0
1970-01-01 00:27:50.932800,1,0,2.0
1970-01-01 00:27:50.936400,0,1,2.0
1970-01-01 00:27:50.940000,0,1,2.0
1970-01-01 00:27:51.022800,0,1,2.0
1970-01-01 00:27:51.026400,0,1,2.0
1970-01-01 00:27:51.030000,0,1,2.0
1970-01-01 00:27:51.033600,0,1,2.0
1970-01-01 00:27:51.037200,0,1,2.0
1970-01-01 00:27:51.040800,0,1,2.0
1970-01-01 00:27:51.102000,0,1,2.0
1970-01-01 00:27:51.105600,0,1,2.0
1970-01-01 00:27:51.116400,0,1,2.0
1970-01-01 00:27:51.120000,0,1,2.0
1970-01-01 00:27:51.138000,1,0,2.0
1970-01-01 00:27:51.141600,1,0,2.0
1970-01-01 00:27:51.159600,0,1,2.0
1970-01-01 00:27:51.163200,0,1,2.0
1970-01-01 00:27:51.166800,0,1,2.0
1970-01-01 00:27:51.170400,0,1,2.0
1970-01-01 00:27:51.174000,0,1,2.0
1970-01-01 00:27:51.177600,0,1,2.0
1970-01-01 00:27:51.184800,0,1,2.0
1970-01-01 00:27:51.188400,0,1,2.0
1970-01-01 00:27:51.192000,0,1,2.0
1970-01-01 00:27:51.199200,0,1,2.0
1970-01-01 00:27:51.206400,0,1,2.0
1970-01-01 00:27:51.210000,0,1,2.0
1970-01-01 00:27:51.213600,0,1,2.0
1970-01-01 00:27:51.217200,0,1,2.0
1970-01-01 00:27:51.220800,0,1,2.0
1970-01-01 00:27:51.224400,0,1,2.0
1970-01-01 00:27:51.296400,1,0,2.0
1970-01-01 00:27:51.300000,1,0,2.0
1970-01-01 00:27:51.303600,1,0,2.0
1970-01-01 00:27:51.336000,0,1,2.0
1970-01-01 00:27:51.339600,0,1,2.0
1970-01-01 00:27:51.343200,0,1,2.0
1970-01-01 00:27:51.346800,0,1,2.0
1970-01-01 00:27:51.350400,0,1,2.0
1970-01-01 00:27:51.372000,1,0,2.0
1970-01-01 00:27:51.375600,1,0,2.0
1970-01-01 00:27:51.379200,1,0,2.0
1970-01-01 00:27:51.400800,0,1,2.0
1970-01-01 00:27:51.408000,0,1,2.0
1970-01-01 00:27:51.411600,0,1,2.0
1970-01-01 00:27:51.444000,0,1,2.0
1970-01-01 00:27:51.447600,0,1,2.0
1970-01-01 00:27:51.451200,0,1,2.0
1970-01-01 00:27:51.454800,0,1,2.0
1970-01-01 00:27:51.458400,0,1,2.0
1970-01-01 00:27:51.462000,0,1,2.0
1970-01-01 00:27:51.465600,0,1,2.0
1970-01-01 00:27:51.469200,0,1,2.0
1970-01-01 00:27:51.487200,1,0,2.0
1970-01-01 00:27:51.490800,1,0,2.0
1970-01-01 00:27:51.573600,0,1,2.0
1970-01-01 00:27:51.577200,0,1,2.0
1970-01-01 00:27:51.580800,0,1,2.0
1970-01-01 00:27:51.584400,0,1,2.0
1970-01-01 00:27:51.649200,1,0,2.0
1970-01-01 00:27:51.685200,1,0,2.0
1970-01-01 00:27:51.688800,1,0,2.0
1970-01-01 00:27:51.692400,1,0,2.0
1970-01-01 00:27:51.696000,1,0,2.0
1970-01-01 00:27:51.699600,1,0,2.0
1970-01-01 00:27:51.703200,1,0,2.0
1970-01-01 00:27:51.706800,0,1,2.0
1970-01-01 00:27:51.710400,0,1,2.0
1970-01-01 00:27:51.721200,1,0,2.0
1970-01-01 00:27:51.728400,1,0,2.0
1970-01-01 00:27:51.955200,0,1,2.0
1970-01-01 00:27:51.958800,0,1,2.0
1970-01-01 00:27:51.962400,0,1,2.0
1970-01-01 00:27:51.966000,0,1,2.0
1970-01-01 00:27:51.969600,0,1,2.0
1970-01-01 00:27:51.973200,0,1,2.0
1970-01-01 00:27:51.976800,0,1,2.0
1970-01-01 00:27:51.987600,1,0,2.0
1970-01-01 00:27:51.991200,1,0,2.0
1970-01-01 00:27:52.070400,0,1,2.0
1970-01-01 00:27:52.074000,0,1,2.0
1970-01-01 00:27:52.092000,1,0,2.0
1970-01-01 00:27:52.138800,0,1,2.0
1970-01-01 00:27:52.142400,0,1,2.0
1970-01-01 00:27:52.146000,0,1,2.0
1970-01-01 00:27:52.174800,0,1,2.0
1970-01-01 00:27:52.178400,0,1,2.0
1970-01-01 00:27:52.182000,0,1,2.0
1970-01-01 00:27:52.185600,0,1,2.0
1970-01-01 00:27:52.189200,0,1,2.0
1970-01-01 00:27:52.192800,0,1,2.0
1970-01-01 00:27:52.326000,0,1,2.0
1970-01-01 00:27:52.329600,0,1,2.0
1970-01-01 00:27:52.333200,0,1,2.0
1970-01-01 00:27:52.336800,0,1,2.0
1970-01-01 00:27:52.347600,1,0,2.0
1970-01-01 00:27:52.358400,0,1,2.0
1970-01-01 00:27:52.362000,0,1,2.0
1970-01-01 00:27:52.365600,0,1,2.0
1970-01-01 00:27:52.369200,0,1,2.0
1970-01-01 00:27:52.372800,0,1,2.0
1970-01-01 00:27:52.376400,0,1,2.0
1970-01-01 00:27:52.380000,0,1,2.0
1970-01-01 00:27:52.455600,1,0,2.0
1970-01-01 00:27:52.459200,1,0,2.0
1970-01-01 00:27:52.462800,1,0,2.0
1970-01-01 00:27:52.466400,1,0,2.0
1970-01-01 00:27:52.470000,1,0,2.0
1970-01-01 00:27:52.581600,1,0,2.0
1970-01-01 00:27:52.599600,0,1,2.0
1970-01-01 00:27:52.603200,0,1,2.0
1970-01-01 00:27:52.606800,0,1,2.0
1970-01-01 00:27:52.610400,0,1,2.0
1970-01-01 00:27:52.614000,0,1,2.0
1970-01-01 00:27:52.621200,1,0,2.0
1970-01-01 00:27:52.624800,1,0,2.0
1970-01-01 00:27:52.628400,1,0,2.0
1970-01-01 00:27:52.632000,1,0,2.0
1970-01-01 00:27:52.635600,1,0,2.0
1970-01-01 00:27:52.639200,1,0,2.0
1970-01-01 00:27:52.693200,0,1,2.0
1970-01-01 00:27:52.740000,0,1,2.0
1970-01-01 00:27:52.743600,0,1,2.0
1970-01-01 00:27:52.747200,0,1,2.0
1970-01-01 00:27:52.750800,0,1,2.0
1970-01-01 00:27:52.758000,0,1,2.0
1970-01-01 00:27:52.772400,1,0,2.0
1970-01-01 00:27:52.776000,1,0,2.0
1970-01-01 00:27:52.779600,1,0,2.0
1970-01-01 00:27:52.783200,1,0,2.0
1970-01-01 00:27:52.786800,1,0,2.0
1970-01-01 00:27:52.790400,1,0,2.0
1970-01-01 00:27:52.794000,1,0,2.0
1970-01-01 00:27:52.869600,1,0,2.0
1970-01-01 00:27:52.873200,1,0,2.0
1970-01-01 00:27:52.876800,1,0,2.0
1970-01-01 00:27:52.880400,1,0,2.0
1970-01-01 00:27:52.887600,1,0,2.0
1970-01-01 00:27:52.894800,0,1,2.0
1970-01-01 00:27:53.010000,1,0,2.0
1970-01-01 00:27:53.013600,1,0,2.0
1970-01-01 00:27:53.125200,0,1,2.0
1970-01-01 00:27:53.175600,1,0,2.0
1970-01-01 00:27:53.179200,1,0,2.0
1970-01-01 00:27:53.182800,1,0,2.0
1970-01-01 00:27:53.186400,0,0,2.0
1970-01-01 00:27:53.193600,1,0,2.0
1970-01-01 00:27:53.197200,1,0,2.0
1970-01-01 00:27:53.200800,1,0,2.0
1970-01-01 00:27:53.204400,1,0,2.0
1970-01-01 00:27:53.208000,1,0,2.0
1970-01-01 00:27:53.211600,1,0,2.0
1970-01-01 00:27:53.215200,1,0,2.0
1970-01-01 00:27:53.218800,1,0,2.0
1970-01-01 00:27:53.240400,1,0,2.0
1970-01-01 00:27:53.244000,1,0,2.0
1970-01-01 00:27:53.247600,1,0,2.0
1970-01-01 00:27:53.251200,1,0,2.0
1970-01-01 00:27:53.254800,1,0,2.0
1970-01-01 00:27:53.276400,0,1,2.0
1970-01-01 00:27:53.280000,0,1,2.0
1970-01-01 00:27:53.283600,0,1,2.0
1970-01-01 00:27:53.427600,0,1,2.0
1970-01-01 00:27:53.431200,0,1,2.0
1970-01-01 00:27:53.434800,0,1,2.0
1970-01-01 00:27:53.438400,0,1,2.0
1970-01-01 00:27:53.442000,0,0,2.0
1970-01-01 00:27:53.449200,1,0,2.0
1970-01-01 00:27:53.452800,1,0,2.0
1970-01-01 00:27:53.456400,1,0,2.0
1970-01-01 00:27:53.460000,1,0,2.0
1970-01-01 00:27:53.463600,1,0,2.0
1970-01-01 00:27:53.467200,1,0,2.0
1970-01-01 00:27:53.470800,1,0,2.0
1970-01-01 00:27:53.474400,1,0,2.0
1970-01-01 00:27:53.478000,1,0,2.0
1970-01-01 00:27:53.532000,1,0,2.0
1970-01-01 00:27:53.535600,1,0,2.0
1970-01-01 00:27:53.622000,1,0,2.0
1970-01-01 00:27:53.625600,1,0,2.0
1970-01-01 00:27:53.629200,1,0,2.0
1970-01-01 00:27:53.632800,1,0,2.0
1970-01-01 00:27:53.636400,1,0,2.0
1970-01-01 00:27:53.640000,1,0,2.0
1970-01-01 00:27:53.643600,1,0,2.0
1970-01-01 00:27:53.647200,1,0,2.0
1970-01-01 00:27:53.650800,1,0,2.0
1970-01-01 00:27:53.654400,1,0,2.0
1970-01-01 00:27:53.665200,1,0,2.0
1970-01-01 00:27:53.668800,1,0,2.0
1970-01-01 00:27:53.683200,0,1,2.0
1970-01-01 00:27:53.834400,0,1,2.0
1970-01-01 00:27:53.838000,0,1,2.0
1970-01-01 00:27:53.841600,0,1,2.0
1970-01-01 00:27:53.845200,0,1,2.0
1970-01-01 00:27:53.848800,0,1,2.0
1970-01-01 00:27:53.852400,0,1,2.0
1970-01-01 00:27:53.982000,0,0,2.0
1970-01-01 00:27:53.989200,1,0,2.0
1970-01-01 00:27:53.992800,1,0,2.0
1970-01-01 00:27:53.996400,1,0,2.0
1970-01-01 00:27:54.000000,1,0,2.0
1970-01-01 00:27:54.003600,1,0,2.0
1970-01-01 00:27:54.018000,0,1,2.0
1970-01-01 00:27:54.036000,0,1,2.0
1970-01-01 00:27:54.039600,0,1,2.0
1970-01-01 00:27:54.043200,0,1,2.0
1970-01-01 00:27:54.046800,0,1,2.0
1970-01-01 00:27:54.050400,0,1,2.0
1970-01-01 00:27:54.054000,0,1,2.0
1970-01-01 00:27:54.208800,1,0,2.0
1970-01-01 00:27:54.212400,1,0,2.0
1970-01-01 00:27:54.216000,1,0,2.0
1970-01-01 00:27:54.219600,1,0,2.0
1970-01-01 00:27:54.223200,1,0,2.0
1970-01-01 00:27:54.226800,1,0,2.0
1970-01-01 00:27:54.230400,1,0,2.0
1970-01-01 00:27:54.234000,1,0,2.0
1970-01-01 00:27:54.237600,1,0,2.0
1970-01-01 00:27:54.241200,1,0,2.0
1970-01-01 00:27:54.378000,1,0,2.0
1970-01-01 00:27:54.381600,1,0,2.0
1970-01-01 00:27:54.385200,1,0,2.0
1970-01-01 00:27:54.388800,1,0,2.0
1970-01-01 00:27:54.392400,1,0,2.0
1970-01-01 00:27:54.396000,1,0,2.0
1970-01-01 00:27:54.399600,1,0,2.0
1970-01-01 00:27:54.403200,0,1,2.0
1970-01-01 00:27:54.406800,0,1,2.0
1970-01-01 00:27:54.410400,0,1,2.0
1970-01-01 00:27:54.417600,1,0,2.0
1970-01-01 00:27:54.471600,0,1,2.0
1970-01-01 00:27:54.572400,0,1,2.0
1970-01-01 00:27:54.576000,0,1,2.0
1970-01-01 00:27:54.579600,0,1,2.0
1970-01-01 00:27:54.583200,0,1,2.0
1970-01-01 00:27:54.586800,0,1,2.0
1970-01-01 00:27:54.590400,0,1,2.0
1970-01-01 00:27:54.594000,0,1,2.0
1970-01-01 00:27:54.655200,1,0,2.0
1970-01-01 00:27:54.658800,1,0,2.0
1970-01-01 00:27:54.662400,1,0,2.0
1970-01-01 00:27:54.666000,1,0,2.0
1970-01-01 00:27:54.669600,1,0,2.0
1970-01-01 00:27:54.673200,1,0,2.0
1970-01-01 00:27:54.763200,0,1,2.0
1970-01-01 00:27:54.831600,1,0,2.0
1970-01-01 00:27:54.856800,1,0,2.0
1970-01-01 00:27:54.860400,1,0,2.0
1970-01-01 00:27:54.864000,1,0,2.0
1970-01-01 00:27:54.867600,1,0,2.0
1970-01-01 00:27:54.871200,1,0,2.0
1970-01-01 00:27:54.874800,1,0,2.0
1970-01-01 00:27:54.882000,0,1,2.0
1970-01-01 00:27:54.979200,1,0,2.0
1970-01-01 00:27:55.036800,0,1,2.0
1970-01-01 00:27:55.047600,0,1,2.0
1970-01-01 00:27:55.051200,0,1,2.0
1970-01-01 00:27:55.054800,0,1,2.0
1970-01-01 00:27:55.058400,0,1,2.0
1970-01-01 00:27:55.062000,0,1,2.0
1970-01-01 00:27:55.065600,0,1,2.0
1970-01-01 00:27:55.080000,1,0,2.0
1970-01-01 00:27:55.083600,1,0,2.0
1970-01-01 00:27:55.094400,1,0,2.0
1970-01-01 00:27:55.105200,1,0,2.0
1970-01-01 00:27:55.108800,1,0,2.0
1970-01-01 00:27:55.112400,1,0,2.0
1970-01-01 00:27:55.116000,1,0,2.0
1970-01-01 00:27:55.126800,1,0,2.0
1970-01-01 00:27:55.263600,1,0,2.0
1970-01-01 00:27:55.267200,1,0,2.0
1970-01-01 00:27:55.270800,1,0,2.0
1970-01-01 00:27:55.274400,1,0,2.0
1970-01-01 00:27:55.278000,1,0,2.0
1970-01-01 00:27:55.335600,0,1,2.0
1970-01-01 00:27:55.339200,0,1,2.0
1970-01-01 00:27:55.346400,1,0,2.0
1970-01-01 00:27:55.350000,0,1,2.0
1970-01-01 00:27:55.353600,0,1,2.0
1970-01-01 00:27:55.357200,0,1,2.0
1970-01-01 00:27:55.360800,0,1,2.0
1970-01-01 00:27:55.368000,0,1,2.0
1970-01-01 00:27:55.447200,1,0,2.0
1970-01-01 00:27:55.450800,1,0,2.0
1970-01-01 00:27:55.454400,1,0,2.0
1970-01-01 00:27:55.458000,1,0,2.0
1970-01-01 00:27:55.508400,1,0,2.0
1970-01-01 00:27:55.512000,1,0,2.0
1970-01-01 00:27:55.515600,1,0,2.0
1970-01-01 00:27:55.519200,1,0,2.0
1970-01-01 00:27:55.522800,1,0,2.0
1970-01-01 00:27:55.526400,1,0,2.0
1970-01-01 00:27:55.530000,0,1,2.0
1970-01-01 00:27:55.537200,0,1,2.0
1970-01-01 00:27:55.540800,0,1,2.0
1970-01-01 00:27:55.544400,0,1,2.0
1970-01-01 00:27:55.548000,0,1,2.0
1970-01-01 00:27:55.580400,0,1,2.0
1970-01-01 00:27:55.584000,0,1,2.0
1970-01-01 00:27:55.587600,0,1,2.0
1970-01-01 00:27:55.591200,0,1,2.0
1970-01-01 00:27:55.594800,0,1,2.0
1970-01-01 00:27:55.702800,0,1,2.0
1970-01-01 00:27:55.706400,0,1,2.0
1970-01-01 00:27:55.710000,0,1,2.0
1970-01-01 00:27:55.713600,0,1,2.0
1970-01-01 00:27:55.717200,0,1,2.0
1970-01-01 00:27:55.782000,1,0,2.0
1970-01-01 00:27:55.785600,1,0,2.0
1970-01-01 00:27:55.789200,0,1,2.0
1970-01-01 00:27:55.792800,1,0,2.0
1970-01-01 00:27:55.846800,0,1,2.0
1970-01-01 00:27:55.850400,0,1,2.0
1970-01-01 00:27:55.854000,0,1,2.0
1970-01-01 00:27:55.857600,0,1,2.0
1970-01-01 00:27:55.861200,0,1,2.0
1970-01-01 00:27:55.864800,0,1,2.0
1970-01-01 00:27:55.886400,1,0,2.0
1970-01-01 00:27:55.890000,0,1,2.0
1970-01-01 00:27:55.893600,0,1,2.0
1970-01-01 00:27:55.897200,0,1,2.0
1970-01-01 00:27:55.900800,0,1,2.0
1970-01-01 00:27:55.904400,0,1,2.0
1970-01-01 00:27:55.944000,0,1,2.0
1970-01-01 00:27:55.947600,0,1,2.0
1970-01-01 00:27:55.951200,0,1,2.0
1970-01-01 00:27:55.954800,0,1,2.0
1970-01-01 00:27:55.958400,0,1,2.0
1970-01-01 00:27:55.962000,0,1,2.0
1970-01-01 00:27:55.965600,0,1,2.0
1970-01-01 00:27:55.969200,0,1,2.0
1970-01-01 00:27:55.972800,0,1,2.0
1970-01-01 00:27:56.044800,1,0,2.0
1970-01-01 00:27:56.055600,0,1,2.0
1970-01-01 00:27:56.059200,0,1,2.0
1970-01-01 00:27:56.170800,1,0,2.0
1970-01-01 00:27:56.174400,1,0,2.0
1970-01-01 00:27:56.178000,1,0,2.0
1970-01-01 00:27:56.181600,1,0,2.0
1970-01-01 00:27:56.185200,1,0,2.0
1970-01-01 00:27:56.188800,1,0,2.0
1970-01-01 00:27:56.217600,0,1,2.0
1970-01-01 00:27:56.221200,0,1,2.0
1970-01-01 00:27:56.224800,0,1,2.0
1970-01-01 00:27:56.228400,0,1,2.0
1970-01-01 00:27:56.232000,0,1,2.0
1970-01-01 00:27:56.242800,1,0,2.0
1970-01-01 00:27:56.246400,1,0,2.0
1970-01-01 00:27:56.250000,1,0,2.0
1970-01-01 00:27:56.253600,1,0,2.0
1970-01-01 00:27:56.257200,1,0,2.0
1970-01-01 00:27:56.260800,0,1,2.0
1970-01-01 00:27:56.264400,0,1,2.0
1970-01-01 00:27:56.268000,0,1,2.0
1970-01-01 00:27:56.271600,0,1,2.0
1970-01-01 00:27:56.361600,1,0,2.0
1970-01-01 00:27:56.365200,1,0,2.0
1970-01-01 00:27:56.368800,1,0,2.0
1970-01-01 00:27:56.372400,1,0,2.0
1970-01-01 00:27:56.376000,1,0,2.0
1970-01-01 00:27:56.379600,1,0,2.0
1970-01-01 00:27:56.412000,1,0,2.0
1970-01-01 00:27:56.415600,1,0,2.0
1970-01-01 00:27:56.419200,1,0,2.0
1970-01-01 00:27:56.422800,1,0,2.0
1970-01-01 00:27:56.426400,1,0,2.0
1970-01-01 00:27:56.469600,1,0,2.0
1970-01-01 00:27:56.473200,1,0,2.0
1970-01-01 00:27:56.476800,1,0,2.0
1970-01-01 00:27:56.480400,1,0,2.0
1970-01-01 00:27:56.484000,1,0,2.0
1970-01-01 00:27:56.487600,1,0,2.0
1970-01-01 00:27:56.541600,0,0,2.0
1970-01-01 00:27:56.545200,1,0,2.0
1970-01-01 00:27:56.548800,0,0,2.0
1970-01-01 00:27:56.552400,1,0,2.0
1970-01-01 00:27:56.556000,1,0,2.0
1970-01-01 00:27:56.559600,0,1,2.0
1970-01-01 00:27:56.563200,0,1,2.0
1970-01-01 00:27:56.566800,0,1,2.0
1970-01-01 00:27:56.570400,0,1,2.0
1970-01-01 00:27:56.574000,0,1,2.0
1970-01-01 00:27:56.577600,0,1,2.0
1970-01-01 00:27:56.638800,1,0,2.0
1970-01-01 00:27:56.642400,1,0,2.0
1970-01-01 00:27:56.646000,1,0,2.0
1970-01-01 00:27:56.649600,1,0,2.0
1970-01-01 00:27:56.714400,1,0,2.0
1970-01-01 00:27:56.718000,1,0,2.0
1970-01-01 00:27:56.721600,1,0,2.0
1970-01-01 00:27:56.725200,1,0,2.0
1970-01-01 00:27:56.728800,1,0,2.0
1970-01-01 00:27:56.732400,1,0,2.0
1970-01-01 00:27:56.736000,0,1,2.0
1970-01-01 00:27:56.804400,0,1,2.0
1970-01-01 00:27:56.808000,0,1,2.0
1970-01-01 00:27:56.811600,0,1,2.0
1970-01-01 00:27:56.815200,0,1,2.0
1970-01-01 00:27:56.818800,0,1,2.0
1970-01-01 00:27:56.944800,0,1,2.0
1970-01-01 00:27:56.948400,0,1,2.0
1970-01-01 00:27:56.955600,0,1,2.0
1970-01-01 00:27:56.959200,0,1,2.0
1970-01-01 00:27:56.962800,0,1,2.0
1970-01-01 00:27:56.998800,0,1,2.0
1970-01-01 00:27:57.002400,0,1,2.0
1970-01-01 00:27:57.042000,1,0,2.0
1970-01-01 00:27:57.045600,1,0,2.0
1970-01-01 00:27:57.049200,1,0,2.0
1970-01-01 00:27:57.052800,1,0,2.0
1970-01-01 00:27:57.056400,0,1,2.0
1970-01-01 00:27:57.060000,0,1,2.0
1970-01-01 00:27:57.128400,0,1,2.0
1970-01-01 00:27:57.132000,0,1,2.0
1970-01-01 00:27:57.135600,0,1,2.0
1970-01-01 00:27:57.139200,0,1,2.0
1970-01-01 00:27:57.142800,0,1,2.0
1970-01-01 00:27:57.146400,0,1,2.0
1970-01-01 00:27:57.222000,0,1,2.0
1970-01-01 00:27:57.225600,0,1,2.0
1970-01-01 00:27:57.229200,0,1,2.0
1970-01-01 00:27:57.232800,0,1,2.0
1970-01-01 00:27:57.236400,0,1,2.0
1970-01-01 00:27:57.240000,0,1,2.0
1970-01-01 00:27:57.243600,0,1,2.0
1970-01-01 00:27:57.247200,0,1,2.0
1970-01-01 00:27:57.250800,0,1,2.0
1970-01-01 00:27:57.333600,0,1,2.0
1970-01-01 00:27:57.337200,0,1,2.0
1970-01-01 00:27:57.340800,0,1,2.0
1970-01-01 00:27:57.344400,0,1,2.0
1970-01-01 00:27:57.355200,1,0,2.0
1970-01-01 00:27:57.358800,1,0,2.0
1970-01-01 00:27:57.412800,1,0,2.0
1970-01-01 00:27:57.416400,1,0,2.0
1970-01-01 00:27:57.420000,1,0,2.0
1970-01-01 00:27:57.423600,1,0,2.0
1970-01-01 00:27:57.427200,1,0,2.0
1970-01-01 00:27:57.430800,1,0,2.0
1970-01-01 00:27:57.463200,0,1,2.0
1970-01-01 00:27:57.466800,0,1,2.0
1970-01-01 00:27:57.484800,1,0,2.0
1970-01-01 00:27:57.492000,1,0,2.0
1970-01-01 00:27:57.499200,1,0,2.0
1970-01-01 00:27:57.502800,0,1,2.0
1970-01-01 00:27:57.506400,0,1,2.0
1970-01-01 00:27:57.520800,1,0,2.0
1970-01-01 00:27:57.524400,1,0,2.0
1970-01-01 00:27:57.528000,1,0,2.0
1970-01-01 00:27:57.531600,1,0,2.0
1970-01-01 00:27:57.535200,1,0,2.0
1970-01-01 00:27:57.538800,1,0,2.0
1970-01-01 00:27:57.596400,0,1,2.0
1970-01-01 00:27:57.600000,0,1,2.0
1970-01-01 00:27:57.603600,0,1,2.0
1970-01-01 00:27:57.607200,0,1,2.0
1970-01-01 00:27:57.618000,1,0,2.0
1970-01-01 00:27:57.628800,1,0,2.0
1970-01-01 00:27:57.704400,0,1,2.0
1970-01-01 00:27:57.711600,0,1,2.0
1970-01-01 00:27:57.772800,1,0,2.0
1970-01-01 00:27:57.783600,0,1,2.0
1970-01-01 00:27:57.787200,0,1,2.0
1970-01-01 00:27:57.790800,0,1,2.0
1970-01-01 00:27:57.794400,0,1,2.0
1970-01-01 00:27:57.798000,0,1,2.0
1970-01-01 00:27:57.801600,0,1,2.0
1970-01-01 00:27:57.805200,1,0,2.0
1970-01-01 00:27:57.931200,0,1,2.0
1970-01-01 00:27:57.934800,0,1,2.0
1970-01-01 00:27:57.938400,0,1,2.0
1970-01-01 00:27:57.942000,0,1,2.0
1970-01-01 00:27:57.945600,0,1,2.0
1970-01-01 00:27:57.949200,0,1,2.0
1970-01-01 00:27:57.952800,0,1,2.0
1970-01-01 00:27:57.963600,1,0,2.0
1970-01-01 00:27:57.967200,1,0,2.0
1970-01-01 00:27:58.042800,0,1,2.0
1970-01-01 00:27:58.046400,0,1,2.0
1970-01-01 00:27:58.050000,0,1,2.0
1970-01-01 00:27:58.053600,0,1,2.0
1970-01-01 00:27:58.057200,0,1,2.0
1970-01-01 00:27:58.060800,0,1,2.0
1970-01-01 00:27:58.129200,1,0,2.0
1970-01-01 00:27:58.132800,1,0,2.0
1970-01-01 00:27:58.136400,1,0,2.0
1970-01-01 00:27:58.140000,1,0,2.0
1970-01-01 00:27:58.143600,1,0,2.0
1970-01-01 00:27:58.158000,0,1,2.0
1970-01-01 00:27:58.161600,0,1,2.0
1970-01-01 00:27:58.165200,0,1,2.0
1970-01-01 00:27:58.168800,0,1,2.0
1970-01-01 00:27:58.273200,0,1,2.0
1970-01-01 00:27:58.284000,1,0,2.0
1970-01-01 00:27:58.287600,0,1,2.0
1970-01-01 00:27:58.291200,0,1,2.0
1970-01-01 00:27:58.294800,0,1,2.0
1970-01-01 00:27:58.305600,0,1,2.0
1970-01-01 00:27:58.363200,0,1,2.0
1970-01-01 00:27:58.366800,0,1,2.0
1970-01-01 00:27:58.370400,0,1,2.0
1970-01-01 00:27:58.374000,0,1,2.0
1970-01-01 00:27:58.377600,0,1,2.0
1970-01-01 00:27:58.381200,0,1,2.0
1970-01-01 00:27:58.384800,0,1,2.0
1970-01-01 00:27:58.388400,0,1,2.0
1970-01-01 00:27:58.474800,1,0,2.0
1970-01-01 00:27:58.478400,1,0,2.0
1970-01-01 00:27:58.482000,1,0,2.0
1970-01-01 00:27:58.485600,1,0,2.0
1970-01-01 00:27:58.489200,1,0,2.0
1970-01-01 00:27:58.492800,1,0,2.0
1970-01-01 00:27:58.496400,0,1,2.0
1970-01-01 00:27:58.500000,0,1,2.0
1970-01-01 00:27:58.503600,0,1,2.0
1970-01-01 00:27:58.507200,0,1,2.0
1970-01-01 00:27:58.510800,0,1,2.0
1970-01-01 00:27:58.514400,0,1,2.0
1970-01-01 00:27:58.546800,1,0,2.0
1970-01-01 00:27:58.618800,1,0,2.0
1970-01-01 00:27:58.622400,1,0,2.0
1970-01-01 00:27:58.626000,1,0,2.0
1970-01-01 00:27:58.629600,1,0,2.0
1970-01-01 00:27:58.633200,1,0,2.0
1970-01-01 00:27:58.636800,1,0,2.0
1970-01-01 00:27:58.640400,1,0,2.0
1970-01-01 00:27:58.644000,1,0,2.0
1970-01-01 00:27:58.647600,1,0,2.0
1970-01-01 00:27:58.651200,1,0,2.0
1970-01-01 00:27:58.694400,1,0,2.0
1970-01-01 00:27:58.698000,1,0,2.0
1970-01-01 00:27:58.701600,1,0,2.0
1970-01-01 00:27:58.705200,1,0,2.0
1970-01-01 00:27:58.708800,1,0,2.0
1970-01-01 00:27:58.712400,1,0,2.0
1970-01-01 00:27:58.773600,1,0,2.0
1970-01-01 00:27:58.777200,1,0,2.0
1970-01-01 00:27:58.780800,1,0,2.0
1970-01-01 00:27:58.784400,1,0,2.0
1970-01-01 00:27:58.788000,1,0,2.0
1970-01-01 00:27:58.791600,1,0,2.0
1970-01-01 00:27:58.795200,1,0,2.0
1970-01-01 00:27:58.802400,0,1,2.0
1970-01-01 00:27:58.806000,0,1,2.0
1970-01-01 00:27:58.809600,0,1,2.0
1970-01-01 00:27:58.813200,0,1,2.0
1970-01-01 00:27:58.863600,0,1,2.0
1970-01-01 00:27:58.867200,0,1,2.0
1970-01-01 00:27:58.870800,0,1,2.0
1970-01-01 00:27:58.874400,0,1,2.0
1970-01-01 00:27:58.878000,0,1,2.0
1970-01-01 00:27:58.881600,0,1,2.0
1970-01-01 00:27:58.885200,0,1,2.0
1970-01-01 00:27:58.888800,0,1,2.0
1970-01-01 00:27:58.986000,1,0,2.0
1970-01-01 00:27:58.989600,1,0,2.0
1970-01-01 00:27:58.993200,1,0,2.0
1970-01-01 00:27:58.996800,1,0,2.0
1970-01-01 00:27:59.000400,1,0,2.0
1970-01-01 00:27:59.004000,1,0,2.0
1970-01-01 00:27:59.011200,1,0,2.0
1970-01-01 00:27:59.068800,1,0,2.0
1970-01-01 00:27:59.072400,1,0,2.0
1970-01-01 00:27:59.076000,1,0,2.0
1970-01-01 00:27:59.079600,1,0,2.0
1970-01-01 00:27:59.083200,1,0,2.0
1970-01-01 00:27:59.086800,1,0,2.0
1970-01-01 00:27:59.133600,0,1,2.0
1970-01-01 00:27:59.137200,0,1,2.0
1970-01-01 00:27:59.140800,0,1,2.0
1970-01-01 00:27:59.144400,0,1,2.0
1970-01-01 00:27:59.148000,0,1,2.0
1970-01-01 00:27:59.220000,1,0,2.0
1970-01-01 00:27:59.227200,1,0,2.0
1970-01-01 00:27:59.230800,1,0,2.0
1970-01-01 00:27:59.263200,0,1,2.0
1970-01-01 00:27:59.313600,0,1,2.0
1970-01-01 00:27:59.317200,0,1,2.0
1970-01-01 00:27:59.320800,0,1,2.0
1970-01-01 00:27:59.324400,0,1,2.0
1970-01-01 00:27:59.378400,1,0,2.0
1970-01-01 00:27:59.382000,1,0,2.0
1970-01-01 00:27:59.385600,1,0,2.0
1970-01-01 00:27:59.389200,1,0,2.0
1970-01-01 00:27:59.392800,1,0,2.0
1970-01-01 00:27:59.396400,1,0,2.0
1970-01-01 00:27:59.407200,1,0,2.0
1970-01-01 00:27:59.410800,1,0,2.0
1970-01-01 00:27:59.414400,1,0,2.0
1970-01-01 00:27:59.475600,1,0,2.0
1970-01-01 00:27:59.479200,1,0,2.0
1970-01-01 00:27:59.482800,1,0,2.0
1970-01-01 00:27:59.486400,1,0,2.0
1970-01-01 00:27:59.497200,0,1,2.0
1970-01-01 00:27:59.500800,0,1,2.0
1970-01-01 00:27:59.504400,0,1,2.0
1970-01-01 00:27:59.508000,0,1,2.0
1970-01-01 00:27:59.540400,1,0,2.0
1970-01-01 00:27:59.544000,1,0,2.0
1970-01-01 00:27:59.547600,1,0,2.0
1970-01-01 00:27:59.551200,1,0,2.0
1970-01-01 00:27:59.558400,1,0,2.0
1970-01-01 00:27:59.634000,0,1,2.0
1970-01-01 00:27:59.637600,0,1,2.0
1970-01-01 00:27:59.641200,0,1,2.0
1970-01-01 00:27:59.749200,0,1,2.0
1970-01-01 00:27:59.752800,0,1,2.0
1970-01-01 00:27:59.756400,0,1,2.0
1970-01-01 00:27:59.760000,0,1,2.0
1970-01-01 00:27:59.763600,0,1,2.0
1970-01-01 00:27:59.774400,1,0,2.0
1970-01-01 00:27:59.835600,0,1,2.0
1970-01-01 00:27:59.896800,1,0,2.0
1970-01-01 00:27:59.900400,1,0,2.0
1970-01-01 00:27:59.904000,1,0,2.0
1970-01-01 00:27:59.907600,1,0,2.0
1970-01-01 00:27:59.918400,0,1,2.0
1970-01-01 00:27:59.922000,0,1,2.0
1970-01-01 00:28:00.019200,1,0,2.0
1970-01-01 00:28:00.022800,1,0,2.0
1970-01-01 00:28:00.040800,1,0,2.0
1970-01-01 00:28:00.048000,1,0,2.0
1970-01-01 00:28:00.051600,1,0,2.0
1970-01-01 00:28:00.055200,1,0,2.0
1970-01-01 00:28:00.058800,1,0,2.0
1970-01-01 00:28:00.062400,1,0,2.0
1970-01-01 00:28:00.066000,1,0,2.0
1970-01-01 00:28:00.246000,1,0,2.0
1970-01-01 00:28:00.249600,1,0,2.0
1970-01-01 00:28:00.253200,1,0,2.0
1970-01-01 00:28:00.256800,1,0,2.0
1970-01-01 00:28:00.260400,1,0,2.0
1970-01-01 00:28:00.278400,1,0,2.0
1970-01-01 00:28:00.282000,1,0,2.0
1970-01-01 00:28:00.285600,1,0,2.0
1970-01-01 00:28:00.346800,1,0,2.0
1970-01-01 00:28:00.350400,1,0,2.0
1970-01-01 00:28:00.354000,1,0,2.0
1970-01-01 00:28:00.357600,1,0,2.0
1970-01-01 00:28:00.361200,1,0,2.0
1970-01-01 00:28:00.364800,1,0,2.0
1970-01-01 00:28:00.368400,1,0,2.0
1970-01-01 00:28:00.372000,1,0,2.0
1970-01-01 00:28:00.375600,1,0,2.0
1970-01-01 00:28:00.379200,1,0,2.0
1970-01-01 00:28:00.382800,1,0,2.0
1970-01-01 00:28:00.386400,1,0,2.0
1970-01-01 00:28:00.390000,1,0,2.0
1970-01-01 00:28:00.418800,0,1,2.0
1970-01-01 00:28:00.426000,0,1,2.0
1970-01-01 00:28:00.429600,0,1,2.0
1970-01-01 00:28:00.433200,0,1,2.0
1970-01-01 00:28:00.465600,0,1,2.0
1970-01-01 00:28:00.523200,1,0,2.0
1970-01-01 00:28:00.530400,1,0,2.0
1970-01-01 00:28:00.534000,1,0,2.0
1970-01-01 00:28:00.537600,1,0,2.0
1970-01-01 00:28:00.541200,1,0,2.0
1970-01-01 00:28:00.544800,0,1,2.0
1970-01-01 00:28:00.688800,0,1,2.0
1970-01-01 00:28:00.692400,0,1,2.0
1970-01-01 00:28:00.696000,0,1,2.0
1970-01-01 00:28:00.699600,0,1,2.0
1970-01-01 00:28:00.760800,0,1,2.0
1970-01-01 00:28:00.789600,0,1,2.0
1970-01-01 00:28:00.793200,0,1,2.0
1970-01-01 00:28:00.796800,0,1,2.0
1970-01-01 00:28:00.800400,0,1,2.0
1970-01-01 00:28:00.804000,0,1,2.0
1970-01-01 00:28:00.807600,0,1,2.0
1970-01-01 00:28:00.955200,0,1,2.0
1970-01-01 00:28:00.958800,0,1,2.0
1970-01-01 00:28:00.962400,0,1,2.0
1970-01-01 00:28:00.966000,0,1,2.0
1970-01-01 00:28:00.969600,0,1,2.0
1970-01-01 00:28:00.973200,0,1,2.0
1970-01-01 00:28:01.030800,1,0,2.0
1970-01-01 00:28:01.034400,1,0,2.0
1970-01-01 00:28:01.038000,1,0,2.0
1970-01-01 00:28:01.041600,1,0,2.0
1970-01-01 00:28:01.045200,1,0,2.0
1970-01-01 00:28:01.048800,1,0,2.0
1970-01-01 00:28:01.124400,1,0,2.0
1970-01-01 00:28:01.128000,1,0,2.0
1970-01-01 00:28:01.131600,1,0,2.0
1970-01-01 00:28:01.135200,1,0,2.0
1970-01-01 00:28:01.138800,1,0,2.0
1970-01-01 00:28:01.243200,0,1,2.0
1970-01-01 00:28:01.246800,0,1,2.0
1970-01-01 00:28:01.250400,0,1,2.0
1970-01-01 00:28:01.254000,0,1,2.0
1970-01-01 00:28:01.257600,0,1,2.0
1970-01-01 00:28:01.261200,0,1,2.0
1970-01-01 00:28:01.358400,1,0,2.0
1970-01-01 00:28:01.362000,1,0,2.0
1970-01-01 00:28:01.365600,1,0,2.0
1970-01-01 00:28:01.369200,1,0,2.0
1970-01-01 00:28:01.372800,1,0,2.0
1970-01-01 00:28:01.376400,1,0,2.0
1970-01-01 00:28:01.412400,1,0,2.0
1970-01-01 00:28:01.416000,1,0,2.0
1970-01-01 00:28:01.419600,1,0,2.0
1970-01-01 00:28:01.423200,1,0,2.0
1970-01-01 00:28:01.426800,1,0,2.0
1970-01-01 00:28:01.430400,1,0,2.0
1970-01-01 00:28:01.462800,0,1,2.0
1970-01-01 00:28:01.466400,0,1,2.0
1970-01-01 00:28:01.470000,0,1,2.0
1970-01-01 00:28:01.473600,0,1,2.0
1970-01-01 00:28:01.477200,0,1,2.0
1970-01-01 00:28:01.480800,0,1,2.0
1970-01-01 00:28:01.484400,1,0,2.0
1970-01-01 00:28:01.599600,1,0,2.0
1970-01-01 00:28:01.606800,1,0,2.0
1970-01-01 00:28:01.653600,1,0,2.0
1970-01-01 00:28:01.657200,1,0,2.0
1970-01-01 00:28:01.668000,0,1,2.0
1970-01-01 00:28:01.675200,0,1,2.0
1970-01-01 00:28:01.678800,0,1,2.0
1970-01-01 00:28:01.682400,0,1,2.0
1970-01-01 00:28:01.693200,1,0,2.0
1970-01-01 00:28:01.696800,1,0,2.0
1970-01-01 00:28:01.700400,1,0,2.0
1970-01-01 00:28:01.704000,1,0,2.0
1970-01-01 00:28:01.707600,1,0,2.0
1970-01-01 00:28:01.711200,1,0,2.0
1970-01-01 00:28:01.722000,0,1,2.0
1970-01-01 00:28:01.725600,0,1,2.0
1970-01-01 00:28:01.729200,0,1,2.0
1970-01-01 00:28:01.732800,0,1,2.0
1970-01-01 00:28:01.869600,0,1,2.0
1970-01-01 00:28:01.873200,0,1,2.0
1970-01-01 00:28:01.876800,0,1,2.0
1970-01-01 00:28:01.880400,0,1,2.0
1970-01-01 00:28:01.884000,0,1,2.0
1970-01-01 00:28:01.887600,0,1,2.0
1970-01-01 00:28:01.891200,1,0,2.0
1970-01-01 00:28:01.894800,1,0,2.0
1970-01-01 00:28:01.898400,1,0,2.0
1970-01-01 00:28:01.905600,1,0,2.0
1970-01-01 00:28:01.941600,1,0,2.0
1970-01-01 00:28:01.945200,1,0,2.0
1970-01-01 00:28:01.981200,0,1,2.0
1970-01-01 00:28:01.984800,0,1,2.0
1970-01-01 00:28:01.988400,0,1,2.0
1970-01-01 00:28:01.992000,0,1,2.0
1970-01-01 00:28:02.074800,0,1,2.0
1970-01-01 00:28:02.078400,0,1,2.0
1970-01-01 00:28:02.082000,0,1,2.0
1970-01-01 00:28:02.085600,0,1,2.0
1970-01-01 00:28:02.089200,0,1,2.0
1970-01-01 00:28:02.092800,0,1,2.0
1970-01-01 00:28:02.096400,0,1,2.0
1970-01-01 00:28:02.100000,0,1,2.0
1970-01-01 00:28:02.157600,1,0,2.0
1970-01-01 00:28:02.161200,1,0,2.0
1970-01-01 00:28:02.164800,1,0,2.0
1970-01-01 00:28:02.168400,1,0,2.0
1970-01-01 00:28:02.247600,0,1,2.0
1970-01-01 00:28:02.251200,0,1,2.0
1970-01-01 00:28:02.254800,0,1,2.0
1970-01-01 00:28:02.258400,0,1,2.0
1970-01-01 00:28:02.262000,0,1,2.0
1970-01-01 00:28:02.265600,0,1,2.0
1970-01-01 00:28:02.269200,0,1,2.0
1970-01-01 00:28:02.272800,1,0,2.0
1970-01-01 00:28:02.276400,1,0,2.0
1970-01-01 00:28:02.330400,0,1,2.0
1970-01-01 00:28:02.334000,0,1,2.0
1970-01-01 00:28:02.337600,0,1,2.0
1970-01-01 00:28:02.341200,0,1,2.0
1970-01-01 00:28:02.344800,0,1,2.0
1970-01-01 00:28:02.431200,1,0,2.0
1970-01-01 00:28:02.434800,1,0,2.0
1970-01-01 00:28:02.438400,1,0,2.0
1970-01-01 00:28:02.445600,1,0,2.0
1970-01-01 00:28:02.449200,1,0,2.0
1970-01-01 00:28:02.481600,1,0,2.0
1970-01-01 00:28:02.485200,1,0,2.0
1970-01-01 00:28:02.488800,1,0,2.0
1970-01-01 00:28:02.492400,1,0,2.0
1970-01-01 00:28:02.496000,1,0,2.0
1970-01-01 00:28:02.499600,1,0,2.0
1970-01-01 00:28:02.503200,1,0,2.0
1970-01-01 00:28:02.506800,1,0,2.0
1970-01-01 00:28:02.514000,0,1,2.0
1970-01-01 00:28:02.517600,0,1,2.0
1970-01-01 00:28:02.521200,0,1,2.0
1970-01-01 00:28:02.524800,0,1,2.0
1970-01-01 00:28:02.528400,0,1,2.0
1970-01-01 00:28:02.532000,0,1,2.0
1970-01-01 00:28:02.535600,1,0,2.0
1970-01-01 00:28:02.676000,0,1,2.0
1970-01-01 00:28:02.762400,1,0,2.0
1970-01-01 00:28:02.769600,1,0,2.0
1970-01-01 00:28:02.859600,0,1,2.0
1970-01-01 00:28:02.863200,0,1,2.0
1970-01-01 00:28:02.866800,0,1,2.0
1970-01-01 00:28:02.870400,0,1,2.0
1970-01-01 00:28:02.874000,0,1,2.0
1970-01-01 00:28:02.877600,0,1,2.0
1970-01-01 00:28:02.881200,0,1,2.0
1970-01-01 00:28:02.884800,0,1,2.0
1970-01-01 00:28:02.888400,0,1,2.0
1970-01-01 00:28:02.892000,0,1,2.0
1970-01-01 00:28:02.895600,0,1,2.0
1970-01-01 00:28:02.899200,0,1,2.0
1970-01-01 00:28:03.032400,1,0,2.0
1970-01-01 00:28:03.093600,0,1,2.0
1970-01-01 00:28:03.097200,0,1,2.0
1970-01-01 00:28:03.100800,0,1,2.0
1970-01-01 00:28:03.104400,0,1,2.0
1970-01-01 00:28:03.108000,0,1,2.0
1970-01-01 00:28:03.115200,1,0,2.0
1970-01-01 00:28:03.126000,1,0,2.0
1970-01-01 00:28:03.129600,1,0,2.0
1970-01-01 00:28:03.133200,1,0,2.0
1970-01-01 00:28:03.136800,1,0,2.0
1970-01-01 00:28:03.140400,1,0,2.0
1970-01-01 00:28:03.144000,1,0,2.0
1970-01-01 00:28:03.183600,0,1,2.0
1970-01-01 00:28:03.187200,0,1,2.0
1970-01-01 00:28:03.190800,0,1,2.0
1970-01-01 00:28:03.194400,0,1,2.0
1970-01-01 00:28:03.198000,0,1,2.0
1970-01-01 00:28:03.288000,1,0,2.0
1970-01-01 00:28:03.306000,1,0,2.0
1970-01-01 00:28:03.309600,1,0,2.0
1970-01-01 00:28:03.316800,1,0,2.0
1970-01-01 00:28:03.324000,0,1,2.0
1970-01-01 00:28:03.345600,0,1,2.0
1970-01-01 00:28:03.356400,0,1,2.0
1970-01-01 00:28:03.360000,0,1,2.0
1970-01-01 00:28:03.363600,0,1,2.0
1970-01-01 00:28:03.367200,0,1,2.0
1970-01-01 00:28:03.370800,0,1,2.0
1970-01-01 00:28:03.374400,0,1,2.0
1970-01-01 00:28:03.486000,0,1,2.0
1970-01-01 00:28:03.489600,0,1,2.0
1970-01-01 00:28:03.493200,0,1,2.0
1970-01-01 00:28:03.496800,0,1,2.0
1970-01-01 00:28:03.500400,0,1,2.0
1970-01-01 00:28:03.504000,0,1,2.0
1970-01-01 00:28:03.543600,0,1,2.0
1970-01-01 00:28:03.547200,0,1,2.0
1970-01-01 00:28:03.550800,0,1,2.0
1970-01-01 00:28:03.554400,0,1,2.0
1970-01-01 00:28:03.558000,0,1,2.0
1970-01-01 00:28:03.561600,0,1,2.0
1970-01-01 00:28:03.698400,1,0,2.0
1970-01-01 00:28:03.702000,1,0,2.0
1970-01-01 00:28:03.705600,1,0,2.0
1970-01-01 00:28:03.709200,1,0,2.0
1970-01-01 00:28:03.712800,1,0,2.0
1970-01-01 00:28:03.720000,0,1,2.0
1970-01-01 00:28:03.723600,0,1,2.0
1970-01-01 00:28:03.727200,0,1,2.0
1970-01-01 00:28:03.730800,0,1,2.0
1970-01-01 00:28:03.734400,0,1,2.0
1970-01-01 00:28:03.738000,1,0,2.0
1970-01-01 00:28:03.802800,0,1,2.0
1970-01-01 00:28:03.806400,0,1,2.0
1970-01-01 00:28:03.810000,0,1,2.0
1970-01-01 00:28:03.824400,1,0,2.0
1970-01-01 00:28:03.828000,1,0,2.0
1970-01-01 00:28:03.831600,1,0,2.0
1970-01-01 00:28:04.069200,0,1,2.0
1970-01-01 00:28:04.072800,0,1,2.0
1970-01-01 00:28:04.076400,0,1,2.0
1970-01-01 00:28:04.090800,1,0,2.0
1970-01-01 00:28:04.108800,1,0,2.0
1970-01-01 00:28:04.177200,0,1,2.0
1970-01-01 00:28:04.180800,0,1,2.0
1970-01-01 00:28:04.184400,0,1,2.0
1970-01-01 00:28:04.188000,0,1,2.0
1970-01-01 00:28:04.249200,1,0,2.0
1970-01-01 00:28:04.263600,1,0,2.0
1970-01-01 00:28:04.267200,1,0,2.0
1970-01-01 00:28:04.299600,1,0,2.0
1970-01-01 00:28:04.303200,1,0,2.0
1970-01-01 00:28:04.306800,1,0,2.0
1970-01-01 00:28:04.310400,1,0,2.0
1970-01-01 00:28:04.321200,1,0,2.0
1970-01-01 00:28:04.324800,1,0,2.0
1970-01-01 00:28:04.328400,1,0,2.0
1970-01-01 00:28:04.332000,1,0,2.0
1970-01-01 00:28:04.335600,1,0,2.0
1970-01-01 00:28:04.407600,0,1,2.0
1970-01-01 00:28:04.411200,0,1,2.0
1970-01-01 00:28:04.414800,0,1,2.0
1970-01-01 00:28:04.418400,0,1,2.0
1970-01-01 00:28:04.422000,0,1,2.0
1970-01-01 00:28:04.425600,0,1,2.0
1970-01-01 00:28:04.429200,1,0,2.0
1970-01-01 00:28:04.432800,1,0,2.0
1970-01-01 00:28:04.436400,1,0,2.0
1970-01-01 00:28:04.440000,1,0,2.0
1970-01-01 00:28:04.580400,1,0,2.0
1970-01-01 00:28:04.584000,1,0,2.0
1970-01-01 00:28:04.587600,1,0,2.0
1970-01-01 00:28:04.591200,1,0,2.0
1970-01-01 00:28:04.594800,1,0,2.0
1970-01-01 00:28:04.598400,1,0,2.0
1970-01-01 00:28:04.645200,0,1,2.0
1970-01-01 00:28:04.659600,0,1,2.0
1970-01-01 00:28:04.663200,0,1,2.0
1970-01-01 00:28:04.666800,0,1,2.0
1970-01-01 00:28:04.670400,0,1,2.0
1970-01-01 00:28:04.674000,0,1,2.0
1970-01-01 00:28:04.677600,0,1,2.0
1970-01-01 00:28:04.692000,0,1,2.0
1970-01-01 00:28:04.695600,0,1,2.0
1970-01-01 00:28:04.699200,0,1,2.0
1970-01-01 00:28:04.702800,0,1,2.0
1970-01-01 00:28:04.706400,0,1,2.0
1970-01-01 00:28:04.710000,0,1,2.0
1970-01-01 00:28:04.724400,1,0,2.0
1970-01-01 00:28:04.728000,1,0,2.0
1970-01-01 00:28:04.731600,1,0,2.0
1970-01-01 00:28:04.735200,1,0,2.0
1970-01-01 00:28:04.738800,1,0,2.0
1970-01-01 00:28:04.742400,1,0,2.0
1970-01-01 00:28:04.796400,1,0,2.0
1970-01-01 00:28:04.800000,1,0,2.0
1970-01-01 00:28:04.875600,0,1,2.0
1970-01-01 00:28:04.879200,0,1,2.0
1970-01-01 00:28:04.882800,0,1,2.0
1970-01-01 00:28:04.886400,0,1,2.0
1970-01-01 00:28:04.890000,0,1,2.0
1970-01-01 00:28:04.893600,0,1,2.0
1970-01-01 00:28:04.911600,0,1,2.0
1970-01-01 00:28:04.915200,0,1,2.0
1970-01-01 00:28:04.918800,0,1,2.0
1970-01-01 00:28:04.922400,0,1,2.0
1970-01-01 00:28:04.926000,0,1,2.0
1970-01-01 00:28:04.929600,0,1,2.0
1970-01-01 00:28:04.958400,0,1,2.0
1970-01-01 00:28:05.026800,1,0,2.0
1970-01-01 00:28:05.203200,1,0,2.0
1970-01-01 00:28:05.206800,1,0,2.0
1970-01-01 00:28:05.210400,1,0,2.0
1970-01-01 00:28:05.214000,1,0,2.0
1970-01-01 00:28:05.217600,1,0,2.0
1970-01-01 00:28:05.221200,1,0,2.0
1970-01-01 00:28:05.289600,1,0,2.0
1970-01-01 00:28:05.293200,1,0,2.0
1970-01-01 00:28:05.300400,1,0,2.0
1970-01-01 00:28:05.304000,1,0,2.0
1970-01-01 00:28:05.408400,0,1,2.0
1970-01-01 00:28:05.412000,0,1,2.0
1970-01-01 00:28:05.415600,0,1,2.0
1970-01-01 00:28:05.430000,1,0,2.0
1970-01-01 00:28:05.440800,0,1,2.0
1970-01-01 00:28:05.444400,0,1,2.0
1970-01-01 00:28:05.484000,0,1,2.0
1970-01-01 00:28:05.487600,0,1,2.0
1970-01-01 00:28:05.491200,0,1,2.0
1970-01-01 00:28:05.494800,0,1,2.0
1970-01-01 00:28:05.498400,0,1,2.0
1970-01-01 00:28:05.502000,0,1,2.0
1970-01-01 00:28:05.574000,0,1,2.0
1970-01-01 00:28:05.577600,0,1,2.0
1970-01-01 00:28:05.581200,0,1,2.0
1970-01-01 00:28:05.584800,1,0,2.0
1970-01-01 00:28:05.710800,1,0,2.0
1970-01-01 00:28:05.714400,1,0,2.0
1970-01-01 00:28:05.718000,1,0,2.0
1970-01-01 00:28:05.721600,1,0,2.0
1970-01-01 00:28:05.725200,1,0,2.0
1970-01-01 00:28:05.786400,1,0,2.0
1970-01-01 00:28:05.800800,0,1,2.0
1970-01-01 00:28:05.804400,0,1,2.0
1970-01-01 00:28:05.808000,0,1,2.0
1970-01-01 00:28:05.901600,0,1,2.0
1970-01-01 00:28:05.905200,0,1,2.0
1970-01-01 00:28:05.908800,0,1,2.0
1970-01-01 00:28:05.912400,0,1,2.0
1970-01-01 00:28:05.916000,0,1,2.0
1970-01-01 00:28:05.919600,0,1,2.0
1970-01-01 00:28:05.923200,0,1,2.0
1970-01-01 00:28:05.926800,0,1,2.0
1970-01-01 00:28:05.955600,0,1,2.0
1970-01-01 00:28:05.959200,0,1,2.0
1970-01-01 00:28:05.962800,0,1,2.0
1970-01-01 00:28:05.966400,0,1,2.0
1970-01-01 00:28:05.970000,0,1,2.0
1970-01-01 00:28:05.973600,0,1,2.0
1970-01-01 00:28:05.977200,0,1,2.0
1970-01-01 00:28:06.034800,1,0,2.0
1970-01-01 00:28:06.038400,1,0,2.0
1970-01-01 00:28:06.042000,1,0,2.0
1970-01-01 00:28:06.052800,1,0,2.0
1970-01-01 00:28:06.056400,1,0,2.0
1970-01-01 00:28:06.060000,1,0,2.0
1970-01-01 00:28:06.063600,1,0,2.0
1970-01-01 00:28:06.067200,1,0,2.0
1970-01-01 00:28:06.070800,1,0,2.0
1970-01-01 00:28:06.074400,0,1,2.0
1970-01-01 00:28:06.110400,0,1,2.0
1970-01-01 00:28:06.114000,0,1,2.0
1970-01-01 00:28:06.117600,0,1,2.0
1970-01-01 00:28:06.121200,0,1,2.0
1970-01-01 00:28:06.124800,0,1,2.0
1970-01-01 00:28:06.290400,1,0,2.0
1970-01-01 00:28:06.294000,1,0,2.0
1970-01-01 00:28:06.297600,1,0,2.0
1970-01-01 00:28:06.301200,1,0,2.0
1970-01-01 00:28:06.304800,1,0,2.0
1970-01-01 00:28:06.308400,1,0,2.0
1970-01-01 00:28:06.312000,0,1,2.0
1970-01-01 00:28:06.315600,0,1,2.0
1970-01-01 00:28:06.319200,0,1,2.0
1970-01-01 00:28:06.333600,1,0,2.0
1970-01-01 00:28:06.337200,1,0,2.0
1970-01-01 00:28:06.340800,1,0,2.0
1970-01-01 00:28:06.348000,0,1,2.0
1970-01-01 00:28:06.351600,0,1,2.0
1970-01-01 00:28:06.355200,0,1,2.0
1970-01-01 00:28:06.358800,0,1,2.0
1970-01-01 00:28:06.362400,0,1,2.0
1970-01-01 00:28:06.366000,0,1,2.0
1970-01-01 00:28:06.513600,0,1,2.0
1970-01-01 00:28:06.517200,0,1,2.0
1970-01-01 00:28:06.646800,0,1,2.0
1970-01-01 00:28:06.650400,0,1,2.0
1970-01-01 00:28:06.654000,0,1,2.0
1970-01-01 00:28:06.657600,0,1,2.0
1970-01-01 00:28:06.751200,0,1,2.0
1970-01-01 00:28:06.754800,0,1,2.0
1970-01-01 00:28:06.758400,0,1,2.0
1970-01-01 00:28:06.762000,0,1,2.0
1970-01-01 00:28:06.765600,0,1,2.0
1970-01-01 00:28:06.769200,0,1,2.0
1970-01-01 00:28:06.772800,1,0,2.0
1970-01-01 00:28:06.916800,1,0,2.0
1970-01-01 00:28:06.920400,1,0,2.0
1970-01-01 00:28:06.924000,1,0,2.0
1970-01-01 00:28:07.071600,1,0,2.0
1970-01-01 00:28:07.075200,1,0,2.0
1970-01-01 00:28:07.078800,1,0,2.0
1970-01-01 00:28:07.082400,1,0,2.0
1970-01-01 00:28:07.086000,1,0,2.0
1970-01-01 00:28:07.089600,1,0,2.0
1970-01-01 00:28:07.096800,0,1,2.0
1970-01-01 00:28:07.100400,0,1,2.0
1970-01-01 00:28:07.104000,0,1,2.0
1970-01-01 00:28:07.107600,0,1,2.0
1970-01-01 00:28:07.111200,0,1,2.0
1970-01-01 00:28:07.114800,0,1,2.0
1970-01-01 00:28:07.183200,1,0,2.0
1970-01-01 00:28:07.248000,0,1,2.0
1970-01-01 00:28:07.251600,0,1,2.0
1970-01-01 00:28:07.255200,0,1,2.0
1970-01-01 00:28:07.258800,0,1,2.0
1970-01-01 00:28:07.269600,1,0,2.0
1970-01-01 00:28:07.273200,1,0,2.0
1970-01-01 00:28:07.276800,1,0,2.0
1970-01-01 00:28:07.280400,1,0,2.0
1970-01-01 00:28:07.284000,1,0,2.0
1970-01-01 00:28:07.287600,1,0,2.0
1970-01-01 00:28:07.291200,1,0,2.0
1970-01-01 00:28:07.294800,1,0,2.0
1970-01-01 00:28:07.298400,1,0,2.0
1970-01-01 00:28:07.302000,1,0,2.0
1970-01-01 00:28:07.305600,1,0,2.0
1970-01-01 00:28:07.341600,1,0,2.0
1970-01-01 00:28:07.345200,1,0,2.0
1970-01-01 00:28:07.348800,1,0,2.0
1970-01-01 00:28:07.352400,1,0,2.0
1970-01-01 00:28:07.356000,1,0,2.0
1970-01-01 00:28:07.374000,1,0,2.0
1970-01-01 00:28:07.377600,1,0,2.0
1970-01-01 00:28:07.381200,1,0,2.0
1970-01-01 00:28:07.384800,1,0,2.0
1970-01-01 00:28:07.388400,1,0,2.0
1970-01-01 00:28:07.392000,1,0,2.0
1970-01-01 00:28:07.410000,0,1,2.0
1970-01-01 00:28:07.413600,0,1,2.0
1970-01-01 00:28:07.417200,0,1,2.0
1970-01-01 00:28:07.420800,0,1,2.0
1970-01-01 00:28:07.424400,0,1,2.0
1970-01-01 00:28:07.428000,0,1,2.0
1970-01-01 00:28:07.503600,0,1,2.0
1970-01-01 00:28:07.514400,1,0,2.0
1970-01-01 00:28:07.521600,1,0,2.0
1970-01-01 00:28:07.525200,1,0,2.0
1970-01-01 00:28:07.528800,1,0,2.0
1970-01-01 00:28:07.532400,1,0,2.0
1970-01-01 00:28:07.597200,0,1,2.0
1970-01-01 00:28:07.600800,0,1,2.0
1970-01-01 00:28:07.604400,0,1,2.0
1970-01-01 00:28:07.608000,0,1,2.0
1970-01-01 00:28:07.611600,0,1,2.0
1970-01-01 00:28:07.615200,0,1,2.0
1970-01-01 00:28:07.680000,0,1,2.0
1970-01-01 00:28:07.690800,0,1,2.0
1970-01-01 00:28:07.694400,0,1,2.0
1970-01-01 00:28:07.719600,0,1,2.0
1970-01-01 00:28:07.723200,0,1,2.0
1970-01-01 00:28:07.726800,0,1,2.0
1970-01-01 00:28:07.730400,0,1,2.0
1970-01-01 00:28:07.734000,0,1,2.0
1970-01-01 00:28:07.777200,0,1,2.0
1970-01-01 00:28:07.780800,0,1,2.0
1970-01-01 00:28:07.784400,0,1,2.0
1970-01-01 00:28:07.788000,0,1,2.0
1970-01-01 00:28:07.791600,0,1,2.0
1970-01-01 00:28:07.813200,1,0,2.0
1970-01-01 00:28:07.928400,0,1,2.0
1970-01-01 00:28:07.932000,0,1,2.0
1970-01-01 00:28:07.957200,0,1,2.0
1970-01-01 00:28:07.960800,0,1,2.0
1970-01-01 00:28:07.964400,0,1,2.0
1970-01-01 00:28:07.968000,0,1,2.0
1970-01-01 00:28:07.971600,0,1,2.0
1970-01-01 00:28:07.975200,0,1,2.0
1970-01-01 00:28:08.036400,0,1,2.0
1970-01-01 00:28:08.068800,1,0,2.0
1970-01-01 00:28:08.072400,1,0,2.0
1970-01-01 00:28:08.076000,1,0,2.0
1970-01-01 00:28:08.079600,1,0,2.0
1970-01-01 00:28:08.083200,1,0,2.0
1970-01-01 00:28:08.086800,1,0,2.0
1970-01-01 00:28:08.090400,1,0,2.0
1970-01-01 00:28:08.101200,1,0,2.0
1970-01-01 00:28:08.104800,1,0,2.0
1970-01-01 00:28:08.112000,0,1,2.0
1970-01-01 00:28:08.115600,0,1,2.0
1970-01-01 00:28:08.119200,0,1,2.0
1970-01-01 00:28:08.122800,0,1,2.0
1970-01-01 00:28:08.126400,0,1,2.0
1970-01-01 00:28:08.130000,1,0,2.0
1970-01-01 00:28:08.151600,1,0,2.0
1970-01-01 00:28:08.155200,1,0,2.0
1970-01-01 00:28:08.158800,1,0,2.0
1970-01-01 00:28:08.162400,1,0,2.0
1970-01-01 00:28:08.166000,1,0,2.0
1970-01-01 00:28:08.169600,1,0,2.0
1970-01-01 00:28:08.245200,0,1,2.0
1970-01-01 00:28:08.252400,0,1,2.0
1970-01-01 00:28:08.299200,1,0,2.0
1970-01-01 00:28:08.302800,1,0,2.0
1970-01-01 00:28:08.306400,1,0,2.0
1970-01-01 00:28:08.310000,1,0,2.0
1970-01-01 00:28:08.313600,1,0,2.0
1970-01-01 00:28:08.389200,1,0,2.0
1970-01-01 00:28:08.418000,1,0,2.0
1970-01-01 00:28:08.428800,1,0,2.0
1970-01-01 00:28:08.432400,1,0,2.0
1970-01-01 00:28:08.436000,0,1,2.0
1970-01-01 00:28:08.454000,1,0,2.0
1970-01-01 00:28:08.457600,1,0,2.0
1970-01-01 00:28:08.461200,1,0,2.0
1970-01-01 00:28:08.464800,1,0,2.0
1970-01-01 00:28:08.468400,1,0,2.0
1970-01-01 00:28:08.472000,1,0,2.0
1970-01-01 00:28:08.475600,1,0,2.0
1970-01-01 00:28:08.482800,0,0,2.0
1970-01-01 00:28:08.486400,0,1,2.0
1970-01-01 00:28:08.529600,0,1,2.0
1970-01-01 00:28:08.533200,0,1,2.0
1970-01-01 00:28:08.536800,0,1,2.0
1970-01-01 00:28:08.540400,0,1,2.0
1970-01-01 00:28:08.544000,0,1,2.0
1970-01-01 00:28:08.547600,0,1,2.0
1970-01-01 00:28:08.608800,1,0,2.0
1970-01-01 00:28:08.612400,1,0,2.0
1970-01-01 00:28:08.616000,1,0,2.0
1970-01-01 00:28:08.623200,0,1,2.0
1970-01-01 00:28:08.630400,0,1,2.0
1970-01-01 00:28:08.634000,0,1,2.0
1970-01-01 00:28:08.637600,0,1,2.0
1970-01-01 00:28:08.641200,0,1,2.0
1970-01-01 00:28:08.842800,1,0,2.0
1970-01-01 00:28:08.846400,1,0,2.0
1970-01-01 00:28:08.925600,0,1,2.0
1970-01-01 00:28:08.929200,0,1,2.0
1970-01-01 00:28:08.932800,0,1,2.0
1970-01-01 00:28:08.936400,0,1,2.0
1970-01-01 00:28:08.940000,0,1,2.0
1970-01-01 00:28:08.943600,0,1,2.0
1970-01-01 00:28:08.994000,1,0,2.0
1970-01-01 00:28:08.997600,1,0,2.0
1970-01-01 00:28:09.001200,1,0,2.0
1970-01-01 00:28:09.004800,1,0,2.0
1970-01-01 00:28:09.008400,1,0,2.0
1970-01-01 00:28:09.015600,0,1,2.0
1970-01-01 00:28:09.152400,0,1,2.0
1970-01-01 00:28:09.159600,0,1,2.0
1970-01-01 00:28:09.166800,0,1,2.0
1970-01-01 00:28:09.170400,0,1,2.0
1970-01-01 00:28:09.174000,0,1,2.0
1970-01-01 00:28:09.177600,0,1,2.0
1970-01-01 00:28:09.181200,0,1,2.0
1970-01-01 00:28:09.184800,0,1,2.0
1970-01-01 00:28:09.188400,1,0,2.0
1970-01-01 00:28:09.238800,1,0,2.0
1970-01-01 00:28:09.242400,1,0,2.0
1970-01-01 00:28:09.246000,1,0,2.0
1970-01-01 00:28:09.249600,1,0,2.0
1970-01-01 00:28:09.253200,1,0,2.0
1970-01-01 00:28:09.256800,1,0,2.0
1970-01-01 00:28:09.260400,1,0,2.0
1970-01-01 00:28:09.271200,1,0,2.0
1970-01-01 00:28:09.325200,1,0,2.0
1970-01-01 00:28:09.328800,1,0,2.0
1970-01-01 00:28:09.332400,1,0,2.0
1970-01-01 00:28:09.346800,0,1,2.0
1970-01-01 00:28:09.350400,0,1,2.0
1970-01-01 00:28:09.354000,0,1,2.0
1970-01-01 00:28:09.382800,1,0,2.0
1970-01-01 00:28:09.386400,1,0,2.0
1970-01-01 00:28:09.390000,1,0,2.0
1970-01-01 00:28:09.393600,1,0,2.0
1970-01-01 00:28:09.397200,1,0,2.0
1970-01-01 00:28:09.400800,1,0,2.0
1970-01-01 00:28:09.516000,0,1,2.0
1970-01-01 00:28:09.519600,0,1,2.0
1970-01-01 00:28:09.523200,0,1,2.0
1970-01-01 00:28:09.526800,0,1,2.0
1970-01-01 00:28:09.548400,1,0,2.0
1970-01-01 00:28:09.552000,1,0,2.0
1970-01-01 00:28:09.555600,1,0,2.0
1970-01-01 00:28:09.559200,1,0,2.0
1970-01-01 00:28:09.570000,0,1,2.0
1970-01-01 00:28:09.573600,0,1,2.0
1970-01-01 00:28:09.577200,0,1,2.0
1970-01-01 00:28:09.656400,0,1,2.0
1970-01-01 00:28:09.674400,0,1,2.0
1970-01-01 00:28:09.757200,1,0,2.0
1970-01-01 00:28:09.760800,1,0,2.0
1970-01-01 00:28:09.764400,1,0,2.0
1970-01-01 00:28:09.768000,1,0,2.0
1970-01-01 00:28:09.771600,1,0,2.0
1970-01-01 00:28:09.775200,1,0,2.0
1970-01-01 00:28:09.825600,1,0,2.0
1970-01-01 00:28:09.832800,1,0,2.0
1970-01-01 00:28:09.836400,1,0,2.0
1970-01-01 00:28:09.840000,1,0,2.0
1970-01-01 00:28:09.847200,0,1,2.0
1970-01-01 00:28:09.850800,0,1,2.0
1970-01-01 00:28:09.854400,0,1,2.0
1970-01-01 00:28:09.858000,0,1,2.0
1970-01-01 00:28:09.897600,1,0,2.0
1970-01-01 00:28:09.919200,1,0,2.0
1970-01-01 00:28:09.922800,1,0,2.0
1970-01-01 00:28:09.926400,1,0,2.0
1970-01-01 00:28:09.930000,1,0,2.0
1970-01-01 00:28:09.933600,1,0,2.0
1970-01-01 00:28:09.937200,1,0,2.0
1970-01-01 00:28:10.066800,1,0,2.0
1970-01-01 00:28:10.070400,1,0,2.0
1970-01-01 00:28:10.074000,1,0,2.0
1970-01-01 00:28:10.131600,0,1,2.0
1970-01-01 00:28:10.135200,0,1,2.0
1970-01-01 00:28:10.142400,0,1,2.0
1970-01-01 00:28:10.160400,1,0,2.0
1970-01-01 00:28:10.164000,1,0,2.0
1970-01-01 00:28:10.167600,1,0,2.0
1970-01-01 00:28:10.171200,1,0,2.0
1970-01-01 00:28:10.174800,1,0,2.0
1970-01-01 00:28:10.178400,1,0,2.0
1970-01-01 00:28:10.182000,0,1,2.0
1970-01-01 00:28:10.189200,1,0,2.0
1970-01-01 00:28:10.282800,1,0,2.0
1970-01-01 00:28:10.286400,1,0,2.0
1970-01-01 00:28:10.290000,1,0,2.0
1970-01-01 00:28:10.293600,1,0,2.0
1970-01-01 00:28:10.297200,1,0,2.0
1970-01-01 00:28:10.459200,0,1,2.0
1970-01-01 00:28:10.462800,0,1,2.0
1970-01-01 00:28:10.466400,0,1,2.0
1970-01-01 00:28:10.470000,0,1,2.0
1970-01-01 00:28:10.473600,0,1,2.0
1970-01-01 00:28:10.632000,1,0,2.0
1970-01-01 00:28:10.635600,1,0,2.0
1970-01-01 00:28:10.639200,1,0,2.0
1970-01-01 00:28:10.642800,1,0,2.0
1970-01-01 00:28:10.646400,1,0,2.0
1970-01-01 00:28:10.650000,1,0,2.0
1970-01-01 00:28:10.722000,0,1,2.0
1970-01-01 00:28:10.725600,0,1,2.0
1970-01-01 00:28:10.729200,0,1,2.0
1970-01-01 00:28:10.732800,0,1,2.0
1970-01-01 00:28:10.736400,0,1,2.0
1970-01-01 00:28:10.740000,0,1,2.0
1970-01-01 00:28:10.797600,0,1,2.0
1970-01-01 00:28:10.801200,0,1,2.0
1970-01-01 00:28:10.804800,0,1,2.0
1970-01-01 00:28:10.808400,0,1,2.0
1970-01-01 00:28:10.812000,0,1,2.0
1970-01-01 00:28:10.822800,0,1,2.0
1970-01-01 00:28:10.840800,0,1,2.0
1970-01-01 00:28:10.844400,0,1,2.0
1970-01-01 00:28:10.848000,0,1,2.0
1970-01-01 00:28:10.909200,1,0,2.0
1970-01-01 00:28:10.963200,0,1,2.0
1970-01-01 00:28:10.966800,0,1,2.0
1970-01-01 00:28:10.970400,0,1,2.0
1970-01-01 00:28:10.974000,0,1,2.0
1970-01-01 00:28:10.977600,0,1,2.0
1970-01-01 00:28:10.981200,0,1,2.0
1970-01-01 00:28:11.038800,0,1,2.0
1970-01-01 00:28:11.154000,0,1,2.0
1970-01-01 00:28:11.157600,0,1,2.0
1970-01-01 00:28:11.161200,0,1,2.0
1970-01-01 00:28:11.164800,0,1,2.0
1970-01-01 00:28:11.168400,0,1,2.0
1970-01-01 00:28:11.186400,1,0,2.0
1970-01-01 00:28:11.190000,1,0,2.0
1970-01-01 00:28:11.193600,1,0,2.0
1970-01-01 00:28:11.197200,1,0,2.0
1970-01-01 00:28:11.200800,1,0,2.0
1970-01-01 00:28:11.204400,1,0,2.0
1970-01-01 00:28:11.308800,0,1,2.0
1970-01-01 00:28:11.402400,0,1,2.0
1970-01-01 00:28:11.406000,0,1,2.0
1970-01-01 00:28:11.409600,0,1,2.0
1970-01-01 00:28:11.478000,1,0,2.0
1970-01-01 00:28:11.481600,1,0,2.0
1970-01-01 00:28:11.485200,1,0,2.0
1970-01-01 00:28:11.488800,1,0,2.0
1970-01-01 00:28:11.492400,1,0,2.0
1970-01-01 00:28:11.499600,1,0,2.0
1970-01-01 00:28:11.503200,1,0,2.0
1970-01-01 00:28:11.582400,0,1,2.0
1970-01-01 00:28:11.586000,0,1,2.0
1970-01-01 00:28:11.614800,1,0,2.0
1970-01-01 00:28:11.661600,1,0,2.0
1970-01-01 00:28:11.665200,1,0,2.0
1970-01-01 00:28:11.668800,1,0,2.0
1970-01-01 00:28:11.776800,1,0,2.0
1970-01-01 00:28:11.780400,1,0,2.0
1970-01-01 00:28:11.784000,1,0,2.0
1970-01-01 00:28:11.787600,1,0,2.0
1970-01-01 00:28:11.809200,1,0,2.0
1970-01-01 00:28:11.812800,1,0,2.0
1970-01-01 00:28:11.816400,1,0,2.0
1970-01-01 00:28:11.820000,1,0,2.0
1970-01-01 00:28:11.823600,1,0,2.0
1970-01-01 00:28:11.827200,1,0,2.0
1970-01-01 00:28:11.942400,0,1,2.0
1970-01-01 00:28:11.946000,0,1,2.0
1970-01-01 00:28:11.949600,0,1,2.0
1970-01-01 00:28:11.953200,0,1,2.0
1970-01-01 00:28:11.956800,0,1,2.0
1970-01-01 00:28:11.960400,0,1,2.0
1970-01-01 00:28:12.021600,0,1,2.0
1970-01-01 00:28:12.025200,0,1,2.0
1970-01-01 00:28:12.028800,0,1,2.0
1970-01-01 00:28:12.100800,0,1,2.0
1970-01-01 00:28:12.104400,0,1,2.0
1970-01-01 00:28:12.108000,0,1,2.0
1970-01-01 00:28:12.111600,0,1,2.0
1970-01-01 00:28:12.115200,0,1,2.0
1970-01-01 00:28:12.118800,0,1,2.0
1970-01-01 00:28:12.122400,0,1,2.0
1970-01-01 00:28:12.169200,0,1,2.0
1970-01-01 00:28:12.176400,0,1,2.0
1970-01-01 00:28:12.180000,0,1,2.0
1970-01-01 00:28:12.183600,0,1,2.0
1970-01-01 00:28:12.194400,0,1,2.0
1970-01-01 00:28:12.198000,0,1,2.0
1970-01-01 00:28:12.201600,0,1,2.0
1970-01-01 00:28:12.205200,0,1,2.0
1970-01-01 00:28:12.208800,0,1,2.0
1970-01-01 00:28:12.212400,0,1,2.0
1970-01-01 00:28:12.262800,0,1,2.0
1970-01-01 00:28:12.266400,0,1,2.0
1970-01-01 00:28:12.270000,0,1,2.0
1970-01-01 00:28:12.273600,0,1,2.0
1970-01-01 00:28:12.277200,0,1,2.0
1970-01-01 00:28:12.280800,0,1,2.0
1970-01-01 00:28:12.284400,0,1,2.0
1970-01-01 00:28:12.288000,0,1,2.0
1970-01-01 00:28:12.291600,0,1,2.0
1970-01-01 00:28:12.295200,0,1,2.0
1970-01-01 00:28:12.298800,0,1,2.0
1970-01-01 00:28:12.302400,0,1,2.0
1970-01-01 00:28:12.442800,1,0,2.0
1970-01-01 00:28:12.446400,1,0,2.0
1970-01-01 00:28:12.450000,1,0,2.0
1970-01-01 00:28:12.453600,1,0,2.0
1970-01-01 00:28:12.460800,0,1,2.0
1970-01-01 00:28:12.525600,0,1,2.0
1970-01-01 00:28:12.579600,0,1,2.0
1970-01-01 00:28:12.590400,0,1,2.0
1970-01-01 00:28:12.594000,0,1,2.0
1970-01-01 00:28:12.597600,0,1,2.0
1970-01-01 00:28:12.601200,0,1,2.0
1970-01-01 00:28:12.604800,0,1,2.0
1970-01-01 00:28:12.608400,0,1,2.0
1970-01-01 00:28:12.615600,0,1,2.0
1970-01-01 00:28:12.622800,0,1,2.0
1970-01-01 00:28:12.626400,0,1,2.0
1970-01-01 00:28:12.698400,0,1,2.0
1970-01-01 00:28:12.702000,0,1,2.0
1970-01-01 00:28:12.705600,0,1,2.0
1970-01-01 00:28:12.709200,0,1,2.0
1970-01-01 00:28:12.712800,0,1,2.0
1970-01-01 00:28:12.716400,0,1,2.0
1970-01-01 00:28:12.720000,0,1,2.0
1970-01-01 00:28:12.723600,1,0,2.0
1970-01-01 00:28:12.738000,1,0,2.0
1970-01-01 00:28:12.792000,1,0,2.0
1970-01-01 00:28:12.864000,0,1,2.0
1970-01-01 00:28:12.867600,0,1,2.0
1970-01-01 00:28:12.871200,0,1,2.0
1970-01-01 00:28:12.874800,0,1,2.0
1970-01-01 00:28:12.878400,0,1,2.0
1970-01-01 00:28:12.882000,0,1,2.0
1970-01-01 00:28:12.914400,0,1,2.0
1970-01-01 00:28:12.918000,0,1,2.0
1970-01-01 00:28:12.925200,0,1,2.0
1970-01-01 00:28:13.094400,1,0,2.0
1970-01-01 00:28:13.098000,1,0,2.0
1970-01-01 00:28:13.101600,1,0,2.0
1970-01-01 00:28:13.105200,1,0,2.0
1970-01-01 00:28:13.108800,1,0,2.0
1970-01-01 00:28:13.144800,0,1,2.0
1970-01-01 00:28:13.173600,0,1,2.0
1970-01-01 00:28:13.177200,0,1,2.0
1970-01-01 00:28:13.213200,1,0,2.0
1970-01-01 00:28:13.216800,1,0,2.0
1970-01-01 00:28:13.220400,1,0,2.0
1970-01-01 00:28:13.285200,0,1,2.0
1970-01-01 00:28:13.296000,1,0,2.0
1970-01-01 00:28:13.299600,1,0,2.0
1970-01-01 00:28:13.303200,1,0,2.0
1970-01-01 00:28:13.306800,1,0,2.0
1970-01-01 00:28:13.310400,1,0,2.0
1970-01-01 00:28:13.314000,1,0,2.0
1970-01-01 00:28:13.317600,1,0,2.0
1970-01-01 00:28:13.443600,1,0,2.0
1970-01-01 00:28:13.447200,1,0,2.0
1970-01-01 00:28:13.450800,1,0,2.0
1970-01-01 00:28:13.454400,1,0,2.0
1970-01-01 00:28:13.458000,1,0,2.0
1970-01-01 00:28:13.461600,1,0,2.0
1970-01-01 00:28:13.472400,0,1,2.0
1970-01-01 00:28:13.476000,0,1,2.0
1970-01-01 00:28:13.479600,0,1,2.0
1970-01-01 00:28:13.483200,0,1,2.0
1970-01-01 00:28:13.486800,0,1,2.0
1970-01-01 00:28:13.490400,0,1,2.0
1970-01-01 00:28:13.494000,0,1,2.0
1970-01-01 00:28:13.566000,0,1,2.0
1970-01-01 00:28:13.569600,0,1,2.0
1970-01-01 00:28:13.573200,0,1,2.0
1970-01-01 00:28:13.587600,1,0,2.0
1970-01-01 00:28:13.843200,0,1,2.0
1970-01-01 00:28:13.846800,0,1,2.0
1970-01-01 00:28:13.850400,0,1,2.0
1970-01-01 00:28:13.854000,0,1,2.0
1970-01-01 00:28:13.857600,0,1,2.0
1970-01-01 00:28:13.861200,1,0,2.0
1970-01-01 00:28:13.872000,1,0,2.0
1970-01-01 00:28:13.875600,1,0,2.0
1970-01-01 00:28:13.965600,0,1,2.0
1970-01-01 00:28:13.987200,0,1,2.0
1970-01-01 00:28:13.990800,0,1,2.0
1970-01-01 00:28:13.994400,0,1,2.0
1970-01-01 00:28:13.998000,0,1,2.0
1970-01-01 00:28:14.001600,0,1,2.0
1970-01-01 00:28:14.005200,0,1,2.0
1970-01-01 00:28:14.084400,1,0,2.0
1970-01-01 00:28:14.109600,1,0,2.0
1970-01-01 00:28:14.113200,1,0,2.0
1970-01-01 00:28:14.116800,1,0,2.0
1970-01-01 00:28:14.145600,0,1,2.0
1970-01-01 00:28:14.149200,0,1,2.0
1970-01-01 00:28:14.152800,0,1,2.0
1970-01-01 00:28:14.156400,0,1,2.0
1970-01-01 00:28:14.160000,0,1,2.0
1970-01-01 00:28:14.181600,1,0,2.0
1970-01-01 00:28:14.185200,1,0,2.0
1970-01-01 00:28:14.188800,1,0,2.0
1970-01-01 00:28:14.192400,1,0,2.0
1970-01-01 00:28:14.196000,1,0,2.0
1970-01-01 00:28:14.293200,0,1,2.0
1970-01-01 00:28:14.296800,0,1,2.0
1970-01-01 00:28:14.300400,0,1,2.0
1970-01-01 00:28:14.304000,0,1,2.0
1970-01-01 00:28:14.307600,0,1,2.0
1970-01-01 00:28:14.311200,0,1,2.0
1970-01-01 00:28:14.314800,0,1,2.0
1970-01-01 00:28:14.408400,0,1,2.0
1970-01-01 00:28:14.412000,0,1,2.0
1970-01-01 00:28:14.415600,0,1,2.0
1970-01-01 00:28:14.419200,0,1,2.0
1970-01-01 00:28:14.466000,1,0,2.0
1970-01-01 00:28:14.628000,1,0,2.0
1970-01-01 00:28:14.638800,1,0,2.0
1970-01-01 00:28:14.649600,0,1,2.0
1970-01-01 00:28:14.786400,1,0,2.0
1970-01-01 00:28:14.797200,1,0,2.0
1970-01-01 00:28:14.800800,1,0,2.0
1970-01-01 00:28:14.804400,1,0,2.0
1970-01-01 00:28:14.808000,1,0,2.0
1970-01-01 00:28:14.908800,1,0,2.0
1970-01-01 00:28:14.912400,1,0,2.0
1970-01-01 00:28:14.948400,0,1,2.0
1970-01-01 00:28:14.952000,0,1,2.0
1970-01-01 00:28:14.955600,0,1,2.0
1970-01-01 00:28:14.959200,0,1,2.0
1970-01-01 00:28:14.962800,0,1,2.0
1970-01-01 00:28:14.966400,0,1,2.0
1970-01-01 00:28:14.973600,0,1,2.0
1970-01-01 00:28:14.977200,0,1,2.0
1970-01-01 00:28:14.980800,1,0,2.0
1970-01-01 00:28:15.016800,1,0,2.0
1970-01-01 00:28:15.020400,1,0,2.0
1970-01-01 00:28:15.024000,1,0,2.0
1970-01-01 00:28:15.034800,0,1,2.0
1970-01-01 00:28:15.038400,0,1,2.0
1970-01-01 00:28:15.042000,0,1,2.0
1970-01-01 00:28:15.045600,0,1,2.0
1970-01-01 00:28:15.049200,0,1,2.0
1970-01-01 00:28:15.052800,0,1,2.0
1970-01-01 00:28:15.106800,1,0,2.0
1970-01-01 00:28:15.171600,0,1,2.0
1970-01-01 00:28:15.265200,0,1,2.0
1970-01-01 00:28:15.268800,0,1,2.0
1970-01-01 00:28:15.272400,0,1,2.0
1970-01-01 00:28:15.276000,0,1,2.0
1970-01-01 00:28:15.279600,0,1,2.0
1970-01-01 00:28:15.283200,0,1,2.0
1970-01-01 00:28:15.560400,0,1,2.0
1970-01-01 00:28:15.564000,0,1,2.0
1970-01-01 00:28:15.567600,0,1,2.0
1970-01-01 00:28:15.574800,0,1,2.0
1970-01-01 00:28:15.578400,0,1,2.0
1970-01-01 00:28:15.582000,0,1,2.0
1970-01-01 00:28:15.726000,0,1,2.0
1970-01-01 00:28:15.729600,0,1,2.0
1970-01-01 00:28:15.736800,0,1,2.0
1970-01-01 00:28:15.751200,1,0,2.0
1970-01-01 00:28:15.790800,1,0,2.0
1970-01-01 00:28:15.798000,1,0,2.0
1970-01-01 00:28:15.801600,1,0,2.0
1970-01-01 00:28:15.812400,0,1,2.0
1970-01-01 00:28:15.816000,0,1,2.0
1970-01-01 00:28:15.819600,0,1,2.0
1970-01-01 00:28:15.873600,1,0,2.0
1970-01-01 00:28:15.891600,1,0,2.0
1970-01-01 00:28:15.898800,1,0,2.0
1970-01-01 00:28:15.902400,1,0,2.0
1970-01-01 00:28:15.952800,1,0,2.0
1970-01-01 00:28:16.068000,1,0,2.0
1970-01-01 00:28:16.071600,1,0,2.0
1970-01-01 00:28:16.075200,1,0,2.0
1970-01-01 00:28:16.078800,1,0,2.0
1970-01-01 00:28:16.082400,1,0,2.0
1970-01-01 00:28:16.086000,1,0,2.0
1970-01-01 00:28:16.132800,1,0,2.0
1970-01-01 00:28:16.136400,1,0,2.0
1970-01-01 00:28:16.140000,1,0,2.0
1970-01-01 00:28:16.143600,1,0,2.0
1970-01-01 00:28:16.154400,0,1,2.0
1970-01-01 00:28:16.158000,0,1,2.0
1970-01-01 00:28:16.161600,0,1,2.0
1970-01-01 00:28:16.165200,0,1,2.0
1970-01-01 00:28:16.172400,0,1,2.0
1970-01-01 00:28:16.176000,1,0,2.0
1970-01-01 00:28:16.179600,1,0,2.0
1970-01-01 00:28:16.183200,1,0,2.0
1970-01-01 00:28:16.186800,1,0,2.0
1970-01-01 00:28:16.190400,1,0,2.0
1970-01-01 00:28:16.194000,1,0,2.0
1970-01-01 00:28:16.240800,0,1,2.0
1970-01-01 00:28:16.244400,0,1,2.0
1970-01-01 00:28:16.248000,0,1,2.0
1970-01-01 00:28:16.251600,0,1,2.0
1970-01-01 00:28:16.255200,0,1,2.0
1970-01-01 00:28:16.258800,0,1,2.0
1970-01-01 00:28:16.262400,0,1,2.0
1970-01-01 00:28:16.266000,0,1,2.0
1970-01-01 00:28:16.338000,0,1,2.0
1970-01-01 00:28:16.356000,0,1,2.0
1970-01-01 00:28:16.359600,0,1,2.0
1970-01-01 00:28:16.363200,0,1,2.0
1970-01-01 00:28:16.366800,0,1,2.0
1970-01-01 00:28:16.370400,0,1,2.0
1970-01-01 00:28:16.374000,0,1,2.0
1970-01-01 00:28:16.431600,1,0,2.0
1970-01-01 00:28:16.438800,1,0,2.0
1970-01-01 00:28:16.464000,0,1,2.0
1970-01-01 00:28:16.582800,0,1,2.0
1970-01-01 00:28:16.590000,0,1,2.0
1970-01-01 00:28:16.593600,1,0,2.0
1970-01-01 00:28:16.687200,0,1,2.0
1970-01-01 00:28:16.701600,1,0,2.0
1970-01-01 00:28:16.705200,1,0,2.0
1970-01-01 00:28:16.708800,1,0,2.0
1970-01-01 00:28:16.723200,0,1,2.0
1970-01-01 00:28:16.726800,0,1,2.0
1970-01-01 00:28:16.734000,0,1,2.0
1970-01-01 00:28:16.737600,0,1,2.0
1970-01-01 00:28:16.741200,0,1,2.0
1970-01-01 00:28:16.744800,0,1,2.0
1970-01-01 00:28:16.748400,0,1,2.0
1970-01-01 00:28:16.752000,0,1,2.0
1970-01-01 00:28:16.813200,0,1,2.0
1970-01-01 00:28:16.816800,0,1,2.0
1970-01-01 00:28:16.820400,0,1,2.0
1970-01-01 00:28:16.824000,0,1,2.0
1970-01-01 00:28:16.827600,0,1,2.0
1970-01-01 00:28:16.831200,0,1,2.0
1970-01-01 00:28:16.834800,0,1,2.0
1970-01-01 00:28:16.838400,0,1,2.0
1970-01-01 00:28:16.968000,1,0,2.0
1970-01-01 00:28:16.982400,0,1,2.0
1970-01-01 00:28:17.014800,0,1,2.0
1970-01-01 00:28:17.018400,0,1,2.0
1970-01-01 00:28:17.022000,0,1,2.0
1970-01-01 00:28:17.025600,0,1,2.0
1970-01-01 00:28:17.029200,0,1,2.0
1970-01-01 00:28:17.032800,0,1,2.0
1970-01-01 00:28:17.086800,0,1,2.0
1970-01-01 00:28:17.090400,0,1,2.0
1970-01-01 00:28:17.094000,0,1,2.0
1970-01-01 00:28:17.097600,0,1,2.0
1970-01-01 00:28:17.173200,1,0,2.0
1970-01-01 00:28:17.176800,1,0,2.0
1970-01-01 00:28:17.180400,1,0,2.0
1970-01-01 00:28:17.184000,1,0,2.0
1970-01-01 00:28:17.187600,1,0,2.0
1970-01-01 00:28:17.191200,1,0,2.0
1970-01-01 00:28:17.198400,0,1,2.0
1970-01-01 00:28:17.263200,1,0,2.0
1970-01-01 00:28:17.266800,1,0,2.0
1970-01-01 00:28:17.270400,1,0,2.0
1970-01-01 00:28:17.274000,1,0,2.0
1970-01-01 00:28:17.277600,1,0,2.0
1970-01-01 00:28:17.281200,1,0,2.0
1970-01-01 00:28:17.299200,1,0,2.0
1970-01-01 00:28:17.302800,1,0,2.0
1970-01-01 00:28:17.371200,1,0,2.0
1970-01-01 00:28:17.374800,1,0,2.0
1970-01-01 00:28:17.378400,1,0,2.0
1970-01-01 00:28:17.392800,0,1,2.0
1970-01-01 00:28:17.410800,1,0,2.0
1970-01-01 00:28:17.414400,1,0,2.0
1970-01-01 00:28:17.418000,1,0,2.0
1970-01-01 00:28:17.421600,1,0,2.0
1970-01-01 00:28:17.425200,1,0,2.0
1970-01-01 00:28:17.428800,1,0,2.0
1970-01-01 00:28:17.526000,0,1,2.0
1970-01-01 00:28:17.529600,0,1,2.0
1970-01-01 00:28:17.533200,0,1,2.0
1970-01-01 00:28:17.536800,0,1,2.0
1970-01-01 00:28:17.540400,0,1,2.0
1970-01-01 00:28:17.544000,0,1,2.0
1970-01-01 00:28:17.616000,0,1,2.0
1970-01-01 00:28:17.655600,0,0,2.0
1970-01-01 00:28:17.662800,0,0,2.0
1970-01-01 00:28:17.666400,0,1,2.0
1970-01-01 00:28:17.670000,0,1,2.0
1970-01-01 00:28:17.673600,0,1,2.0
1970-01-01 00:28:17.749200,1,0,2.0
1970-01-01 00:28:17.752800,1,0,2.0
1970-01-01 00:28:17.756400,1,0,2.0
1970-01-01 00:28:17.760000,1,0,2.0
1970-01-01 00:28:17.763600,1,0,2.0
1970-01-01 00:28:17.767200,1,0,2.0
1970-01-01 00:28:17.770800,1,0,2.0
1970-01-01 00:28:17.774400,1,0,2.0
1970-01-01 00:28:17.778000,1,0,2.0
1970-01-01 00:28:17.781600,1,0,2.0
1970-01-01 00:28:17.785200,1,0,2.0
1970-01-01 00:28:17.850000,1,0,2.0
1970-01-01 00:28:17.853600,1,0,2.0
1970-01-01 00:28:17.857200,1,0,2.0
1970-01-01 00:28:17.860800,1,0,2.0
1970-01-01 00:28:17.864400,1,0,2.0
1970-01-01 00:28:17.871600,1,0,2.0
1970-01-01 00:28:17.875200,1,0,2.0
1970-01-01 00:28:17.878800,1,0,2.0
1970-01-01 00:28:17.882400,1,0,2.0
1970-01-01 00:28:17.886000,1,0,2.0
1970-01-01 00:28:17.889600,1,0,2.0
1970-01-01 00:28:17.950800,0,1,2.0
1970-01-01 00:28:17.954400,0,1,2.0
1970-01-01 00:28:17.997600,1,0,2.0
1970-01-01 00:28:18.001200,1,0,2.0
1970-01-01 00:28:18.004800,1,0,2.0
1970-01-01 00:28:18.008400,1,0,2.0
1970-01-01 00:28:18.012000,1,0,2.0
1970-01-01 00:28:18.015600,1,0,2.0
1970-01-01 00:28:18.019200,1,0,2.0
1970-01-01 00:28:18.022800,1,0,2.0
1970-01-01 00:28:18.026400,1,0,2.0
1970-01-01 00:28:18.030000,1,0,2.0
1970-01-01 00:28:18.033600,1,0,2.0
1970-01-01 00:28:18.037200,1,0,2.0
1970-01-01 00:28:18.040800,1,0,2.0
1970-01-01 00:28:18.044400,1,0,2.0
1970-01-01 00:28:18.076800,1,0,2.0
1970-01-01 00:28:18.080400,1,0,2.0
1970-01-01 00:28:18.084000,1,0,2.0
1970-01-01 00:28:18.087600,1,0,2.0
1970-01-01 00:28:18.091200,1,0,2.0
1970-01-01 00:28:18.094800,1,0,2.0
1970-01-01 00:28:18.148800,0,1,2.0
1970-01-01 00:28:18.224400,1,0,2.0
1970-01-01 00:28:18.228000,1,0,2.0
1970-01-01 00:28:18.231600,1,0,2.0
1970-01-01 00:28:18.235200,1,0,2.0
1970-01-01 00:28:18.238800,1,0,2.0
1970-01-01 00:28:18.249600,1,0,2.0
1970-01-01 00:28:18.260400,1,0,2.0
1970-01-01 00:28:18.264000,1,0,2.0
1970-01-01 00:28:18.267600,1,0,2.0
1970-01-01 00:28:18.271200,1,0,2.0
1970-01-01 00:28:18.274800,1,0,2.0
1970-01-01 00:28:18.278400,1,0,2.0
1970-01-01 00:28:18.296400,1,0,2.0
1970-01-01 00:28:18.300000,1,0,2.0
1970-01-01 00:28:18.318000,0,1,2.0
1970-01-01 00:28:18.321600,0,1,2.0
1970-01-01 00:28:18.400800,0,1,2.0
1970-01-01 00:28:18.404400,0,1,2.0
1970-01-01 00:28:18.408000,0,1,2.0
1970-01-01 00:28:18.411600,0,1,2.0
1970-01-01 00:28:18.415200,0,1,2.0
1970-01-01 00:28:18.418800,0,1,2.0
1970-01-01 00:28:18.526800,0,1,2.0
1970-01-01 00:28:18.616800,0,1,2.0
1970-01-01 00:28:18.649200,1,0,2.0
1970-01-01 00:28:18.674400,0,1,2.0
1970-01-01 00:28:18.714000,0,1,2.0
1970-01-01 00:28:18.735600,1,0,2.0
1970-01-01 00:28:18.739200,1,0,2.0
1970-01-01 00:28:18.750000,0,1,2.0
1970-01-01 00:28:18.753600,0,1,2.0
1970-01-01 00:28:18.840000,0,1,2.0
1970-01-01 00:28:18.843600,1,0,2.0
1970-01-01 00:28:18.847200,1,0,2.0
1970-01-01 00:28:18.850800,1,0,2.0
1970-01-01 00:28:18.854400,1,0,2.0
1970-01-01 00:28:18.858000,1,0,2.0
1970-01-01 00:28:18.901200,1,0,2.0
1970-01-01 00:28:18.912000,0,1,2.0
1970-01-01 00:28:18.915600,0,1,2.0
1970-01-01 00:28:18.919200,0,1,2.0
1970-01-01 00:28:18.922800,0,1,2.0
1970-01-01 00:28:18.926400,0,1,2.0
1970-01-01 00:28:19.038000,1,0,2.0
1970-01-01 00:28:19.120800,1,0,2.0
1970-01-01 00:28:19.124400,1,0,2.0
1970-01-01 00:28:19.128000,1,0,2.0
1970-01-01 00:28:19.131600,1,0,2.0
1970-01-01 00:28:19.135200,1,0,2.0
1970-01-01 00:28:19.138800,1,0,2.0
1970-01-01 00:28:19.156800,0,0,2.0
1970-01-01 00:28:19.164000,1,0,2.0
1970-01-01 00:28:19.167600,1,0,2.0
1970-01-01 00:28:19.171200,1,0,2.0
1970-01-01 00:28:19.174800,1,0,2.0
1970-01-01 00:28:19.178400,0,0,2.0
1970-01-01 00:28:19.185600,0,1,2.0
1970-01-01 00:28:19.218000,1,0,2.0
1970-01-01 00:28:19.250400,1,0,2.0
1970-01-01 00:28:19.254000,1,0,2.0
1970-01-01 00:28:19.257600,1,0,2.0
1970-01-01 00:28:19.261200,1,0,2.0
1970-01-01 00:28:19.264800,1,0,2.0
1970-01-01 00:28:19.268400,1,0,2.0
1970-01-01 00:28:19.272000,1,0,2.0
1970-01-01 00:28:19.275600,1,0,2.0
1970-01-01 00:28:19.279200,1,0,2.0
1970-01-01 00:28:19.282800,1,0,2.0
1970-01-01 00:28:19.444800,1,0,2.0
1970-01-01 00:28:19.448400,1,0,2.0
1970-01-01 00:28:19.452000,1,0,2.0
1970-01-01 00:28:19.455600,1,0,2.0
1970-01-01 00:28:19.538400,0,1,2.0
1970-01-01 00:28:19.542000,0,1,2.0
1970-01-01 00:28:19.639200,1,0,2.0
1970-01-01 00:28:19.642800,1,0,2.0
1970-01-01 00:28:19.653600,1,0,2.0
1970-01-01 00:28:19.657200,1,0,2.0
1970-01-01 00:28:19.660800,1,0,2.0
1970-01-01 00:28:19.664400,1,0,2.0
1970-01-01 00:28:19.668000,1,0,2.0
1970-01-01 00:28:19.671600,1,0,2.0
1970-01-01 00:28:19.675200,1,0,2.0
1970-01-01 00:28:19.686000,1,0,2.0
1970-01-01 00:28:19.689600,1,0,2.0
1970-01-01 00:28:19.729200,0,1,2.0
1970-01-01 00:28:19.732800,0,1,2.0
1970-01-01 00:28:19.822800,0,1,2.0
1970-01-01 00:28:19.826400,0,1,2.0
1970-01-01 00:28:19.837200,0,1,2.0
1970-01-01 00:28:19.840800,0,1,2.0
1970-01-01 00:28:19.902000,0,1,2.0
1970-01-01 00:28:19.905600,0,1,2.0
1970-01-01 00:28:19.948800,0,1,2.0
1970-01-01 00:28:19.959600,1,0,2.0
1970-01-01 00:28:19.966800,0,1,2.0
1970-01-01 00:28:19.970400,0,1,2.0
1970-01-01 00:28:19.974000,0,1,2.0
1970-01-01 00:28:19.977600,0,1,2.0
1970-01-01 00:28:19.981200,0,1,2.0
1970-01-01 00:28:20.064000,1,0,2.0
1970-01-01 00:28:20.067600,1,0,2.0
1970-01-01 00:28:20.071200,1,0,2.0
1970-01-01 00:28:20.074800,1,0,2.0
1970-01-01 00:28:20.078400,1,0,2.0
1970-01-01 00:28:20.082000,1,0,2.0
1970-01-01 00:28:20.096400,1,0,2.0
1970-01-01 00:28:20.100000,1,0,2.0
1970-01-01 00:28:20.103600,1,0,2.0
1970-01-01 00:28:20.107200,1,0,2.0
1970-01-01 00:28:20.110800,1,0,2.0
1970-01-01 00:28:20.114400,1,0,2.0
1970-01-01 00:28:20.118000,1,0,2.0
1970-01-01 00:28:20.121600,1,0,2.0
1970-01-01 00:28:20.128800,0,1,2.0
1970-01-01 00:28:20.132400,0,1,2.0
1970-01-01 00:28:20.190000,1,0,2.0
1970-01-01 00:28:20.193600,1,0,2.0
1970-01-01 00:28:20.197200,1,0,2.0
1970-01-01 00:28:20.200800,1,0,2.0
1970-01-01 00:28:20.204400,1,0,2.0
1970-01-01 00:28:20.211600,0,1,2.0
1970-01-01 00:28:20.215200,0,1,2.0
1970-01-01 00:28:20.294400,0,1,2.0
1970-01-01 00:28:20.298000,0,1,2.0
1970-01-01 00:28:20.301600,0,1,2.0
1970-01-01 00:28:20.305200,0,1,2.0
1970-01-01 00:28:20.308800,0,1,2.0
1970-01-01 00:28:20.398800,1,0,2.0
1970-01-01 00:28:20.402400,1,0,2.0
1970-01-01 00:28:20.406000,1,0,2.0
1970-01-01 00:28:20.409600,1,0,2.0
1970-01-01 00:28:20.413200,1,0,2.0
1970-01-01 00:28:20.478000,0,1,2.0
1970-01-01 00:28:20.492400,0,1,2.0
1970-01-01 00:28:20.499600,0,1,2.0
1970-01-01 00:28:20.564400,0,1,2.0
1970-01-01 00:28:20.568000,0,1,2.0
1970-01-01 00:28:20.571600,0,1,2.0
1970-01-01 00:28:20.582400,0,1,2.0
1970-01-01 00:28:20.586000,0,1,2.0
1970-01-01 00:28:20.589600,0,1,2.0
1970-01-01 00:28:20.593200,0,1,2.0
1970-01-01 00:28:20.596800,0,1,2.0
1970-01-01 00:28:20.600400,0,1,2.0
1970-01-01 00:28:20.604000,1,0,2.0
1970-01-01 00:28:20.661600,1,0,2.0
1970-01-01 00:28:20.665200,1,0,2.0
1970-01-01 00:28:20.668800,1,0,2.0
1970-01-01 00:28:20.672400,1,0,2.0
1970-01-01 00:28:20.730000,0,1,2.0
1970-01-01 00:28:20.751600,1,0,2.0
1970-01-01 00:28:20.766000,1,0,2.0
1970-01-01 00:28:20.769600,1,0,2.0
1970-01-01 00:28:20.787600,1,0,2.0
1970-01-01 00:28:20.802000,1,0,2.0
1970-01-01 00:28:20.852400,1,0,2.0
1970-01-01 00:28:20.859600,1,0,2.0
1970-01-01 00:28:20.985600,0,1,2.0
1970-01-01 00:28:20.989200,0,1,2.0
1970-01-01 00:28:20.992800,0,1,2.0
1970-01-01 00:28:20.996400,0,1,2.0
1970-01-01 00:28:21.000000,0,1,2.0
1970-01-01 00:28:21.003600,0,1,2.0
1970-01-01 00:28:21.007200,0,1,2.0
1970-01-01 00:28:21.010800,0,1,2.0
1970-01-01 00:28:21.014400,1,0,2.0
1970-01-01 00:28:21.018000,1,0,2.0
1970-01-01 00:28:21.021600,1,0,2.0
1970-01-01 00:28:21.025200,1,0,2.0
1970-01-01 00:28:21.028800,1,0,2.0
1970-01-01 00:28:21.032400,1,0,2.0
1970-01-01 00:28:21.036000,1,0,2.0
1970-01-01 00:28:21.039600,1,0,2.0
1970-01-01 00:28:21.046800,1,0,2.0
1970-01-01 00:28:21.050400,1,0,2.0
1970-01-01 00:28:21.054000,1,0,2.0
1970-01-01 00:28:21.068400,0,1,2.0
1970-01-01 00:28:21.072000,0,1,2.0
1970-01-01 00:28:21.075600,0,1,2.0
1970-01-01 00:28:21.158400,1,0,2.0
1970-01-01 00:28:21.162000,1,0,2.0
1970-01-01 00:28:21.165600,1,0,2.0
1970-01-01 00:28:21.169200,1,0,2.0
1970-01-01 00:28:21.172800,1,0,2.0
1970-01-01 00:28:21.176400,1,0,2.0
1970-01-01 00:28:21.241200,0,0,2.0
1970-01-01 00:28:21.244800,0,0,2.0
1970-01-01 00:28:21.248400,1,0,2.0
1970-01-01 00:28:21.252000,1,0,2.0
1970-01-01 00:28:21.338400,1,0,2.0
1970-01-01 00:28:21.342000,1,0,2.0
1970-01-01 00:28:21.345600,1,0,2.0
1970-01-01 00:28:21.349200,1,0,2.0
1970-01-01 00:28:21.356400,1,0,2.0
1970-01-01 00:28:21.388800,1,0,2.0
1970-01-01 00:28:21.525600,1,0,2.0
1970-01-01 00:28:21.529200,1,0,2.0
1970-01-01 00:28:21.532800,1,0,2.0
1970-01-01 00:28:21.536400,1,0,2.0
1970-01-01 00:28:21.540000,1,0,2.0
1970-01-01 00:28:21.612000,1,0,2.0
1970-01-01 00:28:21.615600,1,0,2.0
1970-01-01 00:28:21.619200,1,0,2.0
1970-01-01 00:28:21.622800,1,0,2.0
1970-01-01 00:28:21.626400,1,0,2.0
1970-01-01 00:28:21.633600,1,0,2.0
1970-01-01 00:28:21.640800,1,0,2.0
1970-01-01 00:28:21.644400,1,0,2.0
1970-01-01 00:28:21.648000,1,0,2.0
1970-01-01 00:28:21.651600,1,0,2.0
1970-01-01 00:28:21.655200,1,0,2.0
1970-01-01 00:28:21.658800,1,0,2.0
1970-01-01 00:28:21.662400,1,0,2.0
1970-01-01 00:28:21.666000,0,1,2.0
1970-01-01 00:28:21.673200,0,1,2.0
1970-01-01 00:28:21.676800,0,1,2.0
1970-01-01 00:28:21.752400,0,1,2.0
1970-01-01 00:28:21.770400,1,0,2.0
1970-01-01 00:28:21.774000,1,0,2.0
1970-01-01 00:28:21.777600,1,0,2.0
1970-01-01 00:28:21.781200,1,0,2.0
1970-01-01 00:28:21.784800,1,0,2.0
1970-01-01 00:28:21.788400,1,0,2.0
1970-01-01 00:28:21.792000,1,0,2.0
1970-01-01 00:28:21.795600,1,0,2.0
1970-01-01 00:28:21.799200,1,0,2.0
1970-01-01 00:28:21.813600,1,0,2.0
1970-01-01 00:28:21.817200,1,0,2.0
1970-01-01 00:28:21.820800,1,0,2.0
1970-01-01 00:28:21.824400,1,0,2.0
1970-01-01 00:28:21.828000,1,0,2.0
1970-01-01 00:28:21.831600,1,0,2.0
1970-01-01 00:28:21.835200,1,0,2.0
1970-01-01 00:28:21.932400,0,1,2.0
1970-01-01 00:28:21.961200,0,1,2.0
1970-01-01 00:28:21.964800,0,1,2.0
1970-01-01 00:28:21.968400,0,1,2.0
1970-01-01 00:28:22.040400,1,0,2.0
1970-01-01 00:28:22.047600,1,0,2.0
1970-01-01 00:28:22.051200,1,0,2.0
1970-01-01 00:28:22.054800,1,0,2.0
1970-01-01 00:28:22.058400,1,0,2.0
1970-01-01 00:28:22.087200,1,0,2.0
1970-01-01 00:28:22.105200,0,1,2.0
1970-01-01 00:28:22.123200,0,1,2.0
1970-01-01 00:28:22.177200,0,1,2.0
1970-01-01 00:28:22.180800,0,1,2.0
1970-01-01 00:28:22.184400,0,1,2.0
1970-01-01 00:28:22.188000,0,1,2.0
1970-01-01 00:28:22.191600,0,1,2.0
1970-01-01 00:28:22.195200,0,1,2.0
1970-01-01 00:28:22.198800,1,0,2.0
1970-01-01 00:28:22.238400,0,1,2.0
1970-01-01 00:28:22.256400,0,1,2.0
1970-01-01 00:28:22.375200,0,1,2.0
1970-01-01 00:28:22.378800,0,1,2.0
1970-01-01 00:28:22.382400,0,1,2.0
1970-01-01 00:28:22.386000,0,1,2.0
1970-01-01 00:28:22.389600,0,1,2.0
1970-01-01 00:28:22.393200,0,1,2.0
1970-01-01 00:28:22.425600,0,1,2.0
1970-01-01 00:28:22.476000,1,0,2.0
1970-01-01 00:28:22.479600,1,0,2.0
1970-01-01 00:28:22.483200,1,0,2.0
1970-01-01 00:28:22.486800,1,0,2.0
1970-01-01 00:28:22.490400,1,0,2.0
1970-01-01 00:28:22.551600,0,1,2.0
1970-01-01 00:28:22.566000,1,0,2.0
1970-01-01 00:28:22.627200,0,1,2.0
1970-01-01 00:28:22.630800,0,1,2.0
1970-01-01 00:28:22.634400,0,1,2.0
1970-01-01 00:28:22.638000,0,1,2.0
1970-01-01 00:28:22.663200,0,1,2.0
1970-01-01 00:28:22.666800,0,1,2.0
1970-01-01 00:28:22.670400,0,1,2.0
1970-01-01 00:28:22.746000,1,0,2.0
1970-01-01 00:28:22.749600,1,0,2.0
1970-01-01 00:28:22.753200,1,0,2.0
1970-01-01 00:28:22.832400,0,1,2.0
1970-01-01 00:28:22.836000,0,1,2.0
1970-01-01 00:28:22.839600,0,1,2.0
1970-01-01 00:28:22.843200,0,1,2.0
1970-01-01 00:28:22.846800,0,1,2.0
1970-01-01 00:28:22.850400,0,1,2.0
1970-01-01 00:28:22.857600,0,1,2.0
1970-01-01 00:28:22.872000,0,1,2.0
1970-01-01 00:28:22.875600,0,1,2.0
1970-01-01 00:28:22.879200,0,1,2.0
1970-01-01 00:28:22.882800,0,1,2.0
1970-01-01 00:28:22.886400,0,1,2.0
1970-01-01 00:28:22.911600,1,0,2.0
1970-01-01 00:28:22.969200,0,1,2.0
1970-01-01 00:28:22.972800,0,1,2.0
1970-01-01 00:28:22.976400,0,1,2.0
1970-01-01 00:28:22.980000,0,1,2.0
1970-01-01 00:28:22.983600,0,1,2.0
1970-01-01 00:28:22.987200,0,1,2.0
1970-01-01 00:28:22.990800,0,1,2.0
1970-01-01 00:28:22.998000,0,1,2.0
1970-01-01 00:28:23.055600,1,0,2.0
1970-01-01 00:28:23.059200,1,0,2.0
1970-01-01 00:28:23.062800,1,0,2.0
1970-01-01 00:28:23.066400,1,0,2.0
1970-01-01 00:28:23.070000,1,0,2.0
1970-01-01 00:28:23.073600,1,0,2.0
1970-01-01 00:28:23.084400,0,1,2.0
1970-01-01 00:28:23.095200,0,1,2.0
1970-01-01 00:28:23.152800,0,1,2.0
1970-01-01 00:28:23.156400,0,1,2.0
1970-01-01 00:28:23.160000,0,1,2.0
1970-01-01 00:28:23.163600,0,1,2.0
1970-01-01 00:28:23.167200,1,0,2.0
1970-01-01 00:28:23.170800,1,0,2.0
1970-01-01 00:28:23.174400,1,0,2.0
1970-01-01 00:28:23.178000,1,0,2.0
1970-01-01 00:28:23.181600,1,0,2.0
1970-01-01 00:28:23.185200,1,0,2.0
1970-01-01 00:28:23.188800,0,1,2.0
1970-01-01 00:28:23.192400,0,1,2.0
1970-01-01 00:28:23.278800,0,1,2.0
1970-01-01 00:28:23.282400,0,1,2.0
1970-01-01 00:28:23.286000,0,1,2.0
1970-01-01 00:28:23.289600,0,1,2.0
1970-01-01 00:28:23.365200,1,0,2.0
1970-01-01 00:28:23.386800,0,1,2.0
1970-01-01 00:28:23.390400,0,1,2.0
1970-01-01 00:28:23.397600,1,0,2.0
1970-01-01 00:28:23.433600,0,1,2.0
1970-01-01 00:28:23.437200,0,1,2.0
1970-01-01 00:28:23.440800,0,1,2.0
1970-01-01 00:28:23.444400,0,1,2.0
1970-01-01 00:28:23.545200,0,1,2.0
1970-01-01 00:28:23.548800,0,1,2.0
1970-01-01 00:28:23.552400,0,1,2.0
1970-01-01 00:28:23.556000,0,1,2.0
1970-01-01 00:28:23.559600,0,1,2.0
1970-01-01 00:28:23.563200,0,1,2.0
1970-01-01 00:28:23.588400,0,1,2.0
1970-01-01 00:28:23.592000,0,1,2.0
1970-01-01 00:28:23.595600,0,1,2.0
1970-01-01 00:28:23.599200,0,1,2.0
1970-01-01 00:28:23.606400,0,1,2.0
1970-01-01 00:28:23.714400,1,0,2.0
1970-01-01 00:28:23.754000,0,1,2.0
1970-01-01 00:28:23.757600,0,1,2.0
1970-01-01 00:28:23.761200,0,1,2.0
1970-01-01 00:28:23.844000,0,1,2.0
1970-01-01 00:28:23.847600,0,1,2.0
1970-01-01 00:28:23.851200,0,1,2.0
1970-01-01 00:28:23.854800,0,1,2.0
1970-01-01 00:28:23.858400,0,1,2.0
1970-01-01 00:28:23.991600,1,0,2.0
1970-01-01 00:28:24.038400,0,1,2.0
1970-01-01 00:28:24.042000,0,1,2.0
1970-01-01 00:28:24.045600,0,1,2.0
1970-01-01 00:28:24.049200,0,1,2.0
1970-01-01 00:28:24.114000,1,0,2.0
1970-01-01 00:28:24.117600,1,0,2.0
1970-01-01 00:28:24.132000,1,0,2.0
1970-01-01 00:28:24.135600,1,0,2.0
1970-01-01 00:28:24.139200,1,0,2.0
1970-01-01 00:28:24.142800,1,0,2.0
1970-01-01 00:28:24.146400,1,0,2.0
1970-01-01 00:28:24.150000,1,0,2.0
1970-01-01 00:28:24.160800,1,0,2.0
1970-01-01 00:28:24.171600,1,0,2.0
1970-01-01 00:28:24.175200,1,0,2.0
1970-01-01 00:28:24.182400,0,1,2.0
1970-01-01 00:28:24.186000,0,1,2.0
1970-01-01 00:28:24.189600,0,1,2.0
1970-01-01 00:28:24.258000,0,1,2.0
1970-01-01 00:28:24.261600,0,1,2.0
1970-01-01 00:28:24.265200,0,1,2.0
1970-01-01 00:28:24.268800,0,1,2.0
1970-01-01 00:28:24.272400,0,1,2.0
1970-01-01 00:28:24.276000,0,1,2.0
1970-01-01 00:28:24.279600,0,1,2.0
1970-01-01 00:28:24.362400,1,0,2.0
1970-01-01 00:28:24.412800,0,1,2.0
1970-01-01 00:28:24.445200,0,1,2.0
1970-01-01 00:28:24.495600,0,1,2.0
1970-01-01 00:28:24.499200,0,1,2.0
1970-01-01 00:28:24.502800,0,1,2.0
1970-01-01 00:28:24.506400,0,1,2.0
1970-01-01 00:28:24.510000,0,1,2.0
1970-01-01 00:28:24.513600,0,1,2.0
1970-01-01 00:28:24.636000,0,1,2.0
1970-01-01 00:28:24.643200,0,1,2.0
1970-01-01 00:28:24.646800,0,1,2.0
1970-01-01 00:28:24.650400,0,1,2.0
1970-01-01 00:28:24.654000,0,1,2.0
1970-01-01 00:28:24.657600,0,1,2.0
1970-01-01 00:28:24.661200,0,1,2.0
1970-01-01 00:28:24.664800,0,1,2.0
1970-01-01 00:28:24.668400,0,1,2.0
1970-01-01 00:28:24.672000,0,1,2.0
1970-01-01 00:28:24.675600,0,1,2.0
1970-01-01 00:28:24.729600,1,0,2.0
1970-01-01 00:28:24.751200,0,1,2.0
1970-01-01 00:28:24.772800,0,1,2.0
1970-01-01 00:28:24.776400,0,1,2.0
1970-01-01 00:28:24.780000,0,1,2.0
1970-01-01 00:28:24.783600,0,1,2.0
1970-01-01 00:28:24.787200,0,1,2.0
1970-01-01 00:28:24.798000,0,0,2.0
1970-01-01 00:28:24.801600,1,0,2.0
1970-01-01 00:28:24.808800,1,0,2.0
1970-01-01 00:28:24.816000,1,0,2.0
1970-01-01 00:28:24.898800,1,0,2.0
1970-01-01 00:28:24.902400,1,0,2.0
1970-01-01 00:28:24.906000,1,0,2.0
1970-01-01 00:28:24.909600,1,0,2.0
1970-01-01 00:28:24.913200,1,0,2.0
1970-01-01 00:28:24.916800,1,0,2.0
1970-01-01 00:28:24.963600,1,0,2.0
1970-01-01 00:28:24.981600,0,1,2.0
1970-01-01 00:28:25.053600,0,1,2.0
1970-01-01 00:28:25.057200,0,1,2.0
1970-01-01 00:28:25.060800,0,1,2.0
1970-01-01 00:28:25.064400,0,1,2.0
1970-01-01 00:28:25.068000,0,1,2.0
1970-01-01 00:28:25.071600,0,1,2.0
1970-01-01 00:28:25.190400,1,0,2.0
1970-01-01 00:28:25.194000,1,0,2.0
1970-01-01 00:28:25.197600,1,0,2.0
1970-01-01 00:28:25.201200,1,0,2.0
1970-01-01 00:28:25.204800,1,0,2.0
1970-01-01 00:28:25.208400,1,0,2.0
1970-01-01 00:28:25.212000,1,0,2.0
1970-01-01 00:28:25.312800,0,1,2.0
1970-01-01 00:28:25.316400,0,1,2.0
1970-01-01 00:28:25.320000,0,1,2.0
1970-01-01 00:28:25.381200,1,0,2.0
1970-01-01 00:28:25.384800,1,0,2.0
1970-01-01 00:28:25.388400,1,0,2.0
1970-01-01 00:28:25.395600,0,1,2.0
1970-01-01 00:28:25.406400,0,1,2.0
1970-01-01 00:28:25.485600,0,1,2.0
1970-01-01 00:28:25.561200,0,1,2.0
1970-01-01 00:28:25.572000,0,1,2.0
1970-01-01 00:28:25.575600,0,1,2.0
1970-01-01 00:28:25.579200,0,1,2.0
1970-01-01 00:28:25.582800,0,1,2.0
1970-01-01 00:28:25.586400,0,1,2.0
1970-01-01 00:28:25.590000,0,1,2.0
1970-01-01 00:28:25.658400,0,1,2.0
1970-01-01 00:28:25.662000,0,1,2.0
1970-01-01 00:28:25.665600,0,1,2.0
1970-01-01 00:28:25.669200,0,1,2.0
1970-01-01 00:28:25.672800,0,1,2.0
1970-01-01 00:28:25.680000,1,0,2.0
1970-01-01 00:28:25.755600,1,0,2.0
1970-01-01 00:28:25.759200,1,0,2.0
1970-01-01 00:28:25.762800,1,0,2.0
1970-01-01 00:28:25.766400,1,0,2.0
1970-01-01 00:28:25.770000,1,0,2.0
1970-01-01 00:28:25.773600,1,0,2.0
1970-01-01 00:28:25.777200,1,0,2.0
1970-01-01 00:28:25.780800,1,0,2.0
1970-01-01 00:28:25.784400,1,0,2.0
1970-01-01 00:28:25.788000,1,0,2.0
1970-01-01 00:28:25.795200,0,1,2.0
1970-01-01 00:28:25.798800,0,1,2.0
1970-01-01 00:28:25.802400,0,1,2.0
1970-01-01 00:28:25.845600,0,1,2.0
1970-01-01 00:28:25.863600,0,1,2.0
1970-01-01 00:28:25.870800,0,1,2.0
1970-01-01 00:28:25.878000,0,1,2.0
1970-01-01 00:28:25.935600,0,1,2.0
1970-01-01 00:28:25.939200,0,1,2.0
1970-01-01 00:28:25.942800,0,1,2.0
1970-01-01 00:28:25.975200,0,1,2.0
1970-01-01 00:28:25.978800,0,1,2.0
1970-01-01 00:28:25.982400,0,1,2.0
1970-01-01 00:28:25.986000,0,1,2.0
1970-01-01 00:28:25.989600,0,1,2.0
1970-01-01 00:28:25.993200,0,1,2.0
1970-01-01 00:28:26.058000,1,0,2.0
1970-01-01 00:28:26.065200,1,0,2.0
1970-01-01 00:28:26.068800,1,0,2.0
1970-01-01 00:28:26.137200,0,1,2.0
1970-01-01 00:28:26.140800,0,1,2.0
1970-01-01 00:28:26.245200,1,0,2.0
1970-01-01 00:28:26.248800,1,0,2.0
1970-01-01 00:28:26.252400,1,0,2.0
1970-01-01 00:28:26.256000,1,0,2.0
1970-01-01 00:28:26.259600,1,0,2.0
1970-01-01 00:28:26.263200,1,0,2.0
1970-01-01 00:28:26.270400,1,0,2.0
1970-01-01 00:28:26.274000,1,0,2.0
1970-01-01 00:28:26.320800,0,1,2.0
1970-01-01 00:28:26.374800,1,0,2.0
1970-01-01 00:28:26.392800,1,0,2.0
1970-01-01 00:28:26.396400,1,0,2.0
1970-01-01 00:28:26.400000,1,0,2.0
1970-01-01 00:28:26.403600,1,0,2.0
1970-01-01 00:28:26.407200,1,0,2.0
1970-01-01 00:28:26.414400,0,1,2.0
1970-01-01 00:28:26.432400,0,1,2.0
1970-01-01 00:28:26.436000,0,1,2.0
1970-01-01 00:28:26.497200,1,0,2.0
1970-01-01 00:28:26.500800,1,0,2.0
1970-01-01 00:28:26.504400,1,0,2.0
1970-01-01 00:28:26.508000,1,0,2.0
1970-01-01 00:28:26.511600,1,0,2.0
1970-01-01 00:28:26.515200,1,0,2.0
1970-01-01 00:28:26.630400,0,1,2.0
1970-01-01 00:28:26.634000,0,1,2.0
1970-01-01 00:28:26.637600,0,1,2.0
1970-01-01 00:28:26.641200,0,1,2.0
1970-01-01 00:28:26.644800,0,1,2.0
1970-01-01 00:28:26.648400,0,1,2.0
1970-01-01 00:28:26.673600,0,1,2.0
1970-01-01 00:28:26.677200,0,1,2.0
1970-01-01 00:28:26.684400,0,1,2.0
1970-01-01 00:28:26.688000,0,1,2.0
1970-01-01 00:28:26.695200,1,0,2.0
1970-01-01 00:28:26.727600,0,1,2.0
1970-01-01 00:28:26.857200,0,1,2.0
1970-01-01 00:28:26.860800,0,1,2.0
1970-01-01 00:28:26.864400,0,1,2.0
1970-01-01 00:28:26.868000,0,1,2.0
1970-01-01 00:28:26.871600,0,1,2.0
1970-01-01 00:28:26.979600,0,1,2.0
1970-01-01 00:28:27.040800,1,0,2.0
1970-01-01 00:28:27.055200,1,0,2.0
1970-01-01 00:28:27.062400,0,1,2.0
1970-01-01 00:28:27.066000,0,1,2.0
1970-01-01 00:28:27.069600,0,1,2.0
1970-01-01 00:28:27.073200,0,1,2.0
1970-01-01 00:28:27.076800,0,1,2.0
1970-01-01 00:28:27.080400,0,1,2.0
1970-01-01 00:28:27.105600,1,0,2.0
1970-01-01 00:28:27.109200,1,0,2.0
1970-01-01 00:28:27.112800,1,0,2.0
1970-01-01 00:28:27.116400,1,0,2.0
1970-01-01 00:28:27.123600,1,0,2.0
1970-01-01 00:28:27.138000,0,1,2.0
1970-01-01 00:28:27.141600,0,1,2.0
1970-01-01 00:28:27.220800,1,0,2.0
1970-01-01 00:28:27.224400,1,0,2.0
1970-01-01 00:28:27.228000,1,0,2.0
1970-01-01 00:28:27.300000,1,0,2.0
1970-01-01 00:28:27.303600,1,0,2.0
1970-01-01 00:28:27.307200,1,0,2.0
1970-01-01 00:28:27.310800,1,0,2.0
1970-01-01 00:28:27.314400,1,0,2.0
1970-01-01 00:28:27.318000,1,0,2.0
1970-01-01 00:28:27.321600,1,0,2.0
1970-01-01 00:28:27.332400,1,0,2.0
1970-01-01 00:28:27.390000,1,0,2.0
1970-01-01 00:28:27.393600,1,0,2.0
1970-01-01 00:28:27.429600,1,0,2.0
1970-01-01 00:28:27.440400,1,0,2.0
1970-01-01 00:28:27.444000,1,0,2.0
1970-01-01 00:28:27.447600,1,0,2.0
1970-01-01 00:28:27.451200,1,0,2.0
1970-01-01 00:28:27.454800,1,0,2.0
1970-01-01 00:28:27.458400,1,0,2.0
1970-01-01 00:28:27.537600,0,1,2.0
1970-01-01 00:28:27.541200,0,1,2.0
1970-01-01 00:28:27.544800,0,1,2.0
1970-01-01 00:28:27.548400,0,1,2.0
1970-01-01 00:28:27.584400,1,0,2.0
1970-01-01 00:28:27.602400,1,0,2.0
1970-01-01 00:28:27.606000,1,0,2.0
1970-01-01 00:28:27.609600,1,0,2.0
1970-01-01 00:28:27.613200,1,0,2.0
1970-01-01 00:28:27.616800,1,0,2.0
1970-01-01 00:28:27.624000,1,0,2.0
1970-01-01 00:28:27.627600,1,0,2.0
1970-01-01 00:28:27.634800,0,1,2.0
1970-01-01 00:28:27.696000,0,1,2.0
1970-01-01 00:28:27.699600,0,1,2.0
1970-01-01 00:28:27.728400,1,0,2.0
1970-01-01 00:28:27.732000,1,0,2.0
1970-01-01 00:28:27.735600,1,0,2.0
1970-01-01 00:28:27.739200,1,0,2.0
1970-01-01 00:28:27.742800,1,0,2.0
1970-01-01 00:28:27.746400,1,0,2.0
1970-01-01 00:28:27.764400,1,0,2.0
1970-01-01 00:28:27.811200,0,1,2.0
1970-01-01 00:28:27.814800,0,1,2.0
1970-01-01 00:28:27.818400,0,1,2.0
1970-01-01 00:28:27.822000,0,1,2.0
1970-01-01 00:28:27.825600,0,1,2.0
1970-01-01 00:28:27.876000,1,0,2.0
1970-01-01 00:28:27.879600,1,0,2.0
1970-01-01 00:28:27.883200,1,0,2.0
1970-01-01 00:28:27.886800,1,0,2.0
1970-01-01 00:28:27.890400,1,0,2.0
1970-01-01 00:28:27.894000,1,0,2.0
1970-01-01 00:28:27.897600,1,0,2.0
1970-01-01 00:28:27.908400,1,0,2.0
1970-01-01 00:28:27.912000,1,0,2.0
1970-01-01 00:28:27.915600,1,0,2.0
1970-01-01 00:28:27.919200,1,0,2.0
1970-01-01 00:28:27.922800,1,0,2.0
1970-01-01 00:28:27.926400,1,0,2.0
1970-01-01 00:28:28.002000,0,1,2.0
1970-01-01 00:28:28.005600,0,1,2.0
1970-01-01 00:28:28.066800,1,0,2.0
1970-01-01 00:28:28.070400,1,0,2.0
1970-01-01 00:28:28.074000,1,0,2.0
1970-01-01 00:28:28.081200,0,0,2.0
1970-01-01 00:28:28.084800,0,1,2.0
1970-01-01 00:28:28.088400,0,1,2.0
1970-01-01 00:28:28.153200,0,1,2.0
1970-01-01 00:28:28.156800,0,1,2.0
1970-01-01 00:28:28.160400,0,1,2.0
1970-01-01 00:28:28.164000,0,1,2.0
1970-01-01 00:28:28.167600,0,1,2.0
1970-01-01 00:28:28.171200,0,1,2.0
1970-01-01 00:28:28.254000,0,0,2.0
1970-01-01 00:28:28.257600,1,0,2.0
1970-01-01 00:28:28.261200,1,0,2.0
1970-01-01 00:28:28.264800,1,0,2.0
1970-01-01 00:28:28.268400,1,0,2.0
1970-01-01 00:28:28.272000,1,0,2.0
1970-01-01 00:28:28.304400,1,0,2.0
1970-01-01 00:28:28.340400,1,0,2.0
1970-01-01 00:28:28.344000,1,0,2.0
1970-01-01 00:28:28.347600,1,0,2.0
1970-01-01 00:28:28.351200,1,0,2.0
1970-01-01 00:28:28.354800,1,0,2.0
1970-01-01 00:28:28.358400,1,0,2.0
1970-01-01 00:28:28.365600,1,0,2.0
1970-01-01 00:28:28.423200,0,1,2.0
1970-01-01 00:28:28.426800,0,1,2.0
1970-01-01 00:28:28.430400,0,1,2.0
1970-01-01 00:28:28.434000,0,1,2.0
1970-01-01 00:28:28.484400,0,1,2.0
1970-01-01 00:28:28.488000,0,1,2.0
1970-01-01 00:28:28.491600,0,1,2.0
1970-01-01 00:28:28.495200,0,1,2.0
1970-01-01 00:28:28.502400,0,1,2.0
1970-01-01 00:28:28.563600,1,0,2.0
1970-01-01 00:28:28.632000,0,1,2.0
1970-01-01 00:28:28.689600,1,0,2.0
1970-01-01 00:28:28.693200,1,0,2.0
1970-01-01 00:28:28.700400,1,0,2.0
1970-01-01 00:28:28.916400,0,1,2.0
1970-01-01 00:28:28.923600,0,1,2.0
1970-01-01 00:28:28.927200,0,1,2.0
1970-01-01 00:28:28.930800,0,1,2.0
1970-01-01 00:28:28.934400,0,1,2.0
1970-01-01 00:28:28.938000,1,0,2.0
1970-01-01 00:28:28.941600,1,0,2.0
1970-01-01 00:28:28.945200,1,0,2.0
1970-01-01 00:28:28.948800,1,0,2.0
1970-01-01 00:28:28.952400,1,0,2.0
1970-01-01 00:28:28.956000,1,0,2.0
1970-01-01 00:28:28.959600,1,0,2.0
1970-01-01 00:28:28.963200,1,0,2.0
1970-01-01 00:28:28.966800,1,0,2.0
1970-01-01 00:28:28.970400,1,0,2.0
1970-01-01 00:28:28.977600,1,0,2.0
1970-01-01 00:28:28.992000,1,0,2.0
1970-01-01 00:28:28.995600,1,0,2.0
1970-01-01 00:28:29.002800,1,0,2.0
1970-01-01 00:28:29.006400,1,0,2.0
1970-01-01 00:28:29.010000,1,0,2.0
1970-01-01 00:28:29.013600,1,0,2.0
1970-01-01 00:28:29.017200,1,0,2.0
1970-01-01 00:28:29.020800,1,0,2.0
1970-01-01 00:28:29.031600,1,0,2.0
1970-01-01 00:28:29.035200,1,0,2.0
1970-01-01 00:28:29.089200,1,0,2.0
1970-01-01 00:28:29.092800,1,0,2.0
1970-01-01 00:28:29.096400,1,0,2.0
1970-01-01 00:28:29.100000,1,0,2.0
1970-01-01 00:28:29.103600,1,0,2.0
1970-01-01 00:28:29.118000,1,0,2.0
1970-01-01 00:28:29.121600,1,0,2.0
1970-01-01 00:28:29.125200,1,0,2.0
1970-01-01 00:28:29.128800,1,0,2.0
1970-01-01 00:28:29.132400,1,0,2.0
1970-01-01 00:28:29.136000,0,1,2.0
1970-01-01 00:28:29.164800,1,0,2.0
1970-01-01 00:28:29.168400,1,0,2.0
1970-01-01 00:28:29.172000,1,0,2.0
1970-01-01 00:28:29.218800,0,1,2.0
1970-01-01 00:28:29.236800,0,1,2.0
1970-01-01 00:28:29.276400,1,0,2.0
1970-01-01 00:28:29.287200,1,0,2.0
1970-01-01 00:28:29.290800,1,0,2.0
1970-01-01 00:28:29.294400,1,0,2.0
1970-01-01 00:28:29.298000,1,0,2.0
1970-01-01 00:28:29.301600,1,0,2.0
1970-01-01 00:28:29.305200,1,0,2.0
1970-01-01 00:28:29.308800,1,0,2.0
1970-01-01 00:28:29.312400,1,0,2.0
1970-01-01 00:28:29.316000,1,0,2.0
1970-01-01 00:28:29.319600,1,0,2.0
1970-01-01 00:28:29.427600,0,1,2.0
1970-01-01 00:28:29.431200,0,1,2.0
1970-01-01 00:28:29.434800,0,1,2.0
1970-01-01 00:28:29.438400,0,1,2.0
1970-01-01 00:28:29.442000,0,1,2.0
1970-01-01 00:28:29.445600,0,1,2.0
1970-01-01 00:28:29.449200,1,0,2.0
1970-01-01 00:28:29.470800,1,0,2.0
1970-01-01 00:28:29.474400,1,0,2.0
1970-01-01 00:28:29.478000,1,0,2.0
1970-01-01 00:28:29.481600,1,0,2.0
1970-01-01 00:28:29.485200,1,0,2.0
1970-01-01 00:28:29.510400,1,0,2.0
1970-01-01 00:28:29.514000,1,0,2.0
1970-01-01 00:28:29.521200,1,0,2.0
1970-01-01 00:28:29.524800,1,0,2.0
1970-01-01 00:28:29.546400,1,0,2.0
1970-01-01 00:28:29.550000,1,0,2.0
1970-01-01 00:28:29.553600,1,0,2.0
1970-01-01 00:28:29.557200,1,0,2.0
1970-01-01 00:28:29.560800,1,0,2.0
1970-01-01 00:28:29.575200,1,0,2.0
1970-01-01 00:28:29.578800,1,0,2.0
1970-01-01 00:28:29.582400,1,0,2.0
1970-01-01 00:28:29.586000,1,0,2.0
1970-01-01 00:28:29.589600,1,0,2.0
1970-01-01 00:28:29.593200,1,0,2.0
1970-01-01 00:28:29.600400,0,1,2.0
1970-01-01 00:28:29.640000,0,1,2.0
1970-01-01 00:28:29.643600,0,1,2.0
1970-01-01 00:28:29.647200,0,1,2.0
1970-01-01 00:28:29.650800,0,1,2.0
1970-01-01 00:28:29.654400,0,1,2.0
1970-01-01 00:28:29.658000,0,1,2.0
1970-01-01 00:28:29.661600,0,1,2.0
1970-01-01 00:28:29.773200,0,1,2.0
1970-01-01 00:28:29.845200,1,0,2.0
1970-01-01 00:28:29.848800,1,0,2.0
1970-01-01 00:28:29.852400,1,0,2.0
1970-01-01 00:28:29.978400,1,0,2.0
1970-01-01 00:28:29.982000,1,0,2.0
1970-01-01 00:28:29.985600,1,0,2.0
1970-01-01 00:28:29.989200,1,0,2.0
1970-01-01 00:28:29.992800,1,0,2.0
1970-01-01 00:28:29.996400,1,0,2.0
1970-01-01 00:28:30.000000,1,0,2.0
1970-01-01 00:28:30.093600,0,1,2.0
1970-01-01 00:28:30.097200,0,1,2.0
1970-01-01 00:28:30.100800,0,1,2.0
1970-01-01 00:28:30.118800,1,0,2.0
1970-01-01 00:28:30.122400,1,0,2.0
1970-01-01 00:28:30.126000,1,0,2.0
1970-01-01 00:28:30.129600,1,0,2.0
1970-01-01 00:28:30.133200,1,0,2.0
1970-01-01 00:28:30.136800,1,0,2.0
1970-01-01 00:28:30.176400,1,0,2.0
1970-01-01 00:28:30.183600,1,0,2.0
1970-01-01 00:28:30.198000,0,1,2.0
1970-01-01 00:28:30.313200,0,1,2.0
1970-01-01 00:28:30.316800,0,1,2.0
1970-01-01 00:28:30.367200,1,0,2.0
1970-01-01 00:28:30.370800,1,0,2.0
1970-01-01 00:28:30.374400,1,0,2.0
1970-01-01 00:28:30.378000,1,0,2.0
1970-01-01 00:28:30.381600,1,0,2.0
1970-01-01 00:28:30.385200,1,0,2.0
1970-01-01 00:28:30.388800,1,0,2.0
1970-01-01 00:28:30.406800,0,1,2.0
1970-01-01 00:28:30.410400,0,1,2.0
1970-01-01 00:28:30.417600,0,1,2.0
1970-01-01 00:28:30.453600,0,1,2.0
1970-01-01 00:28:30.457200,0,1,2.0
1970-01-01 00:28:30.460800,0,1,2.0
1970-01-01 00:28:30.464400,0,1,2.0
1970-01-01 00:28:30.568800,0,1,2.0
1970-01-01 00:28:30.572400,0,1,2.0
1970-01-01 00:28:30.576000,0,1,2.0
1970-01-01 00:28:30.579600,0,1,2.0
1970-01-01 00:28:30.583200,0,1,2.0
1970-01-01 00:28:30.586800,0,1,2.0
1970-01-01 00:28:30.590400,0,1,2.0
1970-01-01 00:28:30.594000,0,1,2.0
1970-01-01 00:28:30.597600,0,1,2.0
1970-01-01 00:28:30.601200,0,1,2.0
1970-01-01 00:28:30.604800,0,1,2.0
1970-01-01 00:28:30.655200,1,0,2.0
1970-01-01 00:28:30.658800,1,0,2.0
1970-01-01 00:28:30.676800,1,0,2.0
1970-01-01 00:28:30.756000,0,1,2.0
1970-01-01 00:28:30.759600,0,1,2.0
1970-01-01 00:28:30.763200,0,1,2.0
1970-01-01 00:28:30.788400,0,1,2.0
1970-01-01 00:28:30.792000,0,1,2.0
1970-01-01 00:28:30.795600,0,1,2.0
1970-01-01 00:28:30.799200,0,1,2.0
1970-01-01 00:28:30.802800,0,1,2.0
1970-01-01 00:28:30.806400,0,1,2.0
1970-01-01 00:28:30.813600,0,1,2.0
1970-01-01 00:28:30.817200,0,1,2.0
1970-01-01 00:28:30.892800,0,1,2.0
1970-01-01 00:28:30.907200,1,0,2.0
1970-01-01 00:28:30.910800,1,0,2.0
1970-01-01 00:28:30.914400,1,0,2.0
1970-01-01 00:28:30.939600,1,0,2.0
1970-01-01 00:28:30.943200,1,0,2.0
1970-01-01 00:28:30.946800,1,0,2.0
1970-01-01 00:28:30.950400,1,0,2.0
1970-01-01 00:28:30.954000,1,0,2.0
1970-01-01 00:28:30.957600,1,0,2.0
1970-01-01 00:28:31.029600,0,1,2.0
1970-01-01 00:28:31.033200,0,1,2.0
1970-01-01 00:28:31.069200,1,0,2.0
1970-01-01 00:28:31.072800,1,0,2.0
1970-01-01 00:28:31.090800,0,1,2.0
1970-01-01 00:28:31.094400,0,1,2.0
1970-01-01 00:28:31.098000,0,1,2.0
1970-01-01 00:28:31.101600,0,1,2.0
1970-01-01 00:28:31.105200,0,1,2.0
1970-01-01 00:28:31.108800,0,1,2.0
1970-01-01 00:28:31.134000,1,0,2.0
1970-01-01 00:28:31.137600,1,0,2.0
1970-01-01 00:28:31.141200,1,0,2.0
1970-01-01 00:28:31.144800,1,0,2.0
1970-01-01 00:28:31.148400,1,0,2.0
1970-01-01 00:28:31.152000,1,0,2.0
1970-01-01 00:28:31.188000,1,0,2.0
1970-01-01 00:28:31.191600,1,0,2.0
1970-01-01 00:28:31.213200,0,1,2.0
1970-01-01 00:28:31.216800,0,1,2.0
1970-01-01 00:28:31.220400,0,1,2.0
1970-01-01 00:28:31.234800,1,0,2.0
1970-01-01 00:28:31.242000,1,0,2.0
1970-01-01 00:28:31.299600,1,0,2.0
1970-01-01 00:28:31.353600,1,0,2.0
1970-01-01 00:28:31.357200,1,0,2.0
1970-01-01 00:28:31.360800,1,0,2.0
1970-01-01 00:28:31.364400,1,0,2.0
1970-01-01 00:28:31.368000,1,0,2.0
1970-01-01 00:28:31.371600,1,0,2.0
1970-01-01 00:28:31.436400,1,0,2.0
1970-01-01 00:28:31.447200,0,1,2.0
1970-01-01 00:28:31.450800,0,1,2.0
1970-01-01 00:28:31.454400,0,1,2.0
1970-01-01 00:28:31.515600,0,1,2.0
1970-01-01 00:28:31.519200,0,1,2.0
1970-01-01 00:28:31.562400,1,0,2.0
1970-01-01 00:28:31.566000,1,0,2.0
1970-01-01 00:28:31.569600,1,0,2.0
1970-01-01 00:28:31.573200,1,0,2.0
1970-01-01 00:28:31.576800,1,0,2.0
1970-01-01 00:28:31.580400,1,0,2.0
1970-01-01 00:28:31.598400,1,0,2.0
1970-01-01 00:28:31.602000,1,0,2.0
1970-01-01 00:28:31.605600,1,0,2.0
1970-01-01 00:28:31.609200,1,0,2.0
1970-01-01 00:28:31.612800,1,0,2.0
1970-01-01 00:28:31.616400,1,0,2.0
1970-01-01 00:28:31.760400,0,1,2.0
1970-01-01 00:28:31.792800,0,1,2.0
1970-01-01 00:28:31.796400,0,1,2.0
1970-01-01 00:28:31.800000,0,1,2.0
1970-01-01 00:28:31.803600,0,1,2.0
1970-01-01 00:28:31.839600,1,0,2.0
1970-01-01 00:28:31.875600,1,0,2.0
1970-01-01 00:28:31.879200,1,0,2.0
1970-01-01 00:28:31.882800,1,0,2.0
1970-01-01 00:28:31.886400,1,0,2.0
1970-01-01 00:28:31.890000,1,0,2.0
1970-01-01 00:28:31.893600,1,0,2.0
1970-01-01 00:28:31.897200,1,0,2.0
1970-01-01 00:28:31.900800,1,0,2.0
1970-01-01 00:28:31.904400,1,0,2.0
1970-01-01 00:28:31.926000,0,1,2.0
1970-01-01 00:28:31.929600,0,1,2.0
1970-01-01 00:28:31.933200,0,1,2.0
1970-01-01 00:28:31.936800,0,1,2.0
1970-01-01 00:28:31.940400,0,1,2.0
1970-01-01 00:28:31.944000,0,1,2.0
1970-01-01 00:28:31.972800,0,1,2.0
1970-01-01 00:28:32.001600,0,1,2.0
1970-01-01 00:28:32.005200,0,1,2.0
1970-01-01 00:28:32.008800,0,1,2.0
1970-01-01 00:28:32.012400,0,1,2.0
1970-01-01 00:28:32.016000,0,1,2.0
1970-01-01 00:28:32.019600,0,1,2.0
1970-01-01 00:28:32.152800,0,1,2.0
1970-01-01 00:28:32.246400,0,1,2.0
1970-01-01 00:28:32.250000,0,1,2.0
1970-01-01 00:28:32.314800,1,0,2.0
1970-01-01 00:28:32.426400,1,0,2.0
1970-01-01 00:28:32.430000,1,0,2.0
1970-01-01 00:28:32.433600,1,0,2.0
1970-01-01 00:28:32.437200,1,0,2.0
1970-01-01 00:28:32.440800,1,0,2.0
1970-01-01 00:28:32.444400,1,0,2.0
1970-01-01 00:28:32.476800,1,0,2.0
1970-01-01 00:28:32.480400,1,0,2.0
1970-01-01 00:28:32.538000,1,0,2.0
1970-01-01 00:28:32.541600,1,0,2.0
1970-01-01 00:28:32.545200,1,0,2.0
1970-01-01 00:28:32.548800,1,0,2.0
1970-01-01 00:28:32.552400,1,0,2.0
1970-01-01 00:28:32.646000,0,1,2.0
1970-01-01 00:28:32.649600,0,1,2.0
1970-01-01 00:28:32.656800,0,1,2.0
1970-01-01 00:28:32.660400,0,1,2.0
1970-01-01 00:28:32.664000,0,1,2.0
1970-01-01 00:28:32.728800,0,1,2.0
1970-01-01 00:28:32.732400,0,1,2.0
1970-01-01 00:28:32.739600,0,0,2.0
1970-01-01 00:28:32.743200,1,0,2.0
1970-01-01 00:28:32.750400,1,0,2.0
1970-01-01 00:28:32.754000,1,0,2.0
1970-01-01 00:28:32.757600,1,0,2.0
1970-01-01 00:28:32.761200,1,0,2.0
1970-01-01 00:28:32.772000,1,0,2.0
1970-01-01 00:28:32.818800,0,1,2.0
1970-01-01 00:28:32.822400,0,1,2.0
1970-01-01 00:28:32.826000,0,1,2.0
1970-01-01 00:28:32.829600,0,1,2.0
1970-01-01 00:28:32.908800,0,1,2.0
1970-01-01 00:28:32.912400,0,1,2.0
1970-01-01 00:28:32.916000,0,1,2.0
1970-01-01 00:28:32.919600,0,1,2.0
1970-01-01 00:28:32.923200,0,1,2.0
1970-01-01 00:28:32.926800,0,1,2.0
1970-01-01 00:28:32.930400,0,1,2.0
1970-01-01 00:28:32.934000,0,1,2.0
1970-01-01 00:28:32.937600,0,1,2.0
1970-01-01 00:28:32.941200,0,1,2.0
1970-01-01 00:28:33.006000,0,1,2.0
1970-01-01 00:28:33.009600,0,1,2.0
1970-01-01 00:28:33.013200,0,1,2.0
1970-01-01 00:28:33.016800,0,1,2.0
1970-01-01 00:28:33.020400,0,1,2.0
1970-01-01 00:28:33.024000,0,1,2.0
1970-01-01 00:28:33.027600,0,1,2.0
1970-01-01 00:28:33.031200,0,1,2.0
1970-01-01 00:28:33.034800,0,1,2.0
1970-01-01 00:28:33.038400,1,0,2.0
1970-01-01 00:28:33.110400,1,0,2.0
1970-01-01 00:28:33.114000,1,0,2.0
1970-01-01 00:28:33.121200,1,0,2.0
1970-01-01 00:28:33.124800,1,0,2.0
1970-01-01 00:28:33.128400,1,0,2.0
1970-01-01 00:28:33.146400,1,0,2.0
1970-01-01 00:28:33.168000,0,1,2.0
1970-01-01 00:28:33.171600,0,1,2.0
1970-01-01 00:28:33.175200,0,1,2.0
1970-01-01 00:28:33.178800,0,1,2.0
1970-01-01 00:28:33.182400,0,1,2.0
1970-01-01 00:28:33.196800,1,0,2.0
1970-01-01 00:28:33.200400,1,0,2.0
1970-01-01 00:28:33.279600,1,0,2.0
1970-01-01 00:28:33.340800,0,1,2.0
1970-01-01 00:28:33.344400,0,1,2.0
1970-01-01 00:28:33.348000,0,1,2.0
1970-01-01 00:28:33.351600,0,1,2.0
1970-01-01 00:28:33.355200,0,1,2.0
1970-01-01 00:28:33.358800,0,1,2.0
1970-01-01 00:28:33.409200,0,1,2.0
1970-01-01 00:28:33.423600,1,0,2.0
1970-01-01 00:28:33.427200,1,0,2.0
1970-01-01 00:28:33.466800,0,1,2.0
1970-01-01 00:28:33.470400,0,1,2.0
1970-01-01 00:28:33.474000,0,1,2.0
1970-01-01 00:28:33.477600,0,1,2.0
1970-01-01 00:28:33.481200,0,1,2.0
1970-01-01 00:28:33.484800,0,0,2.0
1970-01-01 00:28:33.488400,1,0,2.0
1970-01-01 00:28:33.492000,1,0,2.0
1970-01-01 00:28:33.495600,1,0,2.0
1970-01-01 00:28:33.502800,1,0,2.0
1970-01-01 00:28:33.603600,1,0,2.0
1970-01-01 00:28:33.607200,1,0,2.0
1970-01-01 00:28:33.610800,1,0,2.0
1970-01-01 00:28:33.614400,1,0,2.0
1970-01-01 00:28:33.618000,1,0,2.0
1970-01-01 00:28:33.621600,1,0,2.0
1970-01-01 00:28:33.625200,1,0,2.0
1970-01-01 00:28:33.628800,1,0,2.0
1970-01-01 00:28:33.693600,0,1,2.0
1970-01-01 00:28:33.697200,0,1,2.0
1970-01-01 00:28:33.823200,0,1,2.0
1970-01-01 00:28:33.826800,0,1,2.0
1970-01-01 00:28:33.830400,0,1,2.0
1970-01-01 00:28:33.870000,1,0,2.0
1970-01-01 00:28:33.873600,1,0,2.0
1970-01-01 00:28:33.945600,0,1,2.0
1970-01-01 00:28:33.949200,0,1,2.0
1970-01-01 00:28:33.952800,0,1,2.0
1970-01-01 00:28:33.956400,0,1,2.0
1970-01-01 00:28:33.960000,0,1,2.0
1970-01-01 00:28:33.963600,0,1,2.0
1970-01-01 00:28:34.158000,0,1,2.0
1970-01-01 00:28:34.161600,0,1,2.0
1970-01-01 00:28:34.165200,0,1,2.0
1970-01-01 00:28:34.172400,0,1,2.0
1970-01-01 00:28:34.215600,1,0,2.0
1970-01-01 00:28:34.219200,1,0,2.0
1970-01-01 00:28:34.230000,1,0,2.0
1970-01-01 00:28:34.233600,1,0,2.0
1970-01-01 00:28:34.255200,1,0,2.0
1970-01-01 00:28:34.320000,0,1,2.0
1970-01-01 00:28:34.323600,0,1,2.0
1970-01-01 00:28:34.327200,0,1,2.0
1970-01-01 00:28:34.330800,0,1,2.0
1970-01-01 00:28:34.334400,0,1,2.0
1970-01-01 00:28:34.338000,0,1,2.0
1970-01-01 00:28:34.341600,0,1,2.0
1970-01-01 00:28:34.345200,0,1,2.0
1970-01-01 00:28:34.348800,0,1,2.0
1970-01-01 00:28:34.352400,0,1,2.0
1970-01-01 00:28:34.356000,0,1,2.0
1970-01-01 00:28:34.363200,0,1,2.0
1970-01-01 00:28:34.366800,0,1,2.0
1970-01-01 00:28:34.413600,1,0,2.0
1970-01-01 00:28:34.417200,1,0,2.0
1970-01-01 00:28:34.420800,1,0,2.0
1970-01-01 00:28:34.424400,1,0,2.0
1970-01-01 00:28:34.442400,0,1,2.0
1970-01-01 00:28:34.446000,0,1,2.0
1970-01-01 00:28:34.449600,0,1,2.0
1970-01-01 00:28:34.453200,0,1,2.0
1970-01-01 00:28:34.456800,0,1,2.0
1970-01-01 00:28:34.460400,0,1,2.0
1970-01-01 00:28:34.464000,0,1,2.0
1970-01-01 00:28:34.467600,0,1,2.0
1970-01-01 00:28:34.525200,0,1,2.0
1970-01-01 00:28:34.528800,0,1,2.0
1970-01-01 00:28:34.532400,0,1,2.0
1970-01-01 00:28:34.536000,0,1,2.0
1970-01-01 00:28:34.539600,0,1,2.0
1970-01-01 00:28:34.543200,0,1,2.0
1970-01-01 00:28:34.568400,1,0,2.0
1970-01-01 00:28:34.572000,1,0,2.0
1970-01-01 00:28:34.575600,1,0,2.0
1970-01-01 00:28:34.579200,1,0,2.0
1970-01-01 00:28:34.640400,1,0,2.0
1970-01-01 00:28:34.716000,1,0,2.0
1970-01-01 00:28:34.719600,1,0,2.0
1970-01-01 00:28:34.723200,1,0,2.0
1970-01-01 00:28:34.726800,1,0,2.0
1970-01-01 00:28:34.730400,1,0,2.0
1970-01-01 00:28:34.734000,1,0,2.0
1970-01-01 00:28:34.744800,1,0,2.0
1970-01-01 00:28:34.748400,1,0,2.0
1970-01-01 00:28:34.752000,1,0,2.0
1970-01-01 00:28:34.755600,1,0,2.0
1970-01-01 00:28:34.759200,1,0,2.0
1970-01-01 00:28:34.762800,1,0,2.0
1970-01-01 00:28:34.766400,1,0,2.0
1970-01-01 00:28:34.770000,1,0,2.0
1970-01-01 00:28:34.773600,1,0,2.0
1970-01-01 00:28:34.777200,1,0,2.0
1970-01-01 00:28:34.795200,1,0,2.0
1970-01-01 00:28:34.798800,1,0,2.0
1970-01-01 00:28:34.802400,1,0,2.0
1970-01-01 00:28:34.806000,1,0,2.0
1970-01-01 00:28:34.809600,1,0,2.0
1970-01-01 00:28:34.813200,1,0,2.0
1970-01-01 00:28:34.816800,1,0,2.0
1970-01-01 00:28:34.820400,1,0,2.0
1970-01-01 00:28:34.960800,1,0,2.0
1970-01-01 00:28:34.964400,1,0,2.0
1970-01-01 00:28:34.968000,1,0,2.0
1970-01-01 00:28:34.971600,1,0,2.0
1970-01-01 00:28:34.982400,0,1,2.0
1970-01-01 00:28:34.986000,0,1,2.0
1970-01-01 00:28:34.993200,0,1,2.0
1970-01-01 00:28:35.101200,0,1,2.0
1970-01-01 00:28:35.176800,0,1,2.0
1970-01-01 00:28:35.180400,0,1,2.0
1970-01-01 00:28:35.184000,0,1,2.0
1970-01-01 00:28:35.187600,0,1,2.0
1970-01-01 00:28:35.191200,0,1,2.0
1970-01-01 00:28:35.202000,1,0,2.0
1970-01-01 00:28:35.205600,1,0,2.0
1970-01-01 00:28:35.230800,0,1,2.0
1970-01-01 00:28:35.248800,1,0,2.0
1970-01-01 00:28:35.270400,1,0,2.0
1970-01-01 00:28:35.274000,1,0,2.0
1970-01-01 00:28:35.328000,0,1,2.0
1970-01-01 00:28:35.331600,0,1,2.0
1970-01-01 00:28:35.335200,0,1,2.0
1970-01-01 00:28:35.338800,0,1,2.0
1970-01-01 00:28:35.342400,0,1,2.0
1970-01-01 00:28:35.346000,0,1,2.0
1970-01-01 00:28:35.475600,0,1,2.0
1970-01-01 00:28:35.479200,0,1,2.0
1970-01-01 00:28:35.482800,0,1,2.0
1970-01-01 00:28:35.486400,0,1,2.0
1970-01-01 00:28:35.490000,0,1,2.0
1970-01-01 00:28:35.493600,0,1,2.0
1970-01-01 00:28:35.497200,1,0,2.0
1970-01-01 00:28:35.544000,0,1,2.0
1970-01-01 00:28:35.547600,0,1,2.0
1970-01-01 00:28:35.551200,0,1,2.0
1970-01-01 00:28:35.554800,0,1,2.0
1970-01-01 00:28:35.558400,0,1,2.0
1970-01-01 00:28:35.565600,1,0,2.0
1970-01-01 00:28:35.569200,1,0,2.0
1970-01-01 00:28:35.572800,1,0,2.0
1970-01-01 00:28:35.576400,1,0,2.0
1970-01-01 00:28:35.580000,1,0,2.0
1970-01-01 00:28:35.583600,1,0,2.0
1970-01-01 00:28:35.587200,1,0,2.0
1970-01-01 00:28:35.590800,1,0,2.0
1970-01-01 00:28:35.594400,1,0,2.0
1970-01-01 00:28:35.598000,1,0,2.0
1970-01-01 00:28:35.601600,1,0,2.0
1970-01-01 00:28:35.605200,1,0,2.0
1970-01-01 00:28:35.616000,0,1,2.0
1970-01-01 00:28:35.684400,0,1,2.0
1970-01-01 00:28:35.745600,1,0,2.0
1970-01-01 00:28:35.749200,1,0,2.0
1970-01-01 00:28:35.752800,1,0,2.0
1970-01-01 00:28:35.760000,1,0,2.0
1970-01-01 00:28:35.785200,1,0,2.0
1970-01-01 00:28:35.788800,1,0,2.0
1970-01-01 00:28:35.792400,1,0,2.0
1970-01-01 00:28:35.846400,0,1,2.0
1970-01-01 00:28:35.850000,0,1,2.0
1970-01-01 00:28:35.853600,0,1,2.0
1970-01-01 00:28:35.857200,0,1,2.0
1970-01-01 00:28:35.911200,1,0,2.0
1970-01-01 00:28:35.918400,1,0,2.0
1970-01-01 00:28:35.922000,1,0,2.0
1970-01-01 00:28:35.943600,1,0,2.0
1970-01-01 00:28:35.950800,1,0,2.0
1970-01-01 00:28:36.019200,0,1,2.0
1970-01-01 00:28:36.022800,0,1,2.0
1970-01-01 00:28:36.026400,0,1,2.0
1970-01-01 00:28:36.030000,0,1,2.0
1970-01-01 00:28:36.066000,1,0,2.0
1970-01-01 00:28:36.069600,1,0,2.0
1970-01-01 00:28:36.073200,1,0,2.0
1970-01-01 00:28:36.076800,1,0,2.0
1970-01-01 00:28:36.084000,0,1,2.0
1970-01-01 00:28:36.087600,0,1,2.0
1970-01-01 00:28:36.091200,0,1,2.0
1970-01-01 00:28:36.094800,0,1,2.0
1970-01-01 00:28:36.098400,0,1,2.0
1970-01-01 00:28:36.102000,0,1,2.0
1970-01-01 00:28:36.105600,0,1,2.0
1970-01-01 00:28:36.109200,0,1,2.0
1970-01-01 00:28:36.112800,0,1,2.0
1970-01-01 00:28:36.116400,0,1,2.0
1970-01-01 00:28:36.159600,1,0,2.0
1970-01-01 00:28:36.177600,0,1,2.0
1970-01-01 00:28:36.210000,1,0,2.0
1970-01-01 00:28:36.213600,1,0,2.0
1970-01-01 00:28:36.217200,1,0,2.0
1970-01-01 00:28:36.220800,1,0,2.0
1970-01-01 00:28:36.224400,1,0,2.0
1970-01-01 00:28:36.228000,1,0,2.0
1970-01-01 00:28:36.231600,1,0,2.0
1970-01-01 00:28:36.235200,1,0,2.0
1970-01-01 00:28:36.238800,1,0,2.0
1970-01-01 00:28:36.271200,1,0,2.0
1970-01-01 00:28:36.282000,1,0,2.0
1970-01-01 00:28:36.285600,1,0,2.0
1970-01-01 00:28:36.318000,1,0,2.0
1970-01-01 00:28:36.357600,0,1,2.0
1970-01-01 00:28:36.364800,0,1,2.0
1970-01-01 00:28:36.372000,0,1,2.0
1970-01-01 00:28:36.379200,1,0,2.0
1970-01-01 00:28:36.447600,0,1,2.0
1970-01-01 00:28:36.451200,0,1,2.0
1970-01-01 00:28:36.462000,0,1,2.0
1970-01-01 00:28:36.465600,0,1,2.0
1970-01-01 00:28:36.512400,1,0,2.0
1970-01-01 00:28:36.516000,1,0,2.0
1970-01-01 00:28:36.519600,1,0,2.0
1970-01-01 00:28:36.523200,1,0,2.0
1970-01-01 00:28:36.526800,0,1,2.0
1970-01-01 00:28:36.609600,1,0,2.0
1970-01-01 00:28:36.613200,1,0,2.0
1970-01-01 00:28:36.616800,1,0,2.0
1970-01-01 00:28:36.620400,1,0,2.0
1970-01-01 00:28:36.624000,1,0,2.0
1970-01-01 00:28:36.631200,0,1,2.0
1970-01-01 00:28:36.642000,1,0,2.0
1970-01-01 00:28:36.645600,1,0,2.0
1970-01-01 00:28:36.656400,1,0,2.0
1970-01-01 00:28:36.674400,1,0,2.0
1970-01-01 00:28:36.789600,1,0,2.0
1970-01-01 00:28:36.793200,1,0,2.0
1970-01-01 00:28:36.796800,1,0,2.0
1970-01-01 00:28:36.800400,1,0,2.0
1970-01-01 00:28:36.804000,1,0,2.0
1970-01-01 00:28:36.807600,1,0,2.0
1970-01-01 00:28:36.814800,0,0,2.0
1970-01-01 00:28:36.818400,0,1,2.0
1970-01-01 00:28:36.822000,0,1,2.0
1970-01-01 00:28:36.825600,0,1,2.0
1970-01-01 00:28:36.847200,0,1,2.0
1970-01-01 00:28:36.850800,0,1,2.0
1970-01-01 00:28:36.890400,0,1,2.0
1970-01-01 00:28:36.933600,1,0,2.0
1970-01-01 00:28:36.937200,1,0,2.0
1970-01-01 00:28:36.951600,0,1,2.0
1970-01-01 00:28:36.955200,0,1,2.0
1970-01-01 00:28:36.958800,0,1,2.0
1970-01-01 00:28:36.962400,0,1,2.0
1970-01-01 00:28:37.030800,0,1,2.0
1970-01-01 00:28:37.034400,0,1,2.0
1970-01-01 00:28:37.038000,0,1,2.0
1970-01-01 00:28:37.041600,0,1,2.0
1970-01-01 00:28:37.045200,0,1,2.0
1970-01-01 00:28:37.059600,1,0,2.0
1970-01-01 00:28:37.063200,1,0,2.0
1970-01-01 00:28:37.066800,1,0,2.0
1970-01-01 00:28:37.081200,0,1,2.0
1970-01-01 00:28:37.149600,0,1,2.0
1970-01-01 00:28:37.153200,0,1,2.0
1970-01-01 00:28:37.156800,0,1,2.0
1970-01-01 00:28:37.160400,0,1,2.0
1970-01-01 00:28:37.167600,1,0,2.0
1970-01-01 00:28:37.236000,1,0,2.0
1970-01-01 00:28:37.290000,0,1,2.0
1970-01-01 00:28:37.297200,0,1,2.0
1970-01-01 00:28:37.300800,0,1,2.0
1970-01-01 00:28:37.304400,0,1,2.0
1970-01-01 00:28:37.308000,0,1,2.0
1970-01-01 00:28:37.326000,0,1,2.0
1970-01-01 00:28:37.329600,0,1,2.0
1970-01-01 00:28:37.333200,0,1,2.0
1970-01-01 00:28:37.336800,0,1,2.0
1970-01-01 00:28:37.340400,0,1,2.0
1970-01-01 00:28:37.354800,1,0,2.0
1970-01-01 00:28:37.358400,1,0,2.0
1970-01-01 00:28:37.362000,1,0,2.0
1970-01-01 00:28:37.365600,1,0,2.0
1970-01-01 00:28:37.369200,1,0,2.0
1970-01-01 00:28:37.372800,1,0,2.0
1970-01-01 00:28:37.416000,0,1,2.0
1970-01-01 00:28:37.491600,1,0,2.0
1970-01-01 00:28:37.495200,1,0,2.0
1970-01-01 00:28:37.498800,1,0,2.0
1970-01-01 00:28:37.502400,1,0,2.0
1970-01-01 00:28:37.534800,1,0,2.0
1970-01-01 00:28:37.545600,1,0,2.0
1970-01-01 00:28:37.660800,1,0,2.0
1970-01-01 00:28:37.678800,0,1,2.0
1970-01-01 00:28:37.682400,0,1,2.0
1970-01-01 00:28:37.686000,0,1,2.0
1970-01-01 00:28:37.758000,0,1,2.0
1970-01-01 00:28:37.761600,0,1,2.0
1970-01-01 00:28:37.765200,0,1,2.0
1970-01-01 00:28:37.768800,0,1,2.0
1970-01-01 00:28:37.772400,0,1,2.0
1970-01-01 00:28:37.776000,0,1,2.0
1970-01-01 00:28:37.779600,0,1,2.0
1970-01-01 00:28:37.837200,0,1,2.0
1970-01-01 00:28:37.840800,0,1,2.0
1970-01-01 00:28:37.927200,1,0,2.0
1970-01-01 00:28:37.938000,1,0,2.0
1970-01-01 00:28:37.956000,0,1,2.0
1970-01-01 00:28:37.981200,0,1,2.0
1970-01-01 00:28:37.984800,0,1,2.0
1970-01-01 00:28:37.988400,0,1,2.0
1970-01-01 00:28:37.992000,0,1,2.0
1970-01-01 00:28:37.995600,0,1,2.0
1970-01-01 00:28:38.013600,1,0,2.0
1970-01-01 00:28:38.017200,1,0,2.0
1970-01-01 00:28:38.020800,1,0,2.0
1970-01-01 00:28:38.024400,1,0,2.0
1970-01-01 00:28:38.031600,0,1,2.0
1970-01-01 00:28:38.056800,0,1,2.0
1970-01-01 00:28:38.060400,0,1,2.0
1970-01-01 00:28:38.064000,0,1,2.0
1970-01-01 00:28:38.096400,0,1,2.0
1970-01-01 00:28:38.100000,0,1,2.0
1970-01-01 00:28:38.103600,0,1,2.0
1970-01-01 00:28:38.107200,0,1,2.0
1970-01-01 00:28:38.172000,1,0,2.0
1970-01-01 00:28:38.175600,1,0,2.0
1970-01-01 00:28:38.179200,1,0,2.0
1970-01-01 00:28:38.182800,1,0,2.0
1970-01-01 00:28:38.186400,1,0,2.0
1970-01-01 00:28:38.190000,1,0,2.0
1970-01-01 00:28:38.193600,1,0,2.0
1970-01-01 00:28:38.197200,1,0,2.0
1970-01-01 00:28:38.200800,0,1,2.0
1970-01-01 00:28:38.204400,0,1,2.0
1970-01-01 00:28:38.208000,0,1,2.0
1970-01-01 00:28:38.211600,0,1,2.0
1970-01-01 00:28:38.272800,0,1,2.0
1970-01-01 00:28:38.355600,0,1,2.0
1970-01-01 00:28:38.359200,0,1,2.0
1970-01-01 00:28:38.362800,0,1,2.0
1970-01-01 00:28:38.366400,0,1,2.0
1970-01-01 00:28:38.370000,0,1,2.0
1970-01-01 00:28:38.373600,0,1,2.0
1970-01-01 00:28:38.377200,0,1,2.0
1970-01-01 00:28:38.571600,0,0,2.0
1970-01-01 00:28:38.575200,0,1,2.0
1970-01-01 00:28:38.578800,0,1,2.0
1970-01-01 00:28:38.582400,0,1,2.0
1970-01-01 00:28:38.586000,0,1,2.0
1970-01-01 00:28:38.589600,0,1,2.0
1970-01-01 00:28:38.593200,0,1,2.0
1970-01-01 00:28:38.596800,0,1,2.0
1970-01-01 00:28:38.614800,0,1,2.0
1970-01-01 00:28:38.618400,0,1,2.0
1970-01-01 00:28:38.622000,0,1,2.0
1970-01-01 00:28:38.625600,0,1,2.0
1970-01-01 00:28:38.632800,0,1,2.0
1970-01-01 00:28:38.636400,1,0,2.0
1970-01-01 00:28:38.647200,0,1,2.0
1970-01-01 00:28:38.650800,0,1,2.0
1970-01-01 00:28:38.654400,0,1,2.0
1970-01-01 00:28:38.658000,0,1,2.0
1970-01-01 00:28:38.661600,0,1,2.0
1970-01-01 00:28:38.665200,0,1,2.0
1970-01-01 00:28:38.668800,0,1,2.0
1970-01-01 00:28:38.751600,1,0,2.0
1970-01-01 00:28:38.787600,0,1,2.0
1970-01-01 00:28:38.791200,0,1,2.0
1970-01-01 00:28:38.845200,1,0,2.0
1970-01-01 00:28:38.848800,1,0,2.0
1970-01-01 00:28:38.852400,1,0,2.0
1970-01-01 00:28:38.856000,1,0,2.0
1970-01-01 00:28:38.874000,0,1,2.0
1970-01-01 00:28:38.877600,0,1,2.0
1970-01-01 00:28:38.881200,0,1,2.0
1970-01-01 00:28:39.129600,0,1,2.0
1970-01-01 00:28:39.133200,0,1,2.0
1970-01-01 00:28:39.136800,0,1,2.0
1970-01-01 00:28:39.140400,0,1,2.0
1970-01-01 00:28:39.144000,0,1,2.0
1970-01-01 00:28:39.147600,0,1,2.0
1970-01-01 00:28:39.151200,0,1,2.0
1970-01-01 00:28:39.154800,1,0,2.0
1970-01-01 00:28:39.158400,1,0,2.0
1970-01-01 00:28:39.162000,1,0,2.0
1970-01-01 00:28:39.165600,1,0,2.0
1970-01-01 00:28:39.176400,0,1,2.0
1970-01-01 00:28:39.180000,0,1,2.0
1970-01-01 00:28:39.183600,0,1,2.0
1970-01-01 00:28:39.187200,0,1,2.0
1970-01-01 00:28:39.190800,0,1,2.0
1970-01-01 00:28:39.198000,0,1,2.0
1970-01-01 00:28:39.255600,1,0,2.0
1970-01-01 00:28:39.259200,1,0,2.0
1970-01-01 00:28:39.262800,1,0,2.0
1970-01-01 00:28:39.266400,1,0,2.0
1970-01-01 00:28:39.270000,1,0,2.0
1970-01-01 00:28:39.273600,1,0,2.0
1970-01-01 00:28:39.277200,1,0,2.0
1970-01-01 00:28:39.306000,1,0,2.0
1970-01-01 00:28:39.309600,1,0,2.0
1970-01-01 00:28:39.313200,1,0,2.0
1970-01-01 00:28:39.316800,1,0,2.0
1970-01-01 00:28:39.320400,1,0,2.0
1970-01-01 00:28:39.406800,0,1,2.0
1970-01-01 00:28:39.464400,1,0,2.0
1970-01-01 00:28:39.468000,1,0,2.0
1970-01-01 00:28:39.471600,1,0,2.0
1970-01-01 00:28:39.475200,1,0,2.0
1970-01-01 00:28:39.482400,1,0,2.0
1970-01-01 00:28:39.486000,1,0,2.0
1970-01-01 00:28:39.504000,1,0,2.0
1970-01-01 00:28:39.507600,1,0,2.0
1970-01-01 00:28:39.511200,1,0,2.0
1970-01-01 00:28:39.514800,1,0,2.0
1970-01-01 00:28:39.572400,0,1,2.0
1970-01-01 00:28:39.576000,0,1,2.0
1970-01-01 00:28:39.579600,0,1,2.0
1970-01-01 00:28:39.673200,0,1,2.0
1970-01-01 00:28:39.676800,0,1,2.0
1970-01-01 00:28:39.680400,0,1,2.0
1970-01-01 00:28:39.684000,0,1,2.0
1970-01-01 00:28:39.691200,0,1,2.0
1970-01-01 00:28:39.705600,0,1,2.0
1970-01-01 00:28:39.712800,1,0,2.0
1970-01-01 00:28:39.716400,1,0,2.0
1970-01-01 00:28:39.720000,1,0,2.0
1970-01-01 00:28:39.723600,1,0,2.0
1970-01-01 00:28:39.727200,1,0,2.0
1970-01-01 00:28:39.763200,1,0,2.0
1970-01-01 00:28:39.766800,1,0,2.0
1970-01-01 00:28:39.774000,1,0,2.0
1970-01-01 00:28:39.777600,1,0,2.0
1970-01-01 00:28:39.781200,1,0,2.0
1970-01-01 00:28:39.784800,1,0,2.0
1970-01-01 00:28:39.788400,1,0,2.0
1970-01-01 00:28:39.792000,1,0,2.0
1970-01-01 00:28:39.817200,0,1,2.0
1970-01-01 00:28:39.842400,1,0,2.0
1970-01-01 00:28:39.853200,0,1,2.0
1970-01-01 00:28:39.856800,0,1,2.0
1970-01-01 00:28:39.921600,0,1,2.0
1970-01-01 00:28:39.928800,1,0,2.0
1970-01-01 00:28:39.932400,1,0,2.0
1970-01-01 00:28:39.936000,1,0,2.0
1970-01-01 00:28:39.939600,1,0,2.0
1970-01-01 00:28:39.954000,0,1,2.0
1970-01-01 00:28:39.957600,0,1,2.0
1970-01-01 00:28:39.961200,0,1,2.0
1970-01-01 00:28:39.964800,0,1,2.0
1970-01-01 00:28:39.968400,0,1,2.0
1970-01-01 00:28:39.982800,0,1,2.0
1970-01-01 00:28:39.986400,0,1,2.0
1970-01-01 00:28:39.990000,0,1,2.0
1970-01-01 00:28:39.993600,0,1,2.0
1970-01-01 00:28:39.997200,0,1,2.0
1970-01-01 00:28:40.000800,0,1,2.0
1970-01-01 00:28:40.033200,0,1,2.0
1970-01-01 00:28:40.036800,0,1,2.0
1970-01-01 00:28:40.040400,0,1,2.0
1970-01-01 00:28:40.044000,0,1,2.0
1970-01-01 00:28:40.047600,0,1,2.0
1970-01-01 00:28:40.051200,0,1,2.0
1970-01-01 00:28:40.058400,0,1,2.0
1970-01-01 00:28:40.062000,0,1,2.0
1970-01-01 00:28:40.065600,0,1,2.0
1970-01-01 00:28:40.069200,0,1,2.0
1970-01-01 00:28:40.072800,0,1,2.0
1970-01-01 00:28:40.076400,0,1,2.0
1970-01-01 00:28:40.080000,0,1,2.0
1970-01-01 00:28:40.083600,0,1,2.0
1970-01-01 00:28:40.087200,0,1,2.0
1970-01-01 00:28:40.116000,0,1,2.0
1970-01-01 00:28:40.119600,0,1,2.0
1970-01-01 00:28:40.123200,0,1,2.0
1970-01-01 00:28:40.126800,0,1,2.0
1970-01-01 00:28:40.130400,0,1,2.0
1970-01-01 00:28:40.134000,0,1,2.0
1970-01-01 00:28:40.137600,0,1,2.0
1970-01-01 00:28:40.141200,0,1,2.0
1970-01-01 00:28:40.166400,1,0,2.0
1970-01-01 00:28:40.267200,1,0,2.0
1970-01-01 00:28:40.270800,1,0,2.0
1970-01-01 00:28:40.274400,1,0,2.0
1970-01-01 00:28:40.278000,1,0,2.0
1970-01-01 00:28:40.303200,0,1,2.0
1970-01-01 00:28:40.306800,0,1,2.0
1970-01-01 00:28:40.339200,0,1,2.0
1970-01-01 00:28:40.342800,0,1,2.0
1970-01-01 00:28:40.346400,0,1,2.0
1970-01-01 00:28:40.350000,0,1,2.0
1970-01-01 00:28:40.353600,0,1,2.0
1970-01-01 00:28:40.368000,0,1,2.0
1970-01-01 00:28:40.371600,0,1,2.0
1970-01-01 00:28:40.375200,0,1,2.0
1970-01-01 00:28:40.378800,0,1,2.0
1970-01-01 00:28:40.382400,0,1,2.0
1970-01-01 00:28:40.386000,0,1,2.0
1970-01-01 00:28:40.389600,0,1,2.0
1970-01-01 00:28:40.404000,1,0,2.0
1970-01-01 00:28:40.407600,1,0,2.0
1970-01-01 00:28:40.411200,1,0,2.0
1970-01-01 00:28:40.414800,1,0,2.0
1970-01-01 00:28:40.418400,1,0,2.0
1970-01-01 00:28:40.422000,1,0,2.0
1970-01-01 00:28:40.562400,1,0,2.0
1970-01-01 00:28:40.569600,1,0,2.0
1970-01-01 00:28:40.573200,1,0,2.0
1970-01-01 00:28:40.576800,1,0,2.0
1970-01-01 00:28:40.580400,1,0,2.0
1970-01-01 00:28:40.677600,1,0,2.0
1970-01-01 00:28:40.681200,1,0,2.0
1970-01-01 00:28:40.684800,1,0,2.0
1970-01-01 00:28:40.699200,0,1,2.0
1970-01-01 00:28:40.702800,0,1,2.0
1970-01-01 00:28:40.839600,1,0,2.0
1970-01-01 00:28:40.843200,1,0,2.0
1970-01-01 00:28:40.868400,1,0,2.0
1970-01-01 00:28:40.872000,1,0,2.0
1970-01-01 00:28:40.875600,1,0,2.0
1970-01-01 00:28:40.879200,1,0,2.0
1970-01-01 00:28:40.886400,1,0,2.0
1970-01-01 00:28:40.972800,1,0,2.0
1970-01-01 00:28:40.976400,1,0,2.0
1970-01-01 00:28:40.980000,1,0,2.0
1970-01-01 00:28:40.983600,1,0,2.0
1970-01-01 00:28:40.987200,1,0,2.0
1970-01-01 00:28:40.990800,1,0,2.0
1970-01-01 00:28:40.994400,1,0,2.0
1970-01-01 00:28:40.998000,1,0,2.0
1970-01-01 00:28:41.001600,1,0,2.0
1970-01-01 00:28:41.037600,1,0,2.0
1970-01-01 00:28:41.041200,1,0,2.0
1970-01-01 00:28:41.044800,1,0,2.0
1970-01-01 00:28:41.048400,1,0,2.0
1970-01-01 00:28:41.052000,1,0,2.0
1970-01-01 00:28:41.055600,1,0,2.0
1970-01-01 00:28:41.059200,1,0,2.0
1970-01-01 00:28:41.062800,1,0,2.0
1970-01-01 00:28:41.066400,1,0,2.0
1970-01-01 00:28:41.070000,1,0,2.0
1970-01-01 00:28:41.073600,1,0,2.0
1970-01-01 00:28:41.077200,1,0,2.0
1970-01-01 00:28:41.091600,0,1,2.0
1970-01-01 00:28:41.095200,0,1,2.0
1970-01-01 00:28:41.098800,0,1,2.0
1970-01-01 00:28:41.102400,0,1,2.0
1970-01-01 00:28:41.131200,1,0,2.0
1970-01-01 00:28:41.134800,1,0,2.0
1970-01-01 00:28:41.206800,0,1,2.0
1970-01-01 00:28:41.210400,0,1,2.0
1970-01-01 00:28:41.217600,0,1,2.0
1970-01-01 00:28:41.221200,0,1,2.0
1970-01-01 00:28:41.224800,0,1,2.0
1970-01-01 00:28:41.293200,0,1,2.0
1970-01-01 00:28:41.296800,0,1,2.0
1970-01-01 00:28:41.300400,0,1,2.0
1970-01-01 00:28:41.304000,0,1,2.0
1970-01-01 00:28:41.307600,0,1,2.0
1970-01-01 00:28:41.376000,1,0,2.0
1970-01-01 00:28:41.379600,1,0,2.0
1970-01-01 00:28:41.383200,1,0,2.0
1970-01-01 00:28:41.386800,1,0,2.0
1970-01-01 00:28:41.390400,1,0,2.0
1970-01-01 00:28:41.394000,1,0,2.0
1970-01-01 00:28:41.433600,1,0,2.0
1970-01-01 00:28:41.437200,1,0,2.0
1970-01-01 00:28:41.440800,1,0,2.0
1970-01-01 00:28:41.444400,1,0,2.0
1970-01-01 00:28:41.466000,1,0,2.0
1970-01-01 00:28:41.469600,1,0,2.0
1970-01-01 00:28:41.473200,1,0,2.0
1970-01-01 00:28:41.476800,1,0,2.0
1970-01-01 00:28:41.480400,1,0,2.0
1970-01-01 00:28:41.484000,1,0,2.0
1970-01-01 00:28:41.559600,0,1,2.0
1970-01-01 00:28:41.563200,0,1,2.0
1970-01-01 00:28:41.581200,1,0,2.0
1970-01-01 00:28:41.584800,1,0,2.0
1970-01-01 00:28:41.588400,1,0,2.0
1970-01-01 00:28:41.656800,1,0,2.0
1970-01-01 00:28:41.721600,0,1,2.0
1970-01-01 00:28:41.728800,0,1,2.0
1970-01-01 00:28:41.732400,0,1,2.0
1970-01-01 00:28:41.736000,0,1,2.0
1970-01-01 00:28:41.743200,0,1,2.0
1970-01-01 00:28:41.826000,0,1,2.0
1970-01-01 00:28:41.829600,0,1,2.0
1970-01-01 00:28:41.836800,0,1,2.0
1970-01-01 00:28:41.840400,0,1,2.0
1970-01-01 00:28:41.847600,0,1,2.0
1970-01-01 00:28:41.851200,0,1,2.0
1970-01-01 00:28:41.854800,0,1,2.0
1970-01-01 00:28:41.858400,0,1,2.0
1970-01-01 00:28:41.862000,0,1,2.0
1970-01-01 00:28:41.865600,0,1,2.0
1970-01-01 00:28:41.930400,1,0,2.0
1970-01-01 00:28:41.934000,1,0,2.0
1970-01-01 00:28:41.937600,1,0,2.0
1970-01-01 00:28:41.944800,1,0,2.0
1970-01-01 00:28:41.998800,1,0,2.0
1970-01-01 00:28:42.002400,1,0,2.0
1970-01-01 00:28:42.006000,1,0,2.0
1970-01-01 00:28:42.009600,1,0,2.0
1970-01-01 00:28:42.013200,1,0,2.0
1970-01-01 00:28:42.016800,1,0,2.0
1970-01-01 00:28:42.063600,1,0,2.0
1970-01-01 00:28:42.067200,1,0,2.0
1970-01-01 00:28:42.085200,0,1,2.0
1970-01-01 00:28:42.088800,0,1,2.0
1970-01-01 00:28:42.096000,1,0,2.0
1970-01-01 00:28:42.099600,1,0,2.0
1970-01-01 00:28:42.103200,1,0,2.0
1970-01-01 00:28:42.106800,0,1,2.0
1970-01-01 00:28:42.196800,1,0,2.0
1970-01-01 00:28:42.200400,1,0,2.0
1970-01-01 00:28:42.204000,1,0,2.0
1970-01-01 00:28:42.207600,1,0,2.0
1970-01-01 00:28:42.211200,1,0,2.0
1970-01-01 00:28:42.214800,1,0,2.0
1970-01-01 00:28:42.240000,0,1,2.0
1970-01-01 00:28:42.243600,0,1,2.0
1970-01-01 00:28:42.247200,0,1,2.0
1970-01-01 00:28:42.250800,0,1,2.0
1970-01-01 00:28:42.254400,0,1,2.0
1970-01-01 00:28:42.258000,0,1,2.0
1970-01-01 00:28:42.333600,0,1,2.0
1970-01-01 00:28:42.337200,0,1,2.0
1970-01-01 00:28:42.340800,0,1,2.0
1970-01-01 00:28:42.430800,0,1,2.0
1970-01-01 00:28:42.434400,0,1,2.0
1970-01-01 00:28:42.438000,0,1,2.0
1970-01-01 00:28:42.441600,0,1,2.0
1970-01-01 00:28:42.445200,0,1,2.0
1970-01-01 00:28:42.448800,0,1,2.0
1970-01-01 00:28:42.463200,0,1,2.0
1970-01-01 00:28:42.466800,0,1,2.0
1970-01-01 00:28:42.470400,0,1,2.0
1970-01-01 00:28:42.474000,0,1,2.0
1970-01-01 00:28:42.499200,0,1,2.0
1970-01-01 00:28:42.502800,0,1,2.0
1970-01-01 00:28:42.506400,0,1,2.0
1970-01-01 00:28:42.510000,0,1,2.0
1970-01-01 00:28:42.513600,0,1,2.0
1970-01-01 00:28:42.517200,0,1,2.0
1970-01-01 00:28:42.528000,1,0,2.0
1970-01-01 00:28:42.531600,1,0,2.0
1970-01-01 00:28:42.535200,1,0,2.0
1970-01-01 00:28:42.538800,1,0,2.0
1970-01-01 00:28:42.585600,0,1,2.0
1970-01-01 00:28:42.589200,0,1,2.0
1970-01-01 00:28:42.592800,0,1,2.0
1970-01-01 00:28:42.596400,0,1,2.0
1970-01-01 00:28:42.600000,0,1,2.0
1970-01-01 00:28:42.603600,0,1,2.0
1970-01-01 00:28:42.679200,0,1,2.0
1970-01-01 00:28:42.682800,0,1,2.0
1970-01-01 00:28:42.686400,0,1,2.0
1970-01-01 00:28:42.690000,0,1,2.0
1970-01-01 00:28:42.693600,0,1,2.0
1970-01-01 00:28:42.697200,0,1,2.0
1970-01-01 00:28:42.700800,0,1,2.0
1970-01-01 00:28:42.758400,0,1,2.0
1970-01-01 00:28:42.762000,0,1,2.0
1970-01-01 00:28:42.765600,0,1,2.0
1970-01-01 00:28:42.769200,0,1,2.0
1970-01-01 00:28:42.772800,0,1,2.0
1970-01-01 00:28:42.776400,0,1,2.0
1970-01-01 00:28:42.780000,0,1,2.0
1970-01-01 00:28:42.787200,1,0,2.0
1970-01-01 00:28:42.790800,1,0,2.0
1970-01-01 00:28:42.794400,0,1,2.0
1970-01-01 00:28:42.798000,0,1,2.0
1970-01-01 00:28:42.801600,0,1,2.0
1970-01-01 00:28:42.805200,0,1,2.0
1970-01-01 00:28:42.808800,0,1,2.0
1970-01-01 00:28:42.812400,0,1,2.0
1970-01-01 00:28:42.816000,0,1,2.0
1970-01-01 00:28:42.819600,0,1,2.0
1970-01-01 00:28:42.823200,0,1,2.0
1970-01-01 00:28:42.830400,0,1,2.0
1970-01-01 00:28:42.848400,1,0,2.0
1970-01-01 00:28:42.852000,1,0,2.0
1970-01-01 00:28:42.855600,1,0,2.0
1970-01-01 00:28:42.859200,1,0,2.0
1970-01-01 00:28:43.032000,0,1,2.0
1970-01-01 00:28:43.035600,0,1,2.0
1970-01-01 00:28:43.071600,1,0,2.0
1970-01-01 00:28:43.075200,1,0,2.0
1970-01-01 00:28:43.107600,1,0,2.0
1970-01-01 00:28:43.111200,1,0,2.0
1970-01-01 00:28:43.114800,1,0,2.0
1970-01-01 00:28:43.132800,1,0,2.0
1970-01-01 00:28:43.136400,1,0,2.0
1970-01-01 00:28:43.140000,1,0,2.0
1970-01-01 00:28:43.143600,1,0,2.0
1970-01-01 00:28:43.147200,1,0,2.0
1970-01-01 00:28:43.194000,0,1,2.0
1970-01-01 00:28:43.294800,1,0,2.0
1970-01-01 00:28:43.298400,1,0,2.0
1970-01-01 00:28:43.316400,1,0,2.0
1970-01-01 00:28:43.320000,1,0,2.0
1970-01-01 00:28:43.323600,1,0,2.0
1970-01-01 00:28:43.327200,1,0,2.0
1970-01-01 00:28:43.330800,1,0,2.0
1970-01-01 00:28:43.334400,1,0,2.0
1970-01-01 00:28:43.338000,1,0,2.0
1970-01-01 00:28:43.356000,0,1,2.0
1970-01-01 00:28:43.359600,0,1,2.0
1970-01-01 00:28:43.363200,0,1,2.0
1970-01-01 00:28:43.366800,0,1,2.0
1970-01-01 00:28:43.370400,0,1,2.0
1970-01-01 00:28:43.374000,0,1,2.0
1970-01-01 00:28:43.381200,0,1,2.0
1970-01-01 00:28:43.384800,0,1,2.0
1970-01-01 00:28:43.388400,0,1,2.0
1970-01-01 00:28:43.392000,0,1,2.0
1970-01-01 00:28:43.395600,0,1,2.0
1970-01-01 00:28:43.399200,0,1,2.0
1970-01-01 00:28:43.435200,1,0,2.0
1970-01-01 00:28:43.438800,1,0,2.0
1970-01-01 00:28:43.442400,1,0,2.0
1970-01-01 00:28:43.446000,1,0,2.0
1970-01-01 00:28:43.449600,1,0,2.0
1970-01-01 00:28:43.453200,1,0,2.0
1970-01-01 00:28:43.460400,0,1,2.0
1970-01-01 00:28:43.467600,1,0,2.0
1970-01-01 00:28:43.543200,1,0,2.0
1970-01-01 00:28:43.546800,1,0,2.0
1970-01-01 00:28:43.550400,1,0,2.0
1970-01-01 00:28:43.618800,0,1,2.0
1970-01-01 00:28:43.622400,0,1,2.0
1970-01-01 00:28:43.626000,0,1,2.0
1970-01-01 00:28:43.629600,0,1,2.0
1970-01-01 00:28:43.633200,0,1,2.0
1970-01-01 00:28:43.636800,0,1,2.0
1970-01-01 00:28:43.716000,1,0,2.0
1970-01-01 00:28:43.726800,0,1,2.0
1970-01-01 00:28:43.730400,0,1,2.0
1970-01-01 00:28:43.734000,0,1,2.0
1970-01-01 00:28:43.737600,0,1,2.0
1970-01-01 00:28:43.741200,0,1,2.0
1970-01-01 00:28:43.791600,0,1,2.0
1970-01-01 00:28:43.795200,0,1,2.0
1970-01-01 00:28:43.798800,0,1,2.0
1970-01-01 00:28:43.802400,0,1,2.0
1970-01-01 00:28:43.806000,0,1,2.0
1970-01-01 00:28:43.820400,1,0,2.0
1970-01-01 00:28:43.881600,1,0,2.0
1970-01-01 00:28:43.885200,1,0,2.0
1970-01-01 00:28:43.888800,1,0,2.0
1970-01-01 00:28:43.892400,1,0,2.0
1970-01-01 00:28:43.896000,1,0,2.0
1970-01-01 00:28:43.899600,1,0,2.0
1970-01-01 00:28:43.993200,0,1,2.0
1970-01-01 00:28:43.996800,0,1,2.0
1970-01-01 00:28:44.000400,0,1,2.0
1970-01-01 00:28:44.004000,0,1,2.0
1970-01-01 00:28:44.007600,0,1,2.0
1970-01-01 00:28:44.011200,0,1,2.0
1970-01-01 00:28:44.018400,0,1,2.0
1970-01-01 00:28:44.090400,1,0,2.0
1970-01-01 00:28:44.094000,1,0,2.0
1970-01-01 00:28:44.097600,1,0,2.0
1970-01-01 00:28:44.101200,1,0,2.0
1970-01-01 00:28:44.104800,1,0,2.0
1970-01-01 00:28:44.108400,1,0,2.0
1970-01-01 00:28:44.144400,0,1,2.0
1970-01-01 00:28:44.148000,0,1,2.0
1970-01-01 00:28:44.241600,1,0,2.0
1970-01-01 00:28:44.245200,1,0,2.0
1970-01-01 00:28:44.248800,1,0,2.0
1970-01-01 00:28:44.252400,1,0,2.0
1970-01-01 00:28:44.256000,1,0,2.0
1970-01-01 00:28:44.320800,0,1,2.0
1970-01-01 00:28:44.396400,0,0,2.0
1970-01-01 00:28:44.403600,1,0,2.0
1970-01-01 00:28:44.407200,1,0,2.0
1970-01-01 00:28:44.410800,1,0,2.0
1970-01-01 00:28:44.414400,1,0,2.0
1970-01-01 00:28:44.418000,1,0,2.0
1970-01-01 00:28:44.421600,1,0,2.0
1970-01-01 00:28:44.425200,1,0,2.0
1970-01-01 00:28:44.428800,1,0,2.0
1970-01-01 00:28:44.497200,1,0,2.0
1970-01-01 00:28:44.500800,1,0,2.0
1970-01-01 00:28:44.504400,1,0,2.0
1970-01-01 00:28:44.508000,1,0,2.0
1970-01-01 00:28:44.511600,1,0,2.0
1970-01-01 00:28:44.515200,0,1,2.0
1970-01-01 00:28:44.518800,0,1,2.0
1970-01-01 00:28:44.522400,0,1,2.0
1970-01-01 00:28:44.526000,0,1,2.0
1970-01-01 00:28:44.529600,0,1,2.0
1970-01-01 00:28:44.551200,0,1,2.0
1970-01-01 00:28:44.623200,0,1,2.0
1970-01-01 00:28:44.662800,0,1,2.0
1970-01-01 00:28:44.670000,0,1,2.0
1970-01-01 00:28:44.734800,0,1,2.0
1970-01-01 00:28:44.742000,0,1,2.0
1970-01-01 00:28:44.770800,0,1,2.0
1970-01-01 00:28:44.774400,0,1,2.0
1970-01-01 00:28:44.778000,0,1,2.0
1970-01-01 00:28:44.781600,0,1,2.0
1970-01-01 00:28:44.785200,0,1,2.0
1970-01-01 00:28:44.788800,0,1,2.0
1970-01-01 00:28:44.828400,1,0,2.0
1970-01-01 00:28:44.846400,0,1,2.0
1970-01-01 00:28:44.932800,0,1,2.0
1970-01-01 00:28:44.936400,0,1,2.0
1970-01-01 00:28:44.940000,0,1,2.0
1970-01-01 00:28:44.943600,0,1,2.0
1970-01-01 00:28:44.947200,0,1,2.0
1970-01-01 00:28:44.950800,0,1,2.0
1970-01-01 00:28:44.994000,1,0,2.0
1970-01-01 00:28:45.004800,0,1,2.0
1970-01-01 00:28:45.008400,0,1,2.0
1970-01-01 00:28:45.012000,0,1,2.0
1970-01-01 00:28:45.015600,0,1,2.0
1970-01-01 00:28:45.019200,0,1,2.0
1970-01-01 00:28:45.022800,0,1,2.0
1970-01-01 00:28:45.030000,1,0,2.0
1970-01-01 00:28:45.033600,1,0,2.0
1970-01-01 00:28:45.037200,1,0,2.0
1970-01-01 00:28:45.141600,0,1,2.0
1970-01-01 00:28:45.145200,0,1,2.0
1970-01-01 00:28:45.148800,0,1,2.0
1970-01-01 00:28:45.152400,0,1,2.0
1970-01-01 00:28:45.156000,0,1,2.0
1970-01-01 00:28:45.159600,0,1,2.0
1970-01-01 00:28:45.163200,0,1,2.0
1970-01-01 00:28:45.177600,0,1,2.0
1970-01-01 00:28:45.181200,0,1,2.0
1970-01-01 00:28:45.188400,0,1,2.0
1970-01-01 00:28:45.213600,0,1,2.0
1970-01-01 00:28:45.217200,0,1,2.0
1970-01-01 00:28:45.220800,0,1,2.0
1970-01-01 00:28:45.224400,0,1,2.0
1970-01-01 00:28:45.249600,1,0,2.0
1970-01-01 00:28:45.260400,1,0,2.0
1970-01-01 00:28:45.350400,0,0,2.0
1970-01-01 00:28:45.354000,0,1,2.0
1970-01-01 00:28:45.357600,0,1,2.0
1970-01-01 00:28:45.361200,0,1,2.0
1970-01-01 00:28:45.364800,0,1,2.0
1970-01-01 00:28:45.386400,0,1,2.0
1970-01-01 00:28:45.390000,0,1,2.0
1970-01-01 00:28:45.393600,0,1,2.0
1970-01-01 00:28:45.397200,0,1,2.0
1970-01-01 00:28:45.400800,0,1,2.0
1970-01-01 00:28:45.404400,0,1,2.0
1970-01-01 00:28:45.444000,1,0,2.0
1970-01-01 00:28:45.447600,1,0,2.0
1970-01-01 00:28:45.451200,1,0,2.0
1970-01-01 00:28:45.454800,1,0,2.0
1970-01-01 00:28:45.483600,0,1,2.0
1970-01-01 00:28:45.541200,0,1,2.0
1970-01-01 00:28:45.602400,0,1,2.0
1970-01-01 00:28:45.606000,0,1,2.0
1970-01-01 00:28:45.609600,0,1,2.0
1970-01-01 00:28:45.613200,0,1,2.0
1970-01-01 00:28:45.616800,0,1,2.0
1970-01-01 00:28:45.620400,0,1,2.0
1970-01-01 00:28:45.624000,0,1,2.0
1970-01-01 00:28:45.627600,0,1,2.0
1970-01-01 00:28:45.631200,0,1,2.0
1970-01-01 00:28:45.634800,0,1,2.0
1970-01-01 00:28:45.638400,0,1,2.0
1970-01-01 00:28:45.739200,1,0,2.0
1970-01-01 00:28:45.746400,1,0,2.0
1970-01-01 00:28:45.789600,0,1,2.0
1970-01-01 00:28:45.793200,0,1,2.0
1970-01-01 00:28:45.822000,1,0,2.0
1970-01-01 00:28:45.825600,1,0,2.0
1970-01-01 00:28:45.829200,1,0,2.0
1970-01-01 00:28:45.832800,1,0,2.0
1970-01-01 00:28:45.854400,1,0,2.0
1970-01-01 00:28:45.858000,1,0,2.0
1970-01-01 00:28:45.876000,1,0,2.0
1970-01-01 00:28:45.879600,1,0,2.0
1970-01-01 00:28:45.883200,1,0,2.0
1970-01-01 00:28:45.886800,1,0,2.0
1970-01-01 00:28:45.890400,1,0,2.0
1970-01-01 00:28:45.894000,1,0,2.0
1970-01-01 00:28:45.955200,0,1,2.0
1970-01-01 00:28:45.958800,0,1,2.0
1970-01-01 00:28:45.962400,0,1,2.0
1970-01-01 00:28:45.966000,0,1,2.0
1970-01-01 00:28:46.005600,0,1,2.0
1970-01-01 00:28:46.009200,0,1,2.0
1970-01-01 00:28:46.012800,0,1,2.0
1970-01-01 00:28:46.020000,0,1,2.0
1970-01-01 00:28:46.038000,0,1,2.0
1970-01-01 00:28:46.041600,0,1,2.0
1970-01-01 00:28:46.045200,0,1,2.0
1970-01-01 00:28:46.052400,0,1,2.0
1970-01-01 00:28:46.056000,0,1,2.0
1970-01-01 00:28:46.059600,1,0,2.0
1970-01-01 00:28:46.063200,1,0,2.0
1970-01-01 00:28:46.153200,1,0,2.0
1970-01-01 00:28:46.156800,1,0,2.0
1970-01-01 00:28:46.192800,1,0,2.0
1970-01-01 00:28:46.196400,1,0,2.0
1970-01-01 00:28:46.200000,1,0,2.0
1970-01-01 00:28:46.203600,1,0,2.0
1970-01-01 00:28:46.207200,1,0,2.0
1970-01-01 00:28:46.210800,1,0,2.0
1970-01-01 00:28:46.214400,1,0,2.0
1970-01-01 00:28:46.218000,1,0,2.0
1970-01-01 00:28:46.225200,1,0,2.0
1970-01-01 00:28:46.228800,1,0,2.0
1970-01-01 00:28:46.232400,1,0,2.0
1970-01-01 00:28:46.293600,0,1,2.0
1970-01-01 00:28:46.394400,1,0,2.0
1970-01-01 00:28:46.398000,1,0,2.0
1970-01-01 00:28:46.412400,0,1,2.0
1970-01-01 00:28:46.419600,0,1,2.0
1970-01-01 00:28:46.423200,0,1,2.0
1970-01-01 00:28:46.426800,0,1,2.0
1970-01-01 00:28:46.430400,0,1,2.0
1970-01-01 00:28:46.434000,0,1,2.0
1970-01-01 00:28:46.437600,0,1,2.0
1970-01-01 00:28:46.441200,0,1,2.0
1970-01-01 00:28:46.473600,0,1,2.0
1970-01-01 00:28:46.480800,0,1,2.0
1970-01-01 00:28:46.484400,0,1,2.0
1970-01-01 00:28:46.491600,0,1,2.0
1970-01-01 00:28:46.531200,1,0,2.0
1970-01-01 00:28:46.563600,1,0,2.0
1970-01-01 00:28:46.570800,1,0,2.0
1970-01-01 00:28:46.574400,0,0,2.0
1970-01-01 00:28:46.578000,1,0,2.0
1970-01-01 00:28:46.671600,1,0,2.0
1970-01-01 00:28:46.678800,1,0,2.0
1970-01-01 00:28:46.682400,1,0,2.0
1970-01-01 00:28:46.686000,1,0,2.0
1970-01-01 00:28:46.689600,1,0,2.0
1970-01-01 00:28:46.693200,1,0,2.0
1970-01-01 00:28:46.696800,1,0,2.0
1970-01-01 00:28:46.740000,1,0,2.0
1970-01-01 00:28:46.743600,1,0,2.0
1970-01-01 00:28:46.747200,1,0,2.0
1970-01-01 00:28:46.750800,1,0,2.0
1970-01-01 00:28:46.754400,1,0,2.0
1970-01-01 00:28:46.758000,1,0,2.0
1970-01-01 00:28:46.761600,0,1,2.0
1970-01-01 00:28:46.768800,0,1,2.0
1970-01-01 00:28:46.790400,1,0,2.0
1970-01-01 00:28:46.794000,1,0,2.0
1970-01-01 00:28:46.797600,1,0,2.0
1970-01-01 00:28:46.822800,0,1,2.0
1970-01-01 00:28:46.826400,0,1,2.0
1970-01-01 00:28:46.833600,0,1,2.0
1970-01-01 00:28:46.891200,1,0,2.0
1970-01-01 00:28:46.894800,1,0,2.0
1970-01-01 00:28:46.898400,1,0,2.0
1970-01-01 00:28:46.902000,1,0,2.0
1970-01-01 00:28:46.905600,1,0,2.0
1970-01-01 00:28:46.909200,1,0,2.0
1970-01-01 00:28:46.912800,1,0,2.0
1970-01-01 00:28:46.916400,1,0,2.0
1970-01-01 00:28:46.920000,1,0,2.0
1970-01-01 00:28:46.923600,1,0,2.0
1970-01-01 00:28:46.959600,0,1,2.0
1970-01-01 00:28:46.988400,0,1,2.0
1970-01-01 00:28:46.992000,0,1,2.0
1970-01-01 00:28:47.024400,0,1,2.0
1970-01-01 00:28:47.031600,0,0,2.0
1970-01-01 00:28:47.038800,1,0,2.0
1970-01-01 00:28:47.190000,1,0,2.0
1970-01-01 00:28:47.193600,1,0,2.0
1970-01-01 00:28:47.287200,0,1,2.0
1970-01-01 00:28:47.290800,0,1,2.0
1970-01-01 00:28:47.294400,0,1,2.0
1970-01-01 00:28:47.298000,0,1,2.0
1970-01-01 00:28:47.308800,1,0,2.0
1970-01-01 00:28:47.312400,1,0,2.0
1970-01-01 00:28:47.316000,1,0,2.0
1970-01-01 00:28:47.319600,1,0,2.0
1970-01-01 00:28:47.323200,1,0,2.0
1970-01-01 00:28:47.326800,1,0,2.0
1970-01-01 00:28:47.341200,1,0,2.0
1970-01-01 00:28:47.344800,1,0,2.0
1970-01-01 00:28:47.348400,1,0,2.0
1970-01-01 00:28:47.352000,1,0,2.0
1970-01-01 00:28:47.355600,1,0,2.0
1970-01-01 00:28:47.359200,1,0,2.0
1970-01-01 00:28:47.391600,1,0,2.0
1970-01-01 00:28:47.395200,1,0,2.0
1970-01-01 00:28:47.398800,1,0,2.0
1970-01-01 00:28:47.402400,1,0,2.0
1970-01-01 00:28:47.406000,1,0,2.0
1970-01-01 00:28:47.431200,1,0,2.0
1970-01-01 00:28:47.434800,1,0,2.0
1970-01-01 00:28:47.488800,0,1,2.0
1970-01-01 00:28:47.492400,0,1,2.0
1970-01-01 00:28:47.496000,0,1,2.0
1970-01-01 00:28:47.506800,1,0,2.0
1970-01-01 00:28:47.510400,1,0,2.0
1970-01-01 00:28:47.514000,1,0,2.0
1970-01-01 00:28:47.517600,1,0,2.0
1970-01-01 00:28:47.521200,1,0,2.0
1970-01-01 00:28:47.524800,1,0,2.0
1970-01-01 00:28:47.528400,1,0,2.0
1970-01-01 00:28:47.636400,0,1,2.0
1970-01-01 00:28:47.640000,0,1,2.0
1970-01-01 00:28:47.643600,0,1,2.0
1970-01-01 00:28:47.647200,0,1,2.0
1970-01-01 00:28:47.672400,0,1,2.0
1970-01-01 00:28:47.694000,0,1,2.0
1970-01-01 00:28:47.697600,0,1,2.0
1970-01-01 00:28:47.715600,0,1,2.0
1970-01-01 00:28:47.719200,0,1,2.0
1970-01-01 00:28:47.722800,0,1,2.0
1970-01-01 00:28:47.726400,0,1,2.0
1970-01-01 00:28:47.730000,0,1,2.0
1970-01-01 00:28:47.737200,1,0,2.0
1970-01-01 00:28:47.766000,0,1,2.0
1970-01-01 00:28:47.769600,0,1,2.0
1970-01-01 00:28:47.773200,0,1,2.0
1970-01-01 00:28:47.776800,0,1,2.0
1970-01-01 00:28:47.780400,0,1,2.0
1970-01-01 00:28:47.784000,0,1,2.0
1970-01-01 00:28:47.787600,0,1,2.0
1970-01-01 00:28:47.791200,0,1,2.0
1970-01-01 00:28:47.794800,0,1,2.0
1970-01-01 00:28:47.848800,0,1,2.0
1970-01-01 00:28:47.852400,0,1,2.0
1970-01-01 00:28:47.856000,0,1,2.0
1970-01-01 00:28:47.920800,0,1,2.0
1970-01-01 00:28:47.924400,0,1,2.0
1970-01-01 00:28:47.928000,0,1,2.0
1970-01-01 00:28:47.931600,0,1,2.0
1970-01-01 00:28:47.935200,0,1,2.0
1970-01-01 00:28:48.000000,1,0,2.0
1970-01-01 00:28:48.021600,1,0,2.0
1970-01-01 00:28:48.032400,1,0,2.0
1970-01-01 00:28:48.036000,1,0,2.0
1970-01-01 00:28:48.043200,0,1,2.0
1970-01-01 00:28:48.050400,1,0,2.0
1970-01-01 00:28:48.140400,0,1,2.0
1970-01-01 00:28:48.154800,1,0,2.0
1970-01-01 00:28:48.158400,1,0,2.0
1970-01-01 00:28:48.201600,1,0,2.0
1970-01-01 00:28:48.205200,1,0,2.0
1970-01-01 00:28:48.208800,1,0,2.0
1970-01-01 00:28:48.212400,1,0,2.0
1970-01-01 00:28:48.216000,1,0,2.0
1970-01-01 00:28:48.219600,1,0,2.0
1970-01-01 00:28:48.223200,0,1,2.0
1970-01-01 00:28:48.226800,0,1,2.0
1970-01-01 00:28:48.241200,1,0,2.0
1970-01-01 00:28:48.244800,1,0,2.0
1970-01-01 00:28:48.248400,1,0,2.0
1970-01-01 00:28:48.252000,1,0,2.0
1970-01-01 00:28:48.255600,1,0,2.0
1970-01-01 00:28:48.280800,0,1,2.0
1970-01-01 00:28:48.284400,0,1,2.0
1970-01-01 00:28:48.309600,0,1,2.0
1970-01-01 00:28:48.316800,0,1,2.0
1970-01-01 00:28:48.320400,0,1,2.0
1970-01-01 00:28:48.334800,0,1,2.0
1970-01-01 00:28:48.471600,0,1,2.0
1970-01-01 00:28:48.475200,0,1,2.0
1970-01-01 00:28:48.478800,1,0,2.0
1970-01-01 00:28:48.486000,0,1,2.0
1970-01-01 00:28:48.489600,0,1,2.0
1970-01-01 00:28:48.493200,0,1,2.0
1970-01-01 00:28:48.500400,0,1,2.0
1970-01-01 00:28:48.554400,0,1,2.0
1970-01-01 00:28:48.558000,0,1,2.0
1970-01-01 00:28:48.561600,0,1,2.0
1970-01-01 00:28:48.590400,1,0,2.0
1970-01-01 00:28:48.644400,1,0,2.0
1970-01-01 00:28:48.648000,1,0,2.0
1970-01-01 00:28:48.651600,1,0,2.0
1970-01-01 00:28:48.655200,1,0,2.0
1970-01-01 00:28:48.705600,1,0,2.0
1970-01-01 00:28:48.806400,0,1,2.0
1970-01-01 00:28:48.810000,0,1,2.0
1970-01-01 00:28:48.813600,0,1,2.0
1970-01-01 00:28:48.817200,0,0,2.0
1970-01-01 00:28:48.820800,0,1,2.0
1970-01-01 00:28:48.824400,0,1,2.0
1970-01-01 00:28:48.853200,1,0,2.0
1970-01-01 00:28:48.864000,1,0,2.0
1970-01-01 00:28:48.867600,1,0,2.0
1970-01-01 00:28:48.871200,1,0,2.0
1970-01-01 00:28:48.892800,1,0,2.0
1970-01-01 00:28:48.896400,1,0,2.0
1970-01-01 00:28:48.903600,1,0,2.0
1970-01-01 00:28:48.907200,1,0,2.0
1970-01-01 00:28:48.921600,1,0,2.0
1970-01-01 00:28:48.925200,1,0,2.0
1970-01-01 00:28:48.928800,1,0,2.0
1970-01-01 00:28:48.932400,1,0,2.0
1970-01-01 00:28:48.936000,1,0,2.0
1970-01-01 00:28:48.939600,1,0,2.0
1970-01-01 00:28:48.968400,0,1,2.0
1970-01-01 00:28:48.972000,0,1,2.0
1970-01-01 00:28:48.975600,0,1,2.0
1970-01-01 00:28:48.979200,0,1,2.0
1970-01-01 00:28:48.986400,0,1,2.0
1970-01-01 00:28:48.990000,1,0,2.0
1970-01-01 00:28:48.993600,1,0,2.0
1970-01-01 00:28:48.997200,0,1,2.0
1970-01-01 00:28:49.044000,1,0,2.0
1970-01-01 00:28:49.047600,1,0,2.0
1970-01-01 00:28:49.051200,1,0,2.0
1970-01-01 00:28:49.054800,1,0,2.0
1970-01-01 00:28:49.058400,1,0,2.0
1970-01-01 00:28:49.062000,1,0,2.0
1970-01-01 00:28:49.173600,1,0,2.0
1970-01-01 00:28:49.177200,1,0,2.0
1970-01-01 00:28:49.180800,1,0,2.0
1970-01-01 00:28:49.184400,1,0,2.0
1970-01-01 00:28:49.188000,1,0,2.0
1970-01-01 00:28:49.191600,1,0,2.0
1970-01-01 00:28:49.195200,1,0,2.0
1970-01-01 00:28:49.198800,1,0,2.0
1970-01-01 00:28:49.202400,1,0,2.0
1970-01-01 00:28:49.206000,1,0,2.0
1970-01-01 00:28:49.249200,1,0,2.0
1970-01-01 00:28:49.252800,1,0,2.0
1970-01-01 00:28:49.256400,1,0,2.0
1970-01-01 00:28:49.278000,1,0,2.0
1970-01-01 00:28:49.281600,1,0,2.0
1970-01-01 00:28:49.285200,1,0,2.0
1970-01-01 00:28:49.288800,1,0,2.0
1970-01-01 00:28:49.292400,1,0,2.0
1970-01-01 00:28:49.296000,1,0,2.0
1970-01-01 00:28:49.346400,0,1,2.0
1970-01-01 00:28:49.404000,0,1,2.0
1970-01-01 00:28:49.407600,0,1,2.0
1970-01-01 00:28:49.411200,0,1,2.0
1970-01-01 00:28:49.414800,0,1,2.0
1970-01-01 00:28:49.418400,0,1,2.0
1970-01-01 00:28:49.422000,0,1,2.0
1970-01-01 00:28:49.450800,1,0,2.0
1970-01-01 00:28:49.454400,1,0,2.0
1970-01-01 00:28:49.458000,1,0,2.0
1970-01-01 00:28:49.461600,1,0,2.0
1970-01-01 00:28:49.465200,1,0,2.0
1970-01-01 00:28:49.576800,0,1,2.0
1970-01-01 00:28:49.580400,0,1,2.0
1970-01-01 00:28:49.591200,0,1,2.0
1970-01-01 00:28:49.594800,0,1,2.0
1970-01-01 00:28:49.688400,0,1,2.0
1970-01-01 00:28:49.692000,0,1,2.0
1970-01-01 00:28:49.695600,0,1,2.0
1970-01-01 00:28:49.702800,1,0,2.0
1970-01-01 00:28:49.706400,1,0,2.0
1970-01-01 00:28:49.753200,1,0,2.0
1970-01-01 00:28:49.756800,1,0,2.0
1970-01-01 00:28:49.760400,1,0,2.0
1970-01-01 00:28:49.764000,1,0,2.0
1970-01-01 00:28:49.767600,1,0,2.0
1970-01-01 00:28:49.854000,0,1,2.0
1970-01-01 00:28:49.857600,0,1,2.0
1970-01-01 00:28:49.861200,0,1,2.0
1970-01-01 00:28:49.864800,0,1,2.0
1970-01-01 00:28:49.890000,0,1,2.0
1970-01-01 00:28:49.944000,0,0,2.0
1970-01-01 00:28:49.947600,1,0,2.0
1970-01-01 00:28:49.951200,1,0,2.0
1970-01-01 00:28:49.954800,1,0,2.0
1970-01-01 00:28:49.958400,1,0,2.0
1970-01-01 00:28:50.019600,1,0,2.0
1970-01-01 00:28:50.023200,1,0,2.0
1970-01-01 00:28:50.026800,1,0,2.0
1970-01-01 00:28:50.030400,1,0,2.0
1970-01-01 00:28:50.034000,1,0,2.0
1970-01-01 00:28:50.037600,1,0,2.0
1970-01-01 00:28:50.041200,1,0,2.0
1970-01-01 00:28:50.044800,0,1,2.0
1970-01-01 00:28:50.052000,1,0,2.0
1970-01-01 00:28:50.055600,1,0,2.0
1970-01-01 00:28:50.059200,1,0,2.0
1970-01-01 00:28:50.062800,1,0,2.0
1970-01-01 00:28:50.095200,1,0,2.0
1970-01-01 00:28:50.102400,1,0,2.0
1970-01-01 00:28:50.106000,1,0,2.0
1970-01-01 00:28:50.109600,1,0,2.0
1970-01-01 00:28:50.113200,1,0,2.0
1970-01-01 00:28:50.116800,1,0,2.0
1970-01-01 00:28:50.120400,1,0,2.0
1970-01-01 00:28:50.124000,1,0,2.0
1970-01-01 00:28:50.127600,1,0,2.0
1970-01-01 00:28:50.131200,1,0,2.0
1970-01-01 00:28:50.134800,1,0,2.0
1970-01-01 00:28:50.138400,1,0,2.0
1970-01-01 00:28:50.142000,1,0,2.0
1970-01-01 00:28:50.145600,1,0,2.0
1970-01-01 00:28:50.149200,1,0,2.0
1970-01-01 00:28:50.152800,1,0,2.0
1970-01-01 00:28:50.192400,1,0,2.0
1970-01-01 00:28:50.196000,1,0,2.0
1970-01-01 00:28:50.199600,1,0,2.0
1970-01-01 00:28:50.203200,1,0,2.0
1970-01-01 00:28:50.206800,1,0,2.0
1970-01-01 00:28:50.210400,1,0,2.0
1970-01-01 00:28:50.217600,0,1,2.0
1970-01-01 00:28:50.221200,0,1,2.0
1970-01-01 00:28:50.228400,1,0,2.0
1970-01-01 00:28:50.264400,0,1,2.0
1970-01-01 00:28:50.358000,0,1,2.0
1970-01-01 00:28:50.365200,0,1,2.0
1970-01-01 00:28:50.368800,0,1,2.0
1970-01-01 00:28:50.372400,0,1,2.0
1970-01-01 00:28:50.376000,0,1,2.0
1970-01-01 00:28:50.379600,0,1,2.0
1970-01-01 00:28:50.383200,0,1,2.0
1970-01-01 00:28:50.386800,0,1,2.0
1970-01-01 00:28:50.390400,0,1,2.0
1970-01-01 00:28:50.394000,0,1,2.0
1970-01-01 00:28:50.419200,0,1,2.0
1970-01-01 00:28:50.444400,1,0,2.0
1970-01-01 00:28:50.448000,1,0,2.0
1970-01-01 00:28:50.451600,1,0,2.0
1970-01-01 00:28:50.466000,0,1,2.0
1970-01-01 00:28:50.469600,0,1,2.0
1970-01-01 00:28:50.527200,0,1,2.0
1970-01-01 00:28:50.530800,0,1,2.0
1970-01-01 00:28:50.577600,0,1,2.0
1970-01-01 00:28:50.581200,0,1,2.0
1970-01-01 00:28:50.584800,0,1,2.0
1970-01-01 00:28:50.588400,0,1,2.0
1970-01-01 00:28:50.592000,0,1,2.0
1970-01-01 00:28:50.595600,0,1,2.0
1970-01-01 00:28:50.617200,0,1,2.0
1970-01-01 00:28:50.620800,0,1,2.0
1970-01-01 00:28:50.649600,1,0,2.0
1970-01-01 00:28:50.653200,1,0,2.0
1970-01-01 00:28:50.656800,1,0,2.0
1970-01-01 00:28:50.696400,1,0,2.0
1970-01-01 00:28:50.703600,1,0,2.0
1970-01-01 00:28:50.707200,1,0,2.0
1970-01-01 00:28:50.710800,1,0,2.0
1970-01-01 00:28:50.732400,0,1,2.0
1970-01-01 00:28:50.743200,1,0,2.0
1970-01-01 00:28:50.750400,1,0,2.0
1970-01-01 00:28:50.754000,1,0,2.0
1970-01-01 00:28:50.793600,1,0,2.0
1970-01-01 00:28:50.797200,1,0,2.0
1970-01-01 00:28:50.808000,1,0,2.0
1970-01-01 00:28:50.815200,0,1,2.0
1970-01-01 00:28:50.818800,0,1,2.0
1970-01-01 00:28:50.822400,0,1,2.0
1970-01-01 00:28:50.826000,0,1,2.0
1970-01-01 00:28:50.833200,1,0,2.0
1970-01-01 00:28:50.836800,1,0,2.0
1970-01-01 00:28:50.840400,1,0,2.0
1970-01-01 00:28:50.844000,1,0,2.0
1970-01-01 00:28:50.847600,1,0,2.0
1970-01-01 00:28:50.851200,1,0,2.0
1970-01-01 00:28:50.854800,1,0,2.0
1970-01-01 00:28:51.031200,1,0,2.0
1970-01-01 00:28:51.070800,0,1,2.0
1970-01-01 00:28:51.081600,1,0,2.0
1970-01-01 00:28:51.085200,1,0,2.0
1970-01-01 00:28:51.096000,1,0,2.0
1970-01-01 00:28:51.114000,1,0,2.0
1970-01-01 00:28:51.117600,1,0,2.0
1970-01-01 00:28:51.121200,1,0,2.0
1970-01-01 00:28:51.124800,1,0,2.0
1970-01-01 00:28:51.128400,1,0,2.0
1970-01-01 00:28:51.164400,1,0,2.0
1970-01-01 00:28:51.168000,1,0,2.0
1970-01-01 00:28:51.171600,1,0,2.0
1970-01-01 00:28:51.175200,1,0,2.0
1970-01-01 00:28:51.178800,1,0,2.0
1970-01-01 00:28:51.182400,1,0,2.0
1970-01-01 00:28:51.186000,1,0,2.0
1970-01-01 00:28:51.189600,1,0,2.0
1970-01-01 00:28:51.193200,1,0,2.0
1970-01-01 00:28:51.214800,1,0,2.0
1970-01-01 00:28:51.218400,1,0,2.0
1970-01-01 00:28:51.222000,1,0,2.0
1970-01-01 00:28:51.225600,1,0,2.0
1970-01-01 00:28:51.229200,1,0,2.0
1970-01-01 00:28:51.232800,1,0,2.0
1970-01-01 00:28:51.236400,1,0,2.0
1970-01-01 00:28:51.240000,1,0,2.0
1970-01-01 00:28:51.243600,1,0,2.0
1970-01-01 00:28:51.247200,1,0,2.0
1970-01-01 00:28:51.250800,1,0,2.0
1970-01-01 00:28:51.268800,1,0,2.0
1970-01-01 00:28:51.315600,1,0,2.0
1970-01-01 00:28:51.319200,1,0,2.0
1970-01-01 00:28:51.322800,1,0,2.0
1970-01-01 00:28:51.326400,1,0,2.0
1970-01-01 00:28:51.330000,1,0,2.0
1970-01-01 00:28:51.333600,1,0,2.0
1970-01-01 00:28:51.344400,1,0,2.0
1970-01-01 00:28:51.348000,1,0,2.0
1970-01-01 00:28:51.351600,1,0,2.0
1970-01-01 00:28:51.355200,1,0,2.0
1970-01-01 00:28:51.358800,1,0,2.0
1970-01-01 00:28:51.362400,1,0,2.0
1970-01-01 00:28:51.366000,1,0,2.0
1970-01-01 00:28:51.369600,1,0,2.0
1970-01-01 00:28:51.373200,1,0,2.0
1970-01-01 00:28:51.376800,1,0,2.0
1970-01-01 00:28:51.380400,1,0,2.0
1970-01-01 00:28:51.384000,1,0,2.0
1970-01-01 00:28:51.394800,0,1,2.0
1970-01-01 00:28:51.398400,0,1,2.0
1970-01-01 00:28:51.484800,1,0,2.0
1970-01-01 00:28:51.488400,1,0,2.0
1970-01-01 00:28:51.603600,0,1,2.0
1970-01-01 00:28:51.607200,0,1,2.0
1970-01-01 00:28:51.610800,0,1,2.0
1970-01-01 00:28:51.682800,1,0,2.0
1970-01-01 00:28:51.690000,1,0,2.0
1970-01-01 00:28:51.693600,1,0,2.0
1970-01-01 00:28:51.783600,0,1,2.0
1970-01-01 00:28:51.787200,0,1,2.0
1970-01-01 00:28:51.790800,0,1,2.0
1970-01-01 00:28:51.794400,0,1,2.0
1970-01-01 00:28:51.798000,0,1,2.0
1970-01-01 00:28:51.801600,0,1,2.0
1970-01-01 00:28:51.808800,1,0,2.0
1970-01-01 00:28:51.812400,1,0,2.0
1970-01-01 00:28:51.819600,1,0,2.0
1970-01-01 00:28:51.888000,1,0,2.0
1970-01-01 00:28:51.934800,1,0,2.0
1970-01-01 00:28:51.978000,1,0,2.0
1970-01-01 00:28:52.010400,1,0,2.0
1970-01-01 00:28:52.014000,1,0,2.0
1970-01-01 00:28:52.017600,1,0,2.0
1970-01-01 00:28:52.021200,1,0,2.0
1970-01-01 00:28:52.024800,1,0,2.0
1970-01-01 00:28:52.028400,1,0,2.0
1970-01-01 00:28:52.032000,0,0,2.0
1970-01-01 00:28:52.039200,0,1,2.0
1970-01-01 00:28:52.042800,0,1,2.0
1970-01-01 00:28:52.100400,0,1,2.0
1970-01-01 00:28:52.107600,0,1,2.0
1970-01-01 00:28:52.111200,0,1,2.0
1970-01-01 00:28:52.114800,0,1,2.0
1970-01-01 00:28:52.226400,1,0,2.0
1970-01-01 00:28:52.233600,1,0,2.0
1970-01-01 00:28:52.237200,1,0,2.0
1970-01-01 00:28:52.269600,1,0,2.0
1970-01-01 00:28:52.305600,1,0,2.0
1970-01-01 00:28:52.309200,1,0,2.0
1970-01-01 00:28:52.312800,1,0,2.0
1970-01-01 00:28:52.316400,1,0,2.0
1970-01-01 00:28:52.320000,1,0,2.0
1970-01-01 00:28:52.323600,1,0,2.0
1970-01-01 00:28:52.327200,1,0,2.0
1970-01-01 00:28:52.330800,1,0,2.0
1970-01-01 00:28:52.356000,0,1,2.0
1970-01-01 00:28:52.359600,0,1,2.0
1970-01-01 00:28:52.363200,0,1,2.0
1970-01-01 00:28:52.366800,0,1,2.0
1970-01-01 00:28:52.370400,0,1,2.0
1970-01-01 00:28:52.374000,0,1,2.0
1970-01-01 00:28:52.428000,0,1,2.0
1970-01-01 00:28:52.431600,0,1,2.0
1970-01-01 00:28:52.438800,0,1,2.0
1970-01-01 00:28:52.442400,0,1,2.0
1970-01-01 00:28:52.460400,1,0,2.0
1970-01-01 00:28:52.521600,0,1,2.0
1970-01-01 00:28:52.525200,0,1,2.0
1970-01-01 00:28:52.528800,0,1,2.0
1970-01-01 00:28:52.532400,0,1,2.0
1970-01-01 00:28:52.536000,0,1,2.0
1970-01-01 00:28:52.550400,0,1,2.0
1970-01-01 00:28:52.593600,0,1,2.0
1970-01-01 00:28:52.597200,0,1,2.0
1970-01-01 00:28:52.600800,0,1,2.0
1970-01-01 00:28:52.604400,0,1,2.0
1970-01-01 00:28:52.611600,0,1,2.0
1970-01-01 00:28:52.741200,1,0,2.0
1970-01-01 00:28:52.748400,1,0,2.0
1970-01-01 00:28:52.852800,1,0,2.0
1970-01-01 00:28:52.856400,1,0,2.0
1970-01-01 00:28:52.860000,1,0,2.0
1970-01-01 00:28:52.863600,1,0,2.0
1970-01-01 00:28:52.867200,1,0,2.0
1970-01-01 00:28:52.870800,1,0,2.0
1970-01-01 00:28:52.881600,1,0,2.0
1970-01-01 00:28:52.885200,1,0,2.0
1970-01-01 00:28:52.888800,1,0,2.0
1970-01-01 00:28:52.892400,1,0,2.0
1970-01-01 00:28:52.896000,1,0,2.0
1970-01-01 00:28:52.899600,1,0,2.0
1970-01-01 00:28:52.932000,1,0,2.0
1970-01-01 00:28:52.953600,0,1,2.0
1970-01-01 00:28:53.011200,0,1,2.0
1970-01-01 00:28:53.047200,1,0,2.0
1970-01-01 00:28:53.050800,1,0,2.0
1970-01-01 00:28:53.054400,1,0,2.0
1970-01-01 00:28:53.061600,1,0,2.0
1970-01-01 00:28:53.065200,1,0,2.0
1970-01-01 00:28:53.072400,1,0,2.0
1970-01-01 00:28:53.076000,1,0,2.0
1970-01-01 00:28:53.079600,1,0,2.0
1970-01-01 00:28:53.083200,1,0,2.0
1970-01-01 00:28:53.094000,1,0,2.0
1970-01-01 00:28:53.101200,0,1,2.0
1970-01-01 00:28:53.104800,0,1,2.0
1970-01-01 00:28:53.108400,0,1,2.0
1970-01-01 00:28:53.112000,0,1,2.0
1970-01-01 00:28:53.115600,0,1,2.0
1970-01-01 00:28:53.119200,0,1,2.0
1970-01-01 00:28:53.133600,1,0,2.0
1970-01-01 00:28:53.209200,0,1,2.0
1970-01-01 00:28:53.212800,0,1,2.0
1970-01-01 00:28:53.216400,0,1,2.0
1970-01-01 00:28:53.220000,0,1,2.0
1970-01-01 00:28:53.223600,0,1,2.0
1970-01-01 00:28:53.227200,0,1,2.0
1970-01-01 00:28:53.306400,0,1,2.0
1970-01-01 00:28:53.310000,0,1,2.0
1970-01-01 00:28:53.313600,0,1,2.0
1970-01-01 00:28:53.324400,0,0,2.0
1970-01-01 00:28:53.328000,1,0,2.0
1970-01-01 00:28:53.331600,1,0,2.0
1970-01-01 00:28:53.335200,1,0,2.0
1970-01-01 00:28:53.338800,1,0,2.0
1970-01-01 00:28:53.349600,1,0,2.0
1970-01-01 00:28:53.356800,1,0,2.0
1970-01-01 00:28:53.360400,1,0,2.0
1970-01-01 00:28:53.364000,1,0,2.0
1970-01-01 00:28:53.367600,1,0,2.0
1970-01-01 00:28:53.486400,1,0,2.0
1970-01-01 00:28:53.540400,1,0,2.0
1970-01-01 00:28:53.544000,1,0,2.0
1970-01-01 00:28:53.547600,1,0,2.0
1970-01-01 00:28:53.576400,1,0,2.0
1970-01-01 00:28:53.580000,1,0,2.0
1970-01-01 00:28:53.608800,1,0,2.0
1970-01-01 00:28:53.612400,1,0,2.0
1970-01-01 00:28:53.616000,1,0,2.0
1970-01-01 00:28:53.626800,0,1,2.0
1970-01-01 00:28:53.630400,0,1,2.0
1970-01-01 00:28:53.634000,0,1,2.0
1970-01-01 00:28:53.637600,0,1,2.0
1970-01-01 00:28:53.698800,0,1,2.0
1970-01-01 00:28:53.709600,0,1,2.0
1970-01-01 00:28:53.713200,0,1,2.0
1970-01-01 00:28:53.716800,0,1,2.0
1970-01-01 00:28:53.720400,0,1,2.0
1970-01-01 00:28:53.724000,0,1,2.0
1970-01-01 00:28:53.727600,0,1,2.0
1970-01-01 00:28:53.752800,0,1,2.0
1970-01-01 00:28:53.760000,0,1,2.0
1970-01-01 00:28:53.763600,0,1,2.0
1970-01-01 00:28:53.767200,0,1,2.0
1970-01-01 00:28:53.770800,0,1,2.0
1970-01-01 00:28:53.821200,0,1,2.0
1970-01-01 00:28:53.824800,0,1,2.0
1970-01-01 00:28:53.828400,0,1,2.0
1970-01-01 00:28:53.832000,0,1,2.0
1970-01-01 00:28:53.835600,0,1,2.0
1970-01-01 00:28:53.839200,0,1,2.0
1970-01-01 00:28:53.850000,1,0,2.0
1970-01-01 00:28:53.900400,1,0,2.0
1970-01-01 00:28:54.012000,0,1,2.0
1970-01-01 00:28:54.015600,0,1,2.0
1970-01-01 00:28:54.022800,0,1,2.0
1970-01-01 00:28:54.156000,0,1,2.0
1970-01-01 00:28:54.159600,0,1,2.0
1970-01-01 00:28:54.163200,0,1,2.0
1970-01-01 00:28:54.166800,0,1,2.0
1970-01-01 00:28:54.170400,0,1,2.0
1970-01-01 00:28:54.174000,0,1,2.0
1970-01-01 00:28:54.177600,0,1,2.0
1970-01-01 00:28:54.184800,0,1,2.0
1970-01-01 00:28:54.188400,0,1,2.0
1970-01-01 00:28:54.192000,0,1,2.0
1970-01-01 00:28:54.199200,1,0,2.0
1970-01-01 00:28:54.206400,1,0,2.0
1970-01-01 00:28:54.289200,1,0,2.0
1970-01-01 00:28:54.292800,1,0,2.0
1970-01-01 00:28:54.296400,1,0,2.0
1970-01-01 00:28:54.300000,1,0,2.0
1970-01-01 00:28:54.325200,0,1,2.0
1970-01-01 00:28:54.328800,0,1,2.0
1970-01-01 00:28:54.332400,0,1,2.0
1970-01-01 00:28:54.346800,1,0,2.0
1970-01-01 00:28:54.350400,1,0,2.0
1970-01-01 00:28:54.354000,1,0,2.0
1970-01-01 00:28:54.357600,1,0,2.0
1970-01-01 00:28:54.361200,1,0,2.0
1970-01-01 00:28:54.372000,0,1,2.0
1970-01-01 00:28:54.418800,1,0,2.0
1970-01-01 00:28:54.422400,1,0,2.0
1970-01-01 00:28:54.440400,0,1,2.0
1970-01-01 00:28:54.534000,0,1,2.0
1970-01-01 00:28:54.537600,0,1,2.0
1970-01-01 00:28:54.541200,0,1,2.0
1970-01-01 00:28:54.544800,0,1,2.0
1970-01-01 00:28:54.548400,0,1,2.0
1970-01-01 00:28:54.606000,0,1,2.0
1970-01-01 00:28:54.609600,0,1,2.0
1970-01-01 00:28:54.613200,0,1,2.0
1970-01-01 00:28:54.616800,0,1,2.0
1970-01-01 00:28:54.620400,0,1,2.0
1970-01-01 00:28:54.624000,0,1,2.0
1970-01-01 00:28:54.660000,0,1,2.0
1970-01-01 00:28:54.663600,0,1,2.0
1970-01-01 00:28:54.667200,0,1,2.0
1970-01-01 00:28:54.670800,0,1,2.0
1970-01-01 00:28:54.674400,0,1,2.0
1970-01-01 00:28:54.678000,0,1,2.0
1970-01-01 00:28:54.681600,0,1,2.0
1970-01-01 00:28:54.685200,0,1,2.0
1970-01-01 00:28:54.692400,1,0,2.0
1970-01-01 00:28:54.739200,1,0,2.0
1970-01-01 00:28:54.746400,1,0,2.0
1970-01-01 00:28:54.750000,1,0,2.0
1970-01-01 00:28:54.753600,1,0,2.0
1970-01-01 00:28:54.760800,0,1,2.0
1970-01-01 00:28:54.764400,0,1,2.0
1970-01-01 00:28:54.962400,1,0,2.0
1970-01-01 00:28:54.966000,1,0,2.0
1970-01-01 00:28:54.973200,1,0,2.0
1970-01-01 00:28:54.976800,1,0,2.0
1970-01-01 00:28:55.023600,1,0,2.0
1970-01-01 00:28:55.027200,1,0,2.0
1970-01-01 00:28:55.030800,1,0,2.0
1970-01-01 00:28:55.034400,1,0,2.0
1970-01-01 00:28:55.038000,1,0,2.0
1970-01-01 00:28:55.041600,1,0,2.0
1970-01-01 00:28:55.174800,0,1,2.0
1970-01-01 00:28:55.178400,0,1,2.0
1970-01-01 00:28:55.182000,0,1,2.0
1970-01-01 00:28:55.185600,0,1,2.0
1970-01-01 00:28:55.189200,0,1,2.0
1970-01-01 00:28:55.192800,0,1,2.0
1970-01-01 00:28:55.282800,1,0,2.0
1970-01-01 00:28:55.290000,0,1,2.0
1970-01-01 00:28:55.297200,0,1,2.0
1970-01-01 00:28:55.380000,1,0,2.0
1970-01-01 00:28:55.383600,1,0,2.0
1970-01-01 00:28:55.387200,1,0,2.0
1970-01-01 00:28:55.390800,1,0,2.0
1970-01-01 00:28:55.398000,1,0,2.0
1970-01-01 00:28:55.434000,1,0,2.0
1970-01-01 00:28:55.437600,1,0,2.0
1970-01-01 00:28:55.459200,0,1,2.0
1970-01-01 00:28:55.462800,0,1,2.0
1970-01-01 00:28:55.466400,0,1,2.0
1970-01-01 00:28:55.470000,0,1,2.0
1970-01-01 00:28:55.473600,0,1,2.0
1970-01-01 00:28:55.477200,0,1,2.0
1970-01-01 00:28:55.506000,1,0,2.0
1970-01-01 00:28:55.509600,1,0,2.0
1970-01-01 00:28:55.513200,1,0,2.0
1970-01-01 00:28:55.545600,0,1,2.0
1970-01-01 00:28:55.549200,0,1,2.0
1970-01-01 00:28:55.552800,0,1,2.0
1970-01-01 00:28:55.556400,0,1,2.0
1970-01-01 00:28:55.560000,0,1,2.0
1970-01-01 00:28:55.567200,1,0,2.0
1970-01-01 00:28:55.570800,1,0,2.0
1970-01-01 00:28:55.574400,1,0,2.0
1970-01-01 00:28:55.588800,0,1,2.0
1970-01-01 00:28:55.621200,1,0,2.0
1970-01-01 00:28:55.628400,1,0,2.0
1970-01-01 00:28:55.632000,1,0,2.0
1970-01-01 00:28:55.635600,1,0,2.0
1970-01-01 00:28:55.639200,1,0,2.0
1970-01-01 00:28:55.642800,1,0,2.0
1970-01-01 00:28:55.646400,1,0,2.0
1970-01-01 00:28:55.653600,0,1,2.0
1970-01-01 00:28:55.657200,0,1,2.0
1970-01-01 00:28:55.660800,0,1,2.0
1970-01-01 00:28:55.722000,1,0,2.0
1970-01-01 00:28:55.725600,1,0,2.0
1970-01-01 00:28:55.732800,1,0,2.0
1970-01-01 00:28:55.736400,1,0,2.0
1970-01-01 00:28:55.740000,1,0,2.0
1970-01-01 00:28:55.743600,1,0,2.0
1970-01-01 00:28:55.747200,1,0,2.0
1970-01-01 00:28:55.750800,1,0,2.0
1970-01-01 00:28:55.754400,1,0,2.0
1970-01-01 00:28:55.758000,1,0,2.0
1970-01-01 00:28:55.761600,1,0,2.0
1970-01-01 00:28:55.765200,1,0,2.0
1970-01-01 00:28:55.768800,1,0,2.0
1970-01-01 00:28:55.772400,1,0,2.0
1970-01-01 00:28:55.786800,1,0,2.0
1970-01-01 00:28:55.790400,1,0,2.0
1970-01-01 00:28:55.794000,1,0,2.0
1970-01-01 00:28:55.797600,1,0,2.0
1970-01-01 00:28:55.801200,1,0,2.0
1970-01-01 00:28:55.880400,1,0,2.0
1970-01-01 00:28:55.884000,1,0,2.0
1970-01-01 00:28:55.887600,1,0,2.0
1970-01-01 00:28:55.891200,1,0,2.0
1970-01-01 00:28:55.894800,1,0,2.0
1970-01-01 00:28:55.898400,1,0,2.0
1970-01-01 00:28:55.902000,1,0,2.0
1970-01-01 00:28:55.905600,1,0,2.0
1970-01-01 00:28:55.909200,1,0,2.0
1970-01-01 00:28:55.912800,1,0,2.0
1970-01-01 00:28:55.916400,1,0,2.0
1970-01-01 00:28:55.920000,1,0,2.0
1970-01-01 00:28:55.988400,0,1,2.0
1970-01-01 00:28:55.995600,0,1,2.0
1970-01-01 00:28:55.999200,0,1,2.0
1970-01-01 00:28:56.006400,1,0,2.0
1970-01-01 00:28:56.013600,1,0,2.0
1970-01-01 00:28:56.017200,1,0,2.0
1970-01-01 00:28:56.060400,0,1,2.0
1970-01-01 00:28:56.121600,1,0,2.0
1970-01-01 00:28:56.236800,0,1,2.0
1970-01-01 00:28:56.240400,0,1,2.0
1970-01-01 00:28:56.244000,0,1,2.0
1970-01-01 00:28:56.247600,0,1,2.0
1970-01-01 00:28:56.251200,0,1,2.0
1970-01-01 00:28:56.254800,0,1,2.0
1970-01-01 00:28:56.258400,0,1,2.0
1970-01-01 00:28:56.262000,0,1,2.0
1970-01-01 00:28:56.265600,0,1,2.0
1970-01-01 00:28:56.269200,0,1,2.0
1970-01-01 00:28:56.344800,0,1,2.0
1970-01-01 00:28:56.406000,0,1,2.0
1970-01-01 00:28:56.409600,0,1,2.0
1970-01-01 00:28:56.413200,0,1,2.0
1970-01-01 00:28:56.416800,0,1,2.0
1970-01-01 00:28:56.420400,0,1,2.0
1970-01-01 00:28:56.424000,0,1,2.0
1970-01-01 00:28:56.427600,1,0,2.0
1970-01-01 00:28:56.431200,1,0,2.0
1970-01-01 00:28:56.434800,0,1,2.0
1970-01-01 00:28:56.438400,0,1,2.0
1970-01-01 00:28:56.496000,0,1,2.0
1970-01-01 00:28:56.499600,0,1,2.0
1970-01-01 00:28:56.503200,0,1,2.0
1970-01-01 00:28:56.506800,0,1,2.0
1970-01-01 00:28:56.510400,0,1,2.0
1970-01-01 00:28:56.514000,1,0,2.0
1970-01-01 00:28:56.524800,1,0,2.0
1970-01-01 00:28:56.582400,1,0,2.0
1970-01-01 00:28:56.604000,1,0,2.0
1970-01-01 00:28:56.607600,1,0,2.0
1970-01-01 00:28:56.611200,1,0,2.0
1970-01-01 00:28:56.614800,1,0,2.0
1970-01-01 00:28:56.618400,1,0,2.0
1970-01-01 00:28:56.622000,1,0,2.0
1970-01-01 00:28:56.625600,0,0,2.0
1970-01-01 00:28:56.629200,0,1,2.0
1970-01-01 00:28:56.697600,0,1,2.0
1970-01-01 00:28:56.701200,0,1,2.0
1970-01-01 00:28:56.719200,1,0,2.0
1970-01-01 00:28:56.726400,0,1,2.0
1970-01-01 00:28:56.730000,0,1,2.0
1970-01-01 00:28:56.740800,0,1,2.0
1970-01-01 00:28:56.744400,0,1,2.0
1970-01-01 00:28:56.748000,0,1,2.0
1970-01-01 00:28:56.751600,0,1,2.0
1970-01-01 00:28:56.755200,0,1,2.0
1970-01-01 00:28:56.784000,1,0,2.0
1970-01-01 00:28:56.787600,1,0,2.0
1970-01-01 00:28:56.791200,1,0,2.0
1970-01-01 00:28:56.794800,1,0,2.0
1970-01-01 00:28:56.827200,1,0,2.0
1970-01-01 00:28:56.830800,1,0,2.0
1970-01-01 00:28:56.834400,1,0,2.0
1970-01-01 00:28:56.838000,1,0,2.0
1970-01-01 00:28:56.841600,1,0,2.0
1970-01-01 00:28:56.856000,1,0,2.0
1970-01-01 00:28:56.910000,0,1,2.0
1970-01-01 00:28:56.920800,0,1,2.0
1970-01-01 00:28:56.931600,1,0,2.0
1970-01-01 00:28:56.935200,1,0,2.0
1970-01-01 00:28:56.938800,1,0,2.0
1970-01-01 00:28:56.942400,1,0,2.0
1970-01-01 00:28:56.960400,1,0,2.0
1970-01-01 00:28:57.014400,1,0,2.0
1970-01-01 00:28:57.028800,0,1,2.0
1970-01-01 00:28:57.036000,1,0,2.0
1970-01-01 00:28:57.079200,1,0,2.0
1970-01-01 00:28:57.082800,1,0,2.0
1970-01-01 00:28:57.086400,1,0,2.0
1970-01-01 00:28:57.090000,1,0,2.0
1970-01-01 00:28:57.093600,1,0,2.0
1970-01-01 00:28:57.097200,1,0,2.0
1970-01-01 00:28:57.136800,1,0,2.0
1970-01-01 00:28:57.151200,1,0,2.0
1970-01-01 00:28:57.158400,0,1,2.0
1970-01-01 00:28:57.162000,0,1,2.0
1970-01-01 00:28:57.165600,0,1,2.0
1970-01-01 00:28:57.169200,0,1,2.0
1970-01-01 00:28:57.252000,0,1,2.0
1970-01-01 00:28:57.255600,0,1,2.0
1970-01-01 00:28:57.259200,0,1,2.0
1970-01-01 00:28:57.262800,0,1,2.0
1970-01-01 00:28:57.266400,0,1,2.0
1970-01-01 00:28:57.270000,0,1,2.0
1970-01-01 00:28:57.280800,1,0,2.0
1970-01-01 00:28:57.284400,1,0,2.0
1970-01-01 00:28:57.288000,1,0,2.0
1970-01-01 00:28:57.306000,0,1,2.0
1970-01-01 00:28:57.309600,0,1,2.0
1970-01-01 00:28:57.313200,0,1,2.0
1970-01-01 00:28:57.316800,0,1,2.0
1970-01-01 00:28:57.320400,0,1,2.0
1970-01-01 00:28:57.331200,1,0,2.0
1970-01-01 00:28:57.334800,1,0,2.0
1970-01-01 00:28:57.370800,0,1,2.0
1970-01-01 00:28:57.388800,0,1,2.0
1970-01-01 00:28:57.435600,1,0,2.0
1970-01-01 00:28:57.439200,1,0,2.0
1970-01-01 00:28:57.442800,1,0,2.0
1970-01-01 00:28:57.446400,1,0,2.0
1970-01-01 00:28:57.450000,1,0,2.0
1970-01-01 00:28:57.453600,1,0,2.0
1970-01-01 00:28:57.547200,0,1,2.0
1970-01-01 00:28:57.586800,0,1,2.0
1970-01-01 00:28:57.684000,1,0,2.0
1970-01-01 00:28:57.738000,0,1,2.0
1970-01-01 00:28:57.741600,0,1,2.0
1970-01-01 00:28:57.745200,0,1,2.0
1970-01-01 00:28:57.763200,1,0,2.0
1970-01-01 00:28:57.795600,1,0,2.0
1970-01-01 00:28:57.799200,1,0,2.0
1970-01-01 00:28:57.813600,1,0,2.0
1970-01-01 00:28:57.903600,0,1,2.0
1970-01-01 00:28:57.907200,0,1,2.0
1970-01-01 00:28:57.910800,0,1,2.0
1970-01-01 00:28:57.914400,0,1,2.0
1970-01-01 00:28:57.918000,0,1,2.0
1970-01-01 00:28:57.921600,0,1,2.0
1970-01-01 00:28:57.925200,0,1,2.0
1970-01-01 00:28:57.928800,0,1,2.0
1970-01-01 00:28:57.932400,0,1,2.0
1970-01-01 00:28:57.936000,0,1,2.0
1970-01-01 00:28:57.939600,0,1,2.0
1970-01-01 00:28:57.943200,0,1,2.0
1970-01-01 00:28:57.946800,0,1,2.0
1970-01-01 00:28:57.950400,0,1,2.0
1970-01-01 00:28:57.954000,0,1,2.0
1970-01-01 00:28:57.964800,1,0,2.0
1970-01-01 00:28:57.972000,1,0,2.0
1970-01-01 00:28:57.975600,1,0,2.0
1970-01-01 00:28:58.069200,0,1,2.0
1970-01-01 00:28:58.072800,0,1,2.0
1970-01-01 00:28:58.076400,0,1,2.0
1970-01-01 00:28:58.080000,0,1,2.0
1970-01-01 00:28:58.083600,0,1,2.0
1970-01-01 00:28:58.090800,0,1,2.0
1970-01-01 00:28:58.098000,1,0,2.0
1970-01-01 00:28:58.306800,1,0,2.0
1970-01-01 00:28:58.310400,1,0,2.0
1970-01-01 00:28:58.314000,1,0,2.0
1970-01-01 00:28:58.317600,1,0,2.0
1970-01-01 00:28:58.321200,1,0,2.0
1970-01-01 00:28:58.328400,0,1,2.0
1970-01-01 00:28:58.335600,0,1,2.0
1970-01-01 00:28:58.339200,0,1,2.0
1970-01-01 00:28:58.411200,0,1,2.0
1970-01-01 00:28:58.414800,0,1,2.0
1970-01-01 00:28:58.418400,0,1,2.0
1970-01-01 00:28:58.422000,0,1,2.0
1970-01-01 00:28:58.425600,0,1,2.0
1970-01-01 00:28:58.429200,0,1,2.0
1970-01-01 00:28:58.432800,0,1,2.0
1970-01-01 00:28:58.436400,0,1,2.0
1970-01-01 00:28:58.443600,0,1,2.0
1970-01-01 00:28:58.447200,0,1,2.0
1970-01-01 00:28:58.450800,0,1,2.0
1970-01-01 00:28:58.454400,0,1,2.0
1970-01-01 00:28:58.458000,0,1,2.0
1970-01-01 00:28:58.472400,0,1,2.0
1970-01-01 00:28:58.476000,0,1,2.0
1970-01-01 00:28:58.483200,0,1,2.0
1970-01-01 00:28:58.486800,0,1,2.0
1970-01-01 00:28:58.490400,0,1,2.0
1970-01-01 00:28:58.494000,0,1,2.0
1970-01-01 00:28:58.497600,0,1,2.0
1970-01-01 00:28:58.501200,0,1,2.0
1970-01-01 00:28:58.504800,0,1,2.0
1970-01-01 00:28:58.508400,0,1,2.0
1970-01-01 00:28:58.512000,0,1,2.0
1970-01-01 00:28:58.522800,0,1,2.0
1970-01-01 00:28:58.526400,0,1,2.0
1970-01-01 00:28:58.530000,0,1,2.0
1970-01-01 00:28:58.533600,0,1,2.0
1970-01-01 00:28:58.537200,0,1,2.0
1970-01-01 00:28:58.540800,0,1,2.0
1970-01-01 00:28:58.555200,1,0,2.0
1970-01-01 00:28:58.587600,1,0,2.0
1970-01-01 00:28:58.623600,0,1,2.0
1970-01-01 00:28:58.627200,0,1,2.0
1970-01-01 00:28:58.630800,0,1,2.0
1970-01-01 00:28:58.634400,0,1,2.0
1970-01-01 00:28:58.638000,0,1,2.0
1970-01-01 00:28:58.641600,0,1,2.0
1970-01-01 00:28:58.753200,0,1,2.0
1970-01-01 00:28:58.756800,0,1,2.0
1970-01-01 00:28:58.760400,0,1,2.0
1970-01-01 00:28:58.764000,0,1,2.0
1970-01-01 00:28:58.767600,0,1,2.0
1970-01-01 00:28:58.832400,0,1,2.0
1970-01-01 00:28:58.836000,0,1,2.0
1970-01-01 00:28:58.839600,0,1,2.0
1970-01-01 00:28:58.843200,0,1,2.0
1970-01-01 00:28:58.846800,0,1,2.0
1970-01-01 00:28:58.850400,0,1,2.0
1970-01-01 00:28:58.911600,1,0,2.0
1970-01-01 00:28:58.915200,1,0,2.0
1970-01-01 00:28:58.933200,0,1,2.0
1970-01-01 00:28:58.936800,0,1,2.0
1970-01-01 00:28:58.940400,0,1,2.0
1970-01-01 00:28:58.944000,0,1,2.0
1970-01-01 00:28:58.947600,0,1,2.0
1970-01-01 00:28:58.951200,0,1,2.0
1970-01-01 00:28:58.954800,0,1,2.0
1970-01-01 00:28:59.048400,1,0,2.0
1970-01-01 00:28:59.052000,1,0,2.0
1970-01-01 00:28:59.055600,1,0,2.0
1970-01-01 00:28:59.059200,1,0,2.0
1970-01-01 00:28:59.066400,1,0,2.0
1970-01-01 00:28:59.084400,0,1,2.0
1970-01-01 00:28:59.088000,0,1,2.0
1970-01-01 00:28:59.091600,0,1,2.0
1970-01-01 00:28:59.095200,0,1,2.0
1970-01-01 00:28:59.113200,0,1,2.0
1970-01-01 00:28:59.116800,0,1,2.0
1970-01-01 00:28:59.120400,0,1,2.0
1970-01-01 00:28:59.124000,0,1,2.0
1970-01-01 00:28:59.127600,0,1,2.0
1970-01-01 00:28:59.131200,0,1,2.0
1970-01-01 00:28:59.134800,1,0,2.0
1970-01-01 00:28:59.224800,1,0,2.0
1970-01-01 00:28:59.228400,1,0,2.0
1970-01-01 00:28:59.232000,1,0,2.0
1970-01-01 00:28:59.235600,1,0,2.0
1970-01-01 00:28:59.239200,1,0,2.0
1970-01-01 00:28:59.242800,1,0,2.0
1970-01-01 00:28:59.246400,1,0,2.0
1970-01-01 00:28:59.257200,0,1,2.0
1970-01-01 00:28:59.260800,0,1,2.0
1970-01-01 00:28:59.264400,0,1,2.0
1970-01-01 00:28:59.268000,0,1,2.0
1970-01-01 00:28:59.271600,0,1,2.0
1970-01-01 00:28:59.275200,0,1,2.0
1970-01-01 00:28:59.282400,0,1,2.0
1970-01-01 00:28:59.286000,0,1,2.0
1970-01-01 00:28:59.361600,0,0,2.0
1970-01-01 00:28:59.365200,1,0,2.0
1970-01-01 00:28:59.368800,1,0,2.0
1970-01-01 00:28:59.372400,1,0,2.0
1970-01-01 00:28:59.462400,1,0,2.0
1970-01-01 00:28:59.466000,1,0,2.0
1970-01-01 00:28:59.469600,1,0,2.0
1970-01-01 00:28:59.473200,1,0,2.0
1970-01-01 00:28:59.476800,1,0,2.0
1970-01-01 00:28:59.502000,1,0,2.0
1970-01-01 00:28:59.505600,1,0,2.0
1970-01-01 00:28:59.509200,1,0,2.0
1970-01-01 00:28:59.512800,1,0,2.0
1970-01-01 00:28:59.516400,1,0,2.0
1970-01-01 00:28:59.520000,1,0,2.0
1970-01-01 00:28:59.530800,1,0,2.0
1970-01-01 00:28:59.534400,1,0,2.0
1970-01-01 00:28:59.538000,1,0,2.0
1970-01-01 00:28:59.541600,1,0,2.0
1970-01-01 00:28:59.545200,1,0,2.0
1970-01-01 00:28:59.552400,0,1,2.0
1970-01-01 00:28:59.570400,1,0,2.0
1970-01-01 00:28:59.703600,0,1,2.0
1970-01-01 00:28:59.754000,0,1,2.0
1970-01-01 00:28:59.757600,0,1,2.0
1970-01-01 00:28:59.761200,0,1,2.0
1970-01-01 00:28:59.786400,0,0,2.0
1970-01-01 00:28:59.793600,0,1,2.0
1970-01-01 00:28:59.797200,0,1,2.0
1970-01-01 00:28:59.800800,0,1,2.0
1970-01-01 00:28:59.836800,0,1,2.0
1970-01-01 00:28:59.840400,0,1,2.0
1970-01-01 00:28:59.844000,0,1,2.0
1970-01-01 00:28:59.847600,0,1,2.0
1970-01-01 00:28:59.851200,0,1,2.0
1970-01-01 00:28:59.872800,0,1,2.0
1970-01-01 00:28:59.876400,0,1,2.0
1970-01-01 00:28:59.880000,0,1,2.0
1970-01-01 00:28:59.883600,0,1,2.0
1970-01-01 00:28:59.887200,0,1,2.0
1970-01-01 00:28:59.988000,1,0,2.0
1970-01-01 00:28:59.995200,1,0,2.0
1970-01-01 00:29:00.121200,1,0,2.0
1970-01-01 00:29:00.124800,1,0,2.0
1970-01-01 00:29:00.132000,0,0,2.0
1970-01-01 00:29:00.142800,0,1,2.0
1970-01-01 00:29:00.146400,0,1,2.0
1970-01-01 00:29:00.150000,0,1,2.0
1970-01-01 00:29:00.153600,0,1,2.0
1970-01-01 00:29:00.157200,0,1,2.0
1970-01-01 00:29:00.160800,0,1,2.0
1970-01-01 00:29:00.229200,1,0,2.0
1970-01-01 00:29:00.294000,0,1,2.0
1970-01-01 00:29:00.297600,0,1,2.0
1970-01-01 00:29:00.301200,0,1,2.0
1970-01-01 00:29:00.304800,0,1,2.0
1970-01-01 00:29:00.308400,0,1,2.0
1970-01-01 00:29:00.315600,0,1,2.0
1970-01-01 00:29:00.340800,0,1,2.0
1970-01-01 00:29:00.344400,0,1,2.0
1970-01-01 00:29:00.348000,0,1,2.0
1970-01-01 00:29:00.351600,0,1,2.0
1970-01-01 00:29:00.355200,0,1,2.0
1970-01-01 00:29:00.358800,0,1,2.0
1970-01-01 00:29:00.362400,0,1,2.0
1970-01-01 00:29:00.402000,0,1,2.0
1970-01-01 00:29:00.412800,0,1,2.0
1970-01-01 00:29:00.416400,0,1,2.0
1970-01-01 00:29:00.420000,0,1,2.0
1970-01-01 00:29:00.423600,0,1,2.0
1970-01-01 00:29:00.427200,0,1,2.0
1970-01-01 00:29:00.430800,0,1,2.0
1970-01-01 00:29:00.560400,0,1,2.0
1970-01-01 00:29:00.564000,0,1,2.0
1970-01-01 00:29:00.567600,0,1,2.0
1970-01-01 00:29:00.571200,0,1,2.0
1970-01-01 00:29:00.578400,0,1,2.0
1970-01-01 00:29:00.582000,0,1,2.0
1970-01-01 00:29:00.585600,0,1,2.0
1970-01-01 00:29:00.668400,0,1,2.0
1970-01-01 00:29:00.675600,0,1,2.0
1970-01-01 00:29:00.679200,0,1,2.0
1970-01-01 00:29:00.682800,0,1,2.0
1970-01-01 00:29:00.686400,0,1,2.0
1970-01-01 00:29:00.690000,0,1,2.0
1970-01-01 00:29:00.693600,0,1,2.0
1970-01-01 00:29:00.697200,0,1,2.0
1970-01-01 00:29:00.700800,0,1,2.0
1970-01-01 00:29:00.704400,0,1,2.0
1970-01-01 00:29:00.736800,1,0,2.0
1970-01-01 00:29:00.740400,1,0,2.0
1970-01-01 00:29:00.744000,1,0,2.0
1970-01-01 00:29:00.747600,1,0,2.0
1970-01-01 00:29:00.780000,1,0,2.0
1970-01-01 00:29:00.787200,1,0,2.0
1970-01-01 00:29:00.920400,1,0,2.0
1970-01-01 00:29:00.924000,1,0,2.0
1970-01-01 00:29:00.927600,1,0,2.0
1970-01-01 00:29:00.938400,1,0,2.0
1970-01-01 00:29:00.960000,0,1,2.0
1970-01-01 00:29:01.003200,0,1,2.0
1970-01-01 00:29:01.006800,0,1,2.0
1970-01-01 00:29:01.010400,0,1,2.0
1970-01-01 00:29:01.014000,0,1,2.0
1970-01-01 00:29:01.017600,0,1,2.0
1970-01-01 00:29:01.021200,0,1,2.0
1970-01-01 00:29:01.024800,0,1,2.0
1970-01-01 00:29:01.093200,1,0,2.0
1970-01-01 00:29:01.104000,1,0,2.0
1970-01-01 00:29:01.212000,1,0,2.0
1970-01-01 00:29:01.215600,1,0,2.0
1970-01-01 00:29:01.219200,1,0,2.0
1970-01-01 00:29:01.222800,1,0,2.0
1970-01-01 00:29:01.226400,1,0,2.0
1970-01-01 00:29:01.230000,1,0,2.0
1970-01-01 00:29:01.237200,0,1,2.0
1970-01-01 00:29:01.255200,0,1,2.0
1970-01-01 00:29:01.258800,0,1,2.0
1970-01-01 00:29:01.284000,0,1,2.0
1970-01-01 00:29:01.287600,0,1,2.0
1970-01-01 00:29:01.291200,0,1,2.0
1970-01-01 00:29:01.294800,0,1,2.0
1970-01-01 00:29:01.298400,0,1,2.0
1970-01-01 00:29:01.302000,0,1,2.0
1970-01-01 00:29:01.305600,1,0,2.0
1970-01-01 00:29:01.370400,0,1,2.0
1970-01-01 00:29:01.492800,0,1,2.0
1970-01-01 00:29:01.496400,0,1,2.0
1970-01-01 00:29:01.500000,0,1,2.0
1970-01-01 00:29:01.503600,0,1,2.0
1970-01-01 00:29:01.507200,0,1,2.0
1970-01-01 00:29:01.510800,0,1,2.0
1970-01-01 00:29:01.514400,0,1,2.0
1970-01-01 00:29:01.518000,0,1,2.0
1970-01-01 00:29:01.521600,0,1,2.0
1970-01-01 00:29:01.525200,0,1,2.0
1970-01-01 00:29:01.528800,0,1,2.0
1970-01-01 00:29:01.532400,0,1,2.0
1970-01-01 00:29:01.597200,0,1,2.0
1970-01-01 00:29:01.600800,0,1,2.0
1970-01-01 00:29:01.604400,0,1,2.0
1970-01-01 00:29:01.608000,0,1,2.0
1970-01-01 00:29:01.611600,0,1,2.0
1970-01-01 00:29:01.615200,0,1,2.0
1970-01-01 00:29:01.618800,0,1,2.0
1970-01-01 00:29:01.622400,0,1,2.0
1970-01-01 00:29:01.694400,1,0,2.0
1970-01-01 00:29:01.698000,1,0,2.0
1970-01-01 00:29:01.701600,1,0,2.0
1970-01-01 00:29:01.759200,1,0,2.0
1970-01-01 00:29:01.762800,1,0,2.0
1970-01-01 00:29:01.780800,0,1,2.0
1970-01-01 00:29:01.856400,0,1,2.0
1970-01-01 00:29:01.860000,0,1,2.0
1970-01-01 00:29:01.863600,0,1,2.0
1970-01-01 00:29:01.867200,0,1,2.0
1970-01-01 00:29:01.942800,1,0,2.0
1970-01-01 00:29:01.946400,1,0,2.0
1970-01-01 00:29:01.950000,1,0,2.0
1970-01-01 00:29:01.953600,1,0,2.0
1970-01-01 00:29:02.022000,1,0,2.0
1970-01-01 00:29:02.025600,1,0,2.0
1970-01-01 00:29:02.097600,0,1,2.0
1970-01-01 00:29:02.101200,0,1,2.0
1970-01-01 00:29:02.104800,0,1,2.0
1970-01-01 00:29:02.108400,0,1,2.0
1970-01-01 00:29:02.112000,0,1,2.0
1970-01-01 00:29:02.115600,0,1,2.0
1970-01-01 00:29:02.119200,0,1,2.0
1970-01-01 00:29:02.130000,1,0,2.0
1970-01-01 00:29:02.162400,1,0,2.0
1970-01-01 00:29:02.212800,1,0,2.0
1970-01-01 00:29:02.216400,1,0,2.0
1970-01-01 00:29:02.220000,1,0,2.0
1970-01-01 00:29:02.234400,0,1,2.0
1970-01-01 00:29:02.238000,0,1,2.0
1970-01-01 00:29:02.241600,0,1,2.0
1970-01-01 00:29:02.245200,0,1,2.0
1970-01-01 00:29:02.248800,0,1,2.0
1970-01-01 00:29:02.252400,0,1,2.0
1970-01-01 00:29:02.256000,0,1,2.0
1970-01-01 00:29:02.281200,0,1,2.0
1970-01-01 00:29:02.284800,0,1,2.0
1970-01-01 00:29:02.317200,1,0,2.0
1970-01-01 00:29:02.367600,1,0,2.0
1970-01-01 00:29:02.371200,1,0,2.0
1970-01-01 00:29:02.374800,1,0,2.0
1970-01-01 00:29:02.378400,1,0,2.0
1970-01-01 00:29:02.385600,1,0,2.0
1970-01-01 00:29:02.400000,1,0,2.0
1970-01-01 00:29:02.403600,1,0,2.0
1970-01-01 00:29:02.457600,0,1,2.0
1970-01-01 00:29:02.461200,0,1,2.0
1970-01-01 00:29:02.464800,0,1,2.0
1970-01-01 00:29:02.468400,0,1,2.0
1970-01-01 00:29:02.472000,0,1,2.0
1970-01-01 00:29:02.475600,0,1,2.0
1970-01-01 00:29:02.479200,0,1,2.0
1970-01-01 00:29:02.536800,0,1,2.0
1970-01-01 00:29:02.569200,1,0,2.0
1970-01-01 00:29:02.666400,0,1,2.0
1970-01-01 00:29:02.688000,1,0,2.0
1970-01-01 00:29:02.702400,1,0,2.0
1970-01-01 00:29:02.706000,1,0,2.0
1970-01-01 00:29:02.763600,1,0,2.0
1970-01-01 00:29:02.767200,1,0,2.0
1970-01-01 00:29:02.774400,1,0,2.0
1970-01-01 00:29:02.778000,1,0,2.0
1970-01-01 00:29:02.781600,1,0,2.0
1970-01-01 00:29:02.803200,1,0,2.0
1970-01-01 00:29:02.806800,1,0,2.0
1970-01-01 00:29:02.810400,1,0,2.0
1970-01-01 00:29:02.814000,1,0,2.0
1970-01-01 00:29:02.817600,1,0,2.0
1970-01-01 00:29:02.821200,1,0,2.0
1970-01-01 00:29:02.824800,1,0,2.0
1970-01-01 00:29:02.832000,1,0,2.0
1970-01-01 00:29:02.889600,1,0,2.0
1970-01-01 00:29:02.893200,1,0,2.0
1970-01-01 00:29:02.900400,1,0,2.0
1970-01-01 00:29:02.904000,1,0,2.0
1970-01-01 00:29:02.954400,1,0,2.0
1970-01-01 00:29:02.958000,1,0,2.0
1970-01-01 00:29:02.961600,1,0,2.0
1970-01-01 00:29:02.965200,1,0,2.0
1970-01-01 00:29:02.968800,1,0,2.0
1970-01-01 00:29:02.979600,0,1,2.0
1970-01-01 00:29:02.983200,0,1,2.0
1970-01-01 00:29:02.986800,0,1,2.0
1970-01-01 00:29:02.990400,0,1,2.0
1970-01-01 00:29:03.112800,0,1,2.0
1970-01-01 00:29:03.116400,0,1,2.0
1970-01-01 00:29:03.120000,0,1,2.0
1970-01-01 00:29:03.123600,0,1,2.0
1970-01-01 00:29:03.127200,0,1,2.0
1970-01-01 00:29:03.130800,0,1,2.0
1970-01-01 00:29:03.210000,0,1,2.0
1970-01-01 00:29:03.217200,0,1,2.0
1970-01-01 00:29:03.220800,0,1,2.0
1970-01-01 00:29:03.224400,0,1,2.0
1970-01-01 00:29:03.228000,0,1,2.0
1970-01-01 00:29:03.350400,1,0,2.0
1970-01-01 00:29:03.357600,0,1,2.0
1970-01-01 00:29:03.361200,0,1,2.0
1970-01-01 00:29:03.364800,0,1,2.0
1970-01-01 00:29:03.472800,1,0,2.0
1970-01-01 00:29:03.476400,1,0,2.0
1970-01-01 00:29:03.480000,1,0,2.0
1970-01-01 00:29:03.483600,1,0,2.0
1970-01-01 00:29:03.487200,1,0,2.0
1970-01-01 00:29:03.490800,1,0,2.0
1970-01-01 00:29:03.505200,1,0,2.0
1970-01-01 00:29:03.548400,0,1,2.0
1970-01-01 00:29:03.573600,1,0,2.0
1970-01-01 00:29:03.584400,1,0,2.0
1970-01-01 00:29:03.588000,1,0,2.0
1970-01-01 00:29:03.591600,1,0,2.0
1970-01-01 00:29:03.606000,0,1,2.0
1970-01-01 00:29:03.609600,0,1,2.0
1970-01-01 00:29:03.613200,0,1,2.0
1970-01-01 00:29:03.616800,0,1,2.0
1970-01-01 00:29:03.620400,0,1,2.0
1970-01-01 00:29:03.624000,0,1,2.0
1970-01-01 00:29:03.660000,0,1,2.0
1970-01-01 00:29:03.663600,0,1,2.0
1970-01-01 00:29:03.667200,0,1,2.0
1970-01-01 00:29:03.670800,0,1,2.0
1970-01-01 00:29:03.728400,1,0,2.0
1970-01-01 00:29:03.739200,1,0,2.0
1970-01-01 00:29:03.753600,0,1,2.0
1970-01-01 00:29:03.757200,0,1,2.0
1970-01-01 00:29:03.760800,1,0,2.0
1970-01-01 00:29:03.764400,1,0,2.0
1970-01-01 00:29:03.768000,1,0,2.0
1970-01-01 00:29:03.843600,0,1,2.0
1970-01-01 00:29:03.850800,0,1,2.0
1970-01-01 00:29:03.897600,0,1,2.0
1970-01-01 00:29:03.901200,0,1,2.0
1970-01-01 00:29:03.908400,0,1,2.0
1970-01-01 00:29:03.912000,0,1,2.0
1970-01-01 00:29:03.915600,0,1,2.0
1970-01-01 00:29:03.919200,0,1,2.0
1970-01-01 00:29:03.922800,0,1,2.0
1970-01-01 00:29:03.926400,0,1,2.0
1970-01-01 00:29:03.930000,0,1,2.0
1970-01-01 00:29:03.933600,0,1,2.0
1970-01-01 00:29:03.937200,0,1,2.0
1970-01-01 00:29:03.940800,0,1,2.0
1970-01-01 00:29:03.948000,0,1,2.0
1970-01-01 00:29:03.951600,0,1,2.0
1970-01-01 00:29:03.955200,0,1,2.0
1970-01-01 00:29:03.958800,0,1,2.0
1970-01-01 00:29:03.966000,0,1,2.0
1970-01-01 00:29:03.973200,0,1,2.0
1970-01-01 00:29:03.976800,0,1,2.0
1970-01-01 00:29:03.980400,0,1,2.0
1970-01-01 00:29:03.984000,0,1,2.0
1970-01-01 00:29:03.987600,0,1,2.0
1970-01-01 00:29:03.991200,0,1,2.0
1970-01-01 00:29:03.994800,0,1,2.0
1970-01-01 00:29:03.998400,0,1,2.0
1970-01-01 00:29:04.002000,0,1,2.0
1970-01-01 00:29:04.005600,1,0,2.0
1970-01-01 00:29:04.009200,1,0,2.0
1970-01-01 00:29:04.012800,1,0,2.0
1970-01-01 00:29:04.016400,1,0,2.0
1970-01-01 00:29:04.020000,1,0,2.0
1970-01-01 00:29:04.023600,1,0,2.0
1970-01-01 00:29:04.092000,1,0,2.0
1970-01-01 00:29:04.106400,0,0,2.0
1970-01-01 00:29:04.110000,0,1,2.0
1970-01-01 00:29:04.113600,0,1,2.0
1970-01-01 00:29:04.117200,0,1,2.0
1970-01-01 00:29:04.120800,0,1,2.0
1970-01-01 00:29:04.124400,0,1,2.0
1970-01-01 00:29:04.164000,1,0,2.0
1970-01-01 00:29:04.167600,1,0,2.0
1970-01-01 00:29:04.196400,1,0,2.0
1970-01-01 00:29:04.200000,1,0,2.0
1970-01-01 00:29:04.203600,1,0,2.0
1970-01-01 00:29:04.207200,1,0,2.0
1970-01-01 00:29:04.210800,1,0,2.0
1970-01-01 00:29:04.214400,1,0,2.0
1970-01-01 00:29:04.232400,0,1,2.0
1970-01-01 00:29:04.275600,0,1,2.0
1970-01-01 00:29:04.279200,0,1,2.0
1970-01-01 00:29:04.282800,0,1,2.0
1970-01-01 00:29:04.286400,0,1,2.0
1970-01-01 00:29:04.290000,0,1,2.0
1970-01-01 00:29:04.293600,0,1,2.0
1970-01-01 00:29:04.297200,1,0,2.0
1970-01-01 00:29:04.416000,1,0,2.0
1970-01-01 00:29:04.419600,1,0,2.0
1970-01-01 00:29:04.423200,1,0,2.0
1970-01-01 00:29:04.426800,1,0,2.0
1970-01-01 00:29:04.444800,1,0,2.0
1970-01-01 00:29:04.448400,1,0,2.0
1970-01-01 00:29:04.452000,1,0,2.0
1970-01-01 00:29:04.455600,1,0,2.0
1970-01-01 00:29:04.459200,1,0,2.0
1970-01-01 00:29:04.534800,0,1,2.0
1970-01-01 00:29:04.538400,0,1,2.0
1970-01-01 00:29:04.549200,1,0,2.0
1970-01-01 00:29:04.552800,1,0,2.0
1970-01-01 00:29:04.556400,1,0,2.0
1970-01-01 00:29:04.563600,0,1,2.0
1970-01-01 00:29:04.567200,0,1,2.0
1970-01-01 00:29:04.624800,0,1,2.0
1970-01-01 00:29:04.628400,0,1,2.0
1970-01-01 00:29:04.632000,0,1,2.0
1970-01-01 00:29:04.639200,0,1,2.0
1970-01-01 00:29:04.707600,0,1,2.0
1970-01-01 00:29:04.711200,0,1,2.0
1970-01-01 00:29:04.718400,0,1,2.0
1970-01-01 00:29:04.722000,0,1,2.0
1970-01-01 00:29:04.812000,0,1,2.0
1970-01-01 00:29:04.815600,0,1,2.0
1970-01-01 00:29:04.819200,0,1,2.0
1970-01-01 00:29:04.822800,1,0,2.0
1970-01-01 00:29:04.887600,0,0,2.0
1970-01-01 00:29:04.891200,0,0,2.0
1970-01-01 00:29:04.894800,1,0,2.0
1970-01-01 00:29:04.898400,1,0,2.0
1970-01-01 00:29:04.902000,1,0,2.0
1970-01-01 00:29:04.909200,0,1,2.0
1970-01-01 00:29:04.912800,0,1,2.0
1970-01-01 00:29:04.988400,1,0,2.0
1970-01-01 00:29:05.067600,0,1,2.0
1970-01-01 00:29:05.118000,0,1,2.0
1970-01-01 00:29:05.121600,0,1,2.0
1970-01-01 00:29:05.125200,0,1,2.0
1970-01-01 00:29:05.128800,0,1,2.0
1970-01-01 00:29:05.132400,0,1,2.0
1970-01-01 00:29:05.136000,0,1,2.0
1970-01-01 00:29:05.139600,0,1,2.0
1970-01-01 00:29:05.161200,1,0,2.0
1970-01-01 00:29:05.172000,1,0,2.0
1970-01-01 00:29:05.175600,1,0,2.0
1970-01-01 00:29:05.179200,1,0,2.0
1970-01-01 00:29:05.182800,1,0,2.0
1970-01-01 00:29:05.186400,1,0,2.0
1970-01-01 00:29:05.190000,1,0,2.0
1970-01-01 00:29:05.229600,0,1,2.0
1970-01-01 00:29:05.233200,0,1,2.0
1970-01-01 00:29:05.236800,0,1,2.0
1970-01-01 00:29:05.244000,0,1,2.0
1970-01-01 00:29:05.247600,0,1,2.0
1970-01-01 00:29:05.305200,1,0,2.0
1970-01-01 00:29:05.308800,1,0,2.0
1970-01-01 00:29:05.312400,1,0,2.0
1970-01-01 00:29:05.316000,1,0,2.0
1970-01-01 00:29:05.319600,1,0,2.0
1970-01-01 00:29:05.323200,1,0,2.0
1970-01-01 00:29:05.334000,1,0,2.0
1970-01-01 00:29:05.337600,1,0,2.0
1970-01-01 00:29:05.341200,1,0,2.0
1970-01-01 00:29:05.344800,1,0,2.0
1970-01-01 00:29:05.348400,1,0,2.0
1970-01-01 00:29:05.352000,1,0,2.0
1970-01-01 00:29:05.359200,1,0,2.0
1970-01-01 00:29:05.362800,1,0,2.0
1970-01-01 00:29:05.409600,0,1,2.0
1970-01-01 00:29:05.445600,0,1,2.0
1970-01-01 00:29:05.449200,0,1,2.0
1970-01-01 00:29:05.481600,1,0,2.0
1970-01-01 00:29:05.485200,1,0,2.0
1970-01-01 00:29:05.488800,1,0,2.0
1970-01-01 00:29:05.492400,1,0,2.0
1970-01-01 00:29:05.496000,1,0,2.0
1970-01-01 00:29:05.499600,1,0,2.0
1970-01-01 00:29:05.575200,1,0,2.0
1970-01-01 00:29:05.586000,1,0,2.0
1970-01-01 00:29:05.607600,1,0,2.0
1970-01-01 00:29:05.611200,1,0,2.0
1970-01-01 00:29:05.614800,1,0,2.0
1970-01-01 00:29:05.618400,1,0,2.0
1970-01-01 00:29:05.622000,1,0,2.0
1970-01-01 00:29:05.704800,0,1,2.0
1970-01-01 00:29:05.708400,0,1,2.0
1970-01-01 00:29:05.712000,0,1,2.0
1970-01-01 00:29:05.726400,1,0,2.0
1970-01-01 00:29:05.730000,1,0,2.0
1970-01-01 00:29:05.780400,0,1,2.0
1970-01-01 00:29:05.784000,0,1,2.0
1970-01-01 00:29:05.787600,0,1,2.0
1970-01-01 00:29:05.791200,0,1,2.0
1970-01-01 00:29:05.794800,0,1,2.0
1970-01-01 00:29:05.802000,1,0,2.0
1970-01-01 00:29:05.830800,0,1,2.0
1970-01-01 00:29:05.834400,0,1,2.0
1970-01-01 00:29:05.838000,0,1,2.0
1970-01-01 00:29:05.841600,0,1,2.0
1970-01-01 00:29:05.942400,0,1,2.0
1970-01-01 00:29:05.946000,0,1,2.0
1970-01-01 00:29:05.949600,0,1,2.0
1970-01-01 00:29:05.953200,0,1,2.0
1970-01-01 00:29:06.000000,0,1,2.0
1970-01-01 00:29:06.003600,0,1,2.0
1970-01-01 00:29:06.007200,0,1,2.0
1970-01-01 00:29:06.010800,0,1,2.0
1970-01-01 00:29:06.014400,0,1,2.0
1970-01-01 00:29:06.018000,1,0,2.0
1970-01-01 00:29:06.072000,1,0,2.0
1970-01-01 00:29:06.075600,1,0,2.0
1970-01-01 00:29:06.079200,1,0,2.0
1970-01-01 00:29:06.082800,1,0,2.0
1970-01-01 00:29:06.086400,1,0,2.0
1970-01-01 00:29:06.090000,1,0,2.0
1970-01-01 00:29:06.093600,1,0,2.0
1970-01-01 00:29:06.097200,0,0,2.0
1970-01-01 00:29:06.104400,1,0,2.0
1970-01-01 00:29:06.244800,0,1,2.0
1970-01-01 00:29:06.277200,0,1,2.0
1970-01-01 00:29:06.388800,0,1,2.0
1970-01-01 00:29:06.392400,0,1,2.0
1970-01-01 00:29:06.399600,1,0,2.0
1970-01-01 00:29:06.406800,1,0,2.0
1970-01-01 00:29:06.414000,1,0,2.0
1970-01-01 00:29:06.432000,0,1,2.0
1970-01-01 00:29:06.435600,0,1,2.0
1970-01-01 00:29:06.504000,0,1,2.0
1970-01-01 00:29:06.511200,0,1,2.0
1970-01-01 00:29:06.514800,0,1,2.0
1970-01-01 00:29:06.536400,1,0,2.0
1970-01-01 00:29:06.547200,1,0,2.0
1970-01-01 00:29:06.550800,1,0,2.0
1970-01-01 00:29:06.558000,1,0,2.0
1970-01-01 00:29:06.561600,1,0,2.0
1970-01-01 00:29:06.565200,1,0,2.0
1970-01-01 00:29:06.644400,1,0,2.0
1970-01-01 00:29:06.648000,1,0,2.0
1970-01-01 00:29:06.651600,1,0,2.0
1970-01-01 00:29:06.655200,1,0,2.0
1970-01-01 00:29:06.658800,1,0,2.0
1970-01-01 00:29:06.662400,1,0,2.0
1970-01-01 00:29:06.666000,1,0,2.0
1970-01-01 00:29:06.669600,1,0,2.0
1970-01-01 00:29:06.673200,1,0,2.0
1970-01-01 00:29:06.676800,1,0,2.0
1970-01-01 00:29:06.680400,1,0,2.0
1970-01-01 00:29:06.684000,1,0,2.0
1970-01-01 00:29:06.694800,1,0,2.0
1970-01-01 00:29:06.698400,1,0,2.0
1970-01-01 00:29:06.702000,1,0,2.0
1970-01-01 00:29:06.705600,1,0,2.0
1970-01-01 00:29:06.709200,1,0,2.0
1970-01-01 00:29:06.712800,1,0,2.0
1970-01-01 00:29:06.716400,1,0,2.0
1970-01-01 00:29:06.723600,1,0,2.0
1970-01-01 00:29:06.727200,1,0,2.0
1970-01-01 00:29:06.730800,1,0,2.0
1970-01-01 00:29:06.752400,1,0,2.0
1970-01-01 00:29:06.756000,1,0,2.0
1970-01-01 00:29:06.759600,1,0,2.0
1970-01-01 00:29:06.763200,1,0,2.0
1970-01-01 00:29:06.766800,1,0,2.0
1970-01-01 00:29:06.770400,1,0,2.0
1970-01-01 00:29:06.831600,1,0,2.0
1970-01-01 00:29:06.835200,1,0,2.0
1970-01-01 00:29:06.838800,1,0,2.0
1970-01-01 00:29:06.842400,1,0,2.0
1970-01-01 00:29:06.846000,1,0,2.0
1970-01-01 00:29:06.849600,1,0,2.0
1970-01-01 00:29:06.853200,1,0,2.0
1970-01-01 00:29:06.889200,1,0,2.0
1970-01-01 00:29:06.892800,1,0,2.0
1970-01-01 00:29:06.896400,1,0,2.0
1970-01-01 00:29:06.900000,1,0,2.0
1970-01-01 00:29:06.903600,1,0,2.0
1970-01-01 00:29:06.907200,1,0,2.0
1970-01-01 00:29:06.910800,1,0,2.0
1970-01-01 00:29:06.918000,0,1,2.0
1970-01-01 00:29:06.921600,0,1,2.0
1970-01-01 00:29:07.000800,1,0,2.0
1970-01-01 00:29:07.004400,1,0,2.0
1970-01-01 00:29:07.015200,1,0,2.0
1970-01-01 00:29:07.026000,1,0,2.0
1970-01-01 00:29:07.036800,0,1,2.0
1970-01-01 00:29:07.040400,0,1,2.0
1970-01-01 00:29:07.044000,0,1,2.0
1970-01-01 00:29:07.051200,0,1,2.0
1970-01-01 00:29:07.054800,0,1,2.0
1970-01-01 00:29:07.130400,1,0,2.0
1970-01-01 00:29:07.134000,1,0,2.0
1970-01-01 00:29:07.137600,1,0,2.0
1970-01-01 00:29:07.141200,1,0,2.0
1970-01-01 00:29:07.144800,1,0,2.0
1970-01-01 00:29:07.198800,0,1,2.0
1970-01-01 00:29:07.202400,0,1,2.0
1970-01-01 00:29:07.267200,0,1,2.0
1970-01-01 00:29:07.274400,0,1,2.0
1970-01-01 00:29:07.278000,0,1,2.0
1970-01-01 00:29:07.281600,0,1,2.0
1970-01-01 00:29:07.296000,0,1,2.0
1970-01-01 00:29:07.422000,0,1,2.0
1970-01-01 00:29:07.425600,0,1,2.0
1970-01-01 00:29:07.429200,0,1,2.0
1970-01-01 00:29:07.522800,1,0,2.0
1970-01-01 00:29:07.533600,1,0,2.0
1970-01-01 00:29:07.537200,1,0,2.0
1970-01-01 00:29:07.540800,1,0,2.0
1970-01-01 00:29:07.555200,1,0,2.0
1970-01-01 00:29:07.558800,1,0,2.0
1970-01-01 00:29:07.562400,1,0,2.0
1970-01-01 00:29:07.566000,1,0,2.0
1970-01-01 00:29:07.569600,1,0,2.0
1970-01-01 00:29:07.580400,0,1,2.0
1970-01-01 00:29:07.584000,0,1,2.0
1970-01-01 00:29:07.594800,1,0,2.0
1970-01-01 00:29:07.598400,1,0,2.0
1970-01-01 00:29:07.602000,1,0,2.0
1970-01-01 00:29:07.605600,0,1,2.0
1970-01-01 00:29:07.609200,0,1,2.0
1970-01-01 00:29:07.612800,0,1,2.0
1970-01-01 00:29:07.656000,1,0,2.0
1970-01-01 00:29:07.749600,1,0,2.0
1970-01-01 00:29:07.753200,1,0,2.0
1970-01-01 00:29:07.756800,1,0,2.0
1970-01-01 00:29:07.764000,1,0,2.0
1970-01-01 00:29:07.814400,1,0,2.0
1970-01-01 00:29:07.818000,1,0,2.0
1970-01-01 00:29:07.821600,1,0,2.0
1970-01-01 00:29:07.825200,1,0,2.0
1970-01-01 00:29:07.828800,1,0,2.0
1970-01-01 00:29:07.832400,1,0,2.0
1970-01-01 00:29:07.836000,0,1,2.0
1970-01-01 00:29:07.843200,0,1,2.0
1970-01-01 00:29:07.846800,1,0,2.0
1970-01-01 00:29:07.850400,1,0,2.0
1970-01-01 00:29:07.854000,1,0,2.0
1970-01-01 00:29:07.857600,1,0,2.0
1970-01-01 00:29:07.861200,1,0,2.0
1970-01-01 00:29:07.940400,1,0,2.0
1970-01-01 00:29:07.944000,1,0,2.0
1970-01-01 00:29:07.947600,1,0,2.0
1970-01-01 00:29:07.951200,1,0,2.0
1970-01-01 00:29:07.965600,0,1,2.0
1970-01-01 00:29:07.969200,0,1,2.0
1970-01-01 00:29:07.976400,0,1,2.0
1970-01-01 00:29:07.980000,0,1,2.0
1970-01-01 00:29:07.983600,0,1,2.0
1970-01-01 00:29:07.987200,0,1,2.0
1970-01-01 00:29:07.990800,0,1,2.0
1970-01-01 00:29:07.994400,0,1,2.0
1970-01-01 00:29:08.019600,0,1,2.0
1970-01-01 00:29:08.109600,0,1,2.0
1970-01-01 00:29:08.113200,0,1,2.0
1970-01-01 00:29:08.116800,0,1,2.0
1970-01-01 00:29:08.120400,0,1,2.0
1970-01-01 00:29:08.124000,0,1,2.0
1970-01-01 00:29:08.142000,0,1,2.0
1970-01-01 00:29:08.145600,0,1,2.0
1970-01-01 00:29:08.149200,0,1,2.0
1970-01-01 00:29:08.152800,0,1,2.0
1970-01-01 00:29:08.188800,1,0,2.0
1970-01-01 00:29:08.192400,1,0,2.0
1970-01-01 00:29:08.196000,1,0,2.0
1970-01-01 00:29:08.199600,1,0,2.0
1970-01-01 00:29:08.203200,1,0,2.0
1970-01-01 00:29:08.206800,1,0,2.0
1970-01-01 00:29:08.242800,0,1,2.0
1970-01-01 00:29:08.390400,0,1,2.0
1970-01-01 00:29:08.426400,0,1,2.0
1970-01-01 00:29:08.430000,0,1,2.0
1970-01-01 00:29:08.433600,0,1,2.0
1970-01-01 00:29:08.455200,1,0,2.0
1970-01-01 00:29:08.458800,1,0,2.0
1970-01-01 00:29:08.462400,1,0,2.0
1970-01-01 00:29:08.466000,1,0,2.0
1970-01-01 00:29:08.469600,1,0,2.0
1970-01-01 00:29:08.473200,1,0,2.0
1970-01-01 00:29:08.509200,0,1,2.0
1970-01-01 00:29:08.512800,0,1,2.0
1970-01-01 00:29:08.516400,0,1,2.0
1970-01-01 00:29:08.523600,0,1,2.0
1970-01-01 00:29:08.527200,0,1,2.0
1970-01-01 00:29:08.538000,0,1,2.0
1970-01-01 00:29:08.541600,0,1,2.0
1970-01-01 00:29:08.545200,0,1,2.0
1970-01-01 00:29:08.548800,0,1,2.0
1970-01-01 00:29:08.552400,0,1,2.0
1970-01-01 00:29:08.556000,0,1,2.0
1970-01-01 00:29:08.559600,0,1,2.0
1970-01-01 00:29:08.599200,0,1,2.0
1970-01-01 00:29:08.602800,0,1,2.0
1970-01-01 00:29:08.606400,0,1,2.0
1970-01-01 00:29:08.613600,0,1,2.0
1970-01-01 00:29:08.617200,0,1,2.0
1970-01-01 00:29:08.628000,0,1,2.0
1970-01-01 00:29:08.631600,0,1,2.0
1970-01-01 00:29:08.635200,0,1,2.0
1970-01-01 00:29:08.638800,0,1,2.0
1970-01-01 00:29:08.725200,0,1,2.0
1970-01-01 00:29:08.768400,1,0,2.0
1970-01-01 00:29:08.772000,1,0,2.0
1970-01-01 00:29:08.779200,1,0,2.0
1970-01-01 00:29:08.887200,1,0,2.0
1970-01-01 00:29:08.890800,1,0,2.0
1970-01-01 00:29:08.894400,1,0,2.0
1970-01-01 00:29:08.898000,1,0,2.0
1970-01-01 00:29:08.901600,1,0,2.0
1970-01-01 00:29:08.962800,0,1,2.0
1970-01-01 00:29:08.970000,0,1,2.0
1970-01-01 00:29:08.977200,0,1,2.0
1970-01-01 00:29:09.027600,0,1,2.0
1970-01-01 00:29:09.031200,0,1,2.0
1970-01-01 00:29:09.045600,0,1,2.0
1970-01-01 00:29:09.049200,0,1,2.0
1970-01-01 00:29:09.052800,0,1,2.0
1970-01-01 00:29:09.121200,0,1,2.0
1970-01-01 00:29:09.124800,0,1,2.0
1970-01-01 00:29:09.128400,0,1,2.0
1970-01-01 00:29:09.132000,0,1,2.0
1970-01-01 00:29:09.135600,0,1,2.0
1970-01-01 00:29:09.139200,0,1,2.0
1970-01-01 00:29:09.142800,0,1,2.0
1970-01-01 00:29:09.146400,0,1,2.0
1970-01-01 00:29:09.196800,1,0,2.0
1970-01-01 00:29:09.200400,1,0,2.0
1970-01-01 00:29:09.204000,1,0,2.0
1970-01-01 00:29:09.207600,1,0,2.0
1970-01-01 00:29:09.211200,1,0,2.0
1970-01-01 00:29:09.258000,1,0,2.0
1970-01-01 00:29:09.268800,1,0,2.0
1970-01-01 00:29:09.294000,0,1,2.0
1970-01-01 00:29:09.297600,0,1,2.0
1970-01-01 00:29:09.301200,0,1,2.0
1970-01-01 00:29:09.304800,0,1,2.0
1970-01-01 00:29:09.308400,0,1,2.0
1970-01-01 00:29:09.376800,1,0,2.0
1970-01-01 00:29:09.387600,1,0,2.0
1970-01-01 00:29:09.409200,0,1,2.0
1970-01-01 00:29:09.412800,0,1,2.0
1970-01-01 00:29:09.416400,0,1,2.0
1970-01-01 00:29:09.423600,0,1,2.0
1970-01-01 00:29:09.441600,1,0,2.0
1970-01-01 00:29:09.445200,1,0,2.0
1970-01-01 00:29:09.448800,1,0,2.0
1970-01-01 00:29:09.452400,1,0,2.0
1970-01-01 00:29:09.456000,1,0,2.0
1970-01-01 00:29:09.474000,1,0,2.0
1970-01-01 00:29:09.481200,1,0,2.0
1970-01-01 00:29:09.484800,1,0,2.0
1970-01-01 00:29:09.488400,1,0,2.0
1970-01-01 00:29:09.492000,1,0,2.0
1970-01-01 00:29:09.495600,1,0,2.0
1970-01-01 00:29:09.499200,1,0,2.0
1970-01-01 00:29:09.535200,1,0,2.0
1970-01-01 00:29:09.538800,1,0,2.0
1970-01-01 00:29:09.542400,1,0,2.0
1970-01-01 00:29:09.549600,1,0,2.0
1970-01-01 00:29:09.556800,0,1,2.0
1970-01-01 00:29:09.574800,1,0,2.0
1970-01-01 00:29:09.603600,1,0,2.0
1970-01-01 00:29:09.607200,1,0,2.0
1970-01-01 00:29:09.618000,1,0,2.0
1970-01-01 00:29:09.650400,0,1,2.0
1970-01-01 00:29:09.654000,0,1,2.0
1970-01-01 00:29:09.657600,0,1,2.0
1970-01-01 00:29:09.736800,0,1,2.0
1970-01-01 00:29:09.744000,0,1,2.0
1970-01-01 00:29:09.747600,0,1,2.0
1970-01-01 00:29:09.751200,0,1,2.0
1970-01-01 00:29:09.754800,0,1,2.0
1970-01-01 00:29:09.758400,0,1,2.0
1970-01-01 00:29:09.762000,0,1,2.0
1970-01-01 00:29:09.765600,0,1,2.0
1970-01-01 00:29:09.769200,0,1,2.0
1970-01-01 00:29:09.898800,0,1,2.0
1970-01-01 00:29:09.902400,0,1,2.0
1970-01-01 00:29:09.906000,0,1,2.0
1970-01-01 00:29:09.909600,0,1,2.0
1970-01-01 00:29:09.916800,1,0,2.0
1970-01-01 00:29:09.956400,0,1,2.0
1970-01-01 00:29:09.960000,0,1,2.0
1970-01-01 00:29:09.963600,0,1,2.0
1970-01-01 00:29:09.978000,1,0,2.0
1970-01-01 00:29:09.985200,1,0,2.0
1970-01-01 00:29:09.992400,0,1,2.0
1970-01-01 00:29:09.996000,0,1,2.0
1970-01-01 00:29:09.999600,0,1,2.0
1970-01-01 00:29:10.003200,0,1,2.0
1970-01-01 00:29:10.006800,0,1,2.0
1970-01-01 00:29:10.017600,1,0,2.0
1970-01-01 00:29:10.075200,1,0,2.0
1970-01-01 00:29:10.089600,0,1,2.0
1970-01-01 00:29:10.093200,0,1,2.0
1970-01-01 00:29:10.096800,0,1,2.0
1970-01-01 00:29:10.100400,0,1,2.0
1970-01-01 00:29:10.104000,0,1,2.0
1970-01-01 00:29:10.107600,0,1,2.0
1970-01-01 00:29:10.154400,0,1,2.0
1970-01-01 00:29:10.158000,0,1,2.0
1970-01-01 00:29:10.161600,0,1,2.0
1970-01-01 00:29:10.165200,0,1,2.0
1970-01-01 00:29:10.168800,0,1,2.0
1970-01-01 00:29:10.176000,1,0,2.0
1970-01-01 00:29:10.219200,0,1,2.0
1970-01-01 00:29:10.222800,0,1,2.0
1970-01-01 00:29:10.230000,0,1,2.0
1970-01-01 00:29:10.233600,0,1,2.0
1970-01-01 00:29:10.237200,0,1,2.0
1970-01-01 00:29:10.269600,1,0,2.0
1970-01-01 00:29:10.348800,1,0,2.0
1970-01-01 00:29:10.370400,0,1,2.0
1970-01-01 00:29:10.374000,0,1,2.0
1970-01-01 00:29:10.377600,0,1,2.0
1970-01-01 00:29:10.381200,0,1,2.0
1970-01-01 00:29:10.392000,1,0,2.0
1970-01-01 00:29:10.399200,1,0,2.0
1970-01-01 00:29:10.406400,0,1,2.0
1970-01-01 00:29:10.410000,0,1,2.0
1970-01-01 00:29:10.413600,0,1,2.0
1970-01-01 00:29:10.417200,0,1,2.0
1970-01-01 00:29:10.420800,0,1,2.0
1970-01-01 00:29:10.424400,0,1,2.0
1970-01-01 00:29:10.428000,0,1,2.0
1970-01-01 00:29:10.431600,0,1,2.0
1970-01-01 00:29:10.489200,0,1,2.0
1970-01-01 00:29:10.492800,0,1,2.0
1970-01-01 00:29:10.496400,0,1,2.0
1970-01-01 00:29:10.500000,0,1,2.0
1970-01-01 00:29:10.503600,0,1,2.0
1970-01-01 00:29:10.507200,0,1,2.0
1970-01-01 00:29:10.510800,0,1,2.0
1970-01-01 00:29:10.514400,0,1,2.0
1970-01-01 00:29:10.518000,0,1,2.0
1970-01-01 00:29:10.521600,0,1,2.0
1970-01-01 00:29:10.525200,0,1,2.0
1970-01-01 00:29:10.528800,0,1,2.0
1970-01-01 00:29:10.532400,0,1,2.0
1970-01-01 00:29:10.536000,0,1,2.0
1970-01-01 00:29:10.539600,1,0,2.0
1970-01-01 00:29:10.575600,0,1,2.0
1970-01-01 00:29:10.579200,0,1,2.0
1970-01-01 00:29:10.582800,0,1,2.0
1970-01-01 00:29:10.586400,0,1,2.0
1970-01-01 00:29:10.590000,0,1,2.0
1970-01-01 00:29:10.593600,0,1,2.0
1970-01-01 00:29:10.683600,0,1,2.0
1970-01-01 00:29:10.690800,1,0,2.0
1970-01-01 00:29:10.694400,1,0,2.0
1970-01-01 00:29:10.698000,1,0,2.0
1970-01-01 00:29:10.701600,1,0,2.0
1970-01-01 00:29:10.705200,1,0,2.0
1970-01-01 00:29:10.708800,1,0,2.0
1970-01-01 00:29:10.712400,1,0,2.0
1970-01-01 00:29:10.856400,0,1,2.0
1970-01-01 00:29:10.917600,0,1,2.0
1970-01-01 00:29:10.921200,0,1,2.0
1970-01-01 00:29:10.924800,0,1,2.0
1970-01-01 00:29:10.928400,0,1,2.0
1970-01-01 00:29:10.932000,0,1,2.0
1970-01-01 00:29:11.036400,0,1,2.0
1970-01-01 00:29:11.040000,0,1,2.0
1970-01-01 00:29:11.047200,1,0,2.0
1970-01-01 00:29:11.108400,1,0,2.0
1970-01-01 00:29:11.112000,1,0,2.0
1970-01-01 00:29:11.115600,1,0,2.0
1970-01-01 00:29:11.119200,1,0,2.0
1970-01-01 00:29:11.122800,1,0,2.0
1970-01-01 00:29:11.126400,1,0,2.0
1970-01-01 00:29:11.212800,1,0,2.0
1970-01-01 00:29:11.216400,1,0,2.0
1970-01-01 00:29:11.220000,1,0,2.0
1970-01-01 00:29:11.223600,1,0,2.0
1970-01-01 00:29:11.227200,1,0,2.0
1970-01-01 00:29:11.230800,1,0,2.0
1970-01-01 00:29:11.238000,0,1,2.0
1970-01-01 00:29:11.241600,0,1,2.0
1970-01-01 00:29:11.245200,0,1,2.0
1970-01-01 00:29:11.288400,1,0,2.0
1970-01-01 00:29:11.292000,1,0,2.0
1970-01-01 00:29:11.338800,0,1,2.0
1970-01-01 00:29:11.407200,1,0,2.0
1970-01-01 00:29:11.410800,1,0,2.0
1970-01-01 00:29:11.414400,1,0,2.0
1970-01-01 00:29:11.418000,1,0,2.0
1970-01-01 00:29:11.421600,1,0,2.0
1970-01-01 00:29:11.446800,1,0,2.0
1970-01-01 00:29:11.450400,1,0,2.0
1970-01-01 00:29:11.454000,1,0,2.0
1970-01-01 00:29:11.457600,1,0,2.0
1970-01-01 00:29:11.461200,1,0,2.0
1970-01-01 00:29:11.464800,1,0,2.0
1970-01-01 00:29:11.468400,1,0,2.0
1970-01-01 00:29:11.497200,1,0,2.0
1970-01-01 00:29:11.500800,1,0,2.0
1970-01-01 00:29:11.508000,1,0,2.0
1970-01-01 00:29:11.511600,1,0,2.0
1970-01-01 00:29:11.515200,1,0,2.0
1970-01-01 00:29:11.533200,0,1,2.0
1970-01-01 00:29:11.536800,0,1,2.0
1970-01-01 00:29:11.540400,0,1,2.0
1970-01-01 00:29:11.547600,0,1,2.0
1970-01-01 00:29:11.590800,0,1,2.0
1970-01-01 00:29:11.594400,0,1,2.0
1970-01-01 00:29:11.598000,0,1,2.0
1970-01-01 00:29:11.605200,0,1,2.0
1970-01-01 00:29:11.619600,0,1,2.0
1970-01-01 00:29:11.623200,0,1,2.0
1970-01-01 00:29:11.626800,0,1,2.0
1970-01-01 00:29:11.630400,0,1,2.0
1970-01-01 00:29:11.778000,1,0,2.0
1970-01-01 00:29:11.781600,1,0,2.0
1970-01-01 00:29:11.785200,1,0,2.0
1970-01-01 00:29:11.788800,1,0,2.0
1970-01-01 00:29:11.792400,1,0,2.0
1970-01-01 00:29:11.796000,1,0,2.0
1970-01-01 00:29:11.799600,1,0,2.0
1970-01-01 00:29:11.803200,1,0,2.0
1970-01-01 00:29:11.806800,0,1,2.0
1970-01-01 00:29:11.824800,1,0,2.0
1970-01-01 00:29:11.875200,0,1,2.0
1970-01-01 00:29:11.882400,0,1,2.0
1970-01-01 00:29:11.886000,0,1,2.0
1970-01-01 00:29:11.954400,1,0,2.0
1970-01-01 00:29:11.958000,1,0,2.0
1970-01-01 00:29:11.961600,1,0,2.0
1970-01-01 00:29:11.965200,1,0,2.0
1970-01-01 00:29:11.976000,0,1,2.0
1970-01-01 00:29:12.066000,1,0,2.0
1970-01-01 00:29:12.069600,1,0,2.0
1970-01-01 00:29:12.073200,1,0,2.0
1970-01-01 00:29:12.076800,1,0,2.0
1970-01-01 00:29:12.080400,1,0,2.0
1970-01-01 00:29:12.084000,1,0,2.0
1970-01-01 00:29:12.087600,1,0,2.0
1970-01-01 00:29:12.145200,1,0,2.0
1970-01-01 00:29:12.148800,1,0,2.0
1970-01-01 00:29:12.152400,1,0,2.0
1970-01-01 00:29:12.156000,1,0,2.0
1970-01-01 00:29:12.159600,1,0,2.0
1970-01-01 00:29:12.163200,1,0,2.0
1970-01-01 00:29:12.166800,1,0,2.0
1970-01-01 00:29:12.170400,1,0,2.0
1970-01-01 00:29:12.174000,1,0,2.0
1970-01-01 00:29:12.177600,1,0,2.0
1970-01-01 00:29:12.181200,1,0,2.0
1970-01-01 00:29:12.184800,1,0,2.0
1970-01-01 00:29:12.192000,1,0,2.0
1970-01-01 00:29:12.220800,1,0,2.0
1970-01-01 00:29:12.231600,1,0,2.0
1970-01-01 00:29:12.235200,1,0,2.0
1970-01-01 00:29:12.238800,1,0,2.0
1970-01-01 00:29:12.242400,1,0,2.0
1970-01-01 00:29:12.246000,1,0,2.0
1970-01-01 00:29:12.253200,0,1,2.0
1970-01-01 00:29:12.256800,0,1,2.0
1970-01-01 00:29:12.260400,0,1,2.0
1970-01-01 00:29:12.310800,0,1,2.0
1970-01-01 00:29:12.314400,0,1,2.0
1970-01-01 00:29:12.318000,0,1,2.0
1970-01-01 00:29:12.400800,1,0,2.0
1970-01-01 00:29:12.440400,1,0,2.0
1970-01-01 00:29:12.444000,1,0,2.0
1970-01-01 00:29:12.447600,1,0,2.0
1970-01-01 00:29:12.451200,1,0,2.0
1970-01-01 00:29:12.454800,1,0,2.0
1970-01-01 00:29:12.458400,1,0,2.0
1970-01-01 00:29:12.483600,0,1,2.0
1970-01-01 00:29:12.487200,0,1,2.0
1970-01-01 00:29:12.494400,0,1,2.0
1970-01-01 00:29:12.498000,0,1,2.0
1970-01-01 00:29:12.526800,0,1,2.0
1970-01-01 00:29:12.530400,0,1,2.0
1970-01-01 00:29:12.534000,0,1,2.0
1970-01-01 00:29:12.577200,1,0,2.0
1970-01-01 00:29:12.580800,1,0,2.0
1970-01-01 00:29:12.588000,1,0,2.0
1970-01-01 00:29:12.598800,0,1,2.0
1970-01-01 00:29:12.602400,1,0,2.0
1970-01-01 00:29:12.606000,1,0,2.0
1970-01-01 00:29:12.609600,1,0,2.0
1970-01-01 00:29:12.660000,1,0,2.0
1970-01-01 00:29:12.663600,1,0,2.0
1970-01-01 00:29:12.667200,1,0,2.0
1970-01-01 00:29:12.670800,1,0,2.0
1970-01-01 00:29:12.674400,1,0,2.0
1970-01-01 00:29:12.678000,1,0,2.0
1970-01-01 00:29:12.681600,1,0,2.0
1970-01-01 00:29:12.685200,1,0,2.0
1970-01-01 00:29:12.688800,1,0,2.0
1970-01-01 00:29:12.692400,1,0,2.0
1970-01-01 00:29:12.699600,0,1,2.0
1970-01-01 00:29:12.775200,1,0,2.0
1970-01-01 00:29:12.778800,1,0,2.0
1970-01-01 00:29:12.782400,1,0,2.0
1970-01-01 00:29:12.786000,1,0,2.0
1970-01-01 00:29:12.789600,1,0,2.0
1970-01-01 00:29:12.793200,1,0,2.0
1970-01-01 00:29:12.796800,1,0,2.0
1970-01-01 00:29:12.800400,1,0,2.0
1970-01-01 00:29:12.804000,1,0,2.0
1970-01-01 00:29:12.843600,0,1,2.0
1970-01-01 00:29:12.872400,1,0,2.0
1970-01-01 00:29:12.876000,1,0,2.0
1970-01-01 00:29:12.879600,1,0,2.0
1970-01-01 00:29:12.883200,1,0,2.0
1970-01-01 00:29:12.912000,0,1,2.0
1970-01-01 00:29:12.915600,0,1,2.0
1970-01-01 00:29:12.919200,0,1,2.0
1970-01-01 00:29:12.955200,1,0,2.0
1970-01-01 00:29:12.958800,1,0,2.0
1970-01-01 00:29:12.962400,1,0,2.0
1970-01-01 00:29:12.966000,1,0,2.0
1970-01-01 00:29:12.969600,1,0,2.0
1970-01-01 00:29:13.005600,1,0,2.0
1970-01-01 00:29:13.009200,1,0,2.0
1970-01-01 00:29:13.012800,1,0,2.0
1970-01-01 00:29:13.016400,1,0,2.0
1970-01-01 00:29:13.020000,1,0,2.0
1970-01-01 00:29:13.023600,1,0,2.0
1970-01-01 00:29:13.027200,1,0,2.0
1970-01-01 00:29:13.030800,1,0,2.0
1970-01-01 00:29:13.106400,0,1,2.0
1970-01-01 00:29:13.110000,0,1,2.0
1970-01-01 00:29:13.113600,0,1,2.0
1970-01-01 00:29:13.135200,0,1,2.0
1970-01-01 00:29:13.138800,0,1,2.0
1970-01-01 00:29:13.142400,0,1,2.0
1970-01-01 00:29:13.146000,0,1,2.0
1970-01-01 00:29:13.210800,1,0,2.0
1970-01-01 00:29:13.243200,0,1,2.0
1970-01-01 00:29:13.246800,0,1,2.0
1970-01-01 00:29:13.250400,0,1,2.0
1970-01-01 00:29:13.254000,0,1,2.0
1970-01-01 00:29:13.257600,0,1,2.0
1970-01-01 00:29:13.261200,0,1,2.0
1970-01-01 00:29:13.264800,0,1,2.0
1970-01-01 00:29:13.268400,0,1,2.0
1970-01-01 00:29:13.279200,0,1,2.0
1970-01-01 00:29:13.282800,0,1,2.0
1970-01-01 00:29:13.315200,0,1,2.0
1970-01-01 00:29:13.318800,0,1,2.0
1970-01-01 00:29:13.322400,0,1,2.0
1970-01-01 00:29:13.326000,0,1,2.0
1970-01-01 00:29:13.329600,0,1,2.0
1970-01-01 00:29:13.387200,0,1,2.0
1970-01-01 00:29:13.455600,1,0,2.0
1970-01-01 00:29:13.462800,1,0,2.0
1970-01-01 00:29:13.466400,1,0,2.0
1970-01-01 00:29:13.470000,1,0,2.0
1970-01-01 00:29:13.570800,1,0,2.0
1970-01-01 00:29:13.588800,0,1,2.0
1970-01-01 00:29:13.592400,0,1,2.0
1970-01-01 00:29:13.657200,1,0,2.0
1970-01-01 00:29:13.660800,1,0,2.0
1970-01-01 00:29:13.664400,1,0,2.0
1970-01-01 00:29:13.689600,0,1,2.0
1970-01-01 00:29:13.693200,0,1,2.0
1970-01-01 00:29:13.696800,0,1,2.0
1970-01-01 00:29:13.700400,0,1,2.0
1970-01-01 00:29:13.704000,0,1,2.0
1970-01-01 00:29:13.707600,0,1,2.0
1970-01-01 00:29:13.754400,1,0,2.0
1970-01-01 00:29:13.776000,0,1,2.0
1970-01-01 00:29:13.790400,0,1,2.0
1970-01-01 00:29:13.851600,0,1,2.0
1970-01-01 00:29:13.855200,0,1,2.0
1970-01-01 00:29:13.858800,0,1,2.0
1970-01-01 00:29:13.862400,0,1,2.0
1970-01-01 00:29:13.873200,1,0,2.0
1970-01-01 00:29:13.948800,0,1,2.0
1970-01-01 00:29:13.952400,0,1,2.0
1970-01-01 00:29:13.956000,0,1,2.0
1970-01-01 00:29:13.959600,0,1,2.0
1970-01-01 00:29:13.963200,0,1,2.0
1970-01-01 00:29:13.966800,0,1,2.0
1970-01-01 00:29:13.970400,1,0,2.0
1970-01-01 00:29:13.974000,0,1,2.0
1970-01-01 00:29:13.977600,0,1,2.0
1970-01-01 00:29:13.981200,0,1,2.0
1970-01-01 00:29:13.984800,0,1,2.0
1970-01-01 00:29:13.988400,0,1,2.0
1970-01-01 00:29:14.064000,0,1,2.0
1970-01-01 00:29:14.067600,0,1,2.0
1970-01-01 00:29:14.071200,0,1,2.0
1970-01-01 00:29:14.074800,0,1,2.0
1970-01-01 00:29:14.132400,0,1,2.0
1970-01-01 00:29:14.136000,0,1,2.0
1970-01-01 00:29:14.139600,0,1,2.0
1970-01-01 00:29:14.244000,1,0,2.0
1970-01-01 00:29:14.247600,1,0,2.0
1970-01-01 00:29:14.251200,1,0,2.0
1970-01-01 00:29:14.254800,1,0,2.0
1970-01-01 00:29:14.258400,1,0,2.0
1970-01-01 00:29:14.262000,1,0,2.0
1970-01-01 00:29:14.301600,1,0,2.0
1970-01-01 00:29:14.305200,1,0,2.0
1970-01-01 00:29:14.308800,1,0,2.0
1970-01-01 00:29:14.319600,1,0,2.0
1970-01-01 00:29:14.330400,1,0,2.0
1970-01-01 00:29:14.334000,1,0,2.0
1970-01-01 00:29:14.355600,0,1,2.0
1970-01-01 00:29:14.359200,0,1,2.0
1970-01-01 00:29:14.370000,0,1,2.0
1970-01-01 00:29:14.377200,1,0,2.0
1970-01-01 00:29:14.384400,0,1,2.0
1970-01-01 00:29:14.388000,0,1,2.0
1970-01-01 00:29:14.391600,0,1,2.0
1970-01-01 00:29:14.395200,0,1,2.0
1970-01-01 00:29:14.398800,0,1,2.0
1970-01-01 00:29:14.452800,1,0,2.0
1970-01-01 00:29:14.474400,1,0,2.0
1970-01-01 00:29:14.478000,1,0,2.0
1970-01-01 00:29:14.481600,1,0,2.0
1970-01-01 00:29:14.485200,1,0,2.0
1970-01-01 00:29:14.539200,1,0,2.0
1970-01-01 00:29:14.542800,1,0,2.0
1970-01-01 00:29:14.546400,1,0,2.0
1970-01-01 00:29:14.550000,1,0,2.0
1970-01-01 00:29:14.553600,1,0,2.0
1970-01-01 00:29:14.557200,1,0,2.0
1970-01-01 00:29:14.575200,1,0,2.0
1970-01-01 00:29:14.578800,1,0,2.0
1970-01-01 00:29:14.582400,1,0,2.0
1970-01-01 00:29:14.586000,1,0,2.0
1970-01-01 00:29:14.589600,1,0,2.0
1970-01-01 00:29:14.593200,1,0,2.0
1970-01-01 00:29:14.654400,1,0,2.0
1970-01-01 00:29:14.658000,0,1,2.0
1970-01-01 00:29:14.665200,1,0,2.0
1970-01-01 00:29:14.668800,1,0,2.0
1970-01-01 00:29:14.708400,1,0,2.0
1970-01-01 00:29:14.712000,1,0,2.0
1970-01-01 00:29:14.719200,1,0,2.0
1970-01-01 00:29:14.722800,1,0,2.0
1970-01-01 00:29:14.726400,1,0,2.0
1970-01-01 00:29:14.730000,1,0,2.0
1970-01-01 00:29:14.733600,1,0,2.0
1970-01-01 00:29:14.737200,1,0,2.0
1970-01-01 00:29:14.744400,1,0,2.0
1970-01-01 00:29:14.787600,0,1,2.0
1970-01-01 00:29:14.794800,0,1,2.0
1970-01-01 00:29:14.798400,0,1,2.0
1970-01-01 00:29:14.856000,1,0,2.0
1970-01-01 00:29:14.859600,1,0,2.0
1970-01-01 00:29:14.863200,1,0,2.0
1970-01-01 00:29:14.866800,1,0,2.0
1970-01-01 00:29:14.870400,1,0,2.0
1970-01-01 00:29:14.877600,0,1,2.0
1970-01-01 00:29:14.881200,0,1,2.0
1970-01-01 00:29:14.884800,0,1,2.0
1970-01-01 00:29:14.888400,0,1,2.0
1970-01-01 00:29:14.892000,0,1,2.0
1970-01-01 00:29:14.899200,0,1,2.0
1970-01-01 00:29:14.931600,0,1,2.0
1970-01-01 00:29:14.935200,0,1,2.0
1970-01-01 00:29:14.989200,1,0,2.0
1970-01-01 00:29:14.992800,1,0,2.0
1970-01-01 00:29:14.996400,1,0,2.0
1970-01-01 00:29:15.000000,1,0,2.0
1970-01-01 00:29:15.003600,1,0,2.0
1970-01-01 00:29:15.007200,1,0,2.0
1970-01-01 00:29:15.010800,1,0,2.0
1970-01-01 00:29:15.014400,1,0,2.0
1970-01-01 00:29:15.046800,1,0,2.0
1970-01-01 00:29:15.050400,1,0,2.0
1970-01-01 00:29:15.054000,1,0,2.0
1970-01-01 00:29:15.057600,1,0,2.0
1970-01-01 00:29:15.061200,1,0,2.0
1970-01-01 00:29:15.064800,1,0,2.0
1970-01-01 00:29:15.072000,0,1,2.0
1970-01-01 00:29:15.075600,0,1,2.0
1970-01-01 00:29:15.115200,1,0,2.0
1970-01-01 00:29:15.118800,1,0,2.0
1970-01-01 00:29:15.122400,1,0,2.0
1970-01-01 00:29:15.126000,1,0,2.0
1970-01-01 00:29:15.129600,1,0,2.0
1970-01-01 00:29:15.133200,1,0,2.0
1970-01-01 00:29:15.136800,0,1,2.0
1970-01-01 00:29:15.140400,0,1,2.0
1970-01-01 00:29:15.144000,0,1,2.0
1970-01-01 00:29:15.147600,0,1,2.0
1970-01-01 00:29:15.151200,0,1,2.0
1970-01-01 00:29:15.154800,0,1,2.0
1970-01-01 00:29:15.158400,0,1,2.0
1970-01-01 00:29:15.162000,0,1,2.0
1970-01-01 00:29:15.165600,0,1,2.0
1970-01-01 00:29:15.169200,0,1,2.0
