timestamp,open,high,low,close,volume,datetime
2024-04-02 12:00:00,0.619,0.626,0.593,0.625,9302853.0,
2024-04-02 13:00:00,0.625,0.729,0.622,0.705,59343266.0,
2024-04-02 14:00:00,0.706,0.779,0.68,0.692,103264012.0,
2024-04-02 15:00:00,0.692,0.736,0.668,0.689,66798282.0,
2024-04-02 16:00:00,0.69,0.738,0.688,0.731,43717362.0,
2024-04-02 17:00:00,0.731,0.843,0.726,0.807,112881217.0,
2024-04-02 18:00:00,0.807,0.91,0.806,0.846,135491569.0,
2024-04-02 19:00:00,0.847,0.885,0.803,0.87,85643306.0,
2024-04-02 20:00:00,0.87,0.872,0.813,0.822,48157133.0,
2024-04-02 21:00:00,0.823,0.877,0.823,0.86,32343914.0,
2024-04-02 22:00:00,0.859,0.872,0.821,0.846,36940581.0,
2024-04-02 23:00:00,0.846,0.849,0.75,0.772,65389773.0,
2024-04-03 00:00:00,0.772,0.787,0.703,0.78,72714492.0,
2024-04-03 01:00:00,0.78,0.868,0.765,0.846,103859124.0,
2024-04-03 02:00:00,0.847,0.855,0.796,0.837,46341961.0,
2024-04-03 03:00:00,0.837,0.892,0.819,0.87,50266136.0,
2024-04-03 04:00:00,0.87,0.873,0.824,0.83,37535469.0,
2024-04-03 05:00:00,0.829,0.831,0.782,0.82,60673483.0,
2024-04-03 06:00:00,0.82,0.864,0.813,0.856,38644298.0,
2024-04-03 07:00:00,0.856,0.924,0.823,0.918,71719051.0,
2024-04-03 08:00:00,0.919,0.935,0.867,0.93,104319200.0,
2024-04-03 09:00:00,0.93,0.959,0.915,0.926,86345051.0,
2024-04-03 10:00:00,0.925,0.946,0.901,0.925,62823579.0,
2024-04-03 11:00:00,0.925,0.944,0.893,0.904,57728821.0,
2024-04-03 12:00:00,0.905,0.936,0.855,0.925,108657692.0,
2024-04-03 13:00:00,0.924,0.975,0.924,0.932,96685677.0,
2024-04-03 14:00:00,0.931,1.045,0.93,1.045,114387115.0,
2024-04-03 15:00:00,1.045,1.216,1.002,1.194,207711383.0,
2024-04-03 16:00:00,1.194,1.305,1.15,1.169,295510177.0,
2024-04-03 17:00:00,1.168,1.222,1.091,1.105,160466274.0,
2024-04-03 18:00:00,1.105,1.155,1.08,1.082,89119904.0,
2024-04-03 19:00:00,1.081,1.139,1.055,1.108,67506519.0,
2024-04-03 20:00:00,1.107,1.108,1.045,1.104,78198747.0,
2024-04-03 21:00:00,1.103,1.157,1.065,1.152,62559512.0,
2024-04-03 22:00:00,1.152,1.157,1.101,1.106,37517841.0,
2024-04-03 23:00:00,1.106,1.148,1.063,1.134,51163800.0,
2024-04-04 00:00:00,1.134,1.164,1.092,1.108,58732301.0,
2024-04-04 01:00:00,1.109,1.124,1.07,1.078,41093550.0,
2024-04-04 02:00:00,1.078,1.099,1.004,1.061,73874344.0,
2024-04-04 03:00:00,1.061,1.08,0.952,0.955,87304765.0,
2024-04-04 04:00:00,0.954,0.998,0.911,0.988,116202445.0,
2024-04-04 05:00:00,0.989,1.045,0.972,1.041,84167512.0,
2024-04-04 06:00:00,1.042,1.07,1.012,1.014,60107320.0,
2024-04-04 07:00:00,1.015,1.039,0.986,1.005,59264388.0,
2024-04-04 08:00:00,1.004,1.036,0.952,0.96,64149194.0,
2024-04-04 09:00:00,0.959,1.022,0.958,1.015,51096774.0,
2024-04-04 10:00:00,1.016,1.134,1.011,1.098,145869735.0,
2024-04-04 11:00:00,1.099,1.167,1.08,1.126,87758475.0,
2024-04-04 12:00:00,1.125,1.155,1.087,1.091,80206643.0,
2024-04-04 13:00:00,1.091,1.134,1.072,1.095,64427206.0,
2024-04-04 14:00:00,1.096,1.151,1.087,1.099,57079080.0,
2024-04-04 15:00:00,1.099,1.119,1.032,1.037,67041805.0,
2024-04-04 16:00:00,1.038,1.065,1.014,1.027,61757065.0,
2024-04-04 17:00:00,1.027,1.057,1.009,1.05,49477104.0,
2024-04-04 18:00:00,1.049,1.05,0.973,0.978,58443393.0,
2024-04-04 19:00:00,0.978,1.012,0.977,1.003,39599218.0,
2024-04-04 20:00:00,1.003,1.01,0.928,0.983,80584259.0,
2024-04-04 21:00:00,0.983,0.99,0.934,0.942,36636770.0,
2024-04-04 22:00:00,0.943,0.984,0.94,0.975,33389407.0,
2024-04-04 23:00:00,0.975,1.005,0.957,0.971,38051310.0,
2024-04-05 00:00:00,0.971,1.01,0.952,0.974,51151406.0,
2024-04-05 01:00:00,0.974,1.04,0.969,1.014,52798659.0,
2024-04-05 02:00:00,1.015,1.016,0.916,0.953,102512297.0,
2024-04-05 03:00:00,0.952,0.963,0.93,0.955,32281465.0,
2024-04-05 04:00:00,0.955,0.999,0.954,0.972,47387669.0,
2024-04-05 05:00:00,0.972,0.972,0.921,0.952,63273704.0,
2024-04-05 06:00:00,0.952,0.96,0.919,0.936,36944862.0,
2024-04-05 07:00:00,0.936,0.936,0.872,0.902,76954029.0,
2024-04-05 08:00:00,0.903,0.954,0.901,0.938,59827081.0,
2024-04-05 09:00:00,0.939,0.954,0.916,0.918,41396204.0,
2024-04-05 10:00:00,0.919,0.929,0.888,0.906,63391730.0,
2024-04-05 11:00:00,0.906,0.914,0.861,0.878,71486904.0,
2024-04-05 12:00:00,0.878,0.95,0.87,0.937,90071560.0,
2024-04-05 13:00:00,0.936,0.96,0.916,0.931,80017264.0,
2024-04-05 14:00:00,0.932,0.99,0.916,0.98,68579232.0,
2024-04-05 15:00:00,0.981,0.982,0.94,0.962,62000269.0,
2024-04-05 16:00:00,0.963,0.982,0.944,0.97,40480452.0,
2024-04-05 17:00:00,0.969,1.026,0.959,0.996,85122184.0,
2024-04-05 18:00:00,0.996,1.013,0.969,0.977,50428040.0,
2024-04-05 19:00:00,0.976,0.989,0.962,0.976,30592120.0,
2024-04-05 20:00:00,0.976,1.046,0.976,1.033,55438858.0,
2024-04-05 21:00:00,1.033,1.064,1.015,1.037,52236827.0,
2024-04-05 22:00:00,1.037,1.039,1.004,1.009,38372430.0,
2024-04-05 23:00:00,1.008,1.024,1.004,1.016,27752330.0,
2024-04-06 00:00:00,1.016,1.045,0.976,0.981,73237072.0,
2024-04-06 01:00:00,0.981,1.0,0.966,0.974,35329383.0,
2024-04-06 02:00:00,0.975,0.984,0.963,0.976,27160621.0,
2024-04-06 03:00:00,0.977,1.009,0.971,0.987,39384853.0,
2024-04-06 04:00:00,0.988,0.994,0.969,0.98,24678609.0,
2024-04-06 05:00:00,0.981,1.049,0.98,1.041,51058545.0,
2024-04-06 06:00:00,1.041,1.091,1.024,1.072,72224201.0,
2024-04-06 07:00:00,1.072,1.148,1.07,1.129,118201371.0,
2024-04-06 08:00:00,1.129,1.13,1.087,1.113,78503388.0,
2024-04-06 09:00:00,1.113,1.117,1.063,1.068,52423125.0,
2024-04-06 10:00:00,1.068,1.097,1.068,1.09,42083618.0,
2024-04-06 11:00:00,1.09,1.115,1.08,1.109,44113268.0,
2024-04-06 12:00:00,1.108,1.14,1.075,1.094,76755106.0,
2024-04-06 13:00:00,1.093,1.105,1.061,1.086,55476942.0,
2024-04-06 14:00:00,1.085,1.135,1.084,1.125,71438701.0,
2024-04-06 15:00:00,1.125,1.195,1.114,1.151,116973232.0,
2024-04-06 16:00:00,1.152,1.167,1.113,1.134,69739102.0,
2024-04-06 17:00:00,1.133,1.133,1.106,1.113,32888729.0,
2024-04-06 18:00:00,1.113,1.14,1.109,1.138,34455327.0,
2024-04-06 19:00:00,1.138,1.138,1.116,1.12,22132879.0,
2024-04-06 20:00:00,1.12,1.14,1.117,1.132,21515907.0,
2024-04-06 21:00:00,1.132,1.135,1.091,1.1,23383130.0,
2024-04-06 22:00:00,1.099,1.107,1.085,1.089,21229178.0,
2024-04-06 23:00:00,1.088,1.103,1.085,1.089,22872504.0,
2024-04-07 00:00:00,1.09,1.107,1.074,1.096,29321089.0,
2024-04-07 01:00:00,1.095,1.108,1.061,1.077,34297865.0,
2024-04-07 02:00:00,1.078,1.107,1.074,1.083,27502458.0,
2024-04-07 03:00:00,1.082,1.108,1.072,1.108,37197544.0,
2024-04-07 04:00:00,1.108,1.169,1.097,1.145,71479160.0,
2024-04-07 05:00:00,1.146,1.18,1.14,1.165,49360550.0,
2024-04-07 06:00:00,1.165,1.229,1.158,1.227,66179940.0,
2024-04-07 07:00:00,1.227,1.248,1.181,1.21,89461373.0,
2024-04-07 08:00:00,1.21,1.215,1.16,1.187,53500503.0,
2024-04-07 09:00:00,1.186,1.24,1.177,1.23,47037621.0,
2024-04-07 10:00:00,1.23,1.252,1.193,1.21,73654684.0,
2024-04-07 11:00:00,1.21,1.247,1.209,1.225,54908782.0,
2024-04-07 12:00:00,1.225,1.24,1.182,1.21,55822253.0,
2024-04-07 13:00:00,1.21,1.219,1.173,1.214,50586297.0,
2024-04-07 14:00:00,1.214,1.245,1.205,1.227,57364114.0,
2024-04-07 15:00:00,1.227,1.271,1.216,1.259,74397549.0,
2024-04-07 16:00:00,1.259,1.264,1.227,1.242,53874650.0,
2024-04-07 17:00:00,1.241,1.245,1.202,1.212,36965392.0,
2024-04-07 18:00:00,1.211,1.219,1.187,1.189,26992498.0,
2024-04-07 19:00:00,1.189,1.204,1.176,1.182,25209146.0,
2024-04-07 20:00:00,1.182,1.205,1.18,1.183,20471517.0,
2024-04-07 21:00:00,1.184,1.187,1.162,1.177,17632397.0,
2024-04-07 22:00:00,1.177,1.195,1.161,1.187,23484249.0,
2024-04-07 23:00:00,1.187,1.194,1.175,1.19,21145423.0,
2024-04-08 00:00:00,1.19,1.19,1.136,1.151,52138621.0,
2024-04-08 01:00:00,1.15,1.171,1.148,1.164,20049548.0,
2024-04-08 02:00:00,1.164,1.179,1.143,1.155,28818564.0,
2024-04-08 03:00:00,1.155,1.167,1.147,1.158,21215977.0,
2024-04-08 04:00:00,1.159,1.188,1.155,1.156,22550758.0,
2024-04-08 05:00:00,1.155,1.18,1.154,1.172,17857901.0,
2024-04-08 06:00:00,1.171,1.172,1.125,1.139,34482457.0,
2024-04-08 07:00:00,1.138,1.154,1.117,1.119,33265452.0,
2024-04-08 08:00:00,1.12,1.131,1.076,1.117,78355031.0,
2024-04-08 09:00:00,1.117,1.137,1.096,1.112,44918424.0,
2024-04-08 10:00:00,1.113,1.133,1.094,1.118,32095122.0,
2024-04-08 11:00:00,1.119,1.132,1.106,1.114,25332692.0,
2024-04-08 12:00:00,1.114,1.339,1.113,1.282,256690894.0,
2024-04-08 13:00:00,1.282,1.358,1.252,1.288,200567762.0,
2024-04-08 14:00:00,1.288,1.314,1.257,1.276,96541571.0,
2024-04-08 15:00:00,1.277,1.292,1.224,1.245,62964734.0,
2024-04-08 16:00:00,1.245,1.279,1.241,1.277,37666533.0,
2024-04-08 17:00:00,1.277,1.282,1.243,1.25,28229389.0,
2024-04-08 18:00:00,1.25,1.279,1.249,1.257,18044574.0,
2024-04-08 19:00:00,1.258,1.281,1.25,1.279,15075599.0,
2024-04-08 20:00:00,1.28,1.312,1.279,1.296,34828368.0,
2024-04-08 21:00:00,1.296,1.309,1.275,1.293,17978139.0,
2024-04-08 22:00:00,1.293,1.312,1.271,1.28,25424805.0,
2024-04-08 23:00:00,1.28,1.327,1.275,1.294,33716675.0,
2024-04-09 00:00:00,1.294,1.339,1.294,1.301,47814218.0,
2024-04-09 01:00:00,1.301,1.366,1.299,1.312,61360211.0,
2024-04-09 02:00:00,1.313,1.385,1.312,1.375,49027095.0,
2024-04-09 03:00:00,1.376,1.395,1.35,1.371,56779366.0,
2024-04-09 04:00:00,1.37,1.38,1.33,1.344,40046458.0,
2024-04-09 05:00:00,1.345,1.393,1.341,1.357,41220125.0,
2024-04-09 06:00:00,1.357,1.409,1.351,1.361,63127111.0,
2024-04-09 07:00:00,1.361,1.385,1.292,1.293,81393525.0,
2024-04-09 08:00:00,1.294,1.328,1.27,1.321,101092446.0,
2024-04-09 09:00:00,1.322,1.323,1.252,1.257,58054067.0,
2024-04-09 10:00:00,1.257,1.281,1.247,1.257,43112076.0,
2024-04-09 11:00:00,1.256,1.29,1.25,1.281,33471520.0,
2024-04-09 12:00:00,1.281,1.282,1.234,1.253,44491589.0,
2024-04-09 13:00:00,1.253,1.277,1.231,1.262,38559309.0,
2024-04-09 14:00:00,1.263,1.278,1.202,1.233,70448269.0,
2024-04-09 15:00:00,1.233,1.257,1.227,1.25,42592451.0,
2024-04-09 16:00:00,1.251,1.251,1.195,1.21,49949637.0,
2024-04-09 17:00:00,1.21,1.232,1.208,1.226,28406297.0,
2024-04-09 18:00:00,1.227,1.25,1.213,1.248,20783759.0,
2024-04-09 19:00:00,1.248,1.249,1.227,1.246,17582150.0,
2024-04-09 20:00:00,1.246,1.252,1.232,1.243,11828343.0,
2024-04-09 21:00:00,1.242,1.245,1.218,1.239,13550273.0,
2024-04-09 22:00:00,1.239,1.248,1.223,1.229,18333731.0,
2024-04-09 23:00:00,1.23,1.247,1.201,1.241,31672102.0,
2024-04-10 00:00:00,1.241,1.277,1.223,1.252,45363772.0,
2024-04-10 01:00:00,1.252,1.293,1.234,1.29,42913420.0,
2024-04-10 02:00:00,1.289,1.3,1.252,1.257,51604397.0,
2024-04-10 03:00:00,1.258,1.33,1.256,1.322,50503134.0,
2024-04-10 04:00:00,1.321,1.393,1.32,1.376,65412239.0,
2024-04-10 05:00:00,1.376,1.388,1.328,1.367,50880383.0,
2024-04-10 06:00:00,1.367,1.39,1.346,1.356,39960479.0,
2024-04-10 07:00:00,1.356,1.416,1.356,1.379,62994302.0,
2024-04-10 08:00:00,1.379,1.44,1.362,1.42,85251801.0,
2024-04-10 09:00:00,1.42,1.449,1.397,1.409,70889855.0,
2024-04-10 10:00:00,1.409,1.418,1.355,1.376,77157065.0,
2024-04-10 11:00:00,1.376,1.379,1.341,1.36,46565564.0,
2024-04-10 12:00:00,1.36,1.381,1.303,1.345,100154793.0,
2024-04-10 13:00:00,1.345,1.429,1.31,1.424,96332257.0,
2024-04-10 14:00:00,1.423,1.423,1.379,1.395,80676471.0,
2024-04-10 15:00:00,1.395,1.443,1.387,1.438,62377859.0,
2024-04-10 16:00:00,1.438,1.496,1.418,1.47,132540162.0,
2024-04-10 17:00:00,1.47,1.506,1.444,1.452,75071137.0,
2024-04-10 18:00:00,1.452,1.474,1.413,1.42,46745532.0,
2024-04-10 19:00:00,1.42,1.432,1.403,1.412,29273080.0,
2024-04-10 20:00:00,1.412,1.428,1.404,1.416,25920625.0,
2024-04-10 21:00:00,1.416,1.425,1.39,1.42,24703829.0,
2024-04-10 22:00:00,1.421,1.447,1.407,1.425,41103162.0,
2024-04-10 23:00:00,1.426,1.467,1.425,1.457,37301770.0,
2024-04-11 00:00:00,1.456,1.489,1.428,1.445,56385465.0,
2024-04-11 01:00:00,1.445,1.454,1.406,1.438,49150762.0,
2024-04-11 02:00:00,1.438,1.484,1.431,1.445,44675154.0,
2024-04-11 03:00:00,1.445,1.475,1.431,1.434,26016492.0,
2024-04-11 04:00:00,1.433,1.44,1.415,1.434,28577858.0,
2024-04-11 05:00:00,1.434,1.462,1.42,1.424,36746609.0,
2024-04-11 06:00:00,1.424,1.433,1.41,1.421,26997525.0,
2024-04-11 07:00:00,1.421,1.429,1.382,1.405,44322794.0,
2024-04-11 08:00:00,1.406,1.423,1.389,1.423,30071672.0,
2024-04-11 09:00:00,1.423,1.505,1.404,1.501,84672226.0,
2024-04-11 10:00:00,1.502,1.524,1.469,1.472,80927537.0,
2024-04-11 11:00:00,1.473,1.502,1.454,1.458,50488367.0,
2024-04-11 12:00:00,1.458,1.498,1.457,1.498,44309061.0,
2024-04-11 13:00:00,1.498,1.52,1.462,1.478,65347102.0,
2024-04-11 14:00:00,1.478,1.489,1.424,1.429,54103412.0,
2024-04-11 15:00:00,1.43,1.438,1.408,1.431,48191785.0,
2024-04-11 16:00:00,1.431,1.448,1.411,1.439,35295909.0,
2024-04-11 17:00:00,1.439,1.453,1.406,1.407,27776685.0,
2024-04-11 18:00:00,1.407,1.41,1.39,1.403,27116891.0,
2024-04-11 19:00:00,1.404,1.429,1.392,1.415,18809218.0,
2024-04-11 20:00:00,1.414,1.421,1.394,1.405,18309913.0,
2024-04-11 21:00:00,1.405,1.418,1.394,1.413,12686720.0,
2024-04-11 22:00:00,1.414,1.423,1.382,1.388,18961586.0,
2024-04-11 23:00:00,1.388,1.397,1.352,1.371,33805454.0,
2024-04-12 00:00:00,1.372,1.442,1.371,1.431,40317355.0,
2024-04-12 01:00:00,1.431,1.45,1.424,1.439,28050588.0,
2024-04-12 02:00:00,1.439,1.447,1.422,1.428,21121921.0,
2024-04-12 03:00:00,1.429,1.459,1.416,1.456,25579443.0,
2024-04-12 04:00:00,1.456,1.48,1.441,1.45,33781704.0,
2024-04-12 05:00:00,1.449,1.472,1.447,1.464,19965884.0,
2024-04-12 06:00:00,1.464,1.481,1.451,1.472,24890798.0,
2024-04-12 07:00:00,1.472,1.477,1.453,1.459,24863434.0,
2024-04-12 08:00:00,1.459,1.47,1.426,1.433,32642291.0,
2024-04-12 09:00:00,1.434,1.454,1.416,1.424,28191771.0,
2024-04-12 10:00:00,1.425,1.425,1.393,1.418,35860000.0,
2024-04-12 11:00:00,1.418,1.431,1.409,1.419,22505795.0,
2024-04-12 12:00:00,1.42,1.425,1.381,1.395,46724857.0,
2024-04-12 13:00:00,1.395,1.402,1.313,1.344,111952325.0,
2024-04-12 14:00:00,1.344,1.367,1.248,1.263,145643832.0,
2024-04-12 15:00:00,1.264,1.302,1.25,1.262,105660320.0,
2024-04-12 16:00:00,1.262,1.282,1.211,1.229,120518756.0,
2024-04-12 17:00:00,1.227,1.268,1.11,1.262,220051375.0,
2024-04-12 18:00:00,1.261,1.287,1.06,1.207,237437234.0,
2024-04-12 19:00:00,1.207,1.317,1.192,1.264,142024467.0,
2024-04-12 20:00:00,1.265,1.308,1.214,1.228,83233319.0,
2024-04-12 21:00:00,1.229,1.241,1.187,1.215,40359507.0,
2024-04-12 22:00:00,1.214,1.222,1.167,1.2,40482351.0,
2024-04-12 23:00:00,1.2,1.302,1.167,1.276,88272705.0,
2024-04-13 00:00:00,1.277,1.277,1.226,1.235,35851016.0,
2024-04-13 01:00:00,1.235,1.237,1.182,1.195,42611427.0,
2024-04-13 02:00:00,1.194,1.257,1.194,1.24,49815289.0,
2024-04-13 03:00:00,1.24,1.298,1.235,1.291,43753090.0,
2024-04-13 04:00:00,1.29,1.31,1.257,1.304,43423192.0,
2024-04-13 05:00:00,1.303,1.342,1.293,1.3,55040624.0,
2024-04-13 06:00:00,1.299,1.312,1.275,1.282,38881915.0,
2024-04-13 07:00:00,1.283,1.297,1.265,1.271,32834793.0,
2024-04-13 08:00:00,1.272,1.306,1.266,1.269,34148289.0,
2024-04-13 09:00:00,1.269,1.299,1.261,1.278,33443061.0,
2024-04-13 10:00:00,1.277,1.282,1.241,1.246,41780637.0,
2024-04-13 11:00:00,1.246,1.267,1.227,1.241,32794041.0,
2024-04-13 12:00:00,1.242,1.254,1.217,1.219,37187707.0,
2024-04-13 13:00:00,1.219,1.258,1.216,1.238,45503851.0,
2024-04-13 14:00:00,1.238,1.244,1.178,1.188,61317979.0,
2024-04-13 15:00:00,1.188,1.205,1.145,1.153,72595532.0,
2024-04-13 16:00:00,1.152,1.172,1.11,1.126,90391920.0,
2024-04-13 17:00:00,1.125,1.127,1.032,1.082,160912614.0,
2024-04-13 18:00:00,1.083,1.113,1.043,1.103,105135066.0,
2024-04-13 19:00:00,1.104,1.117,0.973,1.039,109865233.0,
2024-04-13 20:00:00,1.038,1.094,0.911,1.052,250541153.0,
2024-04-13 21:00:00,1.053,1.077,0.905,1.021,145502620.0,
2024-04-13 22:00:00,1.022,1.116,0.969,1.085,125820141.0,
2024-04-13 23:00:00,1.084,1.118,1.025,1.047,72630722.0,
2024-04-14 00:00:00,1.046,1.093,1.004,1.064,74921874.0,
2024-04-14 01:00:00,1.064,1.094,1.038,1.07,53614158.0,
2024-04-14 02:00:00,1.069,1.076,1.02,1.021,48215934.0,
2024-04-14 03:00:00,1.022,1.041,0.987,1.033,62674509.0,
2024-04-14 04:00:00,1.034,1.095,1.021,1.089,69714224.0,
2024-04-14 05:00:00,1.088,1.144,1.081,1.127,62769253.0,
2024-04-14 06:00:00,1.127,1.182,1.108,1.158,61895764.0,
2024-04-14 07:00:00,1.157,1.168,1.129,1.151,38873725.0,
2024-04-14 08:00:00,1.151,1.154,1.116,1.127,40107628.0,
2024-04-14 09:00:00,1.127,1.14,1.091,1.1,53293492.0,
2024-04-14 10:00:00,1.1,1.117,1.083,1.099,33220267.0,
2024-04-14 11:00:00,1.098,1.105,1.069,1.081,42866140.0,
2024-04-14 12:00:00,1.082,1.12,1.068,1.093,50351747.0,
2024-04-14 13:00:00,1.093,1.124,1.062,1.068,51042960.0,
2024-04-14 14:00:00,1.068,1.094,1.052,1.082,54822387.0,
2024-04-14 15:00:00,1.081,1.11,1.071,1.104,53946351.0,
2024-04-14 16:00:00,1.104,1.176,1.097,1.157,75890715.0,
2024-04-14 17:00:00,1.157,1.173,1.08,1.118,130452890.0,
2024-04-14 18:00:00,1.118,1.167,1.102,1.15,52105512.0,
2024-04-14 19:00:00,1.151,1.157,1.126,1.135,29249335.0,
2024-04-14 20:00:00,1.135,1.148,1.105,1.109,31842457.0,
2024-04-14 21:00:00,1.109,1.128,1.1,1.11,18923462.0,
2024-04-14 22:00:00,1.111,1.22,1.109,1.214,72313893.0,
2024-04-14 23:00:00,1.213,1.221,1.2,1.208,30244649.0,
2024-04-15 00:00:00,1.207,1.208,1.165,1.17,45931957.0,
2024-04-15 01:00:00,1.171,1.171,1.133,1.154,45343197.0,
2024-04-15 02:00:00,1.155,1.156,1.121,1.13,36314586.0,
2024-04-15 03:00:00,1.129,1.144,1.123,1.129,29040362.0,
2024-04-15 04:00:00,1.129,1.136,1.103,1.119,41934170.0,
2024-04-15 05:00:00,1.119,1.159,1.113,1.156,36167673.0,
2024-04-15 06:00:00,1.156,1.194,1.136,1.176,69321573.0,
2024-04-15 07:00:00,1.176,1.186,1.156,1.168,37193207.0,
2024-04-15 08:00:00,1.168,1.18,1.151,1.157,36475308.0,
2024-04-15 09:00:00,1.158,1.176,1.141,1.163,44699626.0,
2024-04-15 10:00:00,1.163,1.18,1.153,1.173,28812321.0,
2024-04-15 11:00:00,1.174,1.187,1.141,1.142,42514953.0,
2024-04-15 12:00:00,1.142,1.154,1.128,1.149,35587519.0,
2024-04-15 13:00:00,1.148,1.196,1.148,1.178,79773803.0,
2024-04-15 14:00:00,1.177,1.207,1.151,1.153,105898414.0,
2024-04-15 15:00:00,1.154,1.2,1.133,1.165,90778579.0,
2024-04-15 16:00:00,1.165,1.187,1.118,1.12,88302284.0,
2024-04-15 17:00:00,1.12,1.147,1.096,1.113,73516240.0,
2024-04-15 18:00:00,1.114,1.125,1.065,1.069,74163601.0,
2024-04-15 19:00:00,1.07,1.096,1.058,1.072,64823524.0,
2024-04-15 20:00:00,1.073,1.081,1.036,1.039,39503621.0,
2024-04-15 21:00:00,1.039,1.061,1.021,1.058,29115708.0,
2024-04-15 22:00:00,1.058,1.087,1.043,1.084,30239666.0,
2024-04-15 23:00:00,1.084,1.085,1.046,1.055,35920650.0,
2024-04-16 00:00:00,1.055,1.06,1.02,1.031,35398489.0,
2024-04-16 01:00:00,1.031,1.078,1.021,1.041,46637332.0,
2024-04-16 02:00:00,1.041,1.066,1.03,1.061,37902718.0,
2024-04-16 03:00:00,1.061,1.068,1.026,1.031,37687481.0,
2024-04-16 04:00:00,1.032,1.042,0.971,0.989,89459200.0,
2024-04-16 05:00:00,0.989,1.013,0.976,1.004,44314795.0,
2024-04-16 06:00:00,1.005,1.037,1.001,1.034,31963889.0,
2024-04-16 07:00:00,1.034,1.066,1.026,1.048,44974029.0,
2024-04-16 08:00:00,1.048,1.05,1.027,1.035,35808252.0,
2024-04-16 09:00:00,1.034,1.048,1.027,1.031,28445305.0,
2024-04-16 10:00:00,1.031,1.035,0.983,1.01,86192046.0,
2024-04-16 11:00:00,1.01,1.023,0.987,1.017,57402012.0,
2024-04-16 12:00:00,1.018,1.019,0.963,0.973,64521171.0,
2024-04-16 13:00:00,0.974,0.979,0.941,0.964,115325351.0,
2024-04-16 14:00:00,0.964,0.974,0.923,0.925,74751935.0,
2024-04-16 15:00:00,0.924,0.933,0.893,0.912,108974939.0,
2024-04-16 16:00:00,0.912,0.955,0.9,0.954,88918666.0,
2024-04-16 17:00:00,0.954,0.965,0.94,0.948,81166323.0,
2024-04-16 18:00:00,0.948,0.967,0.94,0.966,48464248.0,
2024-04-16 19:00:00,0.966,0.973,0.95,0.954,33498474.0,
2024-04-16 20:00:00,0.954,0.969,0.951,0.962,23836857.0,
2024-04-16 21:00:00,0.962,1.006,0.957,0.986,40973929.0,
2024-04-16 22:00:00,0.986,0.989,0.976,0.984,20482484.0,
2024-04-16 23:00:00,0.985,0.997,0.973,0.978,23419089.0,
2024-04-17 00:00:00,0.978,1.013,0.962,0.996,41605084.0,
2024-04-17 01:00:00,0.995,1.032,0.973,1.028,51527953.0,
2024-04-17 02:00:00,1.028,1.043,1.013,1.035,49676962.0,
2024-04-17 03:00:00,1.036,1.05,1.019,1.029,39464114.0,
2024-04-17 04:00:00,1.029,1.051,1.003,1.047,54707305.0,
2024-04-17 05:00:00,1.048,1.055,1.013,1.019,43937415.0,
2024-04-17 06:00:00,1.02,1.032,1.012,1.018,26430237.0,
2024-04-17 07:00:00,1.018,1.026,0.998,1.002,46711716.0,
2024-04-17 08:00:00,1.002,1.01,0.985,0.992,38309908.0,
2024-04-17 09:00:00,0.992,1.007,0.987,0.993,30282009.0,
2024-04-17 10:00:00,0.994,0.998,0.97,0.974,39922100.0,
2024-04-17 11:00:00,0.973,0.979,0.949,0.95,44131613.0,
2024-04-17 12:00:00,0.95,0.958,0.935,0.951,67233317.0,
2024-04-17 13:00:00,0.952,0.968,0.936,0.948,60490335.0,
2024-04-17 14:00:00,0.948,0.949,0.903,0.934,131380558.0,
2024-04-17 15:00:00,0.935,0.94,0.908,0.924,104925993.0,
2024-04-17 16:00:00,0.924,0.954,0.911,0.931,89239650.0,
2024-04-17 17:00:00,0.931,0.962,0.922,0.957,50584711.0,
2024-04-17 18:00:00,0.957,0.977,0.95,0.964,49857054.0,
2024-04-17 19:00:00,0.964,0.964,0.94,0.949,37618914.0,
2024-04-17 20:00:00,0.95,0.954,0.926,0.929,38586039.0,
2024-04-17 21:00:00,0.929,0.954,0.926,0.939,23132257.0,
2024-04-17 22:00:00,0.94,0.944,0.929,0.935,19016966.0,
2024-04-17 23:00:00,0.935,0.942,0.916,0.923,23098265.0,
2024-04-18 00:00:00,0.923,0.936,0.892,0.925,53951705.0,
2024-04-18 01:00:00,0.925,0.942,0.918,0.931,37263542.0,
2024-04-18 02:00:00,0.931,0.936,0.895,0.916,45499809.0,
2024-04-18 03:00:00,0.917,0.94,0.914,0.933,42676444.0,
2024-04-18 04:00:00,0.932,0.936,0.915,0.917,36627282.0,
2024-04-18 05:00:00,0.917,0.921,0.886,0.89,38624644.0,
2024-04-18 06:00:00,0.89,0.893,0.84,0.855,104901125.0,
2024-04-18 07:00:00,0.856,0.858,0.818,0.839,87511216.0,
2024-04-18 08:00:00,0.839,0.864,0.835,0.86,67394393.0,
2024-04-18 09:00:00,0.859,0.88,0.856,0.868,57457161.0,
2024-04-18 10:00:00,0.868,0.883,0.861,0.879,36389264.0,
2024-04-18 11:00:00,0.878,0.913,0.877,0.893,66860370.0,
2024-04-18 12:00:00,0.893,0.897,0.869,0.881,49590890.0,
2024-04-18 13:00:00,0.882,0.909,0.878,0.904,64608365.0,
2024-04-18 14:00:00,0.904,0.939,0.897,0.932,81328558.0,
2024-04-18 15:00:00,0.931,0.95,0.907,0.917,62467037.0,
2024-04-18 16:00:00,0.916,0.934,0.908,0.917,42805507.0,
2024-04-18 17:00:00,0.917,0.918,0.887,0.892,38808538.0,
2024-04-18 18:00:00,0.893,0.908,0.882,0.902,38517745.0,
2024-04-18 19:00:00,0.903,0.913,0.9,0.91,24631224.0,
2024-04-18 20:00:00,0.91,0.92,0.902,0.92,19975430.0,
2024-04-18 21:00:00,0.92,0.928,0.91,0.917,17195738.0,
2024-04-18 22:00:00,0.917,0.925,0.908,0.916,16466957.0,
2024-04-18 23:00:00,0.916,0.921,0.907,0.912,11021997.0,
2024-04-19 00:00:00,0.911,0.913,0.892,0.896,27557264.0,
2024-04-19 01:00:00,0.897,0.898,0.848,0.855,63641950.0,
2024-04-19 02:00:00,0.855,0.866,0.815,0.848,114810230.0,
2024-04-19 03:00:00,0.848,0.867,0.838,0.86,60437096.0,
2024-04-19 04:00:00,0.859,0.9,0.859,0.896,50450487.0,
2024-04-19 05:00:00,0.896,0.908,0.881,0.893,35229800.0,
2024-04-19 06:00:00,0.893,0.949,0.881,0.94,69559105.0,
2024-04-19 07:00:00,0.939,0.955,0.927,0.934,65598981.0,
2024-04-19 08:00:00,0.934,0.96,0.93,0.955,57879272.0,
2024-04-19 09:00:00,0.955,1.024,0.946,1.018,91686857.0,
2024-04-19 10:00:00,1.018,1.042,0.983,1.006,94330533.0,
2024-04-19 11:00:00,1.006,1.031,1.003,1.019,53710410.0,
2024-04-19 12:00:00,1.019,1.029,0.997,1.0,53656049.0,
2024-04-19 13:00:00,0.999,1.014,0.984,1.009,58415831.0,
2024-04-19 14:00:00,1.01,1.02,0.981,1.006,51834812.0,
2024-04-19 15:00:00,1.007,1.024,1.002,1.007,35795646.0,
2024-04-19 16:00:00,1.008,1.019,0.977,0.998,67279209.0,
2024-04-19 17:00:00,0.998,1.015,0.994,1.012,34956891.0,
2024-04-19 18:00:00,1.012,1.019,0.989,0.998,32173829.0,
2024-04-19 19:00:00,0.997,1.015,0.995,1.005,22386685.0,
2024-04-19 20:00:00,1.006,1.006,0.973,0.979,23854688.0,
2024-04-19 21:00:00,0.98,0.987,0.976,0.983,13664175.0,
2024-04-19 22:00:00,0.982,0.995,0.963,0.965,19207760.0,
2024-04-19 23:00:00,0.965,0.985,0.944,0.968,49522504.0,
2024-04-20 00:00:00,0.967,0.984,0.951,0.957,47556359.0,
2024-04-20 01:00:00,0.957,0.999,0.947,0.984,38904413.0,
2024-04-20 02:00:00,0.985,1.03,0.983,1.024,45814254.0,
2024-04-20 03:00:00,1.024,1.029,0.991,1.002,35380021.0,
2024-04-20 04:00:00,1.002,1.021,0.994,1.01,31338262.0,
2024-04-20 05:00:00,1.01,1.026,1.002,1.018,23996628.0,
2024-04-20 06:00:00,1.019,1.037,1.012,1.02,31579536.0,
2024-04-20 07:00:00,1.021,1.022,1.001,1.003,23074661.0,
2024-04-20 08:00:00,1.004,1.005,0.981,0.986,32709779.0,
2024-04-20 09:00:00,0.986,0.989,0.966,0.976,37720517.0,
2024-04-20 10:00:00,0.976,0.985,0.96,0.973,35583523.0,
2024-04-20 11:00:00,0.973,0.986,0.97,0.979,26183630.0,
2024-04-20 12:00:00,0.98,0.992,0.972,0.983,22809291.0,
2024-04-20 13:00:00,0.984,0.989,0.97,0.972,22701027.0,
2024-04-20 14:00:00,0.973,0.98,0.965,0.973,24214612.0,
2024-04-20 15:00:00,0.974,1.009,0.965,1.008,41771772.0,
2024-04-20 16:00:00,1.008,1.022,0.998,1.01,51568943.0,
2024-04-20 17:00:00,1.009,1.086,1.009,1.077,93612813.0,
2024-04-20 18:00:00,1.077,1.111,1.073,1.082,68850592.0,
2024-04-20 19:00:00,1.083,1.105,1.068,1.104,32420996.0,
2024-04-20 20:00:00,1.105,1.12,1.086,1.09,42185278.0,
2024-04-20 21:00:00,1.09,1.1,1.082,1.093,13045509.0,
2024-04-20 22:00:00,1.093,1.095,1.074,1.075,12948934.0,
2024-04-20 23:00:00,1.075,1.089,1.075,1.083,13470105.0,
2024-04-21 00:00:00,1.083,1.086,1.054,1.065,24062113.0,
2024-04-21 01:00:00,1.066,1.083,1.064,1.076,16555693.0,
2024-04-21 02:00:00,1.075,1.097,1.067,1.092,25348357.0,
2024-04-21 03:00:00,1.091,1.103,1.074,1.082,33274742.0,
2024-04-21 04:00:00,1.081,1.094,1.075,1.087,20113710.0,
2024-04-21 05:00:00,1.087,1.101,1.083,1.095,18331149.0,
2024-04-21 06:00:00,1.095,1.096,1.076,1.083,21034172.0,
2024-04-21 07:00:00,1.082,1.095,1.066,1.086,25750936.0,
2024-04-21 08:00:00,1.087,1.092,1.071,1.077,21028687.0,
2024-04-21 09:00:00,1.077,1.087,1.072,1.075,17529746.0,
2024-04-21 10:00:00,1.076,1.082,1.062,1.079,18511106.0,
2024-04-21 11:00:00,1.079,1.107,1.076,1.092,34273525.0,
2024-04-21 12:00:00,1.092,1.098,1.066,1.069,25690779.0,
2024-04-21 13:00:00,1.069,1.081,1.041,1.054,45886682.0,
2024-04-21 14:00:00,1.054,1.069,1.049,1.055,25331031.0,
2024-04-21 15:00:00,1.055,1.076,1.054,1.064,18018552.0,
2024-04-21 16:00:00,1.064,1.069,1.025,1.037,48587885.0,
2024-04-21 17:00:00,1.037,1.046,1.028,1.042,16517383.0,
2024-04-21 18:00:00,1.042,1.047,1.039,1.043,9309719.0,
2024-04-21 19:00:00,1.043,1.051,1.037,1.039,10749909.0,
2024-04-21 20:00:00,1.039,1.052,1.035,1.052,11121935.0,
2024-04-21 21:00:00,1.052,1.068,1.049,1.049,13678092.0,
2024-04-21 22:00:00,1.05,1.065,1.045,1.047,20941346.0,
2024-04-21 23:00:00,1.047,1.056,1.04,1.049,11545971.0,
2024-04-22 00:00:00,1.05,1.074,1.043,1.052,18851611.0,
2024-04-22 01:00:00,1.052,1.074,1.031,1.033,38843252.0,
2024-04-22 02:00:00,1.033,1.05,1.026,1.049,28516389.0,
2024-04-22 03:00:00,1.049,1.085,1.045,1.074,26337640.0,
2024-04-22 04:00:00,1.073,1.082,1.066,1.077,23717461.0,
2024-04-22 05:00:00,1.077,1.095,1.072,1.094,22549147.0,
2024-04-22 06:00:00,1.095,1.1,1.082,1.085,23330280.0,
2024-04-22 07:00:00,1.084,1.088,1.061,1.062,24338112.0,
2024-04-22 08:00:00,1.063,1.07,1.051,1.054,19628964.0,
2024-04-22 09:00:00,1.054,1.064,1.05,1.058,19837936.0,
2024-04-22 10:00:00,1.058,1.069,1.052,1.065,17714192.0,
2024-04-22 11:00:00,1.066,1.072,1.045,1.054,22494183.0,
2024-04-22 12:00:00,1.054,1.064,1.049,1.058,20700349.0,
2024-04-22 13:00:00,1.057,1.069,1.044,1.054,32215081.0,
2024-04-22 14:00:00,1.054,1.068,1.036,1.037,34368207.0,
2024-04-22 15:00:00,1.038,1.048,1.027,1.042,32517156.0,
2024-04-22 16:00:00,1.042,1.049,1.028,1.037,21966219.0,
2024-04-22 17:00:00,1.037,1.057,1.032,1.047,23811059.0,
2024-04-22 18:00:00,1.046,1.06,1.043,1.048,16763686.0,
2024-04-22 19:00:00,1.047,1.054,1.039,1.048,11086556.0,
2024-04-22 20:00:00,1.048,1.065,1.046,1.06,15792060.0,
2024-04-22 21:00:00,1.059,1.069,1.057,1.063,6924888.0,
2024-04-22 22:00:00,1.063,1.071,1.055,1.067,18290297.0,
2024-04-22 23:00:00,1.066,1.067,1.041,1.047,17332567.0,
2024-04-23 00:00:00,1.048,1.066,1.042,1.062,22031354.0,
2024-04-23 01:00:00,1.061,1.064,1.047,1.053,18447968.0,
2024-04-23 02:00:00,1.052,1.057,1.033,1.035,15474989.0,
2024-04-23 03:00:00,1.035,1.044,1.007,1.01,32992529.0,
2024-04-23 04:00:00,1.01,1.023,0.992,0.999,34617903.0,
2024-04-23 05:00:00,0.999,1.013,0.994,1.006,22116196.0,
2024-04-23 06:00:00,1.006,1.007,0.982,0.986,26506583.0,
2024-04-23 07:00:00,0.987,0.993,0.977,0.983,29754904.0,
2024-04-23 08:00:00,0.982,0.997,0.976,0.995,20824207.0,
2024-04-23 09:00:00,0.995,0.998,0.983,0.987,17023682.0,
2024-04-23 10:00:00,0.988,0.998,0.987,0.992,16665671.0,
2024-04-23 11:00:00,0.992,0.994,0.975,0.984,22090387.0,
2024-04-23 12:00:00,0.984,0.991,0.969,0.982,23209641.0,
2024-04-23 13:00:00,0.982,1.001,0.972,0.994,33478570.0,
2024-04-23 14:00:00,0.994,1.012,0.988,1.007,47980710.0,
2024-04-23 15:00:00,1.007,1.012,0.973,0.981,49972265.0,
2024-04-23 16:00:00,0.981,0.991,0.974,0.979,22580189.0,
2024-04-23 17:00:00,0.979,0.984,0.966,0.978,20899533.0,
2024-04-23 18:00:00,0.978,0.981,0.969,0.97,15098450.0,
2024-04-23 19:00:00,0.971,0.975,0.964,0.97,13634929.0,
2024-04-23 20:00:00,0.97,0.971,0.951,0.965,21912468.0,
2024-04-23 21:00:00,0.964,0.965,0.953,0.964,8239174.0,
2024-04-23 22:00:00,0.964,0.971,0.946,0.95,17927128.0,
2024-04-23 23:00:00,0.949,0.952,0.93,0.938,25976821.0,
2024-04-24 00:00:00,0.938,0.951,0.926,0.946,29413427.0,
2024-04-24 01:00:00,0.946,0.959,0.942,0.951,21561452.0,
2024-04-24 02:00:00,0.951,0.953,0.932,0.938,22923717.0,
2024-04-24 03:00:00,0.937,0.955,0.936,0.948,13986807.0,
2024-04-24 04:00:00,0.947,0.969,0.945,0.962,19811659.0,
2024-04-24 05:00:00,0.963,0.965,0.944,0.947,20285679.0,
2024-04-24 06:00:00,0.947,0.959,0.932,0.956,18702772.0,
2024-04-24 07:00:00,0.956,0.963,0.95,0.956,17993102.0,
2024-04-24 08:00:00,0.956,0.963,0.949,0.952,14183841.0,
2024-04-24 09:00:00,0.953,0.955,0.939,0.948,14940089.0,
2024-04-24 10:00:00,0.948,0.97,0.945,0.968,22078221.0,
2024-04-24 11:00:00,0.967,0.984,0.957,0.979,31405528.0,
2024-04-24 12:00:00,0.979,0.981,0.959,0.96,24625731.0,
2024-04-24 13:00:00,0.96,0.961,0.921,0.924,50954867.0,
2024-04-24 14:00:00,0.924,0.934,0.906,0.916,70025406.0,
2024-04-24 15:00:00,0.917,0.917,0.883,0.891,58084690.0,
2024-04-24 16:00:00,0.891,0.903,0.884,0.895,35311662.0,
2024-04-24 17:00:00,0.894,0.912,0.893,0.903,22666853.0,
2024-04-24 18:00:00,0.902,0.908,0.884,0.886,22537090.0,
2024-04-24 19:00:00,0.887,0.904,0.875,0.899,29506787.0,
2024-04-24 20:00:00,0.898,0.904,0.874,0.882,20588474.0,
2024-04-24 21:00:00,0.881,0.887,0.871,0.887,12114955.0,
2024-04-24 22:00:00,0.887,0.888,0.86,0.87,23839610.0,
2024-04-24 23:00:00,0.87,0.876,0.859,0.874,27081382.0,
2024-04-25 00:00:00,0.873,0.878,0.862,0.863,17017936.0,
2024-04-25 01:00:00,0.863,0.876,0.839,0.841,26164325.0,
2024-04-25 02:00:00,0.841,0.86,0.833,0.859,27656443.0,
2024-04-25 03:00:00,0.859,0.864,0.845,0.86,18013989.0,
2024-04-25 04:00:00,0.859,0.869,0.847,0.863,22293401.0,
2024-04-25 05:00:00,0.863,0.865,0.853,0.854,10211209.0,
2024-04-25 06:00:00,0.854,0.862,0.849,0.856,11127106.0,
2024-04-25 07:00:00,0.855,0.86,0.841,0.846,15703988.0,
2024-04-25 08:00:00,0.846,0.867,0.845,0.862,24029721.0,
2024-04-25 09:00:00,0.861,0.869,0.851,0.853,16493534.0,
2024-04-25 10:00:00,0.854,0.854,0.835,0.839,36028373.0,
2024-04-25 11:00:00,0.839,0.862,0.838,0.858,19082682.0,
2024-04-25 12:00:00,0.858,0.868,0.843,0.846,32941569.0,
2024-04-25 13:00:00,0.846,0.865,0.837,0.861,38337558.0,
2024-04-25 14:00:00,0.861,0.868,0.851,0.856,29688724.0,
2024-04-25 15:00:00,0.855,0.907,0.853,0.9,40052774.0,
2024-04-25 16:00:00,0.9,0.9,0.877,0.886,37602870.0,
2024-04-25 17:00:00,0.886,0.895,0.879,0.891,17809890.0,
2024-04-25 18:00:00,0.891,0.897,0.879,0.895,15132669.0,
2024-04-25 19:00:00,0.895,0.896,0.88,0.888,8947200.0,
2024-04-25 20:00:00,0.888,0.892,0.881,0.889,10356017.0,
2024-04-25 21:00:00,0.888,0.896,0.881,0.883,7479792.0,
2024-04-25 22:00:00,0.882,0.882,0.866,0.87,12058656.0,
2024-04-25 23:00:00,0.871,0.874,0.867,0.871,7480540.0,
2024-04-26 00:00:00,0.871,0.882,0.855,0.865,18081719.0,
2024-04-26 01:00:00,0.864,0.878,0.845,0.866,25411849.0,
2024-04-26 02:00:00,0.865,0.886,0.864,0.871,15037695.0,
2024-04-26 03:00:00,0.87,0.871,0.85,0.85,13735957.0,
2024-04-26 04:00:00,0.851,0.862,0.84,0.85,17647690.0,
2024-04-26 05:00:00,0.849,0.857,0.847,0.853,10564633.0,
2024-04-26 06:00:00,0.853,0.853,0.826,0.834,19380870.0,
2024-04-26 07:00:00,0.834,0.843,0.826,0.835,19512044.0,
2024-04-26 08:00:00,0.834,0.852,0.832,0.852,16045477.0,
2024-04-26 09:00:00,0.852,0.858,0.845,0.851,16765002.0,
2024-04-26 10:00:00,0.851,0.856,0.843,0.848,12170547.0,
2024-04-26 11:00:00,0.848,0.857,0.843,0.844,12458430.0,
2024-04-26 12:00:00,0.844,0.852,0.832,0.837,18544899.0,
2024-04-26 13:00:00,0.838,0.853,0.82,0.849,36642740.0,
2024-04-26 14:00:00,0.848,0.86,0.823,0.826,44639451.0,
2024-04-26 15:00:00,0.827,0.834,0.816,0.828,36992406.0,
2024-04-26 16:00:00,0.829,0.854,0.824,0.849,21595001.0,
2024-04-26 17:00:00,0.848,0.854,0.841,0.853,12853046.0,
2024-04-26 18:00:00,0.853,0.853,0.841,0.845,10276117.0,
2024-04-26 19:00:00,0.845,0.845,0.833,0.834,10029639.0,
2024-04-26 20:00:00,0.834,0.842,0.829,0.831,9200434.0,
2024-04-26 21:00:00,0.832,0.836,0.823,0.836,7195446.0,
2024-04-26 22:00:00,0.836,0.84,0.81,0.819,21638972.0,
2024-04-26 23:00:00,0.82,0.824,0.817,0.824,7666757.0,
2024-04-27 00:00:00,0.823,0.839,0.815,0.823,27243069.0,
2024-04-27 01:00:00,0.824,0.83,0.76,0.784,87045581.0,
2024-04-27 02:00:00,0.785,0.812,0.779,0.794,27518979.0,
2024-04-27 03:00:00,0.794,0.813,0.793,0.808,15629897.0,
2024-04-27 04:00:00,0.807,0.824,0.806,0.824,15882385.0,
2024-04-27 05:00:00,0.823,0.827,0.812,0.817,11690530.0,
2024-04-27 06:00:00,0.818,0.821,0.805,0.81,12614768.0,
2024-04-27 07:00:00,0.81,0.82,0.808,0.817,8984854.0,
2024-04-27 08:00:00,0.816,0.844,0.816,0.822,26248710.0,
2024-04-27 09:00:00,0.822,0.829,0.803,0.811,21437519.0,
2024-04-27 10:00:00,0.812,0.816,0.801,0.803,12647431.0,
2024-04-27 11:00:00,0.803,0.813,0.795,0.81,17012641.0,
2024-04-27 12:00:00,0.811,0.833,0.806,0.822,24532851.0,
2024-04-27 13:00:00,0.823,0.833,0.82,0.828,15199418.0,
2024-04-27 14:00:00,0.829,0.837,0.815,0.818,18245867.0,
2024-04-27 15:00:00,0.819,0.819,0.803,0.808,16046204.0,
2024-04-27 16:00:00,0.808,0.819,0.805,0.812,16741552.0,
2024-04-27 17:00:00,0.811,0.846,0.807,0.84,27097876.0,
2024-04-27 18:00:00,0.84,0.847,0.821,0.826,34455248.0,
2024-04-27 19:00:00,0.827,0.831,0.821,0.827,9700068.0,
2024-04-27 20:00:00,0.827,0.832,0.815,0.819,9221887.0,
2024-04-27 21:00:00,0.819,0.834,0.812,0.83,8943359.0,
2024-04-27 22:00:00,0.829,0.833,0.821,0.827,8715424.0,
2024-04-27 23:00:00,0.826,0.847,0.825,0.84,17398301.0,
2024-04-28 00:00:00,0.84,0.846,0.836,0.842,14673290.0,
2024-04-28 01:00:00,0.841,0.869,0.838,0.855,26911515.0,
2024-04-28 02:00:00,0.855,0.867,0.846,0.859,22469716.0,
2024-04-28 03:00:00,0.859,0.865,0.852,0.857,19723461.0,
2024-04-28 04:00:00,0.858,0.866,0.851,0.862,17780701.0,
2024-04-28 05:00:00,0.861,0.878,0.854,0.857,25052130.0,
2024-04-28 06:00:00,0.856,0.857,0.842,0.85,20339725.0,
2024-04-28 07:00:00,0.85,0.864,0.848,0.854,10840569.0,
2024-04-28 08:00:00,0.855,0.858,0.841,0.848,12813770.0,
2024-04-28 09:00:00,0.849,0.852,0.833,0.838,13397910.0,
2024-04-28 10:00:00,0.838,0.849,0.831,0.847,16620572.0,
2024-04-28 11:00:00,0.847,0.852,0.839,0.841,16052577.0,
2024-04-28 12:00:00,0.84,0.856,0.835,0.853,13272115.0,
2024-04-28 13:00:00,0.854,0.87,0.849,0.854,25247810.0,
2024-04-28 14:00:00,0.854,0.866,0.848,0.863,18498434.0,
2024-04-28 15:00:00,0.863,0.872,0.854,0.859,17735501.0,
2024-04-28 16:00:00,0.859,0.873,0.854,0.867,21482689.0,
2024-04-28 17:00:00,0.866,0.884,0.863,0.879,19690051.0,
2024-04-28 18:00:00,0.879,0.888,0.873,0.885,17767514.0,
2024-04-28 19:00:00,0.885,0.895,0.877,0.882,17127194.0,
2024-04-28 20:00:00,0.882,0.885,0.871,0.88,15415019.0,
2024-04-28 21:00:00,0.879,0.885,0.876,0.881,8750009.0,
2024-04-28 22:00:00,0.881,0.882,0.856,0.859,23481349.0,
2024-04-28 23:00:00,0.859,0.86,0.839,0.848,23879236.0,
2024-04-29 00:00:00,0.849,0.856,0.836,0.839,16748730.0,
2024-04-29 01:00:00,0.839,0.847,0.833,0.845,13888466.0,
2024-04-29 02:00:00,0.846,0.847,0.814,0.822,28492651.0,
2024-04-29 03:00:00,0.822,0.825,0.807,0.81,25176388.0,
2024-04-29 04:00:00,0.81,0.825,0.807,0.824,17950005.0,
2024-04-29 05:00:00,0.825,0.825,0.808,0.815,14585517.0,
2024-04-29 06:00:00,0.814,0.816,0.786,0.792,36061197.0,
2024-04-29 07:00:00,0.792,0.795,0.783,0.79,22365582.0,
2024-04-29 08:00:00,0.79,0.792,0.774,0.788,30890765.0,
2024-04-29 09:00:00,0.789,0.795,0.784,0.792,18930437.0,
2024-04-29 10:00:00,0.791,0.796,0.782,0.787,19702625.0,
2024-04-29 11:00:00,0.787,0.792,0.783,0.787,15712141.0,
2024-04-29 12:00:00,0.786,0.793,0.779,0.79,24655847.0,
2024-04-29 13:00:00,0.791,0.813,0.788,0.809,48760443.0,
2024-04-29 14:00:00,0.81,0.858,0.808,0.855,70708833.0,
2024-04-29 15:00:00,0.854,0.898,0.852,0.891,80982433.0,
2024-04-29 16:00:00,0.892,0.897,0.858,0.87,58291164.0,
2024-04-29 17:00:00,0.869,0.924,0.868,0.91,71352218.0,
2024-04-29 18:00:00,0.909,0.918,0.884,0.892,43431157.0,
2024-04-29 19:00:00,0.892,0.895,0.874,0.89,29324191.0,
2024-04-29 20:00:00,0.89,0.894,0.879,0.885,21560967.0,
2024-04-29 21:00:00,0.885,0.887,0.873,0.885,13165497.0,
2024-04-29 22:00:00,0.885,0.937,0.88,0.93,54743411.0,
2024-04-29 23:00:00,0.93,0.944,0.923,0.926,38981637.0,
2024-04-30 00:00:00,0.927,0.939,0.917,0.926,36916281.0,
2024-04-30 01:00:00,0.926,0.935,0.898,0.901,37961104.0,
2024-04-30 02:00:00,0.901,0.912,0.89,0.901,39524347.0,
2024-04-30 03:00:00,0.9,0.902,0.886,0.894,20409627.0,
2024-04-30 04:00:00,0.894,0.9,0.882,0.888,18373235.0,
2024-04-30 05:00:00,0.889,0.9,0.877,0.886,24425574.0,
2024-04-30 06:00:00,0.887,0.908,0.884,0.901,23040511.0,
2024-04-30 07:00:00,0.9,0.904,0.885,0.888,23527964.0,
2024-04-30 08:00:00,0.888,0.891,0.833,0.843,82719464.0,
2024-04-30 09:00:00,0.843,0.852,0.83,0.831,44292653.0,
2024-04-30 10:00:00,0.83,0.836,0.811,0.825,45626948.0,
2024-04-30 11:00:00,0.825,0.826,0.81,0.813,38726896.0,
2024-04-30 12:00:00,0.813,0.825,0.791,0.812,67629297.0,
2024-04-30 13:00:00,0.811,0.821,0.806,0.814,33723549.0,
2024-04-30 14:00:00,0.814,0.827,0.806,0.818,47828359.0,
2024-04-30 15:00:00,0.819,0.825,0.802,0.813,39753865.0,
2024-04-30 16:00:00,0.813,0.822,0.795,0.813,53427739.0,
2024-04-30 17:00:00,0.813,0.819,0.799,0.812,27811558.0,
2024-04-30 18:00:00,0.811,0.816,0.804,0.813,17988725.0,
2024-04-30 19:00:00,0.812,0.819,0.796,0.806,36826197.0,
2024-04-30 20:00:00,0.806,0.824,0.804,0.807,30796686.0,
2024-04-30 21:00:00,0.807,0.813,0.799,0.808,12559985.0,
2024-04-30 22:00:00,0.809,0.836,0.806,0.817,35495364.0,
2024-04-30 23:00:00,0.818,0.822,0.805,0.814,21569721.0,
2024-05-01 00:00:00,0.814,0.821,0.798,0.802,32119132.0,
2024-05-01 01:00:00,0.801,0.819,0.785,0.81,42292861.0,
2024-05-01 02:00:00,0.811,0.813,0.79,0.8,33387704.0,
2024-05-01 03:00:00,0.8,0.803,0.791,0.799,15221568.0,
2024-05-01 04:00:00,0.8,0.806,0.791,0.793,13522307.0,
2024-05-01 05:00:00,0.793,0.8,0.776,0.781,31426658.0,
2024-05-01 06:00:00,0.781,0.784,0.767,0.768,28850582.0,
2024-05-01 07:00:00,0.768,0.77,0.73,0.756,106430990.0,
2024-05-01 08:00:00,0.755,0.787,0.75,0.787,61308807.0,
2024-05-01 09:00:00,0.787,0.811,0.782,0.806,48071618.0,
2024-05-01 10:00:00,0.806,0.817,0.796,0.811,37222573.0,
2024-05-01 11:00:00,0.812,0.817,0.806,0.816,19593548.0,
2024-05-01 12:00:00,0.816,0.819,0.807,0.811,28700281.0,
2024-05-01 13:00:00,0.811,0.812,0.801,0.802,26196501.0,
2024-05-01 14:00:00,0.802,0.806,0.788,0.8,30593849.0,
2024-05-01 15:00:00,0.801,0.801,0.776,0.778,35758889.0,
2024-05-01 16:00:00,0.778,0.798,0.773,0.78,31580598.0,
2024-05-01 17:00:00,0.781,0.792,0.77,0.785,28317188.0,
2024-05-01 18:00:00,0.785,0.831,0.784,0.814,77664867.0,
2024-05-01 19:00:00,0.814,0.82,0.773,0.777,49003955.0,
2024-05-01 20:00:00,0.778,0.787,0.771,0.783,21925847.0,
2024-05-01 21:00:00,0.783,0.798,0.78,0.797,11406280.0,
2024-05-01 22:00:00,0.797,0.808,0.794,0.799,19716255.0,
2024-05-01 23:00:00,0.799,0.805,0.795,0.799,11697174.0,
2024-05-02 00:00:00,0.799,0.808,0.777,0.779,23422507.0,
2024-05-02 01:00:00,0.78,0.786,0.765,0.775,25826643.0,
2024-05-02 02:00:00,0.776,0.779,0.765,0.773,15505846.0,
2024-05-02 03:00:00,0.773,0.781,0.77,0.775,10757734.0,
2024-05-02 04:00:00,0.776,0.785,0.774,0.778,9776549.0,
2024-05-02 05:00:00,0.778,0.779,0.767,0.776,14285621.0,
2024-05-02 06:00:00,0.776,0.783,0.774,0.778,13316693.0,
2024-05-02 07:00:00,0.778,0.797,0.778,0.788,19330600.0,
2024-05-02 08:00:00,0.788,0.799,0.784,0.792,16711703.0,
2024-05-02 09:00:00,0.792,0.795,0.783,0.795,13465391.0,
2024-05-02 10:00:00,0.795,0.815,0.792,0.812,24543214.0,
2024-05-02 11:00:00,0.812,0.83,0.809,0.815,57133306.0,
2024-05-02 12:00:00,0.815,0.829,0.811,0.818,34728898.0,
2024-05-02 13:00:00,0.817,0.831,0.804,0.807,32690261.0,
2024-05-02 14:00:00,0.807,0.823,0.803,0.817,30855391.0,
2024-05-02 15:00:00,0.817,0.832,0.814,0.817,33199706.0,
2024-05-02 16:00:00,0.816,0.819,0.803,0.807,21254471.0,
2024-05-02 17:00:00,0.807,0.818,0.806,0.815,13237329.0,
2024-05-02 18:00:00,0.815,0.822,0.811,0.814,15312787.0,
2024-05-02 19:00:00,0.813,0.818,0.809,0.816,11447506.0,
2024-05-02 20:00:00,0.816,0.818,0.798,0.798,15204038.0,
2024-05-02 21:00:00,0.798,0.815,0.797,0.806,8747214.0,
2024-05-02 22:00:00,0.807,0.813,0.801,0.805,17743896.0,
2024-05-02 23:00:00,0.804,0.807,0.795,0.797,13387763.0,
2024-05-03 00:00:00,0.796,0.8,0.788,0.798,21196501.0,
2024-05-03 01:00:00,0.797,0.814,0.795,0.808,24084455.0,
2024-05-03 02:00:00,0.808,0.819,0.805,0.811,19545425.0,
2024-05-03 03:00:00,0.811,0.817,0.809,0.813,16286533.0,
2024-05-03 04:00:00,0.812,0.816,0.8,0.803,15387510.0,
2024-05-03 05:00:00,0.804,0.81,0.801,0.802,12246361.0,
2024-05-03 06:00:00,0.803,0.804,0.794,0.797,16956433.0,
2024-05-03 07:00:00,0.797,0.801,0.791,0.793,15599681.0,
2024-05-03 08:00:00,0.793,0.8,0.79,0.796,12344696.0,
2024-05-03 09:00:00,0.795,0.801,0.794,0.797,10391703.0,
2024-05-03 10:00:00,0.797,0.797,0.784,0.788,17959912.0,
2024-05-03 11:00:00,0.787,0.793,0.782,0.791,14952791.0,
2024-05-03 12:00:00,0.791,0.819,0.785,0.809,44482114.0,
2024-05-03 13:00:00,0.81,0.824,0.808,0.822,39846586.0,
2024-05-03 14:00:00,0.822,0.843,0.814,0.835,42544990.0,
2024-05-03 15:00:00,0.836,0.845,0.824,0.842,24794075.0,
2024-05-03 16:00:00,0.843,0.877,0.843,0.855,55649170.0,
2024-05-03 17:00:00,0.855,0.861,0.85,0.853,22030249.0,
2024-05-03 18:00:00,0.854,0.857,0.843,0.847,13949398.0,
2024-05-03 19:00:00,0.847,0.854,0.84,0.854,16942840.0,
2024-05-03 20:00:00,0.854,0.863,0.848,0.857,20207929.0,
2024-05-03 21:00:00,0.856,0.859,0.849,0.858,14166212.0,
2024-05-03 22:00:00,0.858,0.859,0.85,0.855,13352520.0,
2024-05-03 23:00:00,0.855,0.858,0.848,0.852,11006556.0,
2024-05-04 00:00:00,0.852,0.857,0.844,0.851,14974257.0,
2024-05-04 01:00:00,0.851,0.853,0.832,0.836,20878412.0,
2024-05-04 02:00:00,0.836,0.838,0.822,0.827,20681501.0,
2024-05-04 03:00:00,0.827,0.835,0.825,0.832,14701588.0,
2024-05-04 04:00:00,0.833,0.846,0.83,0.843,16308960.0,
2024-05-04 05:00:00,0.843,0.844,0.835,0.843,9161372.0,
2024-05-04 06:00:00,0.843,0.852,0.839,0.84,13570222.0,
2024-05-04 07:00:00,0.84,0.841,0.835,0.838,7899042.0,
2024-05-04 08:00:00,0.838,0.849,0.836,0.848,10528100.0,
2024-05-04 09:00:00,0.849,0.866,0.846,0.862,17902454.0,
2024-05-04 10:00:00,0.862,0.876,0.854,0.872,20732007.0,
2024-05-04 11:00:00,0.873,0.873,0.84,0.843,34022184.0,
2024-05-04 12:00:00,0.844,0.851,0.837,0.85,19941198.0,
2024-05-04 13:00:00,0.85,0.85,0.827,0.836,23946297.0,
2024-05-04 14:00:00,0.836,0.84,0.831,0.834,11783402.0,
2024-05-04 15:00:00,0.835,0.837,0.829,0.835,12176078.0,
2024-05-04 16:00:00,0.836,0.837,0.827,0.831,12897870.0,
2024-05-04 17:00:00,0.83,0.831,0.822,0.828,17895122.0,
2024-05-04 18:00:00,0.828,0.837,0.825,0.835,8336979.0,
2024-05-04 19:00:00,0.835,0.843,0.831,0.84,8542034.0,
2024-05-04 20:00:00,0.839,0.844,0.833,0.84,9257291.0,
2024-05-04 21:00:00,0.84,0.845,0.83,0.836,12183047.0,
2024-05-04 22:00:00,0.837,0.838,0.829,0.831,9550398.0,
2024-05-04 23:00:00,0.831,0.832,0.825,0.827,7857509.0,
2024-05-05 00:00:00,0.827,0.832,0.813,0.819,23210182.0,
2024-05-05 01:00:00,0.82,0.821,0.795,0.807,29363977.0,
2024-05-05 02:00:00,0.806,0.811,0.797,0.798,11154805.0,
2024-05-05 03:00:00,0.799,0.802,0.794,0.799,11249358.0,
2024-05-05 04:00:00,0.8,0.804,0.797,0.802,7528531.0,
2024-05-05 05:00:00,0.802,0.81,0.8,0.801,9442949.0,
2024-05-05 06:00:00,0.802,0.805,0.798,0.799,9694614.0,
2024-05-05 07:00:00,0.798,0.808,0.798,0.802,12036659.0,
2024-05-05 08:00:00,0.801,0.813,0.8,0.811,14278238.0,
2024-05-05 09:00:00,0.81,0.811,0.801,0.805,14581097.0,
2024-05-05 10:00:00,0.804,0.81,0.799,0.802,12299814.0,
2024-05-05 11:00:00,0.802,0.81,0.799,0.804,12633014.0,
2024-05-05 12:00:00,0.804,0.806,0.798,0.798,8401444.0,
2024-05-05 13:00:00,0.798,0.812,0.795,0.805,21641454.0,
2024-05-05 14:00:00,0.805,0.808,0.795,0.805,15065041.0,
2024-05-05 15:00:00,0.805,0.82,0.803,0.818,24303895.0,
2024-05-05 16:00:00,0.817,0.823,0.811,0.818,13697754.0,
2024-05-05 17:00:00,0.817,0.825,0.813,0.813,10505586.0,
2024-05-05 18:00:00,0.813,0.814,0.802,0.807,12527251.0,
2024-05-05 19:00:00,0.807,0.814,0.805,0.809,7271022.0,
2024-05-05 20:00:00,0.808,0.811,0.803,0.81,7799041.0,
2024-05-05 21:00:00,0.809,0.81,0.803,0.808,4619868.0,
2024-05-05 22:00:00,0.808,0.809,0.802,0.808,8456643.0,
2024-05-05 23:00:00,0.808,0.815,0.807,0.813,8730737.0,
2024-05-06 00:00:00,0.812,0.832,0.81,0.829,14374163.0,
2024-05-06 01:00:00,0.829,0.836,0.821,0.826,15568984.0,
2024-05-06 02:00:00,0.826,0.859,0.825,0.839,37863317.0,
2024-05-06 03:00:00,0.839,0.873,0.839,0.867,34446099.0,
2024-05-06 04:00:00,0.867,0.888,0.863,0.878,41488594.0,
2024-05-06 05:00:00,0.879,0.907,0.878,0.901,46907378.0,
2024-05-06 06:00:00,0.901,0.914,0.888,0.902,43018924.0,
2024-05-06 07:00:00,0.901,0.915,0.898,0.911,28946283.0,
2024-05-06 08:00:00,0.911,0.935,0.902,0.909,59042956.0,
2024-05-06 09:00:00,0.909,0.927,0.906,0.922,31638463.0,
2024-05-06 10:00:00,0.922,0.929,0.886,0.897,58171400.0,
2024-05-06 11:00:00,0.898,0.924,0.897,0.919,32581546.0,
2024-05-06 12:00:00,0.919,0.926,0.868,0.885,78019048.0,
2024-05-06 13:00:00,0.885,0.902,0.88,0.898,43646436.0,
2024-05-06 14:00:00,0.898,0.908,0.872,0.873,41606434.0,
2024-05-06 15:00:00,0.874,0.889,0.868,0.877,40015175.0,
2024-05-06 16:00:00,0.877,0.891,0.863,0.867,33583397.0,
2024-05-06 17:00:00,0.868,0.873,0.85,0.862,30400771.0,
2024-05-06 18:00:00,0.863,0.869,0.855,0.86,20420671.0,
2024-05-06 19:00:00,0.861,0.865,0.852,0.865,19396263.0,
2024-05-06 20:00:00,0.865,0.881,0.859,0.88,16925650.0,
2024-05-06 21:00:00,0.881,0.889,0.876,0.889,15648577.0,
2024-05-06 22:00:00,0.889,0.906,0.885,0.899,29622039.0,
2024-05-06 23:00:00,0.9,0.9,0.887,0.892,21899831.0,
2024-05-07 00:00:00,0.892,0.905,0.883,0.895,39532819.0,
2024-05-07 01:00:00,0.896,0.919,0.886,0.916,36329294.0,
2024-05-07 02:00:00,0.916,0.919,0.898,0.898,21151744.0,
2024-05-07 03:00:00,0.899,0.901,0.856,0.872,56202076.0,
2024-05-07 04:00:00,0.872,0.883,0.867,0.874,21388397.0,
2024-05-07 05:00:00,0.875,0.887,0.861,0.875,24135847.0,
2024-05-07 06:00:00,0.876,0.879,0.855,0.861,18927614.0,
2024-05-07 07:00:00,0.861,0.89,0.859,0.886,30113539.0,
2024-05-07 08:00:00,0.885,0.917,0.883,0.911,35355785.0,
2024-05-07 09:00:00,0.911,0.914,0.898,0.908,20786225.0,
2024-05-07 10:00:00,0.908,0.918,0.9,0.912,25706774.0,
2024-05-07 11:00:00,0.911,0.912,0.891,0.892,25237708.0,
2024-05-07 12:00:00,0.892,0.925,0.866,0.898,123276247.0,
2024-05-07 13:00:00,0.897,0.92,0.876,0.91,79047146.0,
2024-05-07 14:00:00,0.91,0.988,0.905,0.979,133305626.0,
2024-05-07 15:00:00,0.979,1.005,0.958,0.966,126725977.0,
2024-05-07 16:00:00,0.967,0.97,0.94,0.953,51406315.0,
2024-05-07 17:00:00,0.952,0.957,0.935,0.938,36464562.0,
2024-05-07 18:00:00,0.938,0.946,0.926,0.928,38203744.0,
2024-05-07 19:00:00,0.929,0.936,0.916,0.929,30994461.0,
2024-05-07 20:00:00,0.929,0.943,0.923,0.926,32169162.0,
2024-05-07 21:00:00,0.926,0.931,0.912,0.926,15284961.0,
2024-05-07 22:00:00,0.926,0.927,0.906,0.911,24026514.0,
2024-05-07 23:00:00,0.91,0.922,0.901,0.918,44400591.0,
2024-05-08 00:00:00,0.918,0.951,0.912,0.937,71584855.0,
2024-05-08 01:00:00,0.936,0.947,0.924,0.935,32196074.0,
2024-05-08 02:00:00,0.934,0.946,0.926,0.932,22652148.0,
2024-05-08 03:00:00,0.931,0.938,0.91,0.918,29782813.0,
2024-05-08 04:00:00,0.918,0.935,0.894,0.909,40341192.0,
2024-05-08 05:00:00,0.91,0.912,0.896,0.899,24945513.0,
2024-05-08 06:00:00,0.899,0.905,0.882,0.8983,86805873.0,
2024-05-08 07:00:00,0.8983,0.905,0.887,0.8986,36594635.0,
2024-05-08 08:00:00,0.8986,0.8989,0.88,0.8943,33497054.0,
2024-05-08 09:00:00,0.8942,0.9017,0.8798,0.9017,25173637.0,
2024-05-08 10:00:00,0.9016,0.926,0.9011,0.9223,36043184.0,
2024-05-08 11:00:00,0.9223,0.934,0.909,0.9199,40115408.0,
2024-05-08 12:00:00,0.9199,0.9402,0.906,0.9144,40311217.0,
2024-05-08 13:00:00,0.9144,0.922,0.897,0.9185,39955440.0,
2024-05-08 14:00:00,0.9184,0.923,0.897,0.8976,27086649.0,
2024-05-08 15:00:00,0.8975,0.902,0.885,0.893,34639188.0,
2024-05-08 16:00:00,0.8931,0.903,0.8861,0.9018,16720215.0,
2024-05-08 17:00:00,0.9018,0.9038,0.89,0.8948,8529340.0,
2024-05-08 18:00:00,0.8948,0.9074,0.8932,0.9072,6923978.0,
2024-05-08 19:00:00,0.9072,0.908,0.8819,0.8986,16390727.0,
2024-05-08 20:00:00,0.8987,0.9054,0.8536,0.863,34607634.0,
2024-05-08 21:00:00,0.8631,0.88,0.8609,0.8712,27749501.0,
2024-05-08 22:00:00,0.8712,0.8738,0.8666,0.8703,16969172.0,
2024-05-08 23:00:00,0.8704,0.8762,0.8666,0.8727,16475624.0,
2024-05-09 00:00:00,0.8728,0.888,0.8642,0.8798,19422253.0,
2024-05-09 01:00:00,0.8799,0.886,0.8756,0.8807,15516323.0,
2024-05-09 02:00:00,0.8807,0.898,0.8771,0.8975,12369175.0,
2024-05-09 03:00:00,0.8975,0.9087,0.89,0.8953,16249697.0,
2024-05-09 04:00:00,0.8954,0.906,0.8875,0.8896,10629449.0,
2024-05-09 05:00:00,0.8897,0.8984,0.8856,0.8891,11433129.0,
2024-05-09 06:00:00,0.889,0.8995,0.8793,0.8808,12944837.0,
2024-05-09 07:00:00,0.8809,0.883,0.8666,0.8717,11651289.0,
2024-05-09 08:00:00,0.8718,0.8748,0.8651,0.8676,12979619.0,
2024-05-09 09:00:00,0.8677,0.8688,0.8562,0.8659,16807370.0,
2024-05-09 10:00:00,0.8659,0.866,0.853,0.8532,13954705.0,
2024-05-09 11:00:00,0.8532,0.8682,0.8514,0.8635,17301160.0,
2024-05-09 12:00:00,0.8635,0.8806,0.8611,0.8745,12900358.0,
2024-05-09 13:00:00,0.8746,0.8749,0.8522,0.8594,16915630.0,
2024-05-09 14:00:00,0.8595,0.8674,0.8543,0.8611,12655420.0,
2024-05-09 15:00:00,0.8611,0.8865,0.8595,0.8813,20710667.0,
2024-05-09 16:00:00,0.8812,0.8904,0.8576,0.8582,21602831.0,
2024-05-09 17:00:00,0.8583,0.8671,0.8571,0.8625,10650094.0,
2024-05-09 18:00:00,0.8626,0.8732,0.8625,0.8719,9690809.0,
2024-05-09 19:00:00,0.8719,0.8787,0.8702,0.8777,7427300.0,
2024-05-09 20:00:00,0.8777,0.8847,0.8746,0.8781,8750659.0,
2024-05-09 21:00:00,0.8781,0.888,0.877,0.8844,7504676.0,
2024-05-09 22:00:00,0.8845,0.8987,0.8837,0.8956,14606628.0,
2024-05-09 23:00:00,0.8955,0.8968,0.887,0.8936,11441649.0,
2024-05-10 00:00:00,0.8936,0.8989,0.886,0.8977,10988858.0,
2024-05-10 01:00:00,0.8976,0.9077,0.892,0.8993,15132651.0,
2024-05-10 02:00:00,0.8993,0.9052,0.8946,0.8997,10126356.0,
2024-05-10 03:00:00,0.8997,0.9018,0.8922,0.901,7644856.0,
2024-05-10 04:00:00,0.901,0.9115,0.8992,0.9036,10950755.0,
2024-05-10 05:00:00,0.9035,0.9057,0.888,0.8904,12898518.0,
2024-05-10 06:00:00,0.8904,0.9044,0.89,0.8989,13655015.0,
2024-05-10 07:00:00,0.8989,0.9024,0.8915,0.8926,11652774.0,
2024-05-10 08:00:00,0.8926,0.901,0.8879,0.8986,14565959.0,
2024-05-10 09:00:00,0.8985,0.9184,0.8951,0.9145,31758182.0,
2024-05-10 10:00:00,0.9144,0.929,0.9091,0.9262,22743219.0,
2024-05-10 11:00:00,0.9262,0.9358,0.9221,0.9333,19853015.0,
2024-05-10 12:00:00,0.9333,0.9367,0.9117,0.9177,24387156.0,
2024-05-10 13:00:00,0.9178,0.924,0.908,0.9143,14709715.0,
2024-05-10 14:00:00,0.9143,0.9147,0.8602,0.87,59879701.0,
2024-05-10 15:00:00,0.87,0.8756,0.8532,0.8568,35747829.0,
2024-05-10 16:00:00,0.8567,0.8615,0.8337,0.8473,43253926.0,
2024-05-10 17:00:00,0.8473,0.8475,0.8234,0.8337,27048472.0,
2024-05-10 18:00:00,0.8336,0.8455,0.8273,0.8424,15398037.0,
2024-05-10 19:00:00,0.8425,0.8468,0.8373,0.8453,10405868.0,
2024-05-10 20:00:00,0.8454,0.852,0.8366,0.8467,11443597.0,
2024-05-10 21:00:00,0.8467,0.8484,0.84,0.8449,6002868.0,
2024-05-10 22:00:00,0.8449,0.847,0.8422,0.8446,8591617.0,
2024-05-10 23:00:00,0.8445,0.8529,0.8438,0.847,9267986.0,
2024-05-11 00:00:00,0.847,0.853,0.8424,0.8496,10477188.0,
2024-05-11 01:00:00,0.8495,0.8617,0.8488,0.8507,14864220.0,
2024-05-11 02:00:00,0.8507,0.8539,0.8466,0.8525,8546371.0,
2024-05-11 03:00:00,0.8525,0.8593,0.8502,0.8571,7638636.0,
2024-05-11 04:00:00,0.8571,0.8597,0.8504,0.8517,6236666.0,
2024-05-11 05:00:00,0.8518,0.8552,0.85,0.8549,5858722.0,
2024-05-11 06:00:00,0.855,0.8657,0.855,0.8607,10025750.0,
2024-05-11 07:00:00,0.8607,0.8619,0.8554,0.8593,7701857.0,
2024-05-11 08:00:00,0.8594,0.861,0.852,0.8549,8920369.0,
2024-05-11 09:00:00,0.8549,0.861,0.848,0.8524,11041112.0,
2024-05-11 10:00:00,0.8524,0.8531,0.8422,0.848,13214118.0,
2024-05-11 11:00:00,0.8481,0.8485,0.8388,0.8424,16072055.0,
2024-05-11 12:00:00,0.8424,0.8494,0.842,0.8423,7686992.0,
2024-05-11 13:00:00,0.8423,0.8566,0.8399,0.8558,13479015.0,
2024-05-11 14:00:00,0.8557,0.858,0.851,0.8534,7641656.0,
2024-05-11 15:00:00,0.8534,0.8712,0.8532,0.8652,22939279.0,
2024-05-11 16:00:00,0.8652,0.8666,0.853,0.8563,9462611.0,
2024-05-11 17:00:00,0.8563,0.8584,0.8518,0.8542,5659407.0,
2024-05-11 18:00:00,0.8541,0.8596,0.8517,0.8574,5228072.0,
2024-05-11 19:00:00,0.8573,0.8576,0.851,0.854,2939524.0,
2024-05-11 20:00:00,0.8539,0.8543,0.842,0.8501,7185894.0,
2024-05-11 21:00:00,0.8502,0.8504,0.8431,0.8462,3829234.0,
2024-05-11 22:00:00,0.8462,0.848,0.8408,0.8426,6503825.0,
2024-05-11 23:00:00,0.8426,0.8456,0.837,0.8407,7329336.0,
2024-05-12 00:00:00,0.8407,0.8444,0.8372,0.8375,7313746.0,
2024-05-12 01:00:00,0.8375,0.8401,0.8342,0.8383,10882189.0,
2024-05-12 02:00:00,0.8383,0.8398,0.8357,0.8376,4656986.0,
2024-05-12 03:00:00,0.8375,0.8437,0.8353,0.8417,5259483.0,
2024-05-12 04:00:00,0.8417,0.8469,0.8407,0.8458,4896938.0,
2024-05-12 05:00:00,0.8457,0.848,0.8421,0.8477,4262788.0,
2024-05-12 06:00:00,0.8476,0.8522,0.8453,0.8469,6865800.0,
2024-05-12 07:00:00,0.8469,0.8506,0.8367,0.8387,10375860.0,
2024-05-12 08:00:00,0.8388,0.8444,0.8355,0.8407,8850797.0,
2024-05-12 09:00:00,0.8406,0.8413,0.8366,0.8402,5253381.0,
2024-05-12 10:00:00,0.8402,0.8512,0.8372,0.8485,9058129.0,
2024-05-12 11:00:00,0.8485,0.8502,0.8455,0.8484,4245414.0,
2024-05-12 12:00:00,0.8483,0.8497,0.8432,0.8446,5273288.0,
2024-05-12 13:00:00,0.8447,0.8475,0.8407,0.8457,4752825.0,
2024-05-12 14:00:00,0.8457,0.8489,0.8395,0.8403,5712308.0,
2024-05-12 15:00:00,0.8403,0.8466,0.8373,0.843,9059793.0,
2024-05-12 16:00:00,0.8431,0.8519,0.8393,0.8394,11282567.0,
2024-05-12 17:00:00,0.8394,0.8437,0.8361,0.8431,9268154.0,
2024-05-12 18:00:00,0.843,0.8439,0.8353,0.8365,5574179.0,
2024-05-12 19:00:00,0.8364,0.8367,0.8299,0.8348,8700534.0,
2024-05-12 20:00:00,0.8349,0.836,0.8302,0.8323,4817474.0,
2024-05-12 21:00:00,0.8324,0.8342,0.8186,0.8278,16331676.0,
2024-05-12 22:00:00,0.8278,0.8305,0.8266,0.8284,6987755.0,
2024-05-12 23:00:00,0.8283,0.8318,0.8268,0.83,3834855.0,
2024-05-13 00:00:00,0.83,0.8356,0.8256,0.8282,8225189.0,
2024-05-13 01:00:00,0.8282,0.8288,0.8128,0.8189,18973651.0,
2024-05-13 02:00:00,0.819,0.8218,0.7918,0.8011,35380774.0,
2024-05-13 03:00:00,0.8011,0.802,0.7864,0.7969,25629591.0,
2024-05-13 04:00:00,0.7969,0.7969,0.7883,0.7943,12576978.0,
2024-05-13 05:00:00,0.7942,0.8016,0.7925,0.7952,10354590.0,
2024-05-13 06:00:00,0.7952,0.8112,0.7943,0.8092,14277279.0,
2024-05-13 07:00:00,0.8092,0.8244,0.8065,0.821,16906317.0,
2024-05-13 08:00:00,0.821,0.8298,0.8169,0.8208,25852709.0,
2024-05-13 09:00:00,0.8209,0.834,0.8208,0.831,14072008.0,
2024-05-13 10:00:00,0.831,0.8326,0.806,0.8094,37931419.0,
2024-05-13 11:00:00,0.8094,0.8112,0.7944,0.7994,21754681.0,
2024-05-13 12:00:00,0.7994,0.8102,0.7945,0.81,19391610.0,
2024-05-13 13:00:00,0.81,0.813,0.7813,0.786,29788848.0,
2024-05-13 14:00:00,0.7861,0.7946,0.765,0.7719,44346509.0,
2024-05-13 15:00:00,0.7719,0.786,0.7687,0.7804,20827254.0,
2024-05-13 16:00:00,0.7804,0.7956,0.7796,0.7883,21172741.0,
2024-05-13 17:00:00,0.7884,0.7893,0.7705,0.7718,17864628.0,
2024-05-13 18:00:00,0.7719,0.7728,0.7551,0.7639,22562517.0,
2024-05-13 19:00:00,0.7639,0.769,0.762,0.7674,14932230.0,
2024-05-13 20:00:00,0.7673,0.7683,0.7652,0.7663,8462499.0,
2024-05-13 21:00:00,0.7663,0.7679,0.7633,0.7664,6232112.0,
2024-05-13 22:00:00,0.7664,0.7675,0.7557,0.7606,13455304.0,
2024-05-13 23:00:00,0.7607,0.7715,0.7604,0.7673,9541325.0,
2024-05-14 00:00:00,0.7672,0.773,0.7604,0.7629,15508066.0,
2024-05-14 01:00:00,0.7629,0.765,0.7511,0.7522,16842963.0,
2024-05-14 02:00:00,0.7523,0.7577,0.7441,0.7569,20132134.0,
2024-05-14 03:00:00,0.757,0.7678,0.7552,0.7639,15677184.0,
2024-05-14 04:00:00,0.7639,0.7677,0.759,0.7625,10567710.0,
2024-05-14 05:00:00,0.7625,0.7712,0.7613,0.7657,13019759.0,
2024-05-14 06:00:00,0.7658,0.7663,0.7381,0.7521,32427486.0,
2024-05-14 07:00:00,0.7521,0.757,0.7485,0.7554,11943727.0,
2024-05-14 08:00:00,0.7556,0.756,0.7434,0.7478,15111981.0,
2024-05-14 09:00:00,0.7478,0.7491,0.7407,0.7417,11713560.0,
2024-05-14 10:00:00,0.7418,0.7436,0.733,0.7407,17387386.0,
2024-05-14 11:00:00,0.7407,0.7433,0.7201,0.7219,25662755.0,
2024-05-14 12:00:00,0.7218,0.7355,0.7162,0.7173,43807720.0,
2024-05-14 13:00:00,0.7173,0.7319,0.7166,0.7194,28903108.0,
2024-05-14 14:00:00,0.7194,0.7222,0.7021,0.7076,51510398.0,
2024-05-14 15:00:00,0.7076,0.7137,0.6932,0.6961,28635376.0,
2024-05-14 16:00:00,0.6962,0.6999,0.6804,0.693,46239307.0,
2024-05-14 17:00:00,0.693,0.6943,0.6811,0.6829,20185130.0,
2024-05-14 18:00:00,0.6828,0.6892,0.6713,0.6875,25517204.0,
2024-05-14 19:00:00,0.6875,0.699,0.6849,0.6879,25031487.0,
2024-05-14 20:00:00,0.6878,0.6935,0.6854,0.6905,12170130.0,
2024-05-14 21:00:00,0.6905,0.6948,0.6838,0.6941,8480399.0,
2024-05-14 22:00:00,0.6941,0.698,0.6884,0.6909,10962352.0,
2024-05-14 23:00:00,0.6909,0.695,0.6893,0.6931,8458212.0,
2024-05-15 00:00:00,0.6931,0.7068,0.6928,0.6996,15956916.0,
2024-05-15 01:00:00,0.6996,0.7137,0.6988,0.7078,18412935.0,
2024-05-15 02:00:00,0.7078,0.7119,0.7011,0.7043,14073362.0,
2024-05-15 03:00:00,0.7043,0.7095,0.7015,0.7082,20605155.0,
2024-05-15 04:00:00,0.7082,0.709,0.7006,0.7024,8088475.0,
2024-05-15 05:00:00,0.7024,0.7073,0.696,0.6994,10922255.0,
2024-05-15 06:00:00,0.6995,0.7028,0.6956,0.6987,8260061.0,
2024-05-15 07:00:00,0.6988,0.7057,0.6973,0.6994,10937281.0,
2024-05-15 08:00:00,0.6993,0.7014,0.6832,0.6901,20502686.0,
2024-05-15 09:00:00,0.69,0.7049,0.6809,0.6963,27570650.0,
2024-05-15 10:00:00,0.6964,0.7015,0.6903,0.691,19560651.0,
2024-05-15 11:00:00,0.691,0.6922,0.6652,0.6724,43318137.0,
2024-05-15 12:00:00,0.6724,0.7268,0.6724,0.7168,76231061.0,
2024-05-15 13:00:00,0.7168,0.7376,0.7072,0.7131,49152000.0,
2024-05-15 14:00:00,0.7132,0.731,0.711,0.7277,24315177.0,
2024-05-15 15:00:00,0.7276,0.729,0.7159,0.7169,25808633.0,
2024-05-15 16:00:00,0.717,0.7234,0.706,0.7113,23708721.0,
2024-05-15 17:00:00,0.7113,0.7173,0.708,0.7149,12146708.0,
2024-05-15 18:00:00,0.7148,0.7287,0.7133,0.7248,16449265.0,
2024-05-15 19:00:00,0.7248,0.7387,0.7194,0.7375,15832659.0,
2024-05-15 20:00:00,0.7374,0.749,0.7344,0.7419,24588090.0,
2024-05-15 21:00:00,0.7418,0.7448,0.7265,0.7291,13899844.0,
2024-05-15 22:00:00,0.7292,0.7397,0.7285,0.7354,11730129.0,
2024-05-15 23:00:00,0.7353,0.7391,0.7326,0.7344,10755895.0,
2024-05-16 00:00:00,0.7343,0.745,0.7321,0.7377,17401075.0,
2024-05-16 01:00:00,0.7376,0.7462,0.7327,0.7332,15345500.0,
2024-05-16 02:00:00,0.7332,0.7384,0.7247,0.7271,12283053.0,
2024-05-16 03:00:00,0.7272,0.7468,0.721,0.7388,27106429.0,
2024-05-16 04:00:00,0.7387,0.7486,0.727,0.7281,42436446.0,
2024-05-16 05:00:00,0.7282,0.7325,0.725,0.7271,8436620.0,
2024-05-16 06:00:00,0.727,0.7316,0.7221,0.7267,10465613.0,
2024-05-16 07:00:00,0.7266,0.7364,0.7248,0.7283,10676445.0,
2024-05-16 08:00:00,0.7283,0.7343,0.7228,0.7241,8013700.0,
2024-05-16 09:00:00,0.7241,0.7249,0.713,0.7243,17303971.0,
2024-05-16 10:00:00,0.7243,0.7302,0.7143,0.7193,26737791.0,
2024-05-16 11:00:00,0.7193,0.7211,0.7138,0.7179,8514969.0,
2024-05-16 12:00:00,0.7178,0.7185,0.6876,0.6911,41729174.0,
2024-05-16 13:00:00,0.6911,0.6937,0.678,0.6866,27175721.0,
2024-05-16 14:00:00,0.6867,0.69,0.6529,0.6588,48661808.0,
2024-05-16 15:00:00,0.6588,0.6678,0.655,0.6623,28202260.0,
2024-05-16 16:00:00,0.6622,0.668,0.6601,0.6633,16851848.0,
2024-05-16 17:00:00,0.6632,0.6739,0.6592,0.6704,17689948.0,
2024-05-16 18:00:00,0.6703,0.6769,0.6699,0.6748,12567121.0,
2024-05-16 19:00:00,0.6748,0.6784,0.6717,0.6732,10475064.0,
2024-05-16 20:00:00,0.6732,0.6758,0.6703,0.6725,7629608.0,
2024-05-16 21:00:00,0.6726,0.6744,0.669,0.6717,5888307.0,
2024-05-16 22:00:00,0.6717,0.6724,0.6664,0.6707,10751727.0,
2024-05-16 23:00:00,0.6707,0.6772,0.6652,0.6707,12120794.0,
2024-05-17 00:00:00,0.6708,0.6845,0.6684,0.6835,14380888.0,
2024-05-17 01:00:00,0.6836,0.6948,0.6755,0.6884,20925995.0,
2024-05-17 02:00:00,0.6885,0.6967,0.6874,0.6895,13788558.0,
2024-05-17 03:00:00,0.6895,0.6954,0.685,0.6883,14013821.0,
2024-05-17 04:00:00,0.6883,0.6919,0.6826,0.6891,10381597.0,
2024-05-17 05:00:00,0.6891,0.6938,0.6818,0.6862,9821837.0,
2024-05-17 06:00:00,0.6861,0.7,0.6808,0.6953,18674089.0,
2024-05-17 07:00:00,0.6954,0.7132,0.6953,0.7124,22338252.0,
2024-05-17 08:00:00,0.7124,0.715,0.7027,0.7054,13151031.0,
2024-05-17 09:00:00,0.7054,0.7144,0.7014,0.7066,14338656.0,
2024-05-17 10:00:00,0.7065,0.7112,0.704,0.7076,9262422.0,
2024-05-17 11:00:00,0.7075,0.7089,0.7015,0.7025,9220479.0,
2024-05-17 12:00:00,0.7025,0.7247,0.6971,0.7201,26933453.0,
2024-05-17 13:00:00,0.72,0.7279,0.7094,0.7145,28426258.0,
2024-05-17 14:00:00,0.7144,0.7483,0.7144,0.746,40817070.0,
2024-05-17 15:00:00,0.7459,0.7468,0.7325,0.7434,28518762.0,
2024-05-17 16:00:00,0.7433,0.7455,0.7284,0.7302,21209528.0,
2024-05-17 17:00:00,0.7302,0.7345,0.721,0.7224,27788784.0,
2024-05-17 18:00:00,0.7223,0.7225,0.7107,0.7167,31943232.0,
2024-05-17 19:00:00,0.7167,0.7207,0.7138,0.7182,9131709.0,
2024-05-17 20:00:00,0.7181,0.7283,0.7138,0.7258,9462933.0,
2024-05-17 21:00:00,0.7258,0.7295,0.7223,0.728,6592092.0,
2024-05-17 22:00:00,0.728,0.7301,0.7252,0.728,5884250.0,
2024-05-17 23:00:00,0.728,0.7283,0.714,0.7191,11497027.0,
2024-05-18 00:00:00,0.7191,0.7227,0.7135,0.7196,8716520.0,
2024-05-18 01:00:00,0.7195,0.7219,0.7122,0.7176,7050865.0,
2024-05-18 02:00:00,0.7176,0.7218,0.708,0.7141,13341527.0,
2024-05-18 03:00:00,0.7141,0.7256,0.7134,0.7253,8240971.0,
2024-05-18 04:00:00,0.7252,0.7263,0.7171,0.721,5956696.0,
2024-05-18 05:00:00,0.721,0.725,0.7152,0.7164,6482333.0,
2024-05-18 06:00:00,0.7164,0.7191,0.7146,0.7181,5391065.0,
2024-05-18 07:00:00,0.718,0.7313,0.7166,0.7307,9617338.0,
2024-05-18 08:00:00,0.7308,0.7613,0.7284,0.7576,48479953.0,
2024-05-18 09:00:00,0.7576,0.7719,0.7565,0.7701,37826606.0,
2024-05-18 10:00:00,0.77,0.7866,0.7692,0.7808,41772295.0,
2024-05-18 11:00:00,0.7807,0.7932,0.7717,0.7843,43043874.0,
2024-05-18 12:00:00,0.7842,0.7858,0.7695,0.7708,33409676.0,
2024-05-18 13:00:00,0.7712,0.7757,0.752,0.7558,38896969.0,
2024-05-18 14:00:00,0.7558,0.7571,0.7383,0.7485,35825032.0,
2024-05-18 15:00:00,0.7486,0.761,0.7466,0.7583,18589006.0,
2024-05-18 16:00:00,0.7584,0.7657,0.7488,0.7527,19389690.0,
2024-05-18 17:00:00,0.7527,0.7685,0.7519,0.7636,14387971.0,
2024-05-18 18:00:00,0.7635,0.7655,0.7576,0.7597,8019788.0,
2024-05-18 19:00:00,0.7597,0.7626,0.7545,0.7609,6463352.0,
2024-05-18 20:00:00,0.7609,0.7632,0.755,0.7564,9449681.0,
2024-05-18 21:00:00,0.7564,0.7609,0.7506,0.7541,7421572.0,
2024-05-18 22:00:00,0.754,0.7604,0.7522,0.7538,6695962.0,
2024-05-18 23:00:00,0.7537,0.7608,0.753,0.7533,9333971.0,
2024-05-19 00:00:00,0.7533,0.7569,0.7463,0.7486,14017513.0,
2024-05-19 01:00:00,0.7487,0.7518,0.7405,0.742,10321720.0,
2024-05-19 02:00:00,0.742,0.7504,0.7413,0.7476,8734746.0,
2024-05-19 03:00:00,0.7477,0.7536,0.7422,0.7442,7771203.0,
2024-05-19 04:00:00,0.7443,0.7445,0.734,0.7425,11891795.0,
2024-05-19 05:00:00,0.7425,0.7444,0.7366,0.7383,7887629.0,
2024-05-19 06:00:00,0.7383,0.7439,0.73,0.7344,13502969.0,
2024-05-19 07:00:00,0.7344,0.7413,0.7307,0.7368,11161532.0,
2024-05-19 08:00:00,0.7368,0.7383,0.7272,0.7304,11579816.0,
2024-05-19 09:00:00,0.7304,0.7369,0.7269,0.7362,10422664.0,
2024-05-19 10:00:00,0.7361,0.743,0.7291,0.7315,14579248.0,
2024-05-19 11:00:00,0.7314,0.7326,0.721,0.7298,18496070.0,
2024-05-19 12:00:00,0.7298,0.7304,0.7197,0.7238,14611522.0,
2024-05-19 13:00:00,0.7237,0.7276,0.712,0.7223,22699339.0,
2024-05-19 14:00:00,0.7223,0.7238,0.7123,0.7139,13741235.0,
2024-05-19 15:00:00,0.7139,0.7178,0.7082,0.717,16009896.0,
2024-05-19 16:00:00,0.7171,0.7198,0.7,0.7016,23644298.0,
2024-05-19 17:00:00,0.7017,0.7081,0.6968,0.7065,13924401.0,
2024-05-19 18:00:00,0.7066,0.7095,0.7047,0.7074,5946283.0,
2024-05-19 19:00:00,0.7075,0.7144,0.705,0.7063,9504179.0,
2024-05-19 20:00:00,0.7062,0.7096,0.7042,0.707,4397373.0,
2024-05-19 21:00:00,0.707,0.7106,0.7003,0.7089,6198922.0,
2024-05-19 22:00:00,0.7089,0.7135,0.7072,0.7117,5262796.0,
2024-05-19 23:00:00,0.7116,0.7139,0.7077,0.7121,5618355.0,
2024-05-20 00:00:00,0.7121,0.7153,0.7054,0.7091,9765922.0,
2024-05-20 01:00:00,0.709,0.7114,0.69,0.7031,26206700.0,
2024-05-20 02:00:00,0.703,0.7189,0.7017,0.716,14004033.0,
2024-05-20 03:00:00,0.7159,0.7208,0.7143,0.7171,8413819.0,
2024-05-20 04:00:00,0.7171,0.7322,0.7157,0.7288,15064954.0,
2024-05-20 05:00:00,0.7287,0.7332,0.725,0.7253,13710847.0,
2024-05-20 06:00:00,0.7254,0.726,0.7058,0.709,17039533.0,
2024-05-20 07:00:00,0.709,0.7143,0.7073,0.7108,19864669.0,
2024-05-20 08:00:00,0.7108,0.7145,0.7096,0.7097,8317773.0,
2024-05-20 09:00:00,0.7097,0.7385,0.7095,0.7247,28048131.0,
2024-05-20 10:00:00,0.7246,0.7355,0.7223,0.7314,14067028.0,
2024-05-20 11:00:00,0.7314,0.735,0.7243,0.7257,10786134.0,
2024-05-20 12:00:00,0.7257,0.7326,0.715,0.7177,20360819.0,
2024-05-20 13:00:00,0.7178,0.7221,0.7121,0.7202,11539856.0,
2024-05-20 14:00:00,0.7201,0.7205,0.714,0.7156,8011122.0,
2024-05-20 15:00:00,0.7155,0.7308,0.7138,0.7299,13487453.0,
2024-05-20 16:00:00,0.73,0.7374,0.722,0.7337,19933216.0,
2024-05-20 17:00:00,0.7336,0.7433,0.7297,0.7421,15095426.0,
2024-05-20 18:00:00,0.742,0.7477,0.7393,0.7453,10601260.0,
2024-05-20 19:00:00,0.7453,0.8094,0.7369,0.8048,63866446.0,
2024-05-20 20:00:00,0.8048,0.8193,0.7962,0.8079,51093543.0,
2024-05-20 21:00:00,0.808,0.8384,0.7949,0.8306,41172228.0,
2024-05-20 22:00:00,0.8306,0.8337,0.8111,0.8111,29108483.0,
2024-05-20 23:00:00,0.8112,0.8487,0.805,0.8328,36450228.0,
2024-05-21 00:00:00,0.8328,0.88,0.8269,0.8578,72579893.0,
2024-05-21 01:00:00,0.8577,0.8677,0.82,0.8608,61592599.0,
2024-05-21 02:00:00,0.8609,0.8672,0.8406,0.8628,37452034.0,
2024-05-21 03:00:00,0.8626,0.8828,0.8573,0.8683,34286737.0,
2024-05-21 04:00:00,0.8683,0.8715,0.8535,0.8538,19812647.0,
2024-05-21 05:00:00,0.8539,0.8749,0.8458,0.8624,25117528.0,
2024-05-21 06:00:00,0.8624,0.8726,0.8568,0.8681,18955216.0,
2024-05-21 07:00:00,0.868,0.869,0.8462,0.8504,19392991.0,
2024-05-21 08:00:00,0.8504,0.8556,0.8447,0.8449,14483341.0,
2024-05-21 09:00:00,0.845,0.8485,0.827,0.8362,25232628.0,
2024-05-21 10:00:00,0.8361,0.867,0.8346,0.8562,26722827.0,
2024-05-21 11:00:00,0.8562,0.8999,0.855,0.8852,62307205.0,
2024-05-21 12:00:00,0.8851,0.8858,0.8605,0.864,43477212.0,
2024-05-21 13:00:00,0.8639,0.8827,0.8486,0.856,35939549.0,
2024-05-21 14:00:00,0.856,0.8811,0.8516,0.8619,31169747.0,
2024-05-21 15:00:00,0.8618,0.8819,0.8564,0.8616,28780725.0,
2024-05-21 16:00:00,0.8615,0.897,0.8587,0.8811,40376014.0,
2024-05-21 17:00:00,0.881,0.897,0.8761,0.8822,20994970.0,
2024-05-21 18:00:00,0.8821,0.8944,0.8672,0.8721,19697143.0,
2024-05-21 19:00:00,0.8721,0.8732,0.8561,0.8615,13186696.0,
2024-05-21 20:00:00,0.8615,0.8839,0.861,0.8747,10340138.0,
2024-05-21 21:00:00,0.8747,0.879,0.8607,0.8757,11531025.0,
2024-05-21 22:00:00,0.8757,0.8913,0.8677,0.8698,21716874.0,
2024-05-21 23:00:00,0.8697,0.8915,0.8667,0.8865,16240804.0,
2024-05-22 00:00:00,0.8865,0.8963,0.8645,0.8674,18993928.0,
2024-05-22 01:00:00,0.8673,0.892,0.8629,0.8826,18916327.0,
2024-05-22 02:00:00,0.8825,0.8825,0.8651,0.867,10552892.0,
2024-05-22 03:00:00,0.8669,0.8711,0.8532,0.8666,15056139.0,
2024-05-22 04:00:00,0.8666,0.871,0.8397,0.8436,27779008.0,
2024-05-22 05:00:00,0.8436,0.851,0.8342,0.8461,15375012.0,
2024-05-22 06:00:00,0.8462,0.8565,0.8457,0.852,9036827.0,
2024-05-22 07:00:00,0.8521,0.8565,0.8462,0.8471,8998715.0,
2024-05-22 08:00:00,0.8471,0.8544,0.8371,0.8509,17437395.0,
2024-05-22 09:00:00,0.851,0.8517,0.8341,0.8362,11743405.0,
2024-05-22 10:00:00,0.8363,0.8425,0.8316,0.8353,11570638.0,
2024-05-22 11:00:00,0.8352,0.8404,0.8254,0.8264,14075783.0,
2024-05-22 12:00:00,0.8263,0.8325,0.8021,0.8068,37993223.0,
2024-05-22 13:00:00,0.8067,0.8228,0.8037,0.8219,23965977.0,
2024-05-22 14:00:00,0.8218,0.8454,0.8186,0.8396,31198557.0,
2024-05-22 15:00:00,0.8395,0.8583,0.8351,0.8496,30175633.0,
2024-05-22 16:00:00,0.8496,0.8544,0.8396,0.8472,17176504.0,
2024-05-22 17:00:00,0.8473,0.8545,0.8422,0.8506,13763608.0,
2024-05-22 18:00:00,0.8505,0.854,0.8406,0.8504,13179314.0,
2024-05-22 19:00:00,0.8503,0.8521,0.8396,0.8414,6965575.0,
2024-05-22 20:00:00,0.8414,0.848,0.8253,0.8336,15916567.0,
2024-05-22 21:00:00,0.8337,0.8613,0.8293,0.8558,15473817.0,
2024-05-22 22:00:00,0.8557,0.8576,0.8401,0.8424,7899998.0,
2024-05-22 23:00:00,0.8424,0.8533,0.8366,0.8516,7734445.0,
2024-05-23 00:00:00,0.8516,0.8584,0.8455,0.8521,11241492.0,
2024-05-23 01:00:00,0.8522,0.8527,0.8361,0.8374,10898262.0,
2024-05-23 02:00:00,0.8374,0.8472,0.8352,0.8463,6939395.0,
2024-05-23 03:00:00,0.8464,0.857,0.841,0.8451,10335316.0,
2024-05-23 04:00:00,0.8451,0.8582,0.8406,0.855,8806338.0,
2024-05-23 05:00:00,0.8548,0.855,0.843,0.8467,8857133.0,
2024-05-23 06:00:00,0.8467,0.8562,0.8439,0.8524,7240024.0,
2024-05-23 07:00:00,0.8523,0.8574,0.8414,0.8441,14556220.0,
2024-05-23 08:00:00,0.8441,0.8505,0.8379,0.8494,15057736.0,
2024-05-23 09:00:00,0.8494,0.8683,0.8354,0.8389,28546223.0,
2024-05-23 10:00:00,0.8389,0.8433,0.8299,0.8362,15193711.0,
2024-05-23 11:00:00,0.8362,0.8577,0.8338,0.856,18887971.0,
2024-05-23 12:00:00,0.856,0.9077,0.8395,0.8721,81327297.0,
2024-05-23 13:00:00,0.872,0.8978,0.8303,0.852,78125033.0,
2024-05-23 14:00:00,0.852,0.8598,0.8324,0.8393,33674110.0,
2024-05-23 15:00:00,0.8393,0.8853,0.8314,0.863,40447374.0,
2024-05-23 16:00:00,0.863,0.8665,0.836,0.8564,32679274.0,
2024-05-23 17:00:00,0.8564,0.8755,0.8537,0.8666,24296082.0,
2024-05-23 18:00:00,0.8665,0.883,0.843,0.8797,39078245.0,
2024-05-23 19:00:00,0.8798,0.8997,0.8715,0.8769,38984072.0,
2024-05-23 20:00:00,0.8769,0.8769,0.835,0.8538,59869474.0,
2024-05-23 21:00:00,0.8537,0.9097,0.8426,0.8868,87971962.0,
2024-05-23 22:00:00,0.887,0.8968,0.8543,0.8745,31529124.0,
2024-05-23 23:00:00,0.8745,0.8784,0.8585,0.8665,15337200.0,
2024-05-24 00:00:00,0.8664,0.8808,0.8456,0.8716,23124358.0,
2024-05-24 01:00:00,0.8716,0.8749,0.8527,0.8744,15093117.0,
2024-05-24 02:00:00,0.8743,0.9147,0.8738,0.9049,35525595.0,
2024-05-24 03:00:00,0.9048,0.9189,0.8909,0.91,21701514.0,
2024-05-24 04:00:00,0.9099,0.9159,0.9004,0.9007,18792298.0,
2024-05-24 05:00:00,0.9008,0.9069,0.8632,0.8688,34183423.0,
2024-05-24 06:00:00,0.8686,0.876,0.84,0.8436,37477838.0,
2024-05-24 07:00:00,0.8437,0.8528,0.835,0.8401,22610573.0,
2024-05-24 08:00:00,0.8401,0.8485,0.8295,0.8445,20324905.0,
2024-05-24 09:00:00,0.8444,0.8467,0.8329,0.8424,13556641.0,
2024-05-24 10:00:00,0.8423,0.8483,0.8364,0.8457,12313242.0,
2024-05-24 11:00:00,0.8457,0.8725,0.8451,0.8574,37429664.0,
2024-05-24 12:00:00,0.8574,0.87,0.8432,0.865,28970355.0,
2024-05-24 13:00:00,0.8651,0.8855,0.86,0.8608,29716805.0,
2024-05-24 14:00:00,0.8609,0.8819,0.8609,0.8735,22435491.0,
2024-05-24 15:00:00,0.8735,0.8872,0.8718,0.8777,21834365.0,
2024-05-24 16:00:00,0.8776,0.8777,0.8546,0.8593,18688747.0,
2024-05-24 17:00:00,0.8594,0.8658,0.852,0.8586,16557806.0,
2024-05-24 18:00:00,0.8586,0.8678,0.8485,0.8526,21192847.0,
2024-05-24 19:00:00,0.8525,0.8557,0.8456,0.8545,8632849.0,
2024-05-24 20:00:00,0.8544,0.8661,0.8517,0.8556,9678341.0,
2024-05-24 21:00:00,0.8557,0.8595,0.8497,0.8517,5055801.0,
2024-05-24 22:00:00,0.8517,0.8533,0.8466,0.8514,5032827.0,
2024-05-24 23:00:00,0.8515,0.854,0.8475,0.8507,5528047.0,
2024-05-25 00:00:00,0.8508,0.8551,0.8449,0.8486,6884767.0,
2024-05-25 01:00:00,0.8486,0.8626,0.846,0.8604,9303060.0,
2024-05-25 02:00:00,0.8604,0.8667,0.8573,0.8638,6872562.0,
2024-05-25 03:00:00,0.8639,0.8711,0.8568,0.8709,7321193.0,
2024-05-25 04:00:00,0.8709,0.8882,0.8702,0.8852,14421275.0,
2024-05-25 05:00:00,0.8853,0.9304,0.8847,0.9205,47722536.0,
2024-05-25 06:00:00,0.9206,0.9381,0.9116,0.9218,35212461.0,
2024-05-25 07:00:00,0.9218,0.935,0.919,0.9289,19635785.0,
2024-05-25 08:00:00,0.9289,0.9298,0.9061,0.9114,17425252.0,
2024-05-25 09:00:00,0.9113,0.9296,0.9091,0.9278,13741173.0,
2024-05-25 10:00:00,0.9277,0.9319,0.916,0.9171,12308229.0,
2024-05-25 11:00:00,0.9172,0.9213,0.9086,0.9127,16586570.0,
2024-05-25 12:00:00,0.9128,0.918,0.9002,0.9169,13923176.0,
2024-05-25 13:00:00,0.917,0.9293,0.9087,0.9141,19115878.0,
2024-05-25 14:00:00,0.9141,0.9268,0.9134,0.9244,12161953.0,
2024-05-25 15:00:00,0.9245,0.9388,0.921,0.9317,15467369.0,
2024-05-25 16:00:00,0.9318,0.9345,0.9223,0.9293,9840001.0,
2024-05-25 17:00:00,0.9293,0.952,0.9264,0.9297,30094992.0,
2024-05-25 18:00:00,0.9298,0.9416,0.9278,0.9296,8713285.0,
2024-05-25 19:00:00,0.9296,0.942,0.9287,0.9322,10410383.0,
2024-05-25 20:00:00,0.9322,0.9333,0.9127,0.9194,13563007.0,
2024-05-25 21:00:00,0.9194,0.921,0.9102,0.9151,6311539.0,
2024-05-25 22:00:00,0.9152,0.9185,0.9105,0.9153,5647216.0,
2024-05-25 23:00:00,0.9153,0.9189,0.9112,0.9121,4986054.0,
2024-05-26 00:00:00,0.9121,0.9171,0.9051,0.9099,10238503.0,
2024-05-26 01:00:00,0.9098,0.93,0.9096,0.9219,8881348.0,
2024-05-26 02:00:00,0.9219,0.9306,0.9076,0.9151,12269764.0,
2024-05-26 03:00:00,0.9152,0.9292,0.9086,0.9251,12486108.0,
2024-05-26 04:00:00,0.9251,0.9341,0.9055,0.9109,16875472.0,
2024-05-26 05:00:00,0.9109,0.9136,0.9015,0.913,7595676.0,
2024-05-26 06:00:00,0.913,0.9258,0.9111,0.9207,11227648.0,
2024-05-26 07:00:00,0.9207,0.924,0.9097,0.9139,10909095.0,
2024-05-26 08:00:00,0.9139,0.9176,0.9049,0.9114,9424527.0,
2024-05-26 09:00:00,0.9115,0.9229,0.909,0.9122,12508241.0,
2024-05-26 10:00:00,0.9122,0.921,0.912,0.9197,7834034.0,
2024-05-26 11:00:00,0.9196,0.9267,0.9124,0.9181,10482707.0,
2024-05-26 12:00:00,0.9181,0.9229,0.913,0.9155,6728908.0,
2024-05-26 13:00:00,0.9155,0.9178,0.9071,0.9113,9890372.0,
2024-05-26 14:00:00,0.9111,0.95,0.908,0.9435,21841083.0,
2024-05-26 15:00:00,0.9434,0.973,0.9335,0.9553,49640066.0,
2024-05-26 16:00:00,0.9553,0.9649,0.9461,0.9561,20980926.0,
2024-05-26 17:00:00,0.9562,0.9687,0.9363,0.9374,19062742.0,
2024-05-26 18:00:00,0.9373,0.9423,0.9102,0.9139,29800727.0,
2024-05-26 19:00:00,0.9138,0.9316,0.9137,0.9287,12082915.0,
2024-05-26 20:00:00,0.9287,0.9289,0.9137,0.9169,8918980.0,
2024-05-26 21:00:00,0.9168,0.9245,0.9125,0.9241,8651828.0,
2024-05-26 22:00:00,0.924,0.9254,0.9158,0.9183,6254139.0,
2024-05-26 23:00:00,0.9183,0.9221,0.915,0.9194,6645519.0,
2024-05-27 00:00:00,0.9194,0.9295,0.9159,0.9191,10104803.0,
2024-05-27 01:00:00,0.919,0.9264,0.915,0.9245,7575133.0,
2024-05-27 02:00:00,0.9245,0.9538,0.9243,0.9469,21463398.0,
2024-05-27 03:00:00,0.9468,0.9552,0.941,0.9423,10700352.0,
2024-05-27 04:00:00,0.9424,0.945,0.9201,0.9246,12773500.0,
2024-05-27 05:00:00,0.9245,0.9321,0.9203,0.9288,10698650.0,
2024-05-27 06:00:00,0.9287,0.9356,0.9156,0.9188,11892575.0,
2024-05-27 07:00:00,0.9188,0.9242,0.9173,0.9188,7184248.0,
2024-05-27 08:00:00,0.9188,0.9251,0.9141,0.9163,10687494.0,
2024-05-27 09:00:00,0.9163,0.9231,0.9128,0.9172,7819513.0,
2024-05-27 10:00:00,0.9171,0.9191,0.9081,0.9152,9487322.0,
2024-05-27 11:00:00,0.9151,0.9198,0.9071,0.9116,7096593.0,
2024-05-27 12:00:00,0.9116,0.9135,0.9034,0.9109,7817616.0,
2024-05-27 13:00:00,0.9108,0.9223,0.9088,0.9185,11017336.0,
2024-05-27 14:00:00,0.9185,0.9214,0.8905,0.9041,24154795.0,
2024-05-27 15:00:00,0.9041,0.9231,0.9009,0.9173,21844500.0,
2024-05-27 16:00:00,0.9172,0.9335,0.9146,0.9309,20782364.0,
2024-05-27 17:00:00,0.931,0.935,0.9225,0.9298,11987581.0,
2024-05-27 18:00:00,0.9299,0.9432,0.9293,0.9319,26548068.0,
2024-05-27 19:00:00,0.9318,0.9342,0.9072,0.9117,14343319.0,
2024-05-27 20:00:00,0.9118,0.9188,0.91,0.9141,9398495.0,
2024-05-27 21:00:00,0.9142,0.92,0.9079,0.9146,6762889.0,
2024-05-27 22:00:00,0.9146,0.9281,0.9116,0.9212,7784707.0,
2024-05-27 23:00:00,0.9212,0.922,0.9141,0.9205,5470396.0,
2024-05-28 00:00:00,0.9205,0.9205,0.9058,0.9083,10657835.0,
2024-05-28 01:00:00,0.9083,0.9135,0.8813,0.8826,17548496.0,
2024-05-28 02:00:00,0.8827,0.8873,0.8655,0.885,26405079.0,
2024-05-28 03:00:00,0.885,0.8875,0.8739,0.8809,11549806.0,
2024-05-28 04:00:00,0.881,0.888,0.8694,0.8781,14789703.0,
2024-05-28 05:00:00,0.8782,0.8928,0.8697,0.8884,12115803.0,
2024-05-28 06:00:00,0.8885,0.9022,0.8855,0.8939,11948291.0,
2024-05-28 07:00:00,0.8938,0.8986,0.8841,0.8944,8771574.0,
2024-05-28 08:00:00,0.8944,0.9228,0.8919,0.9158,18676062.0,
2024-05-28 09:00:00,0.9158,0.9221,0.9104,0.9155,10066008.0,
2024-05-28 10:00:00,0.9155,0.9272,0.9124,0.9156,11111960.0,
2024-05-28 11:00:00,0.9156,0.9168,0.9071,0.9094,7486233.0,
2024-05-28 12:00:00,0.9095,0.9188,0.9021,0.9041,10212456.0,
2024-05-28 13:00:00,0.9044,0.9189,0.8977,0.9093,14008381.0,
2024-05-28 14:00:00,0.9094,0.9216,0.8908,0.8978,23973050.0,
2024-05-28 15:00:00,0.8978,0.9035,0.8909,0.9006,12301380.0,
2024-05-28 16:00:00,0.9007,0.9043,0.8888,0.8939,8812389.0,
2024-05-28 17:00:00,0.894,0.8999,0.8898,0.8957,4730996.0,
2024-05-28 18:00:00,0.8958,0.9018,0.8775,0.89,14546316.0,
2024-05-28 19:00:00,0.89,0.9098,0.8894,0.9046,10685198.0,
2024-05-28 20:00:00,0.9045,0.9051,0.8914,0.8924,7215837.0,
2024-05-28 21:00:00,0.8924,0.8941,0.886,0.8917,4000913.0,
2024-05-28 22:00:00,0.8918,0.8979,0.8913,0.8928,3165982.0,
2024-05-28 23:00:00,0.8928,0.8971,0.8906,0.8942,2818700.0,
2024-05-29 00:00:00,0.8943,0.9016,0.8925,0.8944,4530175.0,
2024-05-29 01:00:00,0.8945,0.9083,0.8877,0.9027,8537594.0,
2024-05-29 02:00:00,0.9027,0.9043,0.8926,0.8954,5467357.0,
2024-05-29 03:00:00,0.8955,0.898,0.8909,0.8931,5533212.0,
2024-05-29 04:00:00,0.8932,0.9032,0.8914,0.9021,5843003.0,
2024-05-29 05:00:00,0.9019,0.9052,0.897,0.9014,4189935.0,
2024-05-29 06:00:00,0.9014,0.9067,0.8952,0.8966,5065293.0,
2024-05-29 07:00:00,0.8967,0.8967,0.8851,0.8852,10333519.0,
2024-05-29 08:00:00,0.8853,0.8886,0.8611,0.8693,23101450.0,
2024-05-29 09:00:00,0.8694,0.8759,0.8601,0.8659,11113517.0,
2024-05-29 10:00:00,0.8659,0.875,0.8645,0.8733,7313024.0,
2024-05-29 11:00:00,0.8734,0.8744,0.8609,0.8616,7587790.0,
2024-05-29 12:00:00,0.8617,0.8676,0.852,0.8565,15234171.0,
2024-05-29 13:00:00,0.8565,0.8656,0.8437,0.8513,18245945.0,
2024-05-29 14:00:00,0.8514,0.8515,0.835,0.8427,14543773.0,
2024-05-29 15:00:00,0.8426,0.8526,0.8404,0.8417,9615790.0,
2024-05-29 16:00:00,0.8417,0.848,0.8356,0.8461,8798118.0,
2024-05-29 17:00:00,0.846,0.8484,0.8393,0.8457,5736039.0,
2024-05-29 18:00:00,0.8457,0.846,0.8377,0.843,4394769.0,
2024-05-29 19:00:00,0.8429,0.8454,0.8352,0.8371,5122440.0,
2024-05-29 20:00:00,0.8371,0.8408,0.8319,0.8391,5950045.0,
2024-05-29 21:00:00,0.8391,0.8454,0.8332,0.8411,5233764.0,
2024-05-29 22:00:00,0.8412,0.8418,0.8369,0.8403,3439488.0,
2024-05-29 23:00:00,0.8404,0.8415,0.835,0.8362,3039180.0,
2024-05-30 00:00:00,0.8363,0.8437,0.8358,0.8383,4758782.0,
2024-05-30 01:00:00,0.8383,0.8467,0.836,0.8445,4855874.0,
2024-05-30 02:00:00,0.8445,0.8518,0.8432,0.8478,5987487.0,
2024-05-30 03:00:00,0.8478,0.852,0.8461,0.8504,3530789.0,
2024-05-30 04:00:00,0.8504,0.8511,0.8405,0.8418,4666682.0,
2024-05-30 05:00:00,0.8419,0.8422,0.8356,0.8394,4384175.0,
2024-05-30 06:00:00,0.8394,0.8415,0.8248,0.8319,14880685.0,
2024-05-30 07:00:00,0.832,0.8329,0.8125,0.8188,14816457.0,
2024-05-30 08:00:00,0.8188,0.8494,0.8139,0.8445,21939837.0,
2024-05-30 09:00:00,0.8445,0.855,0.8425,0.8511,13620404.0,
2024-05-30 10:00:00,0.851,0.8544,0.8441,0.8498,7330116.0,
2024-05-30 11:00:00,0.8498,0.8586,0.8476,0.8539,5735937.0,
2024-05-30 12:00:00,0.8539,0.8745,0.8533,0.8643,13576078.0,
2024-05-30 13:00:00,0.8642,0.886,0.8626,0.8787,13602058.0,
2024-05-30 14:00:00,0.8785,0.898,0.873,0.8924,23285128.0,
2024-05-30 15:00:00,0.8923,0.8965,0.8672,0.878,21255933.0,
2024-05-30 16:00:00,0.8779,0.8788,0.8702,0.8787,6792980.0,
2024-05-30 17:00:00,0.8786,0.8848,0.8755,0.8832,7191500.0,
2024-05-30 18:00:00,0.8831,0.8845,0.8742,0.8816,4781329.0,
2024-05-30 19:00:00,0.8817,0.8822,0.8705,0.8739,6678235.0,
2024-05-30 20:00:00,0.8738,0.8745,0.8563,0.8648,13349918.0,
2024-05-30 21:00:00,0.8648,0.8688,0.8586,0.8682,3279927.0,
2024-05-30 22:00:00,0.8682,0.8689,0.8637,0.8659,2859731.0,
2024-05-30 23:00:00,0.8659,0.8726,0.865,0.8706,3196485.0,
2024-05-31 00:00:00,0.8705,0.8757,0.8596,0.8719,6969046.0,
2024-05-31 01:00:00,0.8719,0.8849,0.8685,0.8785,7291999.0,
2024-05-31 02:00:00,0.8785,0.8881,0.876,0.8806,7601865.0,
2024-05-31 03:00:00,0.8806,0.8943,0.8798,0.8905,9553647.0,
2024-05-31 04:00:00,0.8905,0.907,0.8905,0.8994,12939332.0,
2024-05-31 05:00:00,0.8994,0.9026,0.87,0.8719,20541841.0,
2024-05-31 06:00:00,0.872,0.8784,0.8611,0.8642,12350958.0,
2024-05-31 07:00:00,0.8642,0.8773,0.8615,0.8635,9220883.0,
2024-05-31 08:00:00,0.8635,0.8744,0.8613,0.8707,6092678.0,
2024-05-31 09:00:00,0.8708,0.873,0.8645,0.8722,4129175.0,
2024-05-31 10:00:00,0.8722,0.901,0.8708,0.8914,23906235.0,
2024-05-31 11:00:00,0.8914,0.9078,0.8862,0.9004,13026727.0,
2024-05-31 12:00:00,0.9004,0.9097,0.891,0.8956,16424118.0,
2024-05-31 13:00:00,0.8955,0.9053,0.8793,0.8839,21597948.0,
2024-05-31 14:00:00,0.8839,0.8905,0.8757,0.8792,18771782.0,
2024-05-31 15:00:00,0.8792,0.8855,0.8735,0.8748,11095309.0,
2024-05-31 16:00:00,0.8749,0.8794,0.863,0.8681,18229887.0,
2024-05-31 17:00:00,0.8682,0.8731,0.8657,0.8681,5327691.0,
2024-05-31 18:00:00,0.8682,0.8731,0.8644,0.8726,4351991.0,
2024-05-31 19:00:00,0.8726,0.8831,0.8707,0.8797,7283299.0,
2024-05-31 20:00:00,0.8797,0.8925,0.8763,0.891,4730550.0,
2024-05-31 21:00:00,0.891,0.8944,0.8874,0.8915,3526091.0,
2024-05-31 22:00:00,0.8916,0.8963,0.8895,0.8928,3503530.0,
2024-05-31 23:00:00,0.8927,0.8927,0.8752,0.8779,8596684.0,
2024-06-01 00:00:00,0.878,0.8825,0.8735,0.8788,3379061.0,
2024-06-01 01:00:00,0.8789,0.8889,0.8745,0.8785,7626219.0,
2024-06-01 02:00:00,0.8785,0.8932,0.8773,0.8925,3973288.0,
2024-06-01 03:00:00,0.8926,0.8963,0.8871,0.8888,6503493.0,
2024-06-01 04:00:00,0.8888,0.89,0.8786,0.879,4903034.0,
2024-06-01 05:00:00,0.8789,0.8809,0.8757,0.8784,3779761.0,
2024-06-01 06:00:00,0.8784,0.884,0.8758,0.8815,3615453.0,
2024-06-01 07:00:00,0.8815,0.8897,0.8808,0.888,4593737.0,
2024-06-01 08:00:00,0.8879,0.8972,0.8835,0.8935,7940109.0,
2024-06-01 09:00:00,0.8934,0.9,0.887,0.8938,8565946.0,
2024-06-01 10:00:00,0.8937,0.8967,0.8901,0.8939,4487214.0,
2024-06-01 11:00:00,0.894,0.9024,0.8937,0.899,6728119.0,
2024-06-01 12:00:00,0.899,0.9057,0.8927,0.899,6946638.0,
2024-06-01 13:00:00,0.899,0.914,0.8961,0.9112,10852550.0,
2024-06-01 14:00:00,0.9112,0.93,0.9091,0.9223,18613784.0,
2024-06-01 15:00:00,0.9223,0.9399,0.9109,0.9143,21305101.0,
2024-06-01 16:00:00,0.9144,0.9194,0.8985,0.9,15255235.0,
2024-06-01 17:00:00,0.9001,0.9081,0.8919,0.9002,12309985.0,
2024-06-01 18:00:00,0.9003,0.9049,0.8987,0.9013,4473784.0,
2024-06-01 19:00:00,0.9014,0.9054,0.9002,0.9008,2825703.0,
2024-06-01 20:00:00,0.9008,0.906,0.8988,0.904,2934414.0,
2024-06-01 21:00:00,0.9041,0.9044,0.8967,0.899,3203348.0,
2024-06-01 22:00:00,0.8991,0.9149,0.899,0.9142,5513619.0,
2024-06-01 23:00:00,0.9141,0.918,0.9076,0.9109,6569755.0,
2024-06-02 00:00:00,0.9109,0.9285,0.908,0.9273,5989158.0,
2024-06-02 01:00:00,0.9272,0.9356,0.9231,0.9298,8230705.0,
2024-06-02 02:00:00,0.9299,0.9343,0.9183,0.9253,8242706.0,
2024-06-02 03:00:00,0.9253,0.9308,0.9164,0.9188,6265437.0,
2024-06-02 04:00:00,0.9188,0.9293,0.9165,0.9277,5494905.0,
2024-06-02 05:00:00,0.9276,0.9295,0.9109,0.9149,7702780.0,
2024-06-02 06:00:00,0.9149,0.9198,0.9106,0.9139,6429174.0,
2024-06-02 07:00:00,0.9139,0.9149,0.8955,0.8969,10644573.0,
2024-06-02 08:00:00,0.897,0.9355,0.8934,0.9288,21018987.0,
2024-06-02 09:00:00,0.9288,0.9348,0.9046,0.9139,20244098.0,
2024-06-02 10:00:00,0.914,0.9164,0.9004,0.9042,10371661.0,
2024-06-02 11:00:00,0.9042,0.921,0.9008,0.9186,10271187.0,
2024-06-02 12:00:00,0.9186,0.9252,0.9055,0.9081,8880929.0,
2024-06-02 13:00:00,0.9081,0.9146,0.9036,0.9133,8579477.0,
2024-06-02 14:00:00,0.9133,0.9168,0.9081,0.9165,5589707.0,
2024-06-02 15:00:00,0.9164,0.9191,0.908,0.9112,5880392.0,
2024-06-02 16:00:00,0.9112,0.9146,0.9012,0.9055,5919173.0,
2024-06-02 17:00:00,0.9054,0.9055,0.8865,0.8875,12367207.0,
2024-06-02 18:00:00,0.8875,0.9008,0.879,0.8987,13610501.0,
2024-06-02 19:00:00,0.8986,0.9018,0.8831,0.8999,7398712.0,
2024-06-02 20:00:00,0.8999,0.9096,0.8925,0.909,6795691.0,
2024-06-02 21:00:00,0.9089,0.929,0.9074,0.9274,12235221.0,
2024-06-02 22:00:00,0.9273,0.9355,0.9225,0.9265,11146991.0,
2024-06-02 23:00:00,0.9264,0.9357,0.92,0.9206,8356147.0,
2024-06-03 00:00:00,0.9206,0.921,0.9041,0.9096,10960892.0,
2024-06-03 01:00:00,0.9097,0.9254,0.905,0.9218,11003235.0,
2024-06-03 02:00:00,0.9219,0.9555,0.921,0.9435,22149418.0,
2024-06-03 03:00:00,0.9434,0.9437,0.9233,0.9304,14455858.0,
2024-06-03 04:00:00,0.9304,0.9312,0.9104,0.9227,18138385.0,
2024-06-03 05:00:00,0.9226,0.9579,0.919,0.9413,22944481.0,
2024-06-03 06:00:00,0.9413,0.9649,0.9352,0.9554,20303522.0,
2024-06-03 07:00:00,0.9553,0.9666,0.9501,0.9505,11322249.0,
2024-06-03 08:00:00,0.9505,0.9749,0.9462,0.9576,17994775.0,
2024-06-03 09:00:00,0.9576,0.9749,0.9523,0.9734,12388765.0,
2024-06-03 10:00:00,0.9735,0.9799,0.9653,0.9675,14959941.0,
2024-06-03 11:00:00,0.9676,0.9759,0.9553,0.9628,13414568.0,
2024-06-03 12:00:00,0.9628,0.9963,0.9621,0.9922,20326371.0,
2024-06-03 13:00:00,0.9922,0.9968,0.9749,0.9795,16632489.0,
2024-06-03 14:00:00,0.9795,0.9844,0.945,0.9513,26312497.0,
2024-06-03 15:00:00,0.9512,0.9702,0.9502,0.9643,15021375.0,
2024-06-03 16:00:00,0.9643,0.9674,0.9378,0.949,18812117.0,
2024-06-03 17:00:00,0.949,0.964,0.944,0.9623,9812927.0,
2024-06-03 18:00:00,0.9623,1.0067,0.9607,0.9942,35351428.0,
2024-06-03 19:00:00,0.9942,0.9975,0.9726,0.9759,17475589.0,
2024-06-03 20:00:00,0.9759,0.9864,0.9724,0.9771,8330745.0,
2024-06-03 21:00:00,0.9771,0.9808,0.9636,0.9779,10051836.0,
2024-06-03 22:00:00,0.9779,1.0327,0.9755,1.0325,33659588.0,
2024-06-03 23:00:00,1.0324,1.0333,1.0037,1.0227,28558616.0,
2024-06-04 00:00:00,1.0227,1.045,1.0039,1.0415,32112272.0,
2024-06-04 01:00:00,1.0414,1.0764,1.0278,1.047,47800311.0,
2024-06-04 02:00:00,1.0471,1.0527,1.0165,1.0281,20793840.0,
2024-06-04 03:00:00,1.0281,1.035,1.0199,1.032,12356271.0,
2024-06-04 04:00:00,1.032,1.032,1.001,1.0027,24747890.0,
2024-06-04 05:00:00,1.0027,1.0052,0.9802,0.9813,23175644.0,
2024-06-04 06:00:00,0.9814,0.9822,0.9555,0.9694,30130389.0,
2024-06-04 07:00:00,0.9695,0.979,0.9601,0.9731,13443972.0,
2024-06-04 08:00:00,0.9731,0.9851,0.9677,0.9796,16584778.0,
2024-06-04 09:00:00,0.9796,0.9815,0.9515,0.9545,21607126.0,
2024-06-04 10:00:00,0.9546,0.9604,0.9477,0.9512,11401061.0,
2024-06-04 11:00:00,0.9511,0.9556,0.939,0.9463,13760590.0,
2024-06-04 12:00:00,0.9462,0.9541,0.938,0.9412,10668505.0,
2024-06-04 13:00:00,0.9412,0.9624,0.9398,0.9604,15885369.0,
2024-06-04 14:00:00,0.9604,0.9788,0.953,0.9686,20658174.0,
2024-06-04 15:00:00,0.9685,0.9823,0.9611,0.9743,16042095.0,
2024-06-04 16:00:00,0.9743,0.9995,0.9732,0.9871,24494712.0,
2024-06-04 17:00:00,0.987,0.9939,0.9778,0.9868,12534759.0,
2024-06-04 18:00:00,0.9867,0.9974,0.9851,0.9924,8476256.0,
2024-06-04 19:00:00,0.9923,0.9985,0.985,0.9906,9090054.0,
2024-06-04 20:00:00,0.9905,0.9908,0.9763,0.9836,8939263.0,
2024-06-04 21:00:00,0.9835,0.9852,0.9758,0.982,4078211.0,
2024-06-04 22:00:00,0.9819,0.9824,0.973,0.9736,4938582.0,
2024-06-04 23:00:00,0.9737,0.9837,0.9703,0.9779,7776805.0,
2024-06-05 00:00:00,0.9779,0.9887,0.9715,0.9826,9838406.0,
2024-06-05 01:00:00,0.9827,0.9865,0.975,0.9823,6685430.0,
2024-06-05 02:00:00,0.9823,0.9841,0.953,0.9607,21623174.0,
2024-06-05 03:00:00,0.9607,0.9644,0.9514,0.9572,7475479.0,
2024-06-05 04:00:00,0.9572,0.9642,0.9533,0.9636,6883939.0,
2024-06-05 05:00:00,0.9635,0.9636,0.9531,0.9577,6526875.0,
2024-06-05 06:00:00,0.9577,0.966,0.9528,0.9626,7888189.0,
2024-06-05 07:00:00,0.9626,0.975,0.9606,0.9632,8282323.0,
2024-06-05 08:00:00,0.9631,0.9698,0.9576,0.9606,4734918.0,
2024-06-05 09:00:00,0.9607,0.9645,0.955,0.9639,4534655.0,
2024-06-05 10:00:00,0.9638,0.965,0.9563,0.9621,4740458.0,
2024-06-05 11:00:00,0.9622,0.9716,0.9605,0.968,5182590.0,
2024-06-05 12:00:00,0.968,0.9753,0.9539,0.9618,11024459.0,
2024-06-05 13:00:00,0.9619,0.9623,0.9439,0.9475,9512252.0,
2024-06-05 14:00:00,0.9475,0.9556,0.933,0.9507,17124897.0,
2024-06-05 15:00:00,0.9508,0.966,0.9483,0.9624,9449705.0,
2024-06-05 16:00:00,0.9624,0.987,0.9604,0.9819,18396787.0,
2024-06-05 17:00:00,0.9818,0.9957,0.9778,0.9887,16027039.0,
2024-06-05 18:00:00,0.9888,0.9962,0.9804,0.9817,8365684.0,
2024-06-05 19:00:00,0.9816,0.9887,0.9757,0.9884,5283227.0,
2024-06-05 20:00:00,0.9883,0.9896,0.9786,0.9827,3402564.0,
2024-06-05 21:00:00,0.9827,0.9884,0.9786,0.9863,2624557.0,
2024-06-05 22:00:00,0.9863,0.9887,0.9747,0.9782,3128213.0,
2024-06-05 23:00:00,0.9782,0.9842,0.9756,0.9782,3595513.0,
2024-06-06 00:00:00,0.9783,0.982,0.9731,0.9764,4764300.0,
2024-06-06 01:00:00,0.9764,0.9922,0.9706,0.9852,8947369.0,
2024-06-06 02:00:00,0.9851,0.9925,0.9786,0.9914,4946529.0,
2024-06-06 03:00:00,0.9913,1.0072,0.9887,0.991,12821423.0,
2024-06-06 04:00:00,0.9911,0.9978,0.982,0.9824,7657815.0,
2024-06-06 05:00:00,0.9824,0.9852,0.97,0.972,8260435.0,
2024-06-06 06:00:00,0.972,0.9787,0.9612,0.9648,8931412.0,
2024-06-06 07:00:00,0.9649,0.9731,0.9601,0.9727,5603266.0,
2024-06-06 08:00:00,0.9727,0.9767,0.9656,0.972,5574322.0,
2024-06-06 09:00:00,0.9719,0.9755,0.9682,0.9707,4209344.0,
2024-06-06 10:00:00,0.9707,0.972,0.9646,0.97,3336717.0,
2024-06-06 11:00:00,0.9698,0.9733,0.9659,0.9688,3247016.0,
2024-06-06 12:00:00,0.9688,0.9818,0.966,0.9788,7813812.0,
2024-06-06 13:00:00,0.9788,0.9817,0.9692,0.9739,5369289.0,
2024-06-06 14:00:00,0.974,0.9764,0.9691,0.9731,4088307.0,
2024-06-06 15:00:00,0.9731,0.9888,0.9697,0.9756,15742129.0,
2024-06-06 16:00:00,0.9756,0.9807,0.9668,0.9751,8983099.0,
2024-06-06 17:00:00,0.9751,0.978,0.9675,0.9694,5555388.0,
2024-06-06 18:00:00,0.9694,0.9694,0.9555,0.9597,8579931.0,
2024-06-06 19:00:00,0.9598,0.9598,0.9419,0.9466,11549769.0,
2024-06-06 20:00:00,0.9466,0.965,0.9381,0.9604,10631115.0,
2024-06-06 21:00:00,0.9605,0.9619,0.9538,0.9571,3658746.0,
2024-06-06 22:00:00,0.9571,0.9578,0.9519,0.9538,3408609.0,
2024-06-06 23:00:00,0.9538,0.9545,0.9491,0.9504,2888242.0,
2024-06-07 00:00:00,0.9504,0.9559,0.9433,0.953,5552832.0,
2024-06-07 01:00:00,0.953,0.9578,0.9482,0.9541,2889455.0,
2024-06-07 02:00:00,0.954,0.9581,0.9393,0.9453,5650422.0,
2024-06-07 03:00:00,0.9453,0.9527,0.943,0.9492,4460738.0,
2024-06-07 04:00:00,0.9491,0.9593,0.9477,0.9589,4176038.0,
2024-06-07 05:00:00,0.9589,0.965,0.955,0.9553,5258968.0,
2024-06-07 06:00:00,0.9553,0.9585,0.9511,0.9582,4313329.0,
2024-06-07 07:00:00,0.9581,0.9614,0.9559,0.9586,3746381.0,
2024-06-07 08:00:00,0.9585,0.9592,0.9508,0.9511,2855490.0,
2024-06-07 09:00:00,0.9512,0.9565,0.9476,0.9534,3412194.0,
2024-06-07 10:00:00,0.9534,0.9571,0.9449,0.9526,4412256.0,
2024-06-07 11:00:00,0.9526,0.9655,0.9515,0.9633,6488506.0,
2024-06-07 12:00:00,0.9633,0.9654,0.9216,0.9382,29015939.0,
2024-06-07 13:00:00,0.9383,0.9455,0.9334,0.9435,12218686.0,
2024-06-07 14:00:00,0.9435,0.9495,0.9361,0.9484,5714909.0,
2024-06-07 15:00:00,0.9485,0.9514,0.9352,0.9373,8154587.0,
2024-06-07 16:00:00,0.9374,0.9374,0.9217,0.9258,8061123.0,
2024-06-07 17:00:00,0.9258,0.9259,0.894,0.8955,26356691.0,
2024-06-07 18:00:00,0.8952,0.8991,0.77,0.854,101889913.0,
2024-06-07 19:00:00,0.854,0.8913,0.8368,0.8859,27884262.0,
2024-06-07 20:00:00,0.8859,0.902,0.8618,0.8965,22362840.0,
2024-06-07 21:00:00,0.8964,0.8976,0.8808,0.8866,12186650.0,
2024-06-07 22:00:00,0.8867,0.892,0.8821,0.8863,6880225.0,
2024-06-07 23:00:00,0.8864,0.8892,0.8806,0.885,7204887.0,
2024-06-08 00:00:00,0.8849,0.8879,0.879,0.8815,6242727.0,
2024-06-08 01:00:00,0.8815,0.89,0.8793,0.884,5158841.0,
2024-06-08 02:00:00,0.8839,0.8846,0.8708,0.8775,5807119.0,
2024-06-08 03:00:00,0.8776,0.8783,0.8645,0.8671,5832390.0,
2024-06-08 04:00:00,0.8672,0.8714,0.85,0.8551,8713853.0,
2024-06-08 05:00:00,0.8552,0.8625,0.8551,0.8563,3947073.0,
2024-06-08 06:00:00,0.8564,0.8589,0.8507,0.8575,4303109.0,
2024-06-08 07:00:00,0.8576,0.8625,0.8559,0.8608,4355925.0,
2024-06-08 08:00:00,0.8608,0.8627,0.8561,0.8616,3795223.0,
2024-06-08 09:00:00,0.8616,0.87,0.8585,0.8605,5093265.0,
2024-06-08 10:00:00,0.8606,0.862,0.8457,0.8589,6596084.0,
2024-06-08 11:00:00,0.859,0.859,0.8361,0.8448,7763494.0,
2024-06-08 12:00:00,0.8448,0.8521,0.8367,0.8474,6762208.0,
2024-06-08 13:00:00,0.8474,0.8484,0.8202,0.8421,16865176.0,
2024-06-08 14:00:00,0.8422,0.8521,0.8354,0.8485,6235972.0,
2024-06-08 15:00:00,0.8484,0.85,0.8424,0.8454,4277247.0,
2024-06-08 16:00:00,0.8454,0.8485,0.8363,0.8397,5110105.0,
2024-06-08 17:00:00,0.8397,0.8471,0.8333,0.8456,4818494.0,
2024-06-08 18:00:00,0.8455,0.8481,0.8354,0.8387,3483596.0,
2024-06-08 19:00:00,0.8387,0.8422,0.826,0.8284,5152993.0,
2024-06-08 20:00:00,0.8285,0.8302,0.8203,0.8241,4956443.0,
2024-06-08 21:00:00,0.8242,0.8275,0.822,0.8252,2481276.0,
2024-06-08 22:00:00,0.8252,0.827,0.8127,0.8238,6109031.0,
2024-06-08 23:00:00,0.8239,0.8313,0.8198,0.8299,2952201.0,
2024-06-09 00:00:00,0.8299,0.8348,0.821,0.8225,5542489.0,
2024-06-09 01:00:00,0.8226,0.8313,0.8187,0.8294,4877362.0,
2024-06-09 02:00:00,0.8293,0.8293,0.8114,0.8127,5134797.0,
2024-06-09 03:00:00,0.8128,0.8239,0.8116,0.8224,3992164.0,
2024-06-09 04:00:00,0.8224,0.8242,0.8119,0.8142,4227426.0,
2024-06-09 05:00:00,0.8143,0.8225,0.81,0.8181,4883161.0,
2024-06-09 06:00:00,0.818,0.8243,0.816,0.8194,3406620.0,
2024-06-09 07:00:00,0.8194,0.826,0.8177,0.8181,2989258.0,
2024-06-09 08:00:00,0.8181,0.8194,0.8143,0.8182,3273552.0,
2024-06-09 09:00:00,0.8182,0.8237,0.818,0.822,3330979.0,
2024-06-09 10:00:00,0.8219,0.8228,0.8152,0.8153,2540594.0,
2024-06-09 11:00:00,0.8154,0.8207,0.8148,0.8185,3208788.0,
2024-06-09 12:00:00,0.8184,0.8396,0.8149,0.833,8411899.0,
2024-06-09 13:00:00,0.833,0.8357,0.8177,0.821,8160628.0,
2024-06-09 14:00:00,0.8211,0.8293,0.8191,0.8277,3694860.0,
2024-06-09 15:00:00,0.8276,0.8317,0.8245,0.8248,4540314.0,
2024-06-09 16:00:00,0.825,0.8326,0.8223,0.8311,4644936.0,
2024-06-09 17:00:00,0.831,0.8334,0.8265,0.829,3440976.0,
2024-06-09 18:00:00,0.829,0.835,0.8253,0.8315,4086380.0,
2024-06-09 19:00:00,0.8315,0.8353,0.8285,0.8304,3204871.0,
2024-06-09 20:00:00,0.8304,0.8309,0.8222,0.8252,2686288.0,
2024-06-09 21:00:00,0.8251,0.8289,0.8233,0.828,2127418.0,
2024-06-09 22:00:00,0.828,0.83,0.8245,0.8271,2456052.0,
2024-06-09 23:00:00,0.8271,0.8313,0.826,0.8301,2042620.0,
2024-06-10 00:00:00,0.83,0.8303,0.8191,0.8215,3727345.0,
2024-06-10 01:00:00,0.8214,0.8225,0.8168,0.8181,3467173.0,
2024-06-10 02:00:00,0.818,0.8207,0.8141,0.8164,3531358.0,
2024-06-10 03:00:00,0.8163,0.8209,0.8016,0.8058,9132260.0,
2024-06-10 04:00:00,0.8059,0.8119,0.8001,0.8096,7765913.0,
2024-06-10 05:00:00,0.8097,0.8099,0.8,0.8032,5405574.0,
2024-06-10 06:00:00,0.8033,0.8044,0.7972,0.7987,9810239.0,
2024-06-10 07:00:00,0.7987,0.7988,0.7848,0.7871,14570021.0,
2024-06-10 08:00:00,0.7871,0.8103,0.7865,0.8089,10431551.0,
2024-06-10 09:00:00,0.8089,0.8155,0.8069,0.8134,6958430.0,
2024-06-10 10:00:00,0.8133,0.8156,0.8099,0.8138,3114361.0,
2024-06-10 11:00:00,0.8139,0.8156,0.8107,0.8113,2428747.0,
2024-06-10 12:00:00,0.8113,0.8123,0.8047,0.8068,4436786.0,
2024-06-10 13:00:00,0.8067,0.8081,0.7911,0.794,9479577.0,
2024-06-10 14:00:00,0.7941,0.8049,0.7866,0.7996,8542237.0,
2024-06-10 15:00:00,0.7995,0.8205,0.7968,0.8157,9157730.0,
2024-06-10 16:00:00,0.8157,0.8227,0.8071,0.8122,9124314.0,
2024-06-10 17:00:00,0.8123,0.813,0.8055,0.8071,2938655.0,
2024-06-10 18:00:00,0.8071,0.8084,0.7918,0.796,6421080.0,
2024-06-10 19:00:00,0.796,0.7978,0.7786,0.7801,10802934.0,
2024-06-10 20:00:00,0.7802,0.7811,0.7689,0.7782,12148688.0,
2024-06-10 21:00:00,0.7783,0.7823,0.7724,0.7785,3348443.0,
2024-06-10 22:00:00,0.7786,0.7786,0.771,0.7745,3539342.0,
2024-06-10 23:00:00,0.7745,0.7767,0.769,0.7707,4297113.0,
2024-06-11 00:00:00,0.7708,0.7757,0.7672,0.7701,7381310.0,
2024-06-11 01:00:00,0.7702,0.775,0.7388,0.7537,17176162.0,
2024-06-11 02:00:00,0.7536,0.7619,0.7403,0.7474,17667736.0,
2024-06-11 03:00:00,0.7474,0.7604,0.746,0.7525,10083907.0,
2024-06-11 04:00:00,0.7524,0.7564,0.7428,0.746,10801640.0,
2024-06-11 05:00:00,0.746,0.7463,0.7369,0.7414,9711221.0,
2024-06-11 06:00:00,0.7415,0.7451,0.731,0.7379,7611347.0,
2024-06-11 07:00:00,0.738,0.7434,0.7323,0.7378,6352353.0,
2024-06-11 08:00:00,0.7378,0.7513,0.7352,0.7457,8975908.0,
2024-06-11 09:00:00,0.7457,0.7486,0.7365,0.7439,7351476.0,
2024-06-11 10:00:00,0.7438,0.7584,0.7416,0.7554,8855640.0,
2024-06-11 11:00:00,0.7555,0.7585,0.7503,0.7547,5640727.0,
2024-06-11 12:00:00,0.7547,0.7603,0.7459,0.7461,6218183.0,
2024-06-11 13:00:00,0.7461,0.7543,0.737,0.7442,11275672.0,
2024-06-11 14:00:00,0.7443,0.7457,0.7338,0.7369,10324244.0,
2024-06-11 15:00:00,0.737,0.7424,0.7075,0.7163,36070140.0,
2024-06-11 16:00:00,0.7163,0.7291,0.7136,0.7144,12365936.0,
2024-06-11 17:00:00,0.7144,0.716,0.7015,0.7114,15038036.0,
2024-06-11 18:00:00,0.7114,0.724,0.7093,0.7198,9209587.0,
2024-06-11 19:00:00,0.7198,0.7235,0.7132,0.716,16078898.0,
2024-06-11 20:00:00,0.716,0.7163,0.7045,0.7082,16091771.0,
2024-06-11 21:00:00,0.7083,0.7187,0.7023,0.7133,19640489.0,
2024-06-11 22:00:00,0.7133,0.7148,0.7053,0.7054,8183321.0,
2024-06-11 23:00:00,0.7055,0.7111,0.7033,0.7092,10324864.0,
2024-06-12 00:00:00,0.7093,0.7166,0.7062,0.7117,6386408.0,
2024-06-12 01:00:00,0.7117,0.7135,0.6843,0.696,21370232.0,
2024-06-12 02:00:00,0.696,0.7149,0.6925,0.7131,14078239.0,
2024-06-12 03:00:00,0.7131,0.718,0.7051,0.712,5684123.0,
2024-06-12 04:00:00,0.7119,0.7164,0.7072,0.7123,11058084.0,
2024-06-12 05:00:00,0.7123,0.7126,0.7063,0.7088,8503663.0,
2024-06-12 06:00:00,0.7089,0.7198,0.7081,0.7149,12502829.0,
2024-06-12 07:00:00,0.7148,0.7194,0.7142,0.7194,4620598.0,
2024-06-12 08:00:00,0.7193,0.73,0.7176,0.7217,10429646.0,
2024-06-12 09:00:00,0.7216,0.7284,0.7164,0.7277,7988878.0,
2024-06-12 10:00:00,0.7276,0.7363,0.7255,0.7295,10417760.0,
2024-06-12 11:00:00,0.7294,0.7332,0.7226,0.7265,6729086.0,
2024-06-12 12:00:00,0.7265,0.7782,0.725,0.7669,35013831.0,
2024-06-12 13:00:00,0.7669,0.7871,0.7404,0.7571,41268208.0,
2024-06-12 14:00:00,0.7571,0.7694,0.7485,0.7678,15623067.0,
2024-06-12 15:00:00,0.7677,0.7727,0.7557,0.7571,8030899.0,
2024-06-12 16:00:00,0.7571,0.7582,0.745,0.7503,8977323.0,
2024-06-12 17:00:00,0.7503,0.7617,0.745,0.7598,9573493.0,
2024-06-12 18:00:00,0.7597,0.7599,0.7341,0.7359,36450761.0,
2024-06-12 19:00:00,0.7359,0.7489,0.7105,0.7169,27153897.0,
2024-06-12 20:00:00,0.717,0.7322,0.7133,0.7299,13259313.0,
2024-06-12 21:00:00,0.73,0.7366,0.7298,0.7346,4918743.0,
2024-06-12 22:00:00,0.7346,0.7352,0.7301,0.7344,3208446.0,
2024-06-12 23:00:00,0.7343,0.7352,0.7267,0.73,3316407.0,
2024-06-13 00:00:00,0.73,0.73,0.7218,0.7264,4670428.0,
2024-06-13 01:00:00,0.7264,0.7264,0.715,0.716,5263276.0,
2024-06-13 02:00:00,0.7159,0.717,0.6932,0.6943,13452390.0,
2024-06-13 03:00:00,0.6943,0.6954,0.676,0.6936,25400551.0,
2024-06-13 04:00:00,0.6936,0.702,0.6928,0.6995,11425701.0,
2024-06-13 05:00:00,0.6995,0.7118,0.6992,0.7093,10015656.0,
2024-06-13 06:00:00,0.7093,0.7116,0.6988,0.7001,16216594.0,
2024-06-13 07:00:00,0.7001,0.7061,0.6983,0.706,4201903.0,
2024-06-13 08:00:00,0.706,0.7125,0.7044,0.7094,6471846.0,
2024-06-13 09:00:00,0.7094,0.7114,0.701,0.7065,5318790.0,
2024-06-13 10:00:00,0.7066,0.7124,0.7019,0.7098,4486088.0,
2024-06-13 11:00:00,0.7098,0.711,0.7,0.701,4470668.0,
2024-06-13 12:00:00,0.7011,0.7173,0.6941,0.7003,13270801.0,
2024-06-13 13:00:00,0.7004,0.7122,0.6987,0.7038,8097603.0,
2024-06-13 14:00:00,0.7038,0.7127,0.6975,0.7081,11672222.0,
2024-06-13 15:00:00,0.7081,0.7112,0.6871,0.6903,17354896.0,
2024-06-13 16:00:00,0.6903,0.7047,0.684,0.7043,15969951.0,
2024-06-13 17:00:00,0.7043,0.7046,0.6974,0.7022,6631797.0,
2024-06-13 18:00:00,0.7022,0.7042,0.6988,0.7025,4426151.0,
2024-06-13 19:00:00,0.7024,0.7032,0.6968,0.697,3099907.0,
2024-06-13 20:00:00,0.6971,0.7003,0.6932,0.6955,3308346.0,
2024-06-13 21:00:00,0.6956,0.7032,0.6909,0.703,3669037.0,
2024-06-13 22:00:00,0.7031,0.7042,0.6972,0.7026,3856686.0,
2024-06-13 23:00:00,0.7026,0.7026,0.694,0.6963,4110246.0,
2024-06-14 00:00:00,0.6964,0.6995,0.6888,0.6983,8945251.0,
2024-06-14 01:00:00,0.6983,0.7084,0.6923,0.7076,11076318.0,
2024-06-14 02:00:00,0.7077,0.7145,0.7018,0.7109,8413761.0,
2024-06-14 03:00:00,0.7109,0.7127,0.704,0.7051,5081921.0,
2024-06-14 04:00:00,0.7052,0.7144,0.7051,0.7121,5277628.0,
2024-06-14 05:00:00,0.7121,0.7194,0.7095,0.7185,12709929.0,
2024-06-14 06:00:00,0.7185,0.7188,0.7122,0.7125,4964128.0,
2024-06-14 07:00:00,0.7125,0.7191,0.7122,0.7179,4538901.0,
2024-06-14 08:00:00,0.7178,0.7277,0.7155,0.7259,9308410.0,
2024-06-14 09:00:00,0.7258,0.7258,0.7156,0.7184,6697008.0,
2024-06-14 10:00:00,0.7184,0.724,0.7161,0.7225,8197208.0,
2024-06-14 11:00:00,0.7224,0.734,0.718,0.7296,10690571.0,
2024-06-14 12:00:00,0.7295,0.7319,0.7223,0.7231,5431452.0,
2024-06-14 13:00:00,0.7231,0.7296,0.7191,0.7243,6564785.0,
2024-06-14 14:00:00,0.7242,0.7256,0.6864,0.7027,44810431.0,
2024-06-14 15:00:00,0.7026,0.7093,0.691,0.6966,12126527.0,
2024-06-14 16:00:00,0.6965,0.6996,0.65,0.6792,37161533.0,
2024-06-14 17:00:00,0.6792,0.6864,0.672,0.6827,10442062.0,
2024-06-14 18:00:00,0.6827,0.6844,0.6668,0.677,10818451.0,
2024-06-14 19:00:00,0.677,0.6849,0.6742,0.6818,4530549.0,
2024-06-14 20:00:00,0.6819,0.6908,0.6812,0.6883,5125190.0,
2024-06-14 21:00:00,0.6883,0.7292,0.6874,0.7191,17297582.0,
2024-06-14 22:00:00,0.7191,0.7195,0.7044,0.712,8932401.0,
2024-06-14 23:00:00,0.712,0.716,0.7075,0.7092,4466679.0,
2024-06-15 00:00:00,0.7091,0.7122,0.7042,0.7078,5910266.0,
2024-06-15 01:00:00,0.7078,0.7116,0.6965,0.6981,6566222.0,
2024-06-15 02:00:00,0.6981,0.7004,0.6944,0.6989,4455348.0,
2024-06-15 03:00:00,0.6989,0.7125,0.6971,0.7125,6605216.0,
2024-06-15 04:00:00,0.7125,0.7222,0.7092,0.7204,9489666.0,
2024-06-15 05:00:00,0.7205,0.7234,0.7153,0.7207,6032331.0,
2024-06-15 06:00:00,0.7207,0.7291,0.7182,0.7206,8156606.0,
2024-06-15 07:00:00,0.7206,0.731,0.7183,0.7212,8401369.0,
2024-06-15 08:00:00,0.7211,0.7248,0.7177,0.7198,4448614.0,
2024-06-15 09:00:00,0.7198,0.7207,0.7107,0.7159,7495337.0,
2024-06-15 10:00:00,0.7159,0.7203,0.7141,0.7199,3653937.0,
2024-06-15 11:00:00,0.7199,0.7212,0.7161,0.7185,3318090.0,
2024-06-15 12:00:00,0.7184,0.7256,0.7167,0.7253,4966384.0,
2024-06-15 13:00:00,0.7253,0.731,0.72,0.7307,6653064.0,
2024-06-15 14:00:00,0.7306,0.7311,0.7225,0.7297,7889326.0,
2024-06-15 15:00:00,0.7297,0.745,0.7293,0.7411,12888308.0,
2024-06-15 16:00:00,0.741,0.7447,0.7342,0.7392,7870464.0,
2024-06-15 17:00:00,0.7391,0.7499,0.7365,0.7443,7563095.0,
2024-06-15 18:00:00,0.7444,0.7454,0.7379,0.7383,5799040.0,
2024-06-15 19:00:00,0.7382,0.7418,0.7328,0.7395,6564188.0,
2024-06-15 20:00:00,0.7394,0.7412,0.7303,0.7385,7004408.0,
2024-06-15 21:00:00,0.7384,0.7466,0.7376,0.7461,3771263.0,
2024-06-15 22:00:00,0.7462,0.7495,0.7442,0.7485,3112189.0,
2024-06-15 23:00:00,0.7485,0.7485,0.7452,0.7479,2471363.0,
2024-06-16 00:00:00,0.7479,0.7487,0.7393,0.7393,4344887.0,
2024-06-16 01:00:00,0.7394,0.7444,0.7336,0.742,7164044.0,
2024-06-16 02:00:00,0.742,0.7458,0.7374,0.7394,4566230.0,
2024-06-16 03:00:00,0.7395,0.7408,0.7277,0.7341,8295230.0,
2024-06-16 04:00:00,0.7341,0.7343,0.724,0.7275,5858691.0,
2024-06-16 05:00:00,0.7275,0.738,0.7264,0.7372,4283773.0,
2024-06-16 06:00:00,0.7373,0.74,0.7275,0.7367,5035130.0,
2024-06-16 07:00:00,0.7367,0.7418,0.7339,0.7356,5663039.0,
2024-06-16 08:00:00,0.7356,0.7446,0.7339,0.74,5611786.0,
2024-06-16 09:00:00,0.7401,0.7432,0.7373,0.7411,4134626.0,
2024-06-16 10:00:00,0.7411,0.7488,0.7385,0.7482,6052673.0,
2024-06-16 11:00:00,0.7482,0.7556,0.7478,0.7549,8858240.0,
2024-06-16 12:00:00,0.7548,0.7613,0.7506,0.7581,10501551.0,
2024-06-16 13:00:00,0.7581,0.7683,0.7579,0.7672,11478204.0,
2024-06-16 14:00:00,0.7672,0.7749,0.7539,0.7557,13251618.0,
2024-06-16 15:00:00,0.7558,0.7622,0.7553,0.7561,6055408.0,
2024-06-16 16:00:00,0.7562,0.7658,0.7521,0.7656,7733229.0,
2024-06-16 17:00:00,0.7656,0.7713,0.7617,0.7637,5666339.0,
2024-06-16 18:00:00,0.7637,0.7697,0.7597,0.7682,4507434.0,
2024-06-16 19:00:00,0.7681,0.7715,0.7616,0.7622,3105565.0,
2024-06-16 20:00:00,0.7623,0.7647,0.7601,0.7608,2289784.0,
2024-06-16 21:00:00,0.7609,0.7625,0.759,0.7616,1750880.0,
2024-06-16 22:00:00,0.7616,0.7727,0.7616,0.7689,5972433.0,
2024-06-16 23:00:00,0.7689,0.77,0.7649,0.7656,2305439.0,
2024-06-17 00:00:00,0.7656,0.7727,0.7625,0.7639,5430688.0,
2024-06-17 01:00:00,0.7639,0.7649,0.7559,0.7593,6226446.0,
2024-06-17 02:00:00,0.7593,0.7594,0.7404,0.7468,11274849.0,
2024-06-17 03:00:00,0.7469,0.749,0.7358,0.7381,7642955.0,
2024-06-17 04:00:00,0.7382,0.7443,0.7316,0.7442,7824264.0,
2024-06-17 05:00:00,0.7442,0.7444,0.7309,0.7334,5998782.0,
2024-06-17 06:00:00,0.7334,0.7336,0.7172,0.718,12364526.0,
2024-06-17 07:00:00,0.7181,0.7201,0.7056,0.7062,15041125.0,
2024-06-17 08:00:00,0.7063,0.7153,0.7002,0.7016,16310846.0,
2024-06-17 09:00:00,0.7016,0.7097,0.6913,0.6937,13298447.0,
2024-06-17 10:00:00,0.6937,0.6986,0.6831,0.697,17195121.0,
2024-06-17 11:00:00,0.6969,0.7056,0.6957,0.6966,8192296.0,
2024-06-17 12:00:00,0.6967,0.7033,0.692,0.6934,6931540.0,
2024-06-17 13:00:00,0.6934,0.6945,0.6818,0.6848,12634740.0,
2024-06-17 14:00:00,0.6847,0.6997,0.6844,0.6943,9675534.0,
2024-06-17 15:00:00,0.6943,0.6999,0.6845,0.6876,9371082.0,
2024-06-17 16:00:00,0.6876,0.7077,0.6601,0.7059,31368751.0,
2024-06-17 17:00:00,0.706,0.7321,0.7044,0.7219,50205818.0,
2024-06-17 18:00:00,0.7218,0.7284,0.7114,0.7138,18124572.0,
2024-06-17 19:00:00,0.714,0.7175,0.7048,0.7062,12790042.0,
2024-06-17 20:00:00,0.7062,0.7073,0.6917,0.6983,18119288.0,
2024-06-17 21:00:00,0.6982,0.7012,0.6851,0.697,10822114.0,
2024-06-17 22:00:00,0.6969,0.7005,0.68,0.6861,13928590.0,
2024-06-17 23:00:00,0.686,0.6864,0.6728,0.6752,8956112.0,
2024-06-18 00:00:00,0.6753,0.677,0.6426,0.6543,31982628.0,
2024-06-18 01:00:00,0.6543,0.6605,0.5401,0.5942,109152182.0,
2024-06-18 02:00:00,0.5943,0.6065,0.5782,0.5952,51582692.0,
2024-06-18 03:00:00,0.5953,0.608,0.5922,0.6072,21696365.0,
2024-06-18 04:00:00,0.6072,0.6129,0.5999,0.6094,18926186.0,
2024-06-18 05:00:00,0.6095,0.6226,0.6092,0.6147,15150177.0,
2024-06-18 06:00:00,0.6147,0.6209,0.6109,0.6126,9721544.0,
2024-06-18 07:00:00,0.6126,0.6208,0.6062,0.6074,14366254.0,
2024-06-18 08:00:00,0.6074,0.6076,0.5995,0.6017,11583342.0,
2024-06-18 09:00:00,0.6018,0.6024,0.5951,0.599,12422449.0,
2024-06-18 10:00:00,0.5991,0.5999,0.5915,0.5923,10511890.0,
2024-06-18 11:00:00,0.5923,0.5958,0.5775,0.5912,25953936.0,
2024-06-18 12:00:00,0.5913,0.5981,0.578,0.5973,27956780.0,
2024-06-18 13:00:00,0.5973,0.5978,0.5816,0.5868,25299723.0,
2024-06-18 14:00:00,0.5869,0.6133,0.5826,0.5995,36669804.0,
2024-06-18 15:00:00,0.5995,0.6062,0.5952,0.6037,22488215.0,
2024-06-18 16:00:00,0.6037,0.6059,0.5877,0.5965,19195731.0,
2024-06-18 17:00:00,0.5965,0.6027,0.5861,0.5904,15406811.0,
2024-06-18 18:00:00,0.5905,0.5949,0.5861,0.5868,11969746.0,
2024-06-18 19:00:00,0.5867,0.6012,0.5823,0.6012,14533959.0,
2024-06-18 20:00:00,0.6011,0.6076,0.5917,0.6061,15897960.0,
2024-06-18 21:00:00,0.6061,0.6186,0.6041,0.613,10543544.0,
2024-06-18 22:00:00,0.6131,0.6216,0.6085,0.6212,11052300.0,
2024-06-18 23:00:00,0.6211,0.63,0.6193,0.6268,12163952.0,
2024-06-19 00:00:00,0.6268,0.6467,0.6235,0.6463,17505239.0,
2024-06-19 01:00:00,0.6462,0.6601,0.6422,0.6467,25950096.0,
2024-06-19 02:00:00,0.6467,0.6624,0.6463,0.6528,13084574.0,
2024-06-19 03:00:00,0.6527,0.672,0.6476,0.6685,24286672.0,
2024-06-19 04:00:00,0.6684,0.685,0.6644,0.6814,22817633.0,
2024-06-19 05:00:00,0.6813,0.683,0.6603,0.6667,16567026.0,
2024-06-19 06:00:00,0.6668,0.6768,0.6622,0.6739,11191594.0,
2024-06-19 07:00:00,0.6739,0.6758,0.6481,0.6544,26276572.0,
2024-06-19 08:00:00,0.6543,0.6579,0.6343,0.6345,18223960.0,
2024-06-19 09:00:00,0.6344,0.6431,0.6327,0.6423,11169520.0,
2024-06-19 10:00:00,0.6422,0.651,0.6402,0.6506,10101940.0,
2024-06-19 11:00:00,0.6505,0.6505,0.633,0.638,13001192.0,
2024-06-19 12:00:00,0.6379,0.646,0.6366,0.6423,10607842.0,
2024-06-19 13:00:00,0.6422,0.6497,0.6382,0.6404,10688077.0,
2024-06-19 14:00:00,0.6404,0.6408,0.6217,0.6273,18129054.0,
2024-06-19 15:00:00,0.6274,0.6329,0.6244,0.6285,7777834.0,
2024-06-19 16:00:00,0.6284,0.6372,0.6242,0.631,9573731.0,
2024-06-19 17:00:00,0.631,0.6437,0.6304,0.6375,10547011.0,
2024-06-19 18:00:00,0.6375,0.6455,0.6375,0.6422,6307940.0,
2024-06-19 19:00:00,0.6422,0.6438,0.6336,0.6348,6427405.0,
2024-06-19 20:00:00,0.6349,0.6383,0.631,0.6361,5768789.0,
2024-06-19 21:00:00,0.6362,0.6426,0.6336,0.6374,4126991.0,
2024-06-19 22:00:00,0.6375,0.6395,0.6276,0.6281,5854770.0,
2024-06-19 23:00:00,0.628,0.6339,0.6239,0.6335,5710732.0,
2024-06-20 00:00:00,0.6336,0.6392,0.6289,0.6317,9766662.0,
2024-06-20 01:00:00,0.6317,0.6457,0.6278,0.6307,14972410.0,
2024-06-20 02:00:00,0.6308,0.6314,0.6085,0.6148,26835849.0,
2024-06-20 03:00:00,0.6148,0.6227,0.6116,0.6184,9169868.0,
2024-06-20 04:00:00,0.6183,0.6245,0.6104,0.6238,12005415.0,
2024-06-20 05:00:00,0.6238,0.6351,0.6218,0.6329,9967670.0,
2024-06-20 06:00:00,0.633,0.6432,0.6309,0.6349,17887251.0,
2024-06-20 07:00:00,0.6348,0.6574,0.6347,0.6549,17994197.0,
2024-06-20 08:00:00,0.655,0.6594,0.648,0.6515,11721511.0,
2024-06-20 09:00:00,0.6515,0.6535,0.6386,0.6393,9826361.0,
2024-06-20 10:00:00,0.6393,0.6478,0.6317,0.646,15305544.0,
2024-06-20 11:00:00,0.6459,0.6675,0.6456,0.6555,29544286.0,
2024-06-20 12:00:00,0.6555,0.6601,0.6463,0.6475,13635417.0,
2024-06-20 13:00:00,0.6474,0.649,0.6288,0.6301,18881493.0,
2024-06-20 14:00:00,0.63,0.6307,0.6127,0.6204,25821056.0,
2024-06-20 15:00:00,0.6204,0.6223,0.6123,0.6145,12623200.0,
2024-06-20 16:00:00,0.6144,0.6225,0.5831,0.6212,29486633.0,
2024-06-20 17:00:00,0.6213,0.6265,0.619,0.6254,9122973.0,
2024-06-20 18:00:00,0.6254,0.6293,0.622,0.6225,10719154.0,
2024-06-20 19:00:00,0.6226,0.6252,0.6184,0.6229,6918172.0,
2024-06-20 20:00:00,0.6228,0.6259,0.6182,0.6232,5002722.0,
2024-06-20 21:00:00,0.6232,0.6248,0.6166,0.6193,3473680.0,
2024-06-20 22:00:00,0.6193,0.6207,0.6149,0.617,3839387.0,
2024-06-20 23:00:00,0.6171,0.6183,0.6115,0.6129,3896816.0,
2024-06-21 00:00:00,0.6129,0.6136,0.6027,0.6078,9903370.0,
2024-06-21 01:00:00,0.6078,0.6234,0.6061,0.6225,8354321.0,
2024-06-21 02:00:00,0.6224,0.6262,0.6117,0.6141,6392549.0,
2024-06-21 03:00:00,0.6141,0.6159,0.6082,0.6118,4982331.0,
2024-06-21 04:00:00,0.6119,0.6194,0.6091,0.6168,6111027.0,
2024-06-21 05:00:00,0.6168,0.6168,0.6094,0.615,5474348.0,
2024-06-21 06:00:00,0.615,0.6215,0.6133,0.6195,6824644.0,
2024-06-21 07:00:00,0.6194,0.6245,0.6083,0.612,11847274.0,
2024-06-21 08:00:00,0.6121,0.6164,0.5963,0.6007,18713302.0,
2024-06-21 09:00:00,0.6009,0.6211,0.5981,0.6196,17465738.0,
2024-06-21 10:00:00,0.6196,0.6218,0.6116,0.6142,7359115.0,
2024-06-21 11:00:00,0.6142,0.6197,0.6117,0.6126,6517792.0,
2024-06-21 12:00:00,0.6126,0.6165,0.6041,0.6084,9977810.0,
2024-06-21 13:00:00,0.6084,0.61,0.5937,0.5971,18110184.0,
2024-06-21 14:00:00,0.597,0.6218,0.5964,0.617,19113221.0,
2024-06-21 15:00:00,0.617,0.619,0.6015,0.6089,12590710.0,
2024-06-21 16:00:00,0.609,0.6139,0.6064,0.6078,7990227.0,
2024-06-21 17:00:00,0.6079,0.6098,0.5957,0.598,12884791.0,
2024-06-21 18:00:00,0.5981,0.6111,0.594,0.6105,12593823.0,
2024-06-21 19:00:00,0.6105,0.6131,0.607,0.6088,6861260.0,
2024-06-21 20:00:00,0.6087,0.6147,0.6049,0.6059,5508595.0,
2024-06-21 21:00:00,0.606,0.6069,0.5997,0.6056,3555899.0,
2024-06-21 22:00:00,0.6056,0.6056,0.6008,0.6016,4248464.0,
2024-06-21 23:00:00,0.6017,0.6036,0.5986,0.5993,4604840.0,
2024-06-22 00:00:00,0.5993,0.5998,0.5852,0.5891,12002918.0,
2024-06-22 01:00:00,0.5891,0.5929,0.5864,0.5876,7855445.0,
2024-06-22 02:00:00,0.5877,0.5929,0.5851,0.589,8243672.0,
2024-06-22 03:00:00,0.5891,0.5943,0.5877,0.5921,7178772.0,
2024-06-22 04:00:00,0.5921,0.5928,0.5875,0.5901,4883042.0,
2024-06-22 05:00:00,0.5901,0.5973,0.5867,0.5951,6285448.0,
2024-06-22 06:00:00,0.5952,0.6009,0.5933,0.5972,6329744.0,
2024-06-22 07:00:00,0.5971,0.599,0.5938,0.5956,3849645.0,
2024-06-22 08:00:00,0.5955,0.5969,0.5901,0.5932,6216827.0,
2024-06-22 09:00:00,0.5931,0.5972,0.5929,0.596,3706275.0,
2024-06-22 10:00:00,0.5959,0.5972,0.5907,0.5956,4221628.0,
2024-06-22 11:00:00,0.5957,0.5974,0.5929,0.5961,3948191.0,
2024-06-22 12:00:00,0.5961,0.6,0.5944,0.5949,4521743.0,
2024-06-22 13:00:00,0.5949,0.5986,0.594,0.5975,3932622.0,
2024-06-22 14:00:00,0.5974,0.6049,0.596,0.6012,7299689.0,
2024-06-22 15:00:00,0.6011,0.6029,0.5985,0.6029,3824433.0,
2024-06-22 16:00:00,0.603,0.6073,0.6015,0.6055,4636031.0,
2024-06-22 17:00:00,0.6056,0.61,0.6047,0.6057,5596450.0,
2024-06-22 18:00:00,0.6057,0.607,0.6018,0.6039,3052770.0,
2024-06-22 19:00:00,0.604,0.6046,0.6006,0.6014,2381092.0,
2024-06-22 20:00:00,0.6014,0.6016,0.5963,0.6005,4904396.0,
2024-06-22 21:00:00,0.6004,0.6052,0.6004,0.6051,2704513.0,
2024-06-22 22:00:00,0.6051,0.6061,0.6011,0.6042,3145695.0,
2024-06-22 23:00:00,0.6042,0.6046,0.5993,0.6013,3165205.0,
2024-06-23 00:00:00,0.6013,0.6097,0.5979,0.6065,7202116.0,
2024-06-23 01:00:00,0.6065,0.6094,0.6053,0.6083,4297222.0,
2024-06-23 02:00:00,0.6083,0.6107,0.6044,0.6074,3947030.0,
2024-06-23 03:00:00,0.6075,0.6119,0.6054,0.6104,3962530.0,
2024-06-23 04:00:00,0.6104,0.6112,0.6068,0.609,3429082.0,
2024-06-23 05:00:00,0.609,0.6105,0.6042,0.6054,3338806.0,
2024-06-23 06:00:00,0.6054,0.6067,0.6037,0.6051,1768491.0,
2024-06-23 07:00:00,0.6051,0.6062,0.6026,0.6044,2425120.0,
2024-06-23 08:00:00,0.6044,0.6086,0.6024,0.6082,2848713.0,
2024-06-23 09:00:00,0.6082,0.6098,0.6028,0.6051,3924613.0,
2024-06-23 10:00:00,0.6051,0.6055,0.5952,0.5967,6696217.0,
2024-06-23 11:00:00,0.5968,0.5976,0.5932,0.5971,5850915.0,
2024-06-23 12:00:00,0.5972,0.5988,0.5956,0.5972,3264584.0,
2024-06-23 13:00:00,0.5972,0.5987,0.593,0.5939,4359038.0,
2024-06-23 14:00:00,0.5939,0.5949,0.5867,0.5886,8687046.0,
2024-06-23 15:00:00,0.5885,0.5905,0.5806,0.5846,8953546.0,
2024-06-23 16:00:00,0.5847,0.5857,0.5654,0.5703,17535884.0,
2024-06-23 17:00:00,0.5703,0.5751,0.5675,0.5712,12308679.0,
2024-06-23 18:00:00,0.5712,0.5735,0.5695,0.5711,6331096.0,
2024-06-23 19:00:00,0.5711,0.5772,0.5703,0.5751,5136895.0,
2024-06-23 20:00:00,0.5751,0.576,0.56,0.5712,12715447.0,
2024-06-23 21:00:00,0.5713,0.5747,0.5669,0.5691,7881563.0,
2024-06-23 22:00:00,0.5691,0.5691,0.5569,0.5643,9954872.0,
2024-06-23 23:00:00,0.5643,0.5681,0.5595,0.568,8118888.0,
2024-06-24 00:00:00,0.568,0.5727,0.5661,0.5685,8913748.0,
2024-06-24 01:00:00,0.5684,0.5703,0.5611,0.5637,9067411.0,
2024-06-24 02:00:00,0.5636,0.5655,0.5509,0.5579,10825909.0,
2024-06-24 03:00:00,0.558,0.5638,0.5569,0.5585,6111922.0,
2024-06-24 04:00:00,0.5584,0.5653,0.5557,0.5646,9099135.0,
2024-06-24 05:00:00,0.5646,0.5667,0.5405,0.5465,26581139.0,
2024-06-24 06:00:00,0.5463,0.5545,0.546,0.5529,10066882.0,
2024-06-24 07:00:00,0.553,0.553,0.5448,0.5463,8953234.0,
2024-06-24 08:00:00,0.5463,0.5526,0.5415,0.5457,12206472.0,
2024-06-24 09:00:00,0.5457,0.5465,0.51,0.5418,50028118.0,
2024-06-24 10:00:00,0.5418,0.5513,0.5407,0.5461,15968639.0,
2024-06-24 11:00:00,0.5461,0.5486,0.5388,0.5482,11880086.0,
2024-06-24 12:00:00,0.5481,0.5538,0.5473,0.5512,9796038.0,
2024-06-24 13:00:00,0.5513,0.5528,0.542,0.552,14010875.0,
2024-06-24 14:00:00,0.5519,0.5534,0.5433,0.5474,14219953.0,
2024-06-24 15:00:00,0.5474,0.5498,0.5386,0.5422,10920449.0,
2024-06-24 16:00:00,0.5422,0.5552,0.5396,0.552,15740774.0,
2024-06-24 17:00:00,0.552,0.5627,0.5484,0.5549,23809554.0,
2024-06-24 18:00:00,0.555,0.5588,0.548,0.5538,11312990.0,
2024-06-24 19:00:00,0.5538,0.557,0.5467,0.5503,9872183.0,
2024-06-24 20:00:00,0.5502,0.5568,0.5374,0.5518,18631847.0,
2024-06-24 21:00:00,0.5518,0.5661,0.5513,0.5605,10654928.0,
2024-06-24 22:00:00,0.5605,0.5605,0.5544,0.5554,6213824.0,
2024-06-24 23:00:00,0.5554,0.5613,0.5553,0.5581,4684890.0,
2024-06-25 00:00:00,0.558,0.5599,0.5528,0.557,6953056.0,
2024-06-25 01:00:00,0.557,0.5609,0.5544,0.5608,5802293.0,
2024-06-25 02:00:00,0.5608,0.5632,0.5559,0.5593,7114873.0,
2024-06-25 03:00:00,0.5592,0.5719,0.5571,0.5648,10311522.0,
2024-06-25 04:00:00,0.5648,0.5669,0.5617,0.5636,5809006.0,
2024-06-25 05:00:00,0.5636,0.5682,0.5606,0.562,7154128.0,
2024-06-25 06:00:00,0.5619,0.5623,0.5568,0.5588,7662944.0,
2024-06-25 07:00:00,0.5589,0.561,0.5535,0.5552,6297871.0,
2024-06-25 08:00:00,0.5552,0.5576,0.5475,0.5495,8428301.0,
2024-06-25 09:00:00,0.5495,0.5599,0.5491,0.5592,7706310.0,
2024-06-25 10:00:00,0.5593,0.5599,0.554,0.556,5382217.0,
2024-06-25 11:00:00,0.556,0.5607,0.5559,0.5579,6887300.0,
2024-06-25 12:00:00,0.5579,0.5634,0.5561,0.5592,5931210.0,
2024-06-25 13:00:00,0.5591,0.5686,0.5586,0.5626,9288540.0,
2024-06-25 14:00:00,0.5626,0.5812,0.5611,0.581,19000945.0,
2024-06-25 15:00:00,0.5811,0.5891,0.5748,0.5838,12196837.0,
2024-06-25 16:00:00,0.5839,0.5856,0.5775,0.5785,8386327.0,
2024-06-25 17:00:00,0.5785,0.5836,0.5703,0.5718,8921637.0,
2024-06-25 18:00:00,0.5719,0.5828,0.5706,0.5795,6966804.0,
2024-06-25 19:00:00,0.5795,0.5819,0.576,0.5771,4761620.0,
2024-06-25 20:00:00,0.5772,0.5785,0.5754,0.5766,3074085.0,
2024-06-25 21:00:00,0.5767,0.5804,0.576,0.5785,2545509.0,
2024-06-25 22:00:00,0.5786,0.5818,0.5745,0.575,4254372.0,
2024-06-25 23:00:00,0.575,0.5755,0.5713,0.5723,3693532.0,
2024-06-26 00:00:00,0.5723,0.5726,0.567,0.5684,5977526.0,
2024-06-26 01:00:00,0.5685,0.5845,0.5661,0.5836,7558697.0,
2024-06-26 02:00:00,0.5837,0.5925,0.5831,0.5873,8559179.0,
2024-06-26 03:00:00,0.5873,0.5896,0.5789,0.5848,7993932.0,
2024-06-26 04:00:00,0.5848,0.5915,0.5824,0.5852,9623277.0,
2024-06-26 05:00:00,0.5851,0.5922,0.5783,0.585,10194921.0,
2024-06-26 06:00:00,0.5849,0.5893,0.5795,0.5822,7092770.0,
2024-06-26 07:00:00,0.5823,0.587,0.58,0.5842,6765360.0,
2024-06-26 08:00:00,0.5841,0.5842,0.5752,0.5777,8362837.0,
2024-06-26 09:00:00,0.5778,0.5805,0.5722,0.5799,8759004.0,
2024-06-26 10:00:00,0.5799,0.5807,0.5691,0.5709,9257091.0,
2024-06-26 11:00:00,0.5709,0.5743,0.5671,0.5683,5584796.0,
2024-06-26 12:00:00,0.5683,0.5711,0.5623,0.5652,7912886.0,
2024-06-26 13:00:00,0.5651,0.5738,0.5638,0.5732,7531338.0,
2024-06-26 14:00:00,0.5733,0.5752,0.5631,0.5668,13149445.0,
2024-06-26 15:00:00,0.5666,0.5672,0.5479,0.5542,17194318.0,
2024-06-26 16:00:00,0.5542,0.558,0.5521,0.553,7233047.0,
2024-06-26 17:00:00,0.5531,0.5535,0.542,0.5532,13214163.0,
2024-06-26 18:00:00,0.5532,0.5533,0.5474,0.5493,4631748.0,
2024-06-26 19:00:00,0.5493,0.5603,0.5484,0.5594,10214243.0,
2024-06-26 20:00:00,0.5594,0.5706,0.5583,0.5641,14530878.0,
2024-06-26 21:00:00,0.5641,0.565,0.5601,0.5613,4354880.0,
2024-06-26 22:00:00,0.5613,0.5614,0.5563,0.5578,3475936.0,
2024-06-26 23:00:00,0.5577,0.5599,0.5558,0.5589,4394546.0,
2024-06-27 00:00:00,0.5588,0.562,0.5541,0.5575,6188776.0,
2024-06-27 01:00:00,0.5574,0.561,0.5522,0.5578,5695414.0,
2024-06-27 02:00:00,0.5578,0.5583,0.551,0.5546,5033956.0,
2024-06-27 03:00:00,0.5547,0.5578,0.5515,0.5537,5196951.0,
2024-06-27 04:00:00,0.5536,0.557,0.5516,0.5562,4044172.0,
2024-06-27 05:00:00,0.5562,0.5577,0.5457,0.5461,7167774.0,
2024-06-27 06:00:00,0.5462,0.5484,0.5424,0.5456,6499092.0,
2024-06-27 07:00:00,0.5456,0.5488,0.5427,0.5475,6218234.0,
2024-06-27 08:00:00,0.5476,0.5492,0.5447,0.5475,3731289.0,
2024-06-27 09:00:00,0.5474,0.5593,0.5463,0.5573,7581564.0,
2024-06-27 10:00:00,0.5574,0.5708,0.5574,0.5605,12664268.0,
2024-06-27 11:00:00,0.5604,0.5647,0.5591,0.5612,6052015.0,
2024-06-27 12:00:00,0.5611,0.5835,0.561,0.5808,22371900.0,
2024-06-27 13:00:00,0.5807,0.592,0.58,0.5826,20585323.0,
2024-06-27 14:00:00,0.5826,0.5872,0.569,0.5713,17518218.0,
2024-06-27 15:00:00,0.5714,0.5772,0.569,0.5725,8335052.0,
2024-06-27 16:00:00,0.5726,0.5766,0.5687,0.5691,7174279.0,
2024-06-27 17:00:00,0.5692,0.571,0.5665,0.5674,4444607.0,
2024-06-27 18:00:00,0.5675,0.5684,0.565,0.5657,3697417.0,
2024-06-27 19:00:00,0.5657,0.5674,0.5631,0.5651,3377310.0,
2024-06-27 20:00:00,0.5651,0.5658,0.5627,0.5634,3776156.0,
2024-06-27 21:00:00,0.5635,0.5641,0.5614,0.5619,3149540.0,
2024-06-27 22:00:00,0.562,0.5626,0.5602,0.5623,3306989.0,
2024-06-27 23:00:00,0.5623,0.5629,0.5581,0.5602,3416830.0,
2024-06-28 00:00:00,0.5602,0.5628,0.5524,0.5546,7155924.0,
2024-06-28 01:00:00,0.5546,0.5695,0.5527,0.5673,11260326.0,
2024-06-28 02:00:00,0.5673,0.574,0.5603,0.5609,10842603.0,
2024-06-28 03:00:00,0.561,0.5681,0.5604,0.5668,5653318.0,
2024-06-28 04:00:00,0.5669,0.5682,0.5625,0.5661,3842225.0,
2024-06-28 05:00:00,0.566,0.5661,0.5606,0.5624,4295299.0,
2024-06-28 06:00:00,0.5624,0.5655,0.5611,0.5655,4363490.0,
2024-06-28 07:00:00,0.5654,0.5694,0.5611,0.564,6268400.0,
2024-06-28 08:00:00,0.564,0.5646,0.56,0.5644,3918872.0,
2024-06-28 09:00:00,0.5643,0.5661,0.5606,0.5627,4957455.0,
2024-06-28 10:00:00,0.5626,0.5655,0.5596,0.5612,4804259.0,
2024-06-28 11:00:00,0.5611,0.5633,0.5579,0.5602,5583722.0,
2024-06-28 12:00:00,0.5601,0.5669,0.5555,0.5568,14081382.0,
2024-06-28 13:00:00,0.5568,0.5575,0.5408,0.5458,28278072.0,
2024-06-28 14:00:00,0.5458,0.5482,0.533,0.5383,21199630.0,
2024-06-28 15:00:00,0.5383,0.5428,0.5347,0.5385,10881418.0,
2024-06-28 16:00:00,0.5385,0.5398,0.52,0.5292,23041890.0,
2024-06-28 17:00:00,0.5292,0.5292,0.5148,0.5203,17380085.0,
2024-06-28 18:00:00,0.5203,0.5213,0.5169,0.519,8652916.0,
2024-06-28 19:00:00,0.519,0.5209,0.5137,0.5158,12199222.0,
2024-06-28 20:00:00,0.5159,0.5187,0.5143,0.5146,5698666.0,
2024-06-28 21:00:00,0.5146,0.5148,0.5066,0.5109,12367624.0,
2024-06-28 22:00:00,0.5109,0.513,0.5078,0.5127,7784978.0,
2024-06-28 23:00:00,0.5126,0.5143,0.511,0.5119,4526077.0,
2024-06-29 00:00:00,0.5119,0.5157,0.5107,0.5149,6770992.0,
2024-06-29 01:00:00,0.5149,0.5214,0.5141,0.5198,5889395.0,
2024-06-29 02:00:00,0.5197,0.5211,0.5172,0.5182,4188088.0,
2024-06-29 03:00:00,0.5181,0.5221,0.5179,0.5189,4988958.0,
2024-06-29 04:00:00,0.5188,0.5189,0.5135,0.5143,4127225.0,
2024-06-29 05:00:00,0.5143,0.5149,0.5115,0.5132,4996179.0,
2024-06-29 06:00:00,0.5131,0.5143,0.5106,0.5139,5092393.0,
2024-06-29 07:00:00,0.5139,0.5184,0.5128,0.5157,5885221.0,
2024-06-29 08:00:00,0.5156,0.52,0.5144,0.5198,6205490.0,
2024-06-29 09:00:00,0.5197,0.5207,0.5146,0.5175,5884500.0,
2024-06-29 10:00:00,0.5176,0.5203,0.5165,0.5191,4358247.0,
2024-06-29 11:00:00,0.5191,0.5264,0.5189,0.5251,7997910.0,
2024-06-29 12:00:00,0.5251,0.5282,0.5212,0.5226,7965554.0,
2024-06-29 13:00:00,0.5226,0.524,0.5155,0.5164,8089924.0,
2024-06-29 14:00:00,0.5163,0.5169,0.5102,0.5132,9809851.0,
2024-06-29 15:00:00,0.5132,0.5153,0.5106,0.5153,5247417.0,
2024-06-29 16:00:00,0.5152,0.5175,0.5119,0.5121,5500236.0,
2024-06-29 17:00:00,0.5122,0.5133,0.5099,0.5113,5162204.0,
2024-06-29 18:00:00,0.5114,0.5116,0.5076,0.509,4862105.0,
2024-06-29 19:00:00,0.5089,0.5094,0.4933,0.5003,23778414.0,
2024-06-29 20:00:00,0.5003,0.5006,0.496,0.4977,8762902.0,
2024-06-29 21:00:00,0.4977,0.4991,0.4952,0.4968,6638746.0,
2024-06-29 22:00:00,0.4968,0.4971,0.4866,0.4908,16347215.0,
2024-06-29 23:00:00,0.4908,0.4909,0.4868,0.4886,9829813.0,
2024-06-30 00:00:00,0.4886,0.496,0.485,0.4943,13605932.0,
2024-06-30 01:00:00,0.4942,0.4948,0.4865,0.4883,8751695.0,
2024-06-30 02:00:00,0.4884,0.4893,0.4825,0.486,12530145.0,
2024-06-30 03:00:00,0.4861,0.4938,0.4859,0.4931,6257896.0,
2024-06-30 04:00:00,0.4931,0.495,0.489,0.4897,6895538.0,
2024-06-30 05:00:00,0.4897,0.4932,0.4897,0.4913,5933439.0,
2024-06-30 06:00:00,0.4913,0.4955,0.4913,0.495,6116556.0,
2024-06-30 07:00:00,0.4951,0.5057,0.4945,0.5011,16861613.0,
2024-06-30 08:00:00,0.5011,0.5072,0.5006,0.5057,9525505.0,
2024-06-30 09:00:00,0.5058,0.5072,0.4995,0.5003,8370355.0,
2024-06-30 10:00:00,0.5002,0.5036,0.4999,0.5026,4846940.0,
2024-06-30 11:00:00,0.5026,0.5048,0.5014,0.5017,5195571.0,
2024-06-30 12:00:00,0.5018,0.5035,0.4984,0.5004,6700130.0,
2024-06-30 13:00:00,0.5005,0.5114,0.5003,0.5107,8848626.0,
2024-06-30 14:00:00,0.5107,0.5128,0.5052,0.5074,10284144.0,
2024-06-30 15:00:00,0.5075,0.5121,0.5071,0.511,6209224.0,
2024-06-30 16:00:00,0.511,0.5122,0.5077,0.509,5697761.0,
2024-06-30 17:00:00,0.509,0.518,0.5081,0.5151,8828129.0,
2024-06-30 18:00:00,0.5151,0.5189,0.5121,0.5159,6423263.0,
2024-06-30 19:00:00,0.5159,0.5183,0.5148,0.5178,4341636.0,
2024-06-30 20:00:00,0.5178,0.5209,0.5165,0.5166,5631265.0,
2024-06-30 21:00:00,0.5165,0.5184,0.5143,0.5179,4817483.0,
2024-06-30 22:00:00,0.5179,0.5354,0.5179,0.5354,13043651.0,
2024-06-30 23:00:00,0.5354,0.5398,0.5298,0.5321,14968592.0,
2024-07-01 00:00:00,0.5321,0.5403,0.5312,0.537,11010450.0,
2024-07-01 01:00:00,0.537,0.5552,0.5353,0.5497,17954798.0,
2024-07-01 02:00:00,0.5497,0.5512,0.5407,0.5428,9974508.0,
2024-07-01 03:00:00,0.5429,0.543,0.5337,0.5349,9451768.0,
2024-07-01 04:00:00,0.5349,0.5381,0.5301,0.5341,8811580.0,
2024-07-01 05:00:00,0.5341,0.5363,0.5303,0.5318,6653870.0,
2024-07-01 06:00:00,0.5319,0.5356,0.5308,0.5333,5407124.0,
2024-07-01 07:00:00,0.5332,0.5372,0.533,0.5339,6486942.0,
2024-07-01 08:00:00,0.5338,0.5372,0.5273,0.531,10944126.0,
2024-07-01 09:00:00,0.531,0.5328,0.5203,0.523,13325926.0,
2024-07-01 10:00:00,0.523,0.5231,0.5174,0.5203,8603370.0,
2024-07-01 11:00:00,0.5203,0.5206,0.5111,0.5145,10142800.0,
2024-07-01 12:00:00,0.5144,0.5196,0.5143,0.5188,8529611.0,
2024-07-01 13:00:00,0.5188,0.5227,0.5112,0.5133,13224174.0,
2024-07-01 14:00:00,0.5133,0.5167,0.5117,0.5131,12096095.0,
2024-07-01 15:00:00,0.5131,0.5155,0.5083,0.5137,7983471.0,
2024-07-01 16:00:00,0.5137,0.5163,0.5111,0.5136,8845737.0,
2024-07-01 17:00:00,0.5136,0.5206,0.512,0.5194,7522966.0,
2024-07-01 18:00:00,0.5194,0.5222,0.5126,0.515,10665439.0,
2024-07-01 19:00:00,0.515,0.5172,0.5139,0.5165,5273509.0,
2024-07-01 20:00:00,0.5165,0.5168,0.5122,0.5123,3228393.0,
2024-07-01 21:00:00,0.5123,0.513,0.5094,0.5098,3827893.0,
2024-07-01 22:00:00,0.5098,0.5109,0.5027,0.5053,9311207.0,
2024-07-01 23:00:00,0.5053,0.5066,0.5035,0.5045,3430164.0,
2024-07-02 00:00:00,0.5046,0.5092,0.5022,0.5078,6232028.0,
2024-07-02 01:00:00,0.5078,0.5089,0.504,0.5077,4201805.0,
2024-07-02 02:00:00,0.5077,0.5088,0.502,0.5051,6768557.0,
2024-07-02 03:00:00,0.5051,0.5078,0.5023,0.5048,5361635.0,
2024-07-02 04:00:00,0.5048,0.5067,0.5017,0.5022,4706938.0,
2024-07-02 05:00:00,0.5022,0.5086,0.5017,0.5079,4921921.0,
2024-07-02 06:00:00,0.5079,0.509,0.5024,0.5038,5760009.0,
2024-07-02 07:00:00,0.5038,0.5042,0.4986,0.5018,7974241.0,
2024-07-02 08:00:00,0.5018,0.5075,0.4962,0.506,11431095.0,
2024-07-02 09:00:00,0.5059,0.5087,0.5011,0.5016,5857229.0,
2024-07-02 10:00:00,0.5017,0.5035,0.4993,0.5021,5627228.0,
2024-07-02 11:00:00,0.5021,0.5022,0.4992,0.5002,4071077.0,
2024-07-02 12:00:00,0.5002,0.5215,0.4986,0.5144,22933230.0,
2024-07-02 13:00:00,0.5144,0.5177,0.5082,0.5108,16962858.0,
2024-07-02 14:00:00,0.5107,0.5153,0.5021,0.5038,15554888.0,
2024-07-02 15:00:00,0.5038,0.5084,0.5032,0.5042,7227719.0,
2024-07-02 16:00:00,0.5041,0.5041,0.4981,0.5003,7473479.0,
2024-07-02 17:00:00,0.5004,0.5057,0.4985,0.5035,5808474.0,
2024-07-02 18:00:00,0.5035,0.5048,0.5012,0.503,7087224.0,
2024-07-02 19:00:00,0.503,0.5036,0.4996,0.5023,4456471.0,
2024-07-02 20:00:00,0.5024,0.5026,0.4983,0.4989,3501903.0,
2024-07-02 21:00:00,0.4988,0.4991,0.4953,0.4973,7165163.0,
2024-07-02 22:00:00,0.4972,0.5062,0.4955,0.5057,7509346.0,
2024-07-02 23:00:00,0.5058,0.5145,0.5053,0.513,11539130.0,
2024-07-03 00:00:00,0.513,0.5164,0.5017,0.5021,8692102.0,
2024-07-03 01:00:00,0.5021,0.5035,0.4949,0.5013,13640599.0,
2024-07-03 02:00:00,0.5012,0.5023,0.4823,0.4904,23618167.0,
2024-07-03 03:00:00,0.4904,0.4904,0.4731,0.4875,23437177.0,
2024-07-03 04:00:00,0.4876,0.4876,0.4788,0.4801,8950535.0,
2024-07-03 05:00:00,0.4801,0.4849,0.4778,0.4823,10873224.0,
2024-07-03 06:00:00,0.4823,0.4833,0.4792,0.4802,6161297.0,
2024-07-03 07:00:00,0.4802,0.4829,0.4785,0.4798,6780969.0,
2024-07-03 08:00:00,0.4798,0.4849,0.4778,0.4791,10236175.0,
2024-07-03 09:00:00,0.4791,0.4871,0.4772,0.4807,11058915.0,
2024-07-03 10:00:00,0.4808,0.4832,0.464,0.4816,38759223.0,
2024-07-03 11:00:00,0.4815,0.4815,0.4716,0.476,12830600.0,
2024-07-03 12:00:00,0.476,0.4764,0.4622,0.4637,22723258.0,
2024-07-03 13:00:00,0.4637,0.4776,0.46,0.4755,17576190.0,
2024-07-03 14:00:00,0.4755,0.4765,0.4681,0.4692,9323020.0,
2024-07-03 15:00:00,0.4692,0.4709,0.4664,0.4673,8993806.0,
2024-07-03 16:00:00,0.4672,0.4717,0.4622,0.4682,10885163.0,
2024-07-03 17:00:00,0.4683,0.4686,0.4616,0.4653,7476925.0,
2024-07-03 18:00:00,0.4653,0.4655,0.4538,0.457,16273569.0,
2024-07-03 19:00:00,0.457,0.4619,0.4521,0.4572,18820197.0,
2024-07-03 20:00:00,0.4572,0.4595,0.453,0.4551,6476209.0,
2024-07-03 21:00:00,0.4552,0.4626,0.4539,0.4608,7469919.0,
2024-07-03 22:00:00,0.4607,0.4624,0.4566,0.4609,6066709.0,
2024-07-03 23:00:00,0.4608,0.4638,0.4568,0.4599,6576575.0,
2024-07-04 00:00:00,0.46,0.4678,0.4596,0.4643,7666183.0,
2024-07-04 01:00:00,0.4643,0.4659,0.441,0.4587,55781420.0,
2024-07-04 02:00:00,0.4587,0.464,0.4489,0.4584,28293388.0,
2024-07-04 03:00:00,0.4584,0.4586,0.4528,0.4567,13654126.0,
2024-07-04 04:00:00,0.4568,0.457,0.4501,0.4553,7334044.0,
2024-07-04 05:00:00,0.4553,0.4566,0.4502,0.4509,5244849.0,
2024-07-04 06:00:00,0.4509,0.4565,0.4445,0.4526,19191823.0,
2024-07-04 07:00:00,0.4527,0.4527,0.4383,0.4425,20938238.0,
2024-07-04 08:00:00,0.4425,0.4499,0.4357,0.4486,20234640.0,
2024-07-04 09:00:00,0.4486,0.4502,0.4394,0.4473,16367677.0,
2024-07-04 10:00:00,0.4473,0.4507,0.4393,0.4498,12263657.0,
2024-07-04 11:00:00,0.4497,0.45,0.4419,0.4419,8391349.0,
2024-07-04 12:00:00,0.4419,0.4428,0.4261,0.4281,27001080.0,
2024-07-04 13:00:00,0.4282,0.4359,0.4184,0.4334,39287317.0,
2024-07-04 14:00:00,0.4334,0.4358,0.4284,0.4331,20020098.0,
2024-07-04 15:00:00,0.433,0.4443,0.4322,0.4428,15620228.0,
2024-07-04 16:00:00,0.4428,0.4428,0.4336,0.4371,10035486.0,
2024-07-04 17:00:00,0.4372,0.4385,0.4342,0.435,5116348.0,
2024-07-04 18:00:00,0.4351,0.4351,0.4276,0.4293,8451485.0,
2024-07-04 19:00:00,0.4292,0.4317,0.4257,0.4263,8803629.0,
2024-07-04 20:00:00,0.4264,0.4285,0.4234,0.4275,5589340.0,
2024-07-04 21:00:00,0.4274,0.4303,0.4247,0.4265,4437455.0,
2024-07-04 22:00:00,0.4265,0.4287,0.4197,0.4199,8623126.0,
2024-07-04 23:00:00,0.4199,0.4204,0.4,0.4061,33808651.0,
2024-07-05 00:00:00,0.4061,0.4066,0.3717,0.3903,97888925.0,
2024-07-05 01:00:00,0.3904,0.3918,0.3732,0.3902,42330172.0,
2024-07-05 02:00:00,0.3901,0.3901,0.342,0.3575,65435632.0,
2024-07-05 03:00:00,0.3577,0.3655,0.341,0.3552,110548596.0,
2024-07-05 04:00:00,0.3551,0.37,0.3461,0.3655,64345802.0,
2024-07-05 05:00:00,0.3656,0.3705,0.3638,0.3655,22436695.0,
2024-07-05 06:00:00,0.3654,0.3657,0.3546,0.3585,24292347.0,
2024-07-05 07:00:00,0.3586,0.3698,0.357,0.3674,29841560.0,
2024-07-05 08:00:00,0.3673,0.3715,0.3588,0.3601,27447850.0,
2024-07-05 09:00:00,0.3601,0.3667,0.3532,0.3644,35426405.0,
2024-07-05 10:00:00,0.3644,0.3751,0.3619,0.3709,28056572.0,
2024-07-05 11:00:00,0.3708,0.3799,0.3698,0.3771,22023586.0,
2024-07-05 12:00:00,0.377,0.3791,0.368,0.3697,29160169.0,
2024-07-05 13:00:00,0.3698,0.3802,0.3687,0.3761,19498082.0,
2024-07-05 14:00:00,0.376,0.376,0.3666,0.3676,23591304.0,
2024-07-05 15:00:00,0.3675,0.3741,0.3658,0.3733,27334646.0,
2024-07-05 16:00:00,0.3734,0.3755,0.3654,0.3676,26552898.0,
2024-07-05 17:00:00,0.3676,0.3795,0.366,0.3781,18222566.0,
2024-07-05 18:00:00,0.3781,0.3801,0.3722,0.3779,16886625.0,
2024-07-05 19:00:00,0.3779,0.3798,0.3746,0.3753,8985778.0,
2024-07-05 20:00:00,0.3753,0.3784,0.3725,0.376,7436708.0,
2024-07-05 21:00:00,0.3759,0.38,0.374,0.3756,6914501.0,
2024-07-05 22:00:00,0.3757,0.3834,0.3747,0.3785,11482349.0,
2024-07-05 23:00:00,0.3784,0.381,0.376,0.3777,12741467.0,
2024-07-06 00:00:00,0.3777,0.3908,0.3749,0.3793,28711328.0,
2024-07-06 01:00:00,0.3793,0.3795,0.3732,0.3775,17464638.0,
2024-07-06 02:00:00,0.3775,0.3784,0.3717,0.3776,13549807.0,
2024-07-06 03:00:00,0.3776,0.3787,0.3723,0.3736,10965822.0,
2024-07-06 04:00:00,0.3736,0.3738,0.368,0.3682,12883926.0,
2024-07-06 05:00:00,0.3683,0.3712,0.3677,0.3684,8909624.0,
2024-07-06 06:00:00,0.3683,0.3766,0.3677,0.3748,10610070.0,
2024-07-06 07:00:00,0.3748,0.3819,0.3747,0.3796,12748598.0,
2024-07-06 08:00:00,0.3797,0.3812,0.3756,0.3807,11355695.0,
2024-07-06 09:00:00,0.3806,0.3807,0.3684,0.3749,24822380.0,
2024-07-06 10:00:00,0.3748,0.3766,0.3723,0.375,11459658.0,
2024-07-06 11:00:00,0.375,0.377,0.3736,0.3759,10158396.0,
2024-07-06 12:00:00,0.3758,0.3774,0.3706,0.3729,10588965.0,
2024-07-06 13:00:00,0.3729,0.3801,0.3708,0.3774,14246896.0,
2024-07-06 14:00:00,0.3774,0.3866,0.3753,0.3825,20463194.0,
2024-07-06 15:00:00,0.3825,0.3885,0.3807,0.3844,14881864.0,
2024-07-06 16:00:00,0.3844,0.3985,0.3836,0.3958,32272370.0,
2024-07-06 17:00:00,0.3958,0.3987,0.3938,0.3971,14361134.0,
2024-07-06 18:00:00,0.3971,0.4066,0.3967,0.4055,13189184.0,
2024-07-06 19:00:00,0.4055,0.4091,0.4023,0.4085,15317103.0,
2024-07-06 20:00:00,0.4084,0.4138,0.4075,0.4112,12888570.0,
2024-07-06 21:00:00,0.4112,0.4177,0.4088,0.4151,11163204.0,
2024-07-06 22:00:00,0.415,0.4187,0.4119,0.4121,11747866.0,
2024-07-06 23:00:00,0.4122,0.4159,0.4101,0.4124,9247108.0,
2024-07-07 00:00:00,0.4124,0.4125,0.404,0.4045,16407901.0,
2024-07-07 01:00:00,0.4045,0.4065,0.397,0.4026,19854757.0,
2024-07-07 02:00:00,0.4026,0.412,0.4025,0.4095,15724844.0,
2024-07-07 03:00:00,0.4095,0.4099,0.404,0.4077,9227797.0,
2024-07-07 04:00:00,0.4077,0.4107,0.4005,0.4027,19438326.0,
2024-07-07 05:00:00,0.4027,0.4062,0.3992,0.4034,12133406.0,
2024-07-07 06:00:00,0.4033,0.4091,0.4028,0.4074,10200906.0,
2024-07-07 07:00:00,0.4074,0.4099,0.3995,0.4036,15350086.0,
2024-07-07 08:00:00,0.4036,0.4092,0.4033,0.4063,12089253.0,
2024-07-07 09:00:00,0.4063,0.4101,0.4024,0.4097,11337832.0,
2024-07-07 10:00:00,0.4097,0.4258,0.4085,0.4153,31068344.0,
2024-07-07 11:00:00,0.4152,0.4259,0.4135,0.4243,22641059.0,
2024-07-07 12:00:00,0.4242,0.4262,0.4138,0.4155,24622980.0,
2024-07-07 13:00:00,0.4154,0.4155,0.397,0.3978,35220634.0,
2024-07-07 14:00:00,0.3979,0.3989,0.388,0.392,33520556.0,
2024-07-07 15:00:00,0.392,0.3973,0.3897,0.3934,18947524.0,
2024-07-07 16:00:00,0.3934,0.4021,0.3915,0.4017,24553357.0,
2024-07-07 17:00:00,0.4017,0.4031,0.3936,0.4,21351535.0,
2024-07-07 18:00:00,0.4001,0.4029,0.3985,0.3989,11607672.0,
2024-07-07 19:00:00,0.3989,0.3994,0.3951,0.3964,6736395.0,
2024-07-07 20:00:00,0.3963,0.398,0.3939,0.3952,7651646.0,
2024-07-07 21:00:00,0.3952,0.3953,0.383,0.3875,17265704.0,
2024-07-07 22:00:00,0.3875,0.389,0.38,0.3805,12702604.0,
2024-07-07 23:00:00,0.3806,0.3843,0.3749,0.3775,20676833.0,
2024-07-08 00:00:00,0.3775,0.3805,0.355,0.3571,75169553.0,
2024-07-08 01:00:00,0.357,0.3585,0.3488,0.3521,44983544.0,
2024-07-08 02:00:00,0.352,0.3641,0.3499,0.361,29967780.0,
2024-07-08 03:00:00,0.3611,0.3659,0.3571,0.3602,22164227.0,
2024-07-08 04:00:00,0.3602,0.3719,0.3579,0.3705,28606984.0,
2024-07-08 05:00:00,0.3704,0.3717,0.3647,0.3685,16897589.0,
2024-07-08 06:00:00,0.3684,0.3733,0.3658,0.3701,18063401.0,
2024-07-08 07:00:00,0.3701,0.3706,0.3618,0.3667,20871495.0,
2024-07-08 08:00:00,0.3667,0.3967,0.3652,0.3934,57890868.0,
2024-07-08 09:00:00,0.3935,0.4096,0.392,0.4049,50532403.0,
2024-07-08 10:00:00,0.4049,0.41,0.3942,0.3963,31896526.0,
2024-07-08 11:00:00,0.3962,0.4126,0.3962,0.4081,28057173.0,
2024-07-08 12:00:00,0.408,0.4127,0.4051,0.4061,19967494.0,
2024-07-08 13:00:00,0.4062,0.4101,0.4,0.4032,21538521.0,
2024-07-08 14:00:00,0.4031,0.4041,0.383,0.3975,65715472.0,
2024-07-08 15:00:00,0.3975,0.4053,0.3919,0.3922,30689354.0,
2024-07-08 16:00:00,0.3923,0.3968,0.3875,0.3913,19146406.0,
2024-07-08 17:00:00,0.3914,0.396,0.3869,0.3952,18522776.0,
2024-07-08 18:00:00,0.3951,0.4102,0.3947,0.4042,32441685.0,
2024-07-08 19:00:00,0.4042,0.4076,0.4033,0.4048,11794281.0,
2024-07-08 20:00:00,0.4049,0.4064,0.4,0.4011,13949050.0,
2024-07-08 21:00:00,0.401,0.4057,0.3989,0.4036,9668241.0,
2024-07-08 22:00:00,0.4035,0.4077,0.4018,0.405,7454136.0,
2024-07-08 23:00:00,0.4049,0.4069,0.4025,0.4035,6422507.0,
2024-07-09 00:00:00,0.4034,0.4035,0.3978,0.4009,14631495.0,
2024-07-09 01:00:00,0.401,0.412,0.396,0.4011,23684784.0,
2024-07-09 02:00:00,0.4011,0.4084,0.3966,0.4081,14867242.0,
2024-07-09 03:00:00,0.4081,0.409,0.3992,0.4078,16695174.0,
2024-07-09 04:00:00,0.4078,0.4132,0.4048,0.4107,21260790.0,
2024-07-09 05:00:00,0.4107,0.4143,0.4073,0.4132,14555887.0,
2024-07-09 06:00:00,0.4131,0.417,0.4093,0.4135,15821022.0,
2024-07-09 07:00:00,0.4135,0.4146,0.4046,0.4063,17029606.0,
2024-07-09 08:00:00,0.4062,0.4122,0.4027,0.4073,23063096.0,
2024-07-09 09:00:00,0.4073,0.4097,0.406,0.408,10005624.0,
2024-07-09 10:00:00,0.408,0.4096,0.4047,0.4062,7509118.0,
2024-07-09 11:00:00,0.4062,0.4073,0.4015,0.4059,12173516.0,
2024-07-09 12:00:00,0.4058,0.4087,0.4044,0.4068,7538973.0,
2024-07-09 13:00:00,0.4069,0.4114,0.4056,0.4078,11770642.0,
2024-07-09 14:00:00,0.4079,0.4213,0.4037,0.4038,40128840.0,
2024-07-09 15:00:00,0.4038,0.4087,0.4002,0.4085,16249575.0,
2024-07-09 16:00:00,0.4084,0.4124,0.4066,0.4089,11217762.0,
2024-07-09 17:00:00,0.4089,0.4118,0.4058,0.4069,8255124.0,
2024-07-09 18:00:00,0.4069,0.4141,0.4049,0.4111,10544764.0,
2024-07-09 19:00:00,0.4111,0.4118,0.4086,0.4113,4634525.0,
2024-07-09 20:00:00,0.4112,0.4156,0.4096,0.4135,5628336.0,
2024-07-09 21:00:00,0.4135,0.4168,0.4114,0.4145,5844851.0,
2024-07-09 22:00:00,0.4145,0.4189,0.4109,0.4152,9196596.0,
2024-07-09 23:00:00,0.4151,0.4249,0.4132,0.4225,17023737.0,
2024-07-10 00:00:00,0.4226,0.4226,0.4117,0.4147,15159135.0,
2024-07-10 01:00:00,0.4146,0.4287,0.4115,0.4222,20864680.0,
2024-07-10 02:00:00,0.4221,0.4234,0.4148,0.4181,13393246.0,
2024-07-10 03:00:00,0.418,0.4256,0.4175,0.424,9405820.0,
2024-07-10 04:00:00,0.424,0.4425,0.4239,0.439,33492091.0,
2024-07-10 05:00:00,0.439,0.4416,0.4336,0.4344,15200422.0,
2024-07-10 06:00:00,0.4344,0.4377,0.429,0.4339,12029230.0,
2024-07-10 07:00:00,0.4339,0.436,0.4277,0.4292,9744907.0,
2024-07-10 08:00:00,0.4292,0.4296,0.4207,0.4236,13978967.0,
2024-07-10 09:00:00,0.4237,0.4237,0.4161,0.4181,10447140.0,
2024-07-10 10:00:00,0.4182,0.4205,0.4122,0.4192,12930511.0,
2024-07-10 11:00:00,0.4192,0.4206,0.4147,0.417,10947828.0,
2024-07-10 12:00:00,0.4171,0.4186,0.4089,0.4177,14953369.0,
2024-07-10 13:00:00,0.4177,0.4209,0.4116,0.4152,16132799.0,
2024-07-10 14:00:00,0.4152,0.4177,0.4116,0.4161,9940270.0,
2024-07-10 15:00:00,0.4161,0.4223,0.4138,0.4199,8379429.0,
2024-07-10 16:00:00,0.42,0.4285,0.4173,0.4183,16963525.0,
2024-07-10 17:00:00,0.4183,0.4186,0.4136,0.4152,7048205.0,
2024-07-10 18:00:00,0.4153,0.4154,0.4118,0.4122,7273645.0,
2024-07-10 19:00:00,0.4123,0.4139,0.4106,0.4131,7137367.0,
2024-07-10 20:00:00,0.4131,0.4144,0.4085,0.4115,9543877.0,
2024-07-10 21:00:00,0.4115,0.4117,0.4069,0.4094,5183081.0,
2024-07-10 22:00:00,0.4093,0.4125,0.4087,0.412,5641618.0,
2024-07-10 23:00:00,0.4119,0.4162,0.4114,0.4146,5487523.0,
2024-07-11 00:00:00,0.4146,0.415,0.4105,0.415,7704685.0,
2024-07-11 01:00:00,0.4149,0.4234,0.4112,0.4231,13736606.0,
2024-07-11 02:00:00,0.423,0.4248,0.4178,0.4184,11355557.0,
2024-07-11 03:00:00,0.4184,0.4188,0.4092,0.4136,12776118.0,
2024-07-11 04:00:00,0.4136,0.417,0.4131,0.4163,5330260.0,
2024-07-11 05:00:00,0.4163,0.4175,0.4125,0.4171,4956427.0,
2024-07-11 06:00:00,0.4171,0.4193,0.416,0.4166,5824232.0,
2024-07-11 07:00:00,0.4166,0.4177,0.4152,0.4172,5828325.0,
2024-07-11 08:00:00,0.4173,0.4192,0.413,0.4151,6069266.0,
2024-07-11 09:00:00,0.4153,0.4196,0.4149,0.419,6037799.0,
2024-07-11 10:00:00,0.4191,0.4226,0.4165,0.4224,6740720.0,
2024-07-11 11:00:00,0.4224,0.4231,0.4178,0.4202,8264304.0,
2024-07-11 12:00:00,0.4202,0.4332,0.4167,0.4235,35082633.0,
2024-07-11 13:00:00,0.4236,0.4241,0.4157,0.4179,13939783.0,
2024-07-11 14:00:00,0.418,0.4194,0.4091,0.4119,18397819.0,
2024-07-11 15:00:00,0.412,0.4134,0.4033,0.4039,16230597.0,
2024-07-11 16:00:00,0.4039,0.4074,0.3978,0.4065,14849548.0,
2024-07-11 17:00:00,0.4065,0.4086,0.4055,0.4071,4109754.0,
2024-07-11 18:00:00,0.4072,0.4108,0.4063,0.4102,4256904.0,
2024-07-11 19:00:00,0.4102,0.4103,0.4024,0.4027,6770839.0,
2024-07-11 20:00:00,0.4027,0.4029,0.3984,0.4005,8160992.0,
2024-07-11 21:00:00,0.4004,0.4006,0.3939,0.3982,7110952.0,
2024-07-11 22:00:00,0.3981,0.3983,0.3926,0.3944,8871851.0,
2024-07-11 23:00:00,0.3945,0.3953,0.3902,0.3935,8365440.0,
2024-07-12 00:00:00,0.3935,0.3973,0.3912,0.3921,12028211.0,
2024-07-12 01:00:00,0.3922,0.394,0.3815,0.3892,24715102.0,
2024-07-12 02:00:00,0.3892,0.3976,0.3885,0.3949,11655949.0,
2024-07-12 03:00:00,0.3949,0.3956,0.3838,0.3887,16126767.0,
2024-07-12 04:00:00,0.3888,0.3894,0.3839,0.3874,12034539.0,
2024-07-12 05:00:00,0.3874,0.3896,0.3856,0.3875,10024360.0,
2024-07-12 06:00:00,0.3874,0.3902,0.3859,0.3864,10356494.0,
2024-07-12 07:00:00,0.3864,0.3884,0.3818,0.3845,13159151.0,
2024-07-12 08:00:00,0.3844,0.386,0.3801,0.3836,11827543.0,
2024-07-12 09:00:00,0.3836,0.3868,0.3774,0.3796,15794604.0,
2024-07-12 10:00:00,0.3796,0.3802,0.3739,0.3784,15864589.0,
2024-07-12 11:00:00,0.3785,0.3803,0.3768,0.38,6377553.0,
2024-07-12 12:00:00,0.38,0.3854,0.3795,0.3842,13189755.0,
2024-07-12 13:00:00,0.3841,0.396,0.3841,0.393,19384226.0,
2024-07-12 14:00:00,0.3931,0.3975,0.3907,0.3959,14884128.0,
2024-07-12 15:00:00,0.396,0.3987,0.3931,0.3964,14075964.0,
2024-07-12 16:00:00,0.3964,0.4019,0.3937,0.3963,13144092.0,
2024-07-12 17:00:00,0.3963,0.3983,0.3937,0.3966,7238908.0,
2024-07-12 18:00:00,0.3966,0.4023,0.3947,0.3993,8845482.0,
2024-07-12 19:00:00,0.3993,0.4014,0.3957,0.3961,7445866.0,
2024-07-12 20:00:00,0.3962,0.397,0.391,0.3934,9982077.0,
2024-07-12 21:00:00,0.3933,0.3966,0.3924,0.395,3998320.0,
2024-07-12 22:00:00,0.395,0.3955,0.3926,0.3946,4438136.0,
2024-07-12 23:00:00,0.3946,0.3964,0.3935,0.3963,3997912.0,
2024-07-13 00:00:00,0.3962,0.3985,0.3949,0.3975,6084541.0,
2024-07-13 01:00:00,0.3976,0.4026,0.3972,0.4005,6504303.0,
2024-07-13 02:00:00,0.4005,0.4029,0.397,0.4003,7613548.0,
2024-07-13 03:00:00,0.4003,0.4017,0.3987,0.3995,3466859.0,
2024-07-13 04:00:00,0.3995,0.4021,0.3972,0.3974,4948877.0,
2024-07-13 05:00:00,0.3974,0.4032,0.3964,0.4022,6140917.0,
2024-07-13 06:00:00,0.4022,0.4022,0.399,0.4015,5148665.0,
2024-07-13 07:00:00,0.4014,0.4036,0.4,0.4033,5321212.0,
2024-07-13 08:00:00,0.4033,0.4043,0.3983,0.3987,7866672.0,
2024-07-13 09:00:00,0.3988,0.4052,0.3981,0.4035,15184112.0,
2024-07-13 10:00:00,0.4036,0.4045,0.3961,0.3977,7740895.0,
2024-07-13 11:00:00,0.3978,0.3978,0.3945,0.3964,5835206.0,
2024-07-13 12:00:00,0.3964,0.3972,0.3948,0.3957,4866327.0,
2024-07-13 13:00:00,0.3956,0.396,0.3925,0.3933,5582822.0,
2024-07-13 14:00:00,0.3933,0.3935,0.3878,0.39,12822631.0,
2024-07-13 15:00:00,0.39,0.3927,0.3889,0.3924,13701712.0,
2024-07-13 16:00:00,0.3923,0.3969,0.391,0.3916,8743312.0,
2024-07-13 17:00:00,0.3916,0.3922,0.3894,0.3918,4412134.0,
2024-07-13 18:00:00,0.3917,0.3933,0.3902,0.391,4285078.0,
2024-07-13 19:00:00,0.3911,0.3924,0.3897,0.3913,4118696.0,
2024-07-13 20:00:00,0.3913,0.3933,0.3908,0.3915,4183802.0,
2024-07-13 21:00:00,0.3914,0.3916,0.3898,0.3914,2939006.0,
2024-07-13 22:00:00,0.3914,0.4018,0.3868,0.4007,22200023.0,
2024-07-13 23:00:00,0.4006,0.4053,0.3983,0.3992,17994386.0,
2024-07-14 00:00:00,0.3992,0.4019,0.3947,0.3992,14517244.0,
2024-07-14 01:00:00,0.3992,0.4037,0.3992,0.4015,10991593.0,
2024-07-14 02:00:00,0.4015,0.4026,0.3966,0.3979,5451942.0,
2024-07-14 03:00:00,0.3979,0.4007,0.3965,0.3973,5349423.0,
2024-07-14 04:00:00,0.3972,0.403,0.3965,0.3999,10410470.0,
2024-07-14 05:00:00,0.3999,0.4034,0.3939,0.3947,45285579.0,
2024-07-14 06:00:00,0.3946,0.3949,0.3913,0.3925,9145379.0,
2024-07-14 07:00:00,0.3924,0.3943,0.3906,0.3923,5453951.0,
2024-07-14 08:00:00,0.3923,0.398,0.3923,0.3974,7572932.0,
2024-07-14 09:00:00,0.3974,0.4003,0.3945,0.3983,7508333.0,
2024-07-14 10:00:00,0.3982,0.3985,0.3897,0.3908,6827523.0,
2024-07-14 11:00:00,0.3907,0.3916,0.3883,0.3891,8558151.0,
2024-07-14 12:00:00,0.389,0.3891,0.3807,0.3819,19929804.0,
2024-07-14 13:00:00,0.382,0.3826,0.3796,0.3808,9679296.0,
2024-07-14 14:00:00,0.3808,0.3857,0.38,0.384,13424322.0,
2024-07-14 15:00:00,0.384,0.3857,0.3811,0.3843,9394186.0,
2024-07-14 16:00:00,0.3843,0.3882,0.3837,0.387,9003084.0,
2024-07-14 17:00:00,0.387,0.389,0.3863,0.3888,5369027.0,
2024-07-14 18:00:00,0.3888,0.3897,0.3863,0.3876,5041334.0,
2024-07-14 19:00:00,0.3877,0.3879,0.3847,0.385,4460204.0,
2024-07-14 20:00:00,0.385,0.387,0.3828,0.3859,6688404.0,
2024-07-14 21:00:00,0.386,0.398,0.3855,0.3972,15890703.0,
2024-07-14 22:00:00,0.3971,0.402,0.3971,0.3997,16746391.0,
2024-07-14 23:00:00,0.3997,0.4039,0.3971,0.3993,13341713.0,
2024-07-15 00:00:00,0.3993,0.4092,0.3975,0.4071,20928793.0,
2024-07-15 01:00:00,0.4071,0.413,0.4035,0.4074,20356297.0,
2024-07-15 02:00:00,0.4074,0.4207,0.4058,0.4181,19879858.0,
2024-07-15 03:00:00,0.4181,0.4235,0.4163,0.4221,18962968.0,
2024-07-15 04:00:00,0.4221,0.4246,0.4162,0.4225,17303951.0,
2024-07-15 05:00:00,0.4225,0.4255,0.4205,0.4225,10429021.0,
2024-07-15 06:00:00,0.4226,0.4324,0.4224,0.427,14730143.0,
2024-07-15 07:00:00,0.4269,0.4353,0.4242,0.4271,21677650.0,
2024-07-15 08:00:00,0.4271,0.432,0.4203,0.4227,19125751.0,
2024-07-15 09:00:00,0.4227,0.4238,0.418,0.4236,17156028.0,
2024-07-15 10:00:00,0.4236,0.4273,0.42,0.4212,12184456.0,
2024-07-15 11:00:00,0.4212,0.4338,0.4203,0.4293,20870325.0,
2024-07-15 12:00:00,0.4293,0.4343,0.425,0.426,26613943.0,
2024-07-15 13:00:00,0.4261,0.4327,0.4256,0.4309,20288656.0,
2024-07-15 14:00:00,0.4308,0.4332,0.4256,0.431,15069512.0,
2024-07-15 15:00:00,0.431,0.4328,0.4287,0.4299,12061526.0,
2024-07-15 16:00:00,0.4298,0.4443,0.4284,0.44,25880711.0,
2024-07-15 17:00:00,0.44,0.4425,0.4354,0.437,16531061.0,
2024-07-15 18:00:00,0.4371,0.4446,0.4347,0.4438,14701951.0,
2024-07-15 19:00:00,0.4438,0.4489,0.4385,0.4421,30524792.0,
2024-07-15 20:00:00,0.442,0.4499,0.4387,0.4492,17505959.0,
2024-07-15 21:00:00,0.4491,0.4531,0.4471,0.4481,12518747.0,
2024-07-15 22:00:00,0.4482,0.4714,0.4478,0.4685,36367374.0,
2024-07-15 23:00:00,0.4685,0.4942,0.4622,0.4794,65896658.0,
2024-07-16 00:00:00,0.4794,0.4811,0.4698,0.4785,46524376.0,
2024-07-16 01:00:00,0.4785,0.4954,0.477,0.4853,41910281.0,
2024-07-16 02:00:00,0.4853,0.4869,0.4741,0.4793,21300443.0,
2024-07-16 03:00:00,0.4792,0.4817,0.4756,0.4763,16217169.0,
2024-07-16 04:00:00,0.4764,0.479,0.4674,0.4723,16761887.0,
2024-07-16 05:00:00,0.4723,0.4746,0.4559,0.4597,29887713.0,
2024-07-16 06:00:00,0.4597,0.4656,0.4515,0.4535,22599195.0,
2024-07-16 07:00:00,0.4534,0.4589,0.4508,0.4532,26729387.0,
2024-07-16 08:00:00,0.4532,0.456,0.4452,0.4526,23153084.0,
2024-07-16 09:00:00,0.4525,0.4574,0.4494,0.4553,13303571.0,
2024-07-16 10:00:00,0.4552,0.457,0.4522,0.4547,11419606.0,
2024-07-16 11:00:00,0.4548,0.456,0.4514,0.4541,9902383.0,
2024-07-16 12:00:00,0.4542,0.4543,0.4469,0.4472,13813493.0,
2024-07-16 13:00:00,0.4472,0.4512,0.4458,0.4466,15267631.0,
2024-07-16 14:00:00,0.4465,0.4527,0.4453,0.4517,13782468.0,
2024-07-16 15:00:00,0.4518,0.4719,0.4507,0.4677,32323717.0,
2024-07-16 16:00:00,0.4677,0.4722,0.4588,0.4674,28364926.0,
2024-07-16 17:00:00,0.4674,0.4725,0.4647,0.4692,12419974.0,
2024-07-16 18:00:00,0.4692,0.4696,0.4636,0.4663,8450827.0,
2024-07-16 19:00:00,0.4664,0.4762,0.4646,0.4693,17062287.0,
2024-07-16 20:00:00,0.4694,0.4705,0.464,0.4643,8527932.0,
2024-07-16 21:00:00,0.4644,0.4659,0.4617,0.4622,7279690.0,
2024-07-16 22:00:00,0.4623,0.4636,0.4586,0.4595,11245356.0,
2024-07-16 23:00:00,0.4595,0.4675,0.4587,0.4635,8374983.0,
2024-07-17 00:00:00,0.4634,0.4731,0.4616,0.4693,12513449.0,
2024-07-17 01:00:00,0.4692,0.4787,0.4688,0.4726,20336916.0,
2024-07-17 02:00:00,0.4726,0.4772,0.4682,0.4695,10350382.0,
2024-07-17 03:00:00,0.4696,0.4735,0.4646,0.469,11776703.0,
2024-07-17 04:00:00,0.4689,0.4729,0.4685,0.4725,8307496.0,
2024-07-17 05:00:00,0.4726,0.4827,0.4718,0.4792,17345572.0,
2024-07-17 06:00:00,0.4792,0.485,0.4751,0.4849,15122638.0,
2024-07-17 07:00:00,0.4849,0.4866,0.4788,0.4828,14623856.0,
2024-07-17 08:00:00,0.4829,0.485,0.4681,0.4743,34140417.0,
2024-07-17 09:00:00,0.4743,0.4822,0.4731,0.4812,12531926.0,
2024-07-17 10:00:00,0.4812,0.4821,0.4757,0.4796,12985644.0,
2024-07-17 11:00:00,0.4797,0.4799,0.4674,0.4715,17788424.0,
2024-07-17 12:00:00,0.4714,0.473,0.4665,0.4673,12533164.0,
2024-07-17 13:00:00,0.4673,0.476,0.4627,0.4745,18652049.0,
2024-07-17 14:00:00,0.4745,0.4755,0.4676,0.4744,15305390.0,
2024-07-17 15:00:00,0.4743,0.4781,0.4653,0.4658,15228749.0,
2024-07-17 16:00:00,0.4658,0.4684,0.4518,0.4581,35227663.0,
2024-07-17 17:00:00,0.4581,0.4614,0.4554,0.4565,10839967.0,
2024-07-17 18:00:00,0.4566,0.4662,0.4556,0.4662,7622744.0,
2024-07-17 19:00:00,0.4661,0.4711,0.4639,0.4678,10643324.0,
2024-07-17 20:00:00,0.4678,0.4722,0.4662,0.4674,5759596.0,
2024-07-17 21:00:00,0.4673,0.4676,0.4607,0.4639,8381013.0,
2024-07-17 22:00:00,0.4639,0.4647,0.4579,0.4585,6403639.0,
2024-07-17 23:00:00,0.4585,0.462,0.4567,0.4576,5469339.0,
2024-07-18 00:00:00,0.4576,0.4667,0.4552,0.4653,12732478.0,
2024-07-18 01:00:00,0.4654,0.474,0.4641,0.4723,15914162.0,
2024-07-18 02:00:00,0.4723,0.4765,0.4667,0.4691,15256657.0,
2024-07-18 03:00:00,0.4691,0.4783,0.4687,0.4773,8905094.0,
2024-07-18 04:00:00,0.4773,0.4773,0.4658,0.4659,8534578.0,
2024-07-18 05:00:00,0.466,0.4713,0.4595,0.4695,14192056.0,
2024-07-18 06:00:00,0.4695,0.4748,0.4661,0.4709,12129948.0,
2024-07-18 07:00:00,0.471,0.4768,0.4651,0.4654,17992555.0,
2024-07-18 08:00:00,0.4655,0.4735,0.4619,0.4728,15600428.0,
2024-07-18 09:00:00,0.4727,0.4799,0.4712,0.4735,17310639.0,
2024-07-18 10:00:00,0.4735,0.4737,0.4665,0.472,9420017.0,
2024-07-18 11:00:00,0.4719,0.4787,0.4665,0.4772,13142917.0,
2024-07-18 12:00:00,0.4772,0.4873,0.476,0.4822,16947832.0,
2024-07-18 13:00:00,0.4823,0.4921,0.474,0.4782,28585965.0,
2024-07-18 14:00:00,0.4781,0.4811,0.462,0.4684,31973939.0,
2024-07-18 15:00:00,0.4683,0.4684,0.456,0.4571,24795350.0,
2024-07-18 16:00:00,0.457,0.4661,0.4504,0.4661,21264595.0,
2024-07-18 17:00:00,0.466,0.4689,0.462,0.4639,15998054.0,
2024-07-18 18:00:00,0.464,0.4721,0.4622,0.4707,15406677.0,
2024-07-18 19:00:00,0.4707,0.4719,0.4606,0.4621,19344757.0,
2024-07-18 20:00:00,0.4621,0.4637,0.4589,0.4623,8259541.0,
2024-07-18 21:00:00,0.4623,0.467,0.4597,0.4663,4581105.0,
2024-07-18 22:00:00,0.4663,0.484,0.4656,0.4786,25342725.0,
2024-07-18 23:00:00,0.4787,0.4962,0.4787,0.4896,27528539.0,
2024-07-19 00:00:00,0.4896,0.4899,0.4706,0.472,26314371.0,
2024-07-19 01:00:00,0.472,0.4771,0.4658,0.4721,21393165.0,
2024-07-19 02:00:00,0.472,0.478,0.4699,0.4719,11636437.0,
2024-07-19 03:00:00,0.4718,0.4785,0.4701,0.477,9427740.0,
2024-07-19 04:00:00,0.477,0.4794,0.4731,0.4748,8362242.0,
2024-07-19 05:00:00,0.4748,0.4755,0.4699,0.4716,6498671.0,
2024-07-19 06:00:00,0.4716,0.4826,0.4702,0.4776,12652495.0,
2024-07-19 07:00:00,0.4777,0.4794,0.4631,0.4659,22483760.0,
2024-07-19 08:00:00,0.4659,0.4692,0.4603,0.4688,18111474.0,
2024-07-19 09:00:00,0.4688,0.4709,0.459,0.4599,13595954.0,
2024-07-19 10:00:00,0.4598,0.4654,0.4579,0.4611,10600397.0,
2024-07-19 11:00:00,0.461,0.4658,0.4606,0.4636,7192168.0,
2024-07-19 12:00:00,0.4636,0.4673,0.4599,0.4653,10263012.0,
2024-07-19 13:00:00,0.4652,0.4707,0.4564,0.4692,24348785.0,
2024-07-19 14:00:00,0.4692,0.48,0.4675,0.479,22261793.0,
2024-07-19 15:00:00,0.479,0.4822,0.4747,0.481,16474202.0,
2024-07-19 16:00:00,0.481,0.5131,0.4809,0.5083,59650529.0,
2024-07-19 17:00:00,0.5083,0.5119,0.4938,0.498,36998233.0,
2024-07-19 18:00:00,0.498,0.4982,0.487,0.4902,16338958.0,
2024-07-19 19:00:00,0.4902,0.4954,0.4897,0.4918,17799199.0,
2024-07-19 20:00:00,0.4918,0.4948,0.4882,0.4919,9841233.0,
2024-07-19 21:00:00,0.4918,0.4927,0.486,0.4868,7400225.0,
2024-07-19 22:00:00,0.4868,0.4884,0.4844,0.4851,7283209.0,
2024-07-19 23:00:00,0.485,0.4882,0.4838,0.4866,5170945.0,
2024-07-20 00:00:00,0.4867,0.4882,0.477,0.4805,13800886.0,
2024-07-20 01:00:00,0.4805,0.4844,0.479,0.48,6789853.0,
2024-07-20 02:00:00,0.48,0.4855,0.4785,0.4847,6393368.0,
2024-07-20 03:00:00,0.4847,0.4927,0.4845,0.4878,7313208.0,
2024-07-20 04:00:00,0.4878,0.496,0.4865,0.4948,6641757.0,
2024-07-20 05:00:00,0.4948,0.5,0.4935,0.4972,11295995.0,
2024-07-20 06:00:00,0.4971,0.5063,0.497,0.5033,8840806.0,
2024-07-20 07:00:00,0.5033,0.506,0.5003,0.5054,10617180.0,
2024-07-20 08:00:00,0.5053,0.5083,0.4941,0.4959,13971033.0,
2024-07-20 09:00:00,0.4959,0.5041,0.4908,0.4995,15649007.0,
2024-07-20 10:00:00,0.4995,0.5046,0.4977,0.5001,8805647.0,
2024-07-20 11:00:00,0.5002,0.5005,0.492,0.4925,8992109.0,
2024-07-20 12:00:00,0.4926,0.4944,0.4909,0.491,6837332.0,
2024-07-20 13:00:00,0.491,0.4973,0.4847,0.4934,18522448.0,
2024-07-20 14:00:00,0.4934,0.4987,0.4923,0.4959,7923791.0,
2024-07-20 15:00:00,0.4959,0.5011,0.4948,0.5,9671912.0,
2024-07-20 16:00:00,0.4999,0.5045,0.4939,0.4979,15705758.0,
2024-07-20 17:00:00,0.4978,0.5035,0.4956,0.5025,12968830.0,
2024-07-20 18:00:00,0.5024,0.5051,0.499,0.5037,5162902.0,
2024-07-20 19:00:00,0.5037,0.507,0.4978,0.4988,7528711.0,
2024-07-20 20:00:00,0.4987,0.5026,0.4981,0.5007,4574395.0,
2024-07-20 21:00:00,0.5007,0.501,0.4963,0.4994,5015418.0,
2024-07-20 22:00:00,0.4994,0.5006,0.495,0.4973,3946872.0,
2024-07-20 23:00:00,0.4973,0.5028,0.4966,0.5012,3371112.0,
2024-07-21 00:00:00,0.5012,0.5013,0.4835,0.4852,20314776.0,
2024-07-21 01:00:00,0.4853,0.4933,0.4851,0.4921,8588711.0,
2024-07-21 02:00:00,0.4922,0.4947,0.4895,0.4911,5241013.0,
2024-07-21 03:00:00,0.4911,0.4947,0.4899,0.4921,4255953.0,
2024-07-21 04:00:00,0.4921,0.4937,0.4874,0.4881,4617152.0,
2024-07-21 05:00:00,0.4881,0.4903,0.4842,0.4875,10530855.0,
2024-07-21 06:00:00,0.4875,0.4894,0.482,0.484,9130126.0,
2024-07-21 07:00:00,0.484,0.4846,0.4796,0.4807,9782327.0,
2024-07-21 08:00:00,0.4807,0.484,0.4804,0.4815,5195700.0,
2024-07-21 09:00:00,0.4815,0.4858,0.481,0.4852,5284166.0,
2024-07-21 10:00:00,0.4851,0.4863,0.4818,0.4827,3935500.0,
2024-07-21 11:00:00,0.4826,0.4839,0.48,0.4831,4832383.0,
2024-07-21 12:00:00,0.4831,0.4837,0.4743,0.4771,10708045.0,
2024-07-21 13:00:00,0.4772,0.4782,0.47,0.4725,11395343.0,
2024-07-21 14:00:00,0.4726,0.4787,0.4688,0.4769,11856092.0,
2024-07-21 15:00:00,0.4769,0.4794,0.4727,0.4737,10013387.0,
2024-07-21 16:00:00,0.4736,0.4782,0.4706,0.4782,11706455.0,
2024-07-21 17:00:00,0.4782,0.4797,0.4655,0.4685,16948672.0,
2024-07-21 18:00:00,0.4685,0.4719,0.453,0.4641,43272149.0,
2024-07-21 19:00:00,0.4641,0.476,0.4612,0.4756,15192968.0,
2024-07-21 20:00:00,0.4756,0.4862,0.4731,0.4821,17192458.0,
2024-07-21 21:00:00,0.4822,0.4906,0.4822,0.488,12984541.0,
2024-07-21 22:00:00,0.4879,0.4939,0.4875,0.4881,11832064.0,
2024-07-21 23:00:00,0.4882,0.4917,0.4858,0.4906,8894832.0,
2024-07-22 00:00:00,0.4907,0.4942,0.4876,0.4904,11162699.0,
2024-07-22 01:00:00,0.4904,0.4909,0.4806,0.488,15546549.0,
2024-07-22 02:00:00,0.4879,0.493,0.4855,0.4922,9640864.0,
2024-07-22 03:00:00,0.4922,0.4937,0.4818,0.482,9649351.0,
2024-07-22 04:00:00,0.4821,0.4844,0.4803,0.4809,7399110.0,
2024-07-22 05:00:00,0.4809,0.4821,0.4671,0.4727,14757231.0,
2024-07-22 06:00:00,0.4726,0.4741,0.4642,0.4671,14383634.0,
2024-07-22 07:00:00,0.4672,0.4673,0.4612,0.4615,14257598.0,
2024-07-22 08:00:00,0.4614,0.4649,0.4592,0.4599,12767047.0,
2024-07-22 09:00:00,0.46,0.4629,0.4583,0.4609,10075714.0,
2024-07-22 10:00:00,0.4609,0.4658,0.4597,0.464,8051942.0,
2024-07-22 11:00:00,0.4639,0.4679,0.4607,0.4661,9905951.0,
2024-07-22 12:00:00,0.4661,0.472,0.4642,0.4711,12351064.0,
2024-07-22 13:00:00,0.4712,0.4737,0.4611,0.4627,14905139.0,
2024-07-22 14:00:00,0.4627,0.4643,0.4531,0.4537,22826958.0,
2024-07-22 15:00:00,0.4536,0.456,0.4508,0.4514,18796574.0,
2024-07-22 16:00:00,0.4513,0.4519,0.4422,0.4448,22501158.0,
2024-07-22 17:00:00,0.4447,0.4464,0.4411,0.4451,13785567.0,
2024-07-22 18:00:00,0.4452,0.4476,0.4421,0.4436,13908054.0,
2024-07-22 19:00:00,0.4437,0.4501,0.4417,0.4499,12536336.0,
2024-07-22 20:00:00,0.4499,0.4502,0.4417,0.4443,13956669.0,
2024-07-22 21:00:00,0.4444,0.4449,0.4303,0.4353,26760890.0,
2024-07-22 22:00:00,0.4352,0.4362,0.4284,0.4335,28046489.0,
2024-07-22 23:00:00,0.4335,0.4349,0.4288,0.4333,14029549.0,
2024-07-23 00:00:00,0.4333,0.4406,0.4322,0.4388,18998339.0,
2024-07-23 01:00:00,0.4388,0.4475,0.4376,0.4457,35449709.0,
2024-07-23 02:00:00,0.4458,0.4516,0.4443,0.449,19813847.0,
2024-07-23 03:00:00,0.449,0.4498,0.4411,0.4421,11461584.0,
2024-07-23 04:00:00,0.442,0.4436,0.435,0.4361,14358246.0,
2024-07-23 05:00:00,0.4361,0.438,0.4289,0.432,24480509.0,
2024-07-23 06:00:00,0.432,0.4347,0.4266,0.4309,15883557.0,
2024-07-23 07:00:00,0.4309,0.4325,0.4286,0.4323,11159277.0,
2024-07-23 08:00:00,0.4323,0.4566,0.4315,0.4515,38384987.0,
2024-07-23 09:00:00,0.4514,0.4552,0.4455,0.4473,21827165.0,
2024-07-23 10:00:00,0.4473,0.4483,0.438,0.4387,17095408.0,
2024-07-23 11:00:00,0.4387,0.442,0.434,0.4392,16403461.0,
2024-07-23 12:00:00,0.4393,0.4428,0.435,0.4424,13221926.0,
2024-07-23 13:00:00,0.4424,0.446,0.4319,0.4357,32519521.0,
2024-07-23 14:00:00,0.4358,0.452,0.4323,0.4462,30646571.0,
2024-07-23 15:00:00,0.4461,0.4461,0.4304,0.433,30376026.0,
2024-07-23 16:00:00,0.4329,0.4342,0.4162,0.417,33403167.0,
2024-07-23 17:00:00,0.417,0.4221,0.4137,0.4172,30638919.0,
2024-07-23 18:00:00,0.4172,0.4205,0.4148,0.4179,12355857.0,
2024-07-23 19:00:00,0.4179,0.4234,0.4147,0.4174,13613191.0,
2024-07-23 20:00:00,0.4173,0.4204,0.4161,0.4169,12550410.0,
2024-07-23 21:00:00,0.417,0.4586,0.4164,0.4364,151979418.0,
2024-07-23 22:00:00,0.4363,0.4545,0.4351,0.4464,47117861.0,
2024-07-23 23:00:00,0.4464,0.4566,0.4394,0.4553,29395998.0,
2024-07-24 00:00:00,0.4553,0.459,0.4472,0.4501,32528895.0,
2024-07-24 01:00:00,0.4501,0.4562,0.4446,0.4484,23146849.0,
2024-07-24 02:00:00,0.4484,0.4536,0.441,0.453,16738091.0,
2024-07-24 03:00:00,0.453,0.4588,0.4516,0.4548,16476650.0,
2024-07-24 04:00:00,0.4548,0.4561,0.4475,0.4527,15134739.0,
2024-07-24 05:00:00,0.4526,0.4707,0.4508,0.4667,39211130.0,
2024-07-24 06:00:00,0.4667,0.4786,0.4644,0.4771,37863718.0,
2024-07-24 07:00:00,0.4771,0.4827,0.4734,0.4808,47005003.0,
2024-07-24 08:00:00,0.4808,0.4955,0.4787,0.4944,62006895.0,
2024-07-24 09:00:00,0.4945,0.498,0.4863,0.4927,48449153.0,
2024-07-24 10:00:00,0.4927,0.506,0.491,0.5034,50180950.0,
2024-07-24 11:00:00,0.5034,0.5067,0.4964,0.4973,41906178.0,
2024-07-24 12:00:00,0.4974,0.516,0.4967,0.5095,75263638.0,
2024-07-24 13:00:00,0.5096,0.5167,0.4984,0.5006,76825993.0,
2024-07-24 14:00:00,0.5006,0.5026,0.4874,0.4925,63349149.0,
2024-07-24 15:00:00,0.4925,0.4942,0.4762,0.4781,70947824.0,
2024-07-24 16:00:00,0.4782,0.4782,0.4652,0.4736,64217210.0,
2024-07-24 17:00:00,0.4736,0.481,0.4695,0.4753,41982805.0,
2024-07-24 18:00:00,0.4752,0.4848,0.4684,0.4706,47823277.0,
2024-07-24 19:00:00,0.4706,0.4719,0.4632,0.4641,26596322.0,
2024-07-24 20:00:00,0.4641,0.4663,0.461,0.4661,16007984.0,
2024-07-24 21:00:00,0.4661,0.4662,0.4515,0.4586,35671591.0,
2024-07-24 22:00:00,0.4587,0.4612,0.4531,0.4554,18438809.0,
2024-07-24 23:00:00,0.4554,0.4557,0.4512,0.4538,16030696.0,
2024-07-25 00:00:00,0.4539,0.4546,0.4469,0.4473,21134060.0,
2024-07-25 01:00:00,0.4473,0.4473,0.4268,0.4357,79658817.0,
2024-07-25 02:00:00,0.4357,0.4357,0.4213,0.4275,34669892.0,
2024-07-25 03:00:00,0.4275,0.4275,0.4223,0.4257,17352723.0,
2024-07-25 04:00:00,0.4256,0.4335,0.4225,0.4325,19916771.0,
2024-07-25 05:00:00,0.4325,0.4339,0.4253,0.4263,17492623.0,
2024-07-25 06:00:00,0.4264,0.4293,0.423,0.4282,15985955.0,
2024-07-25 07:00:00,0.4282,0.4306,0.4266,0.4274,10779428.0,
2024-07-25 08:00:00,0.4274,0.4313,0.4246,0.4302,18297966.0,
2024-07-25 09:00:00,0.4302,0.434,0.4286,0.4312,13578201.0,
2024-07-25 10:00:00,0.4313,0.4326,0.4259,0.4303,14216294.0,
2024-07-25 11:00:00,0.4304,0.4454,0.43,0.4443,30446531.0,
2024-07-25 12:00:00,0.4443,0.4455,0.43,0.4316,36435846.0,
2024-07-25 13:00:00,0.4317,0.4414,0.4277,0.4364,36085647.0,
2024-07-25 14:00:00,0.4366,0.4531,0.4324,0.4522,47046993.0,
2024-07-25 15:00:00,0.4521,0.4525,0.4399,0.4438,27180697.0,
2024-07-25 16:00:00,0.4437,0.4438,0.433,0.4339,27877741.0,
2024-07-25 17:00:00,0.434,0.4374,0.4301,0.4325,14226963.0,
2024-07-25 18:00:00,0.4324,0.4335,0.4206,0.4225,24679224.0,
2024-07-25 19:00:00,0.4224,0.4281,0.4164,0.4268,34865298.0,
2024-07-25 20:00:00,0.4267,0.4307,0.413,0.4307,38435278.0,
2024-07-25 21:00:00,0.4306,0.4362,0.4293,0.4334,21253004.0,
2024-07-25 22:00:00,0.4333,0.4344,0.4279,0.4311,13898019.0,
2024-07-25 23:00:00,0.4312,0.4334,0.426,0.428,12289933.0,
2024-07-26 00:00:00,0.428,0.4345,0.4233,0.433,20988990.0,
2024-07-26 01:00:00,0.4329,0.4368,0.4267,0.4282,18354771.0,
2024-07-26 02:00:00,0.4282,0.444,0.4278,0.4408,20902373.0,
2024-07-26 03:00:00,0.4408,0.4435,0.4357,0.4371,14346116.0,
2024-07-26 04:00:00,0.4371,0.4432,0.437,0.4404,10708193.0,
2024-07-26 05:00:00,0.4404,0.4449,0.4382,0.4436,8355730.0,
2024-07-26 06:00:00,0.4436,0.4467,0.4397,0.4453,14900031.0,
2024-07-26 07:00:00,0.4454,0.4484,0.4437,0.4453,9095508.0,
2024-07-26 08:00:00,0.4452,0.4487,0.4442,0.4444,9354721.0,
2024-07-26 09:00:00,0.4444,0.4475,0.4425,0.445,9573744.0,
2024-07-26 10:00:00,0.445,0.4456,0.4398,0.4415,8998788.0,
2024-07-26 11:00:00,0.4415,0.4417,0.437,0.4396,10250387.0,
2024-07-26 12:00:00,0.4395,0.4419,0.4366,0.4406,10180979.0,
2024-07-26 13:00:00,0.4406,0.4448,0.4351,0.4435,15461878.0,
2024-07-26 14:00:00,0.4435,0.4457,0.4337,0.4394,21834212.0,
2024-07-26 15:00:00,0.4394,0.452,0.4387,0.4493,21461950.0,
2024-07-26 16:00:00,0.4493,0.4643,0.4481,0.4604,29578517.0,
2024-07-26 17:00:00,0.4605,0.4682,0.4595,0.4632,18644891.0,
2024-07-26 18:00:00,0.4632,0.473,0.4628,0.4672,22360712.0,
2024-07-26 19:00:00,0.4672,0.4711,0.4642,0.4696,15228571.0,
2024-07-26 20:00:00,0.4696,0.471,0.4661,0.4689,11488618.0,
2024-07-26 21:00:00,0.4689,0.4704,0.4662,0.4669,6541055.0,
2024-07-26 22:00:00,0.467,0.4675,0.4613,0.4637,10334437.0,
2024-07-26 23:00:00,0.4637,0.467,0.4629,0.464,4170523.0,
2024-07-27 00:00:00,0.464,0.4663,0.4598,0.46,10046873.0,
2024-07-27 01:00:00,0.4601,0.4602,0.4556,0.4561,7758564.0,
2024-07-27 02:00:00,0.4561,0.4573,0.4533,0.4571,7834134.0,
2024-07-27 03:00:00,0.4571,0.4577,0.451,0.4516,6132942.0,
2024-07-27 04:00:00,0.4515,0.4538,0.451,0.4526,5853883.0,
2024-07-27 05:00:00,0.4526,0.4566,0.4507,0.4511,6608103.0,
2024-07-27 06:00:00,0.4511,0.4566,0.4508,0.4561,5968931.0,
2024-07-27 07:00:00,0.4561,0.4603,0.4548,0.456,8838448.0,
2024-07-27 08:00:00,0.4561,0.4588,0.452,0.4542,7819107.0,
2024-07-27 09:00:00,0.4541,0.4574,0.4521,0.4562,5716884.0,
2024-07-27 10:00:00,0.4562,0.4572,0.4535,0.4551,6012002.0,
2024-07-27 11:00:00,0.4552,0.4587,0.4528,0.4572,6965348.0,
2024-07-27 12:00:00,0.4572,0.4596,0.4562,0.4583,6710601.0,
2024-07-27 13:00:00,0.4584,0.4633,0.4575,0.4598,12960473.0,
2024-07-27 14:00:00,0.4598,0.4615,0.4557,0.4584,13474664.0,
2024-07-27 15:00:00,0.4584,0.4603,0.4482,0.4525,19362137.0,
2024-07-27 16:00:00,0.4525,0.4551,0.4489,0.451,10763003.0,
2024-07-27 17:00:00,0.4511,0.454,0.4475,0.4492,10420495.0,
2024-07-27 18:00:00,0.4493,0.4542,0.4485,0.4511,8097954.0,
2024-07-27 19:00:00,0.4511,0.4609,0.4466,0.4584,20929831.0,
2024-07-27 20:00:00,0.4584,0.4612,0.4444,0.458,39794268.0,
2024-07-27 21:00:00,0.458,0.475,0.4573,0.4744,29356859.0,
2024-07-27 22:00:00,0.4744,0.4798,0.4725,0.4741,14796728.0,
2024-07-27 23:00:00,0.4741,0.475,0.4678,0.4683,11171222.0,
2024-07-28 00:00:00,0.4683,0.4683,0.4569,0.4592,22288569.0,
2024-07-28 01:00:00,0.4592,0.4625,0.4577,0.4589,8534289.0,
2024-07-28 02:00:00,0.459,0.4594,0.4559,0.457,7497303.0,
2024-07-28 03:00:00,0.457,0.4588,0.4546,0.4548,6418410.0,
2024-07-28 04:00:00,0.4547,0.4556,0.4482,0.4484,10555708.0,
2024-07-28 05:00:00,0.4483,0.4494,0.4403,0.4451,19839514.0,
2024-07-28 06:00:00,0.4451,0.4571,0.4447,0.4515,19688447.0,
2024-07-28 07:00:00,0.4514,0.4539,0.4502,0.4523,6489077.0,
2024-07-28 08:00:00,0.4522,0.4537,0.4488,0.4502,6154408.0,
2024-07-28 09:00:00,0.4502,0.4565,0.4485,0.4542,8183004.0,
2024-07-28 10:00:00,0.4542,0.4634,0.4534,0.4588,10435071.0,
2024-07-28 11:00:00,0.4589,0.4655,0.4552,0.4626,14412362.0,
2024-07-28 12:00:00,0.4626,0.4628,0.4579,0.4583,7951833.0,
2024-07-28 13:00:00,0.4583,0.4599,0.4545,0.4575,8411427.0,
2024-07-28 14:00:00,0.4576,0.4576,0.451,0.4521,8367348.0,
2024-07-28 15:00:00,0.4521,0.4525,0.4464,0.4497,11630470.0,
2024-07-28 16:00:00,0.4496,0.4543,0.4489,0.45,8099882.0,
2024-07-28 17:00:00,0.45,0.4509,0.4468,0.4503,5690890.0,
2024-07-28 18:00:00,0.4504,0.4529,0.4489,0.4498,5489202.0,
2024-07-28 19:00:00,0.4499,0.4514,0.4469,0.4473,4347331.0,
2024-07-28 20:00:00,0.4473,0.4476,0.4446,0.4451,4462382.0,
2024-07-28 21:00:00,0.4452,0.4461,0.4431,0.4442,5528695.0,
2024-07-28 22:00:00,0.4442,0.4448,0.4407,0.4427,7438930.0,
2024-07-28 23:00:00,0.4428,0.4499,0.4421,0.4482,6262795.0,
2024-07-29 00:00:00,0.4482,0.4573,0.4459,0.4509,18627095.0,
2024-07-29 01:00:00,0.451,0.4529,0.4472,0.4473,8285724.0,
2024-07-29 02:00:00,0.4472,0.4649,0.4456,0.4647,20461900.0,
2024-07-29 03:00:00,0.4646,0.4676,0.461,0.4644,16221805.0,
2024-07-29 04:00:00,0.4644,0.4712,0.4633,0.4665,16046663.0,
2024-07-29 05:00:00,0.4666,0.4746,0.4665,0.4709,17080304.0,
2024-07-29 06:00:00,0.4709,0.4758,0.466,0.4665,18158260.0,
2024-07-29 07:00:00,0.4665,0.4697,0.4651,0.4677,10557452.0,
2024-07-29 08:00:00,0.4677,0.4712,0.4628,0.4678,10976203.0,
2024-07-29 09:00:00,0.4678,0.47,0.4644,0.465,8588437.0,
2024-07-29 10:00:00,0.465,0.4664,0.4614,0.465,9086003.0,
2024-07-29 11:00:00,0.4649,0.4655,0.462,0.4624,6873971.0,
2024-07-29 12:00:00,0.4625,0.4659,0.4612,0.4644,9508976.0,
2024-07-29 13:00:00,0.4643,0.4681,0.46,0.4606,13771737.0,
2024-07-29 14:00:00,0.4606,0.4613,0.4506,0.4521,24239293.0,
2024-07-29 15:00:00,0.452,0.4532,0.4415,0.445,31703457.0,
2024-07-29 16:00:00,0.4449,0.4475,0.4392,0.4414,27095694.0,
2024-07-29 17:00:00,0.4414,0.4495,0.4397,0.4453,25850628.0,
2024-07-29 18:00:00,0.4453,0.45,0.4445,0.4482,9610377.0,
2024-07-29 19:00:00,0.4481,0.4481,0.4443,0.4445,8141607.0,
2024-07-29 20:00:00,0.4445,0.446,0.4425,0.4442,5875193.0,
2024-07-29 21:00:00,0.4441,0.4444,0.4406,0.4443,7435431.0,
2024-07-29 22:00:00,0.4443,0.4459,0.4402,0.4404,6066359.0,
2024-07-29 23:00:00,0.4404,0.4425,0.4368,0.4396,11608559.0,
2024-07-30 00:00:00,0.4396,0.4423,0.4321,0.4422,26809123.0,
2024-07-30 01:00:00,0.4422,0.4478,0.4365,0.4373,14034257.0,
2024-07-30 02:00:00,0.4372,0.4394,0.4259,0.4335,31885459.0,
2024-07-30 03:00:00,0.4334,0.4364,0.4328,0.4332,7528578.0,
2024-07-30 04:00:00,0.4333,0.4356,0.4309,0.4341,8167979.0,
2024-07-30 05:00:00,0.4341,0.4352,0.43,0.432,8900407.0,
2024-07-30 06:00:00,0.432,0.4445,0.4315,0.4422,26082914.0,
2024-07-30 07:00:00,0.4422,0.4473,0.442,0.4437,9312831.0,
2024-07-30 08:00:00,0.4437,0.445,0.4412,0.4423,6595757.0,
2024-07-30 09:00:00,0.4423,0.4434,0.4373,0.4391,8477162.0,
2024-07-30 10:00:00,0.4391,0.4414,0.4365,0.4401,8103408.0,
2024-07-30 11:00:00,0.4402,0.4435,0.4378,0.44,9419692.0,
2024-07-30 12:00:00,0.44,0.4432,0.4367,0.4423,9375380.0,
2024-07-30 13:00:00,0.4423,0.4444,0.4369,0.4377,10170491.0,
2024-07-30 14:00:00,0.4377,0.4398,0.4313,0.4316,15987310.0,
2024-07-30 15:00:00,0.4315,0.438,0.4285,0.4359,13018398.0,
2024-07-30 16:00:00,0.4359,0.4371,0.4306,0.431,8524116.0,
2024-07-30 17:00:00,0.4311,0.4314,0.4227,0.4243,15744724.0,
2024-07-30 18:00:00,0.4242,0.4242,0.4158,0.4164,21014206.0,
2024-07-30 19:00:00,0.4163,0.4163,0.4102,0.4127,20206107.0,
2024-07-30 20:00:00,0.4128,0.4153,0.4053,0.4142,22467233.0,
2024-07-30 21:00:00,0.4141,0.4141,0.4089,0.4119,7472635.0,
2024-07-30 22:00:00,0.4119,0.4138,0.41,0.4125,6664121.0,
2024-07-30 23:00:00,0.4126,0.4145,0.4106,0.4114,6091453.0,
2024-07-31 00:00:00,0.4114,0.4133,0.4083,0.4124,12545935.0,
2024-07-31 01:00:00,0.4125,0.4151,0.4066,0.412,14848429.0,
2024-07-31 02:00:00,0.412,0.4154,0.4085,0.409,12073823.0,
2024-07-31 03:00:00,0.4091,0.4114,0.4083,0.4102,7078354.0,
2024-07-31 04:00:00,0.4103,0.4107,0.4053,0.408,12046718.0,
2024-07-31 05:00:00,0.4079,0.4119,0.404,0.4101,15306212.0,
2024-07-31 06:00:00,0.4101,0.4153,0.4096,0.4142,12725078.0,
2024-07-31 07:00:00,0.4143,0.4151,0.4099,0.4103,8061908.0,
2024-07-31 08:00:00,0.4104,0.4126,0.4083,0.4102,9740893.0,
2024-07-31 09:00:00,0.4103,0.4112,0.4084,0.4091,4888655.0,
2024-07-31 10:00:00,0.4091,0.4091,0.4047,0.4047,10505493.0,
2024-07-31 11:00:00,0.4047,0.4094,0.4029,0.4088,10271860.0,
2024-07-31 12:00:00,0.4088,0.4101,0.4062,0.4073,8776775.0,
2024-07-31 13:00:00,0.4074,0.418,0.4073,0.4133,24678264.0,
2024-07-31 14:00:00,0.4133,0.4168,0.4083,0.4095,18739966.0,
2024-07-31 15:00:00,0.4094,0.4108,0.4068,0.4071,19220921.0,
2024-07-31 16:00:00,0.4072,0.4142,0.405,0.4112,20018310.0,
2024-07-31 17:00:00,0.4113,0.4154,0.409,0.4119,10704855.0,
2024-07-31 18:00:00,0.4121,0.4148,0.4067,0.4135,19737441.0,
2024-07-31 19:00:00,0.4136,0.4145,0.398,0.4019,37322874.0,
2024-07-31 20:00:00,0.4019,0.4019,0.3915,0.3942,36540195.0,
2024-07-31 21:00:00,0.3941,0.4032,0.3932,0.3988,21111118.0,
2024-07-31 22:00:00,0.3989,0.3999,0.3931,0.3986,14370260.0,
2024-07-31 23:00:00,0.3986,0.4006,0.3961,0.3988,10494413.0,
2024-08-01 00:00:00,0.3989,0.4037,0.3971,0.4032,15721156.0,
2024-08-01 01:00:00,0.4031,0.4043,0.3977,0.402,11337633.0,
2024-08-01 02:00:00,0.402,0.4059,0.3986,0.4019,15020213.0,
2024-08-01 03:00:00,0.4018,0.4045,0.3987,0.4026,10604197.0,
2024-08-01 04:00:00,0.4026,0.4047,0.3929,0.3946,22247906.0,
2024-08-01 05:00:00,0.3946,0.4039,0.3904,0.4031,24954929.0,
2024-08-01 06:00:00,0.4031,0.4031,0.3967,0.3972,10287269.0,
2024-08-01 07:00:00,0.3972,0.4018,0.3959,0.3961,8946356.0,
2024-08-01 08:00:00,0.3961,0.4016,0.3941,0.3997,12659811.0,
2024-08-01 09:00:00,0.3997,0.401,0.3946,0.3947,13850352.0,
2024-08-01 10:00:00,0.3948,0.3999,0.3946,0.3993,5887728.0,
2024-08-01 11:00:00,0.3993,0.3995,0.3962,0.3976,5173286.0,
2024-08-01 12:00:00,0.3977,0.4024,0.3964,0.4002,8734014.0,
2024-08-01 13:00:00,0.4002,0.4011,0.3966,0.398,9736787.0,
2024-08-01 14:00:00,0.3979,0.3989,0.3857,0.3858,26218976.0,
2024-08-01 15:00:00,0.3859,0.3886,0.3813,0.3863,44710003.0,
2024-08-01 16:00:00,0.3862,0.3873,0.3751,0.3805,51353125.0,
2024-08-01 17:00:00,0.3805,0.3805,0.3747,0.3802,24298885.0,
2024-08-01 18:00:00,0.3802,0.3802,0.3638,0.3689,50755828.0,
2024-08-01 19:00:00,0.3688,0.3787,0.3683,0.3782,15209192.0,
2024-08-01 20:00:00,0.3782,0.3888,0.3766,0.388,23548421.0,
2024-08-01 21:00:00,0.388,0.3931,0.3868,0.3886,12888445.0,
2024-08-01 22:00:00,0.3886,0.3975,0.388,0.3957,17912383.0,
2024-08-01 23:00:00,0.3957,0.3981,0.3938,0.3957,7254037.0,
2024-08-02 00:00:00,0.3957,0.3989,0.3948,0.395,9462045.0,
2024-08-02 01:00:00,0.3949,0.395,0.387,0.3877,12747096.0,
2024-08-02 02:00:00,0.3878,0.3893,0.3804,0.3847,13094132.0,
2024-08-02 03:00:00,0.3847,0.3888,0.3827,0.3874,8889083.0,
2024-08-02 04:00:00,0.3874,0.3886,0.385,0.3867,6220315.0,
2024-08-02 05:00:00,0.3868,0.3869,0.3789,0.3793,10022968.0,
2024-08-02 06:00:00,0.3792,0.3822,0.3731,0.38,16078871.0,
2024-08-02 07:00:00,0.38,0.3811,0.3762,0.3784,9774229.0,
2024-08-02 08:00:00,0.3783,0.3809,0.3745,0.3809,8921304.0,
2024-08-02 09:00:00,0.3809,0.3835,0.3791,0.3825,7296475.0,
2024-08-02 10:00:00,0.3825,0.3878,0.3805,0.3856,9845381.0,
2024-08-02 11:00:00,0.3856,0.3874,0.3827,0.3832,8284875.0,
2024-08-02 12:00:00,0.3832,0.3876,0.3805,0.3852,19914398.0,
2024-08-02 13:00:00,0.3851,0.3901,0.3801,0.3855,21318121.0,
2024-08-02 14:00:00,0.3855,0.3861,0.3635,0.3643,39423190.0,
2024-08-02 15:00:00,0.3644,0.3686,0.355,0.367,55255499.0,
2024-08-02 16:00:00,0.367,0.37,0.3623,0.3652,23302110.0,
2024-08-02 17:00:00,0.3651,0.3693,0.3643,0.3649,12683421.0,
2024-08-02 18:00:00,0.3649,0.3659,0.3596,0.3605,13102670.0,
2024-08-02 19:00:00,0.3604,0.362,0.3566,0.36,14147833.0,
2024-08-02 20:00:00,0.3601,0.3626,0.3516,0.3568,40584566.0,
2024-08-02 21:00:00,0.3568,0.3576,0.3492,0.3555,22942739.0,
2024-08-02 22:00:00,0.3556,0.3562,0.3505,0.3517,14724099.0,
2024-08-02 23:00:00,0.3517,0.3546,0.3489,0.3515,20531055.0,
2024-08-03 00:00:00,0.3515,0.3534,0.344,0.3467,19960044.0,
2024-08-03 01:00:00,0.3468,0.347,0.3348,0.3419,42076112.0,
2024-08-03 02:00:00,0.3419,0.3475,0.3419,0.3449,15408000.0,
2024-08-03 03:00:00,0.345,0.3486,0.3439,0.3485,11034303.0,
2024-08-03 04:00:00,0.3485,0.3493,0.3463,0.3472,6784529.0,
2024-08-03 05:00:00,0.3472,0.3487,0.3467,0.3475,4763401.0,
2024-08-03 06:00:00,0.3476,0.3526,0.3474,0.3523,7959089.0,
2024-08-03 07:00:00,0.3522,0.3537,0.3502,0.3503,5858385.0,
2024-08-03 08:00:00,0.3504,0.351,0.3464,0.3493,8318395.0,
2024-08-03 09:00:00,0.3494,0.3516,0.3477,0.3504,6261311.0,
2024-08-03 10:00:00,0.3504,0.3516,0.3483,0.3502,6087395.0,
2024-08-03 11:00:00,0.3501,0.3511,0.3491,0.3499,4090507.0,
2024-08-03 12:00:00,0.35,0.3556,0.3495,0.3524,9145818.0,
2024-08-03 13:00:00,0.3525,0.3526,0.3488,0.3503,6054265.0,
2024-08-03 14:00:00,0.3504,0.3524,0.3482,0.3483,7453796.0,
2024-08-03 15:00:00,0.3483,0.3509,0.3366,0.3377,25955328.0,
2024-08-03 16:00:00,0.3376,0.3393,0.3263,0.3295,61623040.0,
2024-08-03 17:00:00,0.3294,0.3297,0.3196,0.3207,57905434.0,
2024-08-03 18:00:00,0.3207,0.3233,0.315,0.3186,39768741.0,
2024-08-03 19:00:00,0.3188,0.3207,0.3136,0.3137,29086603.0,
2024-08-03 20:00:00,0.3138,0.3176,0.3111,0.3121,30211128.0,
2024-08-03 21:00:00,0.312,0.3166,0.3104,0.3152,21691050.0,
2024-08-03 22:00:00,0.3152,0.3181,0.3122,0.3134,11876905.0,
2024-08-03 23:00:00,0.3134,0.3168,0.3121,0.3127,14679191.0,
2024-08-04 00:00:00,0.3128,0.3171,0.3113,0.3166,11378291.0,
2024-08-04 01:00:00,0.3165,0.3173,0.3117,0.3161,12594768.0,
2024-08-04 02:00:00,0.3161,0.3244,0.316,0.3228,14986197.0,
2024-08-04 03:00:00,0.3229,0.3233,0.32,0.3212,9166903.0,
2024-08-04 04:00:00,0.3213,0.323,0.3151,0.3163,16627815.0,
2024-08-04 05:00:00,0.3163,0.3204,0.3153,0.3201,9453615.0,
2024-08-04 06:00:00,0.3201,0.3234,0.3201,0.3217,8867615.0,
2024-08-04 07:00:00,0.3218,0.3218,0.3164,0.3174,10229861.0,
2024-08-04 08:00:00,0.3174,0.3218,0.3157,0.3204,14107898.0,
2024-08-04 09:00:00,0.3204,0.3213,0.3193,0.3196,6528936.0,
2024-08-04 10:00:00,0.3196,0.3203,0.3179,0.3196,6636646.0,
2024-08-04 11:00:00,0.3197,0.3203,0.3166,0.3175,9869988.0,
2024-08-04 12:00:00,0.3176,0.322,0.3175,0.3211,12480675.0,
2024-08-04 13:00:00,0.3212,0.322,0.318,0.3192,9148093.0,
2024-08-04 14:00:00,0.3192,0.32,0.3026,0.3052,61905140.0,
2024-08-04 15:00:00,0.3052,0.3054,0.2943,0.2953,53486197.0,
2024-08-04 16:00:00,0.2953,0.2958,0.2847,0.2856,81341232.0,
2024-08-04 17:00:00,0.2856,0.2879,0.2766,0.284,91922131.0,
2024-08-04 18:00:00,0.284,0.2929,0.2791,0.2921,54145931.0,
2024-08-04 19:00:00,0.2921,0.304,0.2897,0.3011,41532966.0,
2024-08-04 20:00:00,0.3011,0.3059,0.2982,0.2996,24520422.0,
2024-08-04 21:00:00,0.2996,0.3006,0.2952,0.2969,16467054.0,
2024-08-04 22:00:00,0.2969,0.3016,0.2966,0.2972,31026175.0,
2024-08-04 23:00:00,0.2971,0.2975,0.291,0.2918,17713620.0,
2024-08-05 00:00:00,0.2918,0.2944,0.2756,0.2794,102787767.0,
2024-08-05 01:00:00,0.2795,0.2806,0.237,0.2527,211768994.0,
2024-08-05 02:00:00,0.2528,0.2598,0.247,0.2596,114714999.0,
2024-08-05 03:00:00,0.2595,0.26,0.2522,0.2554,65125490.0,
2024-08-05 04:00:00,0.2554,0.2609,0.252,0.2556,44774210.0,
2024-08-05 05:00:00,0.2556,0.259,0.2462,0.2524,97344178.0,
2024-08-05 06:00:00,0.2525,0.2542,0.228,0.2383,224383102.0,
2024-08-05 07:00:00,0.2383,0.2549,0.2362,0.2508,76990928.0,
2024-08-05 08:00:00,0.2508,0.2525,0.2449,0.2464,47331094.0,
2024-08-05 09:00:00,0.2465,0.2494,0.2418,0.2467,47858358.0,
2024-08-05 10:00:00,0.2466,0.2471,0.2334,0.2355,71535243.0,
2024-08-05 11:00:00,0.2355,0.2364,0.2258,0.2361,88443796.0,
2024-08-05 12:00:00,0.2361,0.242,0.2334,0.2378,102272161.0,
2024-08-05 13:00:00,0.2378,0.2582,0.232,0.2569,120569152.0,
2024-08-05 14:00:00,0.2569,0.2756,0.2568,0.2694,101249119.0,
2024-08-05 15:00:00,0.2694,0.2713,0.2662,0.27,52615762.0,
2024-08-05 16:00:00,0.2699,0.2748,0.2633,0.2641,56605684.0,
2024-08-05 17:00:00,0.2641,0.2684,0.2622,0.2643,26282797.0,
2024-08-05 18:00:00,0.2643,0.265,0.2553,0.2555,27041752.0,
2024-08-05 19:00:00,0.2554,0.2609,0.2548,0.2597,35033022.0,
2024-08-05 20:00:00,0.2596,0.2643,0.2593,0.2633,20422094.0,
2024-08-05 21:00:00,0.2632,0.2674,0.261,0.2621,17922163.0,
2024-08-05 22:00:00,0.2621,0.2673,0.2607,0.2654,19536395.0,
2024-08-05 23:00:00,0.2654,0.2676,0.2592,0.2602,24777949.0,
2024-08-06 00:00:00,0.2602,0.2765,0.2597,0.2762,51564368.0,
2024-08-06 01:00:00,0.2763,0.2811,0.2743,0.275,47426439.0,
2024-08-06 02:00:00,0.2749,0.2766,0.2714,0.2743,24123574.0,
2024-08-06 03:00:00,0.2742,0.2752,0.2722,0.2726,13807367.0,
2024-08-06 04:00:00,0.2725,0.276,0.2706,0.2744,20192239.0,
2024-08-06 05:00:00,0.2744,0.2801,0.2735,0.28,25152216.0,
2024-08-06 06:00:00,0.2801,0.2812,0.2763,0.2783,22295671.0,
2024-08-06 07:00:00,0.2784,0.2814,0.2763,0.2813,18634776.0,
2024-08-06 08:00:00,0.2812,0.2817,0.2717,0.2757,32944376.0,
2024-08-06 09:00:00,0.2758,0.2768,0.2734,0.275,26056100.0,
2024-08-06 10:00:00,0.2749,0.2758,0.272,0.2736,18292201.0,
2024-08-06 11:00:00,0.2735,0.2755,0.2712,0.273,23516846.0,
2024-08-06 12:00:00,0.2731,0.2753,0.2708,0.2732,25370527.0,
2024-08-06 13:00:00,0.2732,0.2774,0.2708,0.2752,36464584.0,
2024-08-06 14:00:00,0.2751,0.2898,0.2745,0.2842,55298251.0,
2024-08-06 15:00:00,0.2843,0.2867,0.2751,0.2792,37290092.0,
2024-08-06 16:00:00,0.2792,0.2827,0.2768,0.2798,27349186.0,
2024-08-06 17:00:00,0.2798,0.2823,0.2762,0.2763,19117615.0,
2024-08-06 18:00:00,0.2763,0.2812,0.276,0.2779,14235585.0,
2024-08-06 19:00:00,0.278,0.2798,0.2761,0.2767,12031446.0,
2024-08-06 20:00:00,0.2768,0.2796,0.2751,0.2784,20486547.0,
2024-08-06 21:00:00,0.2784,0.2803,0.2764,0.2784,9265155.0,
2024-08-06 22:00:00,0.2783,0.282,0.2751,0.2771,22375716.0,
2024-08-06 23:00:00,0.2772,0.2788,0.273,0.2754,9604286.0,
2024-08-07 00:00:00,0.2753,0.2783,0.272,0.2759,20270255.0,
2024-08-07 01:00:00,0.2759,0.2835,0.2712,0.2831,33521450.0,
2024-08-07 02:00:00,0.283,0.2865,0.2791,0.2807,26467088.0,
2024-08-07 03:00:00,0.2806,0.2832,0.2792,0.2815,17373674.0,
2024-08-07 04:00:00,0.2815,0.2874,0.2809,0.2821,18234200.0,
2024-08-07 05:00:00,0.2821,0.2861,0.2812,0.2819,15785379.0,
2024-08-07 06:00:00,0.282,0.2835,0.2784,0.2796,12375580.0,
2024-08-07 07:00:00,0.2796,0.2805,0.2766,0.2794,13603251.0,
2024-08-07 08:00:00,0.2794,0.2821,0.2781,0.2802,13472905.0,
2024-08-07 09:00:00,0.2801,0.2822,0.2779,0.2782,16900118.0,
2024-08-07 10:00:00,0.2782,0.2821,0.2771,0.2779,15059849.0,
2024-08-07 11:00:00,0.2779,0.2785,0.274,0.2754,21957332.0,
2024-08-07 12:00:00,0.2754,0.28,0.2746,0.279,22517031.0,
2024-08-07 13:00:00,0.2789,0.2804,0.2752,0.2759,23655947.0,
2024-08-07 14:00:00,0.2758,0.2774,0.2626,0.2678,63315238.0,
2024-08-07 15:00:00,0.2679,0.2725,0.2665,0.2704,29376925.0,
2024-08-07 16:00:00,0.2704,0.272,0.2678,0.2687,24874296.0,
2024-08-07 17:00:00,0.2686,0.2714,0.2659,0.2693,23164413.0,
2024-08-07 18:00:00,0.2693,0.2709,0.2632,0.2639,22499708.0,
2024-08-07 19:00:00,0.2638,0.2661,0.2626,0.265,17624802.0,
2024-08-07 20:00:00,0.2651,0.2673,0.2589,0.2633,43835547.0,
2024-08-07 21:00:00,0.2633,0.2649,0.2612,0.2624,15860948.0,
2024-08-07 22:00:00,0.2624,0.2629,0.2565,0.2628,19714286.0,
2024-08-07 23:00:00,0.2629,0.2643,0.2602,0.2613,11590251.0,
2024-08-08 00:00:00,0.2612,0.264,0.2578,0.2631,26110292.0,
2024-08-08 01:00:00,0.2631,0.2758,0.263,0.2746,38436986.0,
2024-08-08 02:00:00,0.2746,0.2813,0.2743,0.2775,20245016.0,
2024-08-08 03:00:00,0.2776,0.2791,0.2745,0.2747,13949985.0,
2024-08-08 04:00:00,0.2747,0.2781,0.274,0.2752,11438489.0,
2024-08-08 05:00:00,0.2752,0.2797,0.275,0.2786,10279549.0,
2024-08-08 06:00:00,0.2786,0.2814,0.2774,0.2796,12229999.0,
2024-08-08 07:00:00,0.2797,0.2805,0.2762,0.2764,11185428.0,
2024-08-08 08:00:00,0.2765,0.279,0.2753,0.2777,9151299.0,
2024-08-08 09:00:00,0.2778,0.2792,0.2764,0.2772,10619139.0,
2024-08-08 10:00:00,0.2771,0.279,0.2758,0.2782,7014518.0,
2024-08-08 11:00:00,0.2781,0.2789,0.2763,0.2778,6287509.0,
2024-08-08 12:00:00,0.2778,0.2874,0.2768,0.2816,27804266.0,
2024-08-08 13:00:00,0.2816,0.2844,0.2764,0.2788,27786295.0,
2024-08-08 14:00:00,0.2788,0.2871,0.2781,0.2863,23550761.0,
2024-08-08 15:00:00,0.2862,0.2884,0.2848,0.2877,17339421.0,
2024-08-08 16:00:00,0.2877,0.3018,0.2869,0.3004,44656785.0,
2024-08-08 17:00:00,0.3004,0.3027,0.2945,0.295,19083569.0,
2024-08-08 18:00:00,0.295,0.2964,0.2926,0.2933,9176668.0,
2024-08-08 19:00:00,0.2934,0.2946,0.2924,0.2936,6795179.0,
2024-08-08 20:00:00,0.2936,0.295,0.2935,0.2943,4876589.0,
2024-08-08 21:00:00,0.2943,0.3038,0.2941,0.3028,10191352.0,
2024-08-08 22:00:00,0.3029,0.3126,0.301,0.3114,46052571.0,
2024-08-08 23:00:00,0.3114,0.3144,0.3087,0.3119,32761760.0,
2024-08-09 00:00:00,0.3119,0.3129,0.308,0.3092,27971674.0,
2024-08-09 01:00:00,0.3093,0.3093,0.3048,0.3054,17240947.0,
2024-08-09 02:00:00,0.3054,0.3065,0.3021,0.3022,8876364.0,
2024-08-09 03:00:00,0.3022,0.306,0.302,0.3045,10041429.0,
2024-08-09 04:00:00,0.3045,0.3062,0.2998,0.3,11843829.0,
2024-08-09 05:00:00,0.3,0.3044,0.2989,0.3041,8745266.0,
2024-08-09 06:00:00,0.3041,0.3103,0.3033,0.308,16607723.0,
2024-08-09 07:00:00,0.3081,0.3134,0.3079,0.3089,17139735.0,
2024-08-09 08:00:00,0.3089,0.313,0.3079,0.3124,9724115.0,
2024-08-09 09:00:00,0.3125,0.3148,0.3094,0.3113,12680669.0,
2024-08-09 10:00:00,0.3114,0.313,0.3079,0.3113,19481389.0,
2024-08-09 11:00:00,0.3113,0.3124,0.3064,0.3084,11748086.0,
2024-08-09 12:00:00,0.3084,0.309,0.3034,0.3059,12503746.0,
2024-08-09 13:00:00,0.306,0.3086,0.3023,0.3066,22804209.0,
2024-08-09 14:00:00,0.3066,0.3123,0.2992,0.3045,37504390.0,
2024-08-09 15:00:00,0.3046,0.3059,0.301,0.3013,19428496.0,
2024-08-09 16:00:00,0.3012,0.3072,0.3,0.3046,17671259.0,
2024-08-09 17:00:00,0.3047,0.3067,0.3035,0.3043,8779367.0,
2024-08-09 18:00:00,0.3043,0.3059,0.3031,0.3053,9770720.0,
2024-08-09 19:00:00,0.3054,0.3063,0.304,0.3044,8332757.0,
2024-08-09 20:00:00,0.3044,0.3065,0.3037,0.3053,8270063.0,
2024-08-09 21:00:00,0.3052,0.3093,0.3022,0.3086,13605279.0,
2024-08-09 22:00:00,0.3086,0.3114,0.3063,0.3103,17603648.0,
2024-08-09 23:00:00,0.3104,0.3123,0.3067,0.3117,10560587.0,
2024-08-10 00:00:00,0.3117,0.3159,0.3056,0.307,19775004.0,
2024-08-10 01:00:00,0.307,0.3098,0.306,0.3066,8379214.0,
2024-08-10 02:00:00,0.3066,0.3085,0.3052,0.306,6446362.0,
2024-08-10 03:00:00,0.306,0.3077,0.3036,0.3075,5913549.0,
2024-08-10 04:00:00,0.3075,0.3089,0.3058,0.3073,7750923.0,
2024-08-10 05:00:00,0.3073,0.3083,0.3055,0.3072,5941884.0,
2024-08-10 06:00:00,0.3073,0.3102,0.3069,0.3094,7309194.0,
2024-08-10 07:00:00,0.3095,0.3108,0.3079,0.3094,7136631.0,
2024-08-10 08:00:00,0.3094,0.3099,0.3069,0.3071,6113284.0,
2024-08-10 09:00:00,0.3071,0.3101,0.3068,0.3086,5962333.0,
2024-08-10 10:00:00,0.3086,0.3097,0.3064,0.3082,7371706.0,
2024-08-10 11:00:00,0.3083,0.3093,0.3075,0.3092,4696670.0,
2024-08-10 12:00:00,0.3092,0.3092,0.3068,0.3071,4490185.0,
2024-08-10 13:00:00,0.3071,0.3075,0.3036,0.3041,11105144.0,
2024-08-10 14:00:00,0.3042,0.3049,0.3024,0.3045,6954830.0,
2024-08-10 15:00:00,0.3044,0.308,0.3034,0.3051,10597509.0,
2024-08-10 16:00:00,0.3051,0.3074,0.3037,0.3069,10007038.0,
2024-08-10 17:00:00,0.3068,0.3078,0.3054,0.3075,4934401.0,
2024-08-10 18:00:00,0.3075,0.3112,0.3064,0.3096,16550032.0,
2024-08-10 19:00:00,0.3096,0.3229,0.3073,0.3214,36792670.0,
2024-08-10 20:00:00,0.3214,0.3232,0.3166,0.3227,20810435.0,
2024-08-10 21:00:00,0.3227,0.3349,0.3227,0.3266,28460650.0,
2024-08-10 22:00:00,0.3265,0.3267,0.3213,0.3213,15601294.0,
2024-08-10 23:00:00,0.3213,0.3218,0.3179,0.3194,8972468.0,
2024-08-11 00:00:00,0.3195,0.3202,0.3163,0.3175,13772511.0,
2024-08-11 01:00:00,0.3176,0.3214,0.3166,0.3206,11467462.0,
2024-08-11 02:00:00,0.3207,0.3221,0.3178,0.319,11021868.0,
2024-08-11 03:00:00,0.319,0.3249,0.3181,0.3229,15266474.0,
2024-08-11 04:00:00,0.3229,0.324,0.3192,0.3197,10290461.0,
2024-08-11 05:00:00,0.3197,0.3228,0.3189,0.3221,6147284.0,
2024-08-11 06:00:00,0.3222,0.3239,0.3203,0.3221,7150244.0,
2024-08-11 07:00:00,0.3221,0.3262,0.3218,0.3251,9153357.0,
2024-08-11 08:00:00,0.3252,0.326,0.3227,0.3234,9572932.0,
2024-08-11 09:00:00,0.3235,0.3268,0.3207,0.3215,15412714.0,
2024-08-11 10:00:00,0.3214,0.3214,0.3167,0.3175,12765914.0,
2024-08-11 11:00:00,0.3174,0.3186,0.3128,0.3159,18599797.0,
2024-08-11 12:00:00,0.3159,0.317,0.3094,0.3113,15248813.0,
2024-08-11 13:00:00,0.3114,0.3117,0.3072,0.3092,14859588.0,
2024-08-11 14:00:00,0.3092,0.3104,0.3028,0.304,15820059.0,
2024-08-11 15:00:00,0.304,0.3041,0.3009,0.3021,17612048.0,
2024-08-11 16:00:00,0.3022,0.3046,0.3011,0.304,9732593.0,
2024-08-11 17:00:00,0.304,0.3074,0.3034,0.3062,8439332.0,
2024-08-11 18:00:00,0.3062,0.3074,0.3042,0.3053,6922377.0,
2024-08-11 19:00:00,0.3052,0.3052,0.299,0.2993,15630229.0,
2024-08-11 20:00:00,0.2993,0.2994,0.2942,0.2971,29593091.0,
2024-08-11 21:00:00,0.2972,0.298,0.2932,0.2962,23341544.0,
2024-08-11 22:00:00,0.2963,0.2976,0.292,0.2954,16673690.0,
2024-08-11 23:00:00,0.2954,0.2954,0.2922,0.2933,6377406.0,
2024-08-12 00:00:00,0.2934,0.2991,0.2933,0.2984,22017875.0,
2024-08-12 01:00:00,0.2984,0.3012,0.2966,0.2998,10635085.0,
2024-08-12 02:00:00,0.2998,0.3003,0.2964,0.2982,10692891.0,
2024-08-12 03:00:00,0.2982,0.2997,0.2963,0.2978,7433544.0,
2024-08-12 04:00:00,0.2977,0.2999,0.2977,0.2982,6117908.0,
2024-08-12 05:00:00,0.2982,0.2994,0.2963,0.2983,5381943.0,
2024-08-12 06:00:00,0.2983,0.2986,0.2947,0.2963,7201169.0,
2024-08-12 07:00:00,0.2963,0.3021,0.2917,0.3002,32020639.0,
2024-08-12 08:00:00,0.3002,0.3084,0.3002,0.3014,24541176.0,
2024-08-12 09:00:00,0.3014,0.3044,0.3008,0.3034,17439511.0,
2024-08-12 10:00:00,0.3035,0.3121,0.3009,0.3111,25159075.0,
2024-08-12 11:00:00,0.3111,0.326,0.3103,0.3247,47902637.0,
2024-08-12 12:00:00,0.3247,0.335,0.3219,0.3345,41207595.0,
2024-08-12 13:00:00,0.3345,0.3382,0.3203,0.3222,72786642.0,
2024-08-12 14:00:00,0.3223,0.3412,0.3183,0.3407,81155912.0,
2024-08-12 15:00:00,0.3406,0.344,0.3293,0.3341,64738418.0,
2024-08-12 16:00:00,0.3342,0.3369,0.3295,0.3311,29493314.0,
2024-08-12 17:00:00,0.3311,0.3358,0.3292,0.3298,18817438.0,
2024-08-12 18:00:00,0.3299,0.3311,0.3213,0.3224,21472724.0,
2024-08-12 19:00:00,0.3225,0.3267,0.3225,0.3236,13865695.0,
2024-08-12 20:00:00,0.3237,0.3288,0.3219,0.3253,13434955.0,
2024-08-12 21:00:00,0.3252,0.3253,0.3199,0.3245,13376948.0,
2024-08-12 22:00:00,0.3245,0.3279,0.3229,0.3245,10957856.0,
2024-08-12 23:00:00,0.3245,0.3343,0.3239,0.3293,24318795.0,
2024-08-13 00:00:00,0.3293,0.3296,0.3222,0.3241,26346548.0,
2024-08-13 01:00:00,0.3241,0.325,0.3213,0.3234,13510927.0,
2024-08-13 02:00:00,0.3234,0.3247,0.3187,0.3207,13023585.0,
2024-08-13 03:00:00,0.3206,0.3213,0.3118,0.3126,18816681.0,
2024-08-13 04:00:00,0.3125,0.3163,0.3108,0.3162,9924431.0,
2024-08-13 05:00:00,0.3163,0.3165,0.3138,0.3153,7365560.0,
2024-08-13 06:00:00,0.3154,0.3184,0.3133,0.3182,8803151.0,
2024-08-13 07:00:00,0.3182,0.3184,0.315,0.3153,7454424.0,
2024-08-13 08:00:00,0.3153,0.3173,0.3131,0.3142,8741762.0,
2024-08-13 09:00:00,0.3141,0.3154,0.3122,0.3143,10661102.0,
2024-08-13 10:00:00,0.3143,0.3145,0.3111,0.313,11672262.0,
2024-08-13 11:00:00,0.313,0.3135,0.311,0.3133,6355834.0,
2024-08-13 12:00:00,0.3134,0.3174,0.3129,0.3159,17494983.0,
2024-08-13 13:00:00,0.3159,0.3261,0.3143,0.325,25571915.0,
2024-08-13 14:00:00,0.325,0.3347,0.3219,0.3318,32676953.0,
2024-08-13 15:00:00,0.3318,0.3365,0.3303,0.3316,23423018.0,
2024-08-13 16:00:00,0.3316,0.3428,0.3297,0.3425,29720688.0,
2024-08-13 17:00:00,0.3424,0.3438,0.3375,0.3392,18673952.0,
2024-08-13 18:00:00,0.3391,0.3408,0.3359,0.3394,12627148.0,
2024-08-13 19:00:00,0.3393,0.3425,0.3351,0.3423,12845134.0,
2024-08-13 20:00:00,0.3423,0.3423,0.3387,0.3391,6350251.0,
2024-08-13 21:00:00,0.3392,0.3461,0.3388,0.3459,12304033.0,
2024-08-13 22:00:00,0.3459,0.3469,0.3408,0.3422,16191010.0,
2024-08-13 23:00:00,0.3421,0.3429,0.3393,0.3402,6976980.0,
2024-08-14 00:00:00,0.3402,0.3424,0.3362,0.3414,15751368.0,
2024-08-14 01:00:00,0.3414,0.342,0.3373,0.3374,11778696.0,
2024-08-14 02:00:00,0.3375,0.3408,0.3368,0.3402,7623741.0,
2024-08-14 03:00:00,0.3402,0.3428,0.3386,0.3388,9321857.0,
2024-08-14 04:00:00,0.3389,0.3414,0.3373,0.3405,6964216.0,
2024-08-14 05:00:00,0.3405,0.3439,0.339,0.3407,12838606.0,
2024-08-14 06:00:00,0.3406,0.341,0.3333,0.3361,19194977.0,
2024-08-14 07:00:00,0.336,0.3362,0.3337,0.3343,5362591.0,
2024-08-14 08:00:00,0.3344,0.3351,0.3317,0.3334,8546758.0,
2024-08-14 09:00:00,0.3334,0.334,0.3309,0.3314,5705158.0,
2024-08-14 10:00:00,0.3314,0.3415,0.3313,0.3365,20252674.0,
2024-08-14 11:00:00,0.3365,0.3365,0.3317,0.3332,13189481.0,
2024-08-14 12:00:00,0.3333,0.3385,0.3303,0.3322,37794893.0,
2024-08-14 13:00:00,0.3321,0.3336,0.3232,0.3242,36556809.0,
2024-08-14 14:00:00,0.3241,0.3246,0.3181,0.3243,35878515.0,
2024-08-14 15:00:00,0.3242,0.3308,0.3215,0.3288,21409200.0,
2024-08-14 16:00:00,0.3288,0.3297,0.3241,0.326,16837449.0,
2024-08-14 17:00:00,0.326,0.3275,0.3251,0.3261,6955478.0,
2024-08-14 18:00:00,0.326,0.3279,0.3224,0.3242,9311932.0,
2024-08-14 19:00:00,0.3242,0.3244,0.3216,0.323,5650501.0,
2024-08-14 20:00:00,0.3229,0.3237,0.3216,0.3223,4698422.0,
2024-08-14 21:00:00,0.3223,0.3233,0.3206,0.3206,3601086.0,
2024-08-14 22:00:00,0.3207,0.3259,0.318,0.3254,11714845.0,
2024-08-14 23:00:00,0.3254,0.3264,0.3237,0.3242,5410236.0,
2024-08-15 00:00:00,0.3243,0.325,0.3223,0.3232,7090216.0,
2024-08-15 01:00:00,0.3232,0.3237,0.3186,0.3198,9877195.0,
2024-08-15 02:00:00,0.3199,0.3232,0.319,0.3207,12266885.0,
2024-08-15 03:00:00,0.3207,0.3217,0.3178,0.3181,5239527.0,
2024-08-15 04:00:00,0.3181,0.3186,0.3161,0.3173,8555698.0,
2024-08-15 05:00:00,0.3173,0.3177,0.3134,0.3144,10055117.0,
2024-08-15 06:00:00,0.3144,0.3172,0.3133,0.3143,13568061.0,
2024-08-15 07:00:00,0.3144,0.3159,0.3124,0.3144,13497236.0,
2024-08-15 08:00:00,0.3144,0.3156,0.312,0.3152,8605612.0,
2024-08-15 09:00:00,0.3151,0.3166,0.313,0.3132,7466250.0,
2024-08-15 10:00:00,0.3132,0.3134,0.3107,0.3114,5709024.0,
2024-08-15 11:00:00,0.3114,0.3187,0.3113,0.3176,8783781.0,
2024-08-15 12:00:00,0.3175,0.3333,0.3174,0.3244,37451941.0,
2024-08-15 13:00:00,0.3245,0.3357,0.3216,0.3333,32636366.0,
2024-08-15 14:00:00,0.3333,0.3348,0.3226,0.3231,22268700.0,
2024-08-15 15:00:00,0.3232,0.326,0.32,0.3224,15107165.0,
2024-08-15 16:00:00,0.3224,0.323,0.314,0.315,19526513.0,
2024-08-15 17:00:00,0.315,0.315,0.3048,0.3056,21450885.0,
2024-08-15 18:00:00,0.3056,0.3057,0.2964,0.2983,44366607.0,
2024-08-15 19:00:00,0.2983,0.3065,0.2961,0.3058,27885201.0,
2024-08-15 20:00:00,0.3057,0.3059,0.2995,0.3024,16421814.0,
2024-08-15 21:00:00,0.3025,0.3031,0.3003,0.3025,10160651.0,
2024-08-15 22:00:00,0.3026,0.3086,0.2991,0.3042,22667742.0,
2024-08-15 23:00:00,0.3041,0.3057,0.303,0.304,4983315.0,
2024-08-16 00:00:00,0.304,0.3059,0.3028,0.3035,6582890.0,
2024-08-16 01:00:00,0.3035,0.3042,0.2998,0.3013,8355697.0,
2024-08-16 02:00:00,0.3012,0.3099,0.2987,0.3057,15902732.0,
2024-08-16 03:00:00,0.3057,0.3057,0.2999,0.3006,10568725.0,
2024-08-16 04:00:00,0.3006,0.3017,0.2991,0.3007,14111805.0,
2024-08-16 05:00:00,0.3006,0.3015,0.2999,0.3,3941096.0,
2024-08-16 06:00:00,0.3,0.3041,0.2991,0.303,30930355.0,
2024-08-16 07:00:00,0.3031,0.3032,0.2997,0.301,5514922.0,
2024-08-16 08:00:00,0.3009,0.3022,0.2996,0.3,3781031.0,
2024-08-16 09:00:00,0.3,0.3018,0.2988,0.3014,6564046.0,
2024-08-16 10:00:00,0.3015,0.3015,0.2988,0.2993,5370167.0,
2024-08-16 11:00:00,0.2993,0.2999,0.2954,0.2966,11584932.0,
2024-08-16 12:00:00,0.2966,0.2983,0.2865,0.2886,39353010.0,
2024-08-16 13:00:00,0.2886,0.3053,0.2875,0.2981,57561423.0,
2024-08-16 14:00:00,0.298,0.2997,0.2892,0.2911,29803335.0,
2024-08-16 15:00:00,0.291,0.2929,0.2864,0.29,17352074.0,
2024-08-16 16:00:00,0.29,0.2976,0.2888,0.2952,22568198.0,
2024-08-16 17:00:00,0.2952,0.3024,0.2907,0.301,26890789.0,
2024-08-16 18:00:00,0.3009,0.3073,0.3007,0.3024,35441411.0,
2024-08-16 19:00:00,0.3024,0.3044,0.3012,0.3013,14100156.0,
2024-08-16 20:00:00,0.3013,0.3047,0.301,0.301,9136076.0,
2024-08-16 21:00:00,0.3011,0.3015,0.2995,0.3005,6183916.0,
2024-08-16 22:00:00,0.3004,0.3009,0.2989,0.2993,4025364.0,
2024-08-16 23:00:00,0.2993,0.3004,0.2983,0.2993,5417664.0,
2024-08-17 00:00:00,0.2993,0.2995,0.2969,0.2986,7462946.0,
2024-08-17 01:00:00,0.2986,0.3002,0.2979,0.2992,3987479.0,
2024-08-17 02:00:00,0.2991,0.3007,0.2982,0.2992,4399572.0,
2024-08-17 03:00:00,0.2992,0.2997,0.2964,0.2975,4002024.0,
2024-08-17 04:00:00,0.2974,0.2996,0.2973,0.2996,4104912.0,
2024-08-17 05:00:00,0.2995,0.2997,0.2978,0.2981,3012818.0,
2024-08-17 06:00:00,0.2982,0.2997,0.2964,0.297,5810266.0,
2024-08-17 07:00:00,0.297,0.2976,0.2955,0.2965,4534148.0,
2024-08-17 08:00:00,0.2966,0.3013,0.2955,0.298,13961982.0,
2024-08-17 09:00:00,0.2981,0.2985,0.295,0.297,12734692.0,
2024-08-17 10:00:00,0.297,0.2974,0.2909,0.2917,16476997.0,
2024-08-17 11:00:00,0.2918,0.2927,0.2899,0.2914,9409980.0,
2024-08-17 12:00:00,0.2914,0.2947,0.2907,0.2942,7248794.0,
2024-08-17 13:00:00,0.2943,0.2975,0.294,0.2946,10618337.0,
2024-08-17 14:00:00,0.2946,0.2971,0.2931,0.2968,8033757.0,
2024-08-17 15:00:00,0.2968,0.3034,0.2964,0.3009,19941918.0,
2024-08-17 16:00:00,0.3009,0.3035,0.2985,0.3021,15719567.0,
2024-08-17 17:00:00,0.3022,0.3045,0.2998,0.3001,12758676.0,
2024-08-17 18:00:00,0.3001,0.3007,0.2977,0.298,7245381.0,
2024-08-17 19:00:00,0.298,0.2981,0.2959,0.2974,6540275.0,
2024-08-17 20:00:00,0.2974,0.2985,0.2967,0.2979,4599956.0,
2024-08-17 21:00:00,0.2978,0.2994,0.297,0.2982,4334106.0,
2024-08-17 22:00:00,0.2982,0.3006,0.2977,0.2981,6550380.0,
2024-08-17 23:00:00,0.2981,0.2988,0.2972,0.2986,4242444.0,
2024-08-18 00:00:00,0.2985,0.2993,0.295,0.2976,9217971.0,
2024-08-18 01:00:00,0.2975,0.2978,0.2938,0.2943,8951745.0,
2024-08-18 02:00:00,0.2943,0.3006,0.2931,0.3,11151493.0,
2024-08-18 03:00:00,0.3,0.3014,0.2928,0.2928,12694205.0,
2024-08-18 04:00:00,0.2928,0.2945,0.2913,0.2931,8943163.0,
2024-08-18 05:00:00,0.2932,0.2949,0.29,0.2904,10657683.0,
2024-08-18 06:00:00,0.2904,0.2938,0.2899,0.2933,6574676.0,
2024-08-18 07:00:00,0.2933,0.2934,0.2904,0.2911,6465660.0,
2024-08-18 08:00:00,0.2911,0.2934,0.2906,0.2933,4936547.0,
2024-08-18 09:00:00,0.2933,0.2989,0.2922,0.2972,11003793.0,
2024-08-18 10:00:00,0.2972,0.3011,0.2968,0.2991,14594432.0,
2024-08-18 11:00:00,0.2991,0.2999,0.2971,0.2985,9084102.0,
2024-08-18 12:00:00,0.2985,0.3023,0.2968,0.2983,13535711.0,
2024-08-18 13:00:00,0.2983,0.3028,0.2976,0.2993,12924792.0,
2024-08-18 14:00:00,0.2993,0.3052,0.2975,0.303,20003670.0,
2024-08-18 15:00:00,0.3029,0.3034,0.3,0.3013,10235560.0,
2024-08-18 16:00:00,0.3014,0.3045,0.3007,0.3014,10520979.0,
2024-08-18 17:00:00,0.3014,0.3023,0.2954,0.2962,13759140.0,
2024-08-18 18:00:00,0.2963,0.2972,0.2949,0.2968,8661236.0,
2024-08-18 19:00:00,0.2968,0.2995,0.296,0.2992,4062915.0,
2024-08-18 20:00:00,0.2992,0.3012,0.2992,0.3002,6447476.0,
2024-08-18 21:00:00,0.3002,0.3005,0.2969,0.2975,4137326.0,
2024-08-18 22:00:00,0.2975,0.3003,0.2971,0.2974,4947846.0,
2024-08-18 23:00:00,0.2974,0.2982,0.2902,0.291,16649323.0,
2024-08-19 00:00:00,0.291,0.2928,0.2876,0.2881,25450699.0,
2024-08-19 01:00:00,0.2881,0.2949,0.2879,0.2927,13375974.0,
2024-08-19 02:00:00,0.2926,0.2961,0.2916,0.2957,10304505.0,
2024-08-19 03:00:00,0.2958,0.2962,0.2929,0.2939,7530117.0,
2024-08-19 04:00:00,0.294,0.2947,0.2906,0.2914,6425840.0,
2024-08-19 05:00:00,0.2915,0.2922,0.2899,0.2911,6855640.0,
2024-08-19 06:00:00,0.291,0.2912,0.2881,0.2908,9112163.0,
2024-08-19 07:00:00,0.2909,0.2937,0.2843,0.2853,14904092.0,
2024-08-19 08:00:00,0.2854,0.2892,0.2844,0.2884,13277235.0,
2024-08-19 09:00:00,0.2884,0.2896,0.2836,0.2842,18061304.0,
2024-08-19 10:00:00,0.2842,0.2859,0.281,0.2832,20850153.0,
2024-08-19 11:00:00,0.2832,0.2874,0.2816,0.2865,11682686.0,
2024-08-19 12:00:00,0.2864,0.288,0.2851,0.2864,10396768.0,
2024-08-19 13:00:00,0.2865,0.2908,0.2826,0.283,23626680.0,
2024-08-19 14:00:00,0.283,0.2837,0.2772,0.2802,29039579.0,
2024-08-19 15:00:00,0.2802,0.2823,0.2778,0.2781,15325513.0,
2024-08-19 16:00:00,0.2781,0.2793,0.2721,0.2745,26005321.0,
2024-08-19 17:00:00,0.2746,0.2891,0.2739,0.2861,53649411.0,
2024-08-19 18:00:00,0.2862,0.2864,0.2813,0.2826,19849255.0,
2024-08-19 19:00:00,0.2826,0.2848,0.282,0.2833,10246526.0,
2024-08-19 20:00:00,0.2834,0.2878,0.2833,0.2851,17096866.0,
2024-08-19 21:00:00,0.2852,0.2868,0.2843,0.2843,4281677.0,
2024-08-19 22:00:00,0.2844,0.2864,0.2838,0.2858,6533510.0,
2024-08-19 23:00:00,0.2859,0.2889,0.2842,0.2877,8176193.0,
2024-08-20 00:00:00,0.2878,0.2971,0.2853,0.2934,25650907.0,
2024-08-20 01:00:00,0.2934,0.2984,0.2933,0.2941,16959980.0,
2024-08-20 02:00:00,0.2942,0.2949,0.292,0.2932,7972926.0,
2024-08-20 03:00:00,0.2932,0.2946,0.2921,0.2937,6637570.0,
2024-08-20 04:00:00,0.2936,0.296,0.2926,0.2953,7479431.0,
2024-08-20 05:00:00,0.2953,0.3011,0.2951,0.3009,13852614.0,
2024-08-20 06:00:00,0.301,0.3046,0.2978,0.3024,17257114.0,
2024-08-20 07:00:00,0.3024,0.3036,0.3,0.3022,10657678.0,
2024-08-20 08:00:00,0.3022,0.3026,0.2972,0.2984,12294519.0,
2024-08-20 09:00:00,0.2984,0.2998,0.2975,0.2992,7153461.0,
2024-08-20 10:00:00,0.2993,0.3005,0.2973,0.2974,6111798.0,
2024-08-20 11:00:00,0.2974,0.2987,0.2953,0.2958,9900829.0,
2024-08-20 12:00:00,0.2958,0.2977,0.2948,0.2955,8252631.0,
2024-08-20 13:00:00,0.2955,0.2995,0.2926,0.2992,14977916.0,
2024-08-20 14:00:00,0.2992,0.2995,0.2887,0.2892,32534481.0,
2024-08-20 15:00:00,0.2893,0.2894,0.2837,0.286,28807315.0,
2024-08-20 16:00:00,0.286,0.293,0.285,0.2903,17031116.0,
2024-08-20 17:00:00,0.2902,0.2924,0.2898,0.292,5198037.0,
2024-08-20 18:00:00,0.292,0.295,0.2911,0.2924,7858627.0,
2024-08-20 19:00:00,0.2925,0.2952,0.2918,0.2936,4107013.0,
2024-08-20 20:00:00,0.2936,0.2968,0.2936,0.2941,4765535.0,
2024-08-20 21:00:00,0.2941,0.2945,0.2916,0.2924,5419409.0,
2024-08-20 22:00:00,0.2924,0.2956,0.2924,0.2945,6304023.0,
2024-08-20 23:00:00,0.2944,0.2949,0.2932,0.2935,3686159.0,
2024-08-21 00:00:00,0.2934,0.2966,0.2921,0.2922,7954941.0,
2024-08-21 01:00:00,0.2921,0.2958,0.2912,0.2957,8963624.0,
2024-08-21 02:00:00,0.2956,0.2979,0.2944,0.2965,5873506.0,
2024-08-21 03:00:00,0.2965,0.2971,0.2955,0.2965,5344423.0,
2024-08-21 04:00:00,0.2965,0.2987,0.2955,0.298,7002336.0,
2024-08-21 05:00:00,0.2979,0.2985,0.2967,0.2976,5742248.0,
2024-08-21 06:00:00,0.2976,0.3003,0.2972,0.2983,5404816.0,
2024-08-21 07:00:00,0.2983,0.2993,0.2964,0.2972,6417495.0,
2024-08-21 08:00:00,0.2973,0.2984,0.2942,0.2944,9437743.0,
2024-08-21 09:00:00,0.2944,0.2947,0.2899,0.2903,12031636.0,
2024-08-21 10:00:00,0.2903,0.291,0.2881,0.2903,5987541.0,
2024-08-21 11:00:00,0.2903,0.2906,0.2878,0.2881,5853309.0,
2024-08-21 12:00:00,0.2881,0.2892,0.2853,0.2873,7344220.0,
2024-08-21 13:00:00,0.2873,0.2921,0.2825,0.2913,22923574.0,
2024-08-21 14:00:00,0.2914,0.2974,0.2863,0.2869,49635638.0,
2024-08-21 15:00:00,0.2867,0.2898,0.2854,0.2882,12140007.0,
2024-08-21 16:00:00,0.2882,0.2925,0.2868,0.2925,9763349.0,
2024-08-21 17:00:00,0.2925,0.2989,0.2908,0.2975,13502298.0,
2024-08-21 18:00:00,0.2975,0.3026,0.2957,0.3016,14343069.0,
2024-08-21 19:00:00,0.3016,0.303,0.3,0.3019,9994283.0,
2024-08-21 20:00:00,0.3019,0.306,0.3016,0.3029,14468595.0,
2024-08-21 21:00:00,0.3029,0.3082,0.3023,0.3062,9306733.0,
2024-08-21 22:00:00,0.3062,0.3073,0.3038,0.3044,6296857.0,
2024-08-21 23:00:00,0.3045,0.3049,0.302,0.3036,4461369.0,
2024-08-22 00:00:00,0.3037,0.3053,0.3021,0.3023,8182677.0,
2024-08-22 01:00:00,0.3023,0.3039,0.3014,0.3028,6749235.0,
2024-08-22 02:00:00,0.3028,0.3029,0.2965,0.3002,13214994.0,
2024-08-22 03:00:00,0.3001,0.3023,0.2984,0.3016,7019472.0,
2024-08-22 04:00:00,0.3016,0.3062,0.3015,0.3061,5859113.0,
2024-08-22 05:00:00,0.3061,0.3062,0.3032,0.3042,4635522.0,
2024-08-22 06:00:00,0.3041,0.3059,0.3033,0.3044,4683573.0,
2024-08-22 07:00:00,0.3044,0.3081,0.3043,0.3068,6591264.0,
2024-08-22 08:00:00,0.3068,0.309,0.3051,0.3059,7948847.0,
2024-08-22 09:00:00,0.3058,0.3062,0.3036,0.3038,5479629.0,
2024-08-22 10:00:00,0.3038,0.3087,0.3031,0.3084,7296513.0,
2024-08-22 11:00:00,0.3084,0.3091,0.3055,0.3063,9478114.0,
2024-08-22 12:00:00,0.3062,0.3063,0.3003,0.3012,16090858.0,
2024-08-22 13:00:00,0.3012,0.304,0.2992,0.3033,17272647.0,
2024-08-22 14:00:00,0.3033,0.3033,0.2986,0.3002,15602432.0,
2024-08-22 15:00:00,0.3002,0.3034,0.2985,0.3003,13018008.0,
2024-08-22 16:00:00,0.3003,0.3027,0.2996,0.3009,9941534.0,
2024-08-22 17:00:00,0.301,0.3025,0.2988,0.299,5393910.0,
2024-08-22 18:00:00,0.2989,0.3019,0.2982,0.3002,5651966.0,
2024-08-22 19:00:00,0.3002,0.3012,0.2985,0.2992,4693926.0,
2024-08-22 20:00:00,0.2993,0.3044,0.2993,0.3038,8358423.0,
2024-08-22 21:00:00,0.3037,0.305,0.3023,0.3027,4731096.0,
2024-08-22 22:00:00,0.3028,0.3039,0.302,0.3032,3038510.0,
2024-08-22 23:00:00,0.3031,0.306,0.3023,0.3044,4187837.0,
2024-08-23 00:00:00,0.3045,0.3107,0.304,0.3071,9534630.0,
2024-08-23 01:00:00,0.3071,0.3083,0.305,0.3062,4135138.0,
2024-08-23 02:00:00,0.3062,0.3091,0.3059,0.3072,5790271.0,
2024-08-23 03:00:00,0.3072,0.3086,0.3065,0.3071,4812950.0,
2024-08-23 04:00:00,0.3072,0.3092,0.3069,0.3074,4392000.0,
2024-08-23 05:00:00,0.3074,0.3239,0.3071,0.3204,38056740.0,
2024-08-23 06:00:00,0.3203,0.3222,0.3167,0.3201,13744715.0,
2024-08-23 07:00:00,0.3201,0.3211,0.3169,0.319,6805583.0,
2024-08-23 08:00:00,0.319,0.3204,0.3178,0.3193,7054535.0,
2024-08-23 09:00:00,0.3194,0.3197,0.3157,0.3182,8165079.0,
2024-08-23 10:00:00,0.3183,0.32,0.318,0.3183,4101302.0,
2024-08-23 11:00:00,0.3183,0.3184,0.3147,0.316,7667406.0,
2024-08-23 12:00:00,0.316,0.3209,0.3159,0.3203,7556825.0,
2024-08-23 13:00:00,0.3203,0.3244,0.3185,0.323,18778498.0,
2024-08-23 14:00:00,0.3231,0.3332,0.3193,0.3222,54437057.0,
2024-08-23 15:00:00,0.3221,0.3408,0.3216,0.3356,36959947.0,
2024-08-23 16:00:00,0.3355,0.3401,0.3342,0.3399,20232376.0,
2024-08-23 17:00:00,0.34,0.3511,0.3381,0.3502,36673112.0,
2024-08-23 18:00:00,0.3501,0.3577,0.3476,0.3532,29818430.0,
2024-08-23 19:00:00,0.3533,0.3577,0.3505,0.3533,23643709.0,
2024-08-23 20:00:00,0.3534,0.3626,0.3532,0.3608,17320215.0,
2024-08-23 21:00:00,0.3609,0.3649,0.3593,0.3604,13489847.0,
2024-08-23 22:00:00,0.3604,0.3649,0.358,0.3596,13693876.0,
2024-08-23 23:00:00,0.3597,0.3639,0.3584,0.3598,10854651.0,
2024-08-24 00:00:00,0.3599,0.3705,0.3565,0.3689,20798835.0,
2024-08-24 01:00:00,0.369,0.3698,0.3607,0.3623,13105851.0,
2024-08-24 02:00:00,0.3624,0.3644,0.3606,0.3616,5231535.0,
2024-08-24 03:00:00,0.3615,0.3618,0.3582,0.3586,5130338.0,
2024-08-24 04:00:00,0.3586,0.3615,0.3575,0.3593,8400426.0,
2024-08-24 05:00:00,0.3592,0.3619,0.3587,0.3609,5388711.0,
2024-08-24 06:00:00,0.3609,0.3651,0.3596,0.362,4713374.0,
2024-08-24 07:00:00,0.3621,0.3666,0.3618,0.3661,9548935.0,
2024-08-24 08:00:00,0.3661,0.3706,0.3631,0.3704,10307463.0,
2024-08-24 09:00:00,0.3703,0.3848,0.3666,0.3725,47719163.0,
2024-08-24 10:00:00,0.3725,0.3819,0.3688,0.3748,20673600.0,
2024-08-24 11:00:00,0.3748,0.3752,0.3683,0.3688,8879919.0,
2024-08-24 12:00:00,0.3688,0.3705,0.3652,0.3665,9640967.0,
2024-08-24 13:00:00,0.3665,0.3704,0.3654,0.3702,5510395.0,
2024-08-24 14:00:00,0.3703,0.3719,0.3674,0.3716,5565889.0,
2024-08-24 15:00:00,0.3716,0.3748,0.3697,0.3738,7447527.0,
2024-08-24 16:00:00,0.3737,0.3818,0.3719,0.376,16147689.0,
2024-08-24 17:00:00,0.3759,0.3796,0.3744,0.3763,9922663.0,
2024-08-24 18:00:00,0.3762,0.3776,0.3712,0.3748,10491237.0,
2024-08-24 19:00:00,0.3748,0.3774,0.3734,0.3738,4700555.0,
2024-08-24 20:00:00,0.3737,0.3764,0.3717,0.3728,4160862.0,
2024-08-24 21:00:00,0.3728,0.373,0.3616,0.3627,14977934.0,
2024-08-24 22:00:00,0.3627,0.3661,0.3611,0.3646,9200387.0,
2024-08-24 23:00:00,0.3646,0.3698,0.3643,0.3693,5110900.0,
2024-08-25 00:00:00,0.3694,0.37,0.3606,0.3618,14955320.0,
2024-08-25 01:00:00,0.3617,0.367,0.3583,0.3609,17723468.0,
2024-08-25 02:00:00,0.3609,0.367,0.3602,0.3646,9813422.0,
2024-08-25 03:00:00,0.3646,0.3648,0.3587,0.3613,7661024.0,
2024-08-25 04:00:00,0.3612,0.3621,0.3567,0.3601,9493594.0,
2024-08-25 05:00:00,0.36,0.3672,0.3599,0.3661,11144053.0,
2024-08-25 06:00:00,0.3661,0.3697,0.3616,0.3629,12499067.0,
2024-08-25 07:00:00,0.3629,0.3632,0.3506,0.3535,22928951.0,
2024-08-25 08:00:00,0.3534,0.3606,0.3506,0.3585,15741945.0,
2024-08-25 09:00:00,0.3586,0.3604,0.3539,0.3553,9373100.0,
2024-08-25 10:00:00,0.3552,0.3555,0.3516,0.3528,7660628.0,
2024-08-25 11:00:00,0.3527,0.357,0.3526,0.3534,5942193.0,
2024-08-25 12:00:00,0.3535,0.3555,0.3522,0.3537,5154274.0,
2024-08-25 13:00:00,0.3536,0.3603,0.3525,0.3581,11542553.0,
2024-08-25 14:00:00,0.3581,0.3603,0.355,0.3564,9240416.0,
2024-08-25 15:00:00,0.3563,0.3605,0.3546,0.3566,10131712.0,
2024-08-25 16:00:00,0.3566,0.3595,0.3537,0.355,10173842.0,
2024-08-25 17:00:00,0.3551,0.3578,0.3525,0.3543,6724179.0,
2024-08-25 18:00:00,0.3544,0.3549,0.3483,0.3494,8406113.0,
2024-08-25 19:00:00,0.3495,0.351,0.3485,0.3497,5028776.0,
2024-08-25 20:00:00,0.3497,0.3512,0.3482,0.3496,5244900.0,
2024-08-25 21:00:00,0.3496,0.3575,0.349,0.3556,6881726.0,
2024-08-25 22:00:00,0.3557,0.3581,0.3496,0.3507,9564397.0,
2024-08-25 23:00:00,0.3507,0.3555,0.3472,0.3485,12120145.0,
2024-08-26 00:00:00,0.3486,0.3546,0.3478,0.35,11699872.0,
2024-08-26 01:00:00,0.3501,0.3506,0.3411,0.3418,13617716.0,
2024-08-26 02:00:00,0.3417,0.3424,0.3385,0.3419,11593880.0,
2024-08-26 03:00:00,0.3419,0.3435,0.3413,0.3431,8125613.0,
2024-08-26 04:00:00,0.3431,0.3445,0.3407,0.3426,8670856.0,
2024-08-26 05:00:00,0.3426,0.343,0.3391,0.3393,4392141.0,
2024-08-26 06:00:00,0.3393,0.34,0.3359,0.3384,10377943.0,
2024-08-26 07:00:00,0.3384,0.3404,0.3357,0.337,8528741.0,
2024-08-26 08:00:00,0.3371,0.3403,0.3365,0.3377,7441712.0,
2024-08-26 09:00:00,0.3378,0.3408,0.3337,0.3407,10440324.0,
2024-08-26 10:00:00,0.3406,0.3424,0.3356,0.336,11528168.0,
2024-08-26 11:00:00,0.336,0.3386,0.3344,0.3354,8017870.0,
2024-08-26 12:00:00,0.3354,0.3356,0.326,0.3274,19712799.0,
2024-08-26 13:00:00,0.3274,0.33,0.3252,0.3282,16212327.0,
2024-08-26 14:00:00,0.3283,0.3312,0.3244,0.3293,31779228.0,
2024-08-26 15:00:00,0.3294,0.3299,0.3249,0.325,10552240.0,
2024-08-26 16:00:00,0.3249,0.326,0.3216,0.3236,13665756.0,
2024-08-26 17:00:00,0.3236,0.3247,0.3161,0.3164,19745966.0,
2024-08-26 18:00:00,0.3164,0.3172,0.3118,0.3143,22628301.0,
2024-08-26 19:00:00,0.3143,0.3152,0.3111,0.3125,8777432.0,
2024-08-26 20:00:00,0.3125,0.3159,0.3103,0.313,9363105.0,
2024-08-26 21:00:00,0.3129,0.3142,0.3095,0.3129,9537159.0,
2024-08-26 22:00:00,0.3129,0.315,0.3115,0.3144,8548405.0,
2024-08-26 23:00:00,0.3144,0.3145,0.3117,0.3121,7305606.0,
2024-08-27 00:00:00,0.3121,0.3153,0.3116,0.3127,12167915.0,
2024-08-27 01:00:00,0.3126,0.3189,0.312,0.3154,14221189.0,
2024-08-27 02:00:00,0.3153,0.317,0.3115,0.3126,8570298.0,
2024-08-27 03:00:00,0.3127,0.3138,0.3063,0.3135,24067176.0,
2024-08-27 04:00:00,0.3135,0.3146,0.3104,0.3106,10402579.0,
2024-08-27 05:00:00,0.3107,0.3155,0.3104,0.315,9233358.0,
2024-08-27 06:00:00,0.315,0.3152,0.3061,0.3078,17765707.0,
2024-08-27 07:00:00,0.3077,0.3089,0.3057,0.3065,11361490.0,
2024-08-27 08:00:00,0.3065,0.3074,0.3022,0.3046,12212581.0,
2024-08-27 09:00:00,0.3045,0.3061,0.3014,0.3024,10860110.0,
2024-08-27 10:00:00,0.3025,0.3025,0.2941,0.2947,29768671.0,
2024-08-27 11:00:00,0.2948,0.2974,0.2924,0.2954,14917966.0,
2024-08-27 12:00:00,0.2954,0.2965,0.2913,0.2956,16365955.0,
2024-08-27 13:00:00,0.2956,0.297,0.2938,0.2942,14882035.0,
2024-08-27 14:00:00,0.2943,0.295,0.2894,0.2913,26518087.0,
2024-08-27 15:00:00,0.2913,0.2946,0.2899,0.2935,15917010.0,
2024-08-27 16:00:00,0.2934,0.2953,0.2907,0.2909,20597094.0,
2024-08-27 17:00:00,0.2908,0.2922,0.2895,0.2915,10759204.0,
2024-08-27 18:00:00,0.2914,0.2938,0.2909,0.2924,9028425.0,
2024-08-27 19:00:00,0.2924,0.2937,0.2897,0.2908,7967343.0,
2024-08-27 20:00:00,0.2908,0.2912,0.2858,0.2864,12115830.0,
2024-08-27 21:00:00,0.2864,0.2866,0.27,0.2771,42788850.0,
2024-08-27 22:00:00,0.2771,0.2777,0.2652,0.2732,76721423.0,
2024-08-27 23:00:00,0.2731,0.2739,0.2708,0.2721,16973961.0,
2024-08-28 00:00:00,0.2721,0.2721,0.2648,0.2665,32451452.0,
2024-08-28 01:00:00,0.2666,0.2733,0.2629,0.2728,30244980.0,
2024-08-28 02:00:00,0.2727,0.2763,0.2684,0.2705,29569602.0,
2024-08-28 03:00:00,0.2704,0.2743,0.27,0.2732,18544490.0,
2024-08-28 04:00:00,0.2731,0.2749,0.271,0.2719,12581633.0,
2024-08-28 05:00:00,0.2719,0.2738,0.2706,0.2718,13236072.0,
2024-08-28 06:00:00,0.2717,0.2726,0.2693,0.2708,14883861.0,
2024-08-28 07:00:00,0.2708,0.2722,0.2652,0.2661,21248381.0,
2024-08-28 08:00:00,0.2661,0.2731,0.264,0.271,34333098.0,
2024-08-28 09:00:00,0.271,0.2857,0.2693,0.2853,33227225.0,
2024-08-28 10:00:00,0.2852,0.286,0.2746,0.2751,35753748.0,
2024-08-28 11:00:00,0.2751,0.2791,0.2745,0.2778,17626431.0,
2024-08-28 12:00:00,0.2778,0.2794,0.2739,0.2763,16921995.0,
2024-08-28 13:00:00,0.2762,0.2764,0.2675,0.2682,28419708.0,
2024-08-28 14:00:00,0.2683,0.274,0.2654,0.2682,65267372.0,
2024-08-28 15:00:00,0.2681,0.2682,0.2568,0.2598,54379895.0,
2024-08-28 16:00:00,0.2598,0.2599,0.2487,0.2585,90807936.0,
2024-08-28 17:00:00,0.2584,0.2618,0.2551,0.2559,35984485.0,
2024-08-28 18:00:00,0.2559,0.2636,0.2552,0.2632,38565316.0,
2024-08-28 19:00:00,0.2631,0.2661,0.257,0.2581,36973574.0,
2024-08-28 20:00:00,0.2581,0.2648,0.2577,0.2611,47581213.0,
2024-08-28 21:00:00,0.2612,0.2622,0.2559,0.2566,22027279.0,
2024-08-28 22:00:00,0.2566,0.2573,0.2486,0.2537,34792474.0,
2024-08-28 23:00:00,0.2537,0.2549,0.2522,0.2541,10113908.0,
2024-08-29 00:00:00,0.2541,0.2567,0.2529,0.2554,21628717.0,
2024-08-29 01:00:00,0.2554,0.2573,0.252,0.2533,21991814.0,
2024-08-29 02:00:00,0.2532,0.2575,0.2517,0.2573,17451137.0,
2024-08-29 03:00:00,0.2573,0.2583,0.2554,0.2565,11280267.0,
2024-08-29 04:00:00,0.2565,0.2565,0.253,0.2543,14591354.0,
2024-08-29 05:00:00,0.2542,0.2551,0.2526,0.2549,17939865.0,
2024-08-29 06:00:00,0.2549,0.2557,0.2519,0.2531,24147446.0,
2024-08-29 07:00:00,0.2531,0.2545,0.2517,0.2518,17126317.0,
2024-08-29 08:00:00,0.2518,0.252,0.2461,0.2484,31900397.0,
2024-08-29 09:00:00,0.2483,0.252,0.248,0.2496,21865994.0,
2024-08-29 10:00:00,0.2495,0.2524,0.2493,0.2506,22858922.0,
2024-08-29 11:00:00,0.2505,0.2546,0.2501,0.2508,29029545.0,
2024-08-29 12:00:00,0.2508,0.2526,0.2482,0.2513,42024635.0,
2024-08-29 13:00:00,0.2513,0.2553,0.2512,0.2542,35300943.0,
2024-08-29 14:00:00,0.2543,0.257,0.2509,0.2536,35178892.0,
2024-08-29 15:00:00,0.2535,0.2601,0.2534,0.2557,32014102.0,
2024-08-29 16:00:00,0.2557,0.2587,0.2516,0.2523,31123064.0,
2024-08-29 17:00:00,0.2522,0.2534,0.25,0.2513,28982413.0,
2024-08-29 18:00:00,0.2512,0.2513,0.238,0.2384,84429965.0,
2024-08-29 19:00:00,0.2385,0.2433,0.2363,0.2407,58281455.0,
2024-08-29 20:00:00,0.2406,0.2449,0.2399,0.2445,17458107.0,
2024-08-29 21:00:00,0.2446,0.2454,0.2429,0.2429,11730423.0,
2024-08-29 22:00:00,0.243,0.2439,0.2404,0.2425,23588257.0,
2024-08-29 23:00:00,0.2425,0.2432,0.2413,0.2417,17761776.0,
2024-08-30 00:00:00,0.2416,0.2454,0.2405,0.2422,22092770.0,
2024-08-30 01:00:00,0.2423,0.2433,0.24,0.2416,26606171.0,
2024-08-30 02:00:00,0.2416,0.2435,0.2399,0.2424,16830375.0,
2024-08-30 03:00:00,0.2423,0.2428,0.2405,0.2416,10711459.0,
2024-08-30 04:00:00,0.2416,0.244,0.2414,0.2418,11723504.0,
2024-08-30 05:00:00,0.2418,0.2422,0.2392,0.2406,21279961.0,
2024-08-30 06:00:00,0.2406,0.2438,0.2398,0.2433,19269870.0,
2024-08-30 07:00:00,0.2432,0.2455,0.2416,0.2425,12850394.0,
2024-08-30 08:00:00,0.2424,0.2439,0.2408,0.2417,11956594.0,
2024-08-30 09:00:00,0.2417,0.2422,0.2402,0.2405,12437653.0,
2024-08-30 10:00:00,0.2405,0.2414,0.2381,0.24,18477396.0,
2024-08-30 11:00:00,0.24,0.2409,0.2374,0.2374,17395386.0,
2024-08-30 12:00:00,0.2374,0.2429,0.237,0.239,44384991.0,
2024-08-30 13:00:00,0.2389,0.2403,0.2335,0.2396,48454091.0,
2024-08-30 14:00:00,0.2397,0.2421,0.2315,0.2318,71757602.0,
2024-08-30 15:00:00,0.2318,0.2327,0.2258,0.2267,85629100.0,
2024-08-30 16:00:00,0.2268,0.2321,0.2258,0.2319,70248211.0,
2024-08-30 17:00:00,0.2319,0.2365,0.231,0.2348,28301239.0,
2024-08-30 18:00:00,0.2348,0.2437,0.2346,0.2425,42724915.0,
2024-08-30 19:00:00,0.2424,0.2437,0.2376,0.2381,31987784.0,
2024-08-30 20:00:00,0.2382,0.2402,0.2379,0.2398,15973219.0,
2024-08-30 21:00:00,0.2398,0.2414,0.2389,0.2406,12049950.0,
2024-08-30 22:00:00,0.2406,0.2424,0.2402,0.2414,12446859.0,
2024-08-30 23:00:00,0.2414,0.2424,0.2409,0.2413,6076896.0,
2024-08-31 00:00:00,0.2413,0.2445,0.2406,0.2425,13059998.0,
2024-08-31 01:00:00,0.2424,0.2434,0.2415,0.2424,5998515.0,
2024-08-31 02:00:00,0.2424,0.2429,0.2411,0.2418,5713877.0,
2024-08-31 03:00:00,0.2419,0.2426,0.241,0.2413,4741138.0,
2024-08-31 04:00:00,0.2414,0.2448,0.2412,0.2445,5327340.0,
2024-08-31 05:00:00,0.2445,0.2445,0.2418,0.2419,4991703.0,
2024-08-31 06:00:00,0.242,0.2431,0.2417,0.2422,4499493.0,
2024-08-31 07:00:00,0.2422,0.2437,0.2418,0.242,5130523.0,
2024-08-31 08:00:00,0.242,0.2424,0.2395,0.2396,7205927.0,
2024-08-31 09:00:00,0.2395,0.2406,0.2369,0.2383,17630063.0,
2024-08-31 10:00:00,0.2383,0.2436,0.238,0.2431,13240383.0,
2024-08-31 11:00:00,0.2431,0.2443,0.2423,0.2435,9759514.0,
2024-08-31 12:00:00,0.2434,0.2439,0.2422,0.2431,8778921.0,
2024-08-31 13:00:00,0.243,0.2456,0.2414,0.2419,16158530.0,
2024-08-31 14:00:00,0.2418,0.2433,0.2401,0.2409,16202603.0,
2024-08-31 15:00:00,0.2409,0.2413,0.2389,0.2406,8659345.0,
2024-08-31 16:00:00,0.2406,0.2411,0.2348,0.2355,21349968.0,
2024-08-31 17:00:00,0.2355,0.2364,0.2323,0.2346,27194257.0,
2024-08-31 18:00:00,0.2347,0.2385,0.2344,0.2355,14925211.0,
2024-08-31 19:00:00,0.2354,0.2364,0.2347,0.2359,7699173.0,
2024-08-31 20:00:00,0.2358,0.2379,0.2349,0.2376,6572413.0,
2024-08-31 21:00:00,0.2376,0.2402,0.2367,0.2395,5593673.0,
2024-08-31 22:00:00,0.2395,0.2397,0.2377,0.2378,4262634.0,
2024-08-31 23:00:00,0.2377,0.238,0.237,0.2374,2471312.0,
2024-09-01 00:00:00,0.2374,0.2388,0.2366,0.2373,8637874.0,
2024-09-01 01:00:00,0.2372,0.2373,0.234,0.2344,7621775.0,
2024-09-01 02:00:00,0.2345,0.235,0.2323,0.2348,14757065.0,
2024-09-01 03:00:00,0.2347,0.2372,0.2339,0.2366,5783601.0,
2024-09-01 04:00:00,0.2365,0.2391,0.2352,0.238,9138963.0,
2024-09-01 05:00:00,0.2379,0.2389,0.2323,0.2335,17665000.0,
2024-09-01 06:00:00,0.2334,0.2396,0.2328,0.2385,16459867.0,
2024-09-01 07:00:00,0.2385,0.2403,0.2363,0.2402,9533289.0,
2024-09-01 08:00:00,0.2402,0.2404,0.236,0.2362,9964625.0,
2024-09-01 09:00:00,0.2362,0.2378,0.2351,0.2352,11441543.0,
2024-09-01 10:00:00,0.2352,0.2358,0.2332,0.2335,11783774.0,
2024-09-01 11:00:00,0.2335,0.2359,0.2331,0.2358,9238905.0,
2024-09-01 12:00:00,0.2357,0.2363,0.2331,0.2334,11961989.0,
2024-09-01 13:00:00,0.2334,0.2351,0.2289,0.2326,27217819.0,
2024-09-01 14:00:00,0.2326,0.2331,0.2277,0.2302,54002106.0,
2024-09-01 15:00:00,0.2302,0.2357,0.2283,0.2346,36491142.0,
2024-09-01 16:00:00,0.2346,0.2368,0.2299,0.2304,29523398.0,
2024-09-01 17:00:00,0.2305,0.2312,0.2239,0.2267,33891831.0,
2024-09-01 18:00:00,0.2267,0.2359,0.2263,0.2341,36342344.0,
2024-09-01 19:00:00,0.2341,0.2367,0.2328,0.2347,16125822.0,
2024-09-01 20:00:00,0.2346,0.2362,0.2327,0.2334,16694146.0,
2024-09-01 21:00:00,0.2333,0.2334,0.2288,0.2302,9595610.0,
2024-09-01 22:00:00,0.2302,0.2308,0.2185,0.2196,47765360.0,
2024-09-01 23:00:00,0.2196,0.2232,0.2182,0.222,33432587.0,
2024-09-02 00:00:00,0.2219,0.2268,0.2206,0.2255,29321695.0,
2024-09-02 01:00:00,0.2256,0.2284,0.224,0.2277,19408973.0,
2024-09-02 02:00:00,0.2277,0.2302,0.2261,0.2272,18852596.0,
2024-09-02 03:00:00,0.2272,0.2298,0.2254,0.2276,25153363.0,
2024-09-02 04:00:00,0.2276,0.2283,0.2213,0.2213,22163136.0,
2024-09-02 05:00:00,0.2214,0.2249,0.2202,0.2225,26810625.0,
2024-09-02 06:00:00,0.2225,0.2249,0.2225,0.2233,13505749.0,
2024-09-02 07:00:00,0.2232,0.2247,0.2176,0.2197,26220626.0,
2024-09-02 08:00:00,0.2197,0.2294,0.2193,0.227,49513541.0,
2024-09-02 09:00:00,0.227,0.2332,0.2249,0.2325,29857979.0,
2024-09-02 10:00:00,0.2326,0.2352,0.231,0.2333,32846818.0,
2024-09-02 11:00:00,0.2334,0.2368,0.2314,0.2364,30029172.0,
2024-09-02 12:00:00,0.2364,0.2364,0.2326,0.2333,18609048.0,
2024-09-02 13:00:00,0.2332,0.2337,0.2289,0.2292,20067829.0,
2024-09-02 14:00:00,0.2292,0.2371,0.2271,0.2364,38432613.0,
2024-09-02 15:00:00,0.2365,0.2381,0.2343,0.2345,23435201.0,
2024-09-02 16:00:00,0.2344,0.2383,0.2334,0.2335,21779132.0,
2024-09-02 17:00:00,0.2335,0.2385,0.2333,0.2376,20761667.0,
2024-09-02 18:00:00,0.2376,0.2377,0.2328,0.2338,24506881.0,
2024-09-02 19:00:00,0.2338,0.2349,0.2329,0.2344,7139377.0,
2024-09-02 20:00:00,0.2344,0.2431,0.234,0.241,28012582.0,
2024-09-02 21:00:00,0.241,0.2432,0.2383,0.2391,21828482.0,
2024-09-02 22:00:00,0.2391,0.2406,0.2367,0.2377,15655717.0,
2024-09-02 23:00:00,0.2377,0.239,0.2375,0.2386,13688678.0,
2024-09-03 00:00:00,0.2386,0.2392,0.2371,0.2387,16956473.0,
2024-09-03 01:00:00,0.2387,0.2408,0.2372,0.2392,13899034.0,
2024-09-03 02:00:00,0.2392,0.244,0.2381,0.2384,31094748.0,
2024-09-03 03:00:00,0.2384,0.2396,0.237,0.2376,13400957.0,
2024-09-03 04:00:00,0.2375,0.2382,0.2347,0.2366,17485748.0,
2024-09-03 05:00:00,0.2365,0.2388,0.2349,0.2384,18961271.0,
2024-09-03 06:00:00,0.2384,0.2385,0.2359,0.2362,14778957.0,
2024-09-03 07:00:00,0.2362,0.2384,0.2356,0.2376,12564020.0,
2024-09-03 08:00:00,0.2377,0.2379,0.2322,0.2326,20165900.0,
2024-09-03 09:00:00,0.2325,0.2345,0.2323,0.2334,11557517.0,
2024-09-03 10:00:00,0.2334,0.237,0.2331,0.2345,13473266.0,
2024-09-03 11:00:00,0.2345,0.2369,0.2337,0.2363,9723611.0,
2024-09-03 12:00:00,0.2363,0.2368,0.2347,0.2353,11310471.0,
2024-09-03 13:00:00,0.2352,0.2371,0.2267,0.2284,51444470.0,
2024-09-03 14:00:00,0.2284,0.2285,0.224,0.2254,51254496.0,
2024-09-03 15:00:00,0.2254,0.2261,0.2208,0.2215,34302456.0,
2024-09-03 16:00:00,0.2216,0.2249,0.2201,0.2236,27139961.0,
2024-09-03 17:00:00,0.2235,0.225,0.2229,0.223,15050702.0,
2024-09-03 18:00:00,0.2231,0.224,0.2219,0.223,13256565.0,
2024-09-03 19:00:00,0.223,0.2256,0.2216,0.2235,21742689.0,
2024-09-03 20:00:00,0.2235,0.2246,0.2221,0.2234,9191729.0,
2024-09-03 21:00:00,0.2235,0.2238,0.2218,0.2234,6937627.0,
2024-09-03 22:00:00,0.2234,0.2238,0.2212,0.2213,9900866.0,
2024-09-03 23:00:00,0.2213,0.2222,0.218,0.2192,22652216.0,
2024-09-04 00:00:00,0.2192,0.2228,0.2151,0.2158,35795700.0,
2024-09-04 01:00:00,0.2158,0.2161,0.204,0.2154,105467077.0,
2024-09-04 02:00:00,0.2154,0.2178,0.2147,0.2164,23730302.0,
2024-09-04 03:00:00,0.2164,0.2178,0.2162,0.2173,17294959.0,
2024-09-04 04:00:00,0.2173,0.2184,0.2157,0.2165,13019726.0,
2024-09-04 05:00:00,0.2165,0.2165,0.2124,0.2126,18574779.0,
2024-09-04 06:00:00,0.2126,0.2151,0.2125,0.2127,20468246.0,
2024-09-04 07:00:00,0.2126,0.2164,0.2125,0.2154,22454957.0,
2024-09-04 08:00:00,0.2154,0.2159,0.2128,0.2141,13521338.0,
2024-09-04 09:00:00,0.214,0.2144,0.2112,0.2113,17219460.0,
2024-09-04 10:00:00,0.2114,0.2122,0.2089,0.2113,31413877.0,
2024-09-04 11:00:00,0.2114,0.2125,0.209,0.2094,23656740.0,
2024-09-04 12:00:00,0.2094,0.2132,0.2092,0.2115,21098034.0,
2024-09-04 13:00:00,0.2115,0.2136,0.21,0.2134,28987533.0,
2024-09-04 14:00:00,0.2134,0.2239,0.2121,0.2216,80907859.0,
2024-09-04 15:00:00,0.2217,0.2235,0.2185,0.2229,55428478.0,
2024-09-04 16:00:00,0.2228,0.2278,0.2221,0.2246,59460544.0,
2024-09-04 17:00:00,0.2246,0.2246,0.2198,0.2201,29263434.0,
2024-09-04 18:00:00,0.2201,0.2208,0.2176,0.2183,26099443.0,
2024-09-04 19:00:00,0.2182,0.2198,0.2175,0.2195,16401944.0,
2024-09-04 20:00:00,0.2195,0.2206,0.2184,0.2203,15407209.0,
2024-09-04 21:00:00,0.2203,0.2228,0.2194,0.2223,6898999.0,
2024-09-04 22:00:00,0.2224,0.2242,0.2214,0.2225,16585963.0,
2024-09-04 23:00:00,0.2224,0.2228,0.2204,0.2214,17011237.0,
2024-09-05 00:00:00,0.2215,0.2246,0.2193,0.2194,28141456.0,
2024-09-05 01:00:00,0.2194,0.2211,0.2189,0.2203,14079445.0,
2024-09-05 02:00:00,0.2203,0.2207,0.218,0.2183,16395015.0,
2024-09-05 03:00:00,0.2183,0.2184,0.2112,0.2126,45303828.0,
2024-09-05 04:00:00,0.2125,0.2136,0.2115,0.2129,26358175.0,
2024-09-05 05:00:00,0.2128,0.213,0.2101,0.2113,19754354.0,
2024-09-05 06:00:00,0.2113,0.2122,0.2091,0.2113,25412381.0,
2024-09-05 07:00:00,0.2114,0.2144,0.2109,0.2142,16144915.0,
2024-09-05 08:00:00,0.2142,0.2168,0.2136,0.2145,19984408.0,
2024-09-05 09:00:00,0.2144,0.2201,0.2139,0.2165,89087109.0,
2024-09-05 10:00:00,0.2164,0.2184,0.2151,0.2168,22262737.0,
2024-09-05 11:00:00,0.2167,0.2176,0.2157,0.2164,13505632.0,
2024-09-05 12:00:00,0.2165,0.2192,0.2154,0.2163,42105980.0,
2024-09-05 13:00:00,0.2164,0.2174,0.213,0.2159,51273567.0,
2024-09-05 14:00:00,0.2158,0.2169,0.2094,0.2105,42780220.0,
2024-09-05 15:00:00,0.2105,0.2117,0.2077,0.21,53102767.0,
2024-09-05 16:00:00,0.21,0.2109,0.2063,0.2075,32547833.0,
2024-09-05 17:00:00,0.2075,0.2108,0.2068,0.2105,21135266.0,
2024-09-05 18:00:00,0.2106,0.2117,0.2093,0.2109,15530378.0,
2024-09-05 19:00:00,0.2109,0.2109,0.2052,0.2066,28328693.0,
2024-09-05 20:00:00,0.2066,0.2075,0.2057,0.2062,20701946.0,
2024-09-05 21:00:00,0.2062,0.208,0.2055,0.2076,11792029.0,
2024-09-05 22:00:00,0.2077,0.2084,0.2051,0.2077,18525617.0,
2024-09-05 23:00:00,0.2077,0.2085,0.2068,0.2073,11185857.0,
2024-09-06 00:00:00,0.2072,0.2096,0.2061,0.2093,23792502.0,
2024-09-06 01:00:00,0.2093,0.2129,0.2082,0.2116,24966510.0,
2024-09-06 02:00:00,0.2116,0.2135,0.211,0.2126,19161484.0,
2024-09-06 03:00:00,0.2126,0.2141,0.212,0.2123,11959808.0,
2024-09-06 04:00:00,0.2122,0.2128,0.2096,0.2099,14731905.0,
2024-09-06 05:00:00,0.2098,0.2108,0.2082,0.2103,20005497.0,
2024-09-06 06:00:00,0.2102,0.2107,0.2082,0.2092,17882215.0,
2024-09-06 07:00:00,0.2093,0.2093,0.2037,0.2072,59607498.0,
2024-09-06 08:00:00,0.2071,0.2139,0.2071,0.2135,62168950.0,
2024-09-06 09:00:00,0.2134,0.2136,0.208,0.2089,27738807.0,
2024-09-06 10:00:00,0.2088,0.2139,0.2088,0.2129,25254234.0,
2024-09-06 11:00:00,0.213,0.2138,0.2104,0.2114,21249087.0,
2024-09-06 12:00:00,0.2115,0.217,0.2092,0.2164,65511735.0,
2024-09-06 13:00:00,0.2164,0.2171,0.2098,0.2101,57330659.0,
2024-09-06 14:00:00,0.2101,0.2101,0.2048,0.209,94245563.0,
2024-09-06 15:00:00,0.209,0.2118,0.2056,0.2115,73931965.0,
2024-09-06 16:00:00,0.2115,0.2123,0.2067,0.2083,50474835.0,
2024-09-06 17:00:00,0.2084,0.2095,0.2038,0.2067,49502638.0,
2024-09-06 18:00:00,0.2067,0.2069,0.2012,0.2013,46058537.0,
2024-09-06 19:00:00,0.2013,0.2055,0.2012,0.2039,57795260.0,
2024-09-06 20:00:00,0.2039,0.2047,0.1951,0.1956,85437443.0,
2024-09-06 21:00:00,0.1956,0.2023,0.1937,0.2022,61709333.0,
2024-09-06 22:00:00,0.2023,0.2048,0.2013,0.2038,17787453.0,
2024-09-06 23:00:00,0.2039,0.205,0.2034,0.2043,10991375.0,
2024-09-07 00:00:00,0.2043,0.2067,0.2038,0.2054,15513645.0,
2024-09-07 01:00:00,0.2054,0.206,0.2034,0.2044,13030141.0,
2024-09-07 02:00:00,0.2044,0.2059,0.2037,0.2056,9970016.0,
2024-09-07 03:00:00,0.2056,0.2069,0.2049,0.2051,7192119.0,
2024-09-07 04:00:00,0.2051,0.2062,0.2049,0.2058,7381782.0,
2024-09-07 05:00:00,0.2058,0.2082,0.2051,0.2077,16601377.0,
2024-09-07 06:00:00,0.2076,0.2099,0.2072,0.2098,11811127.0,
2024-09-07 07:00:00,0.2099,0.2116,0.2083,0.2104,23248927.0,
2024-09-07 08:00:00,0.2105,0.2113,0.2092,0.2103,12808507.0,
2024-09-07 09:00:00,0.2103,0.2104,0.208,0.2083,8928200.0,
2024-09-07 10:00:00,0.2083,0.2101,0.2082,0.2091,7324279.0,
2024-09-07 11:00:00,0.2092,0.2117,0.2092,0.2104,12483627.0,
2024-09-07 12:00:00,0.2105,0.2115,0.2101,0.2103,12262800.0,
2024-09-07 13:00:00,0.2104,0.2113,0.2098,0.2112,8445213.0,
2024-09-07 14:00:00,0.2111,0.2119,0.2102,0.2114,9887337.0,
2024-09-07 15:00:00,0.2114,0.213,0.211,0.2113,13586072.0,
2024-09-07 16:00:00,0.2113,0.2126,0.2099,0.2104,14956063.0,
2024-09-07 17:00:00,0.2104,0.2108,0.2076,0.2083,16504321.0,
2024-09-07 18:00:00,0.2082,0.2104,0.2073,0.2095,12345738.0,
2024-09-07 19:00:00,0.2094,0.213,0.2094,0.2124,10479767.0,
2024-09-07 20:00:00,0.2123,0.2126,0.2094,0.2095,14014630.0,
2024-09-07 21:00:00,0.2095,0.21,0.2082,0.2086,7859629.0,
2024-09-07 22:00:00,0.2086,0.2092,0.2074,0.2076,7552077.0,
2024-09-07 23:00:00,0.2075,0.211,0.207,0.211,7129734.0,
2024-09-08 00:00:00,0.2109,0.2114,0.2089,0.2101,10661874.0,
2024-09-08 01:00:00,0.2102,0.2121,0.21,0.2108,7966456.0,
2024-09-08 02:00:00,0.2108,0.2127,0.2103,0.2122,7066303.0,
2024-09-08 03:00:00,0.2123,0.214,0.2119,0.2133,8996577.0,
2024-09-08 04:00:00,0.2133,0.2155,0.2131,0.2145,12782761.0,
2024-09-08 05:00:00,0.2146,0.2152,0.2116,0.2125,12789194.0,
2024-09-08 06:00:00,0.2124,0.2137,0.2122,0.2129,9381862.0,
2024-09-08 07:00:00,0.213,0.2159,0.213,0.2154,12910306.0,
2024-09-08 08:00:00,0.2153,0.2178,0.2149,0.2173,12938881.0,
2024-09-08 09:00:00,0.2172,0.2194,0.216,0.216,14739099.0,
2024-09-08 10:00:00,0.2161,0.2175,0.2161,0.2167,10143759.0,
2024-09-08 11:00:00,0.2166,0.2169,0.215,0.2153,10334476.0,
2024-09-08 12:00:00,0.2152,0.218,0.213,0.217,38928601.0,
2024-09-08 13:00:00,0.217,0.2172,0.2143,0.2161,16631758.0,
2024-09-08 14:00:00,0.2161,0.2164,0.2134,0.2134,15524592.0,
2024-09-08 15:00:00,0.2135,0.2142,0.2119,0.2123,22004324.0,
2024-09-08 16:00:00,0.2122,0.2138,0.2108,0.2127,16568019.0,
2024-09-08 17:00:00,0.2127,0.217,0.2127,0.2168,13602804.0,
2024-09-08 18:00:00,0.2168,0.2171,0.2149,0.2152,8830853.0,
2024-09-08 19:00:00,0.2151,0.2155,0.2142,0.2147,6876479.0,
2024-09-08 20:00:00,0.2146,0.2155,0.2138,0.2151,7897576.0,
2024-09-08 21:00:00,0.2152,0.2183,0.2151,0.2176,14280944.0,
2024-09-08 22:00:00,0.2175,0.2252,0.2165,0.218,48146065.0,
2024-09-08 23:00:00,0.2181,0.2211,0.2177,0.2201,17689137.0,
2024-09-09 00:00:00,0.22,0.2211,0.2164,0.2192,19324278.0,
2024-09-09 01:00:00,0.2192,0.2214,0.2174,0.219,21117535.0,
2024-09-09 02:00:00,0.2191,0.2195,0.216,0.2172,14671389.0,
2024-09-09 03:00:00,0.2173,0.2176,0.2151,0.2164,13720528.0,
2024-09-09 04:00:00,0.2164,0.2187,0.2162,0.2165,17366680.0,
2024-09-09 05:00:00,0.2164,0.2171,0.215,0.2158,12134062.0,
2024-09-09 06:00:00,0.2158,0.2181,0.2154,0.2181,10847228.0,
2024-09-09 07:00:00,0.2181,0.2197,0.2169,0.2194,13583055.0,
2024-09-09 08:00:00,0.2194,0.2217,0.2193,0.2211,14424601.0,
2024-09-09 09:00:00,0.2211,0.2298,0.2208,0.2224,52503804.0,
2024-09-09 10:00:00,0.2225,0.2253,0.2215,0.2251,21978400.0,
2024-09-09 11:00:00,0.2251,0.2253,0.2225,0.2235,12861522.0,
2024-09-09 12:00:00,0.2235,0.2258,0.2223,0.2256,14291682.0,
2024-09-09 13:00:00,0.2256,0.2272,0.2241,0.2265,30448439.0,
2024-09-09 14:00:00,0.2265,0.2268,0.2205,0.2213,38092362.0,
2024-09-09 15:00:00,0.2213,0.2267,0.2212,0.2261,16847213.0,
2024-09-09 16:00:00,0.2261,0.2326,0.2259,0.2314,41830043.0,
2024-09-09 17:00:00,0.2315,0.2325,0.2289,0.2304,20299618.0,
2024-09-09 18:00:00,0.2305,0.2329,0.2296,0.2316,20340985.0,
2024-09-09 19:00:00,0.2316,0.2346,0.2313,0.234,16284155.0,
2024-09-09 20:00:00,0.234,0.2345,0.2322,0.2335,13673124.0,
2024-09-09 21:00:00,0.2334,0.2379,0.2331,0.2363,25518562.0,
2024-09-09 22:00:00,0.2363,0.2372,0.2343,0.2347,10466989.0,
2024-09-09 23:00:00,0.2347,0.2355,0.2336,0.2343,7391581.0,
2024-09-10 00:00:00,0.2344,0.2345,0.231,0.2324,17123793.0,
2024-09-10 01:00:00,0.2324,0.2326,0.2302,0.2305,7756330.0,
2024-09-10 02:00:00,0.2305,0.2305,0.2284,0.2293,11044268.0,
2024-09-10 03:00:00,0.2294,0.2295,0.2275,0.2276,9529108.0,
2024-09-10 04:00:00,0.2276,0.229,0.2265,0.2282,12614964.0,
2024-09-10 05:00:00,0.2283,0.2319,0.2283,0.2308,13016836.0,
2024-09-10 06:00:00,0.2308,0.231,0.2282,0.2282,7183690.0,
2024-09-10 07:00:00,0.2283,0.2311,0.2274,0.2294,18600206.0,
2024-09-10 08:00:00,0.2293,0.2302,0.2268,0.2274,12124645.0,
2024-09-10 09:00:00,0.2273,0.2327,0.2261,0.2309,35980012.0,
2024-09-10 10:00:00,0.2309,0.2316,0.2293,0.2313,12014830.0,
2024-09-10 11:00:00,0.2314,0.2328,0.2302,0.2324,11797668.0,
2024-09-10 12:00:00,0.2324,0.2338,0.2302,0.2304,17668435.0,
2024-09-10 13:00:00,0.2304,0.2304,0.2269,0.2283,34466999.0,
2024-09-10 14:00:00,0.2283,0.2314,0.2273,0.2305,34218637.0,
2024-09-10 15:00:00,0.2306,0.2349,0.2304,0.2306,40363650.0,
2024-09-10 16:00:00,0.2306,0.2325,0.226,0.2265,55060495.0,
2024-09-10 17:00:00,0.2266,0.2309,0.2265,0.2289,29157367.0,
2024-09-10 18:00:00,0.229,0.2345,0.2288,0.231,26012759.0,
2024-09-10 19:00:00,0.2309,0.2333,0.2295,0.2315,21761084.0,
2024-09-10 20:00:00,0.2315,0.2321,0.2297,0.2297,16810340.0,
2024-09-10 21:00:00,0.2297,0.2307,0.2285,0.2286,8365797.0,
2024-09-10 22:00:00,0.2286,0.2296,0.2278,0.2286,9817972.0,
2024-09-10 23:00:00,0.2287,0.2296,0.2273,0.2279,9420222.0,
2024-09-11 00:00:00,0.228,0.2287,0.2263,0.2267,12904395.0,
2024-09-11 01:00:00,0.2268,0.2268,0.2207,0.2221,29741912.0,
2024-09-11 02:00:00,0.2222,0.2247,0.222,0.2226,16444994.0,
2024-09-11 03:00:00,0.2225,0.2233,0.2211,0.2223,17297541.0,
2024-09-11 04:00:00,0.2223,0.223,0.2191,0.2204,26812896.0,
2024-09-11 05:00:00,0.2204,0.2206,0.2175,0.219,19970836.0,
2024-09-11 06:00:00,0.219,0.221,0.2184,0.2201,15052727.0,
2024-09-11 07:00:00,0.2202,0.2226,0.2201,0.2223,11908813.0,
2024-09-11 08:00:00,0.2223,0.2224,0.2192,0.2194,13488491.0,
2024-09-11 09:00:00,0.2194,0.2207,0.2186,0.2191,12583855.0,
2024-09-11 10:00:00,0.2191,0.2198,0.2165,0.2175,25762625.0,
2024-09-11 11:00:00,0.2175,0.2185,0.2168,0.2185,13480385.0,
2024-09-11 12:00:00,0.2185,0.22,0.2142,0.2179,46830424.0,
2024-09-11 13:00:00,0.2178,0.2207,0.2125,0.2127,56444203.0,
2024-09-11 14:00:00,0.2126,0.2143,0.2066,0.2084,80551750.0,
2024-09-11 15:00:00,0.2084,0.2115,0.2076,0.2092,61198491.0,
2024-09-11 16:00:00,0.2092,0.2128,0.2088,0.2112,31644473.0,
2024-09-11 17:00:00,0.2111,0.2141,0.2109,0.2116,33548934.0,
2024-09-11 18:00:00,0.2115,0.2158,0.2111,0.2126,40942214.0,
2024-09-11 19:00:00,0.2126,0.213,0.2108,0.2122,19233130.0,
2024-09-11 20:00:00,0.2122,0.2145,0.212,0.2135,9231898.0,
2024-09-11 21:00:00,0.2135,0.2146,0.2122,0.2124,7490261.0,
2024-09-11 22:00:00,0.2125,0.2131,0.2116,0.2125,9023890.0,
2024-09-11 23:00:00,0.2124,0.2126,0.2112,0.2115,11324372.0,
2024-09-12 00:00:00,0.2115,0.2141,0.2111,0.2112,26250937.0,
2024-09-12 01:00:00,0.2113,0.2153,0.2113,0.215,20613374.0,
2024-09-12 02:00:00,0.215,0.2179,0.2133,0.2134,28652793.0,
2024-09-12 03:00:00,0.2134,0.2144,0.2125,0.2125,15298463.0,
2024-09-12 04:00:00,0.2126,0.2147,0.2102,0.2104,34861009.0,
2024-09-12 05:00:00,0.2104,0.2105,0.2082,0.209,30871226.0,
2024-09-12 06:00:00,0.2091,0.2101,0.2082,0.2094,21972485.0,
2024-09-12 07:00:00,0.2094,0.2111,0.2089,0.2094,18676384.0,
2024-09-12 08:00:00,0.2094,0.2103,0.2079,0.2085,21660085.0,
2024-09-12 09:00:00,0.2085,0.2094,0.2072,0.2075,29309469.0,
2024-09-12 10:00:00,0.2075,0.2088,0.2068,0.207,22841013.0,
2024-09-12 11:00:00,0.2069,0.2072,0.2025,0.2044,53891533.0,
2024-09-12 12:00:00,0.2044,0.2068,0.2025,0.2063,55044410.0,
2024-09-12 13:00:00,0.2063,0.2088,0.2056,0.2079,50573716.0,
2024-09-12 14:00:00,0.2079,0.21,0.2037,0.2038,61361794.0,
2024-09-12 15:00:00,0.2038,0.2055,0.202,0.2031,55277285.0,
2024-09-12 16:00:00,0.2031,0.2058,0.2029,0.2052,26048383.0,
2024-09-12 17:00:00,0.2051,0.2063,0.2044,0.206,26588125.0,
2024-09-12 18:00:00,0.206,0.2084,0.2057,0.2072,31527512.0,
2024-09-12 19:00:00,0.2071,0.2093,0.2064,0.2087,27096710.0,
2024-09-12 20:00:00,0.2088,0.2089,0.207,0.2072,14373415.0,
2024-09-12 21:00:00,0.2073,0.2094,0.2069,0.2083,13625436.0,
2024-09-12 22:00:00,0.2083,0.2114,0.2081,0.2113,18052194.0,
2024-09-12 23:00:00,0.2113,0.2129,0.2102,0.2117,26493034.0,
2024-09-13 00:00:00,0.2117,0.2131,0.2111,0.2113,21394304.0,
2024-09-13 01:00:00,0.2112,0.2116,0.2088,0.2101,20213205.0,
2024-09-13 02:00:00,0.2102,0.2104,0.2087,0.2095,8813774.0,
2024-09-13 03:00:00,0.2095,0.21,0.2079,0.2079,11750136.0,
2024-09-13 04:00:00,0.2079,0.2086,0.2073,0.2075,12284584.0,
2024-09-13 05:00:00,0.2076,0.2098,0.2075,0.2095,12279706.0,
2024-09-13 06:00:00,0.2095,0.2096,0.2082,0.2083,16897883.0,
2024-09-13 07:00:00,0.2083,0.2093,0.2073,0.2088,11851733.0,
2024-09-13 08:00:00,0.2088,0.2095,0.2075,0.2077,15537865.0,
2024-09-13 09:00:00,0.2076,0.2105,0.2074,0.2095,15690568.0,
2024-09-13 10:00:00,0.2096,0.2114,0.2092,0.2112,21547247.0,
2024-09-13 11:00:00,0.2112,0.2127,0.2103,0.2106,23968198.0,
2024-09-13 12:00:00,0.2106,0.2123,0.2086,0.2107,40977515.0,
2024-09-13 13:00:00,0.2107,0.2116,0.2054,0.207,53593132.0,
2024-09-13 14:00:00,0.2071,0.2086,0.2056,0.2076,50338548.0,
2024-09-13 15:00:00,0.2076,0.2161,0.2071,0.214,85451969.0,
2024-09-13 16:00:00,0.2139,0.2191,0.2139,0.2188,73621313.0,
2024-09-13 17:00:00,0.2189,0.2221,0.2176,0.2179,48835500.0,
2024-09-13 18:00:00,0.2179,0.2216,0.2178,0.2213,33527252.0,
2024-09-13 19:00:00,0.2212,0.2235,0.221,0.2216,24453103.0,
2024-09-13 20:00:00,0.2215,0.2234,0.2204,0.2206,14302500.0,
2024-09-13 21:00:00,0.2205,0.2234,0.2205,0.2208,26536968.0,
2024-09-13 22:00:00,0.2208,0.2232,0.2208,0.2217,16291639.0,
2024-09-13 23:00:00,0.2217,0.222,0.2177,0.2195,24215240.0,
2024-09-14 00:00:00,0.2196,0.2208,0.2195,0.2204,12951811.0,
2024-09-14 01:00:00,0.2204,0.2244,0.22,0.2232,14250427.0,
2024-09-14 02:00:00,0.2232,0.2255,0.2229,0.2252,22062796.0,
2024-09-14 03:00:00,0.2252,0.2269,0.224,0.2255,9917168.0,
2024-09-14 04:00:00,0.2255,0.2264,0.2245,0.2252,11545141.0,
2024-09-14 05:00:00,0.2252,0.2254,0.2228,0.223,11628907.0,
2024-09-14 06:00:00,0.2229,0.2248,0.2225,0.2238,13537952.0,
2024-09-14 07:00:00,0.2238,0.2245,0.2227,0.2232,10368024.0,
2024-09-14 08:00:00,0.2231,0.2246,0.222,0.2224,16751782.0,
2024-09-14 09:00:00,0.2224,0.2245,0.2217,0.2243,11542293.0,
2024-09-14 10:00:00,0.2242,0.2248,0.2218,0.2227,15686607.0,
2024-09-14 11:00:00,0.2226,0.2228,0.2209,0.2219,15345163.0,
2024-09-14 12:00:00,0.2219,0.2256,0.2211,0.2246,18833980.0,
2024-09-14 13:00:00,0.2246,0.2258,0.2238,0.2244,12439416.0,
2024-09-14 14:00:00,0.2244,0.2247,0.2226,0.2234,21161343.0,
2024-09-14 15:00:00,0.2234,0.2238,0.2214,0.2221,12017804.0,
2024-09-14 16:00:00,0.222,0.2238,0.2215,0.2218,11053701.0,
2024-09-14 17:00:00,0.2218,0.2219,0.2202,0.2207,10055775.0,
2024-09-14 18:00:00,0.2208,0.2211,0.218,0.2209,26034291.0,
2024-09-14 19:00:00,0.221,0.2211,0.2191,0.2194,9085716.0,
2024-09-14 20:00:00,0.2193,0.2211,0.2188,0.2209,11302637.0,
2024-09-14 21:00:00,0.2209,0.2219,0.2204,0.2211,5514123.0,
2024-09-14 22:00:00,0.221,0.222,0.2205,0.2219,6942183.0,
2024-09-14 23:00:00,0.2218,0.2232,0.2217,0.2223,6878503.0,
2024-09-15 00:00:00,0.2222,0.2223,0.2204,0.2206,7741827.0,
2024-09-15 01:00:00,0.2206,0.2247,0.2205,0.2246,14034142.0,
2024-09-15 02:00:00,0.2245,0.2295,0.2245,0.2293,27340128.0,
2024-09-15 03:00:00,0.2292,0.2305,0.2265,0.2271,20845637.0,
2024-09-15 04:00:00,0.227,0.2274,0.2243,0.2248,19410957.0,
2024-09-15 05:00:00,0.2248,0.2255,0.2241,0.2242,9267357.0,
2024-09-15 06:00:00,0.2242,0.2257,0.2242,0.225,8706877.0,
2024-09-15 07:00:00,0.225,0.2266,0.224,0.2265,11992281.0,
2024-09-15 08:00:00,0.2264,0.2267,0.2244,0.2248,12599795.0,
2024-09-15 09:00:00,0.2247,0.2255,0.2235,0.224,8638509.0,
2024-09-15 10:00:00,0.2241,0.2244,0.2223,0.2236,10239235.0,
2024-09-15 11:00:00,0.2235,0.2235,0.2206,0.222,18797298.0,
2024-09-15 12:00:00,0.222,0.2245,0.2216,0.2245,14516127.0,
2024-09-15 13:00:00,0.2244,0.2276,0.224,0.2264,22020409.0,
2024-09-15 14:00:00,0.2264,0.2272,0.2232,0.2261,20406754.0,
2024-09-15 15:00:00,0.2262,0.2275,0.2248,0.2254,16384987.0,
2024-09-15 16:00:00,0.2253,0.226,0.2205,0.2208,17898961.0,
2024-09-15 17:00:00,0.2208,0.2213,0.218,0.2188,24147604.0,
2024-09-15 18:00:00,0.2188,0.2201,0.2166,0.2193,20267986.0,
2024-09-15 19:00:00,0.2193,0.2209,0.2183,0.2189,14133185.0,
2024-09-15 20:00:00,0.2188,0.2192,0.2156,0.2165,20244747.0,
2024-09-15 21:00:00,0.2165,0.2166,0.2125,0.2148,25498091.0,
2024-09-15 22:00:00,0.2149,0.2151,0.2129,0.2137,8055098.0,
2024-09-15 23:00:00,0.2136,0.2137,0.2094,0.2119,34323936.0,
2024-09-16 00:00:00,0.2119,0.2127,0.2101,0.2119,26007990.0,
2024-09-16 01:00:00,0.2119,0.2122,0.2087,0.21,28687897.0,
2024-09-16 02:00:00,0.21,0.2103,0.2062,0.2068,30921136.0,
2024-09-16 03:00:00,0.2069,0.2104,0.2065,0.2103,23513049.0,
2024-09-16 04:00:00,0.2102,0.2102,0.2089,0.2095,10439566.0,
2024-09-16 05:00:00,0.2094,0.2132,0.2093,0.2131,18219377.0,
2024-09-16 06:00:00,0.2132,0.2147,0.2109,0.2111,20647005.0,
2024-09-16 07:00:00,0.2111,0.2134,0.2106,0.2132,12809790.0,
2024-09-16 08:00:00,0.2132,0.2184,0.213,0.2147,26315006.0,
2024-09-16 09:00:00,0.2148,0.2155,0.2109,0.2125,23992692.0,
2024-09-16 10:00:00,0.2125,0.2128,0.21,0.2124,22385411.0,
2024-09-16 11:00:00,0.2124,0.2143,0.2114,0.2131,15972242.0,
2024-09-16 12:00:00,0.213,0.2143,0.2107,0.2118,24473841.0,
2024-09-16 13:00:00,0.2118,0.2164,0.2096,0.2164,40406764.0,
2024-09-16 14:00:00,0.2163,0.2177,0.2109,0.2113,47891724.0,
2024-09-16 15:00:00,0.2113,0.2163,0.2113,0.2123,30901535.0,
2024-09-16 16:00:00,0.2122,0.2132,0.21,0.2106,21766766.0,
2024-09-16 17:00:00,0.2107,0.2143,0.208,0.2137,29561927.0,
2024-09-16 18:00:00,0.2137,0.2138,0.2104,0.2113,19611822.0,
2024-09-16 19:00:00,0.2113,0.2119,0.2095,0.2105,15458217.0,
2024-09-16 20:00:00,0.2105,0.2106,0.2078,0.2079,18712796.0,
2024-09-16 21:00:00,0.2079,0.2096,0.2065,0.2093,16530945.0,
2024-09-16 22:00:00,0.2093,0.2093,0.2062,0.2075,13262941.0,
2024-09-16 23:00:00,0.2076,0.2104,0.2075,0.2093,9423079.0,
2024-09-17 00:00:00,0.2093,0.2101,0.2067,0.2068,17605544.0,
2024-09-17 01:00:00,0.2068,0.2094,0.2051,0.2089,24514539.0,
2024-09-17 02:00:00,0.209,0.2108,0.2078,0.2093,12676489.0,
2024-09-17 03:00:00,0.2092,0.211,0.209,0.2102,7816890.0,
2024-09-17 04:00:00,0.2103,0.2118,0.2099,0.2118,9550387.0,
2024-09-17 05:00:00,0.2118,0.2163,0.2114,0.2153,16396142.0,
2024-09-17 06:00:00,0.2154,0.2156,0.2126,0.2128,15595369.0,
2024-09-17 07:00:00,0.2128,0.2153,0.2122,0.2147,10595171.0,
2024-09-17 08:00:00,0.2148,0.2166,0.2124,0.2127,19927116.0,
2024-09-17 09:00:00,0.2126,0.2127,0.2086,0.2108,38828423.0,
2024-09-17 10:00:00,0.2108,0.2131,0.2107,0.213,17905945.0,
2024-09-17 11:00:00,0.213,0.214,0.2097,0.213,17613081.0,
2024-09-17 12:00:00,0.2131,0.2146,0.2121,0.2134,13265616.0,
2024-09-17 13:00:00,0.2133,0.2159,0.2114,0.2121,24718874.0,
2024-09-17 14:00:00,0.2121,0.221,0.2116,0.2202,69257489.0,
2024-09-17 15:00:00,0.2202,0.2299,0.2201,0.2295,70946187.0,
2024-09-17 16:00:00,0.2296,0.2308,0.2234,0.2248,58763819.0,
2024-09-17 17:00:00,0.2248,0.2265,0.2218,0.2252,32038801.0,
2024-09-17 18:00:00,0.2251,0.2259,0.2205,0.2219,28649841.0,
2024-09-17 19:00:00,0.2218,0.2254,0.2208,0.2232,23764148.0,
2024-09-17 20:00:00,0.2232,0.2255,0.2225,0.2245,17287489.0,
2024-09-17 21:00:00,0.2245,0.2258,0.2239,0.2256,6911597.0,
2024-09-17 22:00:00,0.2255,0.2267,0.2249,0.2255,12247075.0,
2024-09-17 23:00:00,0.2255,0.2279,0.224,0.2276,11221051.0,
2024-09-18 00:00:00,0.2277,0.228,0.2229,0.2268,24633689.0,
2024-09-18 01:00:00,0.2269,0.2289,0.2246,0.2276,19628640.0,
2024-09-18 02:00:00,0.2276,0.2309,0.2259,0.2299,17871481.0,
2024-09-18 03:00:00,0.2298,0.2329,0.2288,0.2301,30105176.0,
2024-09-18 04:00:00,0.2301,0.2323,0.2271,0.2288,26725562.0,
2024-09-18 05:00:00,0.2288,0.2296,0.2267,0.2296,16394534.0,
2024-09-18 06:00:00,0.2296,0.2346,0.2293,0.2336,23338702.0,
2024-09-18 07:00:00,0.2336,0.2345,0.2304,0.2323,18764333.0,
2024-09-18 08:00:00,0.2323,0.2333,0.2286,0.2289,19416716.0,
2024-09-18 09:00:00,0.229,0.2297,0.2236,0.2239,28275195.0,
2024-09-18 10:00:00,0.2238,0.2254,0.2214,0.2243,27206907.0,
2024-09-18 11:00:00,0.2243,0.2257,0.2233,0.2234,12542918.0,
2024-09-18 12:00:00,0.2234,0.2267,0.2228,0.2264,11811206.0,
2024-09-18 13:00:00,0.2264,0.2282,0.2223,0.2231,26038539.0,
2024-09-18 14:00:00,0.2232,0.2257,0.2223,0.2224,20150276.0,
2024-09-18 15:00:00,0.2225,0.2235,0.218,0.2191,25952620.0,
2024-09-18 16:00:00,0.219,0.2233,0.2181,0.2219,33190949.0,
2024-09-18 17:00:00,0.2219,0.2246,0.2192,0.2225,24725717.0,
2024-09-18 18:00:00,0.2224,0.2347,0.2219,0.2319,77415700.0,
2024-09-18 19:00:00,0.2319,0.2337,0.2276,0.2282,56485233.0,
2024-09-18 20:00:00,0.2282,0.2313,0.226,0.2309,22995262.0,
2024-09-18 21:00:00,0.2309,0.2316,0.2288,0.2289,10141761.0,
2024-09-18 22:00:00,0.2288,0.2363,0.2288,0.2347,19682996.0,
2024-09-18 23:00:00,0.2347,0.2427,0.2346,0.2425,40043829.0,
2024-09-19 00:00:00,0.2426,0.2475,0.2408,0.2445,48075994.0,
2024-09-19 01:00:00,0.2444,0.2452,0.2404,0.2441,32627521.0,
2024-09-19 02:00:00,0.2442,0.249,0.2438,0.2489,25042706.0,
2024-09-19 03:00:00,0.2488,0.2528,0.2466,0.252,41478159.0,
2024-09-19 04:00:00,0.252,0.2523,0.2486,0.2509,29211956.0,
2024-09-19 05:00:00,0.2509,0.2551,0.2503,0.251,27292517.0,
2024-09-19 06:00:00,0.251,0.252,0.2485,0.2495,23258781.0,
2024-09-19 07:00:00,0.2495,0.2522,0.2486,0.2512,21567067.0,
2024-09-19 08:00:00,0.2512,0.253,0.2488,0.249,19315949.0,
2024-09-19 09:00:00,0.2491,0.2525,0.2489,0.2503,15390460.0,
2024-09-19 10:00:00,0.2502,0.2515,0.247,0.2489,21473854.0,
2024-09-19 11:00:00,0.2489,0.25,0.2469,0.2496,13582375.0,
2024-09-19 12:00:00,0.2495,0.2508,0.2469,0.2485,25321738.0,
2024-09-19 13:00:00,0.2485,0.2508,0.2466,0.2493,22902293.0,
2024-09-19 14:00:00,0.2494,0.2512,0.2461,0.2466,25350126.0,
2024-09-19 15:00:00,0.2467,0.2495,0.2466,0.2484,14071374.0,
2024-09-19 16:00:00,0.2483,0.2533,0.2481,0.2507,23141985.0,
2024-09-19 17:00:00,0.2507,0.2526,0.2504,0.2513,14523483.0,
2024-09-19 18:00:00,0.2512,0.2524,0.2498,0.2502,9926305.0,
2024-09-19 19:00:00,0.2502,0.2514,0.249,0.2494,10492346.0,
2024-09-19 20:00:00,0.2493,0.2503,0.2485,0.2489,8418759.0,
2024-09-19 21:00:00,0.2487,0.2503,0.247,0.2474,11109234.0,
2024-09-19 22:00:00,0.2474,0.2496,0.2463,0.2494,15945461.0,
2024-09-19 23:00:00,0.2494,0.2502,0.2477,0.2482,10937685.0,
2024-09-20 00:00:00,0.2482,0.2495,0.244,0.2457,20430566.0,
2024-09-20 01:00:00,0.2456,0.2474,0.2415,0.2465,23148261.0,
2024-09-20 02:00:00,0.2466,0.2476,0.2447,0.2472,12683687.0,
2024-09-20 03:00:00,0.2472,0.2548,0.2468,0.2546,25555091.0,
2024-09-20 04:00:00,0.2546,0.2593,0.253,0.2552,50719909.0,
2024-09-20 05:00:00,0.2552,0.2601,0.2546,0.2562,33388063.0,
2024-09-20 06:00:00,0.2561,0.2661,0.255,0.2639,43690769.0,
2024-09-20 07:00:00,0.2638,0.2641,0.2584,0.2603,28341880.0,
2024-09-20 08:00:00,0.2604,0.2607,0.2547,0.2578,24156174.0,
2024-09-20 09:00:00,0.2577,0.2608,0.2572,0.2591,17641854.0,
2024-09-20 10:00:00,0.2591,0.2623,0.2584,0.2605,14102418.0,
2024-09-20 11:00:00,0.2606,0.2607,0.2527,0.2547,29711157.0,
2024-09-20 12:00:00,0.2546,0.2602,0.2545,0.2588,25174358.0,
2024-09-20 13:00:00,0.2587,0.2624,0.2545,0.2573,48959935.0,
2024-09-20 14:00:00,0.2574,0.2661,0.2573,0.2597,55023781.0,
2024-09-20 15:00:00,0.2596,0.2626,0.2565,0.2618,31373923.0,
2024-09-20 16:00:00,0.2619,0.2649,0.2566,0.2575,25275227.0,
2024-09-20 17:00:00,0.2575,0.2577,0.2547,0.256,18174913.0,
2024-09-20 18:00:00,0.2561,0.2579,0.253,0.2576,19363291.0,
2024-09-20 19:00:00,0.2576,0.2586,0.2566,0.2568,8249701.0,
2024-09-20 20:00:00,0.2568,0.2581,0.256,0.257,6016239.0,
2024-09-20 21:00:00,0.2571,0.2626,0.257,0.2617,11937304.0,
2024-09-20 22:00:00,0.2616,0.2633,0.2602,0.2625,9710190.0,
2024-09-20 23:00:00,0.2625,0.2626,0.258,0.2601,16893480.0,
2024-09-21 00:00:00,0.2602,0.2633,0.258,0.2609,23074733.0,
2024-09-21 01:00:00,0.261,0.2613,0.2555,0.2555,17917891.0,
2024-09-21 02:00:00,0.2555,0.2594,0.2552,0.2585,15255681.0,
2024-09-21 03:00:00,0.2584,0.2603,0.256,0.2565,12432606.0,
2024-09-21 04:00:00,0.2565,0.2574,0.251,0.253,22838637.0,
2024-09-21 05:00:00,0.2531,0.2565,0.2526,0.2547,9189893.0,
2024-09-21 06:00:00,0.2547,0.263,0.2547,0.2613,19794058.0,
2024-09-21 07:00:00,0.2612,0.2629,0.2594,0.26,12828870.0,
2024-09-21 08:00:00,0.2601,0.2607,0.2565,0.2576,12436835.0,
2024-09-21 09:00:00,0.2575,0.2596,0.2565,0.2583,11275219.0,
2024-09-21 10:00:00,0.2583,0.2586,0.2558,0.2564,8354880.0,
2024-09-21 11:00:00,0.2563,0.258,0.256,0.2571,7190386.0,
2024-09-21 12:00:00,0.2571,0.2601,0.2565,0.2597,7909190.0,
2024-09-21 13:00:00,0.2596,0.2635,0.2572,0.2624,14360509.0,
2024-09-21 14:00:00,0.2625,0.2745,0.2615,0.2733,54723629.0,
2024-09-21 15:00:00,0.2732,0.2733,0.2662,0.2683,27066703.0,
2024-09-21 16:00:00,0.2683,0.2732,0.2682,0.2719,20408280.0,
2024-09-21 17:00:00,0.272,0.2734,0.2693,0.2723,19915976.0,
2024-09-21 18:00:00,0.2722,0.2796,0.2712,0.2761,28141337.0,
2024-09-21 19:00:00,0.276,0.2865,0.2752,0.2824,44197435.0,
2024-09-21 20:00:00,0.2823,0.2837,0.2791,0.2793,21239239.0,
2024-09-21 21:00:00,0.2792,0.2831,0.2784,0.2824,16480152.0,
2024-09-21 22:00:00,0.2824,0.2843,0.2798,0.2835,10516863.0,
2024-09-21 23:00:00,0.2835,0.2897,0.2831,0.2882,21517624.0,
2024-09-22 00:00:00,0.2881,0.2974,0.2805,0.2973,54110616.0,
2024-09-22 01:00:00,0.2974,0.3043,0.2892,0.2897,74105320.0,
2024-09-22 02:00:00,0.2898,0.291,0.279,0.2806,48511965.0,
2024-09-22 03:00:00,0.2806,0.2819,0.2774,0.2796,25425156.0,
2024-09-22 04:00:00,0.2797,0.2803,0.2772,0.2775,13757519.0,
2024-09-22 05:00:00,0.2775,0.2783,0.2728,0.2733,22289079.0,
2024-09-22 06:00:00,0.2733,0.2754,0.272,0.2725,14988162.0,
2024-09-22 07:00:00,0.2725,0.2739,0.2712,0.2728,10997211.0,
2024-09-22 08:00:00,0.2728,0.2776,0.2723,0.2773,14399241.0,
2024-09-22 09:00:00,0.2774,0.2783,0.2684,0.2692,22940297.0,
2024-09-22 10:00:00,0.2692,0.27,0.2659,0.2698,19671818.0,
2024-09-22 11:00:00,0.2698,0.2722,0.2666,0.2712,19373019.0,
2024-09-22 12:00:00,0.2712,0.2724,0.268,0.2697,13186435.0,
2024-09-22 13:00:00,0.2696,0.271,0.2655,0.2665,16125372.0,
2024-09-22 14:00:00,0.2665,0.2699,0.2653,0.2672,16921113.0,
2024-09-22 15:00:00,0.2671,0.2675,0.2644,0.266,14491247.0,
2024-09-22 16:00:00,0.266,0.2692,0.2623,0.2676,25944101.0,
2024-09-22 17:00:00,0.2675,0.2728,0.2673,0.2724,19508725.0,
2024-09-22 18:00:00,0.2725,0.2735,0.2706,0.2707,22402330.0,
2024-09-22 19:00:00,0.2707,0.2715,0.2669,0.2704,13478025.0,
2024-09-22 20:00:00,0.2704,0.272,0.2696,0.27,9087902.0,
2024-09-22 21:00:00,0.27,0.2711,0.2645,0.2649,10444222.0,
2024-09-22 22:00:00,0.2649,0.2757,0.261,0.275,52035287.0,
2024-09-22 23:00:00,0.2749,0.2756,0.2703,0.274,28882915.0,
2024-09-23 00:00:00,0.274,0.2793,0.266,0.275,49704162.0,
2024-09-23 01:00:00,0.2751,0.2897,0.2751,0.2861,54604063.0,
2024-09-23 02:00:00,0.2861,0.287,0.2814,0.2854,34713805.0,
2024-09-23 03:00:00,0.2854,0.296,0.2846,0.2902,55646883.0,
2024-09-23 04:00:00,0.2902,0.2908,0.2844,0.2853,20358039.0,
2024-09-23 05:00:00,0.2852,0.2899,0.2839,0.2867,16558170.0,
2024-09-23 06:00:00,0.2867,0.2873,0.2833,0.2843,14371414.0,
2024-09-23 07:00:00,0.2843,0.2846,0.2777,0.2781,25392028.0,
2024-09-23 08:00:00,0.2782,0.2788,0.2738,0.2749,21676639.0,
2024-09-23 09:00:00,0.275,0.2809,0.2748,0.2798,15599826.0,
2024-09-23 10:00:00,0.2797,0.2816,0.2775,0.278,13454529.0,
2024-09-23 11:00:00,0.2781,0.2783,0.2744,0.2755,10908524.0,
2024-09-23 12:00:00,0.2754,0.2769,0.2717,0.2731,11755031.0,
2024-09-23 13:00:00,0.2731,0.2762,0.2723,0.2743,16570470.0,
2024-09-23 14:00:00,0.2743,0.2838,0.2739,0.2795,30291081.0,
2024-09-23 15:00:00,0.2796,0.2846,0.2753,0.2817,25488319.0,
2024-09-23 16:00:00,0.2817,0.2862,0.2781,0.2788,28692137.0,
2024-09-23 17:00:00,0.2788,0.2799,0.2766,0.2793,11728723.0,
2024-09-23 18:00:00,0.2794,0.2855,0.2787,0.2838,15280467.0,
2024-09-23 19:00:00,0.2837,0.287,0.2813,0.2821,14269237.0,
2024-09-23 20:00:00,0.2821,0.2839,0.2802,0.281,7893160.0,
2024-09-23 21:00:00,0.281,0.2831,0.2784,0.2808,12382400.0,
2024-09-23 22:00:00,0.2808,0.2808,0.2781,0.2785,5436867.0,
2024-09-23 23:00:00,0.2786,0.2812,0.2773,0.281,7030985.0,
2024-09-24 00:00:00,0.2811,0.2853,0.2777,0.2784,29891453.0,
2024-09-24 01:00:00,0.2786,0.2799,0.2738,0.2769,19304515.0,
2024-09-24 02:00:00,0.2768,0.2807,0.2747,0.2796,15416642.0,
2024-09-24 03:00:00,0.2796,0.2815,0.2788,0.2811,6163106.0,
2024-09-24 04:00:00,0.2811,0.2815,0.2765,0.2775,10136265.0,
2024-09-24 05:00:00,0.2775,0.2837,0.2771,0.2823,20315858.0,
2024-09-24 06:00:00,0.2822,0.2859,0.2812,0.2851,12604869.0,
2024-09-24 07:00:00,0.2851,0.3044,0.2847,0.303,54863294.0,
2024-09-24 08:00:00,0.3031,0.3115,0.2984,0.3066,74590907.0,
2024-09-24 09:00:00,0.3065,0.3069,0.2915,0.2952,55265810.0,
2024-09-24 10:00:00,0.2952,0.3002,0.2938,0.2983,21119832.0,
2024-09-24 11:00:00,0.2983,0.3008,0.2967,0.3002,18279664.0,
2024-09-24 12:00:00,0.3003,0.3077,0.2994,0.3066,31755537.0,
2024-09-24 13:00:00,0.3067,0.3158,0.304,0.3106,45105052.0,
2024-09-24 14:00:00,0.3107,0.3112,0.302,0.3065,58650962.0,
2024-09-24 15:00:00,0.3063,0.3105,0.304,0.3049,29532089.0,
2024-09-24 16:00:00,0.3049,0.3095,0.3045,0.3071,19009476.0,
2024-09-24 17:00:00,0.307,0.3143,0.3063,0.3113,24317428.0,
2024-09-24 18:00:00,0.3113,0.3131,0.31,0.3122,17117718.0,
2024-09-24 19:00:00,0.3122,0.319,0.3117,0.317,18645634.0,
2024-09-24 20:00:00,0.317,0.3259,0.315,0.3245,30957622.0,
2024-09-24 21:00:00,0.3244,0.3259,0.3184,0.3249,30276509.0,
2024-09-24 22:00:00,0.3248,0.33,0.3237,0.3257,61724964.0,
2024-09-24 23:00:00,0.3258,0.327,0.3206,0.3224,20655047.0,
2024-09-25 00:00:00,0.3224,0.3377,0.3224,0.3345,45431055.0,
2024-09-25 01:00:00,0.3344,0.3414,0.3324,0.3341,35256538.0,
2024-09-25 02:00:00,0.3341,0.3383,0.3318,0.3332,19343771.0,
2024-09-25 03:00:00,0.3331,0.3332,0.3252,0.3264,25689256.0,
2024-09-25 04:00:00,0.3265,0.3272,0.318,0.319,26005801.0,
2024-09-25 05:00:00,0.3191,0.321,0.3163,0.3176,14364944.0,
2024-09-25 06:00:00,0.3177,0.3182,0.3104,0.3108,21050663.0,
2024-09-25 07:00:00,0.3108,0.3141,0.3093,0.3111,17212278.0,
2024-09-25 08:00:00,0.3111,0.3139,0.311,0.3137,10698098.0,
2024-09-25 09:00:00,0.3136,0.3191,0.3122,0.3136,17275062.0,
2024-09-25 10:00:00,0.3137,0.3197,0.313,0.3182,18425638.0,
2024-09-25 11:00:00,0.3183,0.322,0.3157,0.3201,11764768.0,
2024-09-25 12:00:00,0.32,0.3201,0.3108,0.3111,17665507.0,
2024-09-25 13:00:00,0.3112,0.313,0.307,0.3124,18546027.0,
2024-09-25 14:00:00,0.3123,0.3171,0.312,0.3165,18856270.0,
2024-09-25 15:00:00,0.3164,0.3176,0.309,0.3091,19261872.0,
2024-09-25 16:00:00,0.3093,0.3132,0.3063,0.3098,23764038.0,
2024-09-25 17:00:00,0.3099,0.3107,0.3063,0.3072,11072847.0,
2024-09-25 18:00:00,0.3072,0.3149,0.3065,0.3135,16904261.0,
2024-09-25 19:00:00,0.3135,0.3178,0.3132,0.3135,10968544.0,
2024-09-25 20:00:00,0.3135,0.3162,0.3129,0.3158,5674401.0,
2024-09-25 21:00:00,0.3158,0.3163,0.3134,0.3136,3841088.0,
2024-09-25 22:00:00,0.3137,0.3142,0.3105,0.3137,9124825.0,
2024-09-25 23:00:00,0.3137,0.3141,0.3104,0.3128,7261792.0,
2024-09-26 00:00:00,0.3128,0.3164,0.3072,0.3098,19348954.0,
2024-09-26 01:00:00,0.31,0.3146,0.3074,0.3141,12875516.0,
2024-09-26 02:00:00,0.314,0.3179,0.3133,0.3174,9780685.0,
2024-09-26 03:00:00,0.3173,0.319,0.3161,0.3179,6238934.0,
2024-09-26 04:00:00,0.3179,0.32,0.3133,0.3138,10975345.0,
2024-09-26 05:00:00,0.3138,0.32,0.3124,0.3194,9375466.0,
2024-09-26 06:00:00,0.3193,0.3218,0.3167,0.3171,10100799.0,
2024-09-26 07:00:00,0.3171,0.3222,0.3161,0.3214,10169323.0,
2024-09-26 08:00:00,0.3214,0.3273,0.3209,0.3244,27745119.0,
2024-09-26 09:00:00,0.3246,0.3353,0.3243,0.3319,35702636.0,
2024-09-26 10:00:00,0.3318,0.3412,0.3289,0.3409,38099736.0,
2024-09-26 11:00:00,0.3409,0.378,0.3405,0.3726,326675018.0,
2024-09-26 12:00:00,0.3725,0.3725,0.3451,0.3476,137320220.0,
2024-09-26 13:00:00,0.3476,0.356,0.3431,0.3495,68927153.0,
2024-09-26 14:00:00,0.3494,0.3678,0.3472,0.3562,82940578.0,
2024-09-26 15:00:00,0.3561,0.366,0.3555,0.3613,41255511.0,
2024-09-26 16:00:00,0.3614,0.3747,0.3594,0.3687,50532247.0,
2024-09-26 17:00:00,0.3688,0.3746,0.362,0.3624,42089831.0,
2024-09-26 18:00:00,0.3623,0.3652,0.3606,0.3646,20801955.0,
2024-09-26 19:00:00,0.3645,0.3718,0.3631,0.3666,24627499.0,
2024-09-26 20:00:00,0.3666,0.3687,0.3593,0.3597,21006512.0,
2024-09-26 21:00:00,0.3597,0.3632,0.3561,0.3611,15978666.0,
2024-09-26 22:00:00,0.361,0.3666,0.361,0.3652,14059870.0,
2024-09-26 23:00:00,0.3651,0.366,0.3576,0.3635,19400037.0,
2024-09-27 00:00:00,0.3636,0.3699,0.361,0.3689,31168889.0,
2024-09-27 01:00:00,0.3688,0.3747,0.3667,0.3714,32094940.0,
2024-09-27 02:00:00,0.3715,0.3763,0.3602,0.3609,39416404.0,
2024-09-27 03:00:00,0.3609,0.3682,0.3601,0.3642,20802012.0,
2024-09-27 04:00:00,0.3643,0.3666,0.3606,0.3632,16390549.0,
2024-09-27 05:00:00,0.3633,0.3661,0.3611,0.3644,14894100.0,
2024-09-27 06:00:00,0.3644,0.3678,0.3542,0.3552,32828598.0,
2024-09-27 07:00:00,0.3553,0.3584,0.3537,0.3551,14954364.0,
2024-09-27 08:00:00,0.3552,0.3609,0.3548,0.3604,17993276.0,
2024-09-27 09:00:00,0.3604,0.3621,0.358,0.3582,13469425.0,
2024-09-27 10:00:00,0.3582,0.3585,0.3475,0.3491,27339976.0,
2024-09-27 11:00:00,0.3491,0.3522,0.3457,0.3478,20592971.0,
2024-09-27 12:00:00,0.3478,0.3539,0.3475,0.3525,20163892.0,
2024-09-27 13:00:00,0.3524,0.3525,0.3471,0.3483,17163443.0,
2024-09-27 14:00:00,0.3484,0.3548,0.3477,0.3503,26304652.0,
2024-09-27 15:00:00,0.3503,0.3552,0.3488,0.3515,19874061.0,
2024-09-27 16:00:00,0.3514,0.36,0.3501,0.359,22946694.0,
2024-09-27 17:00:00,0.359,0.3597,0.3492,0.3523,20631356.0,
2024-09-27 18:00:00,0.3523,0.3533,0.3505,0.3529,6510660.0,
2024-09-27 19:00:00,0.3528,0.3586,0.3527,0.3553,10576686.0,
2024-09-27 20:00:00,0.3553,0.3591,0.3532,0.3568,11971766.0,
2024-09-27 21:00:00,0.3568,0.3583,0.3557,0.3573,6430113.0,
2024-09-27 22:00:00,0.3574,0.3613,0.3556,0.3595,9113471.0,
2024-09-27 23:00:00,0.3595,0.363,0.3581,0.3595,9848052.0,
2024-09-28 00:00:00,0.3594,0.3667,0.3594,0.3662,14756194.0,
2024-09-28 01:00:00,0.3662,0.3694,0.3624,0.3652,18962562.0,
2024-09-28 02:00:00,0.3651,0.373,0.3632,0.3717,20118931.0,
2024-09-28 03:00:00,0.3718,0.3737,0.3635,0.3647,18879542.0,
2024-09-28 04:00:00,0.3647,0.3659,0.36,0.3609,12256561.0,
2024-09-28 05:00:00,0.361,0.3613,0.3553,0.3558,14657007.0,
2024-09-28 06:00:00,0.3557,0.3569,0.3512,0.3545,16440715.0,
2024-09-28 07:00:00,0.3544,0.3582,0.3534,0.3536,8985733.0,
2024-09-28 08:00:00,0.3537,0.3565,0.3515,0.3524,14094628.0,
2024-09-28 09:00:00,0.3525,0.3581,0.3475,0.3568,21624573.0,
2024-09-28 10:00:00,0.3569,0.3641,0.3559,0.3628,15547479.0,
2024-09-28 11:00:00,0.3628,0.3639,0.3594,0.3616,14793729.0,
2024-09-28 12:00:00,0.3617,0.3622,0.3543,0.3544,14825747.0,
2024-09-28 13:00:00,0.3543,0.3548,0.3489,0.3502,15950107.0,
2024-09-28 14:00:00,0.3503,0.3591,0.3499,0.3584,15128532.0,
2024-09-28 15:00:00,0.3584,0.3627,0.3567,0.3573,15326747.0,
2024-09-28 16:00:00,0.3572,0.3587,0.3525,0.3533,13898349.0,
2024-09-28 17:00:00,0.3533,0.3603,0.353,0.3557,8248374.0,
2024-09-28 18:00:00,0.3557,0.359,0.3551,0.3574,7945319.0,
2024-09-28 19:00:00,0.3574,0.3623,0.3571,0.3615,6077081.0,
2024-09-28 20:00:00,0.3616,0.3653,0.3592,0.3598,13762276.0,
2024-09-28 21:00:00,0.3598,0.3611,0.3523,0.3593,14823022.0,
2024-09-28 22:00:00,0.3593,0.3639,0.3573,0.3626,9096669.0,
2024-09-28 23:00:00,0.3625,0.3698,0.3615,0.3688,15428651.0,
2024-09-29 00:00:00,0.3689,0.3724,0.3634,0.3642,27826184.0,
2024-09-29 01:00:00,0.3643,0.3676,0.3625,0.3633,17353869.0,
2024-09-29 02:00:00,0.3633,0.3746,0.3633,0.368,24945741.0,
2024-09-29 03:00:00,0.3681,0.378,0.365,0.3768,20820738.0,
2024-09-29 04:00:00,0.3767,0.3771,0.3675,0.3698,22792747.0,
2024-09-29 05:00:00,0.3699,0.3767,0.3626,0.3633,35979958.0,
2024-09-29 06:00:00,0.3634,0.3661,0.3578,0.3598,24878821.0,
2024-09-29 07:00:00,0.3599,0.362,0.3538,0.3551,20733111.0,
2024-09-29 08:00:00,0.3551,0.3628,0.3549,0.3593,18799888.0,
2024-09-29 09:00:00,0.3594,0.3641,0.3594,0.3604,11156315.0,
2024-09-29 10:00:00,0.3605,0.3628,0.3575,0.3598,12024943.0,
2024-09-29 11:00:00,0.3597,0.3627,0.3578,0.3593,7780347.0,
2024-09-29 12:00:00,0.3593,0.3608,0.3497,0.3507,21715420.0,
2024-09-29 13:00:00,0.3507,0.3565,0.3482,0.3551,24137533.0,
2024-09-29 14:00:00,0.355,0.3598,0.3534,0.3565,14372395.0,
2024-09-29 15:00:00,0.3565,0.3672,0.3542,0.3669,21003303.0,
2024-09-29 16:00:00,0.367,0.3895,0.3669,0.3877,63437954.0,
2024-09-29 17:00:00,0.3878,0.3981,0.3831,0.394,78729473.0,
2024-09-29 18:00:00,0.394,0.3984,0.389,0.39,31221132.0,
2024-09-29 19:00:00,0.3901,0.3949,0.3872,0.3947,22631584.0,
2024-09-29 20:00:00,0.3946,0.3961,0.3858,0.3882,30325637.0,
2024-09-29 21:00:00,0.3881,0.394,0.3875,0.3938,10807016.0,
2024-09-29 22:00:00,0.3938,0.3958,0.3893,0.3926,15621991.0,
2024-09-29 23:00:00,0.3927,0.3936,0.3871,0.3881,16748141.0,
2024-09-30 00:00:00,0.3881,0.3945,0.382,0.3928,31499180.0,
2024-09-30 01:00:00,0.3928,0.3945,0.3775,0.3781,28412318.0,
2024-09-30 02:00:00,0.3781,0.384,0.3729,0.3735,28870729.0,
2024-09-30 03:00:00,0.3735,0.3893,0.3705,0.3863,38039850.0,
2024-09-30 04:00:00,0.3862,0.3943,0.3789,0.3923,34058544.0,
2024-09-30 05:00:00,0.3923,0.3945,0.3864,0.3886,25024834.0,
2024-09-30 06:00:00,0.3887,0.408,0.3887,0.4032,75801523.0,
2024-09-30 07:00:00,0.4033,0.422,0.4026,0.4178,96318908.0,
2024-09-30 08:00:00,0.4179,0.4191,0.4053,0.4057,71742979.0,
2024-09-30 09:00:00,0.4059,0.407,0.3946,0.3948,62251253.0,
2024-09-30 10:00:00,0.3948,0.4026,0.394,0.3968,50024037.0,
2024-09-30 11:00:00,0.3968,0.4034,0.3951,0.4012,34112557.0,
2024-09-30 12:00:00,0.4012,0.4022,0.3948,0.3997,32773034.0,
2024-09-30 13:00:00,0.3996,0.4008,0.391,0.3931,34736332.0,
2024-09-30 14:00:00,0.393,0.3936,0.3861,0.389,36324866.0,
2024-09-30 15:00:00,0.389,0.3905,0.3806,0.3818,37403411.0,
2024-09-30 16:00:00,0.3818,0.3886,0.381,0.3837,26526429.0,
2024-09-30 17:00:00,0.3837,0.3872,0.3829,0.3843,12817782.0,
2024-09-30 18:00:00,0.3844,0.3844,0.3778,0.3822,16942939.0,
2024-09-30 19:00:00,0.3822,0.3837,0.3804,0.3819,7356862.0,
2024-09-30 20:00:00,0.3819,0.3859,0.3811,0.384,12210765.0,
2024-09-30 21:00:00,0.384,0.3849,0.3764,0.3769,12830930.0,
2024-09-30 22:00:00,0.377,0.3796,0.371,0.3715,28817740.0,
2024-09-30 23:00:00,0.3716,0.3737,0.3634,0.3667,45546691.0,
2024-10-01 00:00:00,0.3667,0.3834,0.3666,0.3808,48882513.0,
2024-10-01 01:00:00,0.3808,0.3887,0.3793,0.3855,26295199.0,
2024-10-01 02:00:00,0.3855,0.3868,0.3801,0.3819,15877012.0,
2024-10-01 03:00:00,0.382,0.3963,0.3813,0.3935,30550606.0,
2024-10-01 04:00:00,0.3936,0.3968,0.3878,0.391,25925023.0,
2024-10-01 05:00:00,0.3911,0.3918,0.383,0.3833,17194061.0,
2024-10-01 06:00:00,0.3833,0.3894,0.3812,0.3842,17786169.0,
2024-10-01 07:00:00,0.3842,0.3869,0.3811,0.3819,14141150.0,
2024-10-01 08:00:00,0.382,0.3839,0.3762,0.3782,21656048.0,
2024-10-01 09:00:00,0.3783,0.3821,0.3776,0.3781,9088622.0,
2024-10-01 10:00:00,0.3781,0.3827,0.3778,0.3814,8466704.0,
2024-10-01 11:00:00,0.3814,0.3833,0.377,0.3786,9479482.0,
2024-10-01 12:00:00,0.3787,0.3798,0.3742,0.3761,9630089.0,
2024-10-01 13:00:00,0.376,0.3764,0.362,0.3661,40183849.0,
2024-10-01 14:00:00,0.3661,0.3688,0.3529,0.3557,52729104.0,
2024-10-01 15:00:00,0.3557,0.373,0.3441,0.3708,85551187.0,
2024-10-01 16:00:00,0.3708,0.375,0.3613,0.3683,53794555.0,
2024-10-01 17:00:00,0.3683,0.3708,0.34,0.3666,91943113.0,
2024-10-01 18:00:00,0.3666,0.3714,0.3615,0.3621,27088136.0,
2024-10-01 19:00:00,0.362,0.363,0.3545,0.3549,26122862.0,
2024-10-01 20:00:00,0.3551,0.3652,0.3506,0.3617,35125612.0,
2024-10-01 21:00:00,0.3618,0.3646,0.355,0.3602,15286156.0,
2024-10-01 22:00:00,0.3601,0.3602,0.3499,0.3526,17596553.0,
2024-10-01 23:00:00,0.3526,0.3583,0.3513,0.3541,15019237.0,
2024-10-02 00:00:00,0.3541,0.3665,0.3534,0.3571,28351067.0,
2024-10-02 01:00:00,0.3571,0.3645,0.3562,0.3625,14737379.0,
2024-10-02 02:00:00,0.3624,0.3664,0.3602,0.3646,14093589.0,
2024-10-02 03:00:00,0.3644,0.368,0.3599,0.3607,11118366.0,
2024-10-02 04:00:00,0.3606,0.3612,0.3538,0.3571,11428358.0,
2024-10-02 05:00:00,0.3571,0.3599,0.3537,0.3548,10724590.0,
2024-10-02 06:00:00,0.3547,0.3729,0.3523,0.3696,27707868.0,
2024-10-02 07:00:00,0.3697,0.3767,0.3634,0.3707,24417821.0,
2024-10-02 08:00:00,0.3707,0.383,0.3695,0.3778,25719362.0,
2024-10-02 09:00:00,0.3778,0.379,0.3608,0.3626,27890088.0,
2024-10-02 10:00:00,0.3625,0.3705,0.3597,0.3599,21318430.0,
2024-10-02 11:00:00,0.36,0.3642,0.3554,0.3579,24075448.0,
2024-10-02 12:00:00,0.358,0.367,0.3525,0.353,35108058.0,
2024-10-02 13:00:00,0.353,0.3534,0.3338,0.3411,77354988.0,
2024-10-02 14:00:00,0.3411,0.3489,0.3339,0.334,45795112.0,
2024-10-02 15:00:00,0.3341,0.3461,0.3328,0.3444,39818459.0,
2024-10-02 16:00:00,0.3444,0.3567,0.3432,0.3437,38222159.0,
2024-10-02 17:00:00,0.3438,0.3476,0.3396,0.3428,27856097.0,
2024-10-02 18:00:00,0.3429,0.3443,0.3248,0.3255,37461907.0,
2024-10-02 19:00:00,0.3254,0.3317,0.3203,0.3289,46794280.0,
2024-10-02 20:00:00,0.3289,0.3355,0.3242,0.3331,21835401.0,
2024-10-02 21:00:00,0.3332,0.3356,0.3276,0.3278,10725258.0,
2024-10-02 22:00:00,0.3279,0.3279,0.3224,0.327,14424664.0,
2024-10-02 23:00:00,0.3269,0.3285,0.3201,0.3203,20361725.0,
2024-10-03 00:00:00,0.3203,0.3321,0.3191,0.3265,32580198.0,
2024-10-03 01:00:00,0.3265,0.3335,0.3248,0.3272,22837803.0,
2024-10-03 02:00:00,0.3271,0.3305,0.3202,0.3204,13372450.0,
2024-10-03 03:00:00,0.3203,0.3204,0.301,0.3055,52689971.0,
2024-10-03 04:00:00,0.3055,0.3149,0.3047,0.3111,31053337.0,
2024-10-03 05:00:00,0.3111,0.3195,0.3102,0.3141,29894763.0,
2024-10-03 06:00:00,0.314,0.3157,0.31,0.3114,14197810.0,
2024-10-03 07:00:00,0.3114,0.312,0.3013,0.3016,27932778.0,
2024-10-03 08:00:00,0.3016,0.3026,0.2925,0.2931,51390461.0,
2024-10-03 09:00:00,0.2931,0.302,0.2879,0.3008,55877158.0,
2024-10-03 10:00:00,0.3008,0.3056,0.2977,0.3047,28575205.0,
2024-10-03 11:00:00,0.3048,0.3057,0.2969,0.2981,30959307.0,
2024-10-03 12:00:00,0.298,0.3012,0.2951,0.2978,31184667.0,
2024-10-03 13:00:00,0.2979,0.3032,0.2926,0.2982,43810035.0,
2024-10-03 14:00:00,0.2982,0.3033,0.286,0.2866,57623029.0,
2024-10-03 15:00:00,0.2867,0.2942,0.2823,0.2922,72203167.0,
2024-10-03 16:00:00,0.2923,0.2928,0.2752,0.2756,82193905.0,
2024-10-03 17:00:00,0.2757,0.2867,0.273,0.286,55465553.0,
2024-10-03 18:00:00,0.286,0.289,0.283,0.2865,33899648.0,
2024-10-03 19:00:00,0.2865,0.2887,0.2836,0.2871,28122345.0,
2024-10-03 20:00:00,0.2871,0.2877,0.2798,0.2808,31784292.0,
2024-10-03 21:00:00,0.2808,0.2843,0.2775,0.2832,20911816.0,
2024-10-03 22:00:00,0.2832,0.2837,0.2792,0.2805,16094616.0,
2024-10-03 23:00:00,0.2805,0.2829,0.2777,0.2792,14431101.0,
2024-10-04 00:00:00,0.2792,0.284,0.2776,0.279,39235973.0,
2024-10-04 01:00:00,0.2791,0.2913,0.2787,0.2865,34237317.0,
2024-10-04 02:00:00,0.2866,0.2879,0.2818,0.2822,16764859.0,
2024-10-04 03:00:00,0.2823,0.2836,0.2801,0.2835,14410094.0,
2024-10-04 04:00:00,0.2835,0.2908,0.2832,0.287,19168489.0,
2024-10-04 05:00:00,0.2871,0.2916,0.2866,0.2903,14831153.0,
2024-10-04 06:00:00,0.2903,0.2918,0.2861,0.2861,16433730.0,
2024-10-04 07:00:00,0.2861,0.2908,0.2855,0.2888,15117752.0,
2024-10-04 08:00:00,0.2887,0.2956,0.2881,0.2916,26494353.0,
2024-10-04 09:00:00,0.2915,0.2963,0.2876,0.2885,21084349.0,
2024-10-04 10:00:00,0.2884,0.2911,0.2866,0.2871,16620157.0,
2024-10-04 11:00:00,0.2871,0.29,0.2851,0.2894,22499533.0,
2024-10-04 12:00:00,0.2893,0.2929,0.282,0.2926,51704934.0,
2024-10-04 13:00:00,0.2925,0.2948,0.2851,0.2885,38489502.0,
2024-10-04 14:00:00,0.2884,0.29,0.2831,0.2887,36638351.0,
2024-10-04 15:00:00,0.2887,0.295,0.2871,0.2928,41790226.0,
2024-10-04 16:00:00,0.2928,0.2979,0.2901,0.2933,38443344.0,
2024-10-04 17:00:00,0.2932,0.3026,0.2927,0.3009,32708423.0,
2024-10-04 18:00:00,0.3009,0.303,0.2975,0.3008,23467268.0,
2024-10-04 19:00:00,0.3008,0.3131,0.2999,0.3115,41337068.0,
2024-10-04 20:00:00,0.3115,0.3213,0.3078,0.3187,54377748.0,
2024-10-04 21:00:00,0.3187,0.3208,0.3126,0.3134,20916241.0,
2024-10-04 22:00:00,0.3135,0.3175,0.3104,0.3117,20374917.0,
2024-10-04 23:00:00,0.3117,0.3117,0.3081,0.3094,12812457.0,
2024-10-05 00:00:00,0.3093,0.3215,0.3093,0.3167,37769272.0,
2024-10-05 01:00:00,0.3167,0.3175,0.3109,0.3118,15556631.0,
2024-10-05 02:00:00,0.3119,0.3121,0.301,0.3013,23223327.0,
2024-10-05 03:00:00,0.3014,0.3031,0.298,0.2985,25065705.0,
2024-10-05 04:00:00,0.2984,0.3026,0.2982,0.2996,12137865.0,
2024-10-05 05:00:00,0.2995,0.3059,0.2994,0.3049,14210315.0,
2024-10-05 06:00:00,0.3049,0.3077,0.3018,0.3075,12324967.0,
2024-10-05 07:00:00,0.3076,0.3083,0.2997,0.3003,16091583.0,
2024-10-05 08:00:00,0.3002,0.3039,0.2999,0.3008,15866455.0,
2024-10-05 09:00:00,0.3007,0.3032,0.3003,0.3021,10878554.0,
2024-10-05 10:00:00,0.3022,0.3028,0.2972,0.2985,18968420.0,
2024-10-05 11:00:00,0.2986,0.3006,0.2976,0.299,8208768.0,
2024-10-05 12:00:00,0.299,0.3011,0.2982,0.3008,11413493.0,
2024-10-05 13:00:00,0.3008,0.3018,0.2925,0.2938,29665200.0,
2024-10-05 14:00:00,0.2938,0.295,0.2914,0.293,19923764.0,
2024-10-05 15:00:00,0.2931,0.2939,0.2904,0.2915,11845376.0,
2024-10-05 16:00:00,0.2916,0.2916,0.2799,0.2804,43143784.0,
2024-10-05 17:00:00,0.2804,0.2822,0.2798,0.2805,18867137.0,
2024-10-05 18:00:00,0.2804,0.2816,0.2765,0.2774,24725842.0,
2024-10-05 19:00:00,0.2775,0.2782,0.2752,0.2756,16037228.0,
2024-10-05 20:00:00,0.2756,0.2788,0.274,0.2772,19889278.0,
2024-10-05 21:00:00,0.2771,0.2822,0.277,0.2796,23340553.0,
2024-10-05 22:00:00,0.2796,0.2895,0.2794,0.2878,23778141.0,
2024-10-05 23:00:00,0.2877,0.2877,0.2851,0.286,12409718.0,
2024-10-06 00:00:00,0.2861,0.2878,0.2843,0.2852,14969852.0,
2024-10-06 01:00:00,0.2853,0.2906,0.2846,0.2889,14912181.0,
2024-10-06 02:00:00,0.2889,0.289,0.2848,0.2848,11533006.0,
2024-10-06 03:00:00,0.2848,0.2896,0.2842,0.2857,16052552.0,
2024-10-06 04:00:00,0.2858,0.288,0.2848,0.2863,10809072.0,
2024-10-06 05:00:00,0.2863,0.2876,0.2848,0.2861,13187300.0,
2024-10-06 06:00:00,0.2861,0.287,0.2836,0.2843,11502142.0,
2024-10-06 07:00:00,0.2842,0.2879,0.2841,0.2845,10019750.0,
2024-10-06 08:00:00,0.2844,0.2862,0.2825,0.2839,13345054.0,
2024-10-06 09:00:00,0.2839,0.2851,0.2832,0.2835,10439123.0,
2024-10-06 10:00:00,0.2835,0.2848,0.2832,0.2835,7149161.0,
2024-10-06 11:00:00,0.2834,0.2895,0.2834,0.2889,13758428.0,
2024-10-06 12:00:00,0.2889,0.2919,0.2868,0.2914,17417821.0,
2024-10-06 13:00:00,0.2914,0.2941,0.2885,0.2888,22741366.0,
2024-10-06 14:00:00,0.2888,0.3025,0.2873,0.3011,40295604.0,
2024-10-06 15:00:00,0.301,0.302,0.2895,0.292,43796292.0,
2024-10-06 16:00:00,0.2919,0.2972,0.2906,0.2907,30637332.0,
2024-10-06 17:00:00,0.2907,0.2989,0.2904,0.2915,26102622.0,
2024-10-06 18:00:00,0.2915,0.2939,0.2901,0.2916,11674482.0,
2024-10-06 19:00:00,0.2916,0.2951,0.288,0.2885,16122269.0,
2024-10-06 20:00:00,0.2885,0.2918,0.2882,0.2902,9934750.0,
2024-10-06 21:00:00,0.2903,0.2917,0.2852,0.2853,13879385.0,
2024-10-06 22:00:00,0.2854,0.2917,0.2854,0.2916,11584026.0,
2024-10-06 23:00:00,0.2916,0.297,0.2915,0.2945,17677094.0,
2024-10-07 00:00:00,0.2944,0.3018,0.291,0.3009,37841049.0,
2024-10-07 01:00:00,0.3008,0.3069,0.2987,0.3061,29728035.0,
2024-10-07 02:00:00,0.3061,0.3131,0.3045,0.3102,39574863.0,
2024-10-07 03:00:00,0.3102,0.3118,0.3029,0.3087,27306449.0,
2024-10-07 04:00:00,0.3086,0.3113,0.3002,0.3007,35617947.0,
2024-10-07 05:00:00,0.3007,0.3027,0.294,0.2943,27629715.0,
2024-10-07 06:00:00,0.2942,0.3002,0.2938,0.2976,22117697.0,
2024-10-07 07:00:00,0.2977,0.2989,0.2951,0.2955,12686653.0,
2024-10-07 08:00:00,0.2955,0.301,0.2955,0.2995,22302376.0,
2024-10-07 09:00:00,0.2995,0.2996,0.2883,0.2893,39740570.0,
2024-10-07 10:00:00,0.2894,0.2895,0.2824,0.2845,37802145.0,
2024-10-07 11:00:00,0.2845,0.2916,0.2839,0.2887,39727533.0,
2024-10-07 12:00:00,0.2886,0.2888,0.2852,0.2857,17337352.0,
2024-10-07 13:00:00,0.2857,0.2957,0.2852,0.2941,30691058.0,
2024-10-07 14:00:00,0.2941,0.311,0.2941,0.304,85956992.0,
2024-10-07 15:00:00,0.3039,0.3068,0.2984,0.2989,41744162.0,
2024-10-07 16:00:00,0.2989,0.302,0.2954,0.3007,26044317.0,
2024-10-07 17:00:00,0.3007,0.3041,0.2976,0.3014,20644065.0,
2024-10-07 18:00:00,0.3013,0.3039,0.2912,0.2923,34877670.0,
2024-10-07 19:00:00,0.2924,0.2982,0.292,0.2964,22651949.0,
2024-10-07 20:00:00,0.2964,0.2968,0.2886,0.2888,16020347.0,
2024-10-07 21:00:00,0.2889,0.2934,0.2877,0.2929,12786812.0,
2024-10-07 22:00:00,0.2929,0.2944,0.2872,0.2877,18714723.0,
2024-10-07 23:00:00,0.2877,0.2896,0.2832,0.284,26847152.0,
2024-10-08 00:00:00,0.2841,0.2889,0.2833,0.2877,16722784.0,
2024-10-08 01:00:00,0.2877,0.2897,0.2841,0.2873,14937133.0,
2024-10-08 02:00:00,0.2872,0.2908,0.2843,0.2908,13722645.0,
2024-10-08 03:00:00,0.2907,0.291,0.2863,0.2878,15361972.0,
2024-10-08 04:00:00,0.2879,0.2907,0.2856,0.2891,18438943.0,
2024-10-08 05:00:00,0.2891,0.29,0.2807,0.2834,30415206.0,
2024-10-08 06:00:00,0.2835,0.2854,0.28,0.2838,21171901.0,
2024-10-08 07:00:00,0.2837,0.2838,0.2778,0.2808,22050756.0,
2024-10-08 08:00:00,0.2809,0.2848,0.2788,0.2848,16735309.0,
2024-10-08 09:00:00,0.2849,0.2866,0.2827,0.2857,17648258.0,
2024-10-08 10:00:00,0.2857,0.287,0.2822,0.2827,12843566.0,
2024-10-08 11:00:00,0.2827,0.284,0.281,0.2831,11605935.0,
2024-10-08 12:00:00,0.283,0.2837,0.2774,0.2792,19393506.0,
2024-10-08 13:00:00,0.2793,0.284,0.276,0.2835,32259293.0,
2024-10-08 14:00:00,0.2835,0.2867,0.2759,0.2788,41151613.0,
2024-10-08 15:00:00,0.2788,0.2793,0.2681,0.2727,57074075.0,
2024-10-08 16:00:00,0.2728,0.2783,0.2695,0.278,27376161.0,
2024-10-08 17:00:00,0.2781,0.2784,0.2732,0.2763,20591961.0,
2024-10-08 18:00:00,0.2763,0.2835,0.2758,0.2787,39643785.0,
2024-10-08 19:00:00,0.2786,0.2903,0.2763,0.2834,50346143.0,
2024-10-08 20:00:00,0.2834,0.2866,0.282,0.2855,16526732.0,
2024-10-08 21:00:00,0.2855,0.2896,0.2846,0.2887,13911933.0,
2024-10-08 22:00:00,0.2887,0.2902,0.2823,0.2824,17724138.0,
2024-10-08 23:00:00,0.2824,0.2831,0.28,0.2824,13113556.0,
2024-10-09 00:00:00,0.2824,0.2849,0.2802,0.2826,17273009.0,
2024-10-09 01:00:00,0.2826,0.2876,0.2813,0.2835,18742054.0,
2024-10-09 02:00:00,0.2835,0.2839,0.2797,0.28,14592223.0,
2024-10-09 03:00:00,0.2799,0.2828,0.2779,0.2812,16889971.0,
2024-10-09 04:00:00,0.2811,0.2843,0.28,0.2813,9440228.0,
2024-10-09 05:00:00,0.2813,0.2893,0.281,0.288,14661295.0,
2024-10-09 06:00:00,0.288,0.2885,0.2832,0.2841,15077610.0,
2024-10-09 07:00:00,0.2841,0.2841,0.2793,0.2819,17911741.0,
2024-10-09 08:00:00,0.2818,0.2844,0.2812,0.283,9654019.0,
2024-10-09 09:00:00,0.2831,0.2862,0.2819,0.2856,8901367.0,
2024-10-09 10:00:00,0.2855,0.286,0.2816,0.2823,11525501.0,
2024-10-09 11:00:00,0.2822,0.2873,0.2815,0.2858,10144511.0,
2024-10-09 12:00:00,0.2858,0.286,0.2761,0.2792,29893634.0,
2024-10-09 13:00:00,0.2791,0.2802,0.274,0.2745,35474835.0,
2024-10-09 14:00:00,0.2746,0.277,0.2717,0.2734,27395203.0,
2024-10-09 15:00:00,0.2734,0.2858,0.2731,0.283,43135774.0,
2024-10-09 16:00:00,0.2831,0.2844,0.2759,0.2768,23943867.0,
2024-10-09 17:00:00,0.2767,0.2784,0.2743,0.2754,14785000.0,
2024-10-09 18:00:00,0.2753,0.2762,0.2709,0.273,29040115.0,
2024-10-09 19:00:00,0.2731,0.2742,0.2697,0.2702,17009070.0,
2024-10-09 20:00:00,0.2702,0.2702,0.2641,0.2658,42603675.0,
2024-10-09 21:00:00,0.2658,0.2716,0.2649,0.2712,14334074.0,
2024-10-09 22:00:00,0.2711,0.2712,0.2674,0.2687,13620254.0,
2024-10-09 23:00:00,0.2686,0.2694,0.2666,0.2668,6704185.0,
2024-10-10 00:00:00,0.2668,0.2683,0.264,0.2667,14601967.0,
2024-10-10 01:00:00,0.2666,0.27,0.2665,0.2673,12134408.0,
2024-10-10 02:00:00,0.2673,0.2688,0.267,0.2681,6033712.0,
2024-10-10 03:00:00,0.2681,0.2711,0.2673,0.2674,8629906.0,
2024-10-10 04:00:00,0.2674,0.2679,0.266,0.2667,7450450.0,
2024-10-10 05:00:00,0.2667,0.2727,0.2662,0.2709,9754737.0,
2024-10-10 06:00:00,0.2709,0.2776,0.2707,0.2765,26853953.0,
2024-10-10 07:00:00,0.2764,0.2784,0.2743,0.2745,15871586.0,
2024-10-10 08:00:00,0.2745,0.2783,0.2721,0.2746,22029738.0,
2024-10-10 09:00:00,0.2745,0.275,0.2686,0.2703,25582636.0,
2024-10-10 10:00:00,0.2703,0.2789,0.2701,0.2769,25199639.0,
2024-10-10 11:00:00,0.277,0.2775,0.272,0.274,19417341.0,
2024-10-10 12:00:00,0.274,0.2743,0.2665,0.2682,35949664.0,
2024-10-10 13:00:00,0.2682,0.2754,0.267,0.2702,35966055.0,
2024-10-10 14:00:00,0.2702,0.2755,0.2666,0.272,38804617.0,
2024-10-10 15:00:00,0.2721,0.2744,0.2665,0.2709,25403365.0,
2024-10-10 16:00:00,0.271,0.2735,0.2611,0.2617,52013428.0,
2024-10-10 17:00:00,0.2618,0.263,0.2555,0.2582,49075166.0,
2024-10-10 18:00:00,0.2581,0.2698,0.2565,0.2693,53111703.0,
2024-10-10 19:00:00,0.2693,0.2713,0.2674,0.2691,22428290.0,
2024-10-10 20:00:00,0.2692,0.2716,0.2676,0.2687,16780618.0,
2024-10-10 21:00:00,0.2687,0.2719,0.2676,0.2708,9198896.0,
2024-10-10 22:00:00,0.2708,0.2728,0.2672,0.27,17307715.0,
2024-10-10 23:00:00,0.27,0.2727,0.2696,0.2708,9688107.0,
2024-10-11 00:00:00,0.2707,0.2735,0.2698,0.2698,11327026.0,
2024-10-11 01:00:00,0.2699,0.2754,0.2689,0.2741,9439122.0,
2024-10-11 02:00:00,0.2742,0.277,0.2722,0.2733,16542500.0,
2024-10-11 03:00:00,0.2734,0.2739,0.2706,0.2709,9612705.0,
2024-10-11 04:00:00,0.2709,0.272,0.2684,0.269,11589093.0,
2024-10-11 05:00:00,0.269,0.2704,0.268,0.2688,6835407.0,
2024-10-11 06:00:00,0.2688,0.2742,0.2688,0.2723,15455741.0,
2024-10-11 07:00:00,0.2724,0.2731,0.2696,0.2698,14836271.0,
2024-10-11 08:00:00,0.2698,0.2724,0.2692,0.2709,15691602.0,
2024-10-11 09:00:00,0.2709,0.2768,0.2707,0.2745,16346874.0,
2024-10-11 10:00:00,0.2746,0.2772,0.2741,0.2763,17052438.0,
2024-10-11 11:00:00,0.2762,0.2787,0.2746,0.2786,18211423.0,
2024-10-11 12:00:00,0.2786,0.2838,0.2783,0.2807,39142986.0,
2024-10-11 13:00:00,0.2807,0.2841,0.2775,0.2835,25892136.0,
2024-10-11 14:00:00,0.2835,0.2886,0.2819,0.2879,43637820.0,
2024-10-11 15:00:00,0.2878,0.3303,0.2871,0.3247,292634479.0,
2024-10-11 16:00:00,0.3248,0.3456,0.324,0.3435,255253999.0,
2024-10-11 17:00:00,0.3435,0.3438,0.3285,0.3323,139263679.0,
2024-10-11 18:00:00,0.3324,0.3391,0.3285,0.3379,71796796.0,
2024-10-11 19:00:00,0.3379,0.3416,0.335,0.3369,55523516.0,
2024-10-11 20:00:00,0.3369,0.3394,0.3329,0.3391,33241269.0,
2024-10-11 21:00:00,0.3391,0.3396,0.3337,0.3392,24478445.0,
2024-10-11 22:00:00,0.3393,0.3463,0.3381,0.3412,57140674.0,
2024-10-11 23:00:00,0.3412,0.3438,0.3386,0.3431,32971277.0,
2024-10-12 00:00:00,0.3431,0.3489,0.3409,0.3418,55242626.0,
2024-10-12 01:00:00,0.3418,0.345,0.3357,0.3401,43191518.0,
2024-10-12 02:00:00,0.3402,0.3421,0.3378,0.3409,22341096.0,
2024-10-12 03:00:00,0.341,0.343,0.333,0.3365,33018800.0,
2024-10-12 04:00:00,0.3365,0.3374,0.3314,0.3341,26685794.0,
2024-10-12 05:00:00,0.3341,0.3382,0.3335,0.3348,19509269.0,
2024-10-12 06:00:00,0.3349,0.3397,0.3336,0.3339,26690331.0,
2024-10-12 07:00:00,0.334,0.3382,0.3336,0.3345,15544574.0,
2024-10-12 08:00:00,0.3346,0.3405,0.3338,0.3389,25825348.0,
2024-10-12 09:00:00,0.3388,0.3404,0.3286,0.3302,48562313.0,
2024-10-12 10:00:00,0.3302,0.3354,0.3263,0.3306,51034389.0,
2024-10-12 11:00:00,0.3306,0.3336,0.3293,0.3315,25279407.0,
2024-10-12 12:00:00,0.3314,0.3336,0.329,0.33,23419992.0,
2024-10-12 13:00:00,0.3299,0.3344,0.3283,0.3306,31162081.0,
2024-10-12 14:00:00,0.3306,0.3358,0.3301,0.3338,42106634.0,
2024-10-12 15:00:00,0.3337,0.3371,0.3294,0.3307,47567028.0,
2024-10-12 16:00:00,0.3308,0.3349,0.3299,0.33,23081604.0,
2024-10-12 17:00:00,0.33,0.3314,0.3285,0.3289,20794712.0,
2024-10-12 18:00:00,0.3288,0.3303,0.3227,0.3249,30697769.0,
2024-10-12 19:00:00,0.3249,0.3319,0.3236,0.3292,27258025.0,
2024-10-12 20:00:00,0.3292,0.3294,0.3263,0.3264,13403363.0,
2024-10-12 21:00:00,0.3263,0.3304,0.3263,0.3269,11358256.0,
2024-10-12 22:00:00,0.3269,0.3302,0.3255,0.329,14239799.0,
2024-10-12 23:00:00,0.3289,0.3319,0.3285,0.3292,13901654.0,
2024-10-13 00:00:00,0.3293,0.3329,0.3274,0.328,17501881.0,
2024-10-13 01:00:00,0.3279,0.3279,0.3227,0.3264,27172927.0,
2024-10-13 02:00:00,0.3265,0.3319,0.3255,0.3314,15792753.0,
2024-10-13 03:00:00,0.3314,0.3329,0.3256,0.327,17106002.0,
2024-10-13 04:00:00,0.3269,0.3307,0.3261,0.3299,10303001.0,
2024-10-13 05:00:00,0.3299,0.3379,0.3293,0.3328,50427618.0,
2024-10-13 06:00:00,0.3327,0.3436,0.3322,0.3386,45250072.0,
2024-10-13 07:00:00,0.3386,0.3405,0.3312,0.3342,28935340.0,
2024-10-13 08:00:00,0.3342,0.3428,0.3339,0.3352,34587113.0,
2024-10-13 09:00:00,0.3353,0.3402,0.335,0.3379,16509073.0,
2024-10-13 10:00:00,0.3379,0.3444,0.3363,0.3371,32221547.0,
2024-10-13 11:00:00,0.3372,0.3403,0.3296,0.3305,39532217.0,
2024-10-13 12:00:00,0.3305,0.3442,0.3304,0.3392,39870480.0,
2024-10-13 13:00:00,0.3393,0.3564,0.3387,0.3497,76696672.0,
2024-10-13 14:00:00,0.3496,0.354,0.3404,0.3464,103790402.0,
2024-10-13 15:00:00,0.3463,0.3538,0.3386,0.3463,97987293.0,
2024-10-13 16:00:00,0.3462,0.3665,0.3449,0.3596,128688019.0,
2024-10-13 17:00:00,0.3596,0.3615,0.3447,0.3458,65178305.0,
2024-10-13 18:00:00,0.3457,0.3484,0.343,0.3451,37672170.0,
2024-10-13 19:00:00,0.3451,0.3536,0.3418,0.3529,47552034.0,
2024-10-13 20:00:00,0.3529,0.3621,0.3518,0.3606,53066086.0,
2024-10-13 21:00:00,0.3606,0.3635,0.3578,0.3597,32558590.0,
2024-10-13 22:00:00,0.3597,0.3689,0.3581,0.3602,54634172.0,
2024-10-13 23:00:00,0.3601,0.3605,0.3553,0.3567,25094112.0,
2024-10-14 00:00:00,0.3567,0.3594,0.3523,0.3546,34090140.0,
2024-10-14 01:00:00,0.3545,0.3606,0.3477,0.3487,35827611.0,
2024-10-14 02:00:00,0.3487,0.356,0.3469,0.3526,21574566.0,
2024-10-14 03:00:00,0.3526,0.3823,0.3521,0.3732,99379691.0,
2024-10-14 04:00:00,0.3732,0.3889,0.3681,0.385,103704064.0,
2024-10-14 05:00:00,0.385,0.3906,0.3818,0.3833,57923411.0,
2024-10-14 06:00:00,0.3832,0.4075,0.3776,0.4026,108729114.0,
2024-10-14 07:00:00,0.4026,0.4038,0.393,0.3988,59658432.0,
2024-10-14 08:00:00,0.3988,0.3988,0.3909,0.3947,38848588.0,
2024-10-14 09:00:00,0.3947,0.3955,0.3865,0.3893,39349003.0,
2024-10-14 10:00:00,0.3893,0.4046,0.3871,0.4028,59377474.0,
2024-10-14 11:00:00,0.4028,0.4114,0.3958,0.402,101314384.0,
2024-10-14 12:00:00,0.4021,0.4073,0.3941,0.3956,56524757.0,
2024-10-14 13:00:00,0.3956,0.4027,0.3944,0.3995,43681936.0,
2024-10-14 14:00:00,0.3995,0.4351,0.3946,0.4279,189706486.0,
2024-10-14 15:00:00,0.4279,0.4339,0.4198,0.4226,71424606.0,
2024-10-14 16:00:00,0.4226,0.4254,0.4123,0.4131,47955080.0,
2024-10-14 17:00:00,0.413,0.4171,0.4107,0.4111,29315491.0,
2024-10-14 18:00:00,0.4111,0.412,0.404,0.4041,28465253.0,
2024-10-14 19:00:00,0.4041,0.4113,0.4013,0.4036,39242224.0,
2024-10-14 20:00:00,0.4036,0.4053,0.4004,0.4012,14448659.0,
2024-10-14 21:00:00,0.4012,0.4028,0.3966,0.398,22064870.0,
2024-10-14 22:00:00,0.3979,0.41,0.3975,0.4092,42082819.0,
2024-10-14 23:00:00,0.4092,0.4108,0.404,0.4095,39608247.0,
2024-10-15 00:00:00,0.4096,0.4105,0.4017,0.407,33592459.0,
2024-10-15 01:00:00,0.4071,0.4116,0.4012,0.407,30621212.0,
2024-10-15 02:00:00,0.407,0.4186,0.4069,0.414,33979639.0,
2024-10-15 03:00:00,0.4139,0.4152,0.4061,0.4064,26484698.0,
2024-10-15 04:00:00,0.4064,0.4168,0.4036,0.4163,32014151.0,
2024-10-15 05:00:00,0.4164,0.4264,0.4135,0.4256,51682261.0,
2024-10-15 06:00:00,0.4255,0.4433,0.421,0.4432,107713725.0,
2024-10-15 07:00:00,0.4432,0.4588,0.4396,0.4469,120538157.0,
2024-10-15 08:00:00,0.4469,0.463,0.4428,0.4568,93684195.0,
2024-10-15 09:00:00,0.4568,0.458,0.435,0.4356,69072311.0,
2024-10-15 10:00:00,0.4356,0.4411,0.4329,0.4352,41277907.0,
2024-10-15 11:00:00,0.4353,0.4358,0.4151,0.4184,96362398.0,
2024-10-15 12:00:00,0.4184,0.439,0.418,0.4361,83114903.0,
2024-10-15 13:00:00,0.436,0.4508,0.4284,0.4469,79675438.0,
2024-10-15 14:00:00,0.4469,0.4543,0.4219,0.4255,181366169.0,
2024-10-15 15:00:00,0.4256,0.4366,0.4162,0.4292,112720941.0,
2024-10-15 16:00:00,0.4292,0.4416,0.4217,0.4231,60014222.0,
2024-10-15 17:00:00,0.4231,0.4274,0.4135,0.4142,49126489.0,
2024-10-15 18:00:00,0.4143,0.4219,0.4134,0.4184,27292821.0,
2024-10-15 19:00:00,0.4184,0.4211,0.4148,0.4151,20809618.0,
2024-10-15 20:00:00,0.4153,0.4158,0.4028,0.403,41809679.0,
2024-10-15 21:00:00,0.403,0.4117,0.402,0.4113,19306948.0,
2024-10-15 22:00:00,0.4112,0.4126,0.4063,0.408,17091549.0,
2024-10-15 23:00:00,0.408,0.4298,0.4078,0.4276,58888381.0,
2024-10-16 00:00:00,0.4277,0.4296,0.4116,0.4118,38327471.0,
2024-10-16 01:00:00,0.4119,0.424,0.4075,0.4205,46163951.0,
2024-10-16 02:00:00,0.4206,0.4373,0.4182,0.4299,59487723.0,
2024-10-16 03:00:00,0.4298,0.442,0.4273,0.4393,44084389.0,
2024-10-16 04:00:00,0.4393,0.4474,0.4312,0.4438,55521899.0,
2024-10-16 05:00:00,0.4437,0.45,0.4336,0.4369,52642827.0,
2024-10-16 06:00:00,0.437,0.445,0.4168,0.4196,68702781.0,
2024-10-16 07:00:00,0.4196,0.4217,0.4132,0.4193,55597298.0,
2024-10-16 08:00:00,0.4192,0.426,0.4115,0.413,45313540.0,
2024-10-16 09:00:00,0.413,0.421,0.409,0.4117,37516655.0,
2024-10-16 10:00:00,0.4118,0.4169,0.4097,0.4132,30105507.0,
2024-10-16 11:00:00,0.4131,0.419,0.4069,0.4113,55107122.0,
2024-10-16 12:00:00,0.4113,0.4171,0.402,0.4035,51988736.0,
2024-10-16 13:00:00,0.4036,0.4072,0.392,0.3941,74051574.0,
2024-10-16 14:00:00,0.3942,0.4017,0.383,0.3914,93188108.0,
2024-10-16 15:00:00,0.3914,0.3947,0.385,0.389,41128467.0,
2024-10-16 16:00:00,0.389,0.3913,0.3821,0.3906,37467330.0,
2024-10-16 17:00:00,0.3907,0.3935,0.3881,0.3883,20899758.0,
2024-10-16 18:00:00,0.3883,0.3905,0.3856,0.3857,11594632.0,
2024-10-16 19:00:00,0.3857,0.3892,0.3853,0.3881,10538073.0,
2024-10-16 20:00:00,0.3881,0.4007,0.3881,0.3973,31806141.0,
2024-10-16 21:00:00,0.3973,0.4102,0.3966,0.3988,48565642.0,
2024-10-16 22:00:00,0.3988,0.4028,0.3981,0.3996,16543440.0,
2024-10-16 23:00:00,0.3996,0.4025,0.3958,0.3977,17487155.0,
2024-10-17 00:00:00,0.3978,0.404,0.3965,0.3991,18721688.0,
2024-10-17 01:00:00,0.3991,0.4098,0.3991,0.4057,31364391.0,
2024-10-17 02:00:00,0.4057,0.4067,0.3972,0.3995,25794520.0,
2024-10-17 03:00:00,0.3996,0.4028,0.398,0.3988,17040761.0,
2024-10-17 04:00:00,0.3988,0.4008,0.3926,0.3957,21799109.0,
2024-10-17 05:00:00,0.3958,0.3962,0.3851,0.386,36033268.0,
2024-10-17 06:00:00,0.386,0.407,0.3854,0.3993,60604211.0,
2024-10-17 07:00:00,0.3993,0.4032,0.3865,0.4024,52911360.0,
2024-10-17 08:00:00,0.4024,0.4048,0.3946,0.3963,36715044.0,
2024-10-17 09:00:00,0.3963,0.3986,0.3883,0.3887,23133558.0,
2024-10-17 10:00:00,0.3888,0.3915,0.3839,0.3884,32426835.0,
2024-10-17 11:00:00,0.3884,0.3902,0.3811,0.3843,38726969.0,
2024-10-17 12:00:00,0.3843,0.3922,0.3827,0.3874,26029586.0,
2024-10-17 13:00:00,0.3874,0.3954,0.382,0.3869,42556960.0,
2024-10-17 14:00:00,0.3869,0.4006,0.3842,0.397,43075108.0,
2024-10-17 15:00:00,0.397,0.4024,0.3923,0.4012,36271100.0,
2024-10-17 16:00:00,0.4012,0.4043,0.3959,0.3988,49234030.0,
2024-10-17 17:00:00,0.3989,0.4016,0.3804,0.3811,57712981.0,
2024-10-17 18:00:00,0.3811,0.383,0.3743,0.3802,39828219.0,
2024-10-17 19:00:00,0.3803,0.3849,0.3784,0.3828,12654405.0,
2024-10-17 20:00:00,0.3827,0.387,0.3811,0.3813,12881621.0,
2024-10-17 21:00:00,0.3813,0.3842,0.3809,0.3816,7047928.0,
2024-10-17 22:00:00,0.3816,0.3848,0.3785,0.3792,16572270.0,
2024-10-17 23:00:00,0.3793,0.3799,0.3734,0.3757,21550909.0,
2024-10-18 00:00:00,0.3757,0.3768,0.365,0.3653,37013700.0,
2024-10-18 01:00:00,0.3652,0.382,0.3652,0.3788,46247129.0,
2024-10-18 02:00:00,0.3789,0.3971,0.3763,0.3964,58719701.0,
2024-10-18 03:00:00,0.3964,0.3989,0.389,0.3905,41168119.0,
2024-10-18 04:00:00,0.3904,0.3999,0.3902,0.3913,37784576.0,
2024-10-18 05:00:00,0.3914,0.3937,0.3853,0.3936,23271898.0,
2024-10-18 06:00:00,0.3936,0.4067,0.3918,0.4005,47851677.0,
2024-10-18 07:00:00,0.4005,0.4043,0.3917,0.3967,28156903.0,
2024-10-18 08:00:00,0.3965,0.3966,0.3906,0.3943,19959548.0,
2024-10-18 09:00:00,0.3943,0.3978,0.3856,0.3866,34394151.0,
2024-10-18 10:00:00,0.3867,0.3906,0.3855,0.3885,19243332.0,
2024-10-18 11:00:00,0.3885,0.403,0.3872,0.3977,46685137.0,
2024-10-18 12:00:00,0.3978,0.404,0.3946,0.396,33982253.0,
2024-10-18 13:00:00,0.3959,0.42,0.3954,0.4168,104663455.0,
2024-10-18 14:00:00,0.4169,0.4311,0.4121,0.4285,97889951.0,
2024-10-18 15:00:00,0.4284,0.4399,0.4277,0.4341,100972914.0,
2024-10-18 16:00:00,0.434,0.4358,0.4224,0.4264,86378774.0,
2024-10-18 17:00:00,0.4264,0.4278,0.4213,0.4229,35599504.0,
2024-10-18 18:00:00,0.4228,0.4286,0.4208,0.4233,22817718.0,
2024-10-18 19:00:00,0.4233,0.425,0.4177,0.42,27552557.0,
2024-10-18 20:00:00,0.4201,0.4251,0.4187,0.4208,17726844.0,
2024-10-18 21:00:00,0.4208,0.422,0.4144,0.4161,18067234.0,
2024-10-18 22:00:00,0.4161,0.4191,0.4144,0.4173,15086025.0,
2024-10-18 23:00:00,0.4173,0.4191,0.4127,0.4132,13645585.0,
2024-10-19 00:00:00,0.4132,0.4178,0.4102,0.4128,22813150.0,
2024-10-19 01:00:00,0.4127,0.422,0.4099,0.4129,36117481.0,
2024-10-19 02:00:00,0.4128,0.4199,0.4125,0.4145,16461436.0,
2024-10-19 03:00:00,0.4146,0.4182,0.411,0.4112,18003308.0,
2024-10-19 04:00:00,0.4113,0.4138,0.4093,0.4104,18778785.0,
2024-10-19 05:00:00,0.4105,0.4151,0.4103,0.4129,10916581.0,
2024-10-19 06:00:00,0.4129,0.4182,0.4112,0.4147,16624497.0,
2024-10-19 07:00:00,0.4148,0.4179,0.4113,0.4126,12686475.0,
2024-10-19 08:00:00,0.4126,0.4194,0.4119,0.4186,17438509.0,
2024-10-19 09:00:00,0.4186,0.4193,0.4133,0.4152,19252592.0,
2024-10-19 10:00:00,0.4152,0.4164,0.4013,0.4043,41261778.0,
2024-10-19 11:00:00,0.4044,0.4059,0.4,0.4004,42063264.0,
2024-10-19 12:00:00,0.4004,0.4038,0.4002,0.4008,17092334.0,
2024-10-19 13:00:00,0.4007,0.4014,0.3927,0.3941,58215148.0,
2024-10-19 14:00:00,0.3942,0.3993,0.3941,0.3982,22377924.0,
2024-10-19 15:00:00,0.3982,0.4011,0.3962,0.3981,34733906.0,
2024-10-19 16:00:00,0.398,0.3981,0.3938,0.3941,19399208.0,
2024-10-19 17:00:00,0.3941,0.3972,0.3941,0.3958,10542022.0,
2024-10-19 18:00:00,0.3958,0.3997,0.3955,0.3979,8834057.0,
2024-10-19 19:00:00,0.3979,0.3994,0.396,0.3966,7582473.0,
2024-10-19 20:00:00,0.3966,0.3988,0.3951,0.3976,8533315.0,
2024-10-19 21:00:00,0.3976,0.3999,0.396,0.3961,8297967.0,
2024-10-19 22:00:00,0.3961,0.4009,0.3955,0.3997,8634494.0,
2024-10-19 23:00:00,0.3997,0.4045,0.3995,0.4011,15638316.0,
2024-10-20 00:00:00,0.4011,0.4061,0.3988,0.3992,17153608.0,
2024-10-20 01:00:00,0.3993,0.4002,0.3954,0.3959,14218242.0,
2024-10-20 02:00:00,0.3959,0.3983,0.39,0.3922,34490646.0,
2024-10-20 03:00:00,0.3921,0.3923,0.3864,0.3903,27083532.0,
2024-10-20 04:00:00,0.3902,0.3952,0.3875,0.3896,15784272.0,
2024-10-20 05:00:00,0.3895,0.3992,0.3894,0.3966,22632708.0,
2024-10-20 06:00:00,0.3967,0.4004,0.3944,0.3999,14722204.0,
2024-10-20 07:00:00,0.3999,0.4026,0.3966,0.3984,18033280.0,
2024-10-20 08:00:00,0.3984,0.4029,0.3968,0.3974,14548865.0,
2024-10-20 09:00:00,0.3974,0.3999,0.3941,0.3987,12417091.0,
2024-10-20 10:00:00,0.3987,0.401,0.3956,0.3959,10366503.0,
2024-10-20 11:00:00,0.3959,0.4001,0.3957,0.3991,9850058.0,
2024-10-20 12:00:00,0.3991,0.4014,0.389,0.3896,30560026.0,
2024-10-20 13:00:00,0.3897,0.3973,0.3875,0.3971,28774581.0,
2024-10-20 14:00:00,0.3972,0.4159,0.397,0.4097,88840659.0,
2024-10-20 15:00:00,0.4097,0.4099,0.3998,0.4064,34627309.0,
2024-10-20 16:00:00,0.4064,0.4077,0.4003,0.4015,16118826.0,
2024-10-20 17:00:00,0.4015,0.406,0.3983,0.4037,24128625.0,
2024-10-20 18:00:00,0.4037,0.4109,0.4026,0.4098,26027816.0,
2024-10-20 19:00:00,0.4098,0.4099,0.4041,0.4068,9267425.0,
2024-10-20 20:00:00,0.4067,0.4128,0.406,0.4116,12096504.0,
2024-10-20 21:00:00,0.4115,0.4133,0.407,0.4074,11749991.0,
2024-10-20 22:00:00,0.4075,0.415,0.4073,0.4079,26773632.0,
2024-10-20 23:00:00,0.4079,0.4145,0.4056,0.4122,15413569.0,
2024-10-21 00:00:00,0.4122,0.433,0.4102,0.419,64564748.0,
2024-10-21 01:00:00,0.419,0.4345,0.4183,0.4293,38643414.0,
2024-10-21 02:00:00,0.4294,0.4301,0.4124,0.4127,31882890.0,
2024-10-21 03:00:00,0.4126,0.4132,0.4043,0.4079,27635508.0,
2024-10-21 04:00:00,0.4079,0.4085,0.3999,0.4072,29225232.0,
2024-10-21 05:00:00,0.4073,0.4214,0.4072,0.4169,48280861.0,
2024-10-21 06:00:00,0.4169,0.4213,0.4059,0.4071,23519909.0,
2024-10-21 07:00:00,0.4071,0.4114,0.4032,0.4037,17051244.0,
2024-10-21 08:00:00,0.4037,0.41,0.3991,0.4017,22543304.0,
2024-10-21 09:00:00,0.4017,0.4044,0.3945,0.3996,25811246.0,
2024-10-21 10:00:00,0.3997,0.4014,0.3943,0.3951,16638386.0,
2024-10-21 11:00:00,0.3951,0.4003,0.393,0.398,18617193.0,
2024-10-21 12:00:00,0.398,0.4066,0.3977,0.4016,26083692.0,
2024-10-21 13:00:00,0.4016,0.4028,0.3881,0.3909,58127725.0,
2024-10-21 14:00:00,0.391,0.3955,0.3893,0.391,27447384.0,
2024-10-21 15:00:00,0.3911,0.3961,0.3873,0.3952,26109350.0,
2024-10-21 16:00:00,0.3952,0.3981,0.3883,0.3973,21221439.0,
2024-10-21 17:00:00,0.3973,0.402,0.3962,0.3966,20732581.0,
2024-10-21 18:00:00,0.3966,0.3975,0.3942,0.3966,8947170.0,
2024-10-21 19:00:00,0.3967,0.4014,0.3964,0.4005,12087029.0,
2024-10-21 20:00:00,0.4005,0.4027,0.3979,0.3995,7681212.0,
2024-10-21 21:00:00,0.3995,0.4013,0.3976,0.3991,5922272.0,
2024-10-21 22:00:00,0.3992,0.4006,0.3952,0.3972,9256037.0,
2024-10-21 23:00:00,0.3972,0.3973,0.3891,0.3899,16079278.0,
2024-10-22 00:00:00,0.39,0.3944,0.3858,0.3944,34323830.0,
2024-10-22 01:00:00,0.3945,0.3969,0.391,0.3959,18629163.0,
2024-10-22 02:00:00,0.396,0.3963,0.3866,0.388,21260187.0,
2024-10-22 03:00:00,0.388,0.3925,0.387,0.3908,13386665.0,
2024-10-22 04:00:00,0.3908,0.391,0.3856,0.3872,10343610.0,
2024-10-22 05:00:00,0.3873,0.3919,0.3864,0.3879,10733361.0,
2024-10-22 06:00:00,0.3879,0.3954,0.3878,0.39,16419747.0,
2024-10-22 07:00:00,0.39,0.3924,0.3879,0.3886,9269975.0,
2024-10-22 08:00:00,0.3886,0.3895,0.38,0.3804,33354630.0,
2024-10-22 09:00:00,0.3804,0.3843,0.3798,0.3826,38889621.0,
2024-10-22 10:00:00,0.3826,0.3857,0.3811,0.385,10288192.0,
2024-10-22 11:00:00,0.3852,0.3887,0.3845,0.3862,10526060.0,
2024-10-22 12:00:00,0.3861,0.3897,0.3819,0.3842,18002647.0,
2024-10-22 13:00:00,0.3843,0.3889,0.3801,0.3867,20789450.0,
2024-10-22 14:00:00,0.3867,0.3924,0.3835,0.3875,30680195.0,
2024-10-22 15:00:00,0.3875,0.3895,0.3815,0.3851,16994813.0,
2024-10-22 16:00:00,0.3851,0.3857,0.3751,0.3753,28029394.0,
2024-10-22 17:00:00,0.3754,0.3849,0.3752,0.3847,15387385.0,
2024-10-22 18:00:00,0.3847,0.3868,0.3811,0.3817,10948768.0,
2024-10-22 19:00:00,0.3816,0.3849,0.3814,0.3835,6439935.0,
2024-10-22 20:00:00,0.3834,0.3848,0.3813,0.3844,4742324.0,
2024-10-22 21:00:00,0.3844,0.3886,0.3837,0.3864,8588722.0,
2024-10-22 22:00:00,0.3864,0.39,0.3853,0.3889,9257479.0,
2024-10-22 23:00:00,0.3889,0.3898,0.3838,0.3866,9215674.0,
2024-10-23 00:00:00,0.3867,0.3898,0.3832,0.3839,13128061.0,
2024-10-23 01:00:00,0.3838,0.3874,0.383,0.3854,6509684.0,
2024-10-23 02:00:00,0.3853,0.3863,0.3777,0.3779,16482682.0,
2024-10-23 03:00:00,0.3778,0.3807,0.3742,0.379,15501659.0,
2024-10-23 04:00:00,0.379,0.3811,0.3766,0.3776,13296131.0,
2024-10-23 05:00:00,0.3776,0.3787,0.3744,0.3758,10044484.0,
2024-10-23 06:00:00,0.3759,0.3795,0.3737,0.3744,10526272.0,
2024-10-23 07:00:00,0.3745,0.3756,0.3706,0.3725,14858034.0,
2024-10-23 08:00:00,0.3725,0.3757,0.3701,0.3708,11646252.0,
2024-10-23 09:00:00,0.3708,0.3755,0.3694,0.3746,19446669.0,
2024-10-23 10:00:00,0.3745,0.3778,0.3734,0.3743,10138812.0,
2024-10-23 11:00:00,0.3744,0.3763,0.3707,0.3721,8935423.0,
2024-10-23 12:00:00,0.3721,0.3752,0.371,0.3733,9496054.0,
2024-10-23 13:00:00,0.3732,0.3777,0.3724,0.3751,16206365.0,
2024-10-23 14:00:00,0.3751,0.3751,0.3702,0.3705,11619542.0,
2024-10-23 15:00:00,0.3707,0.3712,0.3616,0.368,39181867.0,
2024-10-23 16:00:00,0.3679,0.3728,0.3627,0.3639,29642484.0,
2024-10-23 17:00:00,0.3639,0.3692,0.362,0.3628,15456102.0,
2024-10-23 18:00:00,0.3628,0.3632,0.3545,0.3619,50655065.0,
2024-10-23 19:00:00,0.3619,0.3671,0.3604,0.3655,20713457.0,
2024-10-23 20:00:00,0.3655,0.3684,0.3638,0.3669,11256417.0,
2024-10-23 21:00:00,0.3668,0.3685,0.3653,0.3655,7668309.0,
2024-10-23 22:00:00,0.3655,0.3675,0.3636,0.3637,6806291.0,
2024-10-23 23:00:00,0.3638,0.3707,0.3632,0.3687,10886480.0,
2024-10-24 00:00:00,0.3687,0.376,0.366,0.3757,15575568.0,
2024-10-24 01:00:00,0.3757,0.3809,0.3736,0.3776,34552076.0,
2024-10-24 02:00:00,0.3775,0.381,0.3753,0.3804,10838965.0,
2024-10-24 03:00:00,0.3805,0.3822,0.3765,0.3786,11438881.0,
2024-10-24 04:00:00,0.3786,0.3809,0.3766,0.3803,10246681.0,
2024-10-24 05:00:00,0.3802,0.3823,0.378,0.3784,8187874.0,
2024-10-24 06:00:00,0.3784,0.3815,0.3756,0.3757,10375495.0,
2024-10-24 07:00:00,0.3757,0.3769,0.373,0.3738,12575651.0,
2024-10-24 08:00:00,0.3738,0.3769,0.3696,0.3697,14272566.0,
2024-10-24 09:00:00,0.3698,0.3712,0.3653,0.3686,21000920.0,
2024-10-24 10:00:00,0.3686,0.3779,0.3681,0.3742,14791324.0,
2024-10-24 11:00:00,0.3742,0.3771,0.3737,0.3755,7510614.0,
2024-10-24 12:00:00,0.3755,0.38,0.3748,0.3799,15477056.0,
2024-10-24 13:00:00,0.3799,0.39,0.3768,0.3881,40113788.0,
2024-10-24 14:00:00,0.3881,0.3962,0.3821,0.3873,52335122.0,
2024-10-24 15:00:00,0.3874,0.3976,0.386,0.3926,31361008.0,
2024-10-24 16:00:00,0.3926,0.3943,0.3901,0.3905,16005195.0,
2024-10-24 17:00:00,0.3905,0.3906,0.3855,0.3862,14976692.0,
2024-10-24 18:00:00,0.3863,0.3925,0.3862,0.3909,10852755.0,
2024-10-24 19:00:00,0.3908,0.3941,0.3887,0.394,8967076.0,
2024-10-24 20:00:00,0.3939,0.3944,0.3876,0.3882,7999504.0,
2024-10-24 21:00:00,0.3883,0.3991,0.3876,0.395,23284580.0,
2024-10-24 22:00:00,0.3949,0.3975,0.3898,0.3901,13982587.0,
2024-10-24 23:00:00,0.39,0.392,0.3877,0.3906,11639952.0,
2024-10-25 00:00:00,0.3907,0.3933,0.385,0.3854,12424448.0,
2024-10-25 01:00:00,0.3854,0.3855,0.3792,0.38,17957961.0,
2024-10-25 02:00:00,0.3801,0.3808,0.3763,0.3789,13347613.0,
2024-10-25 03:00:00,0.3789,0.3829,0.3783,0.3793,11029037.0,
2024-10-25 04:00:00,0.3792,0.38,0.3691,0.3703,32431519.0,
2024-10-25 05:00:00,0.3702,0.3732,0.3682,0.3701,19486737.0,
2024-10-25 06:00:00,0.3701,0.3733,0.3684,0.369,13434891.0,
2024-10-25 07:00:00,0.369,0.3713,0.3655,0.3706,14124032.0,
2024-10-25 08:00:00,0.3706,0.3768,0.3674,0.3753,23680450.0,
2024-10-25 09:00:00,0.3754,0.3825,0.3749,0.3823,18659430.0,
2024-10-25 10:00:00,0.3822,0.3899,0.3811,0.3895,25851493.0,
2024-10-25 11:00:00,0.3896,0.3949,0.3875,0.3909,22624981.0,
2024-10-25 12:00:00,0.391,0.3947,0.3859,0.3863,20143761.0,
2024-10-25 13:00:00,0.3863,0.3914,0.3816,0.3891,29331784.0,
2024-10-25 14:00:00,0.3891,0.3922,0.3827,0.3839,34854422.0,
2024-10-25 15:00:00,0.3841,0.3871,0.373,0.3751,31038005.0,
2024-10-25 16:00:00,0.3751,0.3818,0.3692,0.3788,30996710.0,
2024-10-25 17:00:00,0.3789,0.3814,0.3665,0.3708,43192458.0,
2024-10-25 18:00:00,0.3708,0.3868,0.3689,0.3798,104700754.0,
2024-10-25 19:00:00,0.3797,0.3834,0.3765,0.3779,16214768.0,
2024-10-25 20:00:00,0.378,0.379,0.3692,0.3743,21784004.0,
2024-10-25 21:00:00,0.3743,0.3772,0.3715,0.3759,12547853.0,
2024-10-25 22:00:00,0.3759,0.3763,0.3652,0.3653,20001664.0,
2024-10-25 23:00:00,0.3654,0.3666,0.3158,0.3505,223082195.0,
2024-10-26 00:00:00,0.3505,0.3606,0.3431,0.3565,68370296.0,
2024-10-26 01:00:00,0.3564,0.3638,0.3546,0.3573,33403585.0,
2024-10-26 02:00:00,0.3573,0.3628,0.3527,0.3581,23683816.0,
2024-10-26 03:00:00,0.3582,0.3597,0.356,0.3571,13147761.0,
2024-10-26 04:00:00,0.3571,0.3584,0.3556,0.356,9081911.0,
2024-10-26 05:00:00,0.356,0.3603,0.3559,0.3594,12433374.0,
2024-10-26 06:00:00,0.3593,0.3606,0.3575,0.3575,12387135.0,
2024-10-26 07:00:00,0.3575,0.3576,0.3524,0.3528,12113622.0,
2024-10-26 08:00:00,0.3528,0.3583,0.3523,0.3558,10364235.0,
2024-10-26 09:00:00,0.3558,0.3623,0.355,0.3608,14867010.0,
2024-10-26 10:00:00,0.3607,0.3637,0.3582,0.3594,10369245.0,
2024-10-26 11:00:00,0.3594,0.3615,0.3566,0.3593,10082162.0,
2024-10-26 12:00:00,0.3593,0.3612,0.3573,0.358,7337850.0,
2024-10-26 13:00:00,0.358,0.3588,0.3525,0.3529,13647689.0,
2024-10-26 14:00:00,0.3528,0.354,0.3418,0.3437,24436223.0,
2024-10-26 15:00:00,0.3437,0.3512,0.3433,0.3479,22062490.0,
2024-10-26 16:00:00,0.3479,0.3508,0.3455,0.3496,12512602.0,
2024-10-26 17:00:00,0.3497,0.3578,0.3494,0.3536,14024506.0,
2024-10-26 18:00:00,0.3536,0.3562,0.3507,0.3511,8260658.0,
2024-10-26 19:00:00,0.3512,0.3538,0.3512,0.352,5833807.0,
2024-10-26 20:00:00,0.3521,0.3593,0.3512,0.3537,9593846.0,
2024-10-26 21:00:00,0.3537,0.3596,0.3536,0.3585,10990697.0,
2024-10-26 22:00:00,0.3585,0.3597,0.3573,0.3579,4573901.0,
2024-10-26 23:00:00,0.3578,0.3589,0.3568,0.3575,5020709.0,
2024-10-27 00:00:00,0.3576,0.3579,0.3535,0.3542,7922362.0,
2024-10-27 01:00:00,0.3543,0.358,0.3523,0.3572,8340509.0,
2024-10-27 02:00:00,0.3573,0.3589,0.355,0.3554,9269779.0,
2024-10-27 03:00:00,0.3553,0.3607,0.3542,0.3583,13130750.0,
2024-10-27 04:00:00,0.3583,0.3591,0.3536,0.3539,7444839.0,
2024-10-27 05:00:00,0.3539,0.3552,0.3522,0.3533,6946557.0,
2024-10-27 06:00:00,0.3533,0.3534,0.3502,0.3515,7610901.0,
2024-10-27 07:00:00,0.3515,0.3537,0.351,0.3521,8541594.0,
2024-10-27 08:00:00,0.3521,0.355,0.3517,0.3525,6510147.0,
2024-10-27 09:00:00,0.3524,0.3524,0.3451,0.3484,18047452.0,
2024-10-27 10:00:00,0.3484,0.3496,0.3467,0.3477,8719663.0,
2024-10-27 11:00:00,0.3477,0.3496,0.346,0.3468,7441308.0,
2024-10-27 12:00:00,0.3467,0.3544,0.3465,0.3516,16252974.0,
2024-10-27 13:00:00,0.3517,0.3584,0.3496,0.3507,21179938.0,
2024-10-27 14:00:00,0.3507,0.3588,0.3505,0.3557,22821800.0,
2024-10-27 15:00:00,0.3556,0.3572,0.3533,0.3545,9647250.0,
2024-10-27 16:00:00,0.3546,0.359,0.3544,0.3579,12306678.0,
2024-10-27 17:00:00,0.3578,0.3597,0.3538,0.3544,13212367.0,
2024-10-27 18:00:00,0.3544,0.3549,0.3487,0.349,11965857.0,
2024-10-27 19:00:00,0.349,0.3523,0.3471,0.3508,10514547.0,
2024-10-27 20:00:00,0.3508,0.3545,0.3505,0.3522,7363548.0,
2024-10-27 21:00:00,0.3522,0.3672,0.352,0.3657,23725121.0,
2024-10-27 22:00:00,0.3657,0.3734,0.3656,0.3676,24758139.0,
2024-10-27 23:00:00,0.3675,0.369,0.3618,0.362,10548170.0,
2024-10-28 00:00:00,0.362,0.3639,0.3573,0.359,19749898.0,
2024-10-28 01:00:00,0.359,0.3604,0.3483,0.3495,24609728.0,
2024-10-28 02:00:00,0.3496,0.3535,0.3468,0.3469,17424919.0,
2024-10-28 03:00:00,0.3469,0.35,0.3352,0.3364,41868629.0,
2024-10-28 04:00:00,0.3364,0.3413,0.3344,0.3394,21391582.0,
2024-10-28 05:00:00,0.3393,0.3398,0.3325,0.3374,19731629.0,
2024-10-28 06:00:00,0.3373,0.3383,0.333,0.3335,13865797.0,
2024-10-28 07:00:00,0.3335,0.3441,0.3284,0.3358,91646175.0,
2024-10-28 08:00:00,0.3358,0.3414,0.3351,0.3385,21142318.0,
2024-10-28 09:00:00,0.3384,0.3413,0.3354,0.3398,19534228.0,
2024-10-28 10:00:00,0.3397,0.3563,0.3375,0.3481,68285587.0,
2024-10-28 11:00:00,0.348,0.3495,0.3435,0.3462,24389097.0,
2024-10-28 12:00:00,0.3463,0.3464,0.3375,0.3423,39215482.0,
2024-10-28 13:00:00,0.3423,0.3458,0.3389,0.3393,25270925.0,
2024-10-28 14:00:00,0.3394,0.3429,0.3357,0.338,30936494.0,
2024-10-28 15:00:00,0.3381,0.3382,0.3313,0.3315,26775052.0,
2024-10-28 16:00:00,0.3315,0.3411,0.3309,0.3387,35841228.0,
2024-10-28 17:00:00,0.3387,0.3452,0.3336,0.338,31513106.0,
2024-10-28 18:00:00,0.3382,0.3415,0.3363,0.3387,9753831.0,
2024-10-28 19:00:00,0.3387,0.345,0.3382,0.3409,20754518.0,
2024-10-28 20:00:00,0.3409,0.3409,0.3409,0.3409,0.0,
2024-10-28 21:00:00,0.3494,0.3609,0.3493,0.3608,13085884.0,
2024-10-28 22:00:00,0.3608,0.3753,0.3608,0.372,50123091.0,
2024-10-28 23:00:00,0.372,0.3775,0.37,0.3715,20362099.0,
2024-10-29 00:00:00,0.3715,0.3787,0.3664,0.3762,25937567.0,
2024-10-29 01:00:00,0.3761,0.3811,0.3719,0.3784,38161908.0,
2024-10-29 02:00:00,0.3784,0.3924,0.3738,0.3863,50796572.0,
2024-10-29 03:00:00,0.3863,0.3945,0.3861,0.3905,31694140.0,
2024-10-29 04:00:00,0.3905,0.3913,0.3823,0.385,19442701.0,
2024-10-29 05:00:00,0.3851,0.3885,0.3819,0.3859,20518709.0,
2024-10-29 06:00:00,0.3859,0.3958,0.3841,0.3902,32139283.0,
2024-10-29 07:00:00,0.3901,0.3905,0.3847,0.3852,24840607.0,
2024-10-29 08:00:00,0.3852,0.3885,0.3821,0.3843,26304027.0,
2024-10-29 09:00:00,0.3844,0.387,0.3833,0.3847,18861488.0,
2024-10-29 10:00:00,0.3846,0.3881,0.3826,0.3873,15725545.0,
2024-10-29 11:00:00,0.3873,0.3903,0.383,0.3847,27915741.0,
2024-10-29 12:00:00,0.3847,0.3855,0.3748,0.3765,44930812.0,
2024-10-29 13:00:00,0.3764,0.3798,0.3732,0.3795,27252684.0,
2024-10-29 14:00:00,0.3795,0.3832,0.375,0.3764,25611478.0,
2024-10-29 15:00:00,0.3765,0.381,0.375,0.38,18216095.0,
2024-10-29 16:00:00,0.3801,0.3928,0.3795,0.3905,35695009.0,
2024-10-29 17:00:00,0.3906,0.3944,0.3843,0.3882,29575243.0,
2024-10-29 18:00:00,0.3881,0.3934,0.387,0.389,15287308.0,
2024-10-29 19:00:00,0.389,0.3906,0.378,0.3828,31802761.0,
2024-10-29 20:00:00,0.3828,0.3841,0.3783,0.3812,16218056.0,
2024-10-29 21:00:00,0.3812,0.3836,0.3801,0.3819,6306474.0,
2024-10-29 22:00:00,0.3819,0.3864,0.381,0.3834,9862160.0,
2024-10-29 23:00:00,0.3834,0.3841,0.3789,0.3805,12625787.0,
2024-10-30 00:00:00,0.3804,0.3818,0.3766,0.3809,20847383.0,
2024-10-30 01:00:00,0.3809,0.3853,0.3783,0.3844,16233606.0,
2024-10-30 02:00:00,0.3845,0.3874,0.3822,0.3833,8520212.0,
2024-10-30 03:00:00,0.3833,0.3869,0.3821,0.3841,9892668.0,
2024-10-30 04:00:00,0.3841,0.3841,0.3797,0.3805,6115929.0,
2024-10-30 05:00:00,0.3804,0.3907,0.3803,0.3895,17722111.0,
2024-10-30 06:00:00,0.3895,0.3954,0.3854,0.3863,23273667.0,
2024-10-30 07:00:00,0.3862,0.3932,0.3857,0.388,17607192.0,
2024-10-30 08:00:00,0.388,0.3967,0.3805,0.3843,37401706.0,
2024-10-30 09:00:00,0.3842,0.4002,0.3835,0.3978,40198585.0,
2024-10-30 10:00:00,0.3978,0.4053,0.3921,0.394,46583277.0,
2024-10-30 11:00:00,0.394,0.3965,0.3734,0.3752,81813121.0,
2024-10-30 12:00:00,0.3752,0.3804,0.373,0.3788,40281047.0,
2024-10-30 13:00:00,0.3789,0.382,0.3711,0.3813,35864513.0,
2024-10-30 14:00:00,0.3813,0.3949,0.3783,0.3849,54606240.0,
2024-10-30 15:00:00,0.3848,0.3857,0.3729,0.3732,40619947.0,
2024-10-30 16:00:00,0.3732,0.3763,0.3704,0.3712,18999365.0,
2024-10-30 17:00:00,0.3712,0.3725,0.3663,0.3679,31049681.0,
2024-10-30 18:00:00,0.368,0.3708,0.3653,0.3676,14806152.0,
2024-10-30 19:00:00,0.3675,0.3683,0.3654,0.3656,7949755.0,
2024-10-30 20:00:00,0.3657,0.3706,0.3628,0.37,24027849.0,
2024-10-30 21:00:00,0.3701,0.3715,0.3614,0.3627,16003875.0,
2024-10-30 22:00:00,0.3628,0.3643,0.3601,0.363,11887141.0,
2024-10-30 23:00:00,0.363,0.3643,0.361,0.3615,9499901.0,
2024-10-31 00:00:00,0.3615,0.3638,0.357,0.3573,21586026.0,
2024-10-31 01:00:00,0.3572,0.3601,0.3528,0.3569,23752445.0,
2024-10-31 02:00:00,0.3569,0.3577,0.3549,0.3558,13586108.0,
2024-10-31 03:00:00,0.3559,0.3583,0.3517,0.3534,16864361.0,
2024-10-31 04:00:00,0.3535,0.3553,0.3529,0.3544,7959983.0,
2024-10-31 05:00:00,0.3543,0.3578,0.3526,0.3556,13307342.0,
2024-10-31 06:00:00,0.3557,0.3557,0.3492,0.3502,22091543.0,
2024-10-31 07:00:00,0.3501,0.3574,0.3477,0.3563,30874456.0,
2024-10-31 08:00:00,0.3564,0.3623,0.3556,0.36,35370987.0,
2024-10-31 09:00:00,0.3599,0.362,0.358,0.3585,17784817.0,
2024-10-31 10:00:00,0.3585,0.3664,0.3556,0.3644,27457296.0,
2024-10-31 11:00:00,0.3644,0.3652,0.3566,0.3577,22695004.0,
2024-10-31 12:00:00,0.3576,0.3601,0.3528,0.3539,30131295.0,
2024-10-31 13:00:00,0.3538,0.3571,0.3518,0.3567,23960414.0,
2024-10-31 14:00:00,0.3567,0.3576,0.3487,0.3546,43650636.0,
2024-10-31 15:00:00,0.3545,0.3599,0.3523,0.3572,23486222.0,
2024-10-31 16:00:00,0.3573,0.3576,0.3517,0.352,13329780.0,
2024-10-31 17:00:00,0.352,0.3547,0.3488,0.352,17579338.0,
2024-10-31 18:00:00,0.3521,0.3616,0.3463,0.3604,32756001.0,
2024-10-31 19:00:00,0.3604,0.3799,0.3602,0.3675,106040777.0,
2024-10-31 20:00:00,0.3675,0.3748,0.3652,0.3731,54842937.0,
2024-10-31 21:00:00,0.373,0.3739,0.3664,0.3717,23913909.0,
2024-10-31 22:00:00,0.3717,0.3733,0.3676,0.371,17545090.0,
2024-10-31 23:00:00,0.3709,0.3712,0.3618,0.3625,22249554.0,
2024-11-01 00:00:00,0.3625,0.3741,0.3614,0.3728,26345069.0,
2024-11-01 01:00:00,0.3728,0.3781,0.3698,0.3702,48913309.0,
2024-11-01 02:00:00,0.3701,0.3707,0.3626,0.3667,48896097.0,
2024-11-01 03:00:00,0.3667,0.3681,0.3626,0.3634,15504736.0,
2024-11-01 04:00:00,0.3633,0.3763,0.3632,0.3746,31511567.0,
2024-11-01 05:00:00,0.3747,0.3766,0.3652,0.3654,30252206.0,
2024-11-01 06:00:00,0.3655,0.3656,0.3531,0.3542,72206851.0,
2024-11-01 07:00:00,0.3543,0.3558,0.3481,0.3507,37294834.0,
2024-11-01 08:00:00,0.3507,0.3584,0.3501,0.3513,28054672.0,
2024-11-01 09:00:00,0.3513,0.3622,0.3505,0.3619,21891935.0,
2024-11-01 10:00:00,0.3619,0.373,0.3616,0.3708,58397750.0,
2024-11-01 11:00:00,0.3708,0.3718,0.3677,0.3691,19882309.0,
2024-11-01 12:00:00,0.3692,0.3834,0.3692,0.3783,61736743.0,
2024-11-01 13:00:00,0.3782,0.3917,0.3751,0.3899,67552374.0,
2024-11-01 14:00:00,0.3899,0.3959,0.3842,0.3869,103657212.0,
2024-11-01 15:00:00,0.3869,0.388,0.3655,0.3693,104282113.0,
2024-11-01 16:00:00,0.3693,0.3775,0.3677,0.3713,59529946.0,
2024-11-01 17:00:00,0.3712,0.3746,0.3662,0.3683,32431410.0,
2024-11-01 18:00:00,0.3683,0.3704,0.366,0.3663,17114412.0,
2024-11-01 19:00:00,0.3664,0.3698,0.3625,0.3693,26551538.0,
2024-11-01 20:00:00,0.3692,0.3703,0.3662,0.3667,10673970.0,
2024-11-01 21:00:00,0.3668,0.3673,0.3606,0.3657,16334387.0,
2024-11-01 22:00:00,0.3657,0.3687,0.3649,0.3657,11102351.0,
2024-11-01 23:00:00,0.3658,0.3689,0.363,0.3687,11636596.0,
2024-11-02 00:00:00,0.3686,0.3773,0.3681,0.3724,20999029.0,
2024-11-02 01:00:00,0.3725,0.3741,0.3659,0.3726,23544465.0,
2024-11-02 02:00:00,0.3725,0.383,0.3713,0.3814,28611918.0,
2024-11-02 03:00:00,0.3815,0.3832,0.3705,0.3711,24615189.0,
2024-11-02 04:00:00,0.371,0.3742,0.3702,0.3709,11363255.0,
2024-11-02 05:00:00,0.3708,0.3722,0.3657,0.3666,19162222.0,
2024-11-02 06:00:00,0.3667,0.3674,0.3626,0.3667,14400395.0,
2024-11-02 07:00:00,0.3666,0.3691,0.3653,0.3663,13014814.0,
2024-11-02 08:00:00,0.3662,0.3695,0.3653,0.3662,13123914.0,
2024-11-02 09:00:00,0.3662,0.3663,0.3596,0.3605,16605233.0,
2024-11-02 10:00:00,0.3606,0.3623,0.3578,0.3617,16616600.0,
2024-11-02 11:00:00,0.3617,0.3636,0.3607,0.3621,8040907.0,
2024-11-02 12:00:00,0.362,0.3629,0.3549,0.356,31199559.0,
2024-11-02 13:00:00,0.356,0.3609,0.3539,0.3559,19377562.0,
2024-11-02 14:00:00,0.3559,0.3596,0.3542,0.3569,17093259.0,
2024-11-02 15:00:00,0.3568,0.3581,0.3534,0.3547,17025650.0,
2024-11-02 16:00:00,0.3548,0.3598,0.3532,0.3569,13955404.0,
2024-11-02 17:00:00,0.3569,0.3581,0.3535,0.3562,9493306.0,
2024-11-02 18:00:00,0.3561,0.3593,0.3537,0.3553,8730530.0,
2024-11-02 19:00:00,0.3554,0.3571,0.3539,0.3555,8863068.0,
2024-11-02 20:00:00,0.3555,0.3569,0.3538,0.3566,5425016.0,
2024-11-02 21:00:00,0.3566,0.3597,0.355,0.3564,9743838.0,
2024-11-02 22:00:00,0.3563,0.3597,0.3553,0.3581,6282511.0,
2024-11-02 23:00:00,0.3581,0.3619,0.3556,0.3617,8108934.0,
2024-11-03 00:00:00,0.3617,0.3633,0.3584,0.3612,11140742.0,
2024-11-03 01:00:00,0.3612,0.3627,0.357,0.3577,13768517.0,
2024-11-03 02:00:00,0.3577,0.3616,0.3458,0.3488,50699665.0,
2024-11-03 03:00:00,0.3489,0.3552,0.3437,0.3539,26100725.0,
2024-11-03 04:00:00,0.3538,0.3659,0.3526,0.3639,27711887.0,
2024-11-03 05:00:00,0.3639,0.3687,0.3599,0.3605,29102004.0,
2024-11-03 06:00:00,0.3604,0.3614,0.3536,0.3541,30498805.0,
2024-11-03 07:00:00,0.3541,0.356,0.3521,0.3533,16960557.0,
2024-11-03 08:00:00,0.3533,0.3615,0.3516,0.3585,35888314.0,
2024-11-03 09:00:00,0.3584,0.3613,0.3453,0.3465,32480699.0,
2024-11-03 10:00:00,0.3465,0.3544,0.3462,0.3516,23846125.0,
2024-11-03 11:00:00,0.3515,0.3527,0.3456,0.3466,16033515.0,
2024-11-03 12:00:00,0.3467,0.3497,0.3414,0.3425,20878477.0,
2024-11-03 13:00:00,0.3425,0.3435,0.3319,0.3323,53728847.0,
2024-11-03 14:00:00,0.3323,0.3338,0.325,0.3261,52455237.0,
2024-11-03 15:00:00,0.3261,0.3272,0.3165,0.3242,71330868.0,
2024-11-03 16:00:00,0.3242,0.3286,0.3213,0.3242,38905823.0,
2024-11-03 17:00:00,0.3242,0.3312,0.3241,0.3273,21309382.0,
2024-11-03 18:00:00,0.3274,0.3302,0.3213,0.3221,23845021.0,
2024-11-03 19:00:00,0.322,0.3318,0.3203,0.3299,19653632.0,
2024-11-03 20:00:00,0.3299,0.3418,0.3285,0.3402,23166008.0,
2024-11-03 21:00:00,0.3403,0.3465,0.3391,0.3402,28458638.0,
2024-11-03 22:00:00,0.3402,0.341,0.336,0.3387,11523411.0,
2024-11-03 23:00:00,0.3386,0.3398,0.3354,0.3368,10491710.0,
2024-11-04 00:00:00,0.3369,0.337,0.3309,0.3361,20016416.0,
2024-11-04 01:00:00,0.336,0.345,0.335,0.3437,21207476.0,
2024-11-04 02:00:00,0.3437,0.3509,0.3414,0.35,20649745.0,
2024-11-04 03:00:00,0.3501,0.359,0.3436,0.3445,35587108.0,
2024-11-04 04:00:00,0.3445,0.3477,0.3411,0.3421,12493514.0,
2024-11-04 05:00:00,0.3421,0.3428,0.3364,0.3367,19385052.0,
2024-11-04 06:00:00,0.3367,0.3449,0.3366,0.3444,16585989.0,
2024-11-04 07:00:00,0.3443,0.3459,0.3404,0.341,14786618.0,
2024-11-04 08:00:00,0.341,0.3442,0.3375,0.3385,17034876.0,
2024-11-04 09:00:00,0.3386,0.3474,0.3385,0.3424,23155576.0,
2024-11-04 10:00:00,0.3423,0.3468,0.3413,0.3439,19832563.0,
2024-11-04 11:00:00,0.3438,0.3509,0.3425,0.3474,18315156.0,
2024-11-04 12:00:00,0.3473,0.3493,0.3439,0.3482,14495173.0,
2024-11-04 13:00:00,0.3482,0.3562,0.348,0.3503,27752345.0,
2024-11-04 14:00:00,0.3502,0.3519,0.342,0.3452,26288223.0,
2024-11-04 15:00:00,0.3453,0.3502,0.343,0.3486,24757939.0,
2024-11-04 16:00:00,0.3487,0.3523,0.3408,0.3424,29902355.0,
2024-11-04 17:00:00,0.3423,0.3483,0.3404,0.3417,25567105.0,
2024-11-04 18:00:00,0.3416,0.3433,0.3341,0.337,27323031.0,
2024-11-04 19:00:00,0.337,0.3418,0.3365,0.3392,16858300.0,
2024-11-04 20:00:00,0.3391,0.3398,0.3331,0.3349,16842795.0,
2024-11-04 21:00:00,0.3348,0.3371,0.3225,0.3236,35695423.0,
2024-11-04 22:00:00,0.3235,0.335,0.3225,0.3326,32588073.0,
2024-11-04 23:00:00,0.3325,0.3338,0.3267,0.3294,15893093.0,
2024-11-05 00:00:00,0.3294,0.3335,0.327,0.3294,18370822.0,
2024-11-05 01:00:00,0.3294,0.3314,0.3222,0.3287,24173127.0,
2024-11-05 02:00:00,0.3287,0.3297,0.3241,0.3253,11689132.0,
2024-11-05 03:00:00,0.3254,0.3295,0.3254,0.3286,9260410.0,
2024-11-05 04:00:00,0.3286,0.3456,0.3286,0.3442,34566766.0,
2024-11-05 05:00:00,0.3442,0.3506,0.3423,0.3497,21141838.0,
2024-11-05 06:00:00,0.3498,0.3515,0.3429,0.348,29836311.0,
2024-11-05 07:00:00,0.348,0.3493,0.3431,0.3458,16108093.0,
2024-11-05 08:00:00,0.3459,0.3469,0.3414,0.3457,12647151.0,
2024-11-05 09:00:00,0.3459,0.3488,0.342,0.3425,13586568.0,
2024-11-05 10:00:00,0.3425,0.3465,0.3416,0.3432,12615945.0,
2024-11-05 11:00:00,0.3432,0.3492,0.3409,0.3471,23165747.0,
2024-11-05 12:00:00,0.3472,0.3477,0.3404,0.3413,19495148.0,
2024-11-05 13:00:00,0.3413,0.344,0.3395,0.3424,14513373.0,
2024-11-05 14:00:00,0.3424,0.363,0.3406,0.3589,58655181.0,
2024-11-05 15:00:00,0.3588,0.3615,0.3512,0.3585,44536848.0,
2024-11-05 16:00:00,0.3585,0.362,0.3562,0.3589,22528463.0,
2024-11-05 17:00:00,0.3591,0.3612,0.3512,0.3518,23558277.0,
2024-11-05 18:00:00,0.3519,0.3541,0.3494,0.353,12271853.0,
2024-11-05 19:00:00,0.353,0.3549,0.343,0.3453,27938397.0,
2024-11-05 20:00:00,0.3452,0.3484,0.3425,0.3454,17220831.0,
2024-11-05 21:00:00,0.3455,0.3469,0.3425,0.3431,8445300.0,
2024-11-05 22:00:00,0.3431,0.3472,0.3406,0.3471,9620103.0,
2024-11-05 23:00:00,0.347,0.3528,0.3457,0.3512,15130547.0,
2024-11-06 00:00:00,0.3512,0.3715,0.3511,0.3671,52331069.0,
2024-11-06 01:00:00,0.3672,0.3719,0.363,0.3681,35372543.0,
2024-11-06 02:00:00,0.3682,0.3865,0.3666,0.3834,56223379.0,
2024-11-06 03:00:00,0.3834,0.3966,0.3822,0.3896,81024621.0,
2024-11-06 04:00:00,0.3897,0.3963,0.3893,0.3914,36160374.0,
2024-11-06 05:00:00,0.3915,0.3998,0.3866,0.3991,36938293.0,
2024-11-06 06:00:00,0.3991,0.4088,0.3981,0.3998,56349284.0,
2024-11-06 07:00:00,0.3997,0.4097,0.3964,0.4015,46967276.0,
2024-11-06 08:00:00,0.4015,0.4034,0.3935,0.3988,50739043.0,
2024-11-06 09:00:00,0.3989,0.4065,0.3988,0.4049,20262878.0,
2024-11-06 10:00:00,0.405,0.4158,0.4013,0.4118,43474970.0,
2024-11-06 11:00:00,0.4119,0.4177,0.4084,0.4157,27087521.0,
2024-11-06 12:00:00,0.4157,0.4268,0.4148,0.4198,40878281.0,
2024-11-06 13:00:00,0.4199,0.4233,0.4127,0.4218,31086533.0,
2024-11-06 14:00:00,0.4218,0.4274,0.4157,0.4169,43532716.0,
2024-11-06 15:00:00,0.4169,0.4272,0.4141,0.4229,38757330.0,
2024-11-06 16:00:00,0.4229,0.4252,0.4177,0.4197,22001570.0,
2024-11-06 17:00:00,0.4196,0.4249,0.4172,0.4229,29005338.0,
2024-11-06 18:00:00,0.4228,0.4363,0.4221,0.435,33343984.0,
2024-11-06 19:00:00,0.435,0.439,0.4301,0.4385,22639051.0,
2024-11-06 20:00:00,0.4385,0.4444,0.4329,0.4345,32197526.0,
2024-11-06 21:00:00,0.4342,0.4448,0.4329,0.4422,22066759.0,
2024-11-06 22:00:00,0.4423,0.4893,0.4423,0.4791,91924965.0,
2024-11-06 23:00:00,0.4792,0.4859,0.4666,0.4849,87897676.0,
2024-11-07 00:00:00,0.4849,0.5084,0.4837,0.5031,102515755.0,
2024-11-07 01:00:00,0.5031,0.514,0.4982,0.4989,77895005.0,
2024-11-07 02:00:00,0.4989,0.5028,0.4894,0.4986,55438404.0,
2024-11-07 03:00:00,0.4986,0.5028,0.4852,0.489,43270732.0,
2024-11-07 04:00:00,0.489,0.5023,0.4814,0.5007,55206847.0,
2024-11-07 05:00:00,0.5007,0.5055,0.4971,0.5047,39950578.0,
2024-11-07 06:00:00,0.5047,0.5198,0.498,0.5187,78313830.0,
2024-11-07 07:00:00,0.5185,0.5499,0.5109,0.538,182726232.0,
2024-11-07 08:00:00,0.5379,0.5495,0.5259,0.5365,91493904.0,
2024-11-07 09:00:00,0.5367,0.5375,0.5205,0.5258,50856384.0,
2024-11-07 10:00:00,0.5258,0.5334,0.5218,0.524,43331349.0,
2024-11-07 11:00:00,0.524,0.5243,0.5112,0.513,54079313.0,
2024-11-07 12:00:00,0.5129,0.5188,0.5041,0.5151,60607065.0,
2024-11-07 13:00:00,0.5152,0.5184,0.4988,0.5015,49830696.0,
2024-11-07 14:00:00,0.5013,0.5063,0.4953,0.4995,60169757.0,
2024-11-07 15:00:00,0.4994,0.5139,0.497,0.5104,69712630.0,
2024-11-07 16:00:00,0.5104,0.5128,0.498,0.5077,47277117.0,
2024-11-07 17:00:00,0.5077,0.5082,0.5006,0.5071,30834475.0,
2024-11-07 18:00:00,0.5069,0.5106,0.4976,0.5056,34697957.0,
2024-11-07 19:00:00,0.5056,0.5088,0.4972,0.5063,34319805.0,
2024-11-07 20:00:00,0.5063,0.512,0.5035,0.5057,25378881.0,
2024-11-07 21:00:00,0.5056,0.5126,0.5048,0.5086,15643305.0,
2024-11-07 22:00:00,0.5086,0.5108,0.5046,0.5099,18920331.0,
2024-11-07 23:00:00,0.51,0.5178,0.5069,0.508,28807080.0,
2024-11-08 00:00:00,0.508,0.5161,0.5017,0.5035,38195263.0,
2024-11-08 01:00:00,0.5036,0.5062,0.498,0.5056,24141133.0,
2024-11-08 02:00:00,0.5056,0.5056,0.4874,0.4883,36000356.0,
2024-11-08 03:00:00,0.4883,0.4941,0.4863,0.4888,23209021.0,
2024-11-08 04:00:00,0.4888,0.4941,0.4858,0.4896,21877171.0,
2024-11-08 05:00:00,0.4896,0.4945,0.4895,0.493,12628035.0,
2024-11-08 06:00:00,0.493,0.4938,0.4896,0.4919,11531626.0,
2024-11-08 07:00:00,0.4919,0.4922,0.4812,0.4845,34710236.0,
2024-11-08 08:00:00,0.4845,0.4853,0.4741,0.4786,51163573.0,
2024-11-08 09:00:00,0.4786,0.4973,0.4767,0.4968,40493443.0,
2024-11-08 10:00:00,0.4968,0.514,0.4932,0.5135,64829908.0,
2024-11-08 11:00:00,0.5135,0.5188,0.5068,0.5104,54980180.0,
2024-11-08 12:00:00,0.5104,0.5371,0.5064,0.5262,70062534.0,
2024-11-08 13:00:00,0.5262,0.5335,0.5181,0.5232,44453858.0,
2024-11-08 14:00:00,0.5232,0.5298,0.4968,0.498,65641949.0,
2024-11-08 15:00:00,0.4981,0.5034,0.4899,0.4966,55226209.0,
2024-11-08 16:00:00,0.4968,0.4989,0.4864,0.4886,32765841.0,
2024-11-08 17:00:00,0.4886,0.4931,0.4801,0.4871,34069883.0,
2024-11-08 18:00:00,0.4871,0.4974,0.4834,0.4945,27100715.0,
2024-11-08 19:00:00,0.4944,0.5012,0.4916,0.4972,19129713.0,
2024-11-08 20:00:00,0.4973,0.5045,0.4946,0.499,24517756.0,
2024-11-08 21:00:00,0.499,0.5054,0.4937,0.5043,13808496.0,
2024-11-08 22:00:00,0.5043,0.5058,0.4951,0.498,11627937.0,
2024-11-08 23:00:00,0.498,0.4983,0.4914,0.4954,9585988.0,
2024-11-09 00:00:00,0.4954,0.507,0.4933,0.5038,21848670.0,
2024-11-09 01:00:00,0.5037,0.5119,0.4948,0.502,28005260.0,
2024-11-09 02:00:00,0.502,0.506,0.4924,0.4939,20553361.0,
2024-11-09 03:00:00,0.4939,0.4946,0.485,0.4869,23374284.0,
2024-11-09 04:00:00,0.4868,0.4938,0.4868,0.4927,11202585.0,
2024-11-09 05:00:00,0.4927,0.5141,0.4918,0.5087,32543304.0,
2024-11-09 06:00:00,0.5087,0.519,0.5032,0.5112,44698039.0,
2024-11-09 07:00:00,0.5111,0.5136,0.5031,0.5043,19432385.0,
2024-11-09 08:00:00,0.5044,0.5168,0.5022,0.5155,22924122.0,
2024-11-09 09:00:00,0.5155,0.5205,0.5115,0.5123,15255806.0,
2024-11-09 10:00:00,0.5122,0.5181,0.5107,0.5117,12642308.0,
2024-11-09 11:00:00,0.5118,0.5268,0.5104,0.5197,21717598.0,
2024-11-09 12:00:00,0.5196,0.5227,0.5066,0.5113,26097021.0,
2024-11-09 13:00:00,0.5114,0.5313,0.5114,0.5233,44275081.0,
2024-11-09 14:00:00,0.5232,0.5235,0.5002,0.5099,46526699.0,
2024-11-09 15:00:00,0.5102,0.5124,0.5038,0.5095,19937320.0,
2024-11-09 16:00:00,0.5096,0.5212,0.5071,0.514,30316919.0,
2024-11-09 17:00:00,0.5138,0.5182,0.5037,0.5162,25723044.0,
2024-11-09 18:00:00,0.5163,0.5246,0.5144,0.5193,18598038.0,
2024-11-09 19:00:00,0.5193,0.5267,0.5168,0.5229,18151279.0,
2024-11-09 20:00:00,0.523,0.5569,0.5208,0.5525,75702945.0,
2024-11-09 21:00:00,0.5526,0.5686,0.5524,0.557,64712623.0,
2024-11-09 22:00:00,0.557,0.5573,0.5375,0.5512,32654126.0,
2024-11-09 23:00:00,0.5513,0.5516,0.5401,0.5484,30033266.0,
2024-11-10 00:00:00,0.5486,0.5486,0.5361,0.5419,26992359.0,
2024-11-10 01:00:00,0.5419,0.5531,0.5319,0.551,34528180.0,
2024-11-10 02:00:00,0.551,0.584,0.5473,0.5751,57869666.0,
2024-11-10 03:00:00,0.5751,0.5883,0.57,0.5827,38970798.0,
2024-11-10 04:00:00,0.5828,0.5834,0.5672,0.5769,40757108.0,
2024-11-10 05:00:00,0.5768,0.5864,0.5607,0.5656,52503017.0,
2024-11-10 06:00:00,0.5657,0.5684,0.5541,0.5566,34901189.0,
2024-11-10 07:00:00,0.5566,0.559,0.5515,0.5568,24088157.0,
2024-11-10 08:00:00,0.5568,0.5651,0.554,0.5608,20464945.0,
2024-11-10 09:00:00,0.5607,0.5813,0.5607,0.57,33051600.0,
2024-11-10 10:00:00,0.5699,0.5872,0.5694,0.5715,34946710.0,
2024-11-10 11:00:00,0.5714,0.5787,0.5662,0.573,18778901.0,
2024-11-10 12:00:00,0.573,0.5772,0.5525,0.5591,45194638.0,
2024-11-10 13:00:00,0.559,0.5631,0.5475,0.5561,32554395.0,
2024-11-10 14:00:00,0.5562,0.5565,0.5415,0.5461,36709210.0,
2024-11-10 15:00:00,0.5461,0.5545,0.5427,0.5483,23277558.0,
2024-11-10 16:00:00,0.5484,0.5554,0.5445,0.5545,20827554.0,
2024-11-10 17:00:00,0.5545,0.5666,0.5504,0.5605,21003377.0,
2024-11-10 18:00:00,0.5606,0.5687,0.5566,0.5579,25143903.0,
2024-11-10 19:00:00,0.5579,0.5641,0.5462,0.5527,33728190.0,
2024-11-10 20:00:00,0.5526,0.5563,0.5385,0.5394,29393191.0,
2024-11-10 21:00:00,0.5394,0.5538,0.5243,0.5457,40674370.0,
2024-11-10 22:00:00,0.5456,0.556,0.5405,0.5501,23720321.0,
2024-11-10 23:00:00,0.5502,0.5556,0.5477,0.5544,15986763.0,
2024-11-11 00:00:00,0.5543,0.5661,0.5468,0.5623,28434112.0,
2024-11-11 01:00:00,0.5623,0.5642,0.5505,0.5526,18868127.0,
2024-11-11 02:00:00,0.5526,0.5763,0.55,0.5683,26155832.0,
2024-11-11 03:00:00,0.5684,0.5824,0.5578,0.5689,28211243.0,
2024-11-11 04:00:00,0.5689,0.5732,0.5584,0.5675,19688236.0,
2024-11-11 05:00:00,0.5675,0.569,0.5449,0.5529,33786540.0,
2024-11-11 06:00:00,0.5526,0.5734,0.5477,0.568,39627223.0,
2024-11-11 07:00:00,0.568,0.5731,0.5631,0.5652,23932586.0,
2024-11-11 08:00:00,0.5652,0.595,0.5648,0.592,46629034.0,
2024-11-11 09:00:00,0.592,0.5971,0.5756,0.5963,41626772.0,
2024-11-11 10:00:00,0.5964,0.6099,0.5939,0.5978,56150469.0,
2024-11-11 11:00:00,0.5977,0.6249,0.5879,0.6244,63000337.0,
2024-11-11 12:00:00,0.6242,0.6449,0.6073,0.633,128880726.0,
2024-11-11 13:00:00,0.6329,0.653,0.619,0.6438,71520206.0,
2024-11-11 14:00:00,0.6437,0.6729,0.6265,0.6337,138658668.0,
2024-11-11 15:00:00,0.6337,0.65,0.6235,0.6303,74718372.0,
2024-11-11 16:00:00,0.6303,0.66,0.6271,0.6371,63306591.0,
2024-11-11 17:00:00,0.637,0.6618,0.634,0.6473,48559320.0,
2024-11-11 18:00:00,0.6475,0.6505,0.6341,0.6401,33367045.0,
2024-11-11 19:00:00,0.64,0.6482,0.6344,0.6369,27163318.0,
2024-11-11 20:00:00,0.6368,0.6438,0.6332,0.6356,22106090.0,
2024-11-11 21:00:00,0.6357,0.6375,0.6265,0.6375,20948605.0,
2024-11-11 22:00:00,0.6375,0.6376,0.6144,0.6241,31165094.0,
2024-11-11 23:00:00,0.624,0.6362,0.6213,0.6344,29692979.0,
2024-11-12 00:00:00,0.6343,0.6351,0.6039,0.6221,45096924.0,
2024-11-12 01:00:00,0.622,0.6224,0.605,0.6111,23310884.0,
2024-11-12 02:00:00,0.6111,0.6164,0.6012,0.6083,18389942.0,
2024-11-12 03:00:00,0.6083,0.6131,0.6004,0.6126,15728077.0,
2024-11-12 04:00:00,0.6125,0.6156,0.5978,0.5996,27078911.0,
2024-11-12 05:00:00,0.5996,0.6047,0.593,0.5979,27860598.0,
2024-11-12 06:00:00,0.5978,0.6075,0.5973,0.6031,21857082.0,
2024-11-12 07:00:00,0.6031,0.6185,0.6029,0.6172,34452653.0,
2024-11-12 08:00:00,0.6171,0.6241,0.6074,0.6191,24545924.0,
2024-11-12 09:00:00,0.6191,0.6244,0.591,0.5932,42449630.0,
2024-11-12 10:00:00,0.5932,0.6058,0.5561,0.5936,108281764.0,
2024-11-12 11:00:00,0.5936,0.6047,0.5855,0.5924,43087225.0,
2024-11-12 12:00:00,0.5923,0.597,0.5779,0.5883,34619369.0,
2024-11-12 13:00:00,0.5883,0.5943,0.5727,0.5896,44554515.0,
2024-11-12 14:00:00,0.5896,0.6037,0.578,0.6017,37716775.0,
2024-11-12 15:00:00,0.6017,0.6055,0.5941,0.5977,19826100.0,
2024-11-12 16:00:00,0.5978,0.6039,0.5804,0.5987,35203936.0,
2024-11-12 17:00:00,0.5989,0.6034,0.5912,0.5912,14101273.0,
2024-11-12 18:00:00,0.5913,0.6082,0.5903,0.6001,14638693.0,
2024-11-12 19:00:00,0.6,0.6095,0.5964,0.5984,14123012.0,
2024-11-12 20:00:00,0.5986,0.5995,0.5794,0.5831,26428298.0,
2024-11-12 21:00:00,0.5831,0.5937,0.5764,0.5923,13081543.0,
2024-11-12 22:00:00,0.5924,0.6073,0.5899,0.6064,13968368.0,
2024-11-12 23:00:00,0.6065,0.6137,0.5895,0.5918,28006632.0,
2024-11-13 00:00:00,0.5918,0.5975,0.5771,0.5773,34592277.0,
2024-11-13 01:00:00,0.5774,0.5832,0.563,0.5691,30828059.0,
2024-11-13 02:00:00,0.5691,0.5724,0.5465,0.5613,42265904.0,
2024-11-13 03:00:00,0.5614,0.5626,0.5399,0.5409,33331822.0,
2024-11-13 04:00:00,0.541,0.5489,0.521,0.5366,46290049.0,
2024-11-13 05:00:00,0.5366,0.5398,0.5265,0.5293,32828843.0,
2024-11-13 06:00:00,0.5293,0.5396,0.5208,0.529,27444421.0,
2024-11-13 07:00:00,0.5291,0.5474,0.527,0.5468,29195930.0,
2024-11-13 08:00:00,0.5469,0.5645,0.5449,0.559,35555936.0,
2024-11-13 09:00:00,0.5591,0.5605,0.5493,0.5506,30955351.0,
2024-11-13 10:00:00,0.5506,0.5592,0.5462,0.557,22720722.0,
2024-11-13 11:00:00,0.5569,0.5654,0.5498,0.5515,21720177.0,
2024-11-13 12:00:00,0.5514,0.557,0.5434,0.5505,20477170.0,
2024-11-13 13:00:00,0.5505,0.5772,0.5484,0.5652,56706812.0,
2024-11-13 14:00:00,0.565,0.65,0.5559,0.6432,99298834.0,
2024-11-13 15:00:00,0.6433,0.6502,0.6129,0.6171,79765102.0,
2024-11-13 16:00:00,0.6172,0.63,0.5956,0.5998,46663321.0,
2024-11-13 17:00:00,0.5999,0.6107,0.5935,0.5954,19780653.0,
2024-11-13 18:00:00,0.5954,0.6056,0.5909,0.5958,20144766.0,
2024-11-13 19:00:00,0.5958,0.5976,0.5722,0.5771,61706686.0,
2024-11-13 20:00:00,0.577,0.5848,0.5701,0.5728,26178225.0,
2024-11-13 21:00:00,0.5727,0.578,0.556,0.5759,39690050.0,
2024-11-13 22:00:00,0.5759,0.5928,0.5734,0.5911,26730264.0,
2024-11-13 23:00:00,0.5911,0.5972,0.5841,0.5904,14023778.0,
2024-11-14 00:00:00,0.5903,0.5927,0.5761,0.5766,24141122.0,
2024-11-14 01:00:00,0.5766,0.5891,0.568,0.5816,36229834.0,
2024-11-14 02:00:00,0.5815,0.6037,0.5782,0.5951,40457491.0,
2024-11-14 03:00:00,0.5951,0.5992,0.5801,0.5953,19092344.0,
2024-11-14 04:00:00,0.5953,0.6026,0.5874,0.6003,15033218.0,
2024-11-14 05:00:00,0.6002,0.6047,0.5903,0.5996,11632789.0,
2024-11-14 06:00:00,0.5995,0.6048,0.58,0.58,19915043.0,
2024-11-14 07:00:00,0.58,0.5823,0.5634,0.5717,33344937.0,
2024-11-14 08:00:00,0.5717,0.5782,0.5591,0.5656,26501954.0,
2024-11-14 09:00:00,0.5656,0.5736,0.5608,0.5674,17354507.0,
2024-11-14 10:00:00,0.5673,0.5731,0.5513,0.5525,35994390.0,
2024-11-14 11:00:00,0.5526,0.5538,0.5365,0.5463,40201188.0,
2024-11-14 12:00:00,0.5463,0.5488,0.5381,0.5448,19435015.0,
2024-11-14 13:00:00,0.5447,0.5503,0.5382,0.5402,20200727.0,
2024-11-14 14:00:00,0.5401,0.5561,0.5326,0.5365,50891548.0,
2024-11-14 15:00:00,0.5365,0.5435,0.5273,0.5407,37545042.0,
2024-11-14 16:00:00,0.5407,0.5584,0.5367,0.5536,26832650.0,
2024-11-14 17:00:00,0.5537,0.5547,0.5468,0.5502,23012205.0,
2024-11-14 18:00:00,0.5503,0.5525,0.5453,0.5469,13300778.0,
2024-11-14 19:00:00,0.5469,0.5533,0.5469,0.5529,8974373.0,
2024-11-14 20:00:00,0.5529,0.5534,0.5448,0.5473,12317979.0,
2024-11-14 21:00:00,0.5472,0.5557,0.5456,0.5524,12616824.0,
2024-11-14 22:00:00,0.5525,0.5526,0.5373,0.5426,15524900.0,
2024-11-14 23:00:00,0.5427,0.5449,0.5316,0.5386,24308130.0,
2024-11-15 00:00:00,0.5386,0.551,0.5371,0.5414,18131112.0,
2024-11-15 01:00:00,0.5414,0.5452,0.5254,0.5379,39114098.0,
2024-11-15 02:00:00,0.5379,0.5509,0.5285,0.5501,20727075.0,
2024-11-15 03:00:00,0.5502,0.5509,0.5408,0.5448,25868804.0,
2024-11-15 04:00:00,0.5447,0.5461,0.5229,0.5283,29128217.0,
2024-11-15 05:00:00,0.5283,0.5445,0.5229,0.541,24784458.0,
2024-11-15 06:00:00,0.541,0.5528,0.5408,0.5498,15590093.0,
2024-11-15 07:00:00,0.5499,0.5578,0.5468,0.5477,14479238.0,
2024-11-15 08:00:00,0.5477,0.558,0.542,0.5556,17646843.0,
2024-11-15 09:00:00,0.5557,0.5735,0.5554,0.5648,28174534.0,
2024-11-15 10:00:00,0.5648,0.5669,0.5601,0.5627,14176882.0,
2024-11-15 11:00:00,0.5626,0.5831,0.5586,0.5716,39479379.0,
2024-11-15 12:00:00,0.5717,0.5805,0.5602,0.5619,30317854.0,
2024-11-15 13:00:00,0.5618,0.5663,0.5522,0.5605,24249794.0,
2024-11-15 14:00:00,0.5605,0.5612,0.5481,0.5504,28789315.0,
2024-11-15 15:00:00,0.5505,0.5508,0.532,0.5381,36520064.0,
2024-11-15 16:00:00,0.5381,0.548,0.5321,0.5419,21121198.0,
2024-11-15 17:00:00,0.5419,0.6034,0.5347,0.5608,193301192.0,
2024-11-15 18:00:00,0.5607,0.5639,0.5475,0.5579,34014036.0,
2024-11-15 19:00:00,0.5578,0.5601,0.5495,0.5542,21891507.0,
2024-11-15 20:00:00,0.5542,0.5596,0.5466,0.5516,26755006.0,
2024-11-15 21:00:00,0.5516,0.5521,0.545,0.5486,14028028.0,
2024-11-15 22:00:00,0.5486,0.5512,0.5365,0.5404,22874279.0,
2024-11-15 23:00:00,0.5404,0.5419,0.536,0.5365,14329426.0,
2024-11-16 00:00:00,0.5366,0.5428,0.5329,0.5422,21641854.0,
2024-11-16 01:00:00,0.5422,0.5503,0.5401,0.5483,19149203.0,
2024-11-16 02:00:00,0.5483,0.5519,0.546,0.5513,11516854.0,
2024-11-16 03:00:00,0.5514,0.5704,0.55,0.5683,22875863.0,
2024-11-16 04:00:00,0.5683,0.5771,0.5658,0.5695,20212944.0,
2024-11-16 05:00:00,0.5696,0.5707,0.5602,0.5644,13633764.0,
2024-11-16 06:00:00,0.5644,0.5655,0.5551,0.5566,13555550.0,
2024-11-16 07:00:00,0.5567,0.5584,0.5501,0.5504,9474308.0,
2024-11-16 08:00:00,0.5504,0.5527,0.5454,0.5493,15416644.0,
2024-11-16 09:00:00,0.5493,0.5506,0.5403,0.5407,15779483.0,
2024-11-16 10:00:00,0.5407,0.5504,0.538,0.5471,17945417.0,
2024-11-16 11:00:00,0.547,0.5642,0.5425,0.5634,28672491.0,
2024-11-16 12:00:00,0.5634,0.5659,0.55,0.5566,30694709.0,
2024-11-16 13:00:00,0.5565,0.5644,0.5468,0.5489,23772751.0,
2024-11-16 14:00:00,0.5489,0.5515,0.5395,0.5425,27638445.0,
2024-11-16 15:00:00,0.5426,0.5429,0.524,0.5278,50592850.0,
2024-11-16 16:00:00,0.5277,0.5322,0.5231,0.5311,21259998.0,
2024-11-16 17:00:00,0.531,0.5453,0.5292,0.5443,20397396.0,
2024-11-16 18:00:00,0.5444,0.5515,0.5421,0.5508,19067010.0,
2024-11-16 19:00:00,0.5507,0.5545,0.5465,0.5508,14838055.0,
2024-11-16 20:00:00,0.5509,0.5541,0.5441,0.546,15669099.0,
2024-11-16 21:00:00,0.5462,0.555,0.5445,0.5535,13334103.0,
2024-11-16 22:00:00,0.5536,0.5595,0.5502,0.5502,12118576.0,
2024-11-16 23:00:00,0.5503,0.5561,0.547,0.5543,13801846.0,
2024-11-17 00:00:00,0.5544,0.5637,0.5523,0.5588,17897435.0,
2024-11-17 01:00:00,0.5588,0.5665,0.5484,0.5658,34418523.0,
2024-11-17 02:00:00,0.5657,0.5972,0.5464,0.5933,94031846.0,
2024-11-17 03:00:00,0.5933,0.5938,0.5583,0.5679,56298169.0,
2024-11-17 04:00:00,0.5679,0.586,0.5648,0.582,29995474.0,
2024-11-17 05:00:00,0.5819,0.5984,0.5813,0.5937,27614069.0,
2024-11-17 06:00:00,0.5935,0.6076,0.5901,0.6006,29465702.0,
2024-11-17 07:00:00,0.6005,0.6005,0.5847,0.5962,23513771.0,
2024-11-17 08:00:00,0.5962,0.6026,0.5874,0.5883,18850173.0,
2024-11-17 09:00:00,0.5884,0.5961,0.5814,0.5829,17708193.0,
2024-11-17 10:00:00,0.5828,0.585,0.5698,0.5764,25835272.0,
2024-11-17 11:00:00,0.5764,0.5771,0.5621,0.5629,19650385.0,
2024-11-17 12:00:00,0.5629,0.5699,0.5605,0.568,15243819.0,
2024-11-17 13:00:00,0.5682,0.5685,0.5569,0.5637,18403702.0,
2024-11-17 14:00:00,0.5637,0.5748,0.5636,0.5671,18515424.0,
2024-11-17 15:00:00,0.5672,0.571,0.5617,0.5618,10504595.0,
2024-11-17 16:00:00,0.5618,0.5683,0.558,0.5673,10657352.0,
2024-11-17 17:00:00,0.5673,0.5685,0.5614,0.5668,7897827.0,
2024-11-17 18:00:00,0.5668,0.5671,0.5556,0.5561,10993710.0,
2024-11-17 19:00:00,0.5561,0.5624,0.5516,0.5584,13389040.0,
2024-11-17 20:00:00,0.5585,0.5612,0.5512,0.5536,11211628.0,
2024-11-17 21:00:00,0.5536,0.5595,0.5504,0.5512,10312369.0,
2024-11-17 22:00:00,0.5512,0.5537,0.5462,0.5492,16163640.0,
2024-11-17 23:00:00,0.5491,0.555,0.5445,0.5543,13658475.0,
2024-11-18 00:00:00,0.5544,0.5664,0.5481,0.5643,15670287.0,
2024-11-18 01:00:00,0.5643,0.571,0.5599,0.5662,15803526.0,
2024-11-18 02:00:00,0.5662,0.5705,0.5641,0.565,9175072.0,
2024-11-18 03:00:00,0.565,0.5721,0.5603,0.5719,8780129.0,
2024-11-18 04:00:00,0.5719,0.5753,0.5649,0.5676,10580458.0,
2024-11-18 05:00:00,0.5676,0.5737,0.5638,0.5698,10312607.0,
2024-11-18 06:00:00,0.5699,0.5808,0.5673,0.5766,9906151.0,
2024-11-18 07:00:00,0.5766,0.582,0.5666,0.5678,17055631.0,
2024-11-18 08:00:00,0.5679,0.5714,0.5625,0.5682,11410289.0,
2024-11-18 09:00:00,0.5683,0.5703,0.5609,0.5683,10865719.0,
2024-11-18 10:00:00,0.5682,0.5827,0.5673,0.5807,11651696.0,
2024-11-18 11:00:00,0.5807,0.5812,0.5705,0.5759,25508008.0,
2024-11-18 12:00:00,0.5758,0.5885,0.5689,0.588,26737253.0,
2024-11-18 13:00:00,0.5879,0.5951,0.5746,0.5865,33055227.0,
2024-11-18 14:00:00,0.5865,0.6074,0.5811,0.5811,46697824.0,
2024-11-18 15:00:00,0.5812,0.6275,0.5811,0.6231,47556903.0,
2024-11-18 16:00:00,0.6231,0.633,0.5957,0.5982,63215077.0,
2024-11-18 17:00:00,0.5982,0.6165,0.594,0.6048,33913786.0,
2024-11-18 18:00:00,0.6049,0.6075,0.555,0.5637,91605134.0,
2024-11-18 19:00:00,0.5637,0.5643,0.547,0.5529,50118021.0,
2024-11-18 20:00:00,0.5528,0.5798,0.5517,0.5784,51910026.0,
2024-11-18 21:00:00,0.5783,0.5857,0.5726,0.5836,28655718.0,
2024-11-18 22:00:00,0.5836,0.588,0.5812,0.5833,15186275.0,
2024-11-18 23:00:00,0.5833,0.5854,0.5728,0.58,17244975.0,
2024-11-19 00:00:00,0.58,0.5815,0.566,0.5675,21299618.0,
2024-11-19 01:00:00,0.5676,0.5705,0.5588,0.5593,14667788.0,
2024-11-19 02:00:00,0.5593,0.5679,0.5582,0.5638,14356779.0,
2024-11-19 03:00:00,0.5639,0.5682,0.5606,0.5662,6504001.0,
2024-11-19 04:00:00,0.5662,0.5779,0.5655,0.5688,18963467.0,
2024-11-19 05:00:00,0.5688,0.5688,0.5586,0.5626,12100824.0,
2024-11-19 06:00:00,0.5625,0.5665,0.5576,0.5613,13495736.0,
2024-11-19 07:00:00,0.5613,0.5644,0.5575,0.56,13789063.0,
2024-11-19 08:00:00,0.5599,0.5639,0.5551,0.5605,15097317.0,
2024-11-19 09:00:00,0.5605,0.5608,0.5543,0.5568,13660020.0,
2024-11-19 10:00:00,0.5568,0.559,0.5514,0.5575,15129834.0,
2024-11-19 11:00:00,0.5574,0.558,0.5528,0.5544,6102810.0,
2024-11-19 12:00:00,0.5545,0.5626,0.5531,0.558,22124706.0,
2024-11-19 13:00:00,0.558,0.5598,0.547,0.5477,22634994.0,
2024-11-19 14:00:00,0.5477,0.5551,0.5436,0.5494,17584614.0,
2024-11-19 15:00:00,0.5495,0.554,0.5452,0.5534,12983982.0,
2024-11-19 16:00:00,0.5536,0.554,0.5482,0.5503,8702330.0,
2024-11-19 17:00:00,0.5502,0.5548,0.5477,0.5482,11885974.0,
2024-11-19 18:00:00,0.5483,0.5536,0.547,0.5518,11297717.0,
2024-11-19 19:00:00,0.5518,0.5523,0.5441,0.545,9362621.0,
2024-11-19 20:00:00,0.5451,0.5458,0.5314,0.5339,22900395.0,
2024-11-19 21:00:00,0.5339,0.539,0.5285,0.5374,21936321.0,
2024-11-19 22:00:00,0.5375,0.5386,0.5283,0.5321,14158281.0,
2024-11-19 23:00:00,0.532,0.5373,0.531,0.5344,8420608.0,
2024-11-20 00:00:00,0.5345,0.5346,0.5275,0.5283,12274236.0,
2024-11-20 01:00:00,0.5283,0.5312,0.5165,0.518,31934479.0,
2024-11-20 02:00:00,0.518,0.5197,0.5131,0.5142,24942522.0,
2024-11-20 03:00:00,0.5142,0.5162,0.5058,0.5152,35763708.0,
2024-11-20 04:00:00,0.5152,0.5224,0.5148,0.519,21732833.0,
2024-11-20 05:00:00,0.519,0.5246,0.516,0.5234,10073728.0,
2024-11-20 06:00:00,0.5234,0.5245,0.5189,0.5201,9195790.0,
2024-11-20 07:00:00,0.5201,0.5348,0.5188,0.5299,14415260.0,
2024-11-20 08:00:00,0.5299,0.5373,0.5284,0.5351,18463222.0,
2024-11-20 09:00:00,0.5352,0.5365,0.5304,0.5334,10083216.0,
2024-11-20 10:00:00,0.5334,0.5366,0.5298,0.5308,8748539.0,
2024-11-20 11:00:00,0.5309,0.5399,0.5261,0.5383,26317431.0,
2024-11-20 12:00:00,0.5384,0.5468,0.5331,0.5438,17934331.0,
2024-11-20 13:00:00,0.5438,0.5448,0.5326,0.5345,21981868.0,
2024-11-20 14:00:00,0.5346,0.5473,0.5346,0.5374,23722417.0,
2024-11-20 15:00:00,0.5375,0.5423,0.531,0.5423,13134745.0,
2024-11-20 16:00:00,0.5423,0.5437,0.5175,0.5206,29316221.0,
2024-11-20 17:00:00,0.5205,0.5282,0.5097,0.5099,25737969.0,
2024-11-20 18:00:00,0.5098,0.5209,0.5051,0.5153,31146704.0,
2024-11-20 19:00:00,0.5153,0.5153,0.5014,0.5118,21254791.0,
2024-11-20 20:00:00,0.5118,0.5244,0.5084,0.5196,12451669.0,
2024-11-20 21:00:00,0.5196,0.5239,0.5182,0.5199,8017992.0,
2024-11-20 22:00:00,0.5198,0.5228,0.5166,0.5182,5785624.0,
2024-11-20 23:00:00,0.5182,0.5222,0.5146,0.5159,7545208.0,
2024-11-21 00:00:00,0.5159,0.5271,0.514,0.5213,11027141.0,
2024-11-21 01:00:00,0.5214,0.5245,0.5191,0.5206,8795581.0,
2024-11-21 02:00:00,0.5206,0.521,0.4965,0.5083,36577473.0,
2024-11-21 03:00:00,0.5083,0.53,0.507,0.5216,29293513.0,
2024-11-21 04:00:00,0.5216,0.5398,0.5167,0.5313,23675413.0,
2024-11-21 05:00:00,0.5312,0.5352,0.5236,0.5283,11575875.0,
2024-11-21 06:00:00,0.5284,0.5289,0.5179,0.5191,10104570.0,
2024-11-21 07:00:00,0.5192,0.5279,0.5191,0.5254,11988988.0,
2024-11-21 08:00:00,0.5255,0.531,0.5245,0.5282,12372838.0,
2024-11-21 09:00:00,0.5282,0.5285,0.5163,0.5168,12039800.0,
2024-11-21 10:00:00,0.5168,0.5205,0.5106,0.5114,12189472.0,
2024-11-21 11:00:00,0.5114,0.5179,0.5078,0.5167,13408840.0,
2024-11-21 12:00:00,0.5166,0.565,0.5161,0.5528,69531140.0,
2024-11-21 13:00:00,0.5527,0.5825,0.5526,0.5698,52795363.0,
2024-11-21 14:00:00,0.5697,0.5946,0.5697,0.5927,55605346.0,
2024-11-21 15:00:00,0.5926,0.5927,0.5598,0.5794,61351157.0,
2024-11-21 16:00:00,0.5793,0.6066,0.5789,0.601,41510501.0,
2024-11-21 17:00:00,0.6009,0.6009,0.5845,0.5891,30180124.0,
2024-11-21 18:00:00,0.5892,0.5912,0.5761,0.5812,20372671.0,
2024-11-21 19:00:00,0.5812,0.5829,0.5663,0.5692,26033763.0,
2024-11-21 20:00:00,0.5691,0.5741,0.5662,0.5691,14061403.0,
2024-11-21 21:00:00,0.5691,0.5696,0.5632,0.5671,9935602.0,
2024-11-21 22:00:00,0.5671,0.5829,0.5668,0.5822,10573972.0,
2024-11-21 23:00:00,0.5821,0.5937,0.5784,0.5922,12976283.0,
2024-11-22 00:00:00,0.5923,0.593,0.5765,0.5798,23117001.0,
2024-11-22 01:00:00,0.5798,0.5967,0.5733,0.5909,27920478.0,
2024-11-22 02:00:00,0.5909,0.6023,0.5882,0.5958,17578413.0,
2024-11-22 03:00:00,0.5958,0.5997,0.5888,0.5972,11556429.0,
2024-11-22 04:00:00,0.5972,0.6146,0.5951,0.6017,19243687.0,
2024-11-22 05:00:00,0.6015,0.614,0.6,0.6033,14604648.0,
2024-11-22 06:00:00,0.6031,0.6069,0.5905,0.5971,19746087.0,
2024-11-22 07:00:00,0.597,0.604,0.586,0.5914,17129204.0,
2024-11-22 08:00:00,0.5914,0.6137,0.5913,0.6086,24796322.0,
2024-11-22 09:00:00,0.6086,0.62,0.6081,0.6179,23738906.0,
2024-11-22 10:00:00,0.6178,0.6208,0.6027,0.6077,27700922.0,
2024-11-22 11:00:00,0.6077,0.6226,0.605,0.6168,20855049.0,
2024-11-22 12:00:00,0.6169,0.6299,0.6121,0.6202,27585711.0,
2024-11-22 13:00:00,0.6202,0.6205,0.5929,0.6005,53401048.0,
2024-11-22 14:00:00,0.6004,0.6076,0.5845,0.5885,31601426.0,
2024-11-22 15:00:00,0.5884,0.5985,0.583,0.5897,26006955.0,
2024-11-22 16:00:00,0.5897,0.5963,0.5861,0.5948,17882724.0,
2024-11-22 17:00:00,0.5946,0.5977,0.5903,0.5934,13196525.0,
2024-11-22 18:00:00,0.5935,0.5974,0.5876,0.5899,12370237.0,
2024-11-22 19:00:00,0.59,0.5957,0.5831,0.5931,11862884.0,
2024-11-22 20:00:00,0.5931,0.5982,0.59,0.5903,8141358.0,
2024-11-22 21:00:00,0.5904,0.5998,0.5859,0.597,11364842.0,
2024-11-22 22:00:00,0.5968,0.5974,0.5871,0.5894,7669423.0,
2024-11-22 23:00:00,0.5894,0.6003,0.587,0.5962,15594768.0,
2024-11-23 00:00:00,0.5963,0.62,0.5923,0.6007,31988826.0,
2024-11-23 01:00:00,0.6006,0.6146,0.5987,0.6127,17975244.0,
2024-11-23 02:00:00,0.6127,0.613,0.5889,0.5922,20323823.0,
2024-11-23 03:00:00,0.5923,0.6112,0.5885,0.6087,19834914.0,
2024-11-23 04:00:00,0.6086,0.6346,0.6069,0.6283,39553234.0,
2024-11-23 05:00:00,0.6282,0.6305,0.6161,0.6224,18562747.0,
2024-11-23 06:00:00,0.6225,0.6558,0.6127,0.6534,42264114.0,
2024-11-23 07:00:00,0.6535,0.6685,0.6433,0.6455,49635303.0,
2024-11-23 08:00:00,0.6456,0.6722,0.6454,0.6645,34479713.0,
2024-11-23 09:00:00,0.6647,0.6726,0.65,0.6549,21171657.0,
2024-11-23 10:00:00,0.6549,0.656,0.6353,0.6398,19932765.0,
2024-11-23 11:00:00,0.6398,0.6464,0.638,0.6385,11246076.0,
2024-11-23 12:00:00,0.6386,0.655,0.6371,0.6447,16656274.0,
2024-11-23 13:00:00,0.6447,0.664,0.6444,0.6536,18142798.0,
2024-11-23 14:00:00,0.6536,0.6761,0.6496,0.6656,31473122.0,
2024-11-23 15:00:00,0.6656,0.6728,0.6587,0.6635,20439961.0,
2024-11-23 16:00:00,0.6634,0.6679,0.6335,0.653,60492273.0,
2024-11-23 17:00:00,0.6529,0.672,0.6413,0.6685,36725274.0,
2024-11-23 18:00:00,0.6685,0.6745,0.6592,0.6599,23879089.0,
2024-11-23 19:00:00,0.66,0.665,0.6473,0.6526,13843195.0,
2024-11-23 20:00:00,0.6525,0.6537,0.64,0.6535,16737849.0,
2024-11-23 21:00:00,0.6536,0.669,0.6498,0.6657,11798577.0,
2024-11-23 22:00:00,0.6658,0.6835,0.664,0.6654,32251787.0,
2024-11-23 23:00:00,0.6654,0.6705,0.6555,0.6685,14378368.0,
2024-11-24 00:00:00,0.6685,0.6857,0.6624,0.6674,26373929.0,
2024-11-24 01:00:00,0.6674,0.6844,0.6668,0.6726,17465945.0,
2024-11-24 02:00:00,0.6726,0.6736,0.6598,0.6598,16751026.0,
2024-11-24 03:00:00,0.6598,0.6641,0.6507,0.6626,14274541.0,
2024-11-24 04:00:00,0.6626,0.663,0.6433,0.648,17325203.0,
2024-11-24 05:00:00,0.6479,0.6501,0.6411,0.6462,10587119.0,
2024-11-24 06:00:00,0.6462,0.6521,0.6413,0.6447,13833327.0,
2024-11-24 07:00:00,0.6447,0.648,0.6427,0.6435,8238251.0,
2024-11-24 08:00:00,0.6435,0.6447,0.626,0.628,23538810.0,
2024-11-24 09:00:00,0.628,0.6323,0.6236,0.6286,17313107.0,
2024-11-24 10:00:00,0.6286,0.6347,0.6171,0.6201,22224760.0,
2024-11-24 11:00:00,0.62,0.6223,0.6024,0.604,36792589.0,
2024-11-24 12:00:00,0.6039,0.6113,0.5844,0.5979,53581661.0,
2024-11-24 13:00:00,0.5978,0.6304,0.5952,0.6288,37037827.0,
2024-11-24 14:00:00,0.6287,0.629,0.6108,0.6254,35560952.0,
2024-11-24 15:00:00,0.6255,0.6261,0.6111,0.6119,18792481.0,
2024-11-24 16:00:00,0.6118,0.6464,0.6103,0.6389,37329467.0,
2024-11-24 17:00:00,0.6388,0.6419,0.6297,0.6311,15805730.0,
2024-11-24 18:00:00,0.6311,0.6438,0.6306,0.6374,8546655.0,
2024-11-24 19:00:00,0.6374,0.6405,0.6308,0.6387,6016433.0,
2024-11-24 20:00:00,0.6387,0.6451,0.6371,0.6412,6080329.0,
2024-11-24 21:00:00,0.6411,0.6442,0.6376,0.6393,5364451.0,
2024-11-24 22:00:00,0.6394,0.6579,0.6389,0.6549,13848157.0,
2024-11-24 23:00:00,0.6549,0.6884,0.6545,0.6812,32214243.0,
2024-11-25 00:00:00,0.6813,0.7191,0.6726,0.6752,61711186.0,
2024-11-25 01:00:00,0.6752,0.677,0.6574,0.667,30235992.0,
2024-11-25 02:00:00,0.667,0.6813,0.6667,0.6716,14552827.0,
2024-11-25 03:00:00,0.6716,0.6719,0.6585,0.6688,13829027.0,
2024-11-25 04:00:00,0.6689,0.675,0.6624,0.6644,9961136.0,
2024-11-25 05:00:00,0.6645,0.681,0.6633,0.6709,11656760.0,
2024-11-25 06:00:00,0.6708,0.6708,0.6558,0.6569,15608982.0,
2024-11-25 07:00:00,0.6569,0.662,0.6453,0.6522,21367131.0,
2024-11-25 08:00:00,0.6522,0.6597,0.6515,0.6566,7687472.0,
2024-11-25 09:00:00,0.6567,0.672,0.6563,0.6649,15925394.0,
2024-11-25 10:00:00,0.6648,0.6809,0.6591,0.6733,19618676.0,
2024-11-25 11:00:00,0.6732,0.6775,0.655,0.6575,18714347.0,
2024-11-25 12:00:00,0.6576,0.662,0.6526,0.6566,13920893.0,
2024-11-25 13:00:00,0.6566,0.6786,0.646,0.6675,32506035.0,
2024-11-25 14:00:00,0.6676,0.6793,0.6387,0.6398,46458807.0,
2024-11-25 15:00:00,0.6398,0.6705,0.6233,0.6585,53424487.0,
2024-11-25 16:00:00,0.6584,0.6644,0.638,0.6435,30592939.0,
2024-11-25 17:00:00,0.6434,0.6442,0.6174,0.6283,22620354.0,
2024-11-25 18:00:00,0.6284,0.63,0.6208,0.6243,10704371.0,
2024-11-25 19:00:00,0.6244,0.6457,0.6181,0.6377,18080616.0,
2024-11-25 20:00:00,0.6378,0.6469,0.6306,0.6424,11564241.0,
2024-11-25 21:00:00,0.6425,0.6429,0.6198,0.6299,13663463.0,
2024-11-25 22:00:00,0.6299,0.6345,0.6114,0.6318,14304910.0,
2024-11-25 23:00:00,0.6317,0.6436,0.6282,0.6314,13897286.0,
2024-11-26 00:00:00,0.6314,0.65,0.6281,0.6355,18331906.0,
2024-11-26 01:00:00,0.6354,0.6434,0.6353,0.6407,7110691.0,
2024-11-26 02:00:00,0.6406,0.6452,0.6367,0.6407,5162829.0,
2024-11-26 03:00:00,0.6407,0.6411,0.6265,0.6297,8667841.0,
2024-11-26 04:00:00,0.6296,0.6314,0.6243,0.6277,6736640.0,
2024-11-26 05:00:00,0.6276,0.6332,0.6253,0.6328,5886221.0,
2024-11-26 06:00:00,0.6327,0.6378,0.6263,0.6285,8521797.0,
2024-11-26 07:00:00,0.6285,0.6315,0.6019,0.6027,35760042.0,
2024-11-26 08:00:00,0.6027,0.6028,0.5665,0.5719,106628951.0,
2024-11-26 09:00:00,0.572,0.5797,0.5665,0.5785,24961485.0,
2024-11-26 10:00:00,0.5786,0.5863,0.56,0.5635,38387099.0,
2024-11-26 11:00:00,0.5636,0.5827,0.557,0.5807,50659253.0,
2024-11-26 12:00:00,0.5806,0.5902,0.5668,0.5788,44660045.0,
2024-11-26 13:00:00,0.5788,0.5934,0.5764,0.5859,33636955.0,
2024-11-26 14:00:00,0.586,0.6192,0.5793,0.6125,56960947.0,
2024-11-26 15:00:00,0.6126,0.614,0.5945,0.5962,26778742.0,
2024-11-26 16:00:00,0.5962,0.6218,0.5955,0.6099,29010604.0,
2024-11-26 17:00:00,0.6098,0.6244,0.6027,0.62,29657544.0,
2024-11-26 18:00:00,0.6199,0.623,0.5918,0.5921,36505461.0,
2024-11-26 19:00:00,0.592,0.5961,0.582,0.5867,23130549.0,
2024-11-26 20:00:00,0.5866,0.6092,0.585,0.6053,28866017.0,
2024-11-26 21:00:00,0.6052,0.6108,0.5964,0.5964,15424523.0,
2024-11-26 22:00:00,0.5964,0.6046,0.5919,0.5957,13944690.0,
2024-11-26 23:00:00,0.5956,0.6057,0.595,0.6001,9531647.0,
2024-11-27 00:00:00,0.6002,0.6144,0.5916,0.5939,18630498.0,
2024-11-27 01:00:00,0.5939,0.6164,0.5906,0.616,13492498.0,
2024-11-27 02:00:00,0.6161,0.6243,0.603,0.6235,19241524.0,
2024-11-27 03:00:00,0.6234,0.625,0.606,0.6083,18885713.0,
2024-11-27 04:00:00,0.6084,0.6218,0.6072,0.6143,15484233.0,
2024-11-27 05:00:00,0.6143,0.6225,0.6083,0.6121,10587990.0,
2024-11-27 06:00:00,0.6122,0.64,0.612,0.6358,32904120.0,
2024-11-27 07:00:00,0.6358,0.6428,0.6294,0.6305,16814850.0,
2024-11-27 08:00:00,0.6305,0.6487,0.6297,0.6402,20540095.0,
2024-11-27 09:00:00,0.6402,0.6406,0.624,0.6281,19215179.0,
2024-11-27 10:00:00,0.6282,0.6474,0.6277,0.6435,17875837.0,
2024-11-27 11:00:00,0.6436,0.6513,0.6283,0.6485,21558264.0,
2024-11-27 12:00:00,0.6484,0.6501,0.635,0.6457,20972383.0,
2024-11-27 13:00:00,0.6456,0.6585,0.6365,0.6484,32504687.0,
2024-11-27 14:00:00,0.6483,0.6657,0.646,0.665,30008829.0,
2024-11-27 15:00:00,0.6649,0.6783,0.6614,0.6657,33325404.0,
2024-11-27 16:00:00,0.6658,0.6707,0.6455,0.6474,36685609.0,
2024-11-27 17:00:00,0.6474,0.6696,0.643,0.6686,24927498.0,
2024-11-27 18:00:00,0.6686,0.6839,0.668,0.6813,29766202.0,
2024-11-27 19:00:00,0.6813,0.7149,0.6793,0.7045,48185502.0,
2024-11-27 20:00:00,0.7044,0.7375,0.7001,0.7302,57575186.0,
2024-11-27 21:00:00,0.7303,0.7365,0.7148,0.7212,35899671.0,
2024-11-27 22:00:00,0.7213,0.7239,0.7023,0.704,26125779.0,
2024-11-27 23:00:00,0.7041,0.7166,0.7034,0.7084,20562936.0,
2024-11-28 00:00:00,0.7083,0.7267,0.7004,0.7211,27634630.0,
2024-11-28 01:00:00,0.7211,0.7485,0.7188,0.7459,36336372.0,
2024-11-28 02:00:00,0.7459,0.7545,0.7329,0.7512,29061574.0,
2024-11-28 03:00:00,0.7513,0.762,0.7309,0.745,65500645.0,
2024-11-28 04:00:00,0.745,0.7609,0.7377,0.757,34202487.0,
2024-11-28 05:00:00,0.7571,0.7571,0.7316,0.7334,23341888.0,
2024-11-28 06:00:00,0.7335,0.7351,0.716,0.7211,30257591.0,
2024-11-28 07:00:00,0.7213,0.7233,0.705,0.7098,26119452.0,
2024-11-28 08:00:00,0.7098,0.7212,0.7085,0.7163,18385516.0,
2024-11-28 09:00:00,0.7163,0.7202,0.708,0.7187,14252523.0,
2024-11-28 10:00:00,0.7187,0.7269,0.7058,0.709,30693712.0,
2024-11-28 11:00:00,0.7089,0.709,0.6914,0.7009,30591804.0,
2024-11-28 12:00:00,0.701,0.7195,0.6999,0.7135,27050536.0,
2024-11-28 13:00:00,0.7134,0.7143,0.7012,0.7035,24037513.0,
2024-11-28 14:00:00,0.7035,0.7066,0.6904,0.6965,23189689.0,
2024-11-28 15:00:00,0.6965,0.7,0.6868,0.6917,18491264.0,
2024-11-28 16:00:00,0.6918,0.6971,0.685,0.6865,14098808.0,
2024-11-28 17:00:00,0.6863,0.6938,0.684,0.6881,11906774.0,
2024-11-28 18:00:00,0.6882,0.6993,0.6871,0.6967,12957435.0,
2024-11-28 19:00:00,0.6967,0.705,0.6963,0.7034,13708629.0,
2024-11-28 20:00:00,0.7034,0.7043,0.6938,0.6964,10542961.0,
2024-11-28 21:00:00,0.6964,0.7035,0.6946,0.6994,6920220.0,
2024-11-28 22:00:00,0.6994,0.7196,0.6982,0.7177,14915119.0,
2024-11-28 23:00:00,0.7176,0.7194,0.7067,0.7074,12152348.0,
2024-11-29 00:00:00,0.7074,0.7129,0.6986,0.6998,13371046.0,
2024-11-29 01:00:00,0.6998,0.715,0.6994,0.7092,11531537.0,
2024-11-29 02:00:00,0.7091,0.7197,0.7069,0.7134,9424404.0,
2024-11-29 03:00:00,0.7134,0.7208,0.7082,0.709,10297683.0,
2024-11-29 04:00:00,0.709,0.7243,0.7081,0.7154,9984000.0,
2024-11-29 05:00:00,0.7154,0.7226,0.7037,0.7043,10452387.0,
2024-11-29 06:00:00,0.7044,0.7124,0.6978,0.7007,11734540.0,
2024-11-29 07:00:00,0.7007,0.7025,0.6852,0.6951,20863513.0,
2024-11-29 08:00:00,0.695,0.7137,0.6936,0.7136,9338690.0,
2024-11-29 09:00:00,0.7135,0.7224,0.7073,0.7186,11512854.0,
2024-11-29 10:00:00,0.7187,0.7303,0.7182,0.7273,17292886.0,
2024-11-29 11:00:00,0.7272,0.7379,0.7225,0.7337,16119253.0,
2024-11-29 12:00:00,0.7337,0.7411,0.7284,0.7365,15026240.0,
2024-11-29 13:00:00,0.7366,0.7551,0.7323,0.7525,24756437.0,
2024-11-29 14:00:00,0.7526,0.77,0.7433,0.7611,33496753.0,
2024-11-29 15:00:00,0.7612,0.7934,0.7213,0.7232,107153831.0,
2024-11-29 16:00:00,0.7232,0.7466,0.722,0.7454,23021094.0,
2024-11-29 17:00:00,0.7455,0.7708,0.7352,0.7613,28382746.0,
2024-11-29 18:00:00,0.7613,0.7783,0.7574,0.7669,24333536.0,
2024-11-29 19:00:00,0.7668,0.7795,0.755,0.7745,24588093.0,
2024-11-29 20:00:00,0.7746,0.7819,0.7721,0.773,11621027.0,
2024-11-29 21:00:00,0.773,0.7928,0.7705,0.7918,17973586.0,
2024-11-29 22:00:00,0.7917,0.7956,0.7797,0.7923,16321182.0,
2024-11-29 23:00:00,0.7923,0.7962,0.7844,0.7904,11451832.0,
2024-11-30 00:00:00,0.7903,0.8347,0.7851,0.7904,61343823.0,
2024-11-30 01:00:00,0.7904,0.7964,0.7764,0.7949,27501366.0,
2024-11-30 02:00:00,0.7948,0.8096,0.7805,0.796,23818514.0,
2024-11-30 03:00:00,0.796,0.8045,0.7876,0.7995,16084058.0,
2024-11-30 04:00:00,0.7994,0.8068,0.7842,0.7867,16303499.0,
2024-11-30 05:00:00,0.7867,0.8098,0.7838,0.8071,11709463.0,
2024-11-30 06:00:00,0.8072,0.8211,0.7913,0.7936,27231755.0,
2024-11-30 07:00:00,0.7937,0.825,0.7895,0.8149,24684913.0,
2024-11-30 08:00:00,0.8148,0.816,0.796,0.8012,15366253.0,
2024-11-30 09:00:00,0.8011,0.8051,0.7966,0.7968,8716352.0,
2024-11-30 10:00:00,0.7968,0.8002,0.7758,0.7816,22291587.0,
2024-11-30 11:00:00,0.7816,0.7879,0.7709,0.7722,13711609.0,
2024-11-30 12:00:00,0.7722,0.7795,0.771,0.7788,9939358.0,
2024-11-30 13:00:00,0.7789,0.784,0.7744,0.7801,9277783.0,
2024-11-30 14:00:00,0.7802,0.7893,0.7713,0.7747,9997922.0,
2024-11-30 15:00:00,0.7748,0.7834,0.7713,0.7776,9552517.0,
2024-11-30 16:00:00,0.7776,0.7877,0.7753,0.7842,9003794.0,
2024-11-30 17:00:00,0.784,0.7994,0.7764,0.7992,10171270.0,
2024-11-30 18:00:00,0.7992,0.8197,0.7977,0.8135,19035760.0,
2024-11-30 19:00:00,0.8135,0.8302,0.8102,0.8206,17523682.0,
2024-11-30 20:00:00,0.8207,0.8259,0.8123,0.8248,15111728.0,
2024-11-30 21:00:00,0.8247,0.8376,0.8117,0.8356,16012872.0,
2024-11-30 22:00:00,0.8357,0.8487,0.8272,0.8477,19943928.0,
2024-11-30 23:00:00,0.8478,0.8595,0.833,0.843,25337925.0,
2024-12-01 00:00:00,0.8429,0.87,0.8331,0.8405,45180416.0,
2024-12-01 01:00:00,0.8405,0.8791,0.8362,0.8654,34589808.0,
2024-12-01 02:00:00,0.8654,0.8874,0.8472,0.8595,46023231.0,
2024-12-01 03:00:00,0.8596,0.8856,0.8595,0.8715,31030206.0,
2024-12-01 04:00:00,0.8716,0.8751,0.8416,0.8527,22503293.0,
2024-12-01 05:00:00,0.8527,0.8567,0.8308,0.8333,17761528.0,
2024-12-01 06:00:00,0.833,0.847,0.8321,0.8325,13247843.0,
2024-12-01 07:00:00,0.8325,0.8417,0.8235,0.834,16187447.0,
2024-12-01 08:00:00,0.834,0.8452,0.8285,0.8308,10615654.0,
2024-12-01 09:00:00,0.8308,0.8317,0.8152,0.8215,13551337.0,
2024-12-01 10:00:00,0.8215,0.8215,0.805,0.8106,13455250.0,
2024-12-01 11:00:00,0.8105,0.8245,0.8066,0.8192,16621856.0,
2024-12-01 12:00:00,0.8192,0.8296,0.8166,0.8294,19031780.0,
2024-12-01 13:00:00,0.8294,0.8323,0.817,0.8216,14864009.0,
2024-12-01 14:00:00,0.8218,0.8276,0.813,0.8191,13769033.0,
2024-12-01 15:00:00,0.819,0.8335,0.8165,0.828,12746650.0,
2024-12-01 16:00:00,0.828,0.8316,0.8166,0.8169,9247494.0,
2024-12-01 17:00:00,0.817,0.8219,0.8122,0.8205,7927571.0,
2024-12-01 18:00:00,0.8204,0.8259,0.8174,0.8231,5078316.0,
2024-12-01 19:00:00,0.823,0.8275,0.8141,0.8191,7711798.0,
2024-12-01 20:00:00,0.819,0.8199,0.8089,0.8117,9382932.0,
2024-12-01 21:00:00,0.8116,0.8239,0.8093,0.8192,5990437.0,
2024-12-01 22:00:00,0.8192,0.8282,0.8176,0.8222,4885397.0,
2024-12-01 23:00:00,0.8222,0.8277,0.8164,0.8225,8192273.0,
2024-12-02 00:00:00,0.8224,0.8283,0.8131,0.8171,16996371.0,
2024-12-02 01:00:00,0.8172,0.8326,0.8134,0.8288,15552165.0,
2024-12-02 02:00:00,0.8288,0.8313,0.8136,0.8216,14186373.0,
2024-12-02 03:00:00,0.8217,0.8305,0.793,0.7945,26518730.0,
2024-12-02 04:00:00,0.7945,0.8235,0.784,0.822,41332822.0,
2024-12-02 05:00:00,0.822,0.864,0.8203,0.8565,57837385.0,
2024-12-02 06:00:00,0.8565,0.8798,0.8422,0.8527,44119631.0,
2024-12-02 07:00:00,0.8526,0.8567,0.8302,0.8318,26637103.0,
2024-12-02 08:00:00,0.8318,0.8399,0.796,0.8316,50115625.0,
2024-12-02 09:00:00,0.8315,0.8509,0.8191,0.8318,33672536.0,
2024-12-02 10:00:00,0.8319,0.8468,0.8178,0.8235,29677627.0,
2024-12-02 11:00:00,0.8236,0.8467,0.8185,0.8325,27903896.0,
2024-12-02 12:00:00,0.8326,0.8785,0.8326,0.8536,44615764.0,
2024-12-02 13:00:00,0.8536,0.8839,0.8462,0.8791,38374895.0,
2024-12-02 14:00:00,0.879,0.8897,0.8538,0.8743,41587848.0,
2024-12-02 15:00:00,0.8744,0.8799,0.8431,0.8637,29913985.0,
2024-12-02 16:00:00,0.8638,0.8641,0.8295,0.8299,25815734.0,
2024-12-02 17:00:00,0.8299,0.8321,0.8051,0.8113,31328330.0,
2024-12-02 18:00:00,0.8112,0.8221,0.8082,0.8097,16329965.0,
2024-12-02 19:00:00,0.8097,0.8116,0.8015,0.811,10627535.0,
2024-12-02 20:00:00,0.8109,0.8265,0.8078,0.8114,17367588.0,
2024-12-02 21:00:00,0.8112,0.8216,0.8012,0.8119,11276040.0,
2024-12-02 22:00:00,0.8119,0.8134,0.8024,0.8055,6932104.0,
2024-12-02 23:00:00,0.8055,0.8419,0.8052,0.8388,20819229.0,
2024-12-03 00:00:00,0.8388,0.848,0.8276,0.8301,24379073.0,
2024-12-03 01:00:00,0.8302,0.8612,0.8244,0.8486,31187259.0,
2024-12-03 02:00:00,0.8485,0.8748,0.839,0.8717,25558175.0,
2024-12-03 03:00:00,0.8717,0.8827,0.8516,0.859,28003391.0,
2024-12-03 04:00:00,0.859,0.8664,0.8458,0.8531,12647176.0,
2024-12-03 05:00:00,0.8531,0.858,0.8356,0.841,16003945.0,
2024-12-03 06:00:00,0.841,0.8526,0.8218,0.8248,16694645.0,
2024-12-03 07:00:00,0.8247,0.8302,0.8148,0.8251,24113096.0,
2024-12-03 08:00:00,0.8252,0.8361,0.8214,0.8261,15598635.0,
2024-12-03 09:00:00,0.8262,0.8563,0.8181,0.8558,23916089.0,
2024-12-03 10:00:00,0.8557,0.8749,0.838,0.8452,34559534.0,
2024-12-03 11:00:00,0.8452,0.8539,0.839,0.8478,12065075.0,
2024-12-03 12:00:00,0.8478,0.8537,0.8343,0.8494,13587088.0,
2024-12-03 13:00:00,0.8494,0.8535,0.7939,0.8075,57048955.0,
2024-12-03 14:00:00,0.8073,0.8192,0.7475,0.8138,93735602.0,
2024-12-03 15:00:00,0.8138,0.8268,0.79,0.8091,34633086.0,
2024-12-03 16:00:00,0.8092,0.8346,0.8028,0.8071,23750416.0,
2024-12-03 17:00:00,0.8071,0.8094,0.786,0.804,22885792.0,
2024-12-03 18:00:00,0.8041,0.8083,0.7933,0.8051,14874321.0,
2024-12-03 19:00:00,0.805,0.805,0.7873,0.8001,13028914.0,
2024-12-03 20:00:00,0.8002,0.8134,0.7993,0.8071,8478049.0,
2024-12-03 21:00:00,0.8069,0.8231,0.806,0.8171,14085658.0,
2024-12-03 22:00:00,0.8172,0.8188,0.8039,0.8166,18856380.0,
2024-12-03 23:00:00,0.8167,0.8225,0.8077,0.8083,16471499.0,
2024-12-04 00:00:00,0.8084,0.832,0.8052,0.8303,25431064.0,
2024-12-04 01:00:00,0.8303,0.8437,0.8239,0.8267,29681912.0,
2024-12-04 02:00:00,0.8267,0.8268,0.8007,0.8046,19490427.0,
2024-12-04 03:00:00,0.8046,0.8196,0.804,0.8135,9381774.0,
2024-12-04 04:00:00,0.8134,0.8355,0.8125,0.8346,12190150.0,
2024-12-04 05:00:00,0.8345,0.842,0.831,0.841,14580197.0,
2024-12-04 06:00:00,0.841,0.8634,0.8357,0.8617,19862232.0,
2024-12-04 07:00:00,0.8617,0.8629,0.8503,0.8538,13597975.0,
2024-12-04 08:00:00,0.8538,0.8733,0.8516,0.8703,17346125.0,
2024-12-04 09:00:00,0.8703,0.8847,0.8624,0.8844,28117082.0,
2024-12-04 10:00:00,0.8844,0.915,0.8827,0.8956,48125575.0,
2024-12-04 11:00:00,0.8956,0.924,0.8926,0.9064,27577247.0,
2024-12-04 12:00:00,0.9064,0.9191,0.888,0.905,31237588.0,
2024-12-04 13:00:00,0.9051,0.932,0.902,0.929,35553954.0,
2024-12-04 14:00:00,0.9291,0.9696,0.9203,0.951,75222406.0,
2024-12-04 15:00:00,0.9508,0.957,0.9231,0.9281,45253139.0,
2024-12-04 16:00:00,0.9282,0.938,0.8993,0.9092,40657783.0,
2024-12-04 17:00:00,0.9091,0.9255,0.899,0.919,22909600.0,
2024-12-04 18:00:00,0.919,0.94,0.9091,0.9338,20973279.0,
2024-12-04 19:00:00,0.9337,0.9475,0.9304,0.9401,15673399.0,
2024-12-04 20:00:00,0.9401,0.9429,0.9142,0.9245,18366292.0,
2024-12-04 21:00:00,0.9246,0.9383,0.9115,0.9153,14115903.0,
2024-12-04 22:00:00,0.9153,0.9282,0.907,0.9111,10806939.0,
2024-12-04 23:00:00,0.911,0.9127,0.8954,0.9057,13548065.0,
2024-12-05 00:00:00,0.9057,0.9065,0.8763,0.8783,19712594.0,
2024-12-05 01:00:00,0.8783,0.8825,0.8531,0.8805,31119653.0,
2024-12-05 02:00:00,0.8804,0.9361,0.8743,0.906,32915869.0,
2024-12-05 03:00:00,0.906,0.9207,0.892,0.8973,30528151.0,
2024-12-05 04:00:00,0.8973,0.918,0.895,0.9153,14055319.0,
2024-12-05 05:00:00,0.9153,0.9239,0.905,0.92,15511312.0,
2024-12-05 06:00:00,0.9201,0.954,0.9086,0.9505,30825175.0,
2024-12-05 07:00:00,0.9504,0.965,0.9427,0.95,33867863.0,
2024-12-05 08:00:00,0.9499,0.9611,0.9367,0.961,25227444.0,
2024-12-05 09:00:00,0.9611,0.97,0.952,0.9586,26396027.0,
2024-12-05 10:00:00,0.9585,0.9865,0.951,0.9713,35492514.0,
2024-12-05 11:00:00,0.9713,0.9843,0.9651,0.9672,21480646.0,
2024-12-05 12:00:00,0.9672,0.9726,0.9358,0.9368,27918847.0,
2024-12-05 13:00:00,0.9368,0.9453,0.9238,0.9309,22346981.0,
2024-12-05 14:00:00,0.9309,0.9324,0.9198,0.9247,14959590.0,
2024-12-05 15:00:00,0.9246,0.9263,0.9108,0.9219,21633236.0,
2024-12-05 16:00:00,0.922,0.9414,0.916,0.9373,19381774.0,
2024-12-05 17:00:00,0.9374,0.9639,0.9367,0.9531,32376201.0,
2024-12-05 18:00:00,0.9532,0.957,0.9441,0.9538,13885799.0,
2024-12-05 19:00:00,0.9539,0.9566,0.9312,0.9314,14959433.0,
2024-12-05 20:00:00,0.9314,0.9379,0.9118,0.9258,22813639.0,
2024-12-05 21:00:00,0.9258,0.9317,0.92,0.9263,9079199.0,
2024-12-05 22:00:00,0.9262,0.985,0.8897,0.9843,50195381.0,
2024-12-05 23:00:00,0.9842,0.9972,0.9555,0.9636,59028855.0,
2024-12-06 00:00:00,0.9636,1.03,0.9521,1.0113,57316247.0,
2024-12-06 01:00:00,1.0112,1.0112,0.9815,0.984,34045948.0,
2024-12-06 02:00:00,0.984,1.0243,0.9823,1.0223,30811029.0,
2024-12-06 03:00:00,1.0222,1.0515,1.0132,1.0465,37385933.0,
2024-12-06 04:00:00,1.0465,1.0565,1.0298,1.045,25324747.0,
2024-12-06 05:00:00,1.0451,1.0455,1.0088,1.0119,23917700.0,
2024-12-06 06:00:00,1.0118,1.0342,1.0094,1.031,18194319.0,
2024-12-06 07:00:00,1.031,1.0435,1.028,1.0358,12890603.0,
2024-12-06 08:00:00,1.0358,1.0444,1.019,1.0199,15143065.0,
2024-12-06 09:00:00,1.0199,1.0209,0.9982,1.0041,27751149.0,
2024-12-06 10:00:00,1.0042,1.0145,0.9968,1.0136,13775009.0,
2024-12-06 11:00:00,1.0136,1.0352,1.0134,1.0269,16434555.0,
2024-12-06 12:00:00,1.0268,1.0449,1.013,1.0162,22569128.0,
2024-12-06 13:00:00,1.0162,1.043,1.007,1.0179,28359567.0,
2024-12-06 14:00:00,1.0178,1.04,1.0,1.0359,27244039.0,
2024-12-06 15:00:00,1.0359,1.0684,1.0153,1.0235,48644408.0,
2024-12-06 16:00:00,1.0235,1.0624,1.0204,1.0395,27185592.0,
2024-12-06 17:00:00,1.0395,1.0646,1.0301,1.057,19778959.0,
2024-12-06 18:00:00,1.0569,1.075,1.0512,1.0517,21838294.0,
2024-12-06 19:00:00,1.0518,1.0586,1.0372,1.0395,12266045.0,
2024-12-06 20:00:00,1.0394,1.0445,1.0245,1.0293,12058995.0,
2024-12-06 21:00:00,1.0293,1.0577,1.029,1.0566,14402571.0,
2024-12-06 22:00:00,1.0567,1.0605,1.0335,1.0447,15092060.0,
2024-12-06 23:00:00,1.0446,1.0628,1.043,1.0465,14764865.0,
2024-12-07 00:00:00,1.0466,1.0794,1.0466,1.0634,25972074.0,
2024-12-07 01:00:00,1.0634,1.0695,1.0377,1.0527,22909378.0,
2024-12-07 02:00:00,1.0527,1.076,1.0501,1.0731,17848092.0,
2024-12-07 03:00:00,1.0731,1.097,1.0705,1.0916,25949677.0,
2024-12-07 04:00:00,1.0916,1.1388,1.085,1.1368,40176275.0,
2024-12-07 05:00:00,1.1369,1.1469,1.1106,1.1189,31319955.0,
2024-12-07 06:00:00,1.119,1.1346,1.1159,1.1201,16260879.0,
2024-12-07 07:00:00,1.1201,1.129,1.106,1.1177,19780311.0,
2024-12-07 08:00:00,1.1177,1.1272,1.0853,1.0924,20215374.0,
2024-12-07 09:00:00,1.0924,1.1087,1.0661,1.0752,29736011.0,
2024-12-07 10:00:00,1.0753,1.0869,1.0742,1.078,13961153.0,
2024-12-07 11:00:00,1.0779,1.089,1.0736,1.0752,9959850.0,
2024-12-07 12:00:00,1.0752,1.0867,1.0731,1.0816,10104833.0,
2024-12-07 13:00:00,1.0816,1.0836,1.0616,1.0648,13202950.0,
2024-12-07 14:00:00,1.0647,1.0691,1.055,1.0591,16188615.0,
2024-12-07 15:00:00,1.0591,1.0604,1.043,1.0492,19032736.0,
2024-12-07 16:00:00,1.0493,1.0513,1.0405,1.0446,9813986.0,
2024-12-07 17:00:00,1.0446,1.0462,1.027,1.0299,16338574.0,
2024-12-07 18:00:00,1.0298,1.0412,1.0292,1.0382,7924807.0,
2024-12-07 19:00:00,1.0383,1.0483,1.0312,1.0333,12310127.0,
2024-12-07 20:00:00,1.0334,1.043,1.031,1.0397,4666438.0,
2024-12-07 21:00:00,1.0397,1.0494,1.0344,1.0486,6281995.0,
2024-12-07 22:00:00,1.0487,1.0548,1.0397,1.0485,8871498.0,
2024-12-07 23:00:00,1.0485,1.059,1.0474,1.0503,9689920.0,
2024-12-08 00:00:00,1.0503,1.0835,1.0502,1.0757,25526257.0,
2024-12-08 01:00:00,1.0756,1.0756,1.0377,1.0403,18013596.0,
2024-12-08 02:00:00,1.0403,1.0484,1.0324,1.0334,10070979.0,
2024-12-08 03:00:00,1.0335,1.04,1.0231,1.0261,10832224.0,
2024-12-08 04:00:00,1.0261,1.03,0.9909,0.9974,32461355.0,
2024-12-08 05:00:00,0.9973,1.0135,0.9893,1.0107,26903186.0,
2024-12-08 06:00:00,1.0108,1.0199,1.0033,1.0108,16361948.0,
2024-12-08 07:00:00,1.0108,1.0378,1.0108,1.0331,20551507.0,
2024-12-08 08:00:00,1.0329,1.0336,1.0056,1.0067,22245235.0,
2024-12-08 09:00:00,1.0065,1.0162,0.9901,0.9957,24207358.0,
2024-12-08 10:00:00,0.9957,1.0084,0.9949,1.0044,11109447.0,
2024-12-08 11:00:00,1.0044,1.019,0.997,1.009,14692452.0,
2024-12-08 12:00:00,1.009,1.0105,0.999,1.0071,12984783.0,
2024-12-08 13:00:00,1.0071,1.0299,1.0039,1.0241,18759321.0,
2024-12-08 14:00:00,1.024,1.031,1.0147,1.0183,11125994.0,
2024-12-08 15:00:00,1.0183,1.0223,1.0077,1.0087,11058550.0,
2024-12-08 16:00:00,1.0087,1.0173,0.999,1.0003,11834279.0,
2024-12-08 17:00:00,1.0005,1.0185,0.9963,1.0174,8049748.0,
2024-12-08 18:00:00,1.0174,1.0192,1.0003,1.0032,7316723.0,
2024-12-08 19:00:00,1.0032,1.0121,0.9983,1.0104,8342936.0,
2024-12-08 20:00:00,1.0104,1.0163,1.0068,1.012,4726325.0,
2024-12-08 21:00:00,1.012,1.0273,1.012,1.025,6011276.0,
2024-12-08 22:00:00,1.0251,1.0316,1.0186,1.0194,8177388.0,
2024-12-08 23:00:00,1.0194,1.0337,1.017,1.0281,11279139.0,
2024-12-09 00:00:00,1.0281,1.0284,1.0005,1.0069,20237916.0,
2024-12-09 01:00:00,1.007,1.0192,1.0017,1.0022,9938670.0,
2024-12-09 02:00:00,1.0022,1.023,1.0002,1.0159,16628802.0,
2024-12-09 03:00:00,1.0159,1.0169,0.9708,0.9835,32589557.0,
2024-12-09 04:00:00,0.9834,0.9935,0.965,0.9743,27303678.0,
2024-12-09 05:00:00,0.9743,0.9904,0.9721,0.9856,10597017.0,
2024-12-09 06:00:00,0.9856,0.9866,0.954,0.9599,23541664.0,
2024-12-09 07:00:00,0.9599,0.97,0.938,0.9664,33049509.0,
2024-12-09 08:00:00,0.9664,0.975,0.9431,0.9439,24225155.0,
2024-12-09 09:00:00,0.9437,0.979,0.9405,0.9683,27383764.0,
2024-12-09 10:00:00,0.9683,0.9728,0.9557,0.9645,13110739.0,
2024-12-09 11:00:00,0.9645,0.9658,0.9389,0.9433,18588596.0,
2024-12-09 12:00:00,0.9433,0.9691,0.9313,0.9684,33096207.0,
2024-12-09 13:00:00,0.9682,1.01,0.964,0.9976,40288398.0,
2024-12-09 14:00:00,0.9977,1.0085,0.9858,0.9941,23304956.0,
2024-12-09 15:00:00,0.9941,0.9988,0.9572,0.9666,30065960.0,
2024-12-09 16:00:00,0.9666,0.9808,0.958,0.9621,19135526.0,
2024-12-09 17:00:00,0.9621,0.9718,0.9595,0.9605,10265593.0,
2024-12-09 18:00:00,0.9606,0.9858,0.9606,0.9688,14788292.0,
2024-12-09 19:00:00,0.9687,1.0052,0.9636,0.9857,27696142.0,
2024-12-09 20:00:00,0.9856,0.9908,0.94,0.9481,53524336.0,
2024-12-09 21:00:00,0.9481,0.9874,0.85,0.9528,127434242.0,
2024-12-09 22:00:00,0.9527,0.9786,0.8586,0.9717,103704295.0,
2024-12-09 23:00:00,0.9717,1.0295,0.9463,1.0038,65007839.0,
2024-12-10 00:00:00,1.0038,1.0667,0.985,1.0571,80887783.0,
2024-12-10 01:00:00,1.0571,1.07,1.0065,1.0257,49179685.0,
2024-12-10 02:00:00,1.0256,1.0264,0.9499,0.9509,45612453.0,
2024-12-10 03:00:00,0.9509,0.9727,0.92,0.9585,85053494.0,
2024-12-10 04:00:00,0.9584,0.9866,0.9168,0.9823,48132585.0,
2024-12-10 05:00:00,0.9823,0.988,0.9611,0.9716,24530855.0,
2024-12-10 06:00:00,0.9715,1.015,0.9699,0.996,35087645.0,
2024-12-10 07:00:00,0.9959,1.0001,0.9739,0.9826,20801216.0,
2024-12-10 08:00:00,0.9826,0.9908,0.9582,0.9708,26890266.0,
2024-12-10 09:00:00,0.9709,1.0056,0.9705,0.9933,29786466.0,
2024-12-10 10:00:00,0.9933,1.0216,0.9933,1.0108,27426553.0,
2024-12-10 11:00:00,1.0107,1.0118,0.9777,0.9898,20009852.0,
2024-12-10 12:00:00,0.99,0.9974,0.9459,0.9563,37506315.0,
2024-12-10 13:00:00,0.9563,0.9839,0.9544,0.9746,35387319.0,
2024-12-10 14:00:00,0.9745,0.9873,0.9545,0.9596,35516343.0,
2024-12-10 15:00:00,0.9596,0.9618,0.8966,0.8975,69389403.0,
2024-12-10 16:00:00,0.8974,0.9156,0.857,0.9022,99312252.0,
2024-12-10 17:00:00,0.9022,0.9029,0.8562,0.8582,54477702.0,
2024-12-10 18:00:00,0.8581,0.9149,0.8546,0.8993,43082513.0,
2024-12-10 19:00:00,0.8994,0.9248,0.8951,0.9108,22572471.0,
2024-12-10 20:00:00,0.9107,0.9162,0.8902,0.895,20401732.0,
2024-12-10 21:00:00,0.8951,0.9119,0.8905,0.8963,26763850.0,
2024-12-10 22:00:00,0.8964,0.925,0.8952,0.9109,16258652.0,
2024-12-10 23:00:00,0.9108,0.9275,0.9007,0.9016,13351776.0,
2024-12-11 00:00:00,0.9017,0.9086,0.8824,0.8971,33376037.0,
2024-12-11 01:00:00,0.8972,0.8975,0.8598,0.8604,35326925.0,
2024-12-11 02:00:00,0.8605,0.9048,0.8568,0.8985,32557943.0,
2024-12-11 03:00:00,0.8984,0.9181,0.8953,0.9179,22078984.0,
2024-12-11 04:00:00,0.9179,0.9267,0.9086,0.922,17600499.0,
2024-12-11 05:00:00,0.9221,0.933,0.9073,0.9124,15255034.0,
2024-12-11 06:00:00,0.9124,0.9349,0.9077,0.931,15660852.0,
2024-12-11 07:00:00,0.931,0.9439,0.908,0.9092,17925071.0,
2024-12-11 08:00:00,0.9093,0.9548,0.9078,0.9457,23398412.0,
2024-12-11 09:00:00,0.9456,0.9674,0.9434,0.9671,20052547.0,
2024-12-11 10:00:00,0.967,0.9689,0.9501,0.9508,17124356.0,
2024-12-11 11:00:00,0.9507,0.9775,0.9471,0.977,18485025.0,
2024-12-11 12:00:00,0.977,0.984,0.9659,0.9679,14942138.0,
2024-12-11 13:00:00,0.968,1.0008,0.9626,0.9818,35821901.0,
2024-12-11 14:00:00,0.9817,1.0023,0.9735,0.999,25279434.0,
2024-12-11 15:00:00,0.999,1.0286,0.9944,0.9997,36434050.0,
2024-12-11 16:00:00,0.9998,1.014,0.9941,1.0037,21445052.0,
2024-12-11 17:00:00,1.0037,1.0227,1.0023,1.0087,21768628.0,
2024-12-11 18:00:00,1.0087,1.0297,0.998,1.0184,16879148.0,
2024-12-11 19:00:00,1.0184,1.0219,1.0025,1.0037,10925380.0,
2024-12-11 20:00:00,1.0037,1.0065,0.9922,0.9965,10368032.0,
2024-12-11 21:00:00,0.9966,0.9974,0.9889,0.9907,13263883.0,
2024-12-11 22:00:00,0.9907,1.0319,0.9906,1.0298,18428749.0,
2024-12-11 23:00:00,1.0298,1.0476,1.0295,1.0475,16977626.0,
2024-12-12 00:00:00,1.0475,1.0544,1.0392,1.0487,19087007.0,
2024-12-12 01:00:00,1.0488,1.076,1.046,1.0693,24957686.0,
2024-12-12 02:00:00,1.0694,1.106,1.069,1.0928,37889531.0,
2024-12-12 03:00:00,1.0928,1.1202,1.088,1.1122,26706502.0,
2024-12-12 04:00:00,1.1121,1.1183,1.0802,1.0835,24909864.0,
2024-12-12 05:00:00,1.0835,1.1069,1.0777,1.0876,19992736.0,
2024-12-12 06:00:00,1.0877,1.0966,1.0734,1.0949,16001448.0,
2024-12-12 07:00:00,1.0948,1.105,1.0889,1.1011,12067009.0,
2024-12-12 08:00:00,1.1009,1.1229,1.0978,1.1124,23227395.0,
2024-12-12 09:00:00,1.1123,1.1424,1.1069,1.1282,29930383.0,
2024-12-12 10:00:00,1.1282,1.143,1.1104,1.1203,28596666.0,
2024-12-12 11:00:00,1.1204,1.1221,1.0946,1.1067,19863251.0,
2024-12-12 12:00:00,1.1067,1.1077,1.0911,1.1017,12536571.0,
2024-12-12 13:00:00,1.1017,1.1049,1.0695,1.084,28483551.0,
2024-12-12 14:00:00,1.084,1.0974,1.0763,1.0859,20115182.0,
2024-12-12 15:00:00,1.0858,1.0874,1.0706,1.0867,15623558.0,
2024-12-12 16:00:00,1.0867,1.0972,1.078,1.0909,14544796.0,
2024-12-12 17:00:00,1.0909,1.0975,1.0782,1.0874,7790275.0,
2024-12-12 18:00:00,1.0873,1.091,1.0766,1.0825,6680344.0,
2024-12-12 19:00:00,1.0824,1.0842,1.0432,1.0481,24847580.0,
2024-12-12 20:00:00,1.0481,1.0639,1.0474,1.0537,11009376.0,
2024-12-12 21:00:00,1.0537,1.059,1.047,1.0486,7906816.0,
2024-12-12 22:00:00,1.0487,1.0507,1.0321,1.0393,15884315.0,
2024-12-12 23:00:00,1.0393,1.0445,1.0312,1.0362,8487003.0,
2024-12-13 00:00:00,1.0363,1.0474,1.036,1.0402,13608657.0,
2024-12-13 01:00:00,1.0401,1.0402,1.0171,1.0274,24773417.0,
2024-12-13 02:00:00,1.0276,1.052,1.0269,1.0475,19968038.0,
2024-12-13 03:00:00,1.0474,1.0563,1.0455,1.05,9176531.0,
2024-12-13 04:00:00,1.05,1.0511,1.0302,1.0343,8463742.0,
2024-12-13 05:00:00,1.0342,1.0502,1.0333,1.0353,11113222.0,
2024-12-13 06:00:00,1.0353,1.0532,1.024,1.0248,10388373.0,
2024-12-13 07:00:00,1.0247,1.0351,1.0126,1.0307,14762872.0,
2024-12-13 08:00:00,1.0307,1.0376,1.0263,1.0359,7533477.0,
2024-12-13 09:00:00,1.0361,1.0421,1.0297,1.0407,8208679.0,
2024-12-13 10:00:00,1.0407,1.0417,1.019,1.0415,12733357.0,
2024-12-13 11:00:00,1.0414,1.0543,1.038,1.0384,12565777.0,
2024-12-13 12:00:00,1.0385,1.0412,1.0263,1.0308,12284840.0,
2024-12-13 13:00:00,1.0309,1.035,1.0157,1.0243,11667766.0,
2024-12-13 14:00:00,1.0242,1.0309,1.0156,1.0302,11744456.0,
2024-12-13 15:00:00,1.0303,1.0354,0.988,0.9903,31011123.0,
2024-12-13 16:00:00,0.9902,1.0019,0.977,0.9936,28528705.0,
2024-12-13 17:00:00,0.9936,1.0059,0.991,0.9985,11885953.0,
2024-12-13 18:00:00,0.9984,0.9995,0.9823,0.9856,11911994.0,
2024-12-13 19:00:00,0.9856,0.9951,0.9854,0.9934,4365473.0,
2024-12-13 20:00:00,0.9934,1.0079,0.9919,1.0027,8142463.0,
2024-12-13 21:00:00,1.0028,1.0048,0.9943,0.9946,4989211.0,
2024-12-13 22:00:00,0.9945,0.9955,0.9721,0.9779,15196642.0,
2024-12-13 23:00:00,0.9779,0.9993,0.9764,0.9968,11565130.0,
2024-12-14 00:00:00,0.9968,1.0057,0.9921,1.0022,10313844.0,
2024-12-14 01:00:00,1.0021,1.0375,1.0017,1.0074,23802832.0,
2024-12-14 02:00:00,1.0073,1.0261,1.0008,1.019,16448327.0,
2024-12-14 03:00:00,1.019,1.0239,1.0139,1.0188,7036588.0,
2024-12-14 04:00:00,1.0189,1.0197,1.007,1.0086,4821281.0,
2024-12-14 05:00:00,1.0086,1.0093,1.0007,1.0024,5700895.0,
2024-12-14 06:00:00,1.0024,1.0096,0.9987,1.0012,6008051.0,
2024-12-14 07:00:00,1.0012,1.0041,0.9983,0.9995,6610332.0,
2024-12-14 08:00:00,0.9995,1.0145,0.9994,1.0119,7437587.0,
2024-12-14 09:00:00,1.012,1.0132,0.9996,1.0001,5106242.0,
2024-12-14 10:00:00,1.0,1.0038,0.9859,1.002,11265052.0,
2024-12-14 11:00:00,1.0021,1.0111,0.9966,1.0002,10346778.0,
2024-12-14 12:00:00,1.0002,1.0019,0.982,0.9825,10967689.0,
2024-12-14 13:00:00,0.9824,0.9931,0.9733,0.9861,16032093.0,
2024-12-14 14:00:00,0.9861,0.9998,0.9849,0.9874,8970709.0,
2024-12-14 15:00:00,0.9874,0.9916,0.9808,0.9874,8790594.0,
2024-12-14 16:00:00,0.9874,0.9882,0.9731,0.9851,10365624.0,
2024-12-14 17:00:00,0.9847,0.9879,0.9626,0.9674,11794499.0,
2024-12-14 18:00:00,0.9673,0.972,0.9463,0.951,25455652.0,
2024-12-14 19:00:00,0.951,1.037,0.9497,1.0356,65213571.0,
2024-12-14 20:00:00,1.0356,1.0843,0.9982,1.0086,132475837.0,
2024-12-14 21:00:00,1.0086,1.1154,1.0021,1.0836,109573500.0,
2024-12-14 22:00:00,1.0836,1.1614,1.0763,1.1484,136136345.0,
2024-12-14 23:00:00,1.1483,1.162,1.1313,1.132,75301840.0,
2024-12-15 00:00:00,1.132,1.1975,1.1246,1.197,121607914.0,
2024-12-15 01:00:00,1.1971,1.1989,1.1634,1.1656,74755873.0,
2024-12-15 02:00:00,1.1656,1.1683,1.1255,1.127,64595543.0,
2024-12-15 03:00:00,1.1269,1.1329,1.1105,1.1313,50105999.0,
2024-12-15 04:00:00,1.1313,1.174,1.1292,1.1694,79303355.0,
2024-12-15 05:00:00,1.1695,1.1828,1.1577,1.1624,57389674.0,
2024-12-15 06:00:00,1.1624,1.165,1.1437,1.1524,45800754.0,
2024-12-15 07:00:00,1.1524,1.153,1.1191,1.1325,55680933.0,
2024-12-15 08:00:00,1.1325,1.148,1.1226,1.146,38180621.0,
2024-12-15 09:00:00,1.1461,1.16,1.1405,1.1494,33360271.0,
2024-12-15 10:00:00,1.1493,1.1715,1.1467,1.1608,43679812.0,
2024-12-15 11:00:00,1.1609,1.1663,1.1345,1.1457,41150827.0,
2024-12-15 12:00:00,1.1457,1.1548,1.1274,1.138,46523729.0,
2024-12-15 13:00:00,1.1379,1.1655,1.135,1.1489,53258414.0,
2024-12-15 14:00:00,1.1489,1.1942,1.1487,1.193,81047865.0,
2024-12-15 15:00:00,1.193,1.2165,1.1774,1.2101,108002422.0,
2024-12-15 16:00:00,1.2101,1.229,1.184,1.1862,94711180.0,
2024-12-15 17:00:00,1.1862,1.1981,1.1744,1.1795,51313062.0,
2024-12-15 18:00:00,1.1796,1.1847,1.1688,1.1813,34214869.0,
2024-12-15 19:00:00,1.1813,1.1856,1.1573,1.1612,37493419.0,
2024-12-15 20:00:00,1.1612,1.1705,1.1536,1.1612,24740191.0,
2024-12-15 21:00:00,1.1611,1.1814,1.1523,1.1796,36527404.0,
2024-12-15 22:00:00,1.1796,1.2605,1.1733,1.2384,82123079.0,
2024-12-15 23:00:00,1.2384,1.2766,1.2211,1.2514,77001291.0,
2024-12-16 00:00:00,1.2514,1.3285,1.2461,1.2993,95088806.0,
2024-12-16 01:00:00,1.2993,1.3131,1.278,1.281,40565184.0,
2024-12-16 02:00:00,1.281,1.2998,1.2723,1.2922,37401797.0,
2024-12-16 03:00:00,1.2923,1.3023,1.2662,1.2674,39448370.0,
2024-12-16 04:00:00,1.2673,1.2825,1.2555,1.2626,22975505.0,
2024-12-16 05:00:00,1.2625,1.2663,1.2232,1.2273,33119641.0,
2024-12-16 06:00:00,1.2274,1.2481,1.2241,1.2296,26049721.0,
2024-12-16 07:00:00,1.2296,1.2528,1.2281,1.2421,20646887.0,
2024-12-16 08:00:00,1.2422,1.2479,1.2244,1.2309,22083783.0,
2024-12-16 09:00:00,1.2308,1.2432,1.2237,1.2252,22752324.0,
2024-12-16 10:00:00,1.2253,1.2318,1.2042,1.2091,38903625.0,
2024-12-16 11:00:00,1.209,1.2126,1.1856,1.1872,46148780.0,
2024-12-16 12:00:00,1.1872,1.1936,1.1611,1.1753,55695580.0,
2024-12-16 13:00:00,1.1754,1.2137,1.1694,1.206,49857473.0,
2024-12-16 14:00:00,1.2061,1.2169,1.1809,1.186,63331572.0,
2024-12-16 15:00:00,1.1859,1.2146,1.1834,1.1997,41361405.0,
2024-12-16 16:00:00,1.1996,1.2099,1.184,1.1896,25866203.0,
2024-12-16 17:00:00,1.1895,1.2038,1.1848,1.1848,17428526.0,
2024-12-16 18:00:00,1.1849,1.2094,1.1844,1.2032,21585966.0,
2024-12-16 19:00:00,1.2033,1.2035,1.1711,1.173,17640900.0,
2024-12-16 20:00:00,1.173,1.1844,1.1681,1.1693,14662521.0,
2024-12-16 21:00:00,1.1694,1.1966,1.1652,1.1907,12404354.0,
2024-12-16 22:00:00,1.1908,1.1914,1.1778,1.1822,11469773.0,
2024-12-16 23:00:00,1.1823,1.1929,1.178,1.1819,12260146.0,
2024-12-17 00:00:00,1.1819,1.1973,1.168,1.1683,26277291.0,
2024-12-17 01:00:00,1.1683,1.1839,1.1573,1.1589,24170969.0,
2024-12-17 02:00:00,1.1589,1.1855,1.1589,1.1848,14816337.0,
2024-12-17 03:00:00,1.1848,1.1896,1.1679,1.1694,13136667.0,
2024-12-17 04:00:00,1.1693,1.1727,1.1557,1.1573,17471770.0,
2024-12-17 05:00:00,1.1573,1.1715,1.1511,1.1663,14987169.0,
2024-12-17 06:00:00,1.1663,1.1683,1.1409,1.1596,20436909.0,
2024-12-17 07:00:00,1.1596,1.1847,1.1596,1.1718,22277080.0,
2024-12-17 08:00:00,1.1718,1.1767,1.1523,1.1539,16681494.0,
2024-12-17 09:00:00,1.1539,1.1672,1.1503,1.1606,16726046.0,
2024-12-17 10:00:00,1.1606,1.1633,1.1435,1.1554,16277355.0,
2024-12-17 11:00:00,1.1554,1.1574,1.136,1.1481,22278314.0,
2024-12-17 12:00:00,1.1482,1.1575,1.1377,1.1509,11979431.0,
2024-12-17 13:00:00,1.151,1.1626,1.147,1.1527,11760173.0,
2024-12-17 14:00:00,1.1527,1.166,1.1469,1.1616,16133119.0,
2024-12-17 15:00:00,1.1616,1.1621,1.1231,1.1319,34496900.0,
2024-12-17 16:00:00,1.1318,1.1506,1.1244,1.1491,20201861.0,
2024-12-17 17:00:00,1.1492,1.1497,1.1324,1.1399,12980864.0,
2024-12-17 18:00:00,1.1398,1.1505,1.1253,1.127,14366939.0,
2024-12-17 19:00:00,1.1271,1.1337,1.1182,1.1239,15601139.0,
2024-12-17 20:00:00,1.124,1.1308,1.121,1.122,6552935.0,
2024-12-17 21:00:00,1.1221,1.1338,1.1132,1.127,11914258.0,
2024-12-17 22:00:00,1.127,1.1318,1.104,1.1117,15163948.0,
2024-12-17 23:00:00,1.1117,1.1135,1.0984,1.1118,22145889.0,
2024-12-18 00:00:00,1.1117,1.1144,1.0906,1.1017,18749837.0,
2024-12-18 01:00:00,1.1017,1.1117,1.0825,1.0859,20667011.0,
2024-12-18 02:00:00,1.086,1.0963,1.083,1.0913,10223196.0,
2024-12-18 03:00:00,1.0912,1.0935,1.0801,1.0806,9557635.0,
2024-12-18 04:00:00,1.0805,1.0813,1.0484,1.0585,37948281.0,
2024-12-18 05:00:00,1.0586,1.0845,1.0578,1.0708,25257001.0,
2024-12-18 06:00:00,1.0709,1.0765,1.0569,1.0642,15012378.0,
2024-12-18 07:00:00,1.0642,1.0738,1.0625,1.0671,11539574.0,
2024-12-18 08:00:00,1.0672,1.0707,1.0602,1.0663,9915478.0,
2024-12-18 09:00:00,1.0663,1.1119,1.0656,1.1098,26349631.0,
2024-12-18 10:00:00,1.1095,1.1182,1.0914,1.1037,23604697.0,
2024-12-18 11:00:00,1.1036,1.1319,1.1023,1.1165,19963521.0,
2024-12-18 12:00:00,1.1165,1.125,1.0713,1.0735,28070787.0,
2024-12-18 13:00:00,1.0734,1.0866,1.0657,1.0702,17993851.0,
2024-12-18 14:00:00,1.0702,1.077,1.0534,1.0534,22158798.0,
2024-12-18 15:00:00,1.0534,1.064,1.043,1.0534,29623029.0,
2024-12-18 16:00:00,1.0535,1.1471,1.0532,1.1145,184522626.0,
2024-12-18 17:00:00,1.1146,1.1148,1.0876,1.0921,36702996.0,
2024-12-18 18:00:00,1.092,1.1048,1.087,1.1005,21733687.0,
2024-12-18 19:00:00,1.1005,1.11,1.0598,1.0775,87774215.0,
2024-12-18 20:00:00,1.0775,1.128,1.0006,1.1136,160117828.0,
2024-12-18 21:00:00,1.1137,1.1353,1.0877,1.1132,57943536.0,
2024-12-18 22:00:00,1.1132,1.1277,1.0955,1.0994,39178495.0,
2024-12-18 23:00:00,1.0995,1.1049,1.0741,1.0763,45469844.0,
2024-12-19 00:00:00,1.0763,1.1247,1.0608,1.1204,60960978.0,
2024-12-19 01:00:00,1.1204,1.1397,1.09,1.0961,48008761.0,
2024-12-19 02:00:00,1.096,1.1299,1.0675,1.1298,90399283.0,
2024-12-19 03:00:00,1.1298,1.1812,1.1224,1.1795,70891673.0,
2024-12-19 04:00:00,1.1795,1.1984,1.1666,1.1692,52891319.0,
2024-12-19 05:00:00,1.1692,1.1755,1.1408,1.1545,36847558.0,
2024-12-19 06:00:00,1.1545,1.1551,1.1311,1.1439,34701938.0,
2024-12-19 07:00:00,1.1439,1.1663,1.1327,1.1654,26633772.0,
2024-12-19 08:00:00,1.1653,1.1733,1.1443,1.1639,33866051.0,
2024-12-19 09:00:00,1.1639,1.1677,1.1224,1.1421,41097249.0,
2024-12-19 10:00:00,1.1421,1.1543,1.1221,1.1473,36873801.0,
2024-12-19 11:00:00,1.1474,1.1656,1.13,1.1562,29834315.0,
2024-12-19 12:00:00,1.1563,1.1645,1.1265,1.1343,31421673.0,
2024-12-19 13:00:00,1.1343,1.1354,1.0867,1.0923,46572706.0,
2024-12-19 14:00:00,1.0923,1.1266,1.0858,1.0871,45327330.0,
2024-12-19 15:00:00,1.0871,1.0917,1.0309,1.04,79263029.0,
2024-12-19 16:00:00,1.0399,1.0716,1.0257,1.0598,47289957.0,
2024-12-19 17:00:00,1.0599,1.0685,1.008,1.0263,68770373.0,
2024-12-19 18:00:00,1.0264,1.0308,0.9801,1.0119,102872209.0,
2024-12-19 19:00:00,1.0119,1.015,0.9647,0.968,76924880.0,
2024-12-19 20:00:00,0.9681,0.9785,0.9325,0.9605,88828071.0,
2024-12-19 21:00:00,0.9606,0.9821,0.9536,0.9592,72316632.0,
2024-12-19 22:00:00,0.9591,0.983,0.9548,0.9776,30737951.0,
2024-12-19 23:00:00,0.9777,0.9779,0.9511,0.9538,34950031.0,
2024-12-20 00:00:00,0.9538,0.9847,0.9378,0.9765,59916646.0,
2024-12-20 01:00:00,0.9763,1.005,0.9715,0.9989,32615353.0,
2024-12-20 02:00:00,0.9989,1.0294,0.9868,1.0084,32414693.0,
2024-12-20 03:00:00,1.0084,1.0144,0.9751,0.9764,26895710.0,
2024-12-20 04:00:00,0.9765,0.9888,0.9634,0.9657,27684953.0,
2024-12-20 05:00:00,0.9657,0.9732,0.9437,0.9442,26213666.0,
2024-12-20 06:00:00,0.9442,0.9524,0.9061,0.9244,67631041.0,
2024-12-20 07:00:00,0.9244,0.9566,0.8842,0.8861,90722457.0,
2024-12-20 08:00:00,0.886,0.8914,0.8615,0.872,126274062.0,
2024-12-20 09:00:00,0.872,0.9116,0.8711,0.8953,99327470.0,
2024-12-20 10:00:00,0.8953,0.9138,0.8739,0.8858,108152781.0,
2024-12-20 11:00:00,0.8857,0.8955,0.8462,0.8549,100412200.0,
2024-12-20 12:00:00,0.8547,0.932,0.8547,0.916,85821735.0,
2024-12-20 13:00:00,0.916,1.0,0.9136,0.9966,94033239.0,
2024-12-20 14:00:00,0.9965,1.0149,0.9771,0.9928,72525653.0,
2024-12-20 15:00:00,0.9929,1.0127,0.9895,1.0043,53828822.0,
2024-12-20 16:00:00,1.0043,1.032,0.9944,1.0163,62430469.0,
2024-12-20 17:00:00,1.0163,1.0765,1.0095,1.0648,63943769.0,
2024-12-20 18:00:00,1.065,1.1135,1.0454,1.1009,72709599.0,
2024-12-20 19:00:00,1.1009,1.196,1.098,1.1921,96945304.0,
2024-12-20 20:00:00,1.1921,1.1991,1.1531,1.1726,106626027.0,
2024-12-20 21:00:00,1.1726,1.1856,1.1473,1.1604,65248188.0,
2024-12-20 22:00:00,1.1603,1.1877,1.1543,1.1811,35498864.0,
2024-12-20 23:00:00,1.1812,1.19,1.1657,1.1793,27971174.0,
2024-12-21 00:00:00,1.1792,1.22,1.1625,1.188,66911050.0,
2024-12-21 01:00:00,1.188,1.1972,1.1453,1.1535,47094227.0,
2024-12-21 02:00:00,1.1534,1.1779,1.15,1.1623,21803866.0,
2024-12-21 03:00:00,1.1623,1.1714,1.146,1.1481,21016021.0,
2024-12-21 04:00:00,1.148,1.1829,1.1478,1.1772,23357275.0,
2024-12-21 05:00:00,1.1774,1.1815,1.167,1.1762,22120479.0,
2024-12-21 06:00:00,1.1762,1.1985,1.1708,1.1856,29934879.0,
2024-12-21 07:00:00,1.1856,1.1963,1.1745,1.1832,24971820.0,
2024-12-21 08:00:00,1.1832,1.1952,1.1681,1.1764,31563332.0,
2024-12-21 09:00:00,1.1765,1.1898,1.1608,1.1841,28878246.0,
2024-12-21 10:00:00,1.1841,1.2124,1.1809,1.2068,34930457.0,
2024-12-21 11:00:00,1.2068,1.2131,1.165,1.1749,49534779.0,
2024-12-21 12:00:00,1.1749,1.1767,1.1263,1.1325,59715249.0,
2024-12-21 13:00:00,1.1322,1.142,1.086,1.0955,98643517.0,
2024-12-21 14:00:00,1.0955,1.11,1.0587,1.0616,52264520.0,
2024-12-21 15:00:00,1.0616,1.0886,1.0536,1.0744,54739548.0,
2024-12-21 16:00:00,1.0745,1.0846,1.0561,1.0585,41857432.0,
2024-12-21 17:00:00,1.0585,1.0787,1.0423,1.0715,40806713.0,
2024-12-21 18:00:00,1.0716,1.0774,1.0493,1.0535,21483894.0,
2024-12-21 19:00:00,1.0536,1.0699,1.0397,1.0502,45617841.0,
2024-12-21 20:00:00,1.0501,1.0653,1.0432,1.0583,21755849.0,
2024-12-21 21:00:00,1.0584,1.0662,1.0352,1.0354,20250946.0,
2024-12-21 22:00:00,1.0354,1.0361,0.9938,0.9996,64072882.0,
2024-12-21 23:00:00,0.9997,1.0207,0.9907,1.0089,27584981.0,
2024-12-22 00:00:00,1.0088,1.0451,1.0,1.0358,36712277.0,
2024-12-22 01:00:00,1.0358,1.0478,1.0182,1.0186,23045923.0,
2024-12-22 02:00:00,1.0186,1.0333,1.0045,1.0157,22604634.0,
2024-12-22 03:00:00,1.0156,1.0317,1.0043,1.0258,22563310.0,
2024-12-22 04:00:00,1.0257,1.0273,0.9954,0.9983,22781823.0,
2024-12-22 05:00:00,0.9983,1.0129,0.99,1.0063,31615511.0,
2024-12-22 06:00:00,1.0065,1.0347,1.0049,1.0291,23188708.0,
2024-12-22 07:00:00,1.0291,1.0346,1.0168,1.0255,17666287.0,
2024-12-22 08:00:00,1.0254,1.069,1.0238,1.0649,41261577.0,
2024-12-22 09:00:00,1.065,1.0931,1.0465,1.0816,43071882.0,
2024-12-22 10:00:00,1.0816,1.106,1.07,1.0794,36023572.0,
2024-12-22 11:00:00,1.0793,1.0795,1.0583,1.0648,28078257.0,
2024-12-22 12:00:00,1.0646,1.0781,1.0481,1.0483,35596424.0,
2024-12-22 13:00:00,1.0484,1.0645,1.0385,1.0396,29210843.0,
2024-12-22 14:00:00,1.0396,1.0445,1.0001,1.0102,56674760.0,
2024-12-22 15:00:00,1.0102,1.0348,1.0088,1.0207,37602085.0,
2024-12-22 16:00:00,1.0207,1.0518,1.0142,1.0472,29193930.0,
2024-12-22 17:00:00,1.0471,1.0488,1.0353,1.0387,15723850.0,
2024-12-22 18:00:00,1.0387,1.0767,1.0365,1.07,33453092.0,
2024-12-22 19:00:00,1.07,1.0794,1.0427,1.0475,31347991.0,
2024-12-22 20:00:00,1.0475,1.0622,1.02,1.0607,39146539.0,
2024-12-22 21:00:00,1.0608,1.0711,1.0469,1.0562,25312178.0,
2024-12-22 22:00:00,1.0561,1.0573,1.031,1.0489,23518862.0,
2024-12-22 23:00:00,1.0489,1.0651,1.024,1.0295,25848082.0,
2024-12-23 00:00:00,1.0295,1.0314,1.0106,1.0171,28598341.0,
2024-12-23 01:00:00,1.017,1.0507,1.0116,1.0279,28752991.0,
2024-12-23 02:00:00,1.0279,1.0584,1.0166,1.0492,42004345.0,
2024-12-23 03:00:00,1.0492,1.0858,1.0369,1.0827,43051246.0,
2024-12-23 04:00:00,1.0827,1.1034,1.0737,1.0875,50400803.0,
2024-12-23 05:00:00,1.0874,1.091,1.0676,1.0708,19958710.0,
2024-12-23 06:00:00,1.0707,1.076,1.0388,1.0419,30761062.0,
2024-12-23 07:00:00,1.0419,1.047,1.0235,1.0348,28074127.0,
2024-12-23 08:00:00,1.0348,1.0583,1.0296,1.0481,27541775.0,
2024-12-23 09:00:00,1.0482,1.0656,1.0475,1.0546,21722962.0,
2024-12-23 10:00:00,1.0545,1.0625,1.0387,1.06,27562340.0,
2024-12-23 11:00:00,1.06,1.0643,1.0342,1.0357,15630803.0,
2024-12-23 12:00:00,1.0358,1.0515,1.0344,1.044,15244877.0,
2024-12-23 13:00:00,1.0439,1.0516,1.0033,1.0116,44594054.0,
2024-12-23 14:00:00,1.0116,1.029,1.0021,1.0126,34469474.0,
2024-12-23 15:00:00,1.0125,1.0165,0.991,0.9935,36226530.0,
2024-12-23 16:00:00,0.9934,1.0411,0.9925,1.0359,38766502.0,
2024-12-23 17:00:00,1.0359,1.0448,1.0204,1.0255,36471036.0,
2024-12-23 18:00:00,1.0254,1.0304,1.0161,1.0183,15209321.0,
2024-12-23 19:00:00,1.0183,1.048,1.0178,1.0326,24031338.0,
2024-12-23 20:00:00,1.0326,1.0837,1.0313,1.0779,36286750.0,
2024-12-23 21:00:00,1.0779,1.0976,1.0733,1.0765,37937796.0,
2024-12-23 22:00:00,1.0766,1.1224,1.0765,1.1009,28766743.0,
2024-12-23 23:00:00,1.1008,1.1064,1.0726,1.0781,24462103.0,
2024-12-24 00:00:00,1.0781,1.083,1.0588,1.0735,32120060.0,
2024-12-24 01:00:00,1.0735,1.0812,1.0517,1.0529,17337292.0,
2024-12-24 02:00:00,1.0529,1.0577,1.0366,1.0489,23529943.0,
2024-12-24 03:00:00,1.0489,1.0561,1.0461,1.0542,8950381.0,
2024-12-24 04:00:00,1.0543,1.0584,1.0453,1.0561,11146197.0,
2024-12-24 05:00:00,1.0561,1.0605,1.0491,1.0569,10307197.0,
2024-12-24 06:00:00,1.0569,1.0608,1.0334,1.0353,14718264.0,
2024-12-24 07:00:00,1.0353,1.0423,1.0297,1.0365,14060119.0,
2024-12-24 08:00:00,1.0365,1.0469,1.0231,1.0295,17704358.0,
2024-12-24 09:00:00,1.0294,1.0335,1.0183,1.024,13312662.0,
2024-12-24 10:00:00,1.024,1.0255,1.0132,1.0166,14927119.0,
2024-12-24 11:00:00,1.0167,1.0335,1.0138,1.033,17447507.0,
2024-12-24 12:00:00,1.033,1.0401,1.024,1.0392,18626807.0,
2024-12-24 13:00:00,1.0392,1.0825,1.0359,1.0779,43623087.0,
2024-12-24 14:00:00,1.0779,1.0927,1.0725,1.0878,29743546.0,
2024-12-24 15:00:00,1.0878,1.0948,1.0735,1.0787,25215517.0,
2024-12-24 16:00:00,1.0788,1.0895,1.0575,1.0638,25628746.0,
2024-12-24 17:00:00,1.0638,1.0649,1.0387,1.0488,24843113.0,
2024-12-24 18:00:00,1.0488,1.0646,1.0485,1.0535,18392549.0,
2024-12-24 19:00:00,1.0535,1.0549,1.0388,1.0388,12564789.0,
2024-12-24 20:00:00,1.0389,1.0402,1.0193,1.0307,22433287.0,
2024-12-24 21:00:00,1.0307,1.0479,1.0298,1.0444,11671681.0,
2024-12-24 22:00:00,1.0444,1.056,1.0412,1.0412,11732317.0,
2024-12-24 23:00:00,1.0412,1.0609,1.0391,1.0547,14297065.0,
2024-12-25 00:00:00,1.0547,1.0683,1.0504,1.0574,15939099.0,
2024-12-25 01:00:00,1.0574,1.0653,1.042,1.0447,15036239.0,
2024-12-25 02:00:00,1.0448,1.0593,1.0369,1.0546,14200965.0,
2024-12-25 03:00:00,1.0546,1.063,1.0399,1.0409,14720762.0,
2024-12-25 04:00:00,1.0409,1.0477,1.0342,1.0347,10872311.0,
2024-12-25 05:00:00,1.0347,1.0448,1.0337,1.0413,7791436.0,
2024-12-25 06:00:00,1.0414,1.0476,1.0259,1.0312,15568208.0,
2024-12-25 07:00:00,1.0311,1.0439,1.0231,1.0255,12982387.0,
2024-12-25 08:00:00,1.0255,1.0329,1.0236,1.0267,10173802.0,
2024-12-25 09:00:00,1.0267,1.0343,1.0259,1.0291,10073161.0,
2024-12-25 10:00:00,1.0291,1.0519,1.0208,1.0253,28659446.0,
2024-12-25 11:00:00,1.0253,1.0329,1.0159,1.0178,18963566.0,
2024-12-25 12:00:00,1.0179,1.0477,1.0151,1.0357,23974041.0,
2024-12-25 13:00:00,1.0358,1.0523,1.032,1.0496,14938970.0,
2024-12-25 14:00:00,1.0495,1.0543,1.0417,1.0462,11465095.0,
2024-12-25 15:00:00,1.0463,1.048,1.0281,1.0293,14172952.0,
2024-12-25 16:00:00,1.0294,1.0331,1.0183,1.0242,18191945.0,
2024-12-25 17:00:00,1.0243,1.0288,1.0198,1.0285,8371639.0,
2024-12-25 18:00:00,1.0285,1.0308,1.0159,1.0181,11558318.0,
2024-12-25 19:00:00,1.0181,1.0266,1.0171,1.0193,10734757.0,
2024-12-25 20:00:00,1.0193,1.0231,0.9988,1.0053,37829802.0,
2024-12-25 21:00:00,1.0054,1.0151,1.0007,1.0076,13344140.0,
2024-12-25 22:00:00,1.0077,1.0151,1.0027,1.009,6749167.0,
2024-12-25 23:00:00,1.0089,1.0296,1.0084,1.0289,12669804.0,
2024-12-26 00:00:00,1.029,1.0419,1.0154,1.0196,18469880.0,
2024-12-26 01:00:00,1.0196,1.0257,1.0053,1.0117,10735123.0,
2024-12-26 02:00:00,1.0116,1.0149,0.997,1.0004,14493412.0,
2024-12-26 03:00:00,1.0004,1.006,0.9951,1.001,15241270.0,
2024-12-26 04:00:00,1.001,1.0016,0.9906,0.9958,15740495.0,
2024-12-26 05:00:00,0.9958,0.9965,0.9866,0.9905,16692705.0,
2024-12-26 06:00:00,0.9905,0.9936,0.9807,0.9842,16869213.0,
2024-12-26 07:00:00,0.9843,0.9843,0.9745,0.9793,19472002.0,
2024-12-26 08:00:00,0.9794,0.9843,0.9501,0.9664,62573680.0,
2024-12-26 09:00:00,0.9664,0.9668,0.951,0.952,18908608.0,
2024-12-26 10:00:00,0.952,0.9583,0.9467,0.9479,16168376.0,
2024-12-26 11:00:00,0.9479,0.9539,0.9415,0.9422,13863210.0,
2024-12-26 12:00:00,0.9422,0.956,0.9406,0.9519,16351154.0,
2024-12-26 13:00:00,0.9519,0.9547,0.94,0.9493,14205808.0,
2024-12-26 14:00:00,0.9492,0.9605,0.9338,0.9376,34874063.0,
2024-12-26 15:00:00,0.9377,0.9499,0.931,0.9323,26064810.0,
2024-12-26 16:00:00,0.9324,0.9465,0.9237,0.9406,31597343.0,
2024-12-26 17:00:00,0.9406,0.9409,0.92,0.9213,23933365.0,
2024-12-26 18:00:00,0.9213,0.9287,0.9172,0.9261,14040378.0,
2024-12-26 19:00:00,0.9261,0.9305,0.9172,0.9265,13209181.0,
2024-12-26 20:00:00,0.9264,0.93,0.9161,0.9218,11510563.0,
2024-12-26 21:00:00,0.9219,0.9323,0.9143,0.932,13480605.0,
2024-12-26 22:00:00,0.932,0.9426,0.9289,0.9295,11414260.0,
2024-12-26 23:00:00,0.9295,0.9312,0.9188,0.9259,14412838.0,
2024-12-27 00:00:00,0.9259,0.9334,0.9161,0.9311,18466860.0,
2024-12-27 01:00:00,0.9311,0.9558,0.9301,0.9497,23147374.0,
2024-12-27 02:00:00,0.9498,0.9658,0.9401,0.9459,28569180.0,
2024-12-27 03:00:00,0.946,0.9462,0.9342,0.945,16948689.0,
2024-12-27 04:00:00,0.9449,0.9575,0.9425,0.9448,13290764.0,
2024-12-27 05:00:00,0.9449,0.9556,0.9372,0.9537,12425177.0,
2024-12-27 06:00:00,0.9536,0.9614,0.9446,0.9609,14366080.0,
2024-12-27 07:00:00,0.9609,0.9617,0.931,0.936,27158499.0,
2024-12-27 08:00:00,0.936,0.9693,0.9359,0.9575,28120850.0,
2024-12-27 09:00:00,0.9575,0.9954,0.9567,0.9745,42815788.0,
2024-12-27 10:00:00,0.9746,0.9775,0.952,0.9655,19512648.0,
2024-12-27 11:00:00,0.9655,0.9775,0.962,0.9758,12369174.0,
2024-12-27 12:00:00,0.9758,0.9774,0.9586,0.9605,11418655.0,
2024-12-27 13:00:00,0.9604,0.9624,0.9446,0.9598,15925409.0,
2024-12-27 14:00:00,0.9598,0.9605,0.9314,0.9403,23625252.0,
2024-12-27 15:00:00,0.9403,0.9405,0.9108,0.9162,33573603.0,
2024-12-27 16:00:00,0.9163,0.9261,0.9121,0.9204,18632775.0,
2024-12-27 17:00:00,0.9204,0.948,0.9162,0.9408,22273794.0,
2024-12-27 18:00:00,0.9407,0.9414,0.9327,0.9388,8976147.0,
2024-12-27 19:00:00,0.9387,0.9389,0.9274,0.9301,6996838.0,
2024-12-27 20:00:00,0.9302,0.9321,0.9196,0.9301,7897679.0,
2024-12-27 21:00:00,0.9302,0.9319,0.9111,0.9117,8901615.0,
2024-12-27 22:00:00,0.9117,0.9163,0.8977,0.907,23978015.0,
2024-12-27 23:00:00,0.907,0.9107,0.9007,0.9049,9721452.0,
2024-12-28 00:00:00,0.9049,0.9118,0.9028,0.9039,10333991.0,
2024-12-28 01:00:00,0.9038,0.9056,0.8922,0.8965,16851993.0,
2024-12-28 02:00:00,0.8965,0.9054,0.8928,0.894,10105149.0,
2024-12-28 03:00:00,0.8939,0.906,0.8939,0.9017,9158948.0,
2024-12-28 04:00:00,0.9016,0.9024,0.8931,0.8985,7166014.0,
2024-12-28 05:00:00,0.8985,0.9048,0.8978,0.9,8288257.0,
2024-12-28 06:00:00,0.9001,0.9028,0.8901,0.8945,8517866.0,
2024-12-28 07:00:00,0.8944,0.9012,0.8828,0.8836,16864981.0,
2024-12-28 08:00:00,0.8835,0.8998,0.8834,0.8985,13309932.0,
2024-12-28 09:00:00,0.8985,0.9087,0.898,0.9058,17379219.0,
2024-12-28 10:00:00,0.9058,0.9086,0.8911,0.8919,12349862.0,
2024-12-28 11:00:00,0.8918,0.913,0.8915,0.9094,15089925.0,
2024-12-28 12:00:00,0.9095,0.9161,0.8961,0.8965,18615232.0,
2024-12-28 13:00:00,0.8965,0.9153,0.8963,0.9108,19593469.0,
2024-12-28 14:00:00,0.9108,0.928,0.9045,0.9094,30802978.0,
2024-12-28 15:00:00,0.9093,0.9256,0.909,0.9141,15566741.0,
2024-12-28 16:00:00,0.9143,0.9307,0.9137,0.9294,12784442.0,
2024-12-28 17:00:00,0.9295,0.9452,0.9289,0.9375,20138624.0,
2024-12-28 18:00:00,0.9375,0.9407,0.9265,0.9321,10107691.0,
2024-12-28 19:00:00,0.9321,0.9377,0.9292,0.9343,6729436.0,
2024-12-28 20:00:00,0.9342,0.9422,0.9291,0.9415,5409217.0,
2024-12-28 21:00:00,0.9415,0.95,0.9362,0.9491,8279784.0,
2024-12-28 22:00:00,0.9492,0.951,0.9401,0.9453,6614968.0,
2024-12-28 23:00:00,0.9453,0.9477,0.9365,0.9465,9327395.0,
2024-12-29 00:00:00,0.9465,0.9498,0.936,0.9392,10369174.0,
2024-12-29 01:00:00,0.9392,0.9459,0.9278,0.9334,12644072.0,
2024-12-29 02:00:00,0.9335,0.9535,0.9289,0.9486,14209498.0,
2024-12-29 03:00:00,0.9487,0.9531,0.9431,0.95,16407518.0,
2024-12-29 04:00:00,0.9501,0.954,0.942,0.9467,6739230.0,
2024-12-29 05:00:00,0.9467,0.9471,0.9412,0.9468,3088599.0,
2024-12-29 06:00:00,0.9468,0.9475,0.937,0.9465,6667667.0,
2024-12-29 07:00:00,0.9466,0.9753,0.9429,0.9721,21553301.0,
2024-12-29 08:00:00,0.972,0.9736,0.95,0.9513,14035319.0,
2024-12-29 09:00:00,0.9512,0.9542,0.944,0.9475,9244401.0,
2024-12-29 10:00:00,0.9475,0.952,0.9411,0.9459,7664380.0,
2024-12-29 11:00:00,0.9458,0.9487,0.9401,0.9411,7522761.0,
2024-12-29 12:00:00,0.9412,0.9478,0.9367,0.9428,8100118.0,
2024-12-29 13:00:00,0.9429,0.9678,0.9424,0.9601,20818846.0,
2024-12-29 14:00:00,0.9601,0.971,0.9445,0.9552,29070668.0,
2024-12-29 15:00:00,0.9552,0.9564,0.9433,0.9457,14210355.0,
2024-12-29 16:00:00,0.9458,0.9597,0.9401,0.9494,18056314.0,
2024-12-29 17:00:00,0.9494,0.961,0.9421,0.9445,13063216.0,
2024-12-29 18:00:00,0.9444,0.9498,0.9391,0.9466,8941928.0,
2024-12-29 19:00:00,0.9465,0.9482,0.9389,0.9401,8196837.0,
2024-12-29 20:00:00,0.94,0.9402,0.9207,0.9287,17800372.0,
2024-12-29 21:00:00,0.9286,0.9395,0.9233,0.9268,11634744.0,
2024-12-29 22:00:00,0.9267,0.9325,0.9148,0.9215,12216666.0,
2024-12-29 23:00:00,0.9215,0.948,0.9166,0.9434,20499589.0,
2024-12-30 00:00:00,0.9435,0.9811,0.9333,0.9796,39054611.0,
2024-12-30 01:00:00,0.9797,1.0109,0.9723,0.9908,47925332.0,
2024-12-30 02:00:00,0.9909,1.0143,0.985,1.0044,24540463.0,
2024-12-30 03:00:00,1.0045,1.0143,0.996,0.997,16799736.0,
2024-12-30 04:00:00,0.997,1.0123,0.9859,0.9872,19783088.0,
2024-12-30 05:00:00,0.9872,0.9942,0.9741,0.9852,18845951.0,
2024-12-30 06:00:00,0.9852,1.0149,0.9847,1.0129,18595618.0,
2024-12-30 07:00:00,1.0128,1.0182,0.9972,1.0037,18973799.0,
2024-12-30 08:00:00,1.0037,1.0178,0.9918,0.9973,19087185.0,
2024-12-30 09:00:00,0.9972,1.0071,0.9881,1.0032,19650119.0,
2024-12-30 10:00:00,1.0033,1.0063,0.9811,0.9824,12051748.0,
2024-12-30 11:00:00,0.9825,0.9924,0.9714,0.991,18331111.0,
2024-12-30 12:00:00,0.9909,1.0024,0.9755,0.9765,20508753.0,
2024-12-30 13:00:00,0.9765,0.9821,0.9502,0.953,35470347.0,
2024-12-30 14:00:00,0.9531,0.9706,0.9412,0.9612,39686175.0,
2024-12-30 15:00:00,0.9613,0.9775,0.9469,0.9481,40648989.0,
2024-12-30 16:00:00,0.9481,0.9578,0.9349,0.941,20985692.0,
2024-12-30 17:00:00,0.9411,0.9886,0.9407,0.9841,30721679.0,
2024-12-30 18:00:00,0.9841,0.9906,0.9798,0.9852,18600933.0,
2024-12-30 19:00:00,0.9852,0.9984,0.9821,0.9902,11040816.0,
2024-12-30 20:00:00,0.9902,1.0008,0.9901,0.9907,11086182.0,
2024-12-30 21:00:00,0.9907,0.9921,0.9535,0.9581,24147372.0,
2024-12-30 22:00:00,0.9581,0.9669,0.9568,0.9598,13075346.0,
2024-12-30 23:00:00,0.9597,0.9609,0.9486,0.9528,12355958.0,
2024-12-31 00:00:00,0.9528,0.9571,0.939,0.9394,13469560.0,
2024-12-31 01:00:00,0.9395,0.9491,0.9365,0.9447,10951843.0,
2024-12-31 02:00:00,0.9448,0.9489,0.9372,0.9397,7777108.0,
2024-12-31 03:00:00,0.9398,0.9466,0.9332,0.9378,8101999.0,
2024-12-31 04:00:00,0.9377,0.9476,0.9267,0.9301,11065756.0,
2024-12-31 05:00:00,0.9302,0.9393,0.9234,0.9373,10582020.0,
2024-12-31 06:00:00,0.9374,0.9409,0.9239,0.9274,14702379.0,
2024-12-31 07:00:00,0.9274,0.9328,0.92,0.9252,9642411.0,
2024-12-31 08:00:00,0.9252,0.9574,0.9252,0.9384,26252660.0,
2024-12-31 09:00:00,0.9384,0.9431,0.9297,0.9346,13479994.0,
2024-12-31 10:00:00,0.9345,0.9386,0.9259,0.9297,10093293.0,
2024-12-31 11:00:00,0.9298,0.9356,0.9264,0.9343,11498116.0,
2024-12-31 12:00:00,0.9344,0.944,0.9175,0.9198,25306130.0,
2024-12-31 13:00:00,0.9199,0.955,0.9195,0.9458,26045587.0,
2024-12-31 14:00:00,0.9459,0.9581,0.944,0.9459,18450796.0,
2024-12-31 15:00:00,0.9458,0.9506,0.9362,0.9387,12991359.0,
2024-12-31 16:00:00,0.9388,0.9438,0.927,0.9353,13231785.0,
2024-12-31 17:00:00,0.9354,0.9379,0.9055,0.9197,24950838.0,
2024-12-31 18:00:00,0.9197,0.924,0.915,0.9176,10903557.0,
2024-12-31 19:00:00,0.9176,0.9265,0.9171,0.9227,5511859.0,
2024-12-31 20:00:00,0.9226,0.9297,0.9185,0.923,5248637.0,
2024-12-31 21:00:00,0.923,0.9273,0.9151,0.9207,5661272.0,
2024-12-31 22:00:00,0.9207,0.9207,0.9075,0.9115,5779631.0,
2024-12-31 23:00:00,0.9115,0.9147,0.9056,0.9092,7102239.0,
1735682400000.0,0.9207,0.9207,0.9075,0.9115,5779631.0,2024-12-31 22:00:00
1735686000000.0,0.9115,0.9147,0.9056,0.9092,7102239.0,2024-12-31 23:00:00
1735689600000.0,0.9092,0.931,0.9066,0.9291,10352973.0,2025-01-01 00:00:00
1735693200000.0,0.9291,0.9296,0.913,0.9142,6587098.0,2025-01-01 01:00:00
1735696800000.0,0.9142,0.9228,0.9136,0.9198,4805981.0,2025-01-01 02:00:00
1735700400000.0,0.9199,0.9208,0.913,0.9196,4329184.0,2025-01-01 03:00:00
1735704000000.0,0.9197,0.9224,0.9142,0.9188,7151033.0,2025-01-01 04:00:00
1735707600000.0,0.9188,0.9215,0.9133,0.9147,6293477.0,2025-01-01 05:00:00
1735711200000.0,0.9147,0.9192,0.9122,0.919,5992329.0,2025-01-01 06:00:00
1735714800000.0,0.919,0.9216,0.9147,0.9172,4010380.0,2025-01-01 07:00:00
1735718400000.0,0.9172,0.9196,0.9074,0.9081,7333297.0,2025-01-01 08:00:00
1735722000000.0,0.9081,0.9117,0.894,0.905,21504560.0,2025-01-01 09:00:00
1735725600000.0,0.905,0.9072,0.8999,0.9013,6465572.0,2025-01-01 10:00:00
1735729200000.0,0.9014,0.921,0.8965,0.9181,13842348.0,2025-01-01 11:00:00
1735732800000.0,0.9181,0.9208,0.9134,0.9163,8469956.0,2025-01-01 12:00:00
1735736400000.0,0.9163,0.9229,0.9079,0.9129,8873437.0,2025-01-01 13:00:00
1735740000000.0,0.9129,0.923,0.9059,0.9201,13105592.0,2025-01-01 14:00:00
1735743600000.0,0.9201,0.94,0.9179,0.9374,14740551.0,2025-01-01 15:00:00
1735747200000.0,0.9374,0.9415,0.9212,0.926,14892728.0,2025-01-01 16:00:00
1735750800000.0,0.926,0.9297,0.9138,0.9224,9125681.0,2025-01-01 17:00:00
1735754400000.0,0.9224,0.9446,0.9161,0.9434,12542092.0,2025-01-01 18:00:00
1735758000000.0,0.9433,0.9505,0.9353,0.9474,14783649.0,2025-01-01 19:00:00
1735761600000.0,0.9474,0.9604,0.9474,0.9597,10006817.0,2025-01-01 20:00:00
1735765200000.0,0.9596,0.9712,0.9572,0.9672,11070102.0,2025-01-01 21:00:00
1735768800000.0,0.9672,0.9683,0.957,0.9652,6944299.0,2025-01-01 22:00:00
1735772400000.0,0.9653,0.9665,0.9565,0.959,6482601.0,2025-01-01 23:00:00
1735776000000.0,0.959,0.981,0.9589,0.9758,19300864.0,2025-01-02 00:00:00
1735779600000.0,0.9757,0.9926,0.9719,0.9726,14924355.0,2025-01-02 01:00:00
1735783200000.0,0.9727,0.9789,0.966,0.9788,6605045.0,2025-01-02 02:00:00
1735786800000.0,0.9788,0.9819,0.9732,0.9742,4551357.0,2025-01-02 03:00:00
1735790400000.0,0.9742,0.99,0.9702,0.9861,8073071.0,2025-01-02 04:00:00
1735794000000.0,0.9861,1.0215,0.98,1.0202,29234775.0,2025-01-02 05:00:00
1735797600000.0,1.0201,1.0226,1.0031,1.0081,24678068.0,2025-01-02 06:00:00
1735801200000.0,1.0082,1.0147,0.9968,1.0129,16814235.0,2025-01-02 07:00:00
1735804800000.0,1.0129,1.0344,1.0108,1.0326,18225658.0,2025-01-02 08:00:00
1735808400000.0,1.0323,1.045,1.0266,1.0423,20908170.0,2025-01-02 09:00:00
1735812000000.0,1.0423,1.0469,1.0281,1.0288,17590224.0,2025-01-02 10:00:00
1735815600000.0,1.0289,1.0503,1.028,1.048,11926806.0,2025-01-02 11:00:00
1735819200000.0,1.048,1.0709,1.0443,1.0642,23705910.0,2025-01-02 12:00:00
1735822800000.0,1.0642,1.0708,1.0561,1.0597,19807708.0,2025-01-02 13:00:00
1735826400000.0,1.0597,1.0783,1.0447,1.0574,41082910.0,2025-01-02 14:00:00
1735830000000.0,1.0573,1.0602,1.0461,1.0493,14867166.0,2025-01-02 15:00:00
1735833600000.0,1.0494,1.0597,1.0367,1.051,20901106.0,2025-01-02 16:00:00
1735837200000.0,1.0511,1.0593,1.0331,1.041,17681089.0,2025-01-02 17:00:00
1735840800000.0,1.0409,1.0492,1.0356,1.0468,10258598.0,2025-01-02 18:00:00
1735844400000.0,1.0467,1.0517,1.042,1.0449,6194943.0,2025-01-02 19:00:00
1735848000000.0,1.045,1.0521,1.0393,1.0447,6047162.0,2025-01-02 20:00:00
1735851600000.0,1.0446,1.0456,1.033,1.0335,6684961.0,2025-01-02 21:00:00
1735855200000.0,1.0335,1.04,1.021,1.0309,15787510.0,2025-01-02 22:00:00
1735858800000.0,1.0308,1.0361,1.0269,1.0332,6454034.0,2025-01-02 23:00:00
1735862400000.0,1.0333,1.0408,1.026,1.0295,7480313.0,2025-01-03 00:00:00
1735866000000.0,1.0295,1.0354,1.0239,1.0351,5780320.0,2025-01-03 01:00:00
1735869600000.0,1.0352,1.0589,1.0306,1.0523,15683028.0,2025-01-03 02:00:00
1735873200000.0,1.0523,1.0675,1.0511,1.0575,15704594.0,2025-01-03 03:00:00
1735876800000.0,1.0575,1.061,1.0343,1.0361,13701169.0,2025-01-03 04:00:00
1735880400000.0,1.0362,1.041,1.027,1.035,11336138.0,2025-01-03 05:00:00
1735884000000.0,1.035,1.0454,1.0271,1.0295,8895287.0,2025-01-03 06:00:00
1735887600000.0,1.0295,1.0322,1.0214,1.0241,10380633.0,2025-01-03 07:00:00
1735891200000.0,1.0242,1.034,1.0205,1.0301,11031324.0,2025-01-03 08:00:00
1735894800000.0,1.0301,1.0562,1.0295,1.0503,14556649.0,2025-01-03 09:00:00
1735898400000.0,1.0503,1.0525,1.0403,1.0436,9758349.0,2025-01-03 10:00:00
1735902000000.0,1.0436,1.0649,1.0435,1.0617,11498209.0,2025-01-03 11:00:00
1735905600000.0,1.0618,1.1421,1.0587,1.1249,93189508.0,2025-01-03 12:00:00
1735909200000.0,1.1248,1.1523,1.115,1.1505,43740936.0,2025-01-03 13:00:00
1735912800000.0,1.1504,1.1999,1.1491,1.1949,72489969.0,2025-01-03 14:00:00
1735916400000.0,1.1949,1.221,1.183,1.1938,80885898.0,2025-01-03 15:00:00
1735920000000.0,1.1939,1.2014,1.185,1.1976,31465766.0,2025-01-03 16:00:00
1735923600000.0,1.1975,1.2216,1.1881,1.2144,27143635.0,2025-01-03 17:00:00
1735927200000.0,1.2143,1.2432,1.214,1.2318,38105463.0,2025-01-03 18:00:00
1735930800000.0,1.2317,1.249,1.23,1.2456,21699205.0,2025-01-03 19:00:00
1735934400000.0,1.2456,1.2479,1.222,1.2385,29964613.0,2025-01-03 20:00:00
1735938000000.0,1.2386,1.2471,1.224,1.2253,17173503.0,2025-01-03 21:00:00
1735941600000.0,1.2253,1.2371,1.2183,1.22,12158097.0,2025-01-03 22:00:00
1735945200000.0,1.2199,1.228,1.2134,1.2148,12977275.0,2025-01-03 23:00:00
1735948800000.0,1.2147,1.2177,1.1889,1.1897,27368809.0,2025-01-04 00:00:00
1735952400000.0,1.1898,1.2,1.1846,1.1927,17574862.0,2025-01-04 01:00:00
1735956000000.0,1.1927,1.1941,1.1857,1.1914,9315570.0,2025-01-04 02:00:00
1735959600000.0,1.1914,1.205,1.1905,1.1923,17550822.0,2025-01-04 03:00:00
1735963200000.0,1.1923,1.2002,1.1864,1.1991,10730978.0,2025-01-04 04:00:00
1735966800000.0,1.1991,1.2099,1.1966,1.2019,11001627.0,2025-01-04 05:00:00
1735970400000.0,1.2018,1.2114,1.1975,1.1988,8754415.0,2025-01-04 06:00:00
1735974000000.0,1.1988,1.2,1.1876,1.188,11761011.0,2025-01-04 07:00:00
1735977600000.0,1.188,1.1936,1.175,1.176,17409695.0,2025-01-04 08:00:00
1735981200000.0,1.1761,1.1968,1.1753,1.1891,12425678.0,2025-01-04 09:00:00
1735984800000.0,1.189,1.1939,1.1819,1.1925,11952821.0,2025-01-04 10:00:00
1735988400000.0,1.1925,1.2061,1.1905,1.1958,15427892.0,2025-01-04 11:00:00
1735992000000.0,1.1959,1.2333,1.1951,1.2328,30661637.0,2025-01-04 12:00:00
1735995600000.0,1.2327,1.2882,1.2204,1.2795,63984401.0,2025-01-04 13:00:00
1735999200000.0,1.2794,1.2949,1.27,1.2911,43691866.0,2025-01-04 14:00:00
1736002800000.0,1.2912,1.312,1.2631,1.2641,70551017.0,2025-01-04 15:00:00
1736006400000.0,1.2641,1.2804,1.236,1.239,42915169.0,2025-01-04 16:00:00
1736010000000.0,1.2391,1.2478,1.2309,1.2438,21807725.0,2025-01-04 17:00:00
1736013600000.0,1.2438,1.2569,1.2339,1.2487,17394046.0,2025-01-04 18:00:00
1736017200000.0,1.2487,1.268,1.2428,1.2431,12889127.0,2025-01-04 19:00:00
1736020800000.0,1.2432,1.2566,1.2402,1.2498,12219847.0,2025-01-04 20:00:00
1736024400000.0,1.2497,1.2553,1.2362,1.2408,10997909.0,2025-01-04 21:00:00
1736028000000.0,1.2409,1.244,1.2355,1.2407,7220223.0,2025-01-04 22:00:00
1736031600000.0,1.2407,1.2409,1.2286,1.2334,6823753.0,2025-01-04 23:00:00
1736035200000.0,1.2334,1.2368,1.226,1.2272,8828919.0,2025-01-05 00:00:00
1736038800000.0,1.2271,1.2388,1.209,1.2236,24327076.0,2025-01-05 01:00:00
1736042400000.0,1.2235,1.2255,1.2101,1.2138,7835328.0,2025-01-05 02:00:00
1736046000000.0,1.2137,1.2138,1.207,1.2101,7233835.0,2025-01-05 03:00:00
1736049600000.0,1.21,1.2265,1.2087,1.2179,12945172.0,2025-01-05 04:00:00
1736053200000.0,1.218,1.2188,1.2075,1.2081,6502164.0,2025-01-05 05:00:00
1736056800000.0,1.2081,1.2137,1.2028,1.2077,9067832.0,2025-01-05 06:00:00
1736060400000.0,1.2077,1.2112,1.2019,1.2036,5533300.0,2025-01-05 07:00:00
1736064000000.0,1.2035,1.2103,1.1945,1.1956,14147767.0,2025-01-05 08:00:00
1736067600000.0,1.1956,1.2175,1.195,1.2136,13909305.0,2025-01-05 09:00:00
1736071200000.0,1.2136,1.2638,1.2122,1.2615,49752934.0,2025-01-05 10:00:00
1736074800000.0,1.2614,1.2952,1.2415,1.2778,53333125.0,2025-01-05 11:00:00
1736078400000.0,1.2778,1.301,1.2484,1.2792,39065785.0,2025-01-05 12:00:00
1736082000000.0,1.2791,1.2935,1.2541,1.257,29858647.0,2025-01-05 13:00:00
1736085600000.0,1.2567,1.2649,1.2341,1.2514,30929859.0,2025-01-05 14:00:00
1736089200000.0,1.2513,1.2951,1.2486,1.2793,35706160.0,2025-01-05 15:00:00
1736092800000.0,1.279,1.2825,1.25,1.2505,15844637.0,2025-01-05 16:00:00
1736096400000.0,1.2505,1.2528,1.2361,1.2393,16056905.0,2025-01-05 17:00:00
1736100000000.0,1.2392,1.2397,1.2196,1.2277,18764936.0,2025-01-05 18:00:00
1736103600000.0,1.2277,1.2384,1.2235,1.2364,10127302.0,2025-01-05 19:00:00
1736107200000.0,1.2363,1.2565,1.2329,1.2492,12737757.0,2025-01-05 20:00:00
1736110800000.0,1.2491,1.255,1.2406,1.2478,6621604.0,2025-01-05 21:00:00
1736114400000.0,1.2478,1.2732,1.2426,1.2537,15490226.0,2025-01-05 22:00:00
1736118000000.0,1.2537,1.2644,1.2465,1.2618,11022469.0,2025-01-05 23:00:00
1736121600000.0,1.2618,1.276,1.2536,1.2647,19641611.0,2025-01-06 00:00:00
1736125200000.0,1.2646,1.2805,1.2457,1.2606,22836546.0,2025-01-06 01:00:00
1736128800000.0,1.2606,1.2857,1.26,1.2628,21228657.0,2025-01-06 02:00:00
1736132400000.0,1.2627,1.2658,1.2422,1.2473,16790428.0,2025-01-06 03:00:00
1736136000000.0,1.2474,1.257,1.2379,1.2467,14109869.0,2025-01-06 04:00:00
1736139600000.0,1.2468,1.249,1.2308,1.2333,11969302.0,2025-01-06 05:00:00
1736143200000.0,1.2334,1.2371,1.2149,1.2181,17686106.0,2025-01-06 06:00:00
1736146800000.0,1.2181,1.2251,1.2107,1.2113,16466967.0,2025-01-06 07:00:00
1736150400000.0,1.2115,1.2181,1.199,1.1997,19097345.0,2025-01-06 08:00:00
1736154000000.0,1.1997,1.2159,1.1912,1.1952,26973960.0,2025-01-06 09:00:00
1736157600000.0,1.1952,1.2075,1.1881,1.2072,20448995.0,2025-01-06 10:00:00
1736161200000.0,1.2072,1.2162,1.2032,1.2143,17439424.0,2025-01-06 11:00:00
1736164800000.0,1.2143,1.2246,1.195,1.1978,25581382.0,2025-01-06 12:00:00
1736168400000.0,1.1978,1.208,1.19,1.2023,17723344.0,2025-01-06 13:00:00
1736172000000.0,1.2024,1.2385,1.1903,1.2248,40377343.0,2025-01-06 14:00:00
1736175600000.0,1.225,1.238,1.2141,1.2317,41855132.0,2025-01-06 15:00:00
1736179200000.0,1.2318,1.2511,1.2159,1.2192,38807909.0,2025-01-06 16:00:00
1736182800000.0,1.2192,1.2193,1.1916,1.1968,31466202.0,2025-01-06 17:00:00
1736186400000.0,1.1968,1.208,1.1921,1.1975,14591952.0,2025-01-06 18:00:00
1736190000000.0,1.1976,1.2053,1.1975,1.2003,7181343.0,2025-01-06 19:00:00
1736193600000.0,1.2002,1.2097,1.19,1.192,10717806.0,2025-01-06 20:00:00
1736197200000.0,1.1919,1.1929,1.1609,1.1726,40780597.0,2025-01-06 21:00:00
1736200800000.0,1.1726,1.1805,1.1681,1.1775,11880476.0,2025-01-06 22:00:00
1736204400000.0,1.1775,1.1781,1.1691,1.1716,9505469.0,2025-01-06 23:00:00
1736208000000.0,1.1716,1.1835,1.1646,1.1686,17656257.0,2025-01-07 00:00:00
1736211600000.0,1.1686,1.1794,1.1658,1.1721,9386603.0,2025-01-07 01:00:00
1736215200000.0,1.172,1.1732,1.1414,1.1421,33247079.0,2025-01-07 02:00:00
1736218800000.0,1.1421,1.1628,1.14,1.161,22890855.0,2025-01-07 03:00:00
1736222400000.0,1.1609,1.1628,1.145,1.1455,13554093.0,2025-01-07 04:00:00
1736226000000.0,1.1454,1.157,1.1441,1.1562,11286666.0,2025-01-07 05:00:00
1736229600000.0,1.1561,1.1628,1.1518,1.1601,9734890.0,2025-01-07 06:00:00
1736233200000.0,1.1601,1.1636,1.1537,1.1571,13573581.0,2025-01-07 07:00:00
1736236800000.0,1.1571,1.1714,1.1552,1.1662,12178466.0,2025-01-07 08:00:00
1736240400000.0,1.1662,1.1692,1.1474,1.152,15529281.0,2025-01-07 09:00:00
1736244000000.0,1.152,1.1526,1.143,1.1469,13160389.0,2025-01-07 10:00:00
1736247600000.0,1.1469,1.159,1.1432,1.1515,18004713.0,2025-01-07 11:00:00
1736251200000.0,1.1515,1.1652,1.145,1.1603,14876912.0,2025-01-07 12:00:00
1736254800000.0,1.1602,1.1605,1.1472,1.1503,8965673.0,2025-01-07 13:00:00
1736258400000.0,1.1504,1.1637,1.1418,1.1499,19322456.0,2025-01-07 14:00:00
1736262000000.0,1.1496,1.1775,1.0934,1.1087,166092565.0,2025-01-07 15:00:00
1736265600000.0,1.1086,1.1214,1.0941,1.1008,54032045.0,2025-01-07 16:00:00
1736269200000.0,1.1009,1.1072,1.0824,1.0938,36232784.0,2025-01-07 17:00:00
1736272800000.0,1.0938,1.1013,1.0758,1.0808,34399817.0,2025-01-07 18:00:00
1736276400000.0,1.0808,1.0845,1.0568,1.058,43215338.0,2025-01-07 19:00:00
1736280000000.0,1.058,1.0728,1.0514,1.0616,23228084.0,2025-01-07 20:00:00
1736283600000.0,1.0616,1.0623,1.04,1.04,19474208.0,2025-01-07 21:00:00
1736287200000.0,1.04,1.0615,1.0381,1.0544,21702964.0,2025-01-07 22:00:00
1736290800000.0,1.0543,1.0543,1.0337,1.0356,15528377.0,2025-01-07 23:00:00
1736294400000.0,1.0356,1.0527,1.0348,1.0444,13091405.0,2025-01-08 00:00:00
1736298000000.0,1.0445,1.0445,1.0261,1.0332,14978744.0,2025-01-08 01:00:00
1736301600000.0,1.0332,1.0354,1.0153,1.0191,20048177.0,2025-01-08 02:00:00
1736305200000.0,1.0191,1.024,1.0025,1.0081,33403968.0,2025-01-08 03:00:00
1736308800000.0,1.0081,1.0119,0.9966,0.9983,22355928.0,2025-01-08 04:00:00
1736312400000.0,0.9983,1.0018,0.9786,0.9812,27143622.0,2025-01-08 05:00:00
1736316000000.0,0.9812,0.9926,0.9657,0.9668,36722496.0,2025-01-08 06:00:00
1736319600000.0,0.9668,0.985,0.9617,0.9844,25553706.0,2025-01-08 07:00:00
1736323200000.0,0.9843,1.0018,0.98,0.9896,29943925.0,2025-01-08 08:00:00
1736326800000.0,0.9895,0.9989,0.9771,0.9771,15489008.0,2025-01-08 09:00:00
1736330400000.0,0.9771,0.9824,0.9733,0.974,17588810.0,2025-01-08 10:00:00
1736334000000.0,0.974,0.9758,0.9533,0.9741,40878077.0,2025-01-08 11:00:00
1736337600000.0,0.9741,0.9754,0.9457,0.9484,24723258.0,2025-01-08 12:00:00
1736341200000.0,0.9483,0.9697,0.9483,0.9547,27645349.0,2025-01-08 13:00:00
1736344800000.0,0.9547,0.9738,0.9542,0.9607,26848570.0,2025-01-08 14:00:00
1736348400000.0,0.9606,0.9769,0.9439,0.9577,36820507.0,2025-01-08 15:00:00
1736352000000.0,0.9577,0.9598,0.9328,0.9333,24237047.0,2025-01-08 16:00:00
1736355600000.0,0.9334,0.9603,0.9,0.9595,112767076.0,2025-01-08 17:00:00
1736359200000.0,0.9595,0.9769,0.9426,0.9527,54530327.0,2025-01-08 18:00:00
1736362800000.0,0.9527,0.9671,0.9449,0.9549,25419543.0,2025-01-08 19:00:00
1736366400000.0,0.9548,0.9623,0.9419,0.9493,17371835.0,2025-01-08 20:00:00
1736370000000.0,0.9493,0.9621,0.9416,0.9507,13866356.0,2025-01-08 21:00:00
1736373600000.0,0.9507,0.9707,0.9503,0.9673,14511211.0,2025-01-08 22:00:00
1736377200000.0,0.9674,0.977,0.9585,0.975,18431906.0,2025-01-08 23:00:00
1736380800000.0,0.975,0.9867,0.9621,0.9726,21544452.0,2025-01-09 00:00:00
1736384400000.0,0.9726,0.9885,0.9704,0.9709,25758100.0,2025-01-09 01:00:00
1736388000000.0,0.9709,0.9768,0.9471,0.9516,38415206.0,2025-01-09 02:00:00
1736391600000.0,0.9516,0.9541,0.9325,0.9352,23665667.0,2025-01-09 03:00:00
1736395200000.0,0.9351,0.9403,0.9168,0.9387,29820260.0,2025-01-09 04:00:00
1736398800000.0,0.9386,0.944,0.9303,0.9349,15749152.0,2025-01-09 05:00:00
1736402400000.0,0.9349,0.939,0.9229,0.9278,15003193.0,2025-01-09 06:00:00
1736406000000.0,0.9278,0.9342,0.9027,0.9069,33885856.0,2025-01-09 07:00:00
1736409600000.0,0.9069,0.9395,0.9068,0.937,33718731.0,2025-01-09 08:00:00
1736413200000.0,0.937,0.9529,0.9332,0.9469,27547645.0,2025-01-09 09:00:00
1736416800000.0,0.9469,0.9507,0.9221,0.9277,21863560.0,2025-01-09 10:00:00
1736420400000.0,0.9277,0.9448,0.9203,0.9239,15412098.0,2025-01-09 11:00:00
1736424000000.0,0.9239,0.9339,0.9114,0.9141,19725107.0,2025-01-09 12:00:00
1736427600000.0,0.9141,0.9184,0.879,0.8807,56217698.0,2025-01-09 13:00:00
1736431200000.0,0.8807,0.8942,0.861,0.8876,72171914.0,2025-01-09 14:00:00
1736434800000.0,0.8875,0.9485,0.8782,0.9354,63849117.0,2025-01-09 15:00:00
1736438400000.0,0.9354,0.9636,0.9314,0.9491,50583183.0,2025-01-09 16:00:00
1736442000000.0,0.9491,0.9498,0.9082,0.9157,35359534.0,2025-01-09 17:00:00
1736445600000.0,0.9156,0.9249,0.9102,0.9178,22833653.0,2025-01-09 18:00:00
1736449200000.0,0.9179,0.9193,0.893,0.8968,24030929.0,2025-01-09 19:00:00
1736452800000.0,0.8968,0.9088,0.8792,0.9039,44103768.0,2025-01-09 20:00:00
1736456400000.0,0.9039,0.9163,0.9,0.9018,20305839.0,2025-01-09 21:00:00
1736460000000.0,0.9018,0.9191,0.8978,0.909,13101116.0,2025-01-09 22:00:00
1736463600000.0,0.909,0.912,0.8978,0.9008,9364263.0,2025-01-09 23:00:00
1736467200000.0,0.9008,0.9266,0.9008,0.9152,21583474.0,2025-01-10 00:00:00
1736470800000.0,0.9152,0.9235,0.9072,0.922,11368800.0,2025-01-10 01:00:00
1736474400000.0,0.9221,0.9538,0.9198,0.939,28340939.0,2025-01-10 02:00:00
1736478000000.0,0.9391,0.9419,0.9275,0.9373,16622138.0,2025-01-10 03:00:00
1736481600000.0,0.9374,0.9471,0.9303,0.9359,15536627.0,2025-01-10 04:00:00
1736485200000.0,0.9359,0.9622,0.9284,0.9395,20762679.0,2025-01-10 05:00:00
1736488800000.0,0.9394,0.9468,0.9319,0.942,20836129.0,2025-01-10 06:00:00
1736492400000.0,0.9421,0.9688,0.9392,0.9499,38591439.0,2025-01-10 07:00:00
1736496000000.0,0.9498,0.958,0.9349,0.9398,24018293.0,2025-01-10 08:00:00
1736499600000.0,0.9398,0.97,0.9352,0.9623,31144736.0,2025-01-10 09:00:00
1736503200000.0,0.9624,0.9679,0.9487,0.9619,21243396.0,2025-01-10 10:00:00
1736506800000.0,0.9619,0.963,0.9375,0.944,28246426.0,2025-01-10 11:00:00
1736510400000.0,0.944,0.9497,0.9295,0.94,21236436.0,2025-01-10 12:00:00
1736514000000.0,0.9399,0.948,0.8834,0.8968,98144707.0,2025-01-10 13:00:00
1736517600000.0,0.8966,0.9317,0.8924,0.8943,67573169.0,2025-01-10 14:00:00
1736521200000.0,0.8943,0.9207,0.8721,0.9036,76299269.0,2025-01-10 15:00:00
1736524800000.0,0.9036,0.9084,0.887,0.8919,36134292.0,2025-01-10 16:00:00
1736528400000.0,0.8919,0.9457,0.8893,0.9394,41105270.0,2025-01-10 17:00:00
1736532000000.0,0.9393,0.9487,0.9189,0.9215,39237101.0,2025-01-10 18:00:00
1736535600000.0,0.9215,0.9336,0.9169,0.9234,17626444.0,2025-01-10 19:00:00
1736539200000.0,0.9235,0.9293,0.9078,0.915,18541600.0,2025-01-10 20:00:00
1736542800000.0,0.9151,0.9216,0.9125,0.9145,7819632.0,2025-01-10 21:00:00
1736546400000.0,0.9146,0.924,0.9082,0.9194,8126814.0,2025-01-10 22:00:00
1736550000000.0,0.9194,0.9225,0.9085,0.9097,8986212.0,2025-01-10 23:00:00
1736553600000.0,0.9098,0.9159,0.9027,0.9096,11930680.0,2025-01-11 00:00:00
1736557200000.0,0.9097,0.9161,0.8838,0.8919,32814732.0,2025-01-11 01:00:00
1736560800000.0,0.892,0.8984,0.8867,0.8895,12841551.0,2025-01-11 02:00:00
1736564400000.0,0.8894,0.8907,0.8825,0.8879,9386279.0,2025-01-11 03:00:00
1736568000000.0,0.8879,0.8913,0.8792,0.888,12269820.0,2025-01-11 04:00:00
1736571600000.0,0.888,0.9006,0.8841,0.8991,14570203.0,2025-01-11 05:00:00
1736575200000.0,0.8991,0.9069,0.8932,0.8941,15446148.0,2025-01-11 06:00:00
1736578800000.0,0.8941,0.8985,0.8793,0.8875,23726688.0,2025-01-11 07:00:00
1736582400000.0,0.8875,0.8935,0.8743,0.8757,24110183.0,2025-01-11 08:00:00
1736586000000.0,0.8757,0.8887,0.8752,0.8873,24121977.0,2025-01-11 09:00:00
1736589600000.0,0.8874,0.9096,0.8874,0.9077,37874179.0,2025-01-11 10:00:00
1736593200000.0,0.9077,0.918,0.9001,0.915,27825137.0,2025-01-11 11:00:00
1736596800000.0,0.915,0.9182,0.9054,0.9084,13883684.0,2025-01-11 12:00:00
1736600400000.0,0.9084,0.9096,0.8929,0.8961,18327361.0,2025-01-11 13:00:00
1736604000000.0,0.8961,0.9031,0.8889,0.8995,17269809.0,2025-01-11 14:00:00
1736607600000.0,0.8995,0.8995,0.8892,0.8906,12016679.0,2025-01-11 15:00:00
1736611200000.0,0.8906,0.9063,0.8847,0.8958,21414881.0,2025-01-11 16:00:00
1736614800000.0,0.8958,0.896,0.8836,0.8884,15309233.0,2025-01-11 17:00:00
1736618400000.0,0.8884,0.8941,0.884,0.8912,10485186.0,2025-01-11 18:00:00
1736622000000.0,0.8912,0.8953,0.8848,0.8918,10277651.0,2025-01-11 19:00:00
1736625600000.0,0.8917,0.9218,0.8883,0.9198,19302818.0,2025-01-11 20:00:00
1736629200000.0,0.9197,0.9367,0.9192,0.9309,28867421.0,2025-01-11 21:00:00
1736632800000.0,0.9309,0.9332,0.9117,0.913,20741539.0,2025-01-11 22:00:00
1736636400000.0,0.9131,0.9183,0.9059,0.9077,11147935.0,2025-01-11 23:00:00
1736640000000.0,0.9078,0.9114,0.9004,0.9065,16053569.0,2025-01-12 00:00:00
1736643600000.0,0.9066,0.9087,0.9004,0.9044,10185286.0,2025-01-12 01:00:00
1736647200000.0,0.9044,0.9074,0.8968,0.9023,9467847.0,2025-01-12 02:00:00
1736650800000.0,0.9024,0.9052,0.8937,0.9021,8852492.0,2025-01-12 03:00:00
1736654400000.0,0.9022,0.9049,0.8939,0.898,9210156.0,2025-01-12 04:00:00
1736658000000.0,0.8981,0.9029,0.8952,0.8981,5787109.0,2025-01-12 05:00:00
1736661600000.0,0.8981,0.9021,0.8909,0.8931,8038903.0,2025-01-12 06:00:00
1736665200000.0,0.8931,0.8971,0.8885,0.8944,8623558.0,2025-01-12 07:00:00
1736668800000.0,0.8944,0.898,0.8851,0.8872,11688367.0,2025-01-12 08:00:00
1736672400000.0,0.8872,0.8911,0.88,0.8818,15211856.0,2025-01-12 09:00:00
1736676000000.0,0.8819,0.8881,0.8761,0.886,15519128.0,2025-01-12 10:00:00
1736679600000.0,0.8861,0.9209,0.885,0.9134,42745446.0,2025-01-12 11:00:00
1736683200000.0,0.9134,0.9147,0.8885,0.8893,37081926.0,2025-01-12 12:00:00
1736686800000.0,0.8893,0.905,0.8875,0.9021,19848926.0,2025-01-12 13:00:00
1736690400000.0,0.9021,0.9104,0.8926,0.8967,25358725.0,2025-01-12 14:00:00
1736694000000.0,0.8967,0.9157,0.8918,0.9154,29100163.0,2025-01-12 15:00:00
1736697600000.0,0.9155,0.9189,0.898,0.9029,20480971.0,2025-01-12 16:00:00
1736701200000.0,0.9029,0.9067,0.8953,0.8982,12254510.0,2025-01-12 17:00:00
1736704800000.0,0.8981,0.9036,0.8921,0.8933,15285153.0,2025-01-12 18:00:00
1736708400000.0,0.8933,0.8964,0.8885,0.8952,12437612.0,2025-01-12 19:00:00
1736712000000.0,0.8952,0.9023,0.8853,0.8891,15763803.0,2025-01-12 20:00:00
1736715600000.0,0.8892,0.8915,0.878,0.8795,18355196.0,2025-01-12 21:00:00
1736719200000.0,0.8794,0.8819,0.8664,0.8711,29444279.0,2025-01-12 22:00:00
1736722800000.0,0.8711,0.8792,0.8694,0.8777,13411731.0,2025-01-12 23:00:00
1736726400000.0,0.8778,0.9167,0.8733,0.9117,49994075.0,2025-01-13 00:00:00
1736730000000.0,0.9116,0.9153,0.8801,0.8825,39059006.0,2025-01-13 01:00:00
1736733600000.0,0.8826,0.8847,0.8513,0.8591,49298364.0,2025-01-13 02:00:00
1736737200000.0,0.8592,0.8651,0.821,0.8227,75625610.0,2025-01-13 03:00:00
1736740800000.0,0.8227,0.85,0.8214,0.8332,50131253.0,2025-01-13 04:00:00
1736744400000.0,0.8332,0.8361,0.811,0.8164,49441572.0,2025-01-13 05:00:00
1736748000000.0,0.8164,0.8238,0.8017,0.8057,47001097.0,2025-01-13 06:00:00
1736751600000.0,0.8055,0.8169,0.7992,0.8125,52305624.0,2025-01-13 07:00:00
1736755200000.0,0.8125,0.8154,0.7901,0.7942,60216606.0,2025-01-13 08:00:00
1736758800000.0,0.7943,0.7971,0.7837,0.7871,59405313.0,2025-01-13 09:00:00
1736762400000.0,0.7871,0.7964,0.7789,0.7918,57132885.0,2025-01-13 10:00:00
1736766000000.0,0.7918,0.792,0.7764,0.7786,47151611.0,2025-01-13 11:00:00
1736769600000.0,0.7786,0.7947,0.7763,0.7823,49099585.0,2025-01-13 12:00:00
1736773200000.0,0.7822,0.8076,0.781,0.791,54354725.0,2025-01-13 13:00:00
1736776800000.0,0.7911,0.8369,0.7637,0.8235,134652836.0,2025-01-13 14:00:00
1736780400000.0,0.8236,0.8373,0.8121,0.8136,75045583.0,2025-01-13 15:00:00
1736784000000.0,0.8136,0.82,0.8009,0.8019,38882907.0,2025-01-13 16:00:00
1736787600000.0,0.802,0.8069,0.778,0.7789,45267686.0,2025-01-13 17:00:00
1736791200000.0,0.779,0.7837,0.7225,0.7593,159439558.0,2025-01-13 18:00:00
1736794800000.0,0.7593,0.7706,0.7441,0.76,61437316.0,2025-01-13 19:00:00
1736798400000.0,0.76,0.82,0.7555,0.8002,62469941.0,2025-01-13 20:00:00
1736802000000.0,0.8002,0.809,0.7921,0.802,42969072.0,2025-01-13 21:00:00
1736805600000.0,0.802,0.8201,0.7993,0.8038,32384104.0,2025-01-13 22:00:00
1736809200000.0,0.8038,0.8039,0.7929,0.7977,17084364.0,2025-01-13 23:00:00
1736812800000.0,0.7978,0.8083,0.7913,0.7927,23443913.0,2025-01-14 00:00:00
1736816400000.0,0.7927,0.811,0.7869,0.7897,28309843.0,2025-01-14 01:00:00
1736820000000.0,0.7896,0.8126,0.7894,0.8019,23329955.0,2025-01-14 02:00:00
1736823600000.0,0.8018,0.816,0.8008,0.8066,21033455.0,2025-01-14 03:00:00
1736827200000.0,0.8066,0.818,0.8033,0.8177,17550379.0,2025-01-14 04:00:00
1736830800000.0,0.8176,0.8364,0.8052,0.8076,41712865.0,2025-01-14 05:00:00
1736834400000.0,0.8075,0.8171,0.8046,0.8109,24895501.0,2025-01-14 06:00:00
1736838000000.0,0.811,0.8164,0.8026,0.8028,20637716.0,2025-01-14 07:00:00
1736841600000.0,0.8028,0.8177,0.8016,0.8109,27922086.0,2025-01-14 08:00:00
1736845200000.0,0.811,0.8523,0.8061,0.8409,74753385.0,2025-01-14 09:00:00
1736848800000.0,0.841,0.8444,0.8174,0.8205,39613041.0,2025-01-14 10:00:00
1736852400000.0,0.8205,0.8232,0.8111,0.8219,24207472.0,2025-01-14 11:00:00
1736856000000.0,0.8219,0.8265,0.81,0.814,32689309.0,2025-01-14 12:00:00
1736859600000.0,0.8142,0.8422,0.811,0.8382,72548657.0,2025-01-14 13:00:00
1736863200000.0,0.8383,0.8563,0.8258,0.8353,59927904.0,2025-01-14 14:00:00
1736866800000.0,0.8353,0.8445,0.8328,0.8349,36869925.0,2025-01-14 15:00:00
1736870400000.0,0.8349,0.837,0.8212,0.8262,36079507.0,2025-01-14 16:00:00
1736874000000.0,0.8261,0.84,0.822,0.8285,23473603.0,2025-01-14 17:00:00
1736877600000.0,0.8285,0.8352,0.8241,0.8274,21118302.0,2025-01-14 18:00:00
1736881200000.0,0.8274,0.8314,0.8198,0.825,18379215.0,2025-01-14 19:00:00
1736884800000.0,0.825,0.8304,0.8151,0.8282,18705718.0,2025-01-14 20:00:00
1736888400000.0,0.8281,0.8388,0.825,0.8278,16596804.0,2025-01-14 21:00:00
1736892000000.0,0.8279,0.8505,0.8278,0.8478,14919971.0,2025-01-14 22:00:00
1736895600000.0,0.8478,0.8513,0.8284,0.8309,19367027.0,2025-01-14 23:00:00
1736899200000.0,0.8309,0.838,0.821,0.8232,22922471.0,2025-01-15 00:00:00
1736902800000.0,0.8231,0.834,0.8176,0.8258,28470450.0,2025-01-15 01:00:00
1736906400000.0,0.8259,0.8323,0.8112,0.8116,33611713.0,2025-01-15 02:00:00
1736910000000.0,0.8117,0.8272,0.8073,0.8266,21111528.0,2025-01-15 03:00:00
1736913600000.0,0.8266,0.832,0.8142,0.8244,18792344.0,2025-01-15 04:00:00
1736917200000.0,0.8244,0.8256,0.8162,0.8197,12914476.0,2025-01-15 05:00:00
1736920800000.0,0.8196,0.8228,0.8104,0.8198,20119853.0,2025-01-15 06:00:00
1736924400000.0,0.8197,0.8301,0.8195,0.8206,16044286.0,2025-01-15 07:00:00
1736928000000.0,0.8207,0.8266,0.81,0.8103,20950197.0,2025-01-15 08:00:00
1736931600000.0,0.8103,0.8132,0.7807,0.7835,67833849.0,2025-01-15 09:00:00
1736935200000.0,0.7835,0.7913,0.7826,0.7843,22580888.0,2025-01-15 10:00:00
1736938800000.0,0.7842,0.7862,0.7745,0.7856,31417400.0,2025-01-15 11:00:00
1736942400000.0,0.7856,0.787,0.7768,0.778,19495251.0,2025-01-15 12:00:00
1736946000000.0,0.7779,0.846,0.7769,0.8443,116869351.0,2025-01-15 13:00:00
1736949600000.0,0.8442,0.8869,0.8421,0.8806,131467103.0,2025-01-15 14:00:00
1736953200000.0,0.8807,0.9212,0.8794,0.8899,110363644.0,2025-01-15 15:00:00
1736956800000.0,0.8898,0.9246,0.8895,0.9119,62167903.0,2025-01-15 16:00:00
1736960400000.0,0.912,0.9151,0.8942,0.9004,42761499.0,2025-01-15 17:00:00
1736964000000.0,0.9004,0.9165,0.8982,0.9125,20744558.0,2025-01-15 18:00:00
1736967600000.0,0.9124,0.9217,0.906,0.9156,23182559.0,2025-01-15 19:00:00
1736971200000.0,0.9156,0.9269,0.9074,0.9162,33829335.0,2025-01-15 20:00:00
1736974800000.0,0.9162,0.9257,0.913,0.9189,21041594.0,2025-01-15 21:00:00
1736978400000.0,0.9189,0.9673,0.9169,0.9645,56206967.0,2025-01-15 22:00:00
1736982000000.0,0.9643,0.9734,0.9414,0.943,44107397.0,2025-01-15 23:00:00
1736985600000.0,0.9429,0.9502,0.9173,0.9204,39359851.0,2025-01-16 00:00:00
1736989200000.0,0.9205,0.9296,0.9186,0.9204,18449714.0,2025-01-16 01:00:00
1736992800000.0,0.9204,0.9212,0.9083,0.9121,19168749.0,2025-01-16 02:00:00
1736996400000.0,0.9121,0.9133,0.9012,0.9077,17011593.0,2025-01-16 03:00:00
1737000000000.0,0.9076,0.9143,0.905,0.9136,11310487.0,2025-01-16 04:00:00
1737003600000.0,0.9136,0.9153,0.9038,0.9048,12675335.0,2025-01-16 05:00:00
1737007200000.0,0.9048,0.9198,0.9022,0.9185,14252671.0,2025-01-16 06:00:00
1737010800000.0,0.9186,0.9188,0.9063,0.9082,10798407.0,2025-01-16 07:00:00
1737014400000.0,0.9082,0.912,0.8746,0.8822,53831502.0,2025-01-16 08:00:00
1737018000000.0,0.8822,0.8928,0.8761,0.8928,30174327.0,2025-01-16 09:00:00
1737021600000.0,0.8927,0.8938,0.8839,0.8889,19035543.0,2025-01-16 10:00:00
1737025200000.0,0.889,0.9073,0.8828,0.9066,42164985.0,2025-01-16 11:00:00
1737028800000.0,0.9065,0.9573,0.9032,0.9477,67627842.0,2025-01-16 12:00:00
1737032400000.0,0.9476,0.9516,0.9184,0.9306,70040750.0,2025-01-16 13:00:00
1737036000000.0,0.9306,0.9378,0.8861,0.8892,89882216.0,2025-01-16 14:00:00
1737039600000.0,0.8893,0.9164,0.8857,0.9098,56802485.0,2025-01-16 15:00:00
1737043200000.0,0.9097,0.9264,0.9069,0.9113,36291640.0,2025-01-16 16:00:00
1737046800000.0,0.9112,0.9236,0.904,0.912,25415606.0,2025-01-16 17:00:00
1737050400000.0,0.9121,0.92,0.9025,0.9048,18493342.0,2025-01-16 18:00:00
1737054000000.0,0.9049,0.9264,0.9022,0.9239,17033093.0,2025-01-16 19:00:00
1737057600000.0,0.9238,0.9307,0.9118,0.9175,18627201.0,2025-01-16 20:00:00
1737061200000.0,0.9174,0.9219,0.9038,0.9088,15089650.0,2025-01-16 21:00:00
1737064800000.0,0.9088,0.9101,0.8881,0.898,20619155.0,2025-01-16 22:00:00
1737068400000.0,0.8979,0.9153,0.893,0.9116,20402741.0,2025-01-16 23:00:00
1737072000000.0,0.9117,0.9304,0.9101,0.9295,18545907.0,2025-01-17 00:00:00
1737075600000.0,0.9294,0.971,0.9292,0.9679,64237788.0,2025-01-17 01:00:00
1737079200000.0,0.9679,0.9768,0.9442,0.9487,48173826.0,2025-01-17 02:00:00
1737082800000.0,0.9487,0.9539,0.9345,0.9378,19807686.0,2025-01-17 03:00:00
1737086400000.0,0.9378,0.9533,0.9333,0.9522,22532419.0,2025-01-17 04:00:00
1737090000000.0,0.9521,0.9543,0.9297,0.9333,20336061.0,2025-01-17 05:00:00
1737093600000.0,0.9332,0.9393,0.9272,0.9318,15436587.0,2025-01-17 06:00:00
1737097200000.0,0.9319,0.9387,0.9247,0.9281,16305894.0,2025-01-17 07:00:00
1737100800000.0,0.9281,0.9522,0.9229,0.9465,33026696.0,2025-01-17 08:00:00
1737104400000.0,0.9466,0.9637,0.9432,0.9511,32133272.0,2025-01-17 09:00:00
1737108000000.0,0.9511,0.968,0.9473,0.9624,26436387.0,2025-01-17 10:00:00
1737111600000.0,0.9625,0.9762,0.9575,0.9719,28747568.0,2025-01-17 11:00:00
1737115200000.0,0.972,0.9767,0.9478,0.9567,34980860.0,2025-01-17 12:00:00
1737118800000.0,0.9568,0.987,0.9497,0.9519,59795869.0,2025-01-17 13:00:00
1737122400000.0,0.952,0.967,0.9493,0.9606,42657096.0,2025-01-17 14:00:00
1737126000000.0,0.9606,0.9843,0.9495,0.9561,54375116.0,2025-01-17 15:00:00
1737129600000.0,0.9561,0.9667,0.9451,0.9534,41489413.0,2025-01-17 16:00:00
1737133200000.0,0.9533,0.9573,0.931,0.9357,36073644.0,2025-01-17 17:00:00
1737136800000.0,0.9357,0.9391,0.9284,0.9308,14359542.0,2025-01-17 18:00:00
1737140400000.0,0.9308,0.9416,0.93,0.931,16650420.0,2025-01-17 19:00:00
1737144000000.0,0.931,0.9812,0.9307,0.9753,50096639.0,2025-01-17 20:00:00
1737147600000.0,0.9753,0.9853,0.9563,0.9704,31979319.0,2025-01-17 21:00:00
1737151200000.0,0.9703,0.9938,0.97,0.9867,32057490.0,2025-01-17 22:00:00
1737154800000.0,0.9866,1.0042,0.9637,0.9639,61283482.0,2025-01-17 23:00:00
1737158400000.0,0.9639,0.9932,0.9523,0.9819,53052598.0,2025-01-18 00:00:00
1737162000000.0,0.982,0.9864,0.9593,0.964,26672999.0,2025-01-18 01:00:00
1737165600000.0,0.9641,0.9718,0.9381,0.9409,25666823.0,2025-01-18 02:00:00
1737169200000.0,0.941,0.945,0.9174,0.9185,49524784.0,2025-01-18 03:00:00
1737172800000.0,0.9184,0.926,0.9019,0.9191,56842968.0,2025-01-18 04:00:00
1737176400000.0,0.9191,0.9209,0.8631,0.8673,91266776.0,2025-01-18 05:00:00
1737180000000.0,0.8672,0.8846,0.8665,0.8815,56837041.0,2025-01-18 06:00:00
1737183600000.0,0.8815,0.8863,0.866,0.8688,30876031.0,2025-01-18 07:00:00
1737187200000.0,0.8689,0.8837,0.8588,0.8805,51514972.0,2025-01-18 08:00:00
1737190800000.0,0.8805,0.8833,0.866,0.8731,21663176.0,2025-01-18 09:00:00
1737194400000.0,0.8731,0.88,0.8585,0.8751,35528368.0,2025-01-18 10:00:00
1737198000000.0,0.8751,0.9456,0.871,0.9383,108983344.0,2025-01-18 11:00:00
1737201600000.0,0.9384,0.9496,0.9156,0.9237,67106128.0,2025-01-18 12:00:00
1737205200000.0,0.9237,0.9256,0.9085,0.9226,39365051.0,2025-01-18 13:00:00
1737208800000.0,0.9226,0.924,0.8888,0.8929,45313538.0,2025-01-18 14:00:00
1737212400000.0,0.8929,0.9051,0.8778,0.8839,44370353.0,2025-01-18 15:00:00
1737216000000.0,0.8839,0.8969,0.87,0.8703,48904689.0,2025-01-18 16:00:00
1737219600000.0,0.8704,0.8827,0.8641,0.8645,27296082.0,2025-01-18 17:00:00
1737223200000.0,0.8645,0.8708,0.8435,0.8542,41653857.0,2025-01-18 18:00:00
1737226800000.0,0.8542,0.875,0.8542,0.8717,21181816.0,2025-01-18 19:00:00
1737230400000.0,0.8718,0.8743,0.8551,0.8587,15143987.0,2025-01-18 20:00:00
1737234000000.0,0.8586,0.8661,0.8557,0.8581,9379386.0,2025-01-18 21:00:00
1737237600000.0,0.858,0.8722,0.8571,0.8667,9186345.0,2025-01-18 22:00:00
1737241200000.0,0.8667,0.885,0.8641,0.881,21723941.0,2025-01-18 23:00:00
1737244800000.0,0.8809,0.9156,0.8808,0.908,54814051.0,2025-01-19 00:00:00
1737248400000.0,0.908,0.9468,0.9062,0.9366,71024102.0,2025-01-19 01:00:00
1737252000000.0,0.9366,0.9429,0.9255,0.9262,25435460.0,2025-01-19 02:00:00
1737255600000.0,0.9262,0.9296,0.9087,0.918,27979673.0,2025-01-19 03:00:00
1737259200000.0,0.9179,0.9188,0.893,0.8982,39915268.0,2025-01-19 04:00:00
1737262800000.0,0.8982,0.9035,0.8842,0.9013,25604004.0,2025-01-19 05:00:00
1737266400000.0,0.9014,0.9014,0.8781,0.8789,20030117.0,2025-01-19 06:00:00
1737270000000.0,0.879,0.8834,0.8653,0.8747,28179887.0,2025-01-19 07:00:00
1737273600000.0,0.8747,0.8782,0.8549,0.855,34945903.0,2025-01-19 08:00:00
1737277200000.0,0.8551,0.8685,0.827,0.8576,107048305.0,2025-01-19 09:00:00
1737280800000.0,0.8576,0.8577,0.8378,0.842,41659581.0,2025-01-19 10:00:00
1737284400000.0,0.842,0.8448,0.8142,0.8273,45798850.0,2025-01-19 11:00:00
1737288000000.0,0.8274,0.8565,0.8274,0.8546,47446050.0,2025-01-19 12:00:00
1737291600000.0,0.8546,0.8887,0.8478,0.8883,44623596.0,2025-01-19 13:00:00
1737295200000.0,0.8887,0.9314,0.8826,0.922,123963719.0,2025-01-19 14:00:00
1737298800000.0,0.922,0.9297,0.9011,0.9112,66152827.0,2025-01-19 15:00:00
1737302400000.0,0.9112,0.9372,0.9108,0.9258,52667746.0,2025-01-19 16:00:00
1737306000000.0,0.9257,0.947,0.9248,0.9456,38617870.0,2025-01-19 17:00:00
1737309600000.0,0.9455,0.9484,0.9238,0.937,26829793.0,2025-01-19 18:00:00
1737313200000.0,0.937,0.9384,0.9211,0.9313,17016204.0,2025-01-19 19:00:00
1737316800000.0,0.9313,0.9485,0.9197,0.929,44834468.0,2025-01-19 20:00:00
1737320400000.0,0.9291,0.9408,0.8758,0.8799,106504601.0,2025-01-19 21:00:00
1737324000000.0,0.8798,0.9066,0.845,0.8746,92293043.0,2025-01-19 22:00:00
1737327600000.0,0.8745,0.8745,0.8152,0.8463,109333433.0,2025-01-19 23:00:00
1737331200000.0,0.8463,0.8471,0.8,0.8099,117201390.0,2025-01-20 00:00:00
1737334800000.0,0.81,0.8367,0.8012,0.8157,56683235.0,2025-01-20 01:00:00
1737338400000.0,0.8156,0.8534,0.8079,0.8109,58811769.0,2025-01-20 02:00:00
1737342000000.0,0.811,0.8306,0.8055,0.8264,24816754.0,2025-01-20 03:00:00
1737345600000.0,0.8264,0.834,0.8106,0.8242,26142890.0,2025-01-20 04:00:00
1737349200000.0,0.8243,0.8518,0.8223,0.8366,34888596.0,2025-01-20 05:00:00
1737352800000.0,0.8366,0.91,0.8366,0.8928,80269981.0,2025-01-20 06:00:00
1737356400000.0,0.8927,0.9397,0.8898,0.9135,131957898.0,2025-01-20 07:00:00
1737360000000.0,0.9135,0.944,0.91,0.9347,49446615.0,2025-01-20 08:00:00
1737363600000.0,0.9347,0.9374,0.91,0.9153,40527386.0,2025-01-20 09:00:00
1737367200000.0,0.9153,0.9218,0.8907,0.8991,33351673.0,2025-01-20 10:00:00
1737370800000.0,0.8991,0.9068,0.889,0.9059,27199914.0,2025-01-20 11:00:00
1737374400000.0,0.9058,0.9063,0.8621,0.8723,62154020.0,2025-01-20 12:00:00
1737378000000.0,0.8724,0.9231,0.8638,0.9103,105673806.0,2025-01-20 13:00:00
1737381600000.0,0.9102,0.9707,0.8982,0.9524,129948107.0,2025-01-20 14:00:00
1737385200000.0,0.9522,0.9655,0.9338,0.9425,89022435.0,2025-01-20 15:00:00
1737388800000.0,0.9424,0.9657,0.9234,0.9656,74393538.0,2025-01-20 16:00:00
1737392400000.0,0.9655,0.9688,0.88,0.9113,166645203.0,2025-01-20 17:00:00
1737396000000.0,0.9112,0.939,0.8972,0.9184,72741094.0,2025-01-20 18:00:00
1737399600000.0,0.9182,0.9387,0.9088,0.9233,37454754.0,2025-01-20 19:00:00
1737403200000.0,0.9233,0.926,0.9058,0.9068,23467704.0,2025-01-20 20:00:00
1737406800000.0,0.9068,0.91,0.885,0.8874,30759894.0,2025-01-20 21:00:00
1737410400000.0,0.8874,0.9205,0.8767,0.9148,37643146.0,2025-01-20 22:00:00
1737414000000.0,0.915,0.9159,0.8731,0.8778,48660216.0,2025-01-20 23:00:00
1737417600000.0,0.8778,0.8781,0.8388,0.8412,63149196.0,2025-01-21 00:00:00
1737421200000.0,0.8413,0.8554,0.8362,0.8409,36502929.0,2025-01-21 01:00:00
1737424800000.0,0.8408,0.8504,0.83,0.8482,30298185.0,2025-01-21 02:00:00
1737428400000.0,0.8481,0.8591,0.8347,0.8546,37955271.0,2025-01-21 03:00:00
1737432000000.0,0.8546,0.8807,0.8402,0.876,51619254.0,2025-01-21 04:00:00
1737435600000.0,0.876,0.8766,0.8486,0.8495,28276064.0,2025-01-21 05:00:00
1737439200000.0,0.8495,0.8682,0.8467,0.8577,30183510.0,2025-01-21 06:00:00
1737442800000.0,0.8577,0.8735,0.8538,0.8641,22999212.0,2025-01-21 07:00:00
1737446400000.0,0.8642,0.8688,0.8439,0.857,29139743.0,2025-01-21 08:00:00
1737450000000.0,0.8569,0.8752,0.8481,0.8728,30387632.0,2025-01-21 09:00:00
1737453600000.0,0.8728,0.9269,0.8673,0.9232,63031416.0,2025-01-21 10:00:00
1737457200000.0,0.9232,0.928,0.8956,0.9041,45579783.0,2025-01-21 11:00:00
1737460800000.0,0.9042,0.9134,0.8912,0.9003,27368087.0,2025-01-21 12:00:00
1737464400000.0,0.9003,0.901,0.8769,0.8968,37743444.0,2025-01-21 13:00:00
1737468000000.0,0.8967,0.906,0.8788,0.88,42899764.0,2025-01-21 14:00:00
1737471600000.0,0.8801,0.8849,0.8679,0.8733,37617010.0,2025-01-21 15:00:00
1737475200000.0,0.8733,0.9043,0.8692,0.8859,43977933.0,2025-01-21 16:00:00
1737478800000.0,0.8859,0.9225,0.885,0.9171,34643382.0,2025-01-21 17:00:00
1737482400000.0,0.9171,0.97,0.9161,0.9506,63922245.0,2025-01-21 18:00:00
1737486000000.0,0.9506,0.9591,0.9342,0.9398,37251273.0,2025-01-21 19:00:00
1737489600000.0,0.9398,0.9516,0.9269,0.9416,23196323.0,2025-01-21 20:00:00
1737493200000.0,0.9417,0.9496,0.9323,0.9478,16899856.0,2025-01-21 21:00:00
1737496800000.0,0.9478,0.9538,0.9334,0.9408,17125424.0,2025-01-21 22:00:00
1737500400000.0,0.9409,0.9507,0.9245,0.9345,31587866.0,2025-01-21 23:00:00
1737504000000.0,0.9344,0.9523,0.9258,0.9483,25049422.0,2025-01-22 00:00:00
1737507600000.0,0.9483,0.9497,0.9315,0.9328,18853885.0,2025-01-22 01:00:00
1737511200000.0,0.9327,0.9728,0.9291,0.9571,35182550.0,2025-01-22 02:00:00
1737514800000.0,0.957,0.9628,0.9372,0.9418,24645500.0,2025-01-22 03:00:00
1737518400000.0,0.9418,0.9481,0.9295,0.9434,17407112.0,2025-01-22 04:00:00
1737522000000.0,0.9434,0.9637,0.9385,0.9399,21148484.0,2025-01-22 05:00:00
1737525600000.0,0.9399,0.9475,0.9271,0.9314,19372531.0,2025-01-22 06:00:00
1737529200000.0,0.9315,0.936,0.9241,0.9307,18960286.0,2025-01-22 07:00:00
1737532800000.0,0.9308,0.9337,0.9071,0.9192,33128118.0,2025-01-22 08:00:00
1737536400000.0,0.9192,0.924,0.9129,0.9203,13215562.0,2025-01-22 09:00:00
1737540000000.0,0.9203,0.9206,0.9042,0.9068,19609612.0,2025-01-22 10:00:00
1737543600000.0,0.9069,0.9125,0.9024,0.9033,23243603.0,2025-01-22 11:00:00
1737547200000.0,0.9034,0.9051,0.8909,0.9035,30824379.0,2025-01-22 12:00:00
1737550800000.0,0.9034,0.9049,0.8864,0.8915,25144855.0,2025-01-22 13:00:00
1737554400000.0,0.8916,0.8977,0.8841,0.8882,25670463.0,2025-01-22 14:00:00
1737558000000.0,0.8882,0.8921,0.8805,0.8892,20991546.0,2025-01-22 15:00:00
1737561600000.0,0.8892,0.8962,0.8816,0.8903,20469059.0,2025-01-22 16:00:00
1737565200000.0,0.8903,0.8965,0.887,0.8938,13177200.0,2025-01-22 17:00:00
1737568800000.0,0.8937,0.8969,0.8732,0.8763,25989671.0,2025-01-22 18:00:00
1737572400000.0,0.8764,0.8889,0.876,0.8816,23644492.0,2025-01-22 19:00:00
1737576000000.0,0.8815,0.8878,0.8756,0.8767,13943404.0,2025-01-22 20:00:00
1737579600000.0,0.8766,0.8777,0.8669,0.8709,16716031.0,2025-01-22 21:00:00
1737583200000.0,0.8708,0.8745,0.8562,0.8576,18151053.0,2025-01-22 22:00:00
1737586800000.0,0.8575,0.8609,0.839,0.8538,65981544.0,2025-01-22 23:00:00
1737590400000.0,0.8538,0.856,0.8474,0.849,18486595.0,2025-01-23 00:00:00
1737594000000.0,0.8489,0.8529,0.8388,0.8395,18696382.0,2025-01-23 01:00:00
1737597600000.0,0.8395,0.8434,0.8324,0.8422,31519904.0,2025-01-23 02:00:00
1737601200000.0,0.8423,0.8559,0.8369,0.8373,27113709.0,2025-01-23 03:00:00
1737604800000.0,0.8374,0.8443,0.8288,0.8347,30663129.0,2025-01-23 04:00:00
1737608400000.0,0.8347,0.8457,0.8347,0.8392,14006412.0,2025-01-23 05:00:00
1737612000000.0,0.8393,0.8432,0.8346,0.837,13705440.0,2025-01-23 06:00:00
1737615600000.0,0.8371,0.8477,0.8334,0.8455,14735411.0,2025-01-23 07:00:00
1737619200000.0,0.8454,0.8483,0.83,0.8304,17048481.0,2025-01-23 08:00:00
1737622800000.0,0.8305,0.8378,0.8258,0.8305,21707036.0,2025-01-23 09:00:00
1737626400000.0,0.8305,0.8324,0.8188,0.8249,22185276.0,2025-01-23 10:00:00
1737630000000.0,0.8249,0.8328,0.8221,0.8317,14455876.0,2025-01-23 11:00:00
1737633600000.0,0.8316,0.8328,0.8216,0.8243,19091720.0,2025-01-23 12:00:00
1737637200000.0,0.8243,0.845,0.8172,0.8397,33509624.0,2025-01-23 13:00:00
1737640800000.0,0.8396,0.8642,0.8289,0.854,58927668.0,2025-01-23 14:00:00
1737644400000.0,0.854,0.8603,0.83,0.8451,70739628.0,2025-01-23 15:00:00
1737648000000.0,0.8451,0.8722,0.8405,0.8407,60527227.0,2025-01-23 16:00:00
1737651600000.0,0.8406,0.8491,0.8299,0.8457,24321291.0,2025-01-23 17:00:00
1737655200000.0,0.8458,0.8476,0.8219,0.8241,19221198.0,2025-01-23 18:00:00
1737658800000.0,0.8241,0.8253,0.8112,0.8146,26592593.0,2025-01-23 19:00:00
1737662400000.0,0.8145,0.8432,0.8,0.8213,123132233.0,2025-01-23 20:00:00
1737666000000.0,0.8213,0.8251,0.8012,0.8074,33449193.0,2025-01-23 21:00:00
1737669600000.0,0.8075,0.843,0.8057,0.8416,23881032.0,2025-01-23 22:00:00
1737673200000.0,0.8416,0.8659,0.8336,0.8487,45227358.0,2025-01-23 23:00:00
1737676800000.0,0.8487,0.8553,0.8295,0.831,23310171.0,2025-01-24 00:00:00
1737680400000.0,0.831,0.8351,0.8136,0.8179,25941879.0,2025-01-24 01:00:00
1737684000000.0,0.8179,0.8211,0.8092,0.8126,18159403.0,2025-01-24 02:00:00
1737687600000.0,0.8127,0.83,0.8086,0.8202,43600373.0,2025-01-24 03:00:00
1737691200000.0,0.8201,0.843,0.8161,0.8402,27048792.0,2025-01-24 04:00:00
1737694800000.0,0.8403,0.905,0.8368,0.9045,85310382.0,2025-01-24 05:00:00
1737698400000.0,0.9045,0.9154,0.884,0.9074,79284937.0,2025-01-24 06:00:00
1737702000000.0,0.9074,0.9248,0.8884,0.8969,44659075.0,2025-01-24 07:00:00
1737705600000.0,0.8968,0.9026,0.8869,0.8883,21581738.0,2025-01-24 08:00:00
1737709200000.0,0.8883,0.896,0.8763,0.8812,27851663.0,2025-01-24 09:00:00
1737712800000.0,0.8812,0.9082,0.8762,0.9028,38844318.0,2025-01-24 10:00:00
1737716400000.0,0.9027,0.9098,0.893,0.9045,23862168.0,2025-01-24 11:00:00
1737720000000.0,0.9046,0.909,0.8942,0.9087,23328474.0,2025-01-24 12:00:00
1737723600000.0,0.9088,0.9215,0.9032,0.9175,37026664.0,2025-01-24 13:00:00
1737727200000.0,0.9176,0.9258,0.9015,0.9073,41471573.0,2025-01-24 14:00:00
1737730800000.0,0.9072,0.914,0.8796,0.8896,45395964.0,2025-01-24 15:00:00
1737734400000.0,0.8896,0.9036,0.8871,0.8924,27644732.0,2025-01-24 16:00:00
1737738000000.0,0.8924,0.9095,0.886,0.902,26163606.0,2025-01-24 17:00:00
1737741600000.0,0.902,0.9037,0.8907,0.8954,20859331.0,2025-01-24 18:00:00
1737745200000.0,0.8953,0.9056,0.8906,0.8994,18018172.0,2025-01-24 19:00:00
1737748800000.0,0.8995,0.9091,0.8649,0.8653,43900787.0,2025-01-24 20:00:00
1737752400000.0,0.8653,0.8759,0.862,0.8647,25365733.0,2025-01-24 21:00:00
1737756000000.0,0.8648,0.868,0.8539,0.8558,17092007.0,2025-01-24 22:00:00
1737759600000.0,0.8558,0.8568,0.836,0.8448,30816457.0,2025-01-24 23:00:00
1737763200000.0,0.8448,0.8451,0.825,0.8266,27647553.0,2025-01-25 00:00:00
1737766800000.0,0.8266,0.8441,0.8251,0.8386,19683942.0,2025-01-25 01:00:00
1737770400000.0,0.8385,0.844,0.8344,0.8391,11804267.0,2025-01-25 02:00:00
1737774000000.0,0.839,0.8536,0.8364,0.8484,15686799.0,2025-01-25 03:00:00
1737777600000.0,0.8484,0.8503,0.8374,0.8388,14674478.0,2025-01-25 04:00:00
1737781200000.0,0.8389,0.844,0.8368,0.8404,10414113.0,2025-01-25 05:00:00
1737784800000.0,0.8405,0.8485,0.8365,0.8389,11228395.0,2025-01-25 06:00:00
1737788400000.0,0.8389,0.8399,0.8315,0.8335,12511092.0,2025-01-25 07:00:00
1737792000000.0,0.8334,0.8408,0.8328,0.8365,9406245.0,2025-01-25 08:00:00
1737795600000.0,0.8366,0.8415,0.8332,0.8385,11355823.0,2025-01-25 09:00:00
1737799200000.0,0.8384,0.8425,0.8277,0.84,16855105.0,2025-01-25 10:00:00
1737802800000.0,0.84,0.8537,0.8375,0.8497,14558532.0,2025-01-25 11:00:00
1737806400000.0,0.8496,0.8533,0.842,0.8498,15191423.0,2025-01-25 12:00:00
1737810000000.0,0.8498,0.8679,0.8487,0.8596,27242469.0,2025-01-25 13:00:00
1737813600000.0,0.8596,0.8611,0.8451,0.8586,23656411.0,2025-01-25 14:00:00
1737817200000.0,0.8586,0.8775,0.858,0.8618,35148557.0,2025-01-25 15:00:00
1737820800000.0,0.8619,0.8673,0.8484,0.8537,20406912.0,2025-01-25 16:00:00
1737824400000.0,0.8537,0.8725,0.8463,0.8717,21515377.0,2025-01-25 17:00:00
1737828000000.0,0.8716,0.8782,0.8622,0.8656,30125748.0,2025-01-25 18:00:00
1737831600000.0,0.8657,0.8737,0.8645,0.8682,9944069.0,2025-01-25 19:00:00
1737835200000.0,0.8683,0.8732,0.8578,0.8592,9245075.0,2025-01-25 20:00:00
1737838800000.0,0.8593,0.8789,0.8536,0.8688,23875876.0,2025-01-25 21:00:00
1737842400000.0,0.8687,0.8742,0.8573,0.8596,10553309.0,2025-01-25 22:00:00
1737846000000.0,0.8596,0.8617,0.854,0.8563,7979381.0,2025-01-25 23:00:00
1737849600000.0,0.8563,0.8658,0.8531,0.8591,11296302.0,2025-01-26 00:00:00
1737853200000.0,0.8592,0.8612,0.8463,0.8491,17777513.0,2025-01-26 01:00:00
1737856800000.0,0.8491,0.8494,0.838,0.8412,14544901.0,2025-01-26 02:00:00
1737860400000.0,0.8413,0.8513,0.8391,0.8452,14909535.0,2025-01-26 03:00:00
1737864000000.0,0.8452,0.8795,0.8425,0.8688,37608725.0,2025-01-26 04:00:00
1737867600000.0,0.8687,0.8687,0.8493,0.8558,20498836.0,2025-01-26 05:00:00
1737871200000.0,0.8558,0.8581,0.8511,0.8544,8830526.0,2025-01-26 06:00:00
1737874800000.0,0.8544,0.859,0.8451,0.8517,14282304.0,2025-01-26 07:00:00
1737878400000.0,0.8518,0.8546,0.844,0.8482,15515142.0,2025-01-26 08:00:00
1737882000000.0,0.8482,0.8487,0.8273,0.8327,45099812.0,2025-01-26 09:00:00
1737885600000.0,0.8326,0.8371,0.8303,0.8347,12339111.0,2025-01-26 10:00:00
1737889200000.0,0.8347,0.8423,0.8344,0.841,14274116.0,2025-01-26 11:00:00
1737892800000.0,0.841,0.841,0.831,0.8346,12640239.0,2025-01-26 12:00:00
1737896400000.0,0.8347,0.8375,0.8318,0.836,9731868.0,2025-01-26 13:00:00
1737900000000.0,0.836,0.8364,0.8293,0.8324,13162972.0,2025-01-26 14:00:00
1737903600000.0,0.8324,0.8359,0.8303,0.8313,9651549.0,2025-01-26 15:00:00
1737907200000.0,0.8313,0.8319,0.825,0.826,19140766.0,2025-01-26 16:00:00
1737910800000.0,0.8261,0.8293,0.81,0.8226,47244181.0,2025-01-26 17:00:00
1737914400000.0,0.8225,0.8288,0.8171,0.8248,14203390.0,2025-01-26 18:00:00
1737918000000.0,0.8248,0.8267,0.8184,0.8254,8395265.0,2025-01-26 19:00:00
1737921600000.0,0.8253,0.8272,0.8114,0.8145,12999695.0,2025-01-26 20:00:00
1737925200000.0,0.8144,0.8152,0.8,0.8022,35534470.0,2025-01-26 21:00:00
1737928800000.0,0.8021,0.8078,0.7944,0.7996,28468209.0,2025-01-26 22:00:00
1737932400000.0,0.7995,0.7997,0.7734,0.7757,62034105.0,2025-01-26 23:00:00
1737936000000.0,0.7757,0.7836,0.761,0.766,58412323.0,2025-01-27 00:00:00
1737939600000.0,0.766,0.7693,0.7546,0.7566,40074585.0,2025-01-27 01:00:00
1737943200000.0,0.7566,0.7586,0.7444,0.7498,44746486.0,2025-01-27 02:00:00
1737946800000.0,0.7498,0.7611,0.7451,0.7486,23983373.0,2025-01-27 03:00:00
1737950400000.0,0.7486,0.7496,0.7352,0.7375,31095018.0,2025-01-27 04:00:00
1737954000000.0,0.7375,0.7408,0.728,0.739,35150330.0,2025-01-27 05:00:00
1737957600000.0,0.739,0.7463,0.7294,0.7323,40750169.0,2025-01-27 06:00:00
1737961200000.0,0.7323,0.7359,0.701,0.7239,85681890.0,2025-01-27 07:00:00
1737964800000.0,0.7239,0.7248,0.7067,0.7162,40693511.0,2025-01-27 08:00:00
1737968400000.0,0.7162,0.7242,0.7096,0.7212,34886042.0,2025-01-27 09:00:00
1737972000000.0,0.7211,0.7214,0.7001,0.7012,34290978.0,2025-01-27 10:00:00
1737975600000.0,0.7012,0.7231,0.7005,0.7063,36074970.0,2025-01-27 11:00:00
1737979200000.0,0.7064,0.7414,0.7013,0.7345,47762928.0,2025-01-27 12:00:00
1737982800000.0,0.7344,0.7529,0.7221,0.7282,70055923.0,2025-01-27 13:00:00
1737986400000.0,0.7282,0.7737,0.7238,0.7648,71991393.0,2025-01-27 14:00:00
1737990000000.0,0.7647,0.7677,0.7368,0.7461,61315703.0,2025-01-27 15:00:00
1737993600000.0,0.7461,0.7469,0.7238,0.7274,34623187.0,2025-01-27 16:00:00
1737997200000.0,0.7275,0.7383,0.7161,0.7184,29437435.0,2025-01-27 17:00:00
1738000800000.0,0.7183,0.7245,0.707,0.7102,27018641.0,2025-01-27 18:00:00
1738004400000.0,0.7103,0.7247,0.7103,0.7185,20799947.0,2025-01-27 19:00:00
1738008000000.0,0.7184,0.7625,0.7184,0.7583,48759677.0,2025-01-27 20:00:00
1738011600000.0,0.7583,0.7728,0.7465,0.7535,55882781.0,2025-01-27 21:00:00
1738015200000.0,0.7534,0.7578,0.7487,0.7497,14039876.0,2025-01-27 22:00:00
1738018800000.0,0.7497,0.7576,0.7449,0.7513,14677994.0,2025-01-27 23:00:00
1738022400000.0,0.7513,0.7596,0.7372,0.741,23409192.0,2025-01-28 00:00:00
1738026000000.0,0.741,0.7432,0.7301,0.7391,19902904.0,2025-01-28 01:00:00
1738029600000.0,0.7391,0.7509,0.7378,0.7429,14754855.0,2025-01-28 02:00:00
1738033200000.0,0.7429,0.7554,0.735,0.7542,17864660.0,2025-01-28 03:00:00
1738036800000.0,0.754,0.7708,0.7511,0.752,29097497.0,2025-01-28 04:00:00
1738040400000.0,0.752,0.7545,0.7435,0.7453,20063236.0,2025-01-28 05:00:00
1738044000000.0,0.7454,0.7489,0.7352,0.7361,19032780.0,2025-01-28 06:00:00
1738047600000.0,0.736,0.7437,0.7318,0.7344,19443050.0,2025-01-28 07:00:00
1738051200000.0,0.7344,0.7395,0.7276,0.7385,19465952.0,2025-01-28 08:00:00
1738054800000.0,0.7385,0.7398,0.7252,0.7275,22550527.0,2025-01-28 09:00:00
1738058400000.0,0.7275,0.7322,0.7236,0.7268,18639054.0,2025-01-28 10:00:00
1738062000000.0,0.7268,0.7296,0.7154,0.7199,22067657.0,2025-01-28 11:00:00
1738065600000.0,0.72,0.7243,0.7105,0.7149,22308849.0,2025-01-28 12:00:00
1738069200000.0,0.7148,0.7227,0.7144,0.7167,18535157.0,2025-01-28 13:00:00
1738072800000.0,0.7167,0.7279,0.7084,0.7218,33905097.0,2025-01-28 14:00:00
1738076400000.0,0.7218,0.7461,0.721,0.728,53732464.0,2025-01-28 15:00:00
1738080000000.0,0.7282,0.7287,0.7106,0.7154,27869966.0,2025-01-28 16:00:00
1738083600000.0,0.7155,0.7283,0.712,0.7135,20192883.0,2025-01-28 17:00:00
1738087200000.0,0.7136,0.7201,0.7003,0.7027,29754285.0,2025-01-28 18:00:00
1738090800000.0,0.7027,0.7091,0.7011,0.7067,15421703.0,2025-01-28 19:00:00
1738094400000.0,0.7067,0.7106,0.668,0.671,82017185.0,2025-01-28 20:00:00
1738098000000.0,0.6711,0.6842,0.6596,0.6617,63913885.0,2025-01-28 21:00:00
1738101600000.0,0.6616,0.6685,0.6538,0.661,40197412.0,2025-01-28 22:00:00
1738105200000.0,0.661,0.6655,0.6518,0.6573,29378727.0,2025-01-28 23:00:00
1738108800000.0,0.6574,0.667,0.6534,0.655,35296244.0,2025-01-29 00:00:00
1738112400000.0,0.655,0.6736,0.655,0.6661,25199027.0,2025-01-29 01:00:00
1738116000000.0,0.6661,0.6757,0.6659,0.6699,23412421.0,2025-01-29 02:00:00
1738119600000.0,0.6698,0.6812,0.668,0.6783,21410424.0,2025-01-29 03:00:00
1738123200000.0,0.6784,0.6865,0.6759,0.6778,15712484.0,2025-01-29 04:00:00
1738126800000.0,0.6778,0.6835,0.676,0.6825,13125654.0,2025-01-29 05:00:00
1738130400000.0,0.6824,0.7013,0.6813,0.7012,27060027.0,2025-01-29 06:00:00
1738134000000.0,0.7012,0.7115,0.6961,0.7071,25780443.0,2025-01-29 07:00:00
1738137600000.0,0.707,0.712,0.6954,0.698,28639330.0,2025-01-29 08:00:00
1738141200000.0,0.698,0.6987,0.685,0.689,25703981.0,2025-01-29 09:00:00
1738144800000.0,0.689,0.6989,0.6837,0.6946,17383275.0,2025-01-29 10:00:00
1738148400000.0,0.6946,0.6988,0.6912,0.6945,11807212.0,2025-01-29 11:00:00
1738152000000.0,0.6944,0.6954,0.6791,0.6801,24443319.0,2025-01-29 12:00:00
1738155600000.0,0.6802,0.6815,0.6688,0.6733,31707526.0,2025-01-29 13:00:00
1738159200000.0,0.6732,0.6803,0.6674,0.6752,26106248.0,2025-01-29 14:00:00
1738162800000.0,0.6753,0.6846,0.6736,0.6798,22678990.0,2025-01-29 15:00:00
1738166400000.0,0.6797,0.6827,0.6713,0.6772,17742094.0,2025-01-29 16:00:00
1738170000000.0,0.6772,0.6971,0.6767,0.6873,27781795.0,2025-01-29 17:00:00
1738173600000.0,0.6875,0.7048,0.6788,0.7022,26533269.0,2025-01-29 18:00:00
1738177200000.0,0.7023,0.725,0.6707,0.7082,132217253.0,2025-01-29 19:00:00
1738180800000.0,0.7082,0.7422,0.6962,0.7129,100008742.0,2025-01-29 20:00:00
1738184400000.0,0.7128,0.7368,0.6989,0.7163,62990970.0,2025-01-29 21:00:00
1738188000000.0,0.7163,0.7165,0.6947,0.6951,27360477.0,2025-01-29 22:00:00
1738191600000.0,0.6952,0.6979,0.6783,0.6817,25637071.0,2025-01-29 23:00:00
1738195200000.0,0.6818,0.6896,0.6752,0.6878,26477902.0,2025-01-30 00:00:00
1738198800000.0,0.6879,0.7028,0.6843,0.6951,22395784.0,2025-01-30 01:00:00
1738202400000.0,0.6951,0.7031,0.6886,0.7031,18491562.0,2025-01-30 02:00:00
1738206000000.0,0.7032,0.7272,0.701,0.7253,34606868.0,2025-01-30 03:00:00
1738209600000.0,0.7252,0.7384,0.7169,0.7359,39865837.0,2025-01-30 04:00:00
1738213200000.0,0.736,0.7379,0.7212,0.7285,23375960.0,2025-01-30 05:00:00
1738216800000.0,0.7284,0.7365,0.7244,0.7257,21919593.0,2025-01-30 06:00:00
1738220400000.0,0.7258,0.7353,0.7158,0.7327,26844642.0,2025-01-30 07:00:00
1738224000000.0,0.7325,0.7374,0.7217,0.7345,23082272.0,2025-01-30 08:00:00
1738227600000.0,0.7345,0.7742,0.7342,0.7661,76898644.0,2025-01-30 09:00:00
1738231200000.0,0.766,0.778,0.7603,0.7769,46171399.0,2025-01-30 10:00:00
1738234800000.0,0.7768,0.7784,0.7656,0.7715,25957825.0,2025-01-30 11:00:00
1738238400000.0,0.7715,0.7722,0.7523,0.7658,30407651.0,2025-01-30 12:00:00
1738242000000.0,0.7658,0.7792,0.7573,0.7758,38557243.0,2025-01-30 13:00:00
1738245600000.0,0.7757,0.7957,0.771,0.7948,68720500.0,2025-01-30 14:00:00
1738249200000.0,0.7948,0.7983,0.7705,0.7748,45466945.0,2025-01-30 15:00:00
1738252800000.0,0.7749,0.7856,0.77,0.7837,30390586.0,2025-01-30 16:00:00
1738256400000.0,0.7837,0.7856,0.771,0.7737,17655667.0,2025-01-30 17:00:00
1738260000000.0,0.7737,0.7741,0.7545,0.7664,28278825.0,2025-01-30 18:00:00
1738263600000.0,0.7664,0.7816,0.7641,0.7777,22667073.0,2025-01-30 19:00:00
1738267200000.0,0.7778,0.7781,0.7573,0.7596,22074666.0,2025-01-30 20:00:00
1738270800000.0,0.7596,0.7664,0.7536,0.7603,18001551.0,2025-01-30 21:00:00
1738274400000.0,0.7603,0.7672,0.7562,0.7611,8041635.0,2025-01-30 22:00:00
1738278000000.0,0.7611,0.7692,0.7561,0.7593,10736902.0,2025-01-30 23:00:00
1738281600000.0,0.7593,0.7764,0.7531,0.7736,25034469.0,2025-01-31 00:00:00
1738285200000.0,0.7736,0.7798,0.7651,0.7747,19174373.0,2025-01-31 01:00:00
1738288800000.0,0.7746,0.7751,0.7566,0.757,18678996.0,2025-01-31 02:00:00
1738292400000.0,0.7569,0.7584,0.7408,0.7445,37534542.0,2025-01-31 03:00:00
1738296000000.0,0.7446,0.7448,0.7261,0.7273,25929665.0,2025-01-31 04:00:00
1738299600000.0,0.7274,0.7452,0.7273,0.7433,21777236.0,2025-01-31 05:00:00
1738303200000.0,0.7433,0.7681,0.7412,0.7668,27774351.0,2025-01-31 06:00:00
1738306800000.0,0.7669,0.79,0.7647,0.7841,52646734.0,2025-01-31 07:00:00
1738310400000.0,0.7841,0.7845,0.7618,0.7648,30849441.0,2025-01-31 08:00:00
1738314000000.0,0.7649,0.7743,0.76,0.7654,20109397.0,2025-01-31 09:00:00
1738317600000.0,0.7655,0.7753,0.7586,0.7746,19358377.0,2025-01-31 10:00:00
1738321200000.0,0.7746,0.818,0.7743,0.8067,70489392.0,2025-01-31 11:00:00
1738324800000.0,0.8066,0.821,0.7988,0.8042,45361169.0,2025-01-31 12:00:00
1738328400000.0,0.8041,0.8165,0.7916,0.8004,44808364.0,2025-01-31 13:00:00
1738332000000.0,0.8005,0.8071,0.7902,0.7946,38827791.0,2025-01-31 14:00:00
1738335600000.0,0.7945,0.8248,0.794,0.813,45973176.0,2025-01-31 15:00:00
1738339200000.0,0.8129,0.8194,0.7867,0.8027,45542919.0,2025-01-31 16:00:00
1738342800000.0,0.8028,0.8053,0.7863,0.7871,21163668.0,2025-01-31 17:00:00
1738346400000.0,0.7872,0.7932,0.7649,0.7676,46522430.0,2025-01-31 18:00:00
1738350000000.0,0.7677,0.7862,0.7669,0.7783,28366631.0,2025-01-31 19:00:00
1738353600000.0,0.7782,0.7782,0.7523,0.7657,41685968.0,2025-01-31 20:00:00
1738357200000.0,0.7657,0.7723,0.7555,0.7699,24935792.0,2025-01-31 21:00:00
1738360800000.0,0.77,0.7756,0.7628,0.7683,15516162.0,2025-01-31 22:00:00
1738364400000.0,0.7682,0.7697,0.7615,0.7644,9725382.0,2025-01-31 23:00:00
1738368000000.0,0.7643,0.7742,0.7567,0.7726,17101554.0,2025-02-01 00:00:00
1738371600000.0,0.7726,0.7882,0.7694,0.7712,25361448.0,2025-02-01 01:00:00
1738375200000.0,0.7711,0.7891,0.768,0.7745,18368772.0,2025-02-01 02:00:00
1738378800000.0,0.7745,0.7767,0.756,0.7642,18331467.0,2025-02-01 03:00:00
1738382400000.0,0.7642,0.7713,0.76,0.7628,9796094.0,2025-02-01 04:00:00
1738386000000.0,0.7629,0.7671,0.76,0.7627,5403443.0,2025-02-01 05:00:00
1738389600000.0,0.7628,0.7631,0.7505,0.7548,10463836.0,2025-02-01 06:00:00
1738393200000.0,0.7548,0.7592,0.7485,0.7503,12543259.0,2025-02-01 07:00:00
1738396800000.0,0.7504,0.7528,0.738,0.7423,28345888.0,2025-02-01 08:00:00
1738400400000.0,0.7423,0.7426,0.7181,0.7201,30455468.0,2025-02-01 09:00:00
1738404000000.0,0.72,0.7288,0.7145,0.7162,25308654.0,2025-02-01 10:00:00
1738407600000.0,0.7162,0.7275,0.7151,0.7253,15707403.0,2025-02-01 11:00:00
1738411200000.0,0.7252,0.7339,0.7218,0.729,21169967.0,2025-02-01 12:00:00
1738414800000.0,0.729,0.7324,0.7192,0.7204,13927651.0,2025-02-01 13:00:00
1738418400000.0,0.7203,0.7256,0.7155,0.7164,13321537.0,2025-02-01 14:00:00
1738422000000.0,0.7165,0.7252,0.7119,0.721,20539924.0,2025-02-01 15:00:00
1738425600000.0,0.7211,0.7284,0.7175,0.7179,20790785.0,2025-02-01 16:00:00
1738429200000.0,0.7179,0.7275,0.7179,0.723,14348989.0,2025-02-01 17:00:00
1738432800000.0,0.7231,0.7251,0.7087,0.7125,19605701.0,2025-02-01 18:00:00
1738436400000.0,0.7125,0.713,0.7011,0.7052,34977293.0,2025-02-01 19:00:00
1738440000000.0,0.7051,0.7057,0.6834,0.6959,53129577.0,2025-02-01 20:00:00
1738443600000.0,0.6959,0.7021,0.682,0.6869,31969107.0,2025-02-01 21:00:00
1738447200000.0,0.6868,0.6908,0.6754,0.6787,34525210.0,2025-02-01 22:00:00
1738450800000.0,0.6786,0.6852,0.6695,0.6753,35853503.0,2025-02-01 23:00:00
1738454400000.0,0.6752,0.6876,0.6693,0.6843,27653639.0,2025-02-02 00:00:00
1738458000000.0,0.6842,0.694,0.6822,0.6842,22824506.0,2025-02-02 01:00:00
1738461600000.0,0.6841,0.6844,0.6675,0.6681,34052820.0,2025-02-02 02:00:00
1738465200000.0,0.6681,0.671,0.6512,0.656,61500588.0,2025-02-02 03:00:00
1738468800000.0,0.656,0.6708,0.6517,0.666,27553819.0,2025-02-02 04:00:00
1738472400000.0,0.666,0.6839,0.6645,0.6775,31331918.0,2025-02-02 05:00:00
1738476000000.0,0.6775,0.6818,0.671,0.6736,22774209.0,2025-02-02 06:00:00
1738479600000.0,0.6737,0.6738,0.6629,0.6666,25730812.0,2025-02-02 07:00:00
1738483200000.0,0.6666,0.6792,0.6607,0.6721,24262198.0,2025-02-02 08:00:00
1738486800000.0,0.6722,0.675,0.6658,0.6687,13801447.0,2025-02-02 09:00:00
1738490400000.0,0.6687,0.6688,0.6539,0.6609,24735200.0,2025-02-02 10:00:00
1738494000000.0,0.6609,0.6674,0.6389,0.6426,48565918.0,2025-02-02 11:00:00
1738497600000.0,0.6426,0.6587,0.6377,0.6389,40950816.0,2025-02-02 12:00:00
1738501200000.0,0.6389,0.661,0.6389,0.6606,34825270.0,2025-02-02 13:00:00
1738504800000.0,0.6606,0.663,0.6523,0.6526,24218992.0,2025-02-02 14:00:00
1738508400000.0,0.6525,0.6526,0.6385,0.6488,29686871.0,2025-02-02 15:00:00
1738512000000.0,0.6488,0.649,0.6033,0.6112,86852391.0,2025-02-02 16:00:00
1738515600000.0,0.6113,0.6195,0.5933,0.5995,102467165.0,2025-02-02 17:00:00
1738519200000.0,0.5996,0.6139,0.587,0.5917,86931250.0,2025-02-02 18:00:00
1738522800000.0,0.5917,0.6102,0.58,0.6013,93588873.0,2025-02-02 19:00:00
1738526400000.0,0.6014,0.6134,0.594,0.5957,31350246.0,2025-02-02 20:00:00
1738530000000.0,0.5958,0.5974,0.5766,0.5792,43900578.0,2025-02-02 21:00:00
1738533600000.0,0.5792,0.5921,0.5444,0.5835,84074724.0,2025-02-02 22:00:00
1738537200000.0,0.5834,0.5835,0.5504,0.5782,107585105.0,2025-02-02 23:00:00
1738540800000.0,0.5782,0.5783,0.531,0.5536,151396677.0,2025-02-03 00:00:00
1738544400000.0,0.5536,0.56,0.48,0.5095,230496237.0,2025-02-03 01:00:00
1738548000000.0,0.5094,0.5589,0.4696,0.5456,242229853.0,2025-02-03 02:00:00
1738551600000.0,0.5457,0.5676,0.5422,0.5454,85092442.0,2025-02-03 03:00:00
1738555200000.0,0.5455,0.551,0.5244,0.5252,50259321.0,2025-02-03 04:00:00
1738558800000.0,0.5253,0.5556,0.5207,0.5552,51331957.0,2025-02-03 05:00:00
1738562400000.0,0.5552,0.5744,0.5467,0.5648,52187597.0,2025-02-03 06:00:00
1738566000000.0,0.5647,0.6099,0.5625,0.6073,57987365.0,2025-02-03 07:00:00
1738569600000.0,0.6072,0.6072,0.5712,0.5814,68977009.0,2025-02-03 08:00:00
1738573200000.0,0.5814,0.6411,0.567,0.5673,116441493.0,2025-02-03 09:00:00
1738576800000.0,0.5671,0.6067,0.5651,0.6018,60659133.0,2025-02-03 10:00:00
1738580400000.0,0.6019,0.6092,0.5804,0.586,40013497.0,2025-02-03 11:00:00
1738584000000.0,0.586,0.6069,0.5757,0.5762,46114982.0,2025-02-03 12:00:00
1738587600000.0,0.5763,0.5866,0.569,0.5799,53283862.0,2025-02-03 13:00:00
1738591200000.0,0.5799,0.6159,0.5632,0.609,118017554.0,2025-02-03 14:00:00
1738594800000.0,0.6089,0.668,0.6022,0.6457,133589611.0,2025-02-03 15:00:00
1738598400000.0,0.6457,0.6598,0.6327,0.6377,63471137.0,2025-02-03 16:00:00
1738602000000.0,0.6377,0.6404,0.6254,0.6314,48356206.0,2025-02-03 17:00:00
1738605600000.0,0.6313,0.6533,0.6303,0.6468,35891194.0,2025-02-03 18:00:00
1738609200000.0,0.6468,0.665,0.6462,0.6552,39427319.0,2025-02-03 19:00:00
1738612800000.0,0.6553,0.657,0.6331,0.6482,39218298.0,2025-02-03 20:00:00
1738616400000.0,0.6483,0.6569,0.6381,0.6491,44016246.0,2025-02-03 21:00:00
1738620000000.0,0.6492,0.7027,0.648,0.6879,84161937.0,2025-02-03 22:00:00
1738623600000.0,0.6878,0.6941,0.6736,0.6775,32505237.0,2025-02-03 23:00:00
1738627200000.0,0.6774,0.6864,0.6647,0.6651,35173191.0,2025-02-04 00:00:00
1738630800000.0,0.6651,0.677,0.6623,0.6735,24850123.0,2025-02-04 01:00:00
1738634400000.0,0.6736,0.6766,0.6622,0.6632,22858440.0,2025-02-04 02:00:00
1738638000000.0,0.6633,0.6724,0.6543,0.6712,24158640.0,2025-02-04 03:00:00
1738641600000.0,0.6711,0.6844,0.6489,0.6508,45362777.0,2025-02-04 04:00:00
1738645200000.0,0.6509,0.652,0.6127,0.6158,80516733.0,2025-02-04 05:00:00
1738648800000.0,0.6159,0.6288,0.6135,0.6193,32428124.0,2025-02-04 06:00:00
1738652400000.0,0.6193,0.6229,0.6037,0.6062,34168399.0,2025-02-04 07:00:00
1738656000000.0,0.6061,0.6203,0.6032,0.6122,33214494.0,2025-02-04 08:00:00
1738659600000.0,0.6122,0.6373,0.6119,0.6233,49125284.0,2025-02-04 09:00:00
1738663200000.0,0.6233,0.6386,0.6226,0.6327,25784625.0,2025-02-04 10:00:00
1738666800000.0,0.6326,0.6584,0.6318,0.6399,38280276.0,2025-02-04 11:00:00
1738670400000.0,0.6399,0.6634,0.6367,0.648,36347592.0,2025-02-04 12:00:00
1738674000000.0,0.6481,0.6671,0.6395,0.6427,46775190.0,2025-02-04 13:00:00
1738677600000.0,0.6427,0.6774,0.6378,0.6594,63278182.0,2025-02-04 14:00:00
1738681200000.0,0.6593,0.6629,0.6327,0.6485,66868296.0,2025-02-04 15:00:00
1738684800000.0,0.6485,0.6536,0.6354,0.6382,47887665.0,2025-02-04 16:00:00
1738688400000.0,0.6381,0.6458,0.6281,0.6383,31903761.0,2025-02-04 17:00:00
1738692000000.0,0.6383,0.6468,0.6329,0.6385,31366442.0,2025-02-04 18:00:00
1738695600000.0,0.6386,0.6562,0.6225,0.6227,53427051.0,2025-02-04 19:00:00
1738699200000.0,0.6227,0.6302,0.6084,0.6111,62225809.0,2025-02-04 20:00:00
1738702800000.0,0.6112,0.6115,0.5904,0.5906,65757842.0,2025-02-04 21:00:00
1738706400000.0,0.5907,0.6109,0.5889,0.6095,50091208.0,2025-02-04 22:00:00
1738710000000.0,0.6095,0.6188,0.6033,0.6071,29275039.0,2025-02-04 23:00:00
1738713600000.0,0.6072,0.6102,0.5998,0.6008,23810836.0,2025-02-05 00:00:00
1738717200000.0,0.6008,0.6114,0.595,0.5977,27076931.0,2025-02-05 01:00:00
1738720800000.0,0.5977,0.6073,0.5898,0.602,31855097.0,2025-02-05 02:00:00
1738724400000.0,0.602,0.6053,0.591,0.5933,19469441.0,2025-02-05 03:00:00
1738728000000.0,0.5933,0.5974,0.5892,0.5926,15755647.0,2025-02-05 04:00:00
1738731600000.0,0.5927,0.5987,0.5727,0.598,48785338.0,2025-02-05 05:00:00
1738735200000.0,0.5979,0.598,0.5845,0.5868,31965327.0,2025-02-05 06:00:00
1738738800000.0,0.5868,0.5893,0.5784,0.5863,23655894.0,2025-02-05 07:00:00
1738742400000.0,0.5862,0.5908,0.5802,0.5827,20307710.0,2025-02-05 08:00:00
1738746000000.0,0.5826,0.5941,0.5743,0.5814,37452867.0,2025-02-05 09:00:00
1738749600000.0,0.5813,0.5901,0.5776,0.5868,25852881.0,2025-02-05 10:00:00
1738753200000.0,0.5868,0.6,0.5855,0.5934,41713596.0,2025-02-05 11:00:00
1738756800000.0,0.5933,0.5983,0.5816,0.5834,37356562.0,2025-02-05 12:00:00
1738760400000.0,0.5834,0.598,0.5823,0.5932,29687336.0,2025-02-05 13:00:00
1738764000000.0,0.5932,0.5979,0.5782,0.5802,45463308.0,2025-02-05 14:00:00
1738767600000.0,0.5804,0.5908,0.5724,0.5783,48844927.0,2025-02-05 15:00:00
1738771200000.0,0.5782,0.5809,0.556,0.5672,85479042.0,2025-02-05 16:00:00
1738774800000.0,0.5672,0.5718,0.5471,0.5522,51912993.0,2025-02-05 17:00:00
1738778400000.0,0.5523,0.5618,0.548,0.5519,32991881.0,2025-02-05 18:00:00
1738782000000.0,0.5518,0.5678,0.5489,0.564,30908350.0,2025-02-05 19:00:00
1738785600000.0,0.5641,0.5654,0.5455,0.5527,27374801.0,2025-02-05 20:00:00
1738789200000.0,0.5528,0.5587,0.5501,0.5518,15408083.0,2025-02-05 21:00:00
1738792800000.0,0.5518,0.5592,0.5406,0.5442,32556998.0,2025-02-05 22:00:00
1738796400000.0,0.5442,0.5509,0.5417,0.5488,17299504.0,2025-02-05 23:00:00
1738800000000.0,0.5487,0.5542,0.5362,0.5391,31216963.0,2025-02-06 00:00:00
1738803600000.0,0.5392,0.5476,0.5327,0.5402,37144468.0,2025-02-06 01:00:00
1738807200000.0,0.5401,0.5504,0.5379,0.538,23763928.0,2025-02-06 02:00:00
1738810800000.0,0.5379,0.5513,0.5338,0.5452,25966851.0,2025-02-06 03:00:00
1738814400000.0,0.5453,0.5532,0.5416,0.5501,21073430.0,2025-02-06 04:00:00
1738818000000.0,0.5501,0.5567,0.5447,0.5476,19893726.0,2025-02-06 05:00:00
1738821600000.0,0.5476,0.5597,0.5427,0.5583,26532116.0,2025-02-06 06:00:00
1738825200000.0,0.5583,0.5583,0.5451,0.5472,23763016.0,2025-02-06 07:00:00
1738828800000.0,0.5472,0.5491,0.5363,0.5378,31958014.0,2025-02-06 08:00:00
1738832400000.0,0.5378,0.5497,0.5348,0.5427,33318287.0,2025-02-06 09:00:00
1738836000000.0,0.5428,0.5475,0.535,0.5399,32813472.0,2025-02-06 10:00:00
1738839600000.0,0.54,0.5401,0.5237,0.5333,63580606.0,2025-02-06 11:00:00
1738843200000.0,0.5333,0.5371,0.5188,0.5257,51180351.0,2025-02-06 12:00:00
1738846800000.0,0.5257,0.5391,0.5224,0.5327,39420200.0,2025-02-06 13:00:00
1738850400000.0,0.5328,0.5345,0.5084,0.5123,74076611.0,2025-02-06 14:00:00
1738854000000.0,0.5124,0.5183,0.501,0.5093,73733281.0,2025-02-06 15:00:00
1738857600000.0,0.5093,0.5114,0.4937,0.5009,62926458.0,2025-02-06 16:00:00
1738861200000.0,0.5009,0.5052,0.4937,0.5013,60340793.0,2025-02-06 17:00:00
1738864800000.0,0.5013,0.5025,0.4895,0.4905,46745966.0,2025-02-06 18:00:00
1738868400000.0,0.4904,0.499,0.4804,0.4843,56554631.0,2025-02-06 19:00:00
1738872000000.0,0.4843,0.494,0.4834,0.4904,36522801.0,2025-02-06 20:00:00
1738875600000.0,0.4904,0.4911,0.475,0.4816,48776369.0,2025-02-06 21:00:00
1738879200000.0,0.4815,0.4822,0.4721,0.4809,30496629.0,2025-02-06 22:00:00
1738882800000.0,0.4808,0.4817,0.4638,0.4713,43569555.0,2025-02-06 23:00:00
1738886400000.0,0.4713,0.4915,0.4712,0.4779,43766443.0,2025-02-07 00:00:00
1738890000000.0,0.4778,0.5014,0.4749,0.4977,38940311.0,2025-02-07 01:00:00
1738893600000.0,0.4977,0.5018,0.4856,0.4899,28108701.0,2025-02-07 02:00:00
1738897200000.0,0.4898,0.4937,0.4804,0.4873,28085667.0,2025-02-07 03:00:00
1738900800000.0,0.4874,0.4949,0.4864,0.4885,34971060.0,2025-02-07 04:00:00
1738904400000.0,0.4885,0.4885,0.4815,0.485,17969024.0,2025-02-07 05:00:00
1738908000000.0,0.485,0.4865,0.4721,0.4797,40278848.0,2025-02-07 06:00:00
1738911600000.0,0.4797,0.4943,0.4797,0.4865,43216972.0,2025-02-07 07:00:00
1738915200000.0,0.4864,0.4992,0.4819,0.4936,33075321.0,2025-02-07 08:00:00
1738918800000.0,0.4937,0.5192,0.4926,0.5183,75220909.0,2025-02-07 09:00:00
1738922400000.0,0.5182,0.5329,0.5171,0.5214,63048129.0,2025-02-07 10:00:00
1738926000000.0,0.5215,0.5338,0.519,0.5308,44733297.0,2025-02-07 11:00:00
1738929600000.0,0.5307,0.5407,0.5225,0.5357,48214863.0,2025-02-07 12:00:00
1738933200000.0,0.5358,0.5493,0.5241,0.5427,78690340.0,2025-02-07 13:00:00
1738936800000.0,0.5427,0.5475,0.5335,0.5445,64334479.0,2025-02-07 14:00:00
1738940400000.0,0.5446,0.5447,0.5131,0.5161,111805760.0,2025-02-07 15:00:00
1738944000000.0,0.5162,0.525,0.5071,0.5136,53325802.0,2025-02-07 16:00:00
1738947600000.0,0.5136,0.516,0.5014,0.5085,47221741.0,2025-02-07 17:00:00
1738951200000.0,0.5085,0.5232,0.5059,0.5137,35350344.0,2025-02-07 18:00:00
1738954800000.0,0.5137,0.5185,0.5081,0.5097,22174199.0,2025-02-07 19:00:00
1738958400000.0,0.5098,0.5105,0.4889,0.4919,49912509.0,2025-02-07 20:00:00
1738962000000.0,0.4919,0.5008,0.4901,0.493,27377066.0,2025-02-07 21:00:00
1738965600000.0,0.4929,0.493,0.4793,0.4843,34697283.0,2025-02-07 22:00:00
1738969200000.0,0.4842,0.4965,0.4814,0.4928,28253634.0,2025-02-07 23:00:00
1738972800000.0,0.4927,0.5023,0.4881,0.4958,39563132.0,2025-02-08 00:00:00
1738976400000.0,0.4958,0.4967,0.4804,0.4805,25666805.0,2025-02-08 01:00:00
1738980000000.0,0.4805,0.4893,0.4805,0.4868,23053010.0,2025-02-08 02:00:00
1738983600000.0,0.4868,0.4932,0.4801,0.4814,20977995.0,2025-02-08 03:00:00
1738987200000.0,0.4814,0.4836,0.4771,0.4802,19161122.0,2025-02-08 04:00:00
1738990800000.0,0.4802,0.4894,0.4761,0.4872,24751671.0,2025-02-08 05:00:00
1738994400000.0,0.4871,0.496,0.4858,0.4913,28029700.0,2025-02-08 06:00:00
1738998000000.0,0.4912,0.5047,0.4891,0.5,34214294.0,2025-02-08 07:00:00
1739001600000.0,0.5,0.5049,0.4914,0.4914,33137557.0,2025-02-08 08:00:00
1739005200000.0,0.4913,0.5002,0.4911,0.498,20860648.0,2025-02-08 09:00:00
1739008800000.0,0.498,0.5028,0.4968,0.5019,22324668.0,2025-02-08 10:00:00
1739012400000.0,0.5019,0.5067,0.4927,0.5001,26663790.0,2025-02-08 11:00:00
1739016000000.0,0.5001,0.5054,0.496,0.4982,25549365.0,2025-02-08 12:00:00
1739019600000.0,0.4982,0.514,0.4972,0.5078,30547963.0,2025-02-08 13:00:00
1739023200000.0,0.5078,0.5106,0.5002,0.509,28718891.0,2025-02-08 14:00:00
1739026800000.0,0.509,0.5149,0.4971,0.5036,36383723.0,2025-02-08 15:00:00
1739030400000.0,0.5035,0.5115,0.4972,0.5095,27729122.0,2025-02-08 16:00:00
1739034000000.0,0.5094,0.5228,0.5093,0.5181,37596250.0,2025-02-08 17:00:00
1739037600000.0,0.518,0.525,0.5147,0.5189,23466173.0,2025-02-08 18:00:00
1739041200000.0,0.519,0.5335,0.5175,0.5277,42094217.0,2025-02-08 19:00:00
1739044800000.0,0.5278,0.5328,0.5222,0.529,25418904.0,2025-02-08 20:00:00
1739048400000.0,0.5289,0.533,0.5217,0.5222,15637164.0,2025-02-08 21:00:00
1739052000000.0,0.5223,0.5228,0.5121,0.5165,23367287.0,2025-02-08 22:00:00
1739055600000.0,0.5165,0.5264,0.5165,0.5219,13340669.0,2025-02-08 23:00:00
1739059200000.0,0.5219,0.5247,0.5186,0.5212,14518565.0,2025-02-09 00:00:00
1739062800000.0,0.5212,0.5325,0.517,0.53,16195413.0,2025-02-09 01:00:00
1739066400000.0,0.5299,0.5318,0.5151,0.5155,15741059.0,2025-02-09 02:00:00
1739070000000.0,0.5154,0.5391,0.5128,0.5365,34107683.0,2025-02-09 03:00:00
1739073600000.0,0.5364,0.5365,0.5217,0.5262,20162317.0,2025-02-09 04:00:00
1739077200000.0,0.5263,0.5268,0.5149,0.5178,16627320.0,2025-02-09 05:00:00
1739080800000.0,0.5179,0.5185,0.5069,0.5121,20872331.0,2025-02-09 06:00:00
1739084400000.0,0.512,0.5121,0.5027,0.5074,21078463.0,2025-02-09 07:00:00
1739088000000.0,0.5074,0.5116,0.5042,0.5073,14542997.0,2025-02-09 08:00:00
1739091600000.0,0.5073,0.5077,0.5007,0.5024,13673374.0,2025-02-09 09:00:00
1739095200000.0,0.5024,0.5066,0.4987,0.5016,16951079.0,2025-02-09 10:00:00
1739098800000.0,0.5017,0.5037,0.4974,0.4987,18530114.0,2025-02-09 11:00:00
1739102400000.0,0.4986,0.5003,0.4907,0.4923,37381196.0,2025-02-09 12:00:00
1739106000000.0,0.4924,0.4936,0.4821,0.4856,40361790.0,2025-02-09 13:00:00
1739109600000.0,0.4857,0.4927,0.4841,0.486,34565210.0,2025-02-09 14:00:00
1739113200000.0,0.4859,0.4938,0.4846,0.4907,33877687.0,2025-02-09 15:00:00
1739116800000.0,0.4906,0.4929,0.4858,0.4898,18384985.0,2025-02-09 16:00:00
1739120400000.0,0.4898,0.4922,0.477,0.4798,32992855.0,2025-02-09 17:00:00
1739124000000.0,0.4798,0.4814,0.4772,0.4794,15641692.0,2025-02-09 18:00:00
1739127600000.0,0.4793,0.481,0.4727,0.4768,21968550.0,2025-02-09 19:00:00
1739131200000.0,0.4768,0.4889,0.4762,0.4849,34032643.0,2025-02-09 20:00:00
1739134800000.0,0.4849,0.4862,0.4603,0.4653,62262551.0,2025-02-09 21:00:00
1739138400000.0,0.4653,0.4812,0.4576,0.4741,55361180.0,2025-02-09 22:00:00
1739142000000.0,0.474,0.4785,0.4714,0.4759,19338254.0,2025-02-09 23:00:00
1739145600000.0,0.4759,0.4962,0.4754,0.4932,41127306.0,2025-02-10 00:00:00
1739149200000.0,0.4931,0.495,0.4677,0.4682,47330360.0,2025-02-10 01:00:00
1739152800000.0,0.4682,0.4757,0.4633,0.4691,35945603.0,2025-02-10 02:00:00
1739156400000.0,0.4692,0.5035,0.4657,0.4888,68045431.0,2025-02-10 03:00:00
1739160000000.0,0.4889,0.5013,0.4845,0.4918,38040105.0,2025-02-10 04:00:00
1739163600000.0,0.4919,0.4956,0.4835,0.4848,30556705.0,2025-02-10 05:00:00
1739167200000.0,0.4849,0.4873,0.4766,0.4817,25754661.0,2025-02-10 06:00:00
1739170800000.0,0.4818,0.4888,0.4815,0.4826,20522420.0,2025-02-10 07:00:00
1739174400000.0,0.4827,0.4919,0.4803,0.4885,29486289.0,2025-02-10 08:00:00
1739178000000.0,0.4885,0.4918,0.4808,0.4842,25544963.0,2025-02-10 09:00:00
1739181600000.0,0.4842,0.4893,0.4807,0.4821,18969187.0,2025-02-10 10:00:00
1739185200000.0,0.482,0.4872,0.477,0.4839,26599195.0,2025-02-10 11:00:00
1739188800000.0,0.4839,0.4871,0.4725,0.4734,30046156.0,2025-02-10 12:00:00
1739192400000.0,0.4735,0.5023,0.4702,0.4985,67789603.0,2025-02-10 13:00:00
1739196000000.0,0.4984,0.5035,0.4854,0.4893,69409370.0,2025-02-10 14:00:00
1739199600000.0,0.4893,0.4926,0.4788,0.4848,42585498.0,2025-02-10 15:00:00
1739203200000.0,0.4848,0.4964,0.4806,0.4891,35070538.0,2025-02-10 16:00:00
1739206800000.0,0.4891,0.4985,0.486,0.4964,30029139.0,2025-02-10 17:00:00
1739210400000.0,0.4963,0.4991,0.4879,0.4934,27409824.0,2025-02-10 18:00:00
1739214000000.0,0.4934,0.4972,0.4822,0.485,26597827.0,2025-02-10 19:00:00
1739217600000.0,0.4849,0.4877,0.4803,0.4809,19302704.0,2025-02-10 20:00:00
1739221200000.0,0.481,0.4813,0.467,0.4674,33614644.0,2025-02-10 21:00:00
1739224800000.0,0.4674,0.4815,0.4635,0.4729,49230396.0,2025-02-10 22:00:00
1739228400000.0,0.4729,0.478,0.4683,0.4776,18387925.0,2025-02-10 23:00:00
1739232000000.0,0.4776,0.496,0.4763,0.491,39376231.0,2025-02-11 00:00:00
1739235600000.0,0.491,0.4951,0.4861,0.4881,32233218.0,2025-02-11 01:00:00
1739239200000.0,0.488,0.4903,0.4753,0.4802,26489639.0,2025-02-11 02:00:00
1739242800000.0,0.4801,0.4806,0.4741,0.4761,22304968.0,2025-02-11 03:00:00
1739246400000.0,0.4761,0.4897,0.4726,0.4888,38854846.0,2025-02-11 04:00:00
1739250000000.0,0.4889,0.502,0.4829,0.4992,57169186.0,2025-02-11 05:00:00
1739253600000.0,0.4991,0.5078,0.4912,0.5052,42846392.0,2025-02-11 06:00:00
1739257200000.0,0.5053,0.5061,0.493,0.4941,34160644.0,2025-02-11 07:00:00
1739260800000.0,0.494,0.5008,0.4915,0.4989,27004664.0,2025-02-11 08:00:00
1739264400000.0,0.4988,0.5002,0.4871,0.4879,39123941.0,2025-02-11 09:00:00
1739268000000.0,0.4878,0.4884,0.4785,0.4821,41792445.0,2025-02-11 10:00:00
1739271600000.0,0.4822,0.4863,0.4794,0.486,25213142.0,2025-02-11 11:00:00
1739275200000.0,0.486,0.487,0.4717,0.4763,46424150.0,2025-02-11 12:00:00
1739278800000.0,0.4763,0.48,0.4528,0.4534,97227678.0,2025-02-11 13:00:00
1739282400000.0,0.4534,0.4643,0.4514,0.4629,62613158.0,2025-02-11 14:00:00
1739286000000.0,0.4628,0.4672,0.457,0.4597,49928925.0,2025-02-11 15:00:00
1739289600000.0,0.4596,0.4661,0.454,0.4584,35832375.0,2025-02-11 16:00:00
1739293200000.0,0.4585,0.4597,0.4503,0.4557,32558874.0,2025-02-11 17:00:00
1739296800000.0,0.4557,0.4565,0.4421,0.4472,52424553.0,2025-02-11 18:00:00
1739300400000.0,0.4473,0.4498,0.4376,0.4404,49332870.0,2025-02-11 19:00:00
1739304000000.0,0.4403,0.4453,0.4346,0.4413,33313222.0,2025-02-11 20:00:00
1739307600000.0,0.4413,0.4479,0.439,0.443,28354194.0,2025-02-11 21:00:00
1739311200000.0,0.4429,0.4495,0.4369,0.4392,22235909.0,2025-02-11 22:00:00
1739314800000.0,0.4392,0.4454,0.439,0.4421,14120758.0,2025-02-11 23:00:00
1739318400000.0,0.4422,0.449,0.4387,0.4462,24797430.0,2025-02-12 00:00:00
1739322000000.0,0.4463,0.4486,0.439,0.4425,19646586.0,2025-02-12 01:00:00
1739325600000.0,0.4425,0.4435,0.4266,0.4302,43354800.0,2025-02-12 02:00:00
1739329200000.0,0.4302,0.4355,0.4243,0.4299,35717703.0,2025-02-12 03:00:00
1739332800000.0,0.4299,0.4341,0.4243,0.4264,30038998.0,2025-02-12 04:00:00
1739336400000.0,0.4264,0.4377,0.4236,0.4353,28819767.0,2025-02-12 05:00:00
1739340000000.0,0.4353,0.436,0.4256,0.4284,25540615.0,2025-02-12 06:00:00
1739343600000.0,0.4285,0.4363,0.4272,0.4322,23268784.0,2025-02-12 07:00:00
1739347200000.0,0.4322,0.4378,0.4292,0.4299,24914485.0,2025-02-12 08:00:00
1739350800000.0,0.4298,0.4322,0.4237,0.4304,30077938.0,2025-02-12 09:00:00
1739354400000.0,0.4304,0.4338,0.4215,0.4295,31842549.0,2025-02-12 10:00:00
1739358000000.0,0.4295,0.4344,0.428,0.4307,24955262.0,2025-02-12 11:00:00
1739361600000.0,0.4307,0.4373,0.4271,0.4295,23899639.0,2025-02-12 12:00:00
1739365200000.0,0.4295,0.4424,0.4035,0.4145,196863213.0,2025-02-12 13:00:00
1739368800000.0,0.4145,0.4159,0.4007,0.4137,82515560.0,2025-02-12 14:00:00
1739372400000.0,0.4136,0.4203,0.4014,0.4172,83734893.0,2025-02-12 15:00:00
1739376000000.0,0.4172,0.4267,0.4036,0.4267,77531661.0,2025-02-12 16:00:00
1739379600000.0,0.4267,0.4377,0.4257,0.4289,76471497.0,2025-02-12 17:00:00
1739383200000.0,0.429,0.4306,0.4186,0.4223,38609823.0,2025-02-12 18:00:00
1739386800000.0,0.4224,0.4318,0.4178,0.4309,30415249.0,2025-02-12 19:00:00
1739390400000.0,0.4308,0.4349,0.4267,0.4288,25802308.0,2025-02-12 20:00:00
1739394000000.0,0.4289,0.4422,0.4266,0.4352,33257620.0,2025-02-12 21:00:00
1739397600000.0,0.4352,0.4591,0.4329,0.4509,65305192.0,2025-02-12 22:00:00
1739401200000.0,0.4508,0.4577,0.4471,0.4503,46324130.0,2025-02-12 23:00:00
1739404800000.0,0.4504,0.4604,0.4431,0.4494,56554842.0,2025-02-13 00:00:00
1739408400000.0,0.4495,0.4665,0.4459,0.4663,39389240.0,2025-02-13 01:00:00
1739412000000.0,0.4662,0.4695,0.4518,0.4655,39782528.0,2025-02-13 02:00:00
1739415600000.0,0.4655,0.469,0.4601,0.4634,28476331.0,2025-02-13 03:00:00
1739419200000.0,0.4633,0.4662,0.4532,0.4563,33252536.0,2025-02-13 04:00:00
1739422800000.0,0.4563,0.4607,0.4523,0.455,21831286.0,2025-02-13 05:00:00
1739426400000.0,0.4551,0.4609,0.4512,0.4529,30523573.0,2025-02-13 06:00:00
1739430000000.0,0.4528,0.4603,0.4486,0.4524,41717653.0,2025-02-13 07:00:00
1739433600000.0,0.4523,0.4618,0.4504,0.4576,31292723.0,2025-02-13 08:00:00
1739437200000.0,0.4575,0.464,0.4542,0.4633,30656913.0,2025-02-13 09:00:00
1739440800000.0,0.4633,0.4635,0.4531,0.4557,24501356.0,2025-02-13 10:00:00
1739444400000.0,0.4557,0.4578,0.4462,0.4539,34557774.0,2025-02-13 11:00:00
1739448000000.0,0.4539,0.4558,0.4468,0.4496,32751221.0,2025-02-13 12:00:00
1739451600000.0,0.4497,0.4614,0.4465,0.4543,47246672.0,2025-02-13 13:00:00
1739455200000.0,0.4543,0.4604,0.4402,0.4549,72236946.0,2025-02-13 14:00:00
1739458800000.0,0.4549,0.4736,0.4529,0.4564,69040996.0,2025-02-13 15:00:00
1739462400000.0,0.4563,0.4564,0.4369,0.4391,53815076.0,2025-02-13 16:00:00
1739466000000.0,0.4392,0.4479,0.4362,0.4386,30969807.0,2025-02-13 17:00:00
1739469600000.0,0.4387,0.4427,0.4287,0.4425,40355476.0,2025-02-13 18:00:00
1739473200000.0,0.4425,0.4541,0.4408,0.4418,39773764.0,2025-02-13 19:00:00
1739476800000.0,0.4418,0.4517,0.4413,0.4445,21699218.0,2025-02-13 20:00:00
1739480400000.0,0.4444,0.4544,0.4437,0.449,22313127.0,2025-02-13 21:00:00
1739484000000.0,0.4489,0.45,0.4366,0.4374,16761059.0,2025-02-13 22:00:00
1739487600000.0,0.4375,0.451,0.4373,0.4495,17163260.0,2025-02-13 23:00:00
1739491200000.0,0.4496,0.4565,0.4425,0.4484,27375330.0,2025-02-14 00:00:00
1739494800000.0,0.4483,0.4528,0.4429,0.4498,25070433.0,2025-02-14 01:00:00
1739498400000.0,0.4497,0.4581,0.4475,0.4522,22895153.0,2025-02-14 02:00:00
1739502000000.0,0.4523,0.4579,0.4499,0.4558,15168759.0,2025-02-14 03:00:00
1739505600000.0,0.4557,0.4575,0.4496,0.4522,13736621.0,2025-02-14 04:00:00
1739509200000.0,0.4522,0.4556,0.449,0.4528,15240837.0,2025-02-14 05:00:00
1739512800000.0,0.4528,0.4584,0.452,0.4578,16376944.0,2025-02-14 06:00:00
1739516400000.0,0.4578,0.4675,0.4565,0.46,29728621.0,2025-02-14 07:00:00
1739520000000.0,0.46,0.4705,0.4589,0.4657,27746193.0,2025-02-14 08:00:00
1739523600000.0,0.4657,0.473,0.4646,0.4724,27397011.0,2025-02-14 09:00:00
1739527200000.0,0.4724,0.476,0.4661,0.4667,25626819.0,2025-02-14 10:00:00
1739530800000.0,0.4668,0.4746,0.4653,0.4699,24513441.0,2025-02-14 11:00:00
1739534400000.0,0.4699,0.4699,0.4596,0.4616,25636971.0,2025-02-14 12:00:00
1739538000000.0,0.4617,0.47,0.4595,0.4672,21542309.0,2025-02-14 13:00:00
1739541600000.0,0.4673,0.4805,0.4654,0.4768,36948231.0,2025-02-14 14:00:00
1739545200000.0,0.4769,0.4807,0.4647,0.4776,48775191.0,2025-02-14 15:00:00
1739548800000.0,0.4775,0.4813,0.4704,0.4805,33539888.0,2025-02-14 16:00:00
1739552400000.0,0.4804,0.5004,0.4777,0.494,75413616.0,2025-02-14 17:00:00
1739556000000.0,0.494,0.4987,0.4902,0.492,41677371.0,2025-02-14 18:00:00
1739559600000.0,0.4919,0.4966,0.4849,0.4911,32846114.0,2025-02-14 19:00:00
1739563200000.0,0.4911,0.4947,0.4853,0.4873,24179645.0,2025-02-14 20:00:00
1739566800000.0,0.4873,0.5017,0.4798,0.4999,33875084.0,2025-02-14 21:00:00
1739570400000.0,0.4998,0.5021,0.4745,0.4803,41857138.0,2025-02-14 22:00:00
1739574000000.0,0.4804,0.4878,0.4758,0.4843,22221512.0,2025-02-14 23:00:00
1739577600000.0,0.4843,0.4852,0.4735,0.4785,24660239.0,2025-02-15 00:00:00
1739581200000.0,0.4785,0.4838,0.4748,0.481,19426120.0,2025-02-15 01:00:00
1739584800000.0,0.4809,0.4863,0.4757,0.4801,16439508.0,2025-02-15 02:00:00
1739588400000.0,0.48,0.4896,0.4787,0.4854,20288266.0,2025-02-15 03:00:00
1739592000000.0,0.4854,0.4968,0.4812,0.4859,30172262.0,2025-02-15 04:00:00
1739595600000.0,0.4859,0.4967,0.4845,0.4946,26566926.0,2025-02-15 05:00:00
1739599200000.0,0.4947,0.4949,0.4818,0.4826,24433113.0,2025-02-15 06:00:00
1739602800000.0,0.4826,0.4868,0.4747,0.4811,30330944.0,2025-02-15 07:00:00
1739606400000.0,0.4811,0.4834,0.474,0.476,21621977.0,2025-02-15 08:00:00
1739610000000.0,0.4759,0.4783,0.4684,0.4687,26396145.0,2025-02-15 09:00:00
1739613600000.0,0.4687,0.4701,0.4561,0.4676,57935181.0,2025-02-15 10:00:00
1739617200000.0,0.4675,0.4702,0.4571,0.4634,32781087.0,2025-02-15 11:00:00
1739620800000.0,0.4635,0.4673,0.4608,0.4639,20162269.0,2025-02-15 12:00:00
1739624400000.0,0.464,0.4677,0.4612,0.4617,19878985.0,2025-02-15 13:00:00
1739628000000.0,0.4618,0.4622,0.4561,0.4604,35457031.0,2025-02-15 14:00:00
1739631600000.0,0.4605,0.4653,0.4566,0.4589,19843960.0,2025-02-15 15:00:00
1739635200000.0,0.4588,0.4615,0.4528,0.4558,33628667.0,2025-02-15 16:00:00
1739638800000.0,0.4557,0.4576,0.4493,0.4529,31405788.0,2025-02-15 17:00:00
1739642400000.0,0.453,0.4623,0.4516,0.4598,20531408.0,2025-02-15 18:00:00
1739646000000.0,0.4599,0.4611,0.4544,0.4549,13687185.0,2025-02-15 19:00:00
1739649600000.0,0.455,0.4577,0.4513,0.4541,13849949.0,2025-02-15 20:00:00
1739653200000.0,0.4541,0.459,0.4534,0.4582,8521208.0,2025-02-15 21:00:00
1739656800000.0,0.4582,0.4594,0.4531,0.4567,10103238.0,2025-02-15 22:00:00
1739660400000.0,0.4567,0.4584,0.4542,0.4563,8087939.0,2025-02-15 23:00:00
1739664000000.0,0.4564,0.4588,0.453,0.4537,12765361.0,2025-02-16 00:00:00
1739667600000.0,0.4538,0.4542,0.4476,0.4533,16642638.0,2025-02-16 01:00:00
1739671200000.0,0.4533,0.4547,0.4447,0.4471,21690758.0,2025-02-16 02:00:00
1739674800000.0,0.4471,0.4519,0.4446,0.4511,15190292.0,2025-02-16 03:00:00
1739678400000.0,0.451,0.4553,0.45,0.4542,11635473.0,2025-02-16 04:00:00
1739682000000.0,0.4541,0.4577,0.4503,0.4546,10728029.0,2025-02-16 05:00:00
1739685600000.0,0.4545,0.4583,0.4528,0.4542,11067723.0,2025-02-16 06:00:00
1739689200000.0,0.4543,0.4543,0.4473,0.4486,13726372.0,2025-02-16 07:00:00
1739692800000.0,0.4488,0.4537,0.446,0.4537,20621599.0,2025-02-16 08:00:00
1739696400000.0,0.4536,0.4576,0.4465,0.4566,26885443.0,2025-02-16 09:00:00
1739700000000.0,0.4566,0.4602,0.4548,0.457,23658663.0,2025-02-16 10:00:00
1739703600000.0,0.457,0.4659,0.4558,0.465,21600170.0,2025-02-16 11:00:00
1739707200000.0,0.465,0.4658,0.4579,0.4586,19964413.0,2025-02-16 12:00:00
1739710800000.0,0.4586,0.4605,0.4506,0.4513,24561653.0,2025-02-16 13:00:00
1739714400000.0,0.4512,0.4572,0.446,0.4547,36872834.0,2025-02-16 14:00:00
1739718000000.0,0.4547,0.4582,0.4524,0.455,13954467.0,2025-02-16 15:00:00
1739721600000.0,0.4551,0.4593,0.4489,0.4526,25254146.0,2025-02-16 16:00:00
1739725200000.0,0.4527,0.4581,0.4472,0.449,19736967.0,2025-02-16 17:00:00
1739728800000.0,0.449,0.4499,0.4435,0.4476,27829529.0,2025-02-16 18:00:00
1739732400000.0,0.4477,0.4502,0.443,0.4494,13750046.0,2025-02-16 19:00:00
1739736000000.0,0.4493,0.4508,0.4428,0.4443,11608235.0,2025-02-16 20:00:00
1739739600000.0,0.4442,0.4521,0.4409,0.4505,22676722.0,2025-02-16 21:00:00
1739743200000.0,0.4505,0.4508,0.4425,0.4486,14932209.0,2025-02-16 22:00:00
1739746800000.0,0.4486,0.4518,0.4433,0.4491,23806445.0,2025-02-16 23:00:00
1739750400000.0,0.4491,0.4574,0.4482,0.4571,19784175.0,2025-02-17 00:00:00
1739754000000.0,0.4571,0.463,0.4526,0.4615,20235436.0,2025-02-17 01:00:00
1739757600000.0,0.4614,0.4668,0.4551,0.4571,21713950.0,2025-02-17 02:00:00
1739761200000.0,0.457,0.458,0.4505,0.4559,25029647.0,2025-02-17 03:00:00
1739764800000.0,0.4559,0.4582,0.4492,0.4522,24949833.0,2025-02-17 04:00:00
1739768400000.0,0.4521,0.4556,0.4439,0.4538,46300152.0,2025-02-17 05:00:00
1739772000000.0,0.4539,0.46,0.4491,0.4518,27263782.0,2025-02-17 06:00:00
1739775600000.0,0.4517,0.455,0.4362,0.4399,46482284.0,2025-02-17 07:00:00
1739779200000.0,0.4398,0.4544,0.4341,0.4529,50286141.0,2025-02-17 08:00:00
1739782800000.0,0.4528,0.4645,0.4523,0.4608,53391822.0,2025-02-17 09:00:00
1739786400000.0,0.4607,0.4757,0.4594,0.4684,63091843.0,2025-02-17 10:00:00
1739790000000.0,0.4683,0.4738,0.4631,0.4694,29199274.0,2025-02-17 11:00:00
1739793600000.0,0.4694,0.4782,0.4688,0.4743,34190408.0,2025-02-17 12:00:00
1739797200000.0,0.4742,0.4762,0.4702,0.4734,22692424.0,2025-02-17 13:00:00
1739800800000.0,0.4733,0.4831,0.4716,0.4757,51474857.0,2025-02-17 14:00:00
1739804400000.0,0.4757,0.48,0.4571,0.4593,57593750.0,2025-02-17 15:00:00
1739808000000.0,0.4594,0.4605,0.451,0.4529,52377745.0,2025-02-17 16:00:00
1739811600000.0,0.4529,0.4579,0.448,0.4489,32138992.0,2025-02-17 17:00:00
1739815200000.0,0.4488,0.4492,0.44,0.4412,38394798.0,2025-02-17 18:00:00
1739818800000.0,0.4413,0.4486,0.4382,0.4476,27429971.0,2025-02-17 19:00:00
1739822400000.0,0.4475,0.468,0.4457,0.4595,56196177.0,2025-02-17 20:00:00
1739826000000.0,0.4596,0.4663,0.4573,0.4657,26865716.0,2025-02-17 21:00:00
1739829600000.0,0.4657,0.4665,0.4539,0.4545,22675829.0,2025-02-17 22:00:00
1739833200000.0,0.4544,0.4583,0.4526,0.4552,13800880.0,2025-02-17 23:00:00
1739836800000.0,0.4551,0.4588,0.4503,0.4541,17313839.0,2025-02-18 00:00:00
1739840400000.0,0.4541,0.4644,0.4523,0.4635,17648151.0,2025-02-18 01:00:00
1739844000000.0,0.4634,0.4665,0.4543,0.4665,22312432.0,2025-02-18 02:00:00
1739847600000.0,0.4664,0.4729,0.4636,0.4654,31563997.0,2025-02-18 03:00:00
1739851200000.0,0.4653,0.4698,0.4487,0.4549,43503317.0,2025-02-18 04:00:00
1739854800000.0,0.455,0.4562,0.4406,0.4439,42461143.0,2025-02-18 05:00:00
1739858400000.0,0.4439,0.4453,0.4309,0.4323,62839595.0,2025-02-18 06:00:00
1739862000000.0,0.4324,0.4342,0.4245,0.4291,52846106.0,2025-02-18 07:00:00
1739865600000.0,0.4292,0.4317,0.4188,0.4222,47388761.0,2025-02-18 08:00:00
1739869200000.0,0.4221,0.4373,0.4194,0.4372,60912733.0,2025-02-18 09:00:00
1739872800000.0,0.4371,0.4384,0.4313,0.4322,26857642.0,2025-02-18 10:00:00
1739876400000.0,0.4323,0.4347,0.4253,0.4268,30231368.0,2025-02-18 11:00:00
1739880000000.0,0.4268,0.4378,0.4261,0.4313,34159479.0,2025-02-18 12:00:00
1739883600000.0,0.4312,0.4322,0.4256,0.4293,34189774.0,2025-02-18 13:00:00
1739887200000.0,0.4294,0.4396,0.4227,0.4252,62935341.0,2025-02-18 14:00:00
1739890800000.0,0.4251,0.4261,0.4104,0.4131,69060243.0,2025-02-18 15:00:00
1739894400000.0,0.4132,0.4186,0.4049,0.406,72329349.0,2025-02-18 16:00:00
1739898000000.0,0.406,0.4133,0.4035,0.4111,46154287.0,2025-02-18 17:00:00
1739901600000.0,0.4112,0.4177,0.4095,0.4141,34739766.0,2025-02-18 18:00:00
1739905200000.0,0.4141,0.4168,0.4101,0.4117,21488847.0,2025-02-18 19:00:00
1739908800000.0,0.4117,0.4149,0.4075,0.4115,23180385.0,2025-02-18 20:00:00
1739912400000.0,0.4115,0.4271,0.4105,0.4208,50254056.0,2025-02-18 21:00:00
1739916000000.0,0.4208,0.4272,0.4184,0.4209,17963746.0,2025-02-18 22:00:00
1739919600000.0,0.4208,0.4244,0.4192,0.4227,14609997.0,2025-02-18 23:00:00
1739923200000.0,0.4227,0.4267,0.4193,0.4203,19657891.0,2025-02-19 00:00:00
1739926800000.0,0.4204,0.4221,0.4143,0.4197,23746198.0,2025-02-19 01:00:00
1739930400000.0,0.4197,0.4263,0.4191,0.4229,16884660.0,2025-02-19 02:00:00
1739934000000.0,0.423,0.4231,0.4181,0.4199,13282765.0,2025-02-19 03:00:00
1739937600000.0,0.4199,0.4206,0.4091,0.4092,22434939.0,2025-02-19 04:00:00
1739941200000.0,0.4092,0.4132,0.4078,0.4126,18232781.0,2025-02-19 05:00:00
1739944800000.0,0.4126,0.4203,0.4106,0.4179,23797182.0,2025-02-19 06:00:00
1739948400000.0,0.418,0.4246,0.4148,0.4226,36756698.0,2025-02-19 07:00:00
1739952000000.0,0.4226,0.4271,0.4192,0.42,25071510.0,2025-02-19 08:00:00
1739955600000.0,0.42,0.4237,0.416,0.4222,19841224.0,2025-02-19 09:00:00
1739959200000.0,0.4223,0.4302,0.4219,0.428,30715876.0,2025-02-19 10:00:00
1739962800000.0,0.4279,0.4308,0.4267,0.4282,17720545.0,2025-02-19 11:00:00
1739966400000.0,0.4283,0.4289,0.4197,0.4199,28825203.0,2025-02-19 12:00:00
1739970000000.0,0.4199,0.4244,0.4184,0.4219,19713096.0,2025-02-19 13:00:00
1739973600000.0,0.4219,0.4235,0.4082,0.4089,49562696.0,2025-02-19 14:00:00
1739977200000.0,0.409,0.4094,0.395,0.4001,126811307.0,2025-02-19 15:00:00
1739980800000.0,0.4001,0.4072,0.3973,0.4041,48805739.0,2025-02-19 16:00:00
1739984400000.0,0.4041,0.41,0.3995,0.4005,39887202.0,2025-02-19 17:00:00
1739988000000.0,0.4006,0.4025,0.3938,0.399,53420578.0,2025-02-19 18:00:00
1739991600000.0,0.399,0.4051,0.3968,0.4001,33907494.0,2025-02-19 19:00:00
1739995200000.0,0.4,0.4049,0.398,0.399,31296086.0,2025-02-19 20:00:00
1739998800000.0,0.3989,0.4034,0.3852,0.3879,65750773.0,2025-02-19 21:00:00
1740002400000.0,0.3879,0.3952,0.3873,0.3948,43011822.0,2025-02-19 22:00:00
1740006000000.0,0.3948,0.4007,0.3932,0.3964,34220648.0,2025-02-19 23:00:00
1740009600000.0,0.3963,0.4032,0.392,0.4015,30636731.0,2025-02-20 00:00:00
1740013200000.0,0.4014,0.4049,0.3901,0.3939,37501421.0,2025-02-20 01:00:00
1740016800000.0,0.3938,0.4071,0.3925,0.404,35530020.0,2025-02-20 02:00:00
1740020400000.0,0.404,0.4095,0.4023,0.4083,35818481.0,2025-02-20 03:00:00
1740024000000.0,0.4082,0.4138,0.407,0.4082,35167147.0,2025-02-20 04:00:00
1740027600000.0,0.4082,0.4084,0.4032,0.4032,22444597.0,2025-02-20 05:00:00
1740031200000.0,0.4033,0.4041,0.3981,0.4002,28110119.0,2025-02-20 06:00:00
1740034800000.0,0.4002,0.4033,0.3967,0.4013,25597643.0,2025-02-20 07:00:00
1740038400000.0,0.4013,0.4046,0.3995,0.403,22076944.0,2025-02-20 08:00:00
1740042000000.0,0.4031,0.4041,0.4005,0.4021,19165954.0,2025-02-20 09:00:00
1740045600000.0,0.4022,0.4096,0.4002,0.4092,25249663.0,2025-02-20 10:00:00
1740049200000.0,0.4092,0.4103,0.4045,0.4048,31991053.0,2025-02-20 11:00:00
1740052800000.0,0.4048,0.4109,0.4047,0.4061,27598323.0,2025-02-20 12:00:00
1740056400000.0,0.4061,0.4086,0.4023,0.4075,31329891.0,2025-02-20 13:00:00
1740060000000.0,0.4076,0.4145,0.4018,0.4034,68820647.0,2025-02-20 14:00:00
1740063600000.0,0.4034,0.4069,0.3978,0.3992,39582183.0,2025-02-20 15:00:00
1740067200000.0,0.3992,0.4071,0.398,0.3997,37206053.0,2025-02-20 16:00:00
1740070800000.0,0.3997,0.4068,0.3987,0.4055,28100293.0,2025-02-20 17:00:00
1740074400000.0,0.4054,0.4137,0.4046,0.4085,42375314.0,2025-02-20 18:00:00
1740078000000.0,0.4086,0.4194,0.4084,0.4172,46094180.0,2025-02-20 19:00:00
1740081600000.0,0.4171,0.4217,0.4153,0.4158,26961864.0,2025-02-20 20:00:00
1740085200000.0,0.4158,0.416,0.4096,0.4102,30546447.0,2025-02-20 21:00:00
1740088800000.0,0.4102,0.4153,0.4098,0.4138,13713023.0,2025-02-20 22:00:00
1740092400000.0,0.4137,0.4241,0.4134,0.419,25093936.0,2025-02-20 23:00:00
1740096000000.0,0.419,0.4228,0.4093,0.4105,35180883.0,2025-02-21 00:00:00
1740099600000.0,0.4105,0.4114,0.401,0.4065,44031174.0,2025-02-21 01:00:00
1740103200000.0,0.4065,0.4097,0.4014,0.4023,23260754.0,2025-02-21 02:00:00
1740106800000.0,0.4023,0.4101,0.4021,0.4095,21076705.0,2025-02-21 03:00:00
1740110400000.0,0.4094,0.4207,0.4087,0.4172,53014146.0,2025-02-21 04:00:00
1740114000000.0,0.4172,0.4197,0.413,0.4167,22062558.0,2025-02-21 05:00:00
1740117600000.0,0.4166,0.4185,0.4143,0.4181,15465254.0,2025-02-21 06:00:00
1740121200000.0,0.4181,0.4199,0.4149,0.4159,16704344.0,2025-02-21 07:00:00
1740124800000.0,0.4159,0.4196,0.4128,0.4187,25307001.0,2025-02-21 08:00:00
1740128400000.0,0.4187,0.4331,0.4176,0.4296,65398955.0,2025-02-21 09:00:00
1740132000000.0,0.4295,0.437,0.4285,0.4331,53892672.0,2025-02-21 10:00:00
1740135600000.0,0.4331,0.4356,0.43,0.4304,27791681.0,2025-02-21 11:00:00
1740139200000.0,0.4304,0.4645,0.4291,0.463,95440186.0,2025-02-21 12:00:00
1740142800000.0,0.463,0.4761,0.4545,0.4666,124264461.0,2025-02-21 13:00:00
1740146400000.0,0.4667,0.4699,0.454,0.4581,86909716.0,2025-02-21 14:00:00
1740150000000.0,0.4581,0.4625,0.4123,0.4175,313234396.0,2025-02-21 15:00:00
1740153600000.0,0.4174,0.4464,0.4063,0.4448,295635951.0,2025-02-21 16:00:00
1740157200000.0,0.4447,0.4519,0.4318,0.4327,130497046.0,2025-02-21 17:00:00
1740160800000.0,0.4327,0.4555,0.4319,0.4462,93320935.0,2025-02-21 18:00:00
1740164400000.0,0.4461,0.4514,0.4234,0.43,115755996.0,2025-02-21 19:00:00
1740168000000.0,0.4299,0.4439,0.4278,0.4358,56312159.0,2025-02-21 20:00:00
1740171600000.0,0.4359,0.4478,0.4351,0.4444,40696547.0,2025-02-21 21:00:00
1740175200000.0,0.4443,0.4623,0.4397,0.4603,56793400.0,2025-02-21 22:00:00
1740178800000.0,0.4603,0.4684,0.4572,0.4612,62345860.0,2025-02-21 23:00:00
1740182400000.0,0.4611,0.4719,0.4568,0.4605,72485960.0,2025-02-22 00:00:00
1740186000000.0,0.4605,0.4764,0.4604,0.4672,63768034.0,2025-02-22 01:00:00
1740189600000.0,0.4673,0.4685,0.4516,0.4561,57441668.0,2025-02-22 02:00:00
1740193200000.0,0.4561,0.4635,0.4484,0.4539,47241195.0,2025-02-22 03:00:00
1740196800000.0,0.4539,0.4687,0.4518,0.4597,50279238.0,2025-02-22 04:00:00
1740200400000.0,0.4597,0.4644,0.4553,0.4634,28543833.0,2025-02-22 05:00:00
1740204000000.0,0.4635,0.4699,0.4522,0.4546,46671761.0,2025-02-22 06:00:00
1740207600000.0,0.4547,0.4592,0.448,0.4488,38437021.0,2025-02-22 07:00:00
1740211200000.0,0.4488,0.4497,0.4435,0.4477,37636086.0,2025-02-22 08:00:00
1740214800000.0,0.4477,0.4507,0.4457,0.4477,28408698.0,2025-02-22 09:00:00
1740218400000.0,0.4477,0.4522,0.4464,0.4466,37205050.0,2025-02-22 10:00:00
1740222000000.0,0.4465,0.449,0.4443,0.4473,19476492.0,2025-02-22 11:00:00
1740225600000.0,0.4472,0.4521,0.4456,0.4496,27343948.0,2025-02-22 12:00:00
1740229200000.0,0.4497,0.4515,0.4405,0.4417,33071211.0,2025-02-22 13:00:00
1740232800000.0,0.4417,0.4441,0.4379,0.4406,28067287.0,2025-02-22 14:00:00
1740236400000.0,0.4407,0.4497,0.4392,0.4473,31139922.0,2025-02-22 15:00:00
1740240000000.0,0.4473,0.47,0.4471,0.4684,72867662.0,2025-02-22 16:00:00
1740243600000.0,0.4685,0.472,0.4567,0.4567,45388423.0,2025-02-22 17:00:00
1740247200000.0,0.4566,0.4622,0.4543,0.4577,27896440.0,2025-02-22 18:00:00
1740250800000.0,0.4578,0.4589,0.4538,0.4561,13557667.0,2025-02-22 19:00:00
1740254400000.0,0.4561,0.4567,0.4479,0.4495,19970903.0,2025-02-22 20:00:00
1740258000000.0,0.4495,0.4527,0.4477,0.4487,12760136.0,2025-02-22 21:00:00
1740261600000.0,0.4486,0.4528,0.4482,0.4486,10185643.0,2025-02-22 22:00:00
1740265200000.0,0.4486,0.4517,0.4454,0.4471,16352166.0,2025-02-22 23:00:00
1740268800000.0,0.447,0.4493,0.4436,0.4475,18054980.0,2025-02-23 00:00:00
1740272400000.0,0.4476,0.4491,0.4383,0.4391,30422174.0,2025-02-23 01:00:00
1740276000000.0,0.4392,0.4416,0.4369,0.4381,25107398.0,2025-02-23 02:00:00
1740279600000.0,0.4382,0.4409,0.4357,0.4366,23129680.0,2025-02-23 03:00:00
1740283200000.0,0.4366,0.4368,0.4306,0.4326,27649197.0,2025-02-23 04:00:00
1740286800000.0,0.4326,0.4419,0.4319,0.4389,27377672.0,2025-02-23 05:00:00
1740290400000.0,0.439,0.4407,0.4359,0.4401,17738133.0,2025-02-23 06:00:00
1740294000000.0,0.44,0.4715,0.4391,0.463,85763777.0,2025-02-23 07:00:00
1740297600000.0,0.463,0.472,0.4579,0.4615,58223448.0,2025-02-23 08:00:00
1740301200000.0,0.4614,0.462,0.4515,0.4581,34133649.0,2025-02-23 09:00:00
1740304800000.0,0.458,0.4623,0.4554,0.4556,27672763.0,2025-02-23 10:00:00
1740308400000.0,0.4556,0.459,0.4485,0.4505,26569067.0,2025-02-23 11:00:00
1740312000000.0,0.4505,0.4536,0.4456,0.4504,32125374.0,2025-02-23 12:00:00
1740315600000.0,0.4503,0.4589,0.4502,0.4559,30870798.0,2025-02-23 13:00:00
1740319200000.0,0.4559,0.4574,0.4469,0.452,29628444.0,2025-02-23 14:00:00
1740322800000.0,0.452,0.4623,0.447,0.4474,50832975.0,2025-02-23 15:00:00
1740326400000.0,0.4474,0.4582,0.4473,0.4501,31650525.0,2025-02-23 16:00:00
1740330000000.0,0.4501,0.4585,0.4488,0.4537,17682103.0,2025-02-23 17:00:00
1740333600000.0,0.4538,0.4547,0.446,0.4463,19390935.0,2025-02-23 18:00:00
1740337200000.0,0.4463,0.4472,0.441,0.4422,27111432.0,2025-02-23 19:00:00
1740340800000.0,0.4421,0.4432,0.4372,0.4378,17882225.0,2025-02-23 20:00:00
1740344400000.0,0.4379,0.4466,0.4344,0.4456,30147630.0,2025-02-23 21:00:00
1740348000000.0,0.4457,0.4467,0.4372,0.4401,31368361.0,2025-02-23 22:00:00
1740351600000.0,0.4402,0.4461,0.438,0.4414,32056171.0,2025-02-23 23:00:00
1740355200000.0,0.4413,0.4526,0.4387,0.4389,45471069.0,2025-02-24 00:00:00
1740358800000.0,0.4388,0.4389,0.421,0.4238,76853522.0,2025-02-24 01:00:00
1740362400000.0,0.4237,0.4275,0.4201,0.4211,35232452.0,2025-02-24 02:00:00
1740366000000.0,0.4211,0.4211,0.4124,0.4136,58463661.0,2025-02-24 03:00:00
1740369600000.0,0.4136,0.4149,0.4092,0.4104,46202249.0,2025-02-24 04:00:00
1740373200000.0,0.4104,0.4145,0.4075,0.4131,30664795.0,2025-02-24 05:00:00
1740376800000.0,0.4132,0.4141,0.4095,0.4105,23709398.0,2025-02-24 06:00:00
1740380400000.0,0.4104,0.4128,0.4081,0.4093,21353669.0,2025-02-24 07:00:00
1740384000000.0,0.4092,0.4098,0.4012,0.4035,47878926.0,2025-02-24 08:00:00
1740387600000.0,0.4036,0.4162,0.4024,0.4109,44908370.0,2025-02-24 09:00:00
1740391200000.0,0.411,0.4112,0.4034,0.4072,37822866.0,2025-02-24 10:00:00
1740394800000.0,0.4073,0.4237,0.4067,0.42,118077835.0,2025-02-24 11:00:00
1740398400000.0,0.42,0.4201,0.4083,0.4151,73639982.0,2025-02-24 12:00:00
1740402000000.0,0.415,0.4203,0.4062,0.4066,57388921.0,2025-02-24 13:00:00
1740405600000.0,0.4067,0.4111,0.4017,0.4051,59224725.0,2025-02-24 14:00:00
1740409200000.0,0.4051,0.4095,0.4014,0.409,54167746.0,2025-02-24 15:00:00
1740412800000.0,0.409,0.4136,0.4037,0.4051,41713094.0,2025-02-24 16:00:00
1740416400000.0,0.4052,0.4112,0.4008,0.4031,32636476.0,2025-02-24 17:00:00
1740420000000.0,0.403,0.4035,0.3986,0.3996,32768177.0,2025-02-24 18:00:00
1740423600000.0,0.3996,0.4027,0.3882,0.3939,55310691.0,2025-02-24 19:00:00
1740427200000.0,0.3939,0.4039,0.3921,0.3978,40055412.0,2025-02-24 20:00:00
1740430800000.0,0.3977,0.4025,0.3936,0.3948,25990286.0,2025-02-24 21:00:00
1740434400000.0,0.3948,0.3949,0.3655,0.3753,158506185.0,2025-02-24 22:00:00
1740438000000.0,0.3753,0.382,0.3695,0.3746,52826115.0,2025-02-24 23:00:00
1740441600000.0,0.3746,0.3865,0.367,0.3694,93571842.0,2025-02-25 00:00:00
1740445200000.0,0.3693,0.3743,0.3622,0.3665,59187555.0,2025-02-25 01:00:00
1740448800000.0,0.3666,0.3773,0.3621,0.374,42876234.0,2025-02-25 02:00:00
1740452400000.0,0.374,0.402,0.3713,0.3755,113800611.0,2025-02-25 03:00:00
1740456000000.0,0.3756,0.384,0.3736,0.3794,50558296.0,2025-02-25 04:00:00
1740459600000.0,0.3794,0.3842,0.3777,0.3809,37662405.0,2025-02-25 05:00:00
1740463200000.0,0.3808,0.3815,0.3739,0.3748,43310396.0,2025-02-25 06:00:00
1740466800000.0,0.3749,0.3868,0.364,0.3857,166956074.0,2025-02-25 07:00:00
1740470400000.0,0.3858,0.4052,0.3833,0.3945,129339628.0,2025-02-25 08:00:00
1740474000000.0,0.3946,0.4127,0.3932,0.3986,134490342.0,2025-02-25 09:00:00
1740477600000.0,0.3986,0.4065,0.3918,0.3992,117527442.0,2025-02-25 10:00:00
1740481200000.0,0.3993,0.4099,0.3878,0.4079,90635154.0,2025-02-25 11:00:00
1740484800000.0,0.4079,0.419,0.3971,0.4033,100444010.0,2025-02-25 12:00:00
1740488400000.0,0.4034,0.4046,0.3942,0.3992,45464019.0,2025-02-25 13:00:00
1740492000000.0,0.3992,0.4037,0.3943,0.3978,53222691.0,2025-02-25 14:00:00
1740495600000.0,0.3979,0.4218,0.3962,0.4116,105035527.0,2025-02-25 15:00:00
1740499200000.0,0.4116,0.4183,0.4041,0.41,61448667.0,2025-02-25 16:00:00
1740502800000.0,0.4099,0.414,0.4044,0.4068,30280528.0,2025-02-25 17:00:00
1740506400000.0,0.4068,0.4082,0.3993,0.4028,29449209.0,2025-02-25 18:00:00
1740510000000.0,0.4028,0.4121,0.4,0.4115,22853699.0,2025-02-25 19:00:00
1740513600000.0,0.4115,0.4166,0.4076,0.4126,31525687.0,2025-02-25 20:00:00
1740517200000.0,0.4125,0.4175,0.4103,0.4159,15676450.0,2025-02-25 21:00:00
1740520800000.0,0.416,0.4181,0.408,0.4099,23487383.0,2025-02-25 22:00:00
1740524400000.0,0.4099,0.4141,0.406,0.4068,16044274.0,2025-02-25 23:00:00
1740528000000.0,0.4068,0.4091,0.4043,0.4069,17861376.0,2025-02-26 00:00:00
1740531600000.0,0.407,0.4107,0.4055,0.4091,12813313.0,2025-02-26 01:00:00
1740535200000.0,0.4091,0.4193,0.4079,0.4171,24832451.0,2025-02-26 02:00:00
1740538800000.0,0.4171,0.4293,0.4152,0.4174,56327320.0,2025-02-26 03:00:00
1740542400000.0,0.4173,0.4263,0.4156,0.416,26711499.0,2025-02-26 04:00:00
1740546000000.0,0.4159,0.4175,0.4094,0.41,21348754.0,2025-02-26 05:00:00
1740549600000.0,0.4099,0.4148,0.4084,0.4134,24202993.0,2025-02-26 06:00:00
1740553200000.0,0.4134,0.4148,0.4085,0.409,22060928.0,2025-02-26 07:00:00
1740556800000.0,0.4089,0.4118,0.4025,0.4035,33368979.0,2025-02-26 08:00:00
1740560400000.0,0.4035,0.4113,0.4028,0.4102,22689554.0,2025-02-26 09:00:00
1740564000000.0,0.4102,0.4102,0.403,0.4096,20516049.0,2025-02-26 10:00:00
1740567600000.0,0.4095,0.4119,0.4019,0.4036,26891400.0,2025-02-26 11:00:00
1740571200000.0,0.4035,0.4055,0.395,0.398,36839995.0,2025-02-26 12:00:00
1740574800000.0,0.3979,0.4035,0.396,0.4022,34204655.0,2025-02-26 13:00:00
1740578400000.0,0.4022,0.42,0.3979,0.4184,72343804.0,2025-02-26 14:00:00
1740582000000.0,0.4185,0.4347,0.4182,0.4282,78583377.0,2025-02-26 15:00:00
1740585600000.0,0.4283,0.4298,0.4177,0.4215,58781068.0,2025-02-26 16:00:00
1740589200000.0,0.4216,0.4256,0.4093,0.4134,46641048.0,2025-02-26 17:00:00
1740592800000.0,0.4133,0.4174,0.404,0.4059,73528096.0,2025-02-26 18:00:00
1740596400000.0,0.4059,0.4116,0.4022,0.4069,44795583.0,2025-02-26 19:00:00
1740600000000.0,0.4069,0.438,0.4021,0.4366,85141370.0,2025-02-26 20:00:00
1740603600000.0,0.4366,0.4402,0.4238,0.4322,83114695.0,2025-02-26 21:00:00
1740607200000.0,0.4323,0.4401,0.4278,0.4289,36992346.0,2025-02-26 22:00:00
1740610800000.0,0.4289,0.4333,0.4231,0.4279,23009860.0,2025-02-26 23:00:00
1740614400000.0,0.428,0.4367,0.4262,0.4336,35693797.0,2025-02-27 00:00:00
1740618000000.0,0.4336,0.4404,0.4281,0.4349,27499897.0,2025-02-27 01:00:00
1740621600000.0,0.435,0.4401,0.4313,0.4343,22879992.0,2025-02-27 02:00:00
1740625200000.0,0.4344,0.4422,0.43,0.4327,27625739.0,2025-02-27 03:00:00
1740628800000.0,0.4326,0.4354,0.4209,0.4242,26831693.0,2025-02-27 04:00:00
1740632400000.0,0.4242,0.433,0.4225,0.4302,22860267.0,2025-02-27 05:00:00
1740636000000.0,0.4302,0.4387,0.4286,0.4331,17482706.0,2025-02-27 06:00:00
1740639600000.0,0.4331,0.4357,0.4295,0.4321,16430977.0,2025-02-27 07:00:00
1740643200000.0,0.4321,0.4367,0.4282,0.4323,22597998.0,2025-02-27 08:00:00
1740646800000.0,0.4322,0.439,0.4281,0.4313,27687276.0,2025-02-27 09:00:00
1740650400000.0,0.4313,0.4386,0.4298,0.4377,18162470.0,2025-02-27 10:00:00
1740654000000.0,0.4376,0.4383,0.4275,0.4304,30295872.0,2025-02-27 11:00:00
1740657600000.0,0.4304,0.4323,0.4254,0.4288,20651637.0,2025-02-27 12:00:00
1740661200000.0,0.4288,0.4336,0.426,0.4281,26454515.0,2025-02-27 13:00:00
1740664800000.0,0.4281,0.4305,0.4191,0.4203,40319266.0,2025-02-27 14:00:00
1740668400000.0,0.4202,0.4288,0.4169,0.4242,42984638.0,2025-02-27 15:00:00
1740672000000.0,0.4242,0.4325,0.4205,0.4215,27800246.0,2025-02-27 16:00:00
1740675600000.0,0.4215,0.4289,0.4205,0.4286,24542475.0,2025-02-27 17:00:00
1740679200000.0,0.4286,0.4302,0.4265,0.4271,12834477.0,2025-02-27 18:00:00
1740682800000.0,0.4271,0.4297,0.42,0.4245,22555369.0,2025-02-27 19:00:00
1740686400000.0,0.4246,0.4248,0.4142,0.4159,36980982.0,2025-02-27 20:00:00
1740690000000.0,0.4159,0.4204,0.4101,0.4199,30994576.0,2025-02-27 21:00:00
1740693600000.0,0.4199,0.4201,0.4118,0.4177,16962222.0,2025-02-27 22:00:00
1740697200000.0,0.4176,0.4185,0.4121,0.4162,16058641.0,2025-02-27 23:00:00
1740700800000.0,0.4163,0.4179,0.411,0.411,16141134.0,2025-02-28 00:00:00
1740704400000.0,0.4111,0.4128,0.4008,0.4008,68888933.0,2025-02-28 01:00:00
1740708000000.0,0.4007,0.4065,0.3968,0.4002,67383234.0,2025-02-28 02:00:00
1740711600000.0,0.4001,0.4046,0.386,0.3875,47882724.0,2025-02-28 03:00:00
1740715200000.0,0.3874,0.3915,0.3826,0.388,51758672.0,2025-02-28 04:00:00
1740718800000.0,0.388,0.3906,0.3841,0.3887,23103819.0,2025-02-28 05:00:00
1740722400000.0,0.3888,0.3905,0.3839,0.3874,30639147.0,2025-02-28 06:00:00
1740726000000.0,0.3873,0.3957,0.3861,0.3879,37363324.0,2025-02-28 07:00:00
1740729600000.0,0.388,0.3953,0.3847,0.3947,38774764.0,2025-02-28 08:00:00
1740733200000.0,0.3947,0.3977,0.3922,0.3953,37657235.0,2025-02-28 09:00:00
1740736800000.0,0.3952,0.396,0.3849,0.3864,36497887.0,2025-02-28 10:00:00
1740740400000.0,0.3865,0.3926,0.3854,0.3893,17986169.0,2025-02-28 11:00:00
1740744000000.0,0.3892,0.3933,0.3872,0.3927,17506822.0,2025-02-28 12:00:00
1740747600000.0,0.3928,0.4054,0.3912,0.4031,52513505.0,2025-02-28 13:00:00
1740751200000.0,0.4031,0.4123,0.4021,0.4082,49975524.0,2025-02-28 14:00:00
1740754800000.0,0.4081,0.4184,0.4072,0.4152,35545843.0,2025-02-28 15:00:00
1740758400000.0,0.4152,0.4216,0.4119,0.4152,28345337.0,2025-02-28 16:00:00
1740762000000.0,0.4152,0.4186,0.4131,0.4162,13217202.0,2025-02-28 17:00:00
1740765600000.0,0.4162,0.4281,0.4158,0.4241,32305080.0,2025-02-28 18:00:00
1740769200000.0,0.424,0.4262,0.4203,0.4217,15797206.0,2025-02-28 19:00:00
1740772800000.0,0.4217,0.4224,0.4162,0.4186,17739711.0,2025-02-28 20:00:00
1740776400000.0,0.4186,0.422,0.4161,0.4189,14147185.0,2025-02-28 21:00:00
1740780000000.0,0.4188,0.4196,0.413,0.4144,14074503.0,2025-02-28 22:00:00
1740783600000.0,0.4144,0.4153,0.4119,0.414,13063746.0,2025-02-28 23:00:00
1740787200000.0,0.4141,0.4142,0.4034,0.4035,31678389.0,2025-03-01 00:00:00
1740790800000.0,0.4035,0.413,0.403,0.4109,22846266.0,2025-03-01 01:00:00
1740794400000.0,0.411,0.4153,0.4051,0.4125,30774781.0,2025-03-01 02:00:00
1740798000000.0,0.4125,0.4188,0.4108,0.4136,17532732.0,2025-03-01 03:00:00
1740801600000.0,0.4136,0.4194,0.4127,0.4172,15672164.0,2025-03-01 04:00:00
1740805200000.0,0.4172,0.4172,0.4127,0.4143,13262821.0,2025-03-01 05:00:00
1740808800000.0,0.4143,0.4152,0.4088,0.4107,17610849.0,2025-03-01 06:00:00
1740812400000.0,0.4107,0.4132,0.408,0.4117,16399675.0,2025-03-01 07:00:00
1740816000000.0,0.4117,0.4147,0.4108,0.4131,12919542.0,2025-03-01 08:00:00
1740819600000.0,0.4131,0.4138,0.405,0.4098,22917744.0,2025-03-01 09:00:00
1740823200000.0,0.4099,0.4099,0.4024,0.4042,22540713.0,2025-03-01 10:00:00
1740826800000.0,0.4042,0.4047,0.3983,0.4002,32379042.0,2025-03-01 11:00:00
1740830400000.0,0.4003,0.402,0.3973,0.4002,18006408.0,2025-03-01 12:00:00
1740834000000.0,0.4003,0.4016,0.3907,0.3933,31121047.0,2025-03-01 13:00:00
1740837600000.0,0.3932,0.3962,0.3922,0.3943,17600791.0,2025-03-01 14:00:00
1740841200000.0,0.3944,0.3969,0.389,0.3927,21770099.0,2025-03-01 15:00:00
1740844800000.0,0.3927,0.3961,0.3898,0.3957,18684554.0,2025-03-01 16:00:00
1740848400000.0,0.3957,0.3957,0.3914,0.394,13577743.0,2025-03-01 17:00:00
1740852000000.0,0.394,0.3966,0.3919,0.3947,11537288.0,2025-03-01 18:00:00
1740855600000.0,0.3947,0.399,0.3942,0.3953,15791319.0,2025-03-01 19:00:00
1740859200000.0,0.3954,0.3972,0.3927,0.3963,18058419.0,2025-03-01 20:00:00
1740862800000.0,0.3963,0.4026,0.3943,0.4013,17896829.0,2025-03-01 21:00:00
1740866400000.0,0.4013,0.4035,0.3992,0.4012,15226076.0,2025-03-01 22:00:00
1740870000000.0,0.4011,0.4017,0.3967,0.4004,11041587.0,2025-03-01 23:00:00
1740873600000.0,0.4004,0.4037,0.3976,0.4018,18420985.0,2025-03-02 00:00:00
1740877200000.0,0.4018,0.4056,0.4005,0.402,14086599.0,2025-03-02 01:00:00
1740880800000.0,0.4021,0.4039,0.3962,0.3977,18466437.0,2025-03-02 02:00:00
1740884400000.0,0.3977,0.3995,0.3963,0.3965,9429107.0,2025-03-02 03:00:00
1740888000000.0,0.3966,0.3999,0.3961,0.3986,8091399.0,2025-03-02 04:00:00
1740891600000.0,0.3985,0.4004,0.397,0.3979,9280585.0,2025-03-02 05:00:00
1740895200000.0,0.3979,0.3992,0.3931,0.396,24517361.0,2025-03-02 06:00:00
1740898800000.0,0.3961,0.3973,0.3926,0.3942,11125327.0,2025-03-02 07:00:00
1740902400000.0,0.3943,0.3968,0.3914,0.395,17494656.0,2025-03-02 08:00:00
1740906000000.0,0.3949,0.4047,0.3947,0.4,26398595.0,2025-03-02 09:00:00
1740909600000.0,0.4001,0.4034,0.3986,0.4027,13457029.0,2025-03-02 10:00:00
1740913200000.0,0.4027,0.4037,0.401,0.4017,11542470.0,2025-03-02 11:00:00
1740916800000.0,0.4017,0.4019,0.3977,0.3984,16301650.0,2025-03-02 12:00:00
1740920400000.0,0.3985,0.3986,0.3935,0.3958,18943991.0,2025-03-02 13:00:00
1740924000000.0,0.3957,0.3967,0.3861,0.3871,36823101.0,2025-03-02 14:00:00
1740927600000.0,0.3871,0.4149,0.3845,0.3993,152127043.0,2025-03-02 15:00:00
1740931200000.0,0.3995,0.4384,0.3937,0.4333,205727331.0,2025-03-02 16:00:00
1740934800000.0,0.4334,0.4635,0.4271,0.4467,199132985.0,2025-03-02 17:00:00
1740938400000.0,0.4468,0.4525,0.4313,0.4364,79359932.0,2025-03-02 18:00:00
1740942000000.0,0.4365,0.4704,0.4365,0.4664,84936567.0,2025-03-02 19:00:00
1740945600000.0,0.4664,0.4716,0.4546,0.457,80645726.0,2025-03-02 20:00:00
1740949200000.0,0.4569,0.4619,0.454,0.4558,26461626.0,2025-03-02 21:00:00
1740952800000.0,0.4559,0.4681,0.4535,0.4666,27332896.0,2025-03-02 22:00:00
1740956400000.0,0.4665,0.4787,0.4633,0.475,59475595.0,2025-03-02 23:00:00
1740960000000.0,0.475,0.4801,0.4611,0.4621,65254097.0,2025-03-03 00:00:00
1740963600000.0,0.4621,0.4654,0.4465,0.4521,46419367.0,2025-03-03 01:00:00
1740967200000.0,0.452,0.4536,0.4442,0.4453,33636986.0,2025-03-03 02:00:00
1740970800000.0,0.4453,0.4463,0.4345,0.4428,40452191.0,2025-03-03 03:00:00
1740974400000.0,0.4428,0.4469,0.4421,0.4422,18899222.0,2025-03-03 04:00:00
1740978000000.0,0.4422,0.4442,0.4382,0.4422,17720049.0,2025-03-03 05:00:00
1740981600000.0,0.4422,0.4422,0.4186,0.4235,59654677.0,2025-03-03 06:00:00
1740985200000.0,0.4236,0.4279,0.4184,0.4262,38054384.0,2025-03-03 07:00:00
1740988800000.0,0.4262,0.4281,0.4139,0.4169,41242568.0,2025-03-03 08:00:00
1740992400000.0,0.4168,0.4197,0.412,0.4154,33396836.0,2025-03-03 09:00:00
1740996000000.0,0.4153,0.421,0.4143,0.4162,22516834.0,2025-03-03 10:00:00
1740999600000.0,0.4162,0.4176,0.4121,0.4139,18405197.0,2025-03-03 11:00:00
1741003200000.0,0.4138,0.4178,0.4119,0.4159,26027983.0,2025-03-03 12:00:00
1741006800000.0,0.4158,0.4229,0.4153,0.4185,31633175.0,2025-03-03 13:00:00
1741010400000.0,0.4184,0.4272,0.401,0.402,144345098.0,2025-03-03 14:00:00
1741014000000.0,0.4021,0.4092,0.3994,0.4006,66065456.0,2025-03-03 15:00:00
1741017600000.0,0.4006,0.4034,0.3951,0.3961,38460862.0,2025-03-03 16:00:00
1741021200000.0,0.396,0.3988,0.3926,0.3946,27037906.0,2025-03-03 17:00:00
1741024800000.0,0.3946,0.3952,0.3742,0.3766,102956109.0,2025-03-03 18:00:00
1741028400000.0,0.3766,0.3794,0.3602,0.3642,93735457.0,2025-03-03 19:00:00
1741032000000.0,0.3642,0.369,0.3558,0.363,76433628.0,2025-03-03 20:00:00
1741035600000.0,0.3631,0.3666,0.3568,0.3599,53556865.0,2025-03-03 21:00:00
1741039200000.0,0.3599,0.3692,0.3588,0.3662,34045885.0,2025-03-03 22:00:00
1741042800000.0,0.3661,0.3702,0.3623,0.3635,30333346.0,2025-03-03 23:00:00
1741046400000.0,0.3634,0.3707,0.3607,0.3646,36665684.0,2025-03-04 00:00:00
1741050000000.0,0.3644,0.3663,0.3477,0.3494,131542925.0,2025-03-04 01:00:00
1741053600000.0,0.3494,0.3517,0.338,0.3459,96192415.0,2025-03-04 02:00:00
1741057200000.0,0.346,0.3505,0.3424,0.347,39271393.0,2025-03-04 03:00:00
1741060800000.0,0.347,0.3524,0.3455,0.3487,26966481.0,2025-03-04 04:00:00
1741064400000.0,0.3487,0.3578,0.3482,0.3512,30670736.0,2025-03-04 05:00:00
1741068000000.0,0.3512,0.3551,0.3496,0.3501,24822041.0,2025-03-04 06:00:00
1741071600000.0,0.3501,0.3509,0.3451,0.347,38033305.0,2025-03-04 07:00:00
1741075200000.0,0.3469,0.3533,0.3455,0.3501,27558781.0,2025-03-04 08:00:00
1741078800000.0,0.3502,0.3511,0.3429,0.3434,25142084.0,2025-03-04 09:00:00
1741082400000.0,0.3435,0.3474,0.3422,0.3451,23609918.0,2025-03-04 10:00:00
1741086000000.0,0.3451,0.348,0.3412,0.3421,25295473.0,2025-03-04 11:00:00
1741089600000.0,0.3421,0.3479,0.3387,0.345,35566455.0,2025-03-04 12:00:00
1741093200000.0,0.3449,0.345,0.3373,0.3387,55437590.0,2025-03-04 13:00:00
1741096800000.0,0.3388,0.3619,0.3375,0.3442,110441422.0,2025-03-04 14:00:00
1741100400000.0,0.3442,0.3481,0.338,0.3455,69872714.0,2025-03-04 15:00:00
1741104000000.0,0.3455,0.3475,0.3336,0.3451,94450989.0,2025-03-04 16:00:00
1741107600000.0,0.3451,0.3589,0.3445,0.3587,69921118.0,2025-03-04 17:00:00
1741111200000.0,0.3586,0.366,0.3563,0.3645,35878866.0,2025-03-04 18:00:00
1741114800000.0,0.3644,0.3715,0.3628,0.3673,47751249.0,2025-03-04 19:00:00
1741118400000.0,0.3673,0.3816,0.3663,0.3777,62652283.0,2025-03-04 20:00:00
1741122000000.0,0.3778,0.393,0.376,0.3839,87752338.0,2025-03-04 21:00:00
1741125600000.0,0.3839,0.3871,0.3779,0.3805,39458169.0,2025-03-04 22:00:00
1741129200000.0,0.3805,0.3851,0.3764,0.3829,30433681.0,2025-03-04 23:00:00
1741132800000.0,0.3828,0.3917,0.3769,0.3771,50453072.0,2025-03-05 00:00:00
1741136400000.0,0.3772,0.3784,0.3684,0.3727,50387308.0,2025-03-05 01:00:00
1741140000000.0,0.3727,0.3741,0.3633,0.3696,52519186.0,2025-03-05 02:00:00
1741143600000.0,0.3695,0.3718,0.36,0.3604,45303374.0,2025-03-05 03:00:00
1741147200000.0,0.3604,0.3672,0.3601,0.3642,27318067.0,2025-03-05 04:00:00
1741150800000.0,0.3642,0.3702,0.3631,0.3687,27385703.0,2025-03-05 05:00:00
1741154400000.0,0.3688,0.3759,0.3659,0.3732,35837611.0,2025-03-05 06:00:00
1741158000000.0,0.3732,0.3846,0.3714,0.3801,51003336.0,2025-03-05 07:00:00
1741161600000.0,0.38,0.3869,0.377,0.3795,41887090.0,2025-03-05 08:00:00
1741165200000.0,0.3795,0.3892,0.3778,0.3835,56940436.0,2025-03-05 09:00:00
1741168800000.0,0.3834,0.3942,0.3825,0.3902,46874764.0,2025-03-05 10:00:00
1741172400000.0,0.3902,0.3914,0.3799,0.3821,35289913.0,2025-03-05 11:00:00
1741176000000.0,0.3821,0.3853,0.3784,0.381,22580687.0,2025-03-05 12:00:00
1741179600000.0,0.381,0.3832,0.3753,0.3767,27970963.0,2025-03-05 13:00:00
1741183200000.0,0.3767,0.377,0.3672,0.3687,56883997.0,2025-03-05 14:00:00
1741186800000.0,0.3688,0.3767,0.3655,0.3666,35320393.0,2025-03-05 15:00:00
1741190400000.0,0.3666,0.3687,0.36,0.3645,38558893.0,2025-03-05 16:00:00
1741194000000.0,0.3645,0.3691,0.358,0.362,53637824.0,2025-03-05 17:00:00
1741197600000.0,0.362,0.3632,0.3575,0.3614,28192085.0,2025-03-05 18:00:00
1741201200000.0,0.3614,0.3677,0.3605,0.3661,32045569.0,2025-03-05 19:00:00
1741204800000.0,0.3661,0.3712,0.3641,0.3652,29090213.0,2025-03-05 20:00:00
1741208400000.0,0.3652,0.3667,0.3569,0.3592,42162263.0,2025-03-05 21:00:00
1741212000000.0,0.3592,0.3603,0.345,0.349,78135977.0,2025-03-05 22:00:00
1741215600000.0,0.3491,0.3509,0.3408,0.3435,81679685.0,2025-03-05 23:00:00
1741219200000.0,0.3435,0.3501,0.3417,0.3484,56399527.0,2025-03-06 00:00:00
1741222800000.0,0.3485,0.3547,0.3442,0.352,51784613.0,2025-03-06 01:00:00
1741226400000.0,0.3519,0.3605,0.3514,0.3585,55966864.0,2025-03-06 02:00:00
1741230000000.0,0.3586,0.3898,0.3576,0.3877,151126111.0,2025-03-06 03:00:00
1741233600000.0,0.3877,0.4108,0.3788,0.4044,155484546.0,2025-03-06 04:00:00
1741237200000.0,0.4045,0.411,0.396,0.4097,80997328.0,2025-03-06 05:00:00
1741240800000.0,0.4097,0.4123,0.3961,0.3977,86182084.0,2025-03-06 06:00:00
1741244400000.0,0.3977,0.4057,0.3923,0.402,69361841.0,2025-03-06 07:00:00
1741248000000.0,0.402,0.412,0.4006,0.4113,46837701.0,2025-03-06 08:00:00
1741251600000.0,0.4114,0.4119,0.3866,0.3912,116996227.0,2025-03-06 09:00:00
1741255200000.0,0.3912,0.4064,0.3895,0.403,70028322.0,2025-03-06 10:00:00
1741258800000.0,0.403,0.4147,0.4002,0.4088,66687743.0,2025-03-06 11:00:00
1741262400000.0,0.4089,0.4125,0.4006,0.4056,55330007.0,2025-03-06 12:00:00
1741266000000.0,0.4056,0.4091,0.3966,0.3971,64975476.0,2025-03-06 13:00:00
1741269600000.0,0.3972,0.4095,0.3922,0.3982,87637049.0,2025-03-06 14:00:00
1741273200000.0,0.3982,0.411,0.3975,0.4008,55760934.0,2025-03-06 15:00:00
1741276800000.0,0.4008,0.4021,0.3931,0.3945,40626549.0,2025-03-06 16:00:00
1741280400000.0,0.3944,0.3944,0.3775,0.3795,76633826.0,2025-03-06 17:00:00
1741284000000.0,0.3795,0.38,0.3719,0.3759,45366707.0,2025-03-06 18:00:00
1741287600000.0,0.3759,0.3825,0.3724,0.3796,32262930.0,2025-03-06 19:00:00
1741291200000.0,0.3796,0.3831,0.3739,0.3782,30915121.0,2025-03-06 20:00:00
1741294800000.0,0.3783,0.3807,0.371,0.374,32739199.0,2025-03-06 21:00:00
1741298400000.0,0.374,0.3802,0.3702,0.3734,47134311.0,2025-03-06 22:00:00
1741302000000.0,0.3734,0.3743,0.3633,0.3645,49144437.0,2025-03-06 23:00:00
1741305600000.0,0.3645,0.3729,0.3527,0.3552,148519830.0,2025-03-07 00:00:00
1741309200000.0,0.3551,0.3736,0.352,0.3696,90070242.0,2025-03-07 01:00:00
1741312800000.0,0.3697,0.3796,0.3666,0.3719,65779096.0,2025-03-07 02:00:00
1741316400000.0,0.3719,0.3811,0.3715,0.3765,34860946.0,2025-03-07 03:00:00
1741320000000.0,0.3765,0.3797,0.3741,0.3756,22765499.0,2025-03-07 04:00:00
1741323600000.0,0.3757,0.3824,0.375,0.3773,25253769.0,2025-03-07 05:00:00
1741327200000.0,0.3774,0.3803,0.3761,0.3783,20247914.0,2025-03-07 06:00:00
1741330800000.0,0.3782,0.3844,0.3741,0.3827,54920626.0,2025-03-07 07:00:00
1741334400000.0,0.3827,0.4056,0.3797,0.4008,86281530.0,2025-03-07 08:00:00
1741338000000.0,0.4007,0.4134,0.4001,0.4105,88557186.0,2025-03-07 09:00:00
1741341600000.0,0.4106,0.4145,0.4063,0.414,43800318.0,2025-03-07 10:00:00
1741345200000.0,0.4139,0.4142,0.4068,0.4126,42149795.0,2025-03-07 11:00:00
1741348800000.0,0.4127,0.4149,0.4092,0.4125,41494947.0,2025-03-07 12:00:00
1741352400000.0,0.4125,0.4403,0.4098,0.4254,165064543.0,2025-03-07 13:00:00
1741356000000.0,0.4255,0.4488,0.4207,0.4379,227727008.0,2025-03-07 14:00:00
1741359600000.0,0.4379,0.4388,0.4239,0.4318,76954545.0,2025-03-07 15:00:00
1741363200000.0,0.4318,0.4363,0.4207,0.4295,87835256.0,2025-03-07 16:00:00
1741366800000.0,0.4296,0.445,0.4286,0.437,96790239.0,2025-03-07 17:00:00
1741370400000.0,0.437,0.4586,0.4363,0.4553,87614977.0,2025-03-07 18:00:00
1741374000000.0,0.4553,0.4593,0.4363,0.4394,81065948.0,2025-03-07 19:00:00
1741377600000.0,0.4394,0.4459,0.4321,0.4417,56700999.0,2025-03-07 20:00:00
1741381200000.0,0.4416,0.4429,0.4284,0.4331,60416545.0,2025-03-07 21:00:00
1741384800000.0,0.433,0.4338,0.4257,0.4308,37115153.0,2025-03-07 22:00:00
1741388400000.0,0.4308,0.4309,0.4228,0.428,40608608.0,2025-03-07 23:00:00
1741392000000.0,0.4279,0.4409,0.4275,0.4387,51312157.0,2025-03-08 00:00:00
1741395600000.0,0.4388,0.4421,0.4268,0.4316,46026334.0,2025-03-08 01:00:00
1741399200000.0,0.4317,0.4415,0.4316,0.4394,33599802.0,2025-03-08 02:00:00
1741402800000.0,0.4395,0.444,0.434,0.4397,31860635.0,2025-03-08 03:00:00
1741406400000.0,0.4396,0.4433,0.4353,0.4377,28145345.0,2025-03-08 04:00:00
1741410000000.0,0.4378,0.441,0.4253,0.4293,52924062.0,2025-03-08 05:00:00
1741413600000.0,0.4293,0.4498,0.4291,0.4456,70804757.0,2025-03-08 06:00:00
1741417200000.0,0.4456,0.4534,0.4388,0.4397,52894682.0,2025-03-08 07:00:00
1741420800000.0,0.4396,0.4494,0.4377,0.4468,52847252.0,2025-03-08 08:00:00
1741424400000.0,0.4469,0.4498,0.4421,0.443,54182957.0,2025-03-08 09:00:00
1741428000000.0,0.443,0.449,0.4378,0.4427,63789826.0,2025-03-08 10:00:00
1741431600000.0,0.4428,0.4431,0.4315,0.4353,54559700.0,2025-03-08 11:00:00
1741435200000.0,0.4354,0.4408,0.4305,0.4349,39217543.0,2025-03-08 12:00:00
1741438800000.0,0.4348,0.4471,0.4342,0.4446,49605594.0,2025-03-08 13:00:00
1741442400000.0,0.4447,0.4564,0.4424,0.4466,94915322.0,2025-03-08 14:00:00
1741446000000.0,0.4465,0.465,0.4447,0.4555,100092768.0,2025-03-08 15:00:00
1741449600000.0,0.4555,0.4598,0.4441,0.4499,81158412.0,2025-03-08 16:00:00
1741453200000.0,0.4498,0.4535,0.4431,0.4458,47358695.0,2025-03-08 17:00:00
1741456800000.0,0.4457,0.4478,0.4387,0.4449,32837258.0,2025-03-08 18:00:00
1741460400000.0,0.445,0.4516,0.4405,0.4466,24286983.0,2025-03-08 19:00:00
1741464000000.0,0.4467,0.4495,0.4426,0.445,17790483.0,2025-03-08 20:00:00
1741467600000.0,0.445,0.4523,0.4417,0.4419,24138043.0,2025-03-08 21:00:00
1741471200000.0,0.4419,0.4432,0.4334,0.4389,36539822.0,2025-03-08 22:00:00
1741474800000.0,0.4389,0.4468,0.4387,0.4417,24729465.0,2025-03-08 23:00:00
1741478400000.0,0.4417,0.4423,0.4357,0.4372,22065214.0,2025-03-09 00:00:00
1741482000000.0,0.4373,0.446,0.4351,0.4395,23923193.0,2025-03-09 01:00:00
1741485600000.0,0.4395,0.4428,0.436,0.4369,19140671.0,2025-03-09 02:00:00
1741489200000.0,0.437,0.4445,0.4351,0.4376,25395418.0,2025-03-09 03:00:00
1741492800000.0,0.4377,0.439,0.4353,0.4362,15150860.0,2025-03-09 04:00:00
1741496400000.0,0.4362,0.4372,0.4309,0.4313,17949631.0,2025-03-09 05:00:00
1741500000000.0,0.4314,0.4377,0.4289,0.436,32299044.0,2025-03-09 06:00:00
1741503600000.0,0.436,0.4396,0.4327,0.4354,21455367.0,2025-03-09 07:00:00
1741507200000.0,0.4354,0.4403,0.4306,0.4371,25638126.0,2025-03-09 08:00:00
1741510800000.0,0.4371,0.4399,0.4331,0.4333,15476836.0,2025-03-09 09:00:00
1741514400000.0,0.4334,0.4364,0.4233,0.4247,63748301.0,2025-03-09 10:00:00
1741518000000.0,0.4248,0.4336,0.4205,0.4297,58969471.0,2025-03-09 11:00:00
1741521600000.0,0.4298,0.4302,0.4191,0.4227,32845042.0,2025-03-09 12:00:00
1741525200000.0,0.4227,0.4256,0.4179,0.4185,32414075.0,2025-03-09 13:00:00
1741528800000.0,0.4184,0.4226,0.4168,0.4192,39243612.0,2025-03-09 14:00:00
1741532400000.0,0.4193,0.4253,0.4077,0.4113,55058415.0,2025-03-09 15:00:00
1741536000000.0,0.4112,0.415,0.4062,0.4088,52592226.0,2025-03-09 16:00:00
1741539600000.0,0.4088,0.4191,0.4082,0.4141,55109162.0,2025-03-09 17:00:00
1741543200000.0,0.4141,0.4281,0.4127,0.4252,63371141.0,2025-03-09 18:00:00
1741546800000.0,0.4252,0.4324,0.4195,0.4267,46736888.0,2025-03-09 19:00:00
1741550400000.0,0.4268,0.4322,0.4208,0.421,46046546.0,2025-03-09 20:00:00
1741554000000.0,0.421,0.425,0.419,0.4247,21131391.0,2025-03-09 21:00:00
1741557600000.0,0.4246,0.4275,0.417,0.4195,25273414.0,2025-03-09 22:00:00
1741561200000.0,0.4195,0.4292,0.4169,0.4199,32912306.0,2025-03-09 23:00:00
1741564800000.0,0.4199,0.4333,0.416,0.4314,50137654.0,2025-03-10 00:00:00
1741568400000.0,0.4314,0.4445,0.4308,0.4355,55149656.0,2025-03-10 01:00:00
1741572000000.0,0.4355,0.4438,0.4327,0.4414,30924328.0,2025-03-10 02:00:00
1741575600000.0,0.4415,0.4422,0.4296,0.4376,35644634.0,2025-03-10 03:00:00
1741579200000.0,0.4376,0.4612,0.4362,0.4603,68336695.0,2025-03-10 04:00:00
1741582800000.0,0.4602,0.4677,0.4558,0.4572,69756299.0,2025-03-10 05:00:00
1741586400000.0,0.4572,0.4595,0.4497,0.4564,41420811.0,2025-03-10 06:00:00
1741590000000.0,0.4564,0.4652,0.4563,0.461,39877451.0,2025-03-10 07:00:00
1741593600000.0,0.461,0.4625,0.4496,0.4515,35346873.0,2025-03-10 08:00:00
1741597200000.0,0.4514,0.4794,0.4513,0.4644,100436039.0,2025-03-10 09:00:00
1741600800000.0,0.4644,0.4675,0.4432,0.4514,67091134.0,2025-03-10 10:00:00
1741604400000.0,0.4514,0.46,0.4424,0.4572,55694561.0,2025-03-10 11:00:00
1741608000000.0,0.4572,0.4573,0.4453,0.4516,50362254.0,2025-03-10 12:00:00
1741611600000.0,0.4516,0.4556,0.438,0.4412,65100723.0,2025-03-10 13:00:00
1741615200000.0,0.4412,0.4412,0.4185,0.4225,121474918.0,2025-03-10 14:00:00
1741618800000.0,0.4225,0.4366,0.4169,0.4199,94438022.0,2025-03-10 15:00:00
1741622400000.0,0.4199,0.4219,0.4078,0.4131,77609355.0,2025-03-10 16:00:00
1741626000000.0,0.4131,0.4157,0.3988,0.4033,68956413.0,2025-03-10 17:00:00
1741629600000.0,0.4032,0.4076,0.3936,0.3939,54486531.0,2025-03-10 18:00:00
1741633200000.0,0.3939,0.4182,0.3932,0.4174,76627036.0,2025-03-10 19:00:00
1741636800000.0,0.4175,0.4264,0.4122,0.424,64375461.0,2025-03-10 20:00:00
1741640400000.0,0.424,0.4322,0.4187,0.4211,39343314.0,2025-03-10 21:00:00
1741644000000.0,0.4211,0.4227,0.4156,0.4189,21742169.0,2025-03-10 22:00:00
1741647600000.0,0.4189,0.424,0.412,0.4127,32417558.0,2025-03-10 23:00:00
1741651200000.0,0.4126,0.4153,0.3891,0.4054,89552904.0,2025-03-11 00:00:00
1741654800000.0,0.4054,0.426,0.4034,0.4186,91167493.0,2025-03-11 01:00:00
1741658400000.0,0.4187,0.4207,0.4051,0.4115,50045592.0,2025-03-11 02:00:00
1741662000000.0,0.4115,0.413,0.4017,0.403,27719050.0,2025-03-11 03:00:00
1741665600000.0,0.4031,0.4117,0.4014,0.4074,44415048.0,2025-03-11 04:00:00
1741669200000.0,0.4074,0.4192,0.407,0.4088,34827102.0,2025-03-11 05:00:00
1741672800000.0,0.4088,0.412,0.4029,0.4043,25088651.0,2025-03-11 06:00:00
1741676400000.0,0.4044,0.4175,0.404,0.4159,37000083.0,2025-03-11 07:00:00
1741680000000.0,0.416,0.4183,0.4098,0.4113,27692068.0,2025-03-11 08:00:00
1741683600000.0,0.4111,0.4152,0.406,0.4083,24753685.0,2025-03-11 09:00:00
1741687200000.0,0.4083,0.4138,0.4052,0.4106,25099572.0,2025-03-11 10:00:00
1741690800000.0,0.4106,0.4126,0.4054,0.4065,26403581.0,2025-03-11 11:00:00
1741694400000.0,0.4066,0.4077,0.3952,0.3958,47719771.0,2025-03-11 12:00:00
1741698000000.0,0.3959,0.4041,0.3906,0.3943,77992432.0,2025-03-11 13:00:00
1741701600000.0,0.3944,0.3974,0.3684,0.3736,126658827.0,2025-03-11 14:00:00
1741705200000.0,0.3737,0.393,0.3717,0.3887,76103571.0,2025-03-11 15:00:00
1741708800000.0,0.3887,0.3944,0.3839,0.3874,41144573.0,2025-03-11 16:00:00
1741712400000.0,0.3873,0.3888,0.3791,0.3824,37685918.0,2025-03-11 17:00:00
1741716000000.0,0.3824,0.4107,0.3823,0.4066,75588750.0,2025-03-11 18:00:00
1741719600000.0,0.4066,0.4123,0.3994,0.4039,56178125.0,2025-03-11 19:00:00
1741723200000.0,0.4038,0.4066,0.3981,0.399,26764740.0,2025-03-11 20:00:00
1741726800000.0,0.3991,0.4012,0.3915,0.3935,22708029.0,2025-03-11 21:00:00
1741730400000.0,0.3934,0.3969,0.3901,0.3943,19419781.0,2025-03-11 22:00:00
1741734000000.0,0.3942,0.3945,0.3859,0.3901,25149961.0,2025-03-11 23:00:00
1741737600000.0,0.3902,0.3916,0.3851,0.3889,22070908.0,2025-03-12 00:00:00
1741741200000.0,0.3889,0.3951,0.3868,0.3902,24697197.0,2025-03-12 01:00:00
1741744800000.0,0.3902,0.3913,0.3757,0.3774,47432790.0,2025-03-12 02:00:00
1741748400000.0,0.3774,0.3823,0.3722,0.3731,43441836.0,2025-03-12 03:00:00
1741752000000.0,0.3731,0.374,0.3657,0.3712,47780217.0,2025-03-12 04:00:00
1741755600000.0,0.3711,0.3728,0.3682,0.3687,26045013.0,2025-03-12 05:00:00
1741759200000.0,0.3688,0.3709,0.3638,0.3675,39647932.0,2025-03-12 06:00:00
1741762800000.0,0.3674,0.3749,0.3667,0.3733,54628138.0,2025-03-12 07:00:00
1741766400000.0,0.3733,0.3809,0.369,0.3768,72466034.0,2025-03-12 08:00:00
1741770000000.0,0.3768,0.3813,0.3687,0.3699,46496401.0,2025-03-12 09:00:00
1741773600000.0,0.3698,0.3716,0.3665,0.3689,28356807.0,2025-03-12 10:00:00
1741777200000.0,0.369,0.3742,0.3689,0.3741,28919419.0,2025-03-12 11:00:00
1741780800000.0,0.3741,0.3891,0.3722,0.38,97419828.0,2025-03-12 12:00:00
1741784400000.0,0.38,0.3815,0.3664,0.3689,67240135.0,2025-03-12 13:00:00
1741788000000.0,0.3689,0.3718,0.3582,0.3591,80069070.0,2025-03-12 14:00:00
1741791600000.0,0.3591,0.3626,0.3552,0.3618,72728150.0,2025-03-12 15:00:00
1741795200000.0,0.3618,0.3701,0.3595,0.365,53335646.0,2025-03-12 16:00:00
1741798800000.0,0.3651,0.3741,0.3643,0.3659,40638997.0,2025-03-12 17:00:00
1741802400000.0,0.366,0.3717,0.3649,0.3657,28991467.0,2025-03-12 18:00:00
1741806000000.0,0.3656,0.3691,0.3637,0.3667,17419528.0,2025-03-12 19:00:00
1741809600000.0,0.3666,0.3725,0.3654,0.3707,17344195.0,2025-03-12 20:00:00
1741813200000.0,0.3707,0.3757,0.3698,0.3729,19136020.0,2025-03-12 21:00:00
1741816800000.0,0.3729,0.3753,0.3706,0.3709,14241460.0,2025-03-12 22:00:00
1741820400000.0,0.371,0.3714,0.3681,0.3699,14479822.0,2025-03-12 23:00:00
1741824000000.0,0.3698,0.3716,0.3651,0.3655,25632702.0,2025-03-13 00:00:00
1741827600000.0,0.3656,0.3686,0.3609,0.3672,25474835.0,2025-03-13 01:00:00
1741831200000.0,0.3672,0.3705,0.3629,0.3634,18242140.0,2025-03-13 02:00:00
1741834800000.0,0.3635,0.3699,0.3635,0.3676,18051861.0,2025-03-13 03:00:00
1741838400000.0,0.3675,0.3719,0.361,0.3621,28424781.0,2025-03-13 04:00:00
1741842000000.0,0.3622,0.3671,0.3575,0.3581,36612083.0,2025-03-13 05:00:00
1741845600000.0,0.358,0.3603,0.3555,0.3586,28273010.0,2025-03-13 06:00:00
1741849200000.0,0.3587,0.3604,0.3562,0.3576,23930057.0,2025-03-13 07:00:00
1741852800000.0,0.3576,0.3621,0.3526,0.3583,55706554.0,2025-03-13 08:00:00
1741856400000.0,0.3584,0.3684,0.3582,0.368,35095490.0,2025-03-13 09:00:00
1741860000000.0,0.3679,0.368,0.3628,0.3659,24769812.0,2025-03-13 10:00:00
1741863600000.0,0.3659,0.3724,0.3639,0.3723,26929759.0,2025-03-13 11:00:00
1741867200000.0,0.3723,0.3749,0.3622,0.3635,57918970.0,2025-03-13 12:00:00
1741870800000.0,0.3635,0.3673,0.3513,0.3526,67506618.0,2025-03-13 13:00:00
1741874400000.0,0.3526,0.3564,0.3502,0.3548,60303758.0,2025-03-13 14:00:00
1741878000000.0,0.3548,0.356,0.3461,0.3481,69048717.0,2025-03-13 15:00:00
1741881600000.0,0.3482,0.3494,0.3377,0.3403,59525230.0,2025-03-13 16:00:00
1741885200000.0,0.3404,0.3424,0.3367,0.3397,37234693.0,2025-03-13 17:00:00
1741888800000.0,0.3396,0.3461,0.3391,0.3403,43645800.0,2025-03-13 18:00:00
1741892400000.0,0.3402,0.342,0.337,0.3374,22171248.0,2025-03-13 19:00:00
1741896000000.0,0.3374,0.3387,0.3362,0.3381,24928432.0,2025-03-13 20:00:00
1741899600000.0,0.3381,0.3406,0.3354,0.3395,26823975.0,2025-03-13 21:00:00
1741903200000.0,0.3395,0.3419,0.3368,0.3414,20839140.0,2025-03-13 22:00:00
1741906800000.0,0.3414,0.3432,0.3376,0.3391,23361651.0,2025-03-13 23:00:00
1741910400000.0,0.3391,0.3442,0.3387,0.3398,23037087.0,2025-03-14 00:00:00
1741914000000.0,0.3398,0.3408,0.3354,0.3362,38876849.0,2025-03-14 01:00:00
1741917600000.0,0.3363,0.3384,0.3357,0.3364,21798802.0,2025-03-14 02:00:00
1741921200000.0,0.3364,0.3365,0.3327,0.3345,47592176.0,2025-03-14 03:00:00
1741924800000.0,0.3345,0.3425,0.3337,0.342,26874845.0,2025-03-14 04:00:00
1741928400000.0,0.342,0.3437,0.3383,0.3414,33434931.0,2025-03-14 05:00:00
1741932000000.0,0.3414,0.3436,0.3377,0.3406,32859022.0,2025-03-14 06:00:00
1741935600000.0,0.3406,0.3433,0.3391,0.3421,28195307.0,2025-03-14 07:00:00
1741939200000.0,0.3421,0.3496,0.3415,0.346,40706362.0,2025-03-14 08:00:00
1741942800000.0,0.3461,0.35,0.3437,0.3455,30816565.0,2025-03-14 09:00:00
1741946400000.0,0.3455,0.3492,0.3429,0.3457,25577178.0,2025-03-14 10:00:00
1741950000000.0,0.3457,0.3495,0.345,0.3485,18392259.0,2025-03-14 11:00:00
1741953600000.0,0.3485,0.3511,0.3438,0.3478,33948163.0,2025-03-14 12:00:00
1741957200000.0,0.3477,0.3519,0.344,0.35,35374914.0,2025-03-14 13:00:00
1741960800000.0,0.35,0.3574,0.3455,0.3572,54395240.0,2025-03-14 14:00:00
1741964400000.0,0.3572,0.3662,0.3543,0.3546,101925922.0,2025-03-14 15:00:00
1741968000000.0,0.3546,0.3627,0.351,0.3624,79658985.0,2025-03-14 16:00:00
1741971600000.0,0.3623,0.3644,0.3535,0.3547,39442890.0,2025-03-14 17:00:00
1741975200000.0,0.3547,0.3608,0.3547,0.3591,21518774.0,2025-03-14 18:00:00
1741978800000.0,0.3592,0.3623,0.3548,0.3569,22060179.0,2025-03-14 19:00:00
1741982400000.0,0.3568,0.3574,0.3478,0.352,31538687.0,2025-03-14 20:00:00
1741986000000.0,0.3519,0.3525,0.347,0.3504,14787706.0,2025-03-14 21:00:00
1741989600000.0,0.3504,0.3559,0.3503,0.3552,15429446.0,2025-03-14 22:00:00
1741993200000.0,0.3553,0.3555,0.3485,0.3495,18378146.0,2025-03-14 23:00:00
1741996800000.0,0.3495,0.3531,0.3475,0.3525,16683947.0,2025-03-15 00:00:00
1742000400000.0,0.3524,0.3553,0.3499,0.3528,18415003.0,2025-03-15 01:00:00
1742004000000.0,0.3528,0.3569,0.3493,0.3562,17652442.0,2025-03-15 02:00:00
1742007600000.0,0.3562,0.3634,0.3558,0.3625,36074191.0,2025-03-15 03:00:00
1742011200000.0,0.3624,0.3634,0.3579,0.3616,22094616.0,2025-03-15 04:00:00
1742014800000.0,0.3616,0.3628,0.3584,0.361,18399927.0,2025-03-15 05:00:00
1742018400000.0,0.361,0.3662,0.3588,0.3638,25173933.0,2025-03-15 06:00:00
1742022000000.0,0.3639,0.364,0.3571,0.3578,26922135.0,2025-03-15 07:00:00
1742025600000.0,0.3579,0.3637,0.3555,0.363,21567293.0,2025-03-15 08:00:00
1742029200000.0,0.3631,0.371,0.3615,0.3705,38675179.0,2025-03-15 09:00:00
1742032800000.0,0.3704,0.372,0.3668,0.3674,35885982.0,2025-03-15 10:00:00
1742036400000.0,0.3674,0.3743,0.3662,0.3741,30333603.0,2025-03-15 11:00:00
1742040000000.0,0.3742,0.3797,0.3716,0.3718,50735291.0,2025-03-15 12:00:00
1742043600000.0,0.3718,0.3736,0.3666,0.3702,30984330.0,2025-03-15 13:00:00
1742047200000.0,0.3701,0.3701,0.3636,0.3636,24017213.0,2025-03-15 14:00:00
1742050800000.0,0.3637,0.3695,0.3637,0.3688,25609488.0,2025-03-15 15:00:00
1742054400000.0,0.3688,0.3717,0.3657,0.3672,32004698.0,2025-03-15 16:00:00
1742058000000.0,0.3672,0.372,0.3672,0.3694,19025309.0,2025-03-15 17:00:00
1742061600000.0,0.3694,0.3698,0.3633,0.3642,20468361.0,2025-03-15 18:00:00
1742065200000.0,0.3641,0.3684,0.3616,0.3682,18599940.0,2025-03-15 19:00:00
1742068800000.0,0.3682,0.3738,0.3678,0.372,22728733.0,2025-03-15 20:00:00
1742072400000.0,0.372,0.373,0.369,0.3717,15857022.0,2025-03-15 21:00:00
1742076000000.0,0.3716,0.3728,0.3695,0.3713,10649563.0,2025-03-15 22:00:00
1742079600000.0,0.3712,0.3726,0.3692,0.3714,9258487.0,2025-03-15 23:00:00
1742083200000.0,0.3713,0.3782,0.3698,0.3753,25172600.0,2025-03-16 00:00:00
1742086800000.0,0.3753,0.3772,0.37,0.3708,18296544.0,2025-03-16 01:00:00
1742090400000.0,0.3707,0.3769,0.3701,0.3708,21588017.0,2025-03-16 02:00:00
1742094000000.0,0.3709,0.3732,0.3702,0.3715,12759189.0,2025-03-16 03:00:00
1742097600000.0,0.3714,0.3715,0.3676,0.3698,16778721.0,2025-03-16 04:00:00
1742101200000.0,0.3698,0.3712,0.3684,0.3702,11188582.0,2025-03-16 05:00:00
1742104800000.0,0.3702,0.3733,0.3691,0.3698,10558113.0,2025-03-16 06:00:00
1742108400000.0,0.3698,0.3699,0.3662,0.3668,14959542.0,2025-03-16 07:00:00
1742112000000.0,0.3668,0.3676,0.3624,0.3645,23548647.0,2025-03-16 08:00:00
1742115600000.0,0.3645,0.3646,0.3574,0.3596,33790110.0,2025-03-16 09:00:00
1742119200000.0,0.3596,0.3602,0.3568,0.358,19171985.0,2025-03-16 10:00:00
1742122800000.0,0.3579,0.3607,0.3534,0.3538,54276383.0,2025-03-16 11:00:00
1742126400000.0,0.3538,0.3571,0.3521,0.3535,26483330.0,2025-03-16 12:00:00
1742130000000.0,0.3534,0.3568,0.3474,0.3485,29419695.0,2025-03-16 13:00:00
1742133600000.0,0.3485,0.3606,0.3485,0.3598,60669868.0,2025-03-16 14:00:00
1742137200000.0,0.3597,0.3618,0.3555,0.3592,29713633.0,2025-03-16 15:00:00
1742140800000.0,0.3593,0.3643,0.3577,0.3633,32410496.0,2025-03-16 16:00:00
1742144400000.0,0.3634,0.3696,0.3634,0.3659,29053722.0,2025-03-16 17:00:00
1742148000000.0,0.366,0.3679,0.3623,0.3645,15810874.0,2025-03-16 18:00:00
1742151600000.0,0.3645,0.3647,0.3566,0.3585,20369253.0,2025-03-16 19:00:00
1742155200000.0,0.3585,0.3616,0.3574,0.361,10893011.0,2025-03-16 20:00:00
1742158800000.0,0.361,0.3614,0.3581,0.3599,9613414.0,2025-03-16 21:00:00
1742162400000.0,0.3598,0.3606,0.354,0.3545,17140003.0,2025-03-16 22:00:00
1742166000000.0,0.3544,0.3595,0.3527,0.3582,17774291.0,2025-03-16 23:00:00
1742169600000.0,0.3582,0.3692,0.3575,0.3682,28357177.0,2025-03-17 00:00:00
1742173200000.0,0.3683,0.3715,0.3654,0.367,19523888.0,2025-03-17 01:00:00
1742176800000.0,0.367,0.3688,0.3648,0.3658,16053137.0,2025-03-17 02:00:00
1742180400000.0,0.3657,0.3686,0.3646,0.3657,10256257.0,2025-03-17 03:00:00
1742184000000.0,0.3658,0.3688,0.3642,0.3686,11243673.0,2025-03-17 04:00:00
1742187600000.0,0.3685,0.3688,0.3644,0.3654,14744956.0,2025-03-17 05:00:00
1742191200000.0,0.3654,0.3721,0.3644,0.3672,21234405.0,2025-03-17 06:00:00
1742194800000.0,0.3673,0.3738,0.3664,0.3698,27776276.0,2025-03-17 07:00:00
1742198400000.0,0.3698,0.3704,0.3643,0.369,22421479.0,2025-03-17 08:00:00
1742202000000.0,0.369,0.3704,0.3669,0.3681,16538059.0,2025-03-17 09:00:00
1742205600000.0,0.368,0.3702,0.3669,0.3678,13180755.0,2025-03-17 10:00:00
1742209200000.0,0.3679,0.3749,0.366,0.3719,25939957.0,2025-03-17 11:00:00
1742212800000.0,0.3719,0.376,0.366,0.3669,37850726.0,2025-03-17 12:00:00
1742216400000.0,0.367,0.3715,0.3657,0.3668,18555279.0,2025-03-17 13:00:00
1742220000000.0,0.3667,0.3673,0.362,0.3649,31412223.0,2025-03-17 14:00:00
1742223600000.0,0.365,0.3696,0.3622,0.3685,22035901.0,2025-03-17 15:00:00
1742227200000.0,0.3684,0.3946,0.3678,0.3752,188384477.0,2025-03-17 16:00:00
1742230800000.0,0.3752,0.385,0.3719,0.3799,65389797.0,2025-03-17 17:00:00
1742234400000.0,0.38,0.3852,0.3766,0.3844,32197343.0,2025-03-17 18:00:00
1742238000000.0,0.3844,0.3867,0.3812,0.3824,28670005.0,2025-03-17 19:00:00
1742241600000.0,0.3823,0.3834,0.3769,0.3783,28076788.0,2025-03-17 20:00:00
1742245200000.0,0.3783,0.3803,0.3751,0.3784,18705361.0,2025-03-17 21:00:00
1742248800000.0,0.3785,0.3825,0.3767,0.3789,12375687.0,2025-03-17 22:00:00
1742252400000.0,0.3788,0.3794,0.3747,0.3767,15464457.0,2025-03-17 23:00:00
1742256000000.0,0.3767,0.378,0.3724,0.3746,20915685.0,2025-03-18 00:00:00
1742259600000.0,0.3746,0.3764,0.3708,0.3759,21255200.0,2025-03-18 01:00:00
1742263200000.0,0.376,0.3848,0.3759,0.3788,33822172.0,2025-03-18 02:00:00
1742266800000.0,0.3789,0.3789,0.3677,0.3683,33488936.0,2025-03-18 03:00:00
1742270400000.0,0.3684,0.3711,0.3654,0.367,20676096.0,2025-03-18 04:00:00
1742274000000.0,0.3671,0.3737,0.3671,0.3727,14171746.0,2025-03-18 05:00:00
1742277600000.0,0.3726,0.3732,0.365,0.3664,22384025.0,2025-03-18 06:00:00
1742281200000.0,0.3664,0.3718,0.3659,0.3677,15440406.0,2025-03-18 07:00:00
1742284800000.0,0.3678,0.3687,0.3626,0.3644,29301000.0,2025-03-18 08:00:00
1742288400000.0,0.3644,0.3651,0.36,0.3619,22786475.0,2025-03-18 09:00:00
1742292000000.0,0.3619,0.3642,0.3591,0.3609,19962643.0,2025-03-18 10:00:00
1742295600000.0,0.3609,0.3613,0.3575,0.3591,14941227.0,2025-03-18 11:00:00
1742299200000.0,0.3591,0.3631,0.3567,0.3599,25571555.0,2025-03-18 12:00:00
1742302800000.0,0.3598,0.3635,0.3591,0.3601,23097967.0,2025-03-18 13:00:00
1742306400000.0,0.36,0.3626,0.3566,0.3597,20680213.0,2025-03-18 14:00:00
1742310000000.0,0.3596,0.3622,0.3568,0.3587,20000772.0,2025-03-18 15:00:00
1742313600000.0,0.3587,0.3604,0.357,0.3604,12735256.0,2025-03-18 16:00:00
1742317200000.0,0.3603,0.3622,0.3544,0.3562,21074187.0,2025-03-18 17:00:00
1742320800000.0,0.3562,0.3608,0.3551,0.3596,12434294.0,2025-03-18 18:00:00
1742324400000.0,0.3596,0.3654,0.3589,0.3654,18222505.0,2025-03-18 19:00:00
1742328000000.0,0.3653,0.3654,0.3597,0.3603,13629582.0,2025-03-18 20:00:00
1742331600000.0,0.3603,0.3615,0.3575,0.3597,13501114.0,2025-03-18 21:00:00
1742335200000.0,0.3597,0.3632,0.3594,0.3612,10494528.0,2025-03-18 22:00:00
1742338800000.0,0.3611,0.3693,0.361,0.3675,24902569.0,2025-03-18 23:00:00
1742342400000.0,0.3674,0.382,0.367,0.3815,41030511.0,2025-03-19 00:00:00
1742346000000.0,0.3814,0.3819,0.3706,0.3709,28151863.0,2025-03-19 01:00:00
1742349600000.0,0.3709,0.3784,0.3706,0.3735,22446647.0,2025-03-19 02:00:00
1742353200000.0,0.3735,0.376,0.3703,0.3744,12536821.0,2025-03-19 03:00:00
1742356800000.0,0.3744,0.3754,0.3689,0.3702,15795251.0,2025-03-19 04:00:00
1742360400000.0,0.3702,0.3718,0.3694,0.3702,7648772.0,2025-03-19 05:00:00
1742364000000.0,0.3702,0.3706,0.3663,0.3683,12677549.0,2025-03-19 06:00:00
1742367600000.0,0.3683,0.3696,0.3642,0.3654,16188752.0,2025-03-19 07:00:00
1742371200000.0,0.3653,0.3678,0.3648,0.3665,13103627.0,2025-03-19 08:00:00
1742374800000.0,0.3665,0.3705,0.3647,0.3699,20265254.0,2025-03-19 09:00:00
1742378400000.0,0.3699,0.3762,0.3683,0.3748,26687748.0,2025-03-19 10:00:00
1742382000000.0,0.3749,0.3927,0.3732,0.3913,71198446.0,2025-03-19 11:00:00
1742385600000.0,0.3912,0.3999,0.3869,0.3939,96942783.0,2025-03-19 12:00:00
1742389200000.0,0.3939,0.398,0.39,0.3915,51209352.0,2025-03-19 13:00:00
1742392800000.0,0.3916,0.3945,0.3887,0.3902,37450032.0,2025-03-19 14:00:00
1742396400000.0,0.3901,0.396,0.3876,0.3937,30981544.0,2025-03-19 15:00:00
1742400000000.0,0.3937,0.3947,0.3889,0.3904,23347485.0,2025-03-19 16:00:00
1742403600000.0,0.3905,0.391,0.3793,0.3815,38871438.0,2025-03-19 17:00:00
1742407200000.0,0.3815,0.3904,0.3779,0.3897,55827607.0,2025-03-19 18:00:00
1742410800000.0,0.3897,0.3928,0.3833,0.3883,37612073.0,2025-03-19 19:00:00
1742414400000.0,0.3883,0.3936,0.3881,0.3915,24332268.0,2025-03-19 20:00:00
1742418000000.0,0.3914,0.3936,0.3905,0.3918,11059133.0,2025-03-19 21:00:00
1742421600000.0,0.3918,0.3976,0.39,0.3931,16585799.0,2025-03-19 22:00:00
1742425200000.0,0.3931,0.397,0.3917,0.3932,12235337.0,2025-03-19 23:00:00
1742428800000.0,0.3933,0.3978,0.3879,0.3891,26294785.0,2025-03-20 00:00:00
1742432400000.0,0.389,0.3897,0.3841,0.3863,16649041.0,2025-03-20 01:00:00
1742436000000.0,0.3863,0.3871,0.384,0.3866,12151289.0,2025-03-20 02:00:00
1742439600000.0,0.3867,0.3872,0.3832,0.3852,8335066.0,2025-03-20 03:00:00
1742443200000.0,0.3852,0.3887,0.385,0.3871,8534758.0,2025-03-20 04:00:00
1742446800000.0,0.387,0.3896,0.3857,0.3883,8885879.0,2025-03-20 05:00:00
1742450400000.0,0.3881,0.3922,0.3848,0.3885,18493829.0,2025-03-20 06:00:00
1742454000000.0,0.3885,0.3892,0.3845,0.385,14921123.0,2025-03-20 07:00:00
1742457600000.0,0.3849,0.392,0.3848,0.3909,19018932.0,2025-03-20 08:00:00
1742461200000.0,0.3909,0.393,0.3894,0.3897,12908352.0,2025-03-20 09:00:00
1742464800000.0,0.3897,0.3905,0.3775,0.3825,51624079.0,2025-03-20 10:00:00
1742468400000.0,0.3826,0.3936,0.3826,0.3899,24841397.0,2025-03-20 11:00:00
1742472000000.0,0.3899,0.3909,0.3863,0.3883,14663158.0,2025-03-20 12:00:00
1742475600000.0,0.3883,0.3934,0.3867,0.3904,15808508.0,2025-03-20 13:00:00
1742479200000.0,0.3903,0.3986,0.3902,0.3942,36103866.0,2025-03-20 14:00:00
1742482800000.0,0.3943,0.3945,0.3806,0.3824,40931332.0,2025-03-20 15:00:00
1742486400000.0,0.3824,0.3863,0.3751,0.3771,40771002.0,2025-03-20 16:00:00
1742490000000.0,0.3771,0.3821,0.3735,0.3792,29555853.0,2025-03-20 17:00:00
1742493600000.0,0.3793,0.3814,0.3778,0.3791,10463125.0,2025-03-20 18:00:00
1742497200000.0,0.379,0.381,0.3777,0.3802,8494527.0,2025-03-20 19:00:00
1742500800000.0,0.3801,0.3829,0.3791,0.3812,9847957.0,2025-03-20 20:00:00
1742504400000.0,0.3811,0.3843,0.3808,0.3819,9292492.0,2025-03-20 21:00:00
1742508000000.0,0.3818,0.3843,0.38,0.3808,11274050.0,2025-03-20 22:00:00
1742511600000.0,0.3809,0.3843,0.3798,0.3835,9995140.0,2025-03-20 23:00:00
1742515200000.0,0.3836,0.3886,0.383,0.3839,20341967.0,2025-03-21 00:00:00
1742518800000.0,0.384,0.3852,0.3786,0.3804,15036106.0,2025-03-21 01:00:00
1742522400000.0,0.3803,0.3813,0.3774,0.3785,13048491.0,2025-03-21 02:00:00
1742526000000.0,0.3785,0.3789,0.3732,0.374,13162877.0,2025-03-21 03:00:00
1742529600000.0,0.374,0.3788,0.3739,0.3772,12219347.0,2025-03-21 04:00:00
1742533200000.0,0.3772,0.3772,0.3747,0.3761,9041665.0,2025-03-21 05:00:00
1742536800000.0,0.3761,0.3763,0.3707,0.3729,16001510.0,2025-03-21 06:00:00
1742540400000.0,0.3729,0.3736,0.3694,0.371,23288465.0,2025-03-21 07:00:00
1742544000000.0,0.371,0.3733,0.3679,0.3691,20773670.0,2025-03-21 08:00:00
1742547600000.0,0.3691,0.3709,0.3667,0.3678,20116140.0,2025-03-21 09:00:00
1742551200000.0,0.3678,0.3681,0.3626,0.3641,28500700.0,2025-03-21 10:00:00
1742554800000.0,0.3641,0.3658,0.3627,0.3651,14800496.0,2025-03-21 11:00:00
1742558400000.0,0.3652,0.3665,0.3613,0.362,20076328.0,2025-03-21 12:00:00
1742562000000.0,0.3619,0.3665,0.3606,0.3655,22360222.0,2025-03-21 13:00:00
1742565600000.0,0.3655,0.3666,0.3617,0.3652,17856540.0,2025-03-21 14:00:00
1742569200000.0,0.3652,0.3654,0.3574,0.3581,66877593.0,2025-03-21 15:00:00
1742572800000.0,0.3581,0.3626,0.3572,0.362,34376357.0,2025-03-21 16:00:00
1742576400000.0,0.362,0.3626,0.3596,0.3609,12226259.0,2025-03-21 17:00:00
1742580000000.0,0.3609,0.3638,0.3597,0.36,21720471.0,2025-03-21 18:00:00
1742583600000.0,0.3601,0.3613,0.3583,0.3596,11109239.0,2025-03-21 19:00:00
1742587200000.0,0.3596,0.361,0.3587,0.3605,14509511.0,2025-03-21 20:00:00
1742590800000.0,0.3605,0.3632,0.3586,0.3595,12558686.0,2025-03-21 21:00:00
1742594400000.0,0.3596,0.3597,0.352,0.3521,40287625.0,2025-03-21 22:00:00
1742598000000.0,0.352,0.3544,0.3485,0.3504,45893877.0,2025-03-21 23:00:00
1742601600000.0,0.3505,0.3539,0.3493,0.3537,21561818.0,2025-03-22 00:00:00
1742605200000.0,0.3537,0.3573,0.352,0.3534,26031219.0,2025-03-22 01:00:00
1742608800000.0,0.3534,0.3556,0.3523,0.3535,10568616.0,2025-03-22 02:00:00
1742612400000.0,0.3535,0.3538,0.351,0.3522,10839336.0,2025-03-22 03:00:00
1742616000000.0,0.3522,0.3587,0.3503,0.3567,25706992.0,2025-03-22 04:00:00
1742619600000.0,0.3567,0.3577,0.3547,0.3574,14731014.0,2025-03-22 05:00:00
1742623200000.0,0.3573,0.3619,0.3555,0.3585,25888796.0,2025-03-22 06:00:00
1742626800000.0,0.3584,0.3595,0.357,0.3575,16484945.0,2025-03-22 07:00:00
1742630400000.0,0.3575,0.3603,0.3571,0.3573,12627863.0,2025-03-22 08:00:00
1742634000000.0,0.3572,0.3631,0.3572,0.36,19711691.0,2025-03-22 09:00:00
1742637600000.0,0.3601,0.3611,0.3579,0.3594,19008558.0,2025-03-22 10:00:00
1742641200000.0,0.3594,0.3596,0.3562,0.3572,17857887.0,2025-03-22 11:00:00
1742644800000.0,0.3571,0.36,0.3559,0.3573,15889767.0,2025-03-22 12:00:00
1742648400000.0,0.3574,0.359,0.3559,0.3588,12315048.0,2025-03-22 13:00:00
1742652000000.0,0.3587,0.3588,0.3525,0.3529,21350649.0,2025-03-22 14:00:00
1742655600000.0,0.3529,0.3574,0.3522,0.3562,15384373.0,2025-03-22 15:00:00
1742659200000.0,0.3561,0.358,0.3541,0.3553,14942595.0,2025-03-22 16:00:00
1742662800000.0,0.3553,0.3564,0.3541,0.3544,10391638.0,2025-03-22 17:00:00
1742666400000.0,0.3544,0.3573,0.3544,0.3564,10693909.0,2025-03-22 18:00:00
1742670000000.0,0.3563,0.3584,0.3558,0.3578,9183200.0,2025-03-22 19:00:00
1742673600000.0,0.3577,0.3587,0.3562,0.357,8634101.0,2025-03-22 20:00:00
1742677200000.0,0.3571,0.3585,0.3547,0.3568,11454540.0,2025-03-22 21:00:00
1742680800000.0,0.3568,0.3594,0.3567,0.3581,9597946.0,2025-03-22 22:00:00
1742684400000.0,0.358,0.3589,0.3543,0.3553,11282296.0,2025-03-22 23:00:00
1742688000000.0,0.3553,0.3571,0.3532,0.355,13420026.0,2025-03-23 00:00:00
1742691600000.0,0.355,0.3578,0.3541,0.3563,9441140.0,2025-03-23 01:00:00
1742695200000.0,0.3563,0.3607,0.3552,0.3592,14111552.0,2025-03-23 02:00:00
1742698800000.0,0.3592,0.3623,0.3574,0.3623,10513613.0,2025-03-23 03:00:00
1742702400000.0,0.3622,0.3623,0.3591,0.3605,12286322.0,2025-03-23 04:00:00
1742706000000.0,0.3605,0.3617,0.3577,0.3606,9759075.0,2025-03-23 05:00:00
1742709600000.0,0.3606,0.3624,0.3582,0.3614,8871619.0,2025-03-23 06:00:00
1742713200000.0,0.3614,0.3633,0.3604,0.3607,8757351.0,2025-03-23 07:00:00
1742716800000.0,0.3607,0.3648,0.3602,0.3629,18489745.0,2025-03-23 08:00:00
1742720400000.0,0.363,0.3674,0.3629,0.3667,17020845.0,2025-03-23 09:00:00
1742724000000.0,0.3668,0.3697,0.3663,0.3675,15652627.0,2025-03-23 10:00:00
1742727600000.0,0.3676,0.3696,0.366,0.3671,18711173.0,2025-03-23 11:00:00
1742731200000.0,0.3671,0.3696,0.3649,0.3673,17672896.0,2025-03-23 12:00:00
1742734800000.0,0.3674,0.3747,0.3662,0.3738,36438865.0,2025-03-23 13:00:00
1742738400000.0,0.3739,0.3747,0.3689,0.3705,25996285.0,2025-03-23 14:00:00
1742742000000.0,0.3705,0.3738,0.3697,0.3713,16004855.0,2025-03-23 15:00:00
1742745600000.0,0.3713,0.3715,0.365,0.3653,28457208.0,2025-03-23 16:00:00
1742749200000.0,0.3652,0.3666,0.3617,0.364,25262390.0,2025-03-23 17:00:00
1742752800000.0,0.364,0.3661,0.3626,0.3657,11445059.0,2025-03-23 18:00:00
1742756400000.0,0.3656,0.3687,0.3651,0.3673,11387378.0,2025-03-23 19:00:00
1742760000000.0,0.3673,0.3689,0.3656,0.3657,6045870.0,2025-03-23 20:00:00
1742763600000.0,0.3656,0.3668,0.3637,0.3666,10417786.0,2025-03-23 21:00:00
1742767200000.0,0.3666,0.3697,0.3652,0.3665,8394428.0,2025-03-23 22:00:00
1742770800000.0,0.3665,0.3704,0.3665,0.3704,10084232.0,2025-03-23 23:00:00
1742774400000.0,0.3704,0.3816,0.3679,0.3745,38841400.0,2025-03-24 00:00:00
1742778000000.0,0.3745,0.3777,0.3673,0.3688,32770566.0,2025-03-24 01:00:00
1742781600000.0,0.3687,0.3794,0.368,0.378,17311638.0,2025-03-24 02:00:00
1742785200000.0,0.3781,0.393,0.377,0.3919,64230305.0,2025-03-24 03:00:00
1742788800000.0,0.3918,0.3963,0.3891,0.395,32967025.0,2025-03-24 04:00:00
1742792400000.0,0.395,0.3989,0.3916,0.3928,37880655.0,2025-03-24 05:00:00
1742796000000.0,0.3929,0.3958,0.3905,0.3925,27584808.0,2025-03-24 06:00:00
1742799600000.0,0.3925,0.3943,0.3872,0.3884,17752632.0,2025-03-24 07:00:00
1742803200000.0,0.3884,0.3975,0.3881,0.3954,26747883.0,2025-03-24 08:00:00
1742806800000.0,0.3954,0.4021,0.3943,0.401,34067684.0,2025-03-24 09:00:00
1742810400000.0,0.4011,0.4029,0.3962,0.4002,25798623.0,2025-03-24 10:00:00
1742814000000.0,0.4002,0.4004,0.3949,0.3962,21721105.0,2025-03-24 11:00:00
1742817600000.0,0.3963,0.3999,0.3934,0.3992,21092256.0,2025-03-24 12:00:00
1742821200000.0,0.3991,0.4076,0.3964,0.4036,35251632.0,2025-03-24 13:00:00
1742824800000.0,0.4035,0.4091,0.3994,0.4001,53257736.0,2025-03-24 14:00:00
1742828400000.0,0.4002,0.4035,0.3963,0.3996,30648613.0,2025-03-24 15:00:00
1742832000000.0,0.3997,0.4021,0.3966,0.401,31421359.0,2025-03-24 16:00:00
1742835600000.0,0.401,0.4043,0.3999,0.402,16865569.0,2025-03-24 17:00:00
1742839200000.0,0.4019,0.403,0.3983,0.4024,12169936.0,2025-03-24 18:00:00
1742842800000.0,0.4024,0.4029,0.4003,0.4013,6637026.0,2025-03-24 19:00:00
1742846400000.0,0.4012,0.4053,0.4,0.4045,13105160.0,2025-03-24 20:00:00
1742850000000.0,0.4044,0.4089,0.404,0.4087,19477782.0,2025-03-24 21:00:00
1742853600000.0,0.4087,0.4089,0.4052,0.4066,12560986.0,2025-03-24 22:00:00
1742857200000.0,0.4067,0.4098,0.4029,0.4087,20944351.0,2025-03-24 23:00:00
1742860800000.0,0.4086,0.411,0.4054,0.4077,27091639.0,2025-03-25 00:00:00
1742864400000.0,0.4078,0.4081,0.3954,0.3994,51425277.0,2025-03-25 01:00:00
1742868000000.0,0.3994,0.4005,0.3966,0.398,13912725.0,2025-03-25 02:00:00
1742871600000.0,0.3981,0.3997,0.3941,0.3959,21340414.0,2025-03-25 03:00:00
1742875200000.0,0.3958,0.3984,0.3945,0.3976,14638191.0,2025-03-25 04:00:00
1742878800000.0,0.3977,0.4004,0.3972,0.3981,12798100.0,2025-03-25 05:00:00
1742882400000.0,0.3981,0.4016,0.3974,0.4009,10800968.0,2025-03-25 06:00:00
1742886000000.0,0.4009,0.406,0.3997,0.402,23038902.0,2025-03-25 07:00:00
1742889600000.0,0.4021,0.4145,0.3995,0.4113,50259095.0,2025-03-25 08:00:00
1742893200000.0,0.4113,0.4185,0.4092,0.4153,33037804.0,2025-03-25 09:00:00
1742896800000.0,0.4154,0.4231,0.4144,0.4209,27972601.0,2025-03-25 10:00:00
1742900400000.0,0.421,0.4271,0.4184,0.4263,30094492.0,2025-03-25 11:00:00
1742904000000.0,0.4263,0.4315,0.4204,0.4258,55027594.0,2025-03-25 12:00:00
1742907600000.0,0.4259,0.4424,0.4235,0.4345,84249277.0,2025-03-25 13:00:00
1742911200000.0,0.4345,0.4352,0.425,0.4276,38958830.0,2025-03-25 14:00:00
1742914800000.0,0.4275,0.4388,0.4275,0.4337,37851209.0,2025-03-25 15:00:00
1742918400000.0,0.4337,0.436,0.4271,0.4284,30054719.0,2025-03-25 16:00:00
1742922000000.0,0.4285,0.431,0.4237,0.4248,21277575.0,2025-03-25 17:00:00
1742925600000.0,0.4248,0.4262,0.4186,0.4203,28069643.0,2025-03-25 18:00:00
1742929200000.0,0.4202,0.4232,0.4148,0.4182,25299963.0,2025-03-25 19:00:00
1742932800000.0,0.4182,0.4213,0.4157,0.4166,19081441.0,2025-03-25 20:00:00
1742936400000.0,0.4166,0.4198,0.4162,0.4181,10918554.0,2025-03-25 21:00:00
1742940000000.0,0.4181,0.4214,0.4163,0.4211,11217616.0,2025-03-25 22:00:00
1742943600000.0,0.4212,0.4249,0.4188,0.4242,16582662.0,2025-03-25 23:00:00
1742947200000.0,0.4243,0.4257,0.4188,0.4207,24206453.0,2025-03-26 00:00:00
1742950800000.0,0.4207,0.4248,0.4168,0.4226,20926715.0,2025-03-26 01:00:00
1742954400000.0,0.4226,0.4236,0.4175,0.4191,21030675.0,2025-03-26 02:00:00
1742958000000.0,0.4191,0.4201,0.413,0.4137,22323250.0,2025-03-26 03:00:00
1742961600000.0,0.4137,0.4152,0.4119,0.4147,15214078.0,2025-03-26 04:00:00
1742965200000.0,0.4147,0.4192,0.4126,0.4166,19893028.0,2025-03-26 05:00:00
1742968800000.0,0.4167,0.426,0.4164,0.4255,26623773.0,2025-03-26 06:00:00
1742972400000.0,0.4255,0.4315,0.4235,0.4299,23473838.0,2025-03-26 07:00:00
1742976000000.0,0.43,0.4307,0.4242,0.4264,20724709.0,2025-03-26 08:00:00
1742979600000.0,0.4264,0.4285,0.4209,0.4284,22714871.0,2025-03-26 09:00:00
1742983200000.0,0.4284,0.4373,0.4271,0.4335,34012941.0,2025-03-26 10:00:00
1742986800000.0,0.4334,0.4342,0.4275,0.4277,21717454.0,2025-03-26 11:00:00
1742990400000.0,0.4278,0.4323,0.4233,0.4313,32394226.0,2025-03-26 12:00:00
1742994000000.0,0.4313,0.4358,0.423,0.4243,48476584.0,2025-03-26 13:00:00
1742997600000.0,0.4242,0.4301,0.4177,0.4235,74689337.0,2025-03-26 14:00:00
1743001200000.0,0.4234,0.4257,0.4141,0.4169,48961198.0,2025-03-26 15:00:00
1743004800000.0,0.4169,0.4228,0.4158,0.4195,24174135.0,2025-03-26 16:00:00
1743008400000.0,0.4194,0.4228,0.4144,0.4155,27426892.0,2025-03-26 17:00:00
1743012000000.0,0.4155,0.4157,0.4038,0.4053,53847701.0,2025-03-26 18:00:00
1743015600000.0,0.4054,0.4094,0.4016,0.4075,31529934.0,2025-03-26 19:00:00
1743019200000.0,0.4075,0.4157,0.4072,0.4132,19491874.0,2025-03-26 20:00:00
1743022800000.0,0.4132,0.4152,0.4053,0.4102,20499112.0,2025-03-26 21:00:00
1743026400000.0,0.4102,0.4103,0.4064,0.4079,9561274.0,2025-03-26 22:00:00
1743030000000.0,0.4078,0.4096,0.4044,0.409,14896818.0,2025-03-26 23:00:00
1743033600000.0,0.409,0.4219,0.406,0.4218,27580548.0,2025-03-27 00:00:00
1743037200000.0,0.4217,0.4247,0.4201,0.423,24029460.0,2025-03-27 01:00:00
1743040800000.0,0.423,0.4357,0.422,0.433,33815615.0,2025-03-27 02:00:00
1743044400000.0,0.4331,0.4353,0.4295,0.4347,18449726.0,2025-03-27 03:00:00
1743048000000.0,0.4347,0.4348,0.4268,0.4281,15950627.0,2025-03-27 04:00:00
1743051600000.0,0.4281,0.4346,0.4267,0.4339,19142735.0,2025-03-27 05:00:00
1743055200000.0,0.4339,0.4357,0.4306,0.4327,21361029.0,2025-03-27 06:00:00
1743058800000.0,0.4326,0.4381,0.4313,0.4323,28456400.0,2025-03-27 07:00:00
1743062400000.0,0.4322,0.4341,0.4273,0.4323,25073471.0,2025-03-27 08:00:00
1743066000000.0,0.4322,0.436,0.4285,0.4313,32969737.0,2025-03-27 09:00:00
1743069600000.0,0.4313,0.4353,0.4289,0.4307,15849974.0,2025-03-27 10:00:00
1743073200000.0,0.4307,0.4326,0.4273,0.4301,18959953.0,2025-03-27 11:00:00
1743076800000.0,0.4302,0.4359,0.4261,0.4316,25364786.0,2025-03-27 12:00:00
1743080400000.0,0.4316,0.4351,0.4232,0.4303,50055904.0,2025-03-27 13:00:00
1743084000000.0,0.4303,0.4346,0.4228,0.4343,36098158.0,2025-03-27 14:00:00
1743087600000.0,0.4343,0.4345,0.4174,0.4208,39319105.0,2025-03-27 15:00:00
1743091200000.0,0.4208,0.4264,0.4197,0.4222,18450172.0,2025-03-27 16:00:00
1743094800000.0,0.4223,0.4255,0.419,0.4198,14302299.0,2025-03-27 17:00:00
1743098400000.0,0.4197,0.4455,0.4193,0.4371,65962117.0,2025-03-27 18:00:00
1743102000000.0,0.4371,0.4395,0.4275,0.4293,36203338.0,2025-03-27 19:00:00
1743105600000.0,0.4293,0.434,0.4225,0.4317,40181252.0,2025-03-27 20:00:00
1743109200000.0,0.4316,0.4355,0.4302,0.4321,10283390.0,2025-03-27 21:00:00
1743112800000.0,0.4321,0.4324,0.4301,0.4305,8708793.0,2025-03-27 22:00:00
1743116400000.0,0.4305,0.4338,0.4283,0.4294,12028164.0,2025-03-27 23:00:00
1743120000000.0,0.4294,0.4313,0.4225,0.4264,18919596.0,2025-03-28 00:00:00
1743123600000.0,0.4265,0.429,0.4201,0.4239,24465580.0,2025-03-28 01:00:00
1743127200000.0,0.424,0.4257,0.4203,0.4213,11426663.0,2025-03-28 02:00:00
1743130800000.0,0.4214,0.4215,0.4146,0.4154,18975183.0,2025-03-28 03:00:00
1743134400000.0,0.4155,0.4172,0.4072,0.4108,36706241.0,2025-03-28 04:00:00
1743138000000.0,0.4109,0.4111,0.3988,0.4,30331482.0,2025-03-28 05:00:00
1743141600000.0,0.3999,0.4045,0.396,0.3961,29231465.0,2025-03-28 06:00:00
1743145200000.0,0.3961,0.3988,0.3918,0.3932,33477858.0,2025-03-28 07:00:00
1743148800000.0,0.3933,0.3964,0.3885,0.3919,29754835.0,2025-03-28 08:00:00
1743152400000.0,0.392,0.393,0.3891,0.39,20298283.0,2025-03-28 09:00:00
1743156000000.0,0.39,0.3917,0.3876,0.3891,17152591.0,2025-03-28 10:00:00
1743159600000.0,0.389,0.3938,0.3852,0.3895,51427886.0,2025-03-28 11:00:00
1743163200000.0,0.3895,0.3922,0.3853,0.387,29548790.0,2025-03-28 12:00:00
1743166800000.0,0.387,0.3909,0.3834,0.3836,27707770.0,2025-03-28 13:00:00
1743170400000.0,0.3836,0.3871,0.3812,0.3867,31645163.0,2025-03-28 14:00:00
1743174000000.0,0.3866,0.39,0.3841,0.3885,19699773.0,2025-03-28 15:00:00
1743177600000.0,0.3886,0.3918,0.3851,0.3858,23657076.0,2025-03-28 16:00:00
1743181200000.0,0.3857,0.3889,0.383,0.3884,26486794.0,2025-03-28 17:00:00
1743184800000.0,0.3883,0.3895,0.3837,0.3865,15826139.0,2025-03-28 18:00:00
1743188400000.0,0.3864,0.3883,0.3832,0.3851,11119652.0,2025-03-28 19:00:00
1743192000000.0,0.3851,0.3886,0.382,0.3834,14690793.0,2025-03-28 20:00:00
1743195600000.0,0.3833,0.3883,0.3817,0.3837,12850667.0,2025-03-28 21:00:00
1743199200000.0,0.3836,0.3892,0.3833,0.3888,9259422.0,2025-03-28 22:00:00
1743202800000.0,0.3887,0.3887,0.3848,0.3853,8440376.0,2025-03-28 23:00:00
1743206400000.0,0.3853,0.3886,0.3847,0.3867,10367299.0,2025-03-29 00:00:00
1743210000000.0,0.3868,0.3908,0.3853,0.3894,11896790.0,2025-03-29 01:00:00
1743213600000.0,0.3894,0.3922,0.3841,0.3851,16889299.0,2025-03-29 02:00:00
1743217200000.0,0.3849,0.3944,0.3825,0.3931,19577501.0,2025-03-29 03:00:00
1743220800000.0,0.3932,0.3945,0.386,0.3867,12283304.0,2025-03-29 04:00:00
1743224400000.0,0.3866,0.3879,0.3834,0.385,12372468.0,2025-03-29 05:00:00
1743228000000.0,0.385,0.3852,0.3775,0.3804,32068428.0,2025-03-29 06:00:00
1743231600000.0,0.3804,0.3818,0.375,0.3772,24587746.0,2025-03-29 07:00:00
1743235200000.0,0.3771,0.3789,0.3745,0.3758,15120592.0,2025-03-29 08:00:00
1743238800000.0,0.3758,0.3775,0.3703,0.374,21648547.0,2025-03-29 09:00:00
1743242400000.0,0.374,0.3745,0.371,0.3718,12036761.0,2025-03-29 10:00:00
1743246000000.0,0.3718,0.3739,0.3675,0.3716,37535754.0,2025-03-29 11:00:00
1743249600000.0,0.3716,0.3759,0.3702,0.3754,16233655.0,2025-03-29 12:00:00
1743253200000.0,0.3753,0.3811,0.3746,0.3787,26970313.0,2025-03-29 13:00:00
1743256800000.0,0.3787,0.3793,0.3732,0.3733,14254018.0,2025-03-29 14:00:00
1743260400000.0,0.3733,0.3748,0.3712,0.3731,9968285.0,2025-03-29 15:00:00
1743264000000.0,0.3731,0.3743,0.3687,0.3695,15019408.0,2025-03-29 16:00:00
1743267600000.0,0.3695,0.3732,0.3651,0.3673,30917734.0,2025-03-29 17:00:00
1743271200000.0,0.3673,0.3719,0.3669,0.3684,16539410.0,2025-03-29 18:00:00
1743274800000.0,0.3684,0.3707,0.3662,0.3707,7651135.0,2025-03-29 19:00:00
1743278400000.0,0.3707,0.3711,0.364,0.3653,24067037.0,2025-03-29 20:00:00
1743282000000.0,0.3653,0.3683,0.3652,0.3665,7264136.0,2025-03-29 21:00:00
1743285600000.0,0.3666,0.3674,0.3642,0.3653,6218957.0,2025-03-29 22:00:00
1743289200000.0,0.3653,0.3653,0.3602,0.364,19472967.0,2025-03-29 23:00:00
1743292800000.0,0.364,0.3642,0.3577,0.3637,24125295.0,2025-03-30 00:00:00
1743296400000.0,0.3636,0.3679,0.3622,0.3622,14553101.0,2025-03-30 01:00:00
1743300000000.0,0.3623,0.3678,0.3623,0.3645,9825450.0,2025-03-30 02:00:00
1743303600000.0,0.3645,0.3679,0.3614,0.3621,16088256.0,2025-03-30 03:00:00
1743307200000.0,0.3622,0.3665,0.3621,0.3651,11261707.0,2025-03-30 04:00:00
1743310800000.0,0.3651,0.3654,0.3606,0.3612,9860561.0,2025-03-30 05:00:00
1743314400000.0,0.3613,0.3643,0.3582,0.361,14270147.0,2025-03-30 06:00:00
1743318000000.0,0.3611,0.3617,0.3587,0.3604,10812473.0,2025-03-30 07:00:00
1743321600000.0,0.3603,0.3656,0.3602,0.3645,13277222.0,2025-03-30 08:00:00
1743325200000.0,0.3645,0.3654,0.3625,0.3628,11375655.0,2025-03-30 09:00:00
1743328800000.0,0.3628,0.3658,0.362,0.3648,28949814.0,2025-03-30 10:00:00
1743332400000.0,0.3648,0.3704,0.3643,0.37,22406650.0,2025-03-30 11:00:00
1743336000000.0,0.3701,0.3748,0.3685,0.3729,28971351.0,2025-03-30 12:00:00
1743339600000.0,0.373,0.3756,0.3655,0.3656,54311431.0,2025-03-30 13:00:00
1743343200000.0,0.3656,0.3699,0.3641,0.3691,28925403.0,2025-03-30 14:00:00
1743346800000.0,0.3691,0.3716,0.3661,0.3689,11898784.0,2025-03-30 15:00:00
1743350400000.0,0.3689,0.3713,0.365,0.3658,16601609.0,2025-03-30 16:00:00
1743354000000.0,0.3657,0.3703,0.363,0.3695,16112278.0,2025-03-30 17:00:00
1743357600000.0,0.3695,0.3757,0.3692,0.3746,11641671.0,2025-03-30 18:00:00
1743361200000.0,0.3747,0.3782,0.3715,0.3719,16962881.0,2025-03-30 19:00:00
1743364800000.0,0.3719,0.3735,0.3701,0.3706,6367683.0,2025-03-30 20:00:00
1743368400000.0,0.3706,0.3736,0.3666,0.3683,8387715.0,2025-03-30 21:00:00
1743372000000.0,0.3682,0.3735,0.3633,0.371,20399092.0,2025-03-30 22:00:00
1743375600000.0,0.3709,0.3711,0.3662,0.3696,17511160.0,2025-03-30 23:00:00
1743379200000.0,0.3697,0.3718,0.3623,0.3653,18056674.0,2025-03-31 00:00:00
1743382800000.0,0.3654,0.3746,0.3635,0.3701,20398920.0,2025-03-31 01:00:00
1743386400000.0,0.3701,0.3706,0.3627,0.3628,20147545.0,2025-03-31 02:00:00
1743390000000.0,0.3628,0.365,0.3524,0.3532,46111526.0,2025-03-31 03:00:00
1743393600000.0,0.3533,0.3588,0.3507,0.3577,28570699.0,2025-03-31 04:00:00
1743397200000.0,0.3577,0.363,0.3577,0.3592,15434549.0,2025-03-31 05:00:00
1743400800000.0,0.3593,0.3605,0.3515,0.354,20509853.0,2025-03-31 06:00:00
1743404400000.0,0.354,0.3555,0.348,0.3509,27843029.0,2025-03-31 07:00:00
1743408000000.0,0.3509,0.3544,0.35,0.3505,16836072.0,2025-03-31 08:00:00
1743411600000.0,0.3505,0.3516,0.3442,0.3475,39375508.0,2025-03-31 09:00:00
1743415200000.0,0.3475,0.354,0.3434,0.3535,43856555.0,2025-03-31 10:00:00
1743418800000.0,0.3536,0.3538,0.3466,0.3511,16930763.0,2025-03-31 11:00:00
1743422400000.0,0.351,0.357,0.348,0.3551,17387291.0,2025-03-31 12:00:00
1743426000000.0,0.3552,0.3557,0.3418,0.348,56384457.0,2025-03-31 13:00:00
1743429600000.0,0.3481,0.36,0.3481,0.3566,79575495.0,2025-03-31 14:00:00
1743433200000.0,0.3566,0.3628,0.3566,0.3581,32756426.0,2025-03-31 15:00:00
1743436800000.0,0.3581,0.36,0.3508,0.3526,39725996.0,2025-03-31 16:00:00
1743440400000.0,0.3525,0.3568,0.3471,0.3494,43674941.0,2025-03-31 17:00:00
1743444000000.0,0.3495,0.359,0.3495,0.3563,25508963.0,2025-03-31 18:00:00
1743447600000.0,0.3563,0.358,0.3501,0.3514,19618370.0,2025-03-31 19:00:00
1743451200000.0,0.3515,0.3531,0.3488,0.3493,10833292.0,2025-03-31 20:00:00
1743454800000.0,0.3492,0.352,0.3492,0.3494,6796263.0,2025-03-31 21:00:00
1743458400000.0,0.3494,0.35,0.3463,0.3489,10679751.0,2025-03-31 22:00:00
1743462000000.0,0.3488,0.3496,0.3422,0.3436,20382700.0,2025-03-31 23:00:00
1743465600000.0,0.3436,0.3477,0.3421,0.3453,21741664.0,2025-04-01 00:00:00
1743469200000.0,0.3452,0.3464,0.342,0.3429,13380803.0,2025-04-01 01:00:00
1743472800000.0,0.3428,0.3509,0.3426,0.3505,25578263.0,2025-04-01 02:00:00
1743476400000.0,0.3506,0.3537,0.3472,0.348,15036747.0,2025-04-01 03:00:00
1743480000000.0,0.3481,0.3515,0.3458,0.3495,14875361.0,2025-04-01 04:00:00
1743483600000.0,0.3496,0.3528,0.3472,0.3475,19701854.0,2025-04-01 05:00:00
1743487200000.0,0.3475,0.3524,0.3457,0.3497,20104742.0,2025-04-01 06:00:00
1743490800000.0,0.3498,0.3526,0.3463,0.3489,35426828.0,2025-04-01 07:00:00
1743494400000.0,0.349,0.3607,0.3488,0.3583,56859906.0,2025-04-01 08:00:00
1743498000000.0,0.3583,0.3631,0.3583,0.363,34964858.0,2025-04-01 09:00:00
1743501600000.0,0.363,0.3635,0.3548,0.3555,32176294.0,2025-04-01 10:00:00
1743505200000.0,0.3555,0.3562,0.3506,0.354,27880343.0,2025-04-01 11:00:00
1743508800000.0,0.354,0.358,0.3523,0.3561,21161243.0,2025-04-01 12:00:00
1743512400000.0,0.3562,0.3588,0.3528,0.3572,20894633.0,2025-04-01 13:00:00
1743516000000.0,0.3572,0.363,0.3492,0.3622,43370004.0,2025-04-01 14:00:00
1743519600000.0,0.3622,0.3737,0.3604,0.3704,78970552.0,2025-04-01 15:00:00
1743523200000.0,0.3705,0.3728,0.3642,0.3673,33256620.0,2025-04-01 16:00:00
1743526800000.0,0.3673,0.3723,0.366,0.3696,21962327.0,2025-04-01 17:00:00
1743530400000.0,0.3695,0.3709,0.3636,0.3706,28056908.0,2025-04-01 18:00:00
1743534000000.0,0.3706,0.3716,0.3681,0.3696,13844174.0,2025-04-01 19:00:00
1743537600000.0,0.3696,0.3715,0.3665,0.3706,12478942.0,2025-04-01 20:00:00
1743541200000.0,0.3707,0.3745,0.3675,0.3689,18095550.0,2025-04-01 21:00:00
1743544800000.0,0.369,0.3734,0.3687,0.3702,9191298.0,2025-04-01 22:00:00
1743548400000.0,0.3702,0.3738,0.3661,0.369,16397835.0,2025-04-01 23:00:00
1743552000000.0,0.3689,0.3705,0.3632,0.3644,17944861.0,2025-04-02 00:00:00
1743555600000.0,0.3644,0.3659,0.361,0.364,19554435.0,2025-04-02 01:00:00
1743559200000.0,0.3639,0.3648,0.358,0.3601,23251810.0,2025-04-02 02:00:00
1743562800000.0,0.3601,0.3657,0.3599,0.3621,13458390.0,2025-04-02 03:00:00
1743566400000.0,0.3621,0.3645,0.3582,0.3599,12881125.0,2025-04-02 04:00:00
1743570000000.0,0.36,0.36,0.3507,0.352,41374031.0,2025-04-02 05:00:00
1743573600000.0,0.3519,0.3591,0.3514,0.3525,23344284.0,2025-04-02 06:00:00
1743577200000.0,0.3525,0.3546,0.3499,0.3525,23855839.0,2025-04-02 07:00:00
1743580800000.0,0.3525,0.3568,0.3504,0.3543,20369804.0,2025-04-02 08:00:00
1743584400000.0,0.3544,0.3622,0.3541,0.3576,37386538.0,2025-04-02 09:00:00
1743588000000.0,0.3576,0.3607,0.3546,0.3558,18530374.0,2025-04-02 10:00:00
1743591600000.0,0.3559,0.3582,0.3533,0.3537,13382795.0,2025-04-02 11:00:00
1743595200000.0,0.3538,0.3561,0.352,0.356,16457345.0,2025-04-02 12:00:00
1743598800000.0,0.3559,0.363,0.3509,0.3574,40098023.0,2025-04-02 13:00:00
1743602400000.0,0.3573,0.3615,0.3551,0.3581,26953336.0,2025-04-02 14:00:00
1743606000000.0,0.3581,0.378,0.3574,0.3714,115581075.0,2025-04-02 15:00:00
1743609600000.0,0.3714,0.3764,0.3691,0.3707,57887960.0,2025-04-02 16:00:00
1743613200000.0,0.3706,0.3718,0.3581,0.3601,45691976.0,2025-04-02 17:00:00
1743616800000.0,0.36,0.3634,0.3586,0.3615,39272377.0,2025-04-02 18:00:00
1743620400000.0,0.3616,0.3659,0.3587,0.3656,20600187.0,2025-04-02 19:00:00
1743624000000.0,0.3656,0.3847,0.3562,0.3666,127251860.0,2025-04-02 20:00:00
1743627600000.0,0.3666,0.3681,0.3527,0.356,60214391.0,2025-04-02 21:00:00
1743631200000.0,0.356,0.356,0.3363,0.3369,56749207.0,2025-04-02 22:00:00
1743634800000.0,0.3368,0.3385,0.3296,0.3306,48167908.0,2025-04-02 23:00:00
1743638400000.0,0.3306,0.3443,0.3287,0.3418,68575489.0,2025-04-03 00:00:00
1743642000000.0,0.3418,0.3423,0.3349,0.3362,34967454.0,2025-04-03 01:00:00
1743645600000.0,0.3361,0.3407,0.3355,0.3402,22450234.0,2025-04-03 02:00:00
1743649200000.0,0.3403,0.3404,0.3337,0.336,19655755.0,2025-04-03 03:00:00
1743652800000.0,0.336,0.3385,0.334,0.3359,21504256.0,2025-04-03 04:00:00
1743656400000.0,0.3358,0.337,0.33,0.3303,35694858.0,2025-04-03 05:00:00
1743660000000.0,0.3304,0.3325,0.3223,0.3234,71412885.0,2025-04-03 06:00:00
1743663600000.0,0.3235,0.3237,0.3171,0.3201,67905221.0,2025-04-03 07:00:00
1743667200000.0,0.3201,0.3241,0.3193,0.3225,28701507.0,2025-04-03 08:00:00
1743670800000.0,0.3225,0.3228,0.3171,0.3174,31787155.0,2025-04-03 09:00:00
1743674400000.0,0.3174,0.3202,0.308,0.3091,70978039.0,2025-04-03 10:00:00
1743678000000.0,0.3091,0.3099,0.3046,0.3071,61519088.0,2025-04-03 11:00:00
1743681600000.0,0.3071,0.3093,0.2991,0.301,77137688.0,2025-04-03 12:00:00
1743685200000.0,0.301,0.3092,0.3005,0.3079,57609692.0,2025-04-03 13:00:00
1743688800000.0,0.3079,0.3079,0.3008,0.3022,43059692.0,2025-04-03 14:00:00
1743692400000.0,0.3021,0.308,0.3019,0.3058,37900827.0,2025-04-03 15:00:00
1743696000000.0,0.3057,0.3105,0.3051,0.3057,34249235.0,2025-04-03 16:00:00
1743699600000.0,0.3058,0.3088,0.3046,0.3073,23168368.0,2025-04-03 17:00:00
1743703200000.0,0.3074,0.3136,0.3052,0.3107,32878425.0,2025-04-03 18:00:00
1743706800000.0,0.3106,0.3122,0.3065,0.3081,25881887.0,2025-04-03 19:00:00
1743710400000.0,0.3081,0.3142,0.3058,0.312,26019622.0,2025-04-03 20:00:00
1743714000000.0,0.312,0.3183,0.3111,0.3171,29109511.0,2025-04-03 21:00:00
1743717600000.0,0.3171,0.3176,0.3113,0.3122,25865231.0,2025-04-03 22:00:00
1743721200000.0,0.3122,0.315,0.3103,0.3144,14587277.0,2025-04-03 23:00:00
1743724800000.0,0.3144,0.3172,0.3123,0.3137,19322592.0,2025-04-04 00:00:00
1743728400000.0,0.3137,0.3159,0.3092,0.3105,21814851.0,2025-04-04 01:00:00
1743732000000.0,0.3105,0.3158,0.3105,0.3135,25214507.0,2025-04-04 02:00:00
1743735600000.0,0.3135,0.3143,0.3107,0.3135,16560020.0,2025-04-04 03:00:00
1743739200000.0,0.3136,0.3147,0.311,0.3123,12851433.0,2025-04-04 04:00:00
1743742800000.0,0.3123,0.3177,0.3094,0.3158,26906370.0,2025-04-04 05:00:00
1743746400000.0,0.3157,0.3168,0.3143,0.315,11880671.0,2025-04-04 06:00:00
1743750000000.0,0.315,0.32,0.315,0.3181,26159643.0,2025-04-04 07:00:00
1743753600000.0,0.318,0.3216,0.3171,0.318,28069013.0,2025-04-04 08:00:00
1743757200000.0,0.3181,0.3186,0.3145,0.3148,30007754.0,2025-04-04 09:00:00
1743760800000.0,0.3149,0.3155,0.3,0.3009,103944292.0,2025-04-04 10:00:00
1743764400000.0,0.3008,0.3023,0.2914,0.2952,121498592.0,2025-04-04 11:00:00
1743768000000.0,0.2951,0.2996,0.2906,0.2989,76828246.0,2025-04-04 12:00:00
1743771600000.0,0.2989,0.3018,0.2935,0.3003,56000006.0,2025-04-04 13:00:00
1743775200000.0,0.3003,0.3016,0.2924,0.2982,80103932.0,2025-04-04 14:00:00
1743778800000.0,0.2981,0.3093,0.2979,0.3053,95925156.0,2025-04-04 15:00:00
1743782400000.0,0.3053,0.3099,0.3024,0.3085,33899496.0,2025-04-04 16:00:00
1743786000000.0,0.3084,0.316,0.3057,0.3153,63492819.0,2025-04-04 17:00:00
1743789600000.0,0.3153,0.316,0.3074,0.3078,32118728.0,2025-04-04 18:00:00
1743793200000.0,0.3078,0.312,0.3067,0.3113,21040962.0,2025-04-04 19:00:00
1743796800000.0,0.3113,0.3162,0.3085,0.3155,21673410.0,2025-04-04 20:00:00
1743800400000.0,0.3154,0.3176,0.3122,0.3152,17357132.0,2025-04-04 21:00:00
1743804000000.0,0.3153,0.3198,0.3145,0.318,20360782.0,2025-04-04 22:00:00
1743807600000.0,0.3181,0.3185,0.3146,0.3183,18107215.0,2025-04-04 23:00:00
1743811200000.0,0.3184,0.325,0.318,0.3229,27510058.0,2025-04-05 00:00:00
1743814800000.0,0.323,0.3275,0.3205,0.3253,23974016.0,2025-04-05 01:00:00
1743818400000.0,0.3254,0.3259,0.3212,0.3219,15392627.0,2025-04-05 02:00:00
1743822000000.0,0.3219,0.3254,0.3206,0.3254,11559325.0,2025-04-05 03:00:00
1743825600000.0,0.3254,0.3257,0.3225,0.3251,19729450.0,2025-04-05 04:00:00
1743829200000.0,0.3251,0.3268,0.322,0.3226,16574238.0,2025-04-05 05:00:00
1743832800000.0,0.3226,0.3233,0.3183,0.32,22799360.0,2025-04-05 06:00:00
1743836400000.0,0.32,0.3223,0.3188,0.3219,11158695.0,2025-04-05 07:00:00
1743840000000.0,0.322,0.3246,0.3197,0.3242,28277907.0,2025-04-05 08:00:00
1743843600000.0,0.3243,0.3313,0.3241,0.3304,29958603.0,2025-04-05 09:00:00
1743847200000.0,0.3305,0.3327,0.3282,0.3311,31474563.0,2025-04-05 10:00:00
1743850800000.0,0.3311,0.3313,0.3254,0.3261,25325226.0,2025-04-05 11:00:00
1743854400000.0,0.3261,0.3285,0.3215,0.3232,35601651.0,2025-04-05 12:00:00
1743858000000.0,0.3233,0.3236,0.3166,0.3195,52558272.0,2025-04-05 13:00:00
1743861600000.0,0.3195,0.3226,0.3177,0.3216,39999259.0,2025-04-05 14:00:00
1743865200000.0,0.3217,0.3219,0.3151,0.3166,33338865.0,2025-04-05 15:00:00
1743868800000.0,0.3167,0.3188,0.316,0.3183,13226362.0,2025-04-05 16:00:00
1743872400000.0,0.3183,0.3193,0.3155,0.3182,14876950.0,2025-04-05 17:00:00
1743876000000.0,0.3182,0.3196,0.3166,0.3189,12186544.0,2025-04-05 18:00:00
1743879600000.0,0.3189,0.3196,0.316,0.3176,11898768.0,2025-04-05 19:00:00
1743883200000.0,0.3176,0.3219,0.3168,0.3199,15555109.0,2025-04-05 20:00:00
1743886800000.0,0.3199,0.3202,0.3163,0.3168,10258586.0,2025-04-05 21:00:00
1743890400000.0,0.3168,0.3196,0.3168,0.3189,5922853.0,2025-04-05 22:00:00
1743894000000.0,0.3188,0.3203,0.3172,0.3197,11816674.0,2025-04-05 23:00:00
1743897600000.0,0.3198,0.3201,0.3159,0.3163,18983725.0,2025-04-06 00:00:00
1743901200000.0,0.3163,0.3186,0.3133,0.3146,15333073.0,2025-04-06 01:00:00
1743904800000.0,0.3146,0.3166,0.3135,0.3153,15142114.0,2025-04-06 02:00:00
1743908400000.0,0.3153,0.3164,0.3135,0.3158,11540737.0,2025-04-06 03:00:00
1743912000000.0,0.3158,0.3159,0.3135,0.3159,5642812.0,2025-04-06 04:00:00
1743915600000.0,0.3158,0.3187,0.3156,0.3174,11918059.0,2025-04-06 05:00:00
1743919200000.0,0.3174,0.3178,0.3125,0.3126,11511678.0,2025-04-06 06:00:00
1743922800000.0,0.3126,0.3138,0.3106,0.3108,16632415.0,2025-04-06 07:00:00
1743926400000.0,0.3108,0.3124,0.3078,0.3116,24093054.0,2025-04-06 08:00:00
1743930000000.0,0.3117,0.3126,0.3086,0.309,11471728.0,2025-04-06 09:00:00
1743933600000.0,0.309,0.3102,0.3064,0.3074,14017943.0,2025-04-06 10:00:00
1743937200000.0,0.3074,0.3074,0.3053,0.3067,12962812.0,2025-04-06 11:00:00
1743940800000.0,0.3066,0.3082,0.3029,0.3032,18739636.0,2025-04-06 12:00:00
1743944400000.0,0.3032,0.3046,0.2907,0.293,75386008.0,2025-04-06 13:00:00
1743948000000.0,0.293,0.2968,0.2902,0.2967,56051291.0,2025-04-06 14:00:00
1743951600000.0,0.2967,0.2981,0.2919,0.2922,36594425.0,2025-04-06 15:00:00
1743955200000.0,0.2922,0.2933,0.2853,0.2868,63197896.0,2025-04-06 16:00:00
1743958800000.0,0.2867,0.2883,0.2809,0.2875,95299738.0,2025-04-06 17:00:00
1743962400000.0,0.2875,0.2879,0.28,0.2803,83264125.0,2025-04-06 18:00:00
1743966000000.0,0.2804,0.2843,0.2776,0.2825,50101050.0,2025-04-06 19:00:00
1743969600000.0,0.2825,0.2835,0.2716,0.272,62491756.0,2025-04-06 20:00:00
1743973200000.0,0.2721,0.2769,0.2716,0.2736,26938716.0,2025-04-06 21:00:00
1743976800000.0,0.2735,0.2791,0.2708,0.2749,51840190.0,2025-04-06 22:00:00
1743980400000.0,0.2748,0.2798,0.2707,0.2761,51681360.0,2025-04-06 23:00:00
1743984000000.0,0.2761,0.2768,0.2712,0.2737,33328095.0,2025-04-07 00:00:00
1743987600000.0,0.2738,0.2817,0.2734,0.2781,38437677.0,2025-04-07 01:00:00
1743991200000.0,0.278,0.2794,0.2738,0.2756,24017530.0,2025-04-07 02:00:00
1743994800000.0,0.2756,0.2764,0.2613,0.2659,70498937.0,2025-04-07 03:00:00
1743998400000.0,0.2659,0.2722,0.2649,0.2688,29885345.0,2025-04-07 04:00:00
1744002000000.0,0.2689,0.2752,0.2665,0.2712,63587975.0,2025-04-07 05:00:00
1744005600000.0,0.2711,0.2727,0.2496,0.2596,143803768.0,2025-04-07 06:00:00
1744009200000.0,0.2597,0.2731,0.2595,0.2642,96101085.0,2025-04-07 07:00:00
1744012800000.0,0.2641,0.2734,0.2633,0.2716,66102907.0,2025-04-07 08:00:00
1744016400000.0,0.2716,0.2744,0.2684,0.2697,45055265.0,2025-04-07 09:00:00
1744020000000.0,0.2697,0.2771,0.2697,0.2736,35075409.0,2025-04-07 10:00:00
1744023600000.0,0.2736,0.2776,0.2695,0.2712,34475632.0,2025-04-07 11:00:00
1744027200000.0,0.2712,0.2822,0.2712,0.2806,55775325.0,2025-04-07 12:00:00
1744030800000.0,0.2806,0.292,0.2735,0.2898,88643277.0,2025-04-07 13:00:00
1744034400000.0,0.2898,0.3059,0.288,0.2946,180789024.0,2025-04-07 14:00:00
1744038000000.0,0.2946,0.2967,0.2864,0.2902,57140643.0,2025-04-07 15:00:00
1744041600000.0,0.2901,0.2907,0.2834,0.2846,41540174.0,2025-04-07 16:00:00
1744045200000.0,0.2846,0.2941,0.2846,0.2902,38844856.0,2025-04-07 17:00:00
1744048800000.0,0.2903,0.2917,0.2874,0.2879,20336964.0,2025-04-07 18:00:00
1744052400000.0,0.2879,0.2907,0.2866,0.2878,20452625.0,2025-04-07 19:00:00
1744056000000.0,0.2878,0.2958,0.2878,0.294,15817930.0,2025-04-07 20:00:00
1744059600000.0,0.2939,0.2942,0.2905,0.2931,11398523.0,2025-04-07 21:00:00
1744063200000.0,0.2931,0.2962,0.292,0.2946,18919644.0,2025-04-07 22:00:00
1744066800000.0,0.2946,0.2952,0.2904,0.2922,15839330.0,2025-04-07 23:00:00
1744070400000.0,0.2921,0.2927,0.2874,0.2881,19289123.0,2025-04-08 00:00:00
1744074000000.0,0.288,0.2996,0.2872,0.2992,21010246.0,2025-04-08 01:00:00
1744077600000.0,0.2992,0.3025,0.2972,0.2978,27739359.0,2025-04-08 02:00:00
1744081200000.0,0.2978,0.2991,0.2946,0.2958,15979637.0,2025-04-08 03:00:00
1744084800000.0,0.2958,0.2992,0.2943,0.2991,29964615.0,2025-04-08 04:00:00
1744088400000.0,0.299,0.2997,0.2946,0.298,79312814.0,2025-04-08 05:00:00
1744092000000.0,0.298,0.2981,0.2932,0.2936,22646184.0,2025-04-08 06:00:00
1744095600000.0,0.2934,0.2964,0.2917,0.2957,16365371.0,2025-04-08 07:00:00
1744099200000.0,0.2956,0.2958,0.2919,0.2956,16617798.0,2025-04-08 08:00:00
1744102800000.0,0.2955,0.298,0.2937,0.2944,16431322.0,2025-04-08 09:00:00
1744106400000.0,0.2944,0.2977,0.2936,0.296,25643826.0,2025-04-08 10:00:00
1744110000000.0,0.2961,0.3055,0.2959,0.3052,33736924.0,2025-04-08 11:00:00
1744113600000.0,0.3051,0.3059,0.3015,0.3036,31494821.0,2025-04-08 12:00:00
1744117200000.0,0.3035,0.3082,0.3019,0.3044,49021644.0,2025-04-08 13:00:00
1744120800000.0,0.3043,0.3067,0.2971,0.2974,45004313.0,2025-04-08 14:00:00
1744124400000.0,0.2975,0.2993,0.2934,0.2958,38754724.0,2025-04-08 15:00:00
1744128000000.0,0.2958,0.2958,0.2861,0.2876,43265329.0,2025-04-08 16:00:00
1744131600000.0,0.2877,0.2885,0.2817,0.2855,44770760.0,2025-04-08 17:00:00
1744135200000.0,0.2856,0.2869,0.2812,0.2818,32464541.0,2025-04-08 18:00:00
1744138800000.0,0.2819,0.2834,0.2763,0.2784,36818483.0,2025-04-08 19:00:00
1744142400000.0,0.2785,0.2819,0.2765,0.2799,19648161.0,2025-04-08 20:00:00
1744146000000.0,0.28,0.2807,0.2736,0.278,16520650.0,2025-04-08 21:00:00
1744149600000.0,0.2779,0.278,0.273,0.2758,25374390.0,2025-04-08 22:00:00
1744153200000.0,0.2759,0.2761,0.2734,0.2753,14235025.0,2025-04-08 23:00:00
1744156800000.0,0.2753,0.2791,0.2737,0.2743,21054112.0,2025-04-09 00:00:00
1744160400000.0,0.2744,0.2755,0.2625,0.2723,79309592.0,2025-04-09 01:00:00
1744164000000.0,0.2724,0.2752,0.2691,0.2699,30258966.0,2025-04-09 02:00:00
1744167600000.0,0.2699,0.2723,0.2661,0.2681,36684213.0,2025-04-09 03:00:00
1744171200000.0,0.268,0.2759,0.2671,0.2737,29308329.0,2025-04-09 04:00:00
1744174800000.0,0.2737,0.2796,0.2735,0.2768,27618020.0,2025-04-09 05:00:00
1744178400000.0,0.2767,0.2854,0.2763,0.2844,33385836.0,2025-04-09 06:00:00
1744182000000.0,0.2844,0.2908,0.2837,0.2892,72290337.0,2025-04-09 07:00:00
1744185600000.0,0.2892,0.2904,0.2865,0.2893,25479259.0,2025-04-09 08:00:00
1744189200000.0,0.2893,0.2914,0.2855,0.2869,31580150.0,2025-04-09 09:00:00
1744192800000.0,0.287,0.2913,0.2851,0.2897,30619471.0,2025-04-09 10:00:00
1744196400000.0,0.2897,0.2902,0.2796,0.2822,71795551.0,2025-04-09 11:00:00
1744200000000.0,0.2823,0.2847,0.2775,0.2823,32457941.0,2025-04-09 12:00:00
1744203600000.0,0.2823,0.2905,0.2805,0.2883,54651891.0,2025-04-09 13:00:00
1744207200000.0,0.2883,0.2917,0.2822,0.2825,41542032.0,2025-04-09 14:00:00
1744210800000.0,0.2825,0.2864,0.282,0.2843,63524797.0,2025-04-09 15:00:00
1744214400000.0,0.2844,0.2907,0.2837,0.29,32785445.0,2025-04-09 16:00:00
1744218000000.0,0.29,0.3224,0.2893,0.3215,193461950.0,2025-04-09 17:00:00
1744221600000.0,0.3216,0.3259,0.3158,0.316,106896491.0,2025-04-09 18:00:00
1744225200000.0,0.316,0.3224,0.3158,0.3202,26632319.0,2025-04-09 19:00:00
1744228800000.0,0.3203,0.3249,0.3192,0.3241,21734919.0,2025-04-09 20:00:00
1744232400000.0,0.3241,0.3259,0.319,0.3225,27706284.0,2025-04-09 21:00:00
1744236000000.0,0.3224,0.3232,0.3195,0.32,12368456.0,2025-04-09 22:00:00
1744239600000.0,0.3201,0.3207,0.3151,0.3165,18772890.0,2025-04-09 23:00:00
1744243200000.0,0.3166,0.3167,0.3062,0.3104,46341088.0,2025-04-10 00:00:00
1744246800000.0,0.3103,0.3123,0.3084,0.3106,19352627.0,2025-04-10 01:00:00
1744250400000.0,0.3105,0.3135,0.3083,0.3083,21176358.0,2025-04-10 02:00:00
1744254000000.0,0.3084,0.3084,0.3008,0.3048,27123279.0,2025-04-10 03:00:00
1744257600000.0,0.3048,0.3064,0.3018,0.3051,17581906.0,2025-04-10 04:00:00
1744261200000.0,0.3051,0.3087,0.3036,0.3065,24719980.0,2025-04-10 05:00:00
1744264800000.0,0.3065,0.3108,0.304,0.3072,32810396.0,2025-04-10 06:00:00
1744268400000.0,0.3072,0.3081,0.3014,0.3041,23794404.0,2025-04-10 07:00:00
1744272000000.0,0.3041,0.3048,0.2994,0.3001,39599064.0,2025-04-10 08:00:00
1744275600000.0,0.3001,0.3017,0.2983,0.2998,31640096.0,2025-04-10 09:00:00
1744279200000.0,0.2997,0.3007,0.2974,0.2997,16212170.0,2025-04-10 10:00:00
1744282800000.0,0.2998,0.3001,0.2957,0.2981,21221650.0,2025-04-10 11:00:00
1744286400000.0,0.2981,0.3062,0.2973,0.3011,48686863.0,2025-04-10 12:00:00
1744290000000.0,0.3011,0.3103,0.294,0.3013,120857036.0,2025-04-10 13:00:00
1744293600000.0,0.3012,0.3189,0.3,0.3091,122799947.0,2025-04-10 14:00:00
1744297200000.0,0.3091,0.3101,0.2973,0.3,79563844.0,2025-04-10 15:00:00
1744300800000.0,0.3,0.3033,0.2936,0.2972,56444402.0,2025-04-10 16:00:00
1744304400000.0,0.2972,0.299,0.2931,0.2979,33090427.0,2025-04-10 17:00:00
1744308000000.0,0.2979,0.3019,0.2973,0.301,24403726.0,2025-04-10 18:00:00
1744311600000.0,0.3009,0.302,0.2966,0.2983,19475050.0,2025-04-10 19:00:00
1744315200000.0,0.2982,0.3039,0.298,0.3027,13416950.0,2025-04-10 20:00:00
1744318800000.0,0.3028,0.3049,0.3004,0.3008,13476295.0,2025-04-10 21:00:00
1744322400000.0,0.3009,0.3033,0.2995,0.3011,16042129.0,2025-04-10 22:00:00
1744326000000.0,0.3011,0.3047,0.3004,0.3024,10320200.0,2025-04-10 23:00:00
1744329600000.0,0.3025,0.3052,0.2984,0.2994,21436693.0,2025-04-11 00:00:00
1744333200000.0,0.2995,0.3058,0.2993,0.3055,19224862.0,2025-04-11 01:00:00
1744336800000.0,0.3055,0.3111,0.3035,0.3078,20442057.0,2025-04-11 02:00:00
1744340400000.0,0.3078,0.3141,0.3078,0.3113,25133566.0,2025-04-11 03:00:00
1744344000000.0,0.3113,0.3139,0.3089,0.3097,19478648.0,2025-04-11 04:00:00
1744347600000.0,0.3098,0.314,0.3093,0.314,22393533.0,2025-04-11 05:00:00
1744351200000.0,0.314,0.3186,0.3136,0.3168,28627021.0,2025-04-11 06:00:00
1744354800000.0,0.3169,0.3169,0.3126,0.3144,17350632.0,2025-04-11 07:00:00
1744358400000.0,0.3145,0.3186,0.3112,0.3162,33767286.0,2025-04-11 08:00:00
1744362000000.0,0.3163,0.3213,0.3144,0.3194,47761262.0,2025-04-11 09:00:00
1744365600000.0,0.3194,0.3241,0.3161,0.3183,59026928.0,2025-04-11 10:00:00
1744369200000.0,0.3182,0.3202,0.3138,0.3142,29134116.0,2025-04-11 11:00:00
1744372800000.0,0.3142,0.3158,0.3115,0.3135,28581840.0,2025-04-11 12:00:00
1744376400000.0,0.3135,0.3214,0.3116,0.3197,35934184.0,2025-04-11 13:00:00
1744380000000.0,0.3197,0.3197,0.3111,0.3137,38412380.0,2025-04-11 14:00:00
1744383600000.0,0.3136,0.3191,0.3121,0.3177,22415804.0,2025-04-11 15:00:00
1744387200000.0,0.3178,0.3202,0.3148,0.3175,18958366.0,2025-04-11 16:00:00
1744390800000.0,0.3175,0.322,0.3152,0.3218,30552209.0,2025-04-11 17:00:00
1744394400000.0,0.3219,0.3239,0.3168,0.317,34030881.0,2025-04-11 18:00:00
1744398000000.0,0.3169,0.3194,0.3153,0.316,14132525.0,2025-04-11 19:00:00
1744401600000.0,0.3159,0.3173,0.3143,0.3154,13004735.0,2025-04-11 20:00:00
1744405200000.0,0.3153,0.3199,0.3149,0.3159,12224058.0,2025-04-11 21:00:00
1744408800000.0,0.3158,0.3163,0.3135,0.3137,8643709.0,2025-04-11 22:00:00
1744412400000.0,0.3137,0.316,0.3116,0.3153,13240685.0,2025-04-11 23:00:00
1744416000000.0,0.3154,0.318,0.3137,0.316,16141574.0,2025-04-12 00:00:00
1744419600000.0,0.3159,0.3173,0.3154,0.3161,9862961.0,2025-04-12 01:00:00
1744423200000.0,0.3161,0.3167,0.3082,0.3083,20250188.0,2025-04-12 02:00:00
1744426800000.0,0.3083,0.3105,0.3073,0.309,21434772.0,2025-04-12 03:00:00
1744430400000.0,0.309,0.3109,0.305,0.3107,27868171.0,2025-04-12 04:00:00
1744434000000.0,0.3106,0.3116,0.3095,0.31,11676220.0,2025-04-12 05:00:00
1744437600000.0,0.3099,0.3135,0.3099,0.3116,20339828.0,2025-04-12 06:00:00
1744441200000.0,0.3117,0.3145,0.3105,0.3133,16824029.0,2025-04-12 07:00:00
1744444800000.0,0.3134,0.3195,0.3125,0.3153,30519767.0,2025-04-12 08:00:00
1744448400000.0,0.3153,0.3178,0.3131,0.3135,21107867.0,2025-04-12 09:00:00
1744452000000.0,0.3135,0.3135,0.3086,0.3096,20121071.0,2025-04-12 10:00:00
1744455600000.0,0.3097,0.3124,0.3092,0.3112,12057801.0,2025-04-12 11:00:00
1744459200000.0,0.3112,0.3131,0.3094,0.3121,15721611.0,2025-04-12 12:00:00
1744462800000.0,0.3121,0.3218,0.3109,0.3206,53124241.0,2025-04-12 13:00:00
1744466400000.0,0.3207,0.33,0.319,0.3247,65808374.0,2025-04-12 14:00:00
1744470000000.0,0.3247,0.3333,0.3227,0.3308,96158214.0,2025-04-12 15:00:00
1744473600000.0,0.3307,0.3378,0.3284,0.3338,58703097.0,2025-04-12 16:00:00
1744477200000.0,0.3338,0.3363,0.3291,0.335,31661221.0,2025-04-12 17:00:00
1744480800000.0,0.335,0.3397,0.333,0.3381,28204826.0,2025-04-12 18:00:00
1744484400000.0,0.3382,0.3392,0.3323,0.339,26002321.0,2025-04-12 19:00:00
1744488000000.0,0.339,0.3435,0.3365,0.3419,34243549.0,2025-04-12 20:00:00
1744491600000.0,0.342,0.3453,0.3386,0.3434,35934434.0,2025-04-12 21:00:00
1744495200000.0,0.3435,0.3502,0.343,0.3453,54240599.0,2025-04-12 22:00:00
1744498800000.0,0.3454,0.3485,0.3408,0.3421,27102996.0,2025-04-12 23:00:00
1744502400000.0,0.3421,0.3442,0.3387,0.3429,25134780.0,2025-04-13 00:00:00
1744506000000.0,0.343,0.3487,0.3376,0.3387,39574058.0,2025-04-13 01:00:00
1744509600000.0,0.3387,0.341,0.3372,0.3396,20538951.0,2025-04-13 02:00:00
1744513200000.0,0.3395,0.34,0.3346,0.3348,14551693.0,2025-04-13 03:00:00
1744516800000.0,0.3349,0.3351,0.3248,0.326,39939261.0,2025-04-13 04:00:00
1744520400000.0,0.326,0.3282,0.3248,0.3268,18604548.0,2025-04-13 05:00:00
1744524000000.0,0.3267,0.3309,0.3254,0.3293,22590445.0,2025-04-13 06:00:00
1744527600000.0,0.3293,0.3315,0.3263,0.3269,21438219.0,2025-04-13 07:00:00
1744531200000.0,0.3269,0.3292,0.3252,0.3289,16472402.0,2025-04-13 08:00:00
1744534800000.0,0.3289,0.3351,0.3283,0.334,34191622.0,2025-04-13 09:00:00
1744538400000.0,0.334,0.3349,0.3307,0.3343,18365977.0,2025-04-13 10:00:00
1744542000000.0,0.3343,0.3402,0.3306,0.3332,43663853.0,2025-04-13 11:00:00
1744545600000.0,0.3331,0.3337,0.3295,0.3309,18797853.0,2025-04-13 12:00:00
1744549200000.0,0.3309,0.3323,0.3148,0.3162,73675981.0,2025-04-13 13:00:00
1744552800000.0,0.3162,0.3198,0.3145,0.3188,51292194.0,2025-04-13 14:00:00
1744556400000.0,0.3188,0.3194,0.3159,0.3176,16458644.0,2025-04-13 15:00:00
1744560000000.0,0.3175,0.3229,0.317,0.3213,24897372.0,2025-04-13 16:00:00
1744563600000.0,0.3212,0.3339,0.3203,0.3319,35011602.0,2025-04-13 17:00:00
1744567200000.0,0.3319,0.3329,0.3266,0.3287,30874078.0,2025-04-13 18:00:00
1744570800000.0,0.3287,0.3288,0.3139,0.3193,51119653.0,2025-04-13 19:00:00
1744574400000.0,0.3193,0.3248,0.3128,0.3137,42311257.0,2025-04-13 20:00:00
1744578000000.0,0.3137,0.3139,0.3065,0.3108,29542051.0,2025-04-13 21:00:00
1744581600000.0,0.3109,0.3128,0.3055,0.3058,16808825.0,2025-04-13 22:00:00
1744585200000.0,0.3058,0.3093,0.3045,0.3075,20084492.0,2025-04-13 23:00:00
1744588800000.0,0.3076,0.3169,0.3067,0.3114,28528180.0,2025-04-14 00:00:00
1744592400000.0,0.3114,0.3146,0.3083,0.3098,20261324.0,2025-04-14 01:00:00
1744596000000.0,0.3098,0.3226,0.3085,0.3158,39119131.0,2025-04-14 02:00:00
1744599600000.0,0.3158,0.3164,0.3082,0.3089,32629234.0,2025-04-14 03:00:00
1744603200000.0,0.309,0.3166,0.3083,0.3154,37503055.0,2025-04-14 04:00:00
1744606800000.0,0.3155,0.3169,0.3085,0.3106,25582081.0,2025-04-14 05:00:00
1744610400000.0,0.3106,0.3106,0.305,0.3061,21483702.0,2025-04-14 06:00:00
1744614000000.0,0.306,0.3103,0.3041,0.3095,23763945.0,2025-04-14 07:00:00
1744617600000.0,0.3096,0.3139,0.3079,0.3123,24678230.0,2025-04-14 08:00:00
1744621200000.0,0.3124,0.3142,0.3059,0.3091,26652944.0,2025-04-14 09:00:00
1744624800000.0,0.3091,0.3194,0.3085,0.3174,30808567.0,2025-04-14 10:00:00
1744628400000.0,0.3175,0.3215,0.317,0.3183,29441666.0,2025-04-14 11:00:00
1744632000000.0,0.3184,0.3196,0.3085,0.3147,61868120.0,2025-04-14 12:00:00
1744635600000.0,0.3148,0.3186,0.3085,0.3107,58812269.0,2025-04-14 13:00:00
1744639200000.0,0.3108,0.3205,0.3101,0.3141,48630608.0,2025-04-14 14:00:00
1744642800000.0,0.3142,0.3148,0.2959,0.2983,100136369.0,2025-04-14 15:00:00
1744646400000.0,0.2983,0.3009,0.2929,0.297,61859630.0,2025-04-14 16:00:00
1744650000000.0,0.297,0.3022,0.2969,0.302,26805583.0,2025-04-14 17:00:00
1744653600000.0,0.302,0.3031,0.2976,0.2988,30738637.0,2025-04-14 18:00:00
1744657200000.0,0.2987,0.3018,0.2968,0.298,19783844.0,2025-04-14 19:00:00
1744660800000.0,0.2981,0.2998,0.2957,0.2984,23111760.0,2025-04-14 20:00:00
1744664400000.0,0.2983,0.2996,0.2938,0.2976,19086046.0,2025-04-14 21:00:00
1744668000000.0,0.2977,0.2979,0.2945,0.2958,14067008.0,2025-04-14 22:00:00
1744671600000.0,0.2958,0.2976,0.2938,0.2959,15368303.0,2025-04-14 23:00:00
1744675200000.0,0.296,0.2969,0.291,0.2925,56671871.0,2025-04-15 00:00:00
1744678800000.0,0.2925,0.2967,0.2892,0.2955,35092467.0,2025-04-15 01:00:00
1744682400000.0,0.2956,0.2958,0.29,0.293,22852218.0,2025-04-15 02:00:00
1744686000000.0,0.293,0.2963,0.2914,0.2955,20550081.0,2025-04-15 03:00:00
1744689600000.0,0.2956,0.2975,0.292,0.2956,23983417.0,2025-04-15 04:00:00
1744693200000.0,0.2956,0.2983,0.295,0.2955,36665838.0,2025-04-15 05:00:00
1744696800000.0,0.2956,0.2975,0.2936,0.2958,17675741.0,2025-04-15 06:00:00
1744700400000.0,0.2958,0.301,0.2957,0.2997,18460519.0,2025-04-15 07:00:00
1744704000000.0,0.2997,0.3004,0.2984,0.2998,16188359.0,2025-04-15 08:00:00
1744707600000.0,0.2998,0.3043,0.2981,0.3029,30790043.0,2025-04-15 09:00:00
1744711200000.0,0.3028,0.3061,0.2968,0.2981,45444408.0,2025-04-15 10:00:00
1744714800000.0,0.2981,0.2987,0.2954,0.2974,24463388.0,2025-04-15 11:00:00
1744718400000.0,0.2974,0.2998,0.2939,0.2977,20736523.0,2025-04-15 12:00:00
1744722000000.0,0.2978,0.3049,0.2956,0.2971,41996726.0,2025-04-15 13:00:00
1744725600000.0,0.2971,0.299,0.289,0.2914,67398888.0,2025-04-15 14:00:00
1744729200000.0,0.2913,0.2941,0.2843,0.2862,52703417.0,2025-04-15 15:00:00
1744732800000.0,0.2861,0.2864,0.2809,0.2826,41324226.0,2025-04-15 16:00:00
1744736400000.0,0.2826,0.2847,0.2785,0.28,35661564.0,2025-04-15 17:00:00
1744740000000.0,0.2799,0.2804,0.2761,0.2784,36165763.0,2025-04-15 18:00:00
1744743600000.0,0.2783,0.2814,0.2776,0.2789,26923698.0,2025-04-15 19:00:00
1744747200000.0,0.2788,0.2809,0.2769,0.2779,20314789.0,2025-04-15 20:00:00
1744750800000.0,0.2779,0.2805,0.2762,0.2796,22559714.0,2025-04-15 21:00:00
1744754400000.0,0.2795,0.2796,0.2729,0.2743,37271522.0,2025-04-15 22:00:00
1744758000000.0,0.2742,0.2753,0.272,0.2737,55681346.0,2025-04-15 23:00:00
1744761600000.0,0.2736,0.2764,0.2713,0.2736,24804544.0,2025-04-16 00:00:00
1744765200000.0,0.2737,0.2769,0.2731,0.2768,16532415.0,2025-04-16 01:00:00
1744768800000.0,0.2769,0.2778,0.2743,0.2763,19916439.0,2025-04-16 02:00:00
1744772400000.0,0.2763,0.2765,0.2733,0.2745,16639656.0,2025-04-16 03:00:00
1744776000000.0,0.2745,0.2754,0.2703,0.2723,27042508.0,2025-04-16 04:00:00
1744779600000.0,0.2723,0.2734,0.2675,0.2714,42878061.0,2025-04-16 05:00:00
1744783200000.0,0.2714,0.2757,0.2707,0.275,27843350.0,2025-04-16 06:00:00
1744786800000.0,0.275,0.2759,0.2689,0.2698,43832519.0,2025-04-16 07:00:00
1744790400000.0,0.2699,0.2736,0.268,0.2704,37945657.0,2025-04-16 08:00:00
1744794000000.0,0.2705,0.2718,0.2675,0.2679,28048097.0,2025-04-16 09:00:00
1744797600000.0,0.2679,0.2716,0.2676,0.2701,24515224.0,2025-04-16 10:00:00
1744801200000.0,0.2702,0.2715,0.2683,0.2708,23296716.0,2025-04-16 11:00:00
1744804800000.0,0.2708,0.2726,0.2668,0.2681,29699770.0,2025-04-16 12:00:00
1744808400000.0,0.268,0.2737,0.2678,0.2695,35668419.0,2025-04-16 13:00:00
1744812000000.0,0.2694,0.2773,0.2694,0.2753,34735129.0,2025-04-16 14:00:00
1744815600000.0,0.2752,0.279,0.2721,0.273,37337897.0,2025-04-16 15:00:00
1744819200000.0,0.273,0.274,0.2681,0.2722,42951901.0,2025-04-16 16:00:00
1744822800000.0,0.2722,0.2769,0.261,0.2627,84193083.0,2025-04-16 17:00:00
1744826400000.0,0.2628,0.2707,0.2618,0.2682,66898506.0,2025-04-16 18:00:00
1744830000000.0,0.2682,0.2746,0.2646,0.2732,34142433.0,2025-04-16 19:00:00
1744833600000.0,0.2731,0.2765,0.2692,0.27,33641881.0,2025-04-16 20:00:00
1744837200000.0,0.27,0.2738,0.2689,0.273,19770140.0,2025-04-16 21:00:00
1744840800000.0,0.2731,0.2735,0.2708,0.272,10294266.0,2025-04-16 22:00:00
1744844400000.0,0.2721,0.2724,0.2681,0.27,20960840.0,2025-04-16 23:00:00
1744848000000.0,0.2701,0.2715,0.2689,0.2709,14636660.0,2025-04-17 00:00:00
1744851600000.0,0.2709,0.2739,0.2699,0.2717,13822157.0,2025-04-17 01:00:00
1744855200000.0,0.2718,0.2719,0.269,0.2714,11936187.0,2025-04-17 02:00:00
1744858800000.0,0.2714,0.2726,0.2696,0.2717,12929460.0,2025-04-17 03:00:00
1744862400000.0,0.2716,0.276,0.2712,0.2757,12811894.0,2025-04-17 04:00:00
1744866000000.0,0.2757,0.2781,0.2751,0.2764,21011000.0,2025-04-17 05:00:00
1744869600000.0,0.2764,0.2795,0.2761,0.2785,21886246.0,2025-04-17 06:00:00
1744873200000.0,0.2785,0.2789,0.2766,0.2774,20008618.0,2025-04-17 07:00:00
1744876800000.0,0.2774,0.2781,0.2736,0.2741,30298763.0,2025-04-17 08:00:00
1744880400000.0,0.2741,0.2744,0.2702,0.2731,42766568.0,2025-04-17 09:00:00
1744884000000.0,0.273,0.2735,0.2706,0.2725,18758408.0,2025-04-17 10:00:00
1744887600000.0,0.2725,0.274,0.2715,0.2731,15504996.0,2025-04-17 11:00:00
1744891200000.0,0.2731,0.2753,0.2731,0.2742,23473556.0,2025-04-17 12:00:00
1744894800000.0,0.2741,0.275,0.2715,0.2736,27779082.0,2025-04-17 13:00:00
1744898400000.0,0.2736,0.2737,0.267,0.2688,39594169.0,2025-04-17 14:00:00
1744902000000.0,0.2688,0.2729,0.2688,0.2709,30920446.0,2025-04-17 15:00:00
1744905600000.0,0.271,0.2773,0.2684,0.2758,41676399.0,2025-04-17 16:00:00
1744909200000.0,0.2758,0.279,0.275,0.2778,24220031.0,2025-04-17 17:00:00
1744912800000.0,0.2779,0.2814,0.2772,0.2773,36777951.0,2025-04-17 18:00:00
1744916400000.0,0.2772,0.2785,0.2703,0.2738,36478618.0,2025-04-17 19:00:00
1744920000000.0,0.2737,0.2773,0.2737,0.2763,19262004.0,2025-04-17 20:00:00
1744923600000.0,0.2763,0.2771,0.2743,0.2768,8537880.0,2025-04-17 21:00:00
1744927200000.0,0.2767,0.2775,0.2718,0.2719,16557841.0,2025-04-17 22:00:00
1744930800000.0,0.272,0.2761,0.2719,0.276,12111749.0,2025-04-17 23:00:00
1744934400000.0,0.2759,0.2777,0.2747,0.2757,12778356.0,2025-04-18 00:00:00
1744938000000.0,0.2757,0.2792,0.2747,0.2767,14690646.0,2025-04-18 01:00:00
1744941600000.0,0.2768,0.2801,0.275,0.2788,15132797.0,2025-04-18 02:00:00
1744945200000.0,0.2788,0.2791,0.2756,0.2777,13395121.0,2025-04-18 03:00:00
1744948800000.0,0.2776,0.2798,0.2763,0.2784,14115867.0,2025-04-18 04:00:00
1744952400000.0,0.2784,0.2797,0.2764,0.2794,12678372.0,2025-04-18 05:00:00
1744956000000.0,0.2793,0.2817,0.2785,0.2815,20098966.0,2025-04-18 06:00:00
1744959600000.0,0.2815,0.284,0.2796,0.2839,25805857.0,2025-04-18 07:00:00
1744963200000.0,0.2838,0.2881,0.2832,0.2839,35644732.0,2025-04-18 08:00:00
1744966800000.0,0.284,0.2842,0.2812,0.2829,23799910.0,2025-04-18 09:00:00
1744970400000.0,0.2828,0.2835,0.2787,0.2796,19433483.0,2025-04-18 10:00:00
1744974000000.0,0.2796,0.2829,0.2783,0.282,30997789.0,2025-04-18 11:00:00
1744977600000.0,0.2821,0.289,0.2819,0.2836,60691344.0,2025-04-18 12:00:00
1744981200000.0,0.2836,0.2841,0.2807,0.2823,30853380.0,2025-04-18 13:00:00
1744984800000.0,0.2822,0.2832,0.2795,0.281,23616253.0,2025-04-18 14:00:00
1744988400000.0,0.2809,0.281,0.2776,0.2787,24524683.0,2025-04-18 15:00:00
1744992000000.0,0.2787,0.2813,0.278,0.2811,18221236.0,2025-04-18 16:00:00
1744995600000.0,0.2811,0.2837,0.2808,0.2823,16027101.0,2025-04-18 17:00:00
1744999200000.0,0.2823,0.2828,0.2796,0.2809,15804659.0,2025-04-18 18:00:00
1745002800000.0,0.2808,0.283,0.2802,0.2826,11812917.0,2025-04-18 19:00:00
1745006400000.0,0.2826,0.283,0.2812,0.2824,11887257.0,2025-04-18 20:00:00
1745010000000.0,0.2824,0.2831,0.2811,0.2818,8035208.0,2025-04-18 21:00:00
1745013600000.0,0.2819,0.2822,0.2801,0.2803,9726784.0,2025-04-18 22:00:00
1745017200000.0,0.2803,0.2814,0.2782,0.2809,13208833.0,2025-04-18 23:00:00
1745020800000.0,0.281,0.2817,0.2793,0.2798,7601036.0,2025-04-19 00:00:00
1745024400000.0,0.2798,0.2827,0.2797,0.2823,8623873.0,2025-04-19 01:00:00
1745028000000.0,0.2824,0.2855,0.2818,0.2849,16359011.0,2025-04-19 02:00:00
1745031600000.0,0.2849,0.2889,0.2842,0.2888,20726707.0,2025-04-19 03:00:00
1745035200000.0,0.2888,0.29,0.2855,0.2855,28287861.0,2025-04-19 04:00:00
1745038800000.0,0.2855,0.2861,0.2817,0.2819,27841383.0,2025-04-19 05:00:00
1745042400000.0,0.2819,0.2838,0.28,0.2814,35004772.0,2025-04-19 06:00:00
1745046000000.0,0.2814,0.2847,0.2813,0.2836,16385198.0,2025-04-19 07:00:00
1745049600000.0,0.2836,0.2849,0.283,0.2844,11243696.0,2025-04-19 08:00:00
1745053200000.0,0.2845,0.2862,0.2817,0.2819,18717863.0,2025-04-19 09:00:00
1745056800000.0,0.2818,0.2822,0.2809,0.2815,11530676.0,2025-04-19 10:00:00
1745060400000.0,0.2814,0.2819,0.2796,0.2805,14087867.0,2025-04-19 11:00:00
1745064000000.0,0.2805,0.2818,0.2795,0.2814,9543084.0,2025-04-19 12:00:00
1745067600000.0,0.2815,0.2833,0.2805,0.2829,13265316.0,2025-04-19 13:00:00
1745071200000.0,0.2829,0.2846,0.2822,0.2836,19378371.0,2025-04-19 14:00:00
1745074800000.0,0.2835,0.2844,0.2812,0.2824,16336060.0,2025-04-19 15:00:00
1745078400000.0,0.2825,0.2842,0.2807,0.281,14928979.0,2025-04-19 16:00:00
1745082000000.0,0.281,0.2876,0.2806,0.2864,20291089.0,2025-04-19 17:00:00
1745085600000.0,0.2864,0.2872,0.2851,0.2856,13324178.0,2025-04-19 18:00:00
1745089200000.0,0.2855,0.286,0.2839,0.2845,10835218.0,2025-04-19 19:00:00
1745092800000.0,0.2845,0.2849,0.2825,0.2847,16529701.0,2025-04-19 20:00:00
1745096400000.0,0.2847,0.2865,0.2843,0.2863,10941576.0,2025-04-19 21:00:00
1745100000000.0,0.2864,0.2868,0.2847,0.286,9166715.0,2025-04-19 22:00:00
1745103600000.0,0.2861,0.2868,0.2838,0.285,11954489.0,2025-04-19 23:00:00
1745107200000.0,0.2849,0.287,0.2838,0.2852,10970330.0,2025-04-20 00:00:00
1745110800000.0,0.2853,0.2878,0.2851,0.2877,8833740.0,2025-04-20 01:00:00
1745114400000.0,0.2877,0.2896,0.2867,0.2876,14765589.0,2025-04-20 02:00:00
1745118000000.0,0.2877,0.2885,0.2857,0.2871,12652740.0,2025-04-20 03:00:00
1745121600000.0,0.2872,0.2914,0.2866,0.2892,17051519.0,2025-04-20 04:00:00
1745125200000.0,0.2892,0.2912,0.2863,0.2863,17513808.0,2025-04-20 05:00:00
1745128800000.0,0.2863,0.2894,0.2858,0.2871,14087815.0,2025-04-20 06:00:00
1745132400000.0,0.2871,0.2872,0.2815,0.2828,38512633.0,2025-04-20 07:00:00
1745136000000.0,0.2828,0.283,0.28,0.2811,22730241.0,2025-04-20 08:00:00
1745139600000.0,0.2812,0.2827,0.28,0.281,11487676.0,2025-04-20 09:00:00
1745143200000.0,0.281,0.2815,0.275,0.277,30766882.0,2025-04-20 10:00:00
1745146800000.0,0.277,0.2784,0.2742,0.276,26063645.0,2025-04-20 11:00:00
1745150400000.0,0.276,0.2797,0.2755,0.2782,24163609.0,2025-04-20 12:00:00
1745154000000.0,0.2781,0.2797,0.2771,0.2791,13643434.0,2025-04-20 13:00:00
1745157600000.0,0.279,0.2833,0.2783,0.2822,25437341.0,2025-04-20 14:00:00
1745161200000.0,0.2823,0.2831,0.2792,0.2801,19646912.0,2025-04-20 15:00:00
1745164800000.0,0.2801,0.2849,0.2794,0.2848,22584029.0,2025-04-20 16:00:00
1745168400000.0,0.2848,0.285,0.2817,0.2833,8632659.0,2025-04-20 17:00:00
1745172000000.0,0.2832,0.2872,0.2828,0.2868,13310138.0,2025-04-20 18:00:00
1745175600000.0,0.2869,0.288,0.2857,0.2873,12944426.0,2025-04-20 19:00:00
1745179200000.0,0.2874,0.2906,0.287,0.2905,23613283.0,2025-04-20 20:00:00
1745182800000.0,0.2905,0.2907,0.2862,0.2882,15304166.0,2025-04-20 21:00:00
1745186400000.0,0.2883,0.2884,0.283,0.2841,16134332.0,2025-04-20 22:00:00
1745190000000.0,0.2842,0.2869,0.2842,0.2857,10675805.0,2025-04-20 23:00:00
1745193600000.0,0.2857,0.2988,0.2849,0.2948,52495080.0,2025-04-21 00:00:00
1745197200000.0,0.2949,0.3003,0.2944,0.2987,33841795.0,2025-04-21 01:00:00
1745200800000.0,0.2988,0.3002,0.2942,0.2965,33441130.0,2025-04-21 02:00:00
1745204400000.0,0.2965,0.2972,0.2924,0.2927,21651098.0,2025-04-21 03:00:00
1745208000000.0,0.2927,0.2974,0.2911,0.2973,20821149.0,2025-04-21 04:00:00
1745211600000.0,0.2973,0.303,0.2972,0.2992,42677463.0,2025-04-21 05:00:00
1745215200000.0,0.2992,0.3022,0.2989,0.3008,27208065.0,2025-04-21 06:00:00
1745218800000.0,0.3008,0.3019,0.2993,0.3008,15656088.0,2025-04-21 07:00:00
1745222400000.0,0.3009,0.3022,0.3001,0.3013,12862959.0,2025-04-21 08:00:00
1745226000000.0,0.3013,0.3024,0.2966,0.299,23222491.0,2025-04-21 09:00:00
1745229600000.0,0.2991,0.2996,0.2963,0.2992,14214026.0,2025-04-21 10:00:00
1745233200000.0,0.2993,0.2998,0.2968,0.2982,18134305.0,2025-04-21 11:00:00
1745236800000.0,0.2982,0.3011,0.2956,0.2959,22334734.0,2025-04-21 12:00:00
1745240400000.0,0.2959,0.2987,0.295,0.2953,21681094.0,2025-04-21 13:00:00
1745244000000.0,0.2952,0.3053,0.2936,0.3021,56157631.0,2025-04-21 14:00:00
1745247600000.0,0.3021,0.3031,0.2984,0.2999,26951686.0,2025-04-21 15:00:00
1745251200000.0,0.2999,0.3007,0.289,0.2894,47266634.0,2025-04-21 16:00:00
1745254800000.0,0.2895,0.2897,0.2847,0.2866,53386352.0,2025-04-21 17:00:00
1745258400000.0,0.2866,0.2876,0.2846,0.2856,15925481.0,2025-04-21 18:00:00
1745262000000.0,0.2855,0.2925,0.2852,0.2903,27070067.0,2025-04-21 19:00:00
1745265600000.0,0.2902,0.2909,0.2881,0.2902,10017954.0,2025-04-21 20:00:00
1745269200000.0,0.2901,0.2902,0.2873,0.2879,9127439.0,2025-04-21 21:00:00
1745272800000.0,0.2879,0.2881,0.2849,0.2877,17099836.0,2025-04-21 22:00:00
1745276400000.0,0.2876,0.2886,0.2854,0.2872,10688879.0,2025-04-21 23:00:00
1745280000000.0,0.2872,0.2879,0.2792,0.2848,36348939.0,2025-04-22 00:00:00
1745283600000.0,0.2847,0.2962,0.2837,0.2958,35247718.0,2025-04-22 01:00:00
1745287200000.0,0.2958,0.2989,0.2877,0.2886,45603447.0,2025-04-22 02:00:00
1745290800000.0,0.2886,0.2894,0.2858,0.2866,16335705.0,2025-04-22 03:00:00
1745294400000.0,0.2865,0.2889,0.2855,0.287,14495284.0,2025-04-22 04:00:00
1745298000000.0,0.2869,0.2871,0.2832,0.2857,16915862.0,2025-04-22 05:00:00
1745301600000.0,0.2857,0.2868,0.2827,0.2846,21103738.0,2025-04-22 06:00:00
1745305200000.0,0.2846,0.2934,0.2841,0.293,31957342.0,2025-04-22 07:00:00
1745308800000.0,0.293,0.2964,0.292,0.2946,41297856.0,2025-04-22 08:00:00
1745312400000.0,0.2946,0.2954,0.291,0.2923,22557272.0,2025-04-22 09:00:00
1745316000000.0,0.2924,0.2951,0.2911,0.2947,16385974.0,2025-04-22 10:00:00
1745319600000.0,0.2948,0.2978,0.2946,0.2968,23455700.0,2025-04-22 11:00:00
1745323200000.0,0.2967,0.3013,0.296,0.2994,33998687.0,2025-04-22 12:00:00
1745326800000.0,0.2994,0.3077,0.2975,0.3063,63333130.0,2025-04-22 13:00:00
1745330400000.0,0.3063,0.3106,0.3036,0.3089,48164664.0,2025-04-22 14:00:00
1745334000000.0,0.3089,0.3162,0.3086,0.3117,73541121.0,2025-04-22 15:00:00
1745337600000.0,0.3118,0.3141,0.3074,0.3093,28053639.0,2025-04-22 16:00:00
1745341200000.0,0.3093,0.3107,0.3063,0.3096,19522100.0,2025-04-22 17:00:00
1745344800000.0,0.3096,0.3121,0.3095,0.3112,12533151.0,2025-04-22 18:00:00
1745348400000.0,0.3112,0.3119,0.3073,0.3095,17290844.0,2025-04-22 19:00:00
1745352000000.0,0.3095,0.3102,0.3085,0.309,10198344.0,2025-04-22 20:00:00
1745355600000.0,0.309,0.3188,0.3079,0.3163,39508756.0,2025-04-22 21:00:00
1745359200000.0,0.3163,0.3206,0.315,0.319,44008706.0,2025-04-22 22:00:00
1745362800000.0,0.3191,0.3236,0.3185,0.3215,31526831.0,2025-04-22 23:00:00
1745366400000.0,0.3214,0.3272,0.3208,0.3265,71376773.0,2025-04-23 00:00:00
1745370000000.0,0.3266,0.3312,0.3249,0.3286,52163508.0,2025-04-23 01:00:00
1745373600000.0,0.3285,0.3405,0.328,0.3383,91354746.0,2025-04-23 02:00:00
1745377200000.0,0.3383,0.3443,0.3371,0.3421,71278955.0,2025-04-23 03:00:00
1745380800000.0,0.3422,0.347,0.3379,0.3467,67448111.0,2025-04-23 04:00:00
1745384400000.0,0.3466,0.3467,0.3396,0.3401,32025620.0,2025-04-23 05:00:00
1745388000000.0,0.3402,0.3438,0.3385,0.3397,25627792.0,2025-04-23 06:00:00
1745391600000.0,0.3396,0.3411,0.3356,0.3382,29672503.0,2025-04-23 07:00:00
1745395200000.0,0.3382,0.3424,0.3358,0.3416,30168908.0,2025-04-23 08:00:00
1745398800000.0,0.3416,0.345,0.3408,0.3408,26423835.0,2025-04-23 09:00:00
1745402400000.0,0.3408,0.3443,0.3364,0.3435,58758547.0,2025-04-23 10:00:00
1745406000000.0,0.3435,0.3483,0.3429,0.345,43160666.0,2025-04-23 11:00:00
1745409600000.0,0.345,0.3563,0.3447,0.3513,103053387.0,2025-04-23 12:00:00
1745413200000.0,0.3512,0.3578,0.3434,0.3451,102332369.0,2025-04-23 13:00:00
1745416800000.0,0.3452,0.3528,0.3438,0.346,65540922.0,2025-04-23 14:00:00
1745420400000.0,0.3461,0.3487,0.3366,0.3474,72279299.0,2025-04-23 15:00:00
1745424000000.0,0.3473,0.3505,0.3402,0.3483,45015837.0,2025-04-23 16:00:00
1745427600000.0,0.3482,0.3525,0.3433,0.3464,34303712.0,2025-04-23 17:00:00
1745431200000.0,0.3464,0.348,0.3403,0.3406,22593007.0,2025-04-23 18:00:00
1745434800000.0,0.3406,0.342,0.3286,0.3321,65659544.0,2025-04-23 19:00:00
1745438400000.0,0.3321,0.3399,0.3319,0.3388,28568165.0,2025-04-23 20:00:00
1745442000000.0,0.3388,0.3411,0.3357,0.3385,15403642.0,2025-04-23 21:00:00
1745445600000.0,0.3385,0.3419,0.3371,0.3411,13644637.0,2025-04-23 22:00:00
1745449200000.0,0.3411,0.3416,0.3386,0.3399,14496744.0,2025-04-23 23:00:00
1745452800000.0,0.3399,0.3428,0.3358,0.3374,26069441.0,2025-04-24 00:00:00
1745456400000.0,0.3375,0.3395,0.3335,0.3379,21040212.0,2025-04-24 01:00:00
1745460000000.0,0.3379,0.3383,0.3301,0.3316,31063544.0,2025-04-24 02:00:00
1745463600000.0,0.3315,0.3329,0.3261,0.3262,41511234.0,2025-04-24 03:00:00
1745467200000.0,0.3262,0.3313,0.326,0.3294,26760342.0,2025-04-24 04:00:00
1745470800000.0,0.3295,0.3328,0.3292,0.3323,14771010.0,2025-04-24 05:00:00
1745474400000.0,0.3322,0.3337,0.3272,0.3279,19203254.0,2025-04-24 06:00:00
1745478000000.0,0.3278,0.3315,0.3263,0.3279,22790255.0,2025-04-24 07:00:00
1745481600000.0,0.328,0.3347,0.3275,0.3339,44114044.0,2025-04-24 08:00:00
1745485200000.0,0.3339,0.3408,0.3337,0.3353,54815050.0,2025-04-24 09:00:00
1745488800000.0,0.3352,0.3383,0.3326,0.3355,21599965.0,2025-04-24 10:00:00
1745492400000.0,0.3355,0.3416,0.3336,0.3401,23770802.0,2025-04-24 11:00:00
1745496000000.0,0.3401,0.3428,0.3372,0.3426,17762186.0,2025-04-24 12:00:00
1745499600000.0,0.3425,0.3465,0.3404,0.3436,36793507.0,2025-04-24 13:00:00
1745503200000.0,0.3435,0.3563,0.3433,0.353,69374662.0,2025-04-24 14:00:00
1745506800000.0,0.353,0.3632,0.352,0.355,121823062.0,2025-04-24 15:00:00
1745510400000.0,0.355,0.3664,0.354,0.3606,59062693.0,2025-04-24 16:00:00
1745514000000.0,0.3607,0.3625,0.3484,0.3529,57100231.0,2025-04-24 17:00:00
1745517600000.0,0.353,0.3553,0.3492,0.3525,31328938.0,2025-04-24 18:00:00
1745521200000.0,0.3525,0.3557,0.3497,0.3531,18936107.0,2025-04-24 19:00:00
1745524800000.0,0.3531,0.3558,0.3511,0.3528,17047450.0,2025-04-24 20:00:00
1745528400000.0,0.3529,0.3548,0.3481,0.352,17405408.0,2025-04-24 21:00:00
1745532000000.0,0.352,0.357,0.3495,0.3527,15320993.0,2025-04-24 22:00:00
1745535600000.0,0.3527,0.3583,0.3507,0.3562,17933381.0,2025-04-24 23:00:00
1745539200000.0,0.3563,0.364,0.3559,0.361,38804170.0,2025-04-25 00:00:00
1745542800000.0,0.3609,0.3673,0.3601,0.3614,34041828.0,2025-04-25 01:00:00
1745546400000.0,0.3615,0.3639,0.3495,0.3513,57067744.0,2025-04-25 02:00:00
1745550000000.0,0.3514,0.3557,0.3487,0.3556,30253056.0,2025-04-25 03:00:00
1745553600000.0,0.3556,0.3592,0.3529,0.3531,22507814.0,2025-04-25 04:00:00
1745557200000.0,0.3531,0.3574,0.3527,0.3563,13950061.0,2025-04-25 05:00:00
1745560800000.0,0.3564,0.3725,0.3542,0.3717,79404453.0,2025-04-25 06:00:00
1745564400000.0,0.3717,0.3777,0.3635,0.3697,82832092.0,2025-04-25 07:00:00
1745568000000.0,0.3696,0.3749,0.3689,0.3717,36680613.0,2025-04-25 08:00:00
1745571600000.0,0.3718,0.3721,0.3618,0.3679,54175929.0,2025-04-25 09:00:00
1745575200000.0,0.3679,0.369,0.3597,0.3601,39664278.0,2025-04-25 10:00:00
1745578800000.0,0.3602,0.3671,0.3601,0.3664,29043250.0,2025-04-25 11:00:00
1745582400000.0,0.3664,0.3721,0.3592,0.3606,52126785.0,2025-04-25 12:00:00
1745586000000.0,0.3606,0.363,0.3561,0.3614,38171299.0,2025-04-25 13:00:00
1745589600000.0,0.3613,0.3715,0.3607,0.3696,47113801.0,2025-04-25 14:00:00
1745593200000.0,0.3697,0.3725,0.362,0.3631,50072192.0,2025-04-25 15:00:00
1745596800000.0,0.3631,0.3668,0.3589,0.3624,37218556.0,2025-04-25 16:00:00
1745600400000.0,0.3624,0.3681,0.3563,0.3566,49443279.0,2025-04-25 17:00:00
1745604000000.0,0.3567,0.3646,0.3564,0.3603,38701522.0,2025-04-25 18:00:00
1745607600000.0,0.3603,0.3611,0.357,0.3608,25630790.0,2025-04-25 19:00:00
1745611200000.0,0.3609,0.3626,0.3593,0.3605,13623925.0,2025-04-25 20:00:00
1745614800000.0,0.3605,0.3644,0.357,0.358,16523221.0,2025-04-25 21:00:00
1745618400000.0,0.358,0.3669,0.3579,0.365,15395466.0,2025-04-25 22:00:00
1745622000000.0,0.3649,0.3668,0.362,0.3629,11211583.0,2025-04-25 23:00:00
1745625600000.0,0.363,0.3709,0.3629,0.3696,19094537.0,2025-04-26 00:00:00
1745629200000.0,0.3697,0.3789,0.3661,0.3786,38597587.0,2025-04-26 01:00:00
1745632800000.0,0.3785,0.3795,0.3702,0.3716,34441415.0,2025-04-26 02:00:00
1745636400000.0,0.3715,0.3731,0.368,0.3689,16655005.0,2025-04-26 03:00:00
1745640000000.0,0.3689,0.3704,0.3622,0.3631,24480221.0,2025-04-26 04:00:00
1745643600000.0,0.3631,0.3648,0.3607,0.3631,18347628.0,2025-04-26 05:00:00
1745647200000.0,0.3632,0.3686,0.3619,0.3675,16947853.0,2025-04-26 06:00:00
1745650800000.0,0.3675,0.373,0.3672,0.3679,24427466.0,2025-04-26 07:00:00
1745654400000.0,0.3679,0.3745,0.3653,0.369,49855519.0,2025-04-26 08:00:00
1745658000000.0,0.3689,0.3689,0.3604,0.3627,41228011.0,2025-04-26 09:00:00
1745661600000.0,0.3628,0.3722,0.362,0.3657,43229129.0,2025-04-26 10:00:00
1745665200000.0,0.3658,0.3671,0.3551,0.3574,39244792.0,2025-04-26 11:00:00
1745668800000.0,0.3575,0.3602,0.3557,0.357,20957996.0,2025-04-26 12:00:00
1745672400000.0,0.357,0.3594,0.3503,0.353,40538938.0,2025-04-26 13:00:00
1745676000000.0,0.3529,0.3574,0.351,0.355,24923142.0,2025-04-26 14:00:00
1745679600000.0,0.3551,0.3612,0.3549,0.36,17140910.0,2025-04-26 15:00:00
1745683200000.0,0.3601,0.3615,0.3556,0.358,18434423.0,2025-04-26 16:00:00
1745686800000.0,0.3579,0.3606,0.3564,0.3588,10405662.0,2025-04-26 17:00:00
1745690400000.0,0.3587,0.3601,0.3576,0.358,9206443.0,2025-04-26 18:00:00
1745694000000.0,0.358,0.3625,0.3578,0.3615,10794318.0,2025-04-26 19:00:00
1745697600000.0,0.3616,0.3625,0.3579,0.3581,9272190.0,2025-04-26 20:00:00
1745701200000.0,0.358,0.3621,0.358,0.36,7170599.0,2025-04-26 21:00:00
1745704800000.0,0.3601,0.3663,0.3601,0.3622,16853928.0,2025-04-26 22:00:00
1745708400000.0,0.3622,0.366,0.3598,0.3648,18066205.0,2025-04-26 23:00:00
1745712000000.0,0.3648,0.3678,0.362,0.3649,28514461.0,2025-04-27 00:00:00
1745715600000.0,0.3649,0.3652,0.3489,0.3506,41995188.0,2025-04-27 01:00:00
1745719200000.0,0.3507,0.3534,0.3491,0.3523,21553710.0,2025-04-27 02:00:00
1745722800000.0,0.3522,0.3571,0.3514,0.3553,18530591.0,2025-04-27 03:00:00
1745726400000.0,0.3553,0.3568,0.3476,0.3484,20572053.0,2025-04-27 04:00:00
1745730000000.0,0.3484,0.3499,0.345,0.3473,27630494.0,2025-04-27 05:00:00
1745733600000.0,0.3474,0.3493,0.3462,0.3479,12044143.0,2025-04-27 06:00:00
1745737200000.0,0.3479,0.3512,0.3465,0.351,11725109.0,2025-04-27 07:00:00
1745740800000.0,0.3509,0.3538,0.3501,0.3507,17877036.0,2025-04-27 08:00:00
1745744400000.0,0.3508,0.3525,0.349,0.3515,13464484.0,2025-04-27 09:00:00
1745748000000.0,0.3515,0.3523,0.3495,0.3513,14007873.0,2025-04-27 10:00:00
1745751600000.0,0.3513,0.3537,0.3504,0.3531,14549196.0,2025-04-27 11:00:00
1745755200000.0,0.3531,0.3545,0.3479,0.3485,27727201.0,2025-04-27 12:00:00
1745758800000.0,0.3485,0.3551,0.3453,0.3549,32202751.0,2025-04-27 13:00:00
1745762400000.0,0.3549,0.3615,0.3535,0.3539,36000378.0,2025-04-27 14:00:00
1745766000000.0,0.3538,0.3554,0.3485,0.3492,28413675.0,2025-04-27 15:00:00
1745769600000.0,0.3491,0.3498,0.3422,0.3448,35642334.0,2025-04-27 16:00:00
1745773200000.0,0.3448,0.3486,0.3439,0.3475,19668251.0,2025-04-27 17:00:00
1745776800000.0,0.3475,0.355,0.3468,0.3538,15139369.0,2025-04-27 18:00:00
1745780400000.0,0.3539,0.3549,0.3493,0.3516,13808758.0,2025-04-27 19:00:00
1745784000000.0,0.3515,0.3519,0.3484,0.3492,8210859.0,2025-04-27 20:00:00
1745787600000.0,0.3492,0.3526,0.3482,0.3507,6371626.0,2025-04-27 21:00:00
1745791200000.0,0.3507,0.3515,0.3451,0.3458,17245385.0,2025-04-27 22:00:00
1745794800000.0,0.3458,0.3458,0.3424,0.3437,13093460.0,2025-04-27 23:00:00
1745798400000.0,0.3437,0.3451,0.3381,0.339,36992402.0,2025-04-28 00:00:00
1745802000000.0,0.339,0.3404,0.331,0.3333,52736333.0,2025-04-28 01:00:00
1745805600000.0,0.3332,0.3425,0.3325,0.3396,29230233.0,2025-04-28 02:00:00
1745809200000.0,0.3396,0.3449,0.337,0.3429,19684861.0,2025-04-28 03:00:00
1745812800000.0,0.343,0.3478,0.343,0.3469,15129847.0,2025-04-28 04:00:00
1745816400000.0,0.3468,0.3534,0.3461,0.3493,28618490.0,2025-04-28 05:00:00
1745820000000.0,0.3493,0.3546,0.3493,0.3527,27260505.0,2025-04-28 06:00:00
1745823600000.0,0.3526,0.3577,0.3508,0.3569,28275104.0,2025-04-28 07:00:00
1745827200000.0,0.3569,0.3596,0.3538,0.3541,27391755.0,2025-04-28 08:00:00
1745830800000.0,0.3542,0.358,0.3542,0.3555,17802474.0,2025-04-28 09:00:00
1745834400000.0,0.3556,0.3583,0.348,0.3551,54891174.0,2025-04-28 10:00:00
1745838000000.0,0.355,0.3577,0.352,0.3549,22874496.0,2025-04-28 11:00:00
1745841600000.0,0.355,0.3554,0.348,0.3489,32784564.0,2025-04-28 12:00:00
1745845200000.0,0.3489,0.3507,0.3405,0.3406,51002965.0,2025-04-28 13:00:00
1745848800000.0,0.3407,0.3462,0.3364,0.3378,55748522.0,2025-04-28 14:00:00
1745852400000.0,0.3378,0.339,0.3284,0.3316,80633531.0,2025-04-28 15:00:00
1745856000000.0,0.3315,0.3329,0.3251,0.3314,54251977.0,2025-04-28 16:00:00
1745859600000.0,0.3313,0.3368,0.3299,0.3361,30346898.0,2025-04-28 17:00:00
1745863200000.0,0.3361,0.3366,0.332,0.3346,17537248.0,2025-04-28 18:00:00
1745866800000.0,0.3345,0.3418,0.3342,0.3398,25784106.0,2025-04-28 19:00:00
1745870400000.0,0.3397,0.3401,0.3322,0.3344,24901478.0,2025-04-28 20:00:00
1745874000000.0,0.3344,0.3348,0.3322,0.3345,11426574.0,2025-04-28 21:00:00
1745877600000.0,0.3344,0.3363,0.3321,0.3351,13736211.0,2025-04-28 22:00:00
1745881200000.0,0.3351,0.3355,0.3321,0.3348,13487931.0,2025-04-28 23:00:00
1745884800000.0,0.3348,0.337,0.3325,0.3344,22429560.0,2025-04-29 00:00:00
1745888400000.0,0.3343,0.3381,0.3304,0.3334,29146576.0,2025-04-29 01:00:00
1745892000000.0,0.3334,0.3342,0.3309,0.3335,12810828.0,2025-04-29 02:00:00
1745895600000.0,0.3335,0.3367,0.3327,0.336,10587571.0,2025-04-29 03:00:00
1745899200000.0,0.336,0.337,0.3268,0.3282,32007348.0,2025-04-29 04:00:00
1745902800000.0,0.3283,0.331,0.3234,0.3287,38820698.0,2025-04-29 05:00:00
1745906400000.0,0.3287,0.336,0.3281,0.3347,29148393.0,2025-04-29 06:00:00
1745910000000.0,0.3348,0.3394,0.334,0.3381,24927739.0,2025-04-29 07:00:00
1745913600000.0,0.3382,0.3397,0.3344,0.3376,34586038.0,2025-04-29 08:00:00
1745917200000.0,0.3375,0.3385,0.33,0.3324,34757621.0,2025-04-29 09:00:00
1745920800000.0,0.3323,0.3326,0.3216,0.3274,77538549.0,2025-04-29 10:00:00
1745924400000.0,0.3274,0.3297,0.3252,0.3267,27793203.0,2025-04-29 11:00:00
1745928000000.0,0.3267,0.3285,0.3222,0.3248,24160790.0,2025-04-29 12:00:00
1745931600000.0,0.3248,0.3267,0.3222,0.3242,28292375.0,2025-04-29 13:00:00
1745935200000.0,0.3242,0.3281,0.3232,0.3278,24751649.0,2025-04-29 14:00:00
1745938800000.0,0.3278,0.3283,0.3234,0.3248,18452073.0,2025-04-29 15:00:00
1745942400000.0,0.3248,0.3308,0.3238,0.3256,29037705.0,2025-04-29 16:00:00
1745946000000.0,0.3256,0.3278,0.3238,0.3252,32287761.0,2025-04-29 17:00:00
1745949600000.0,0.3253,0.3287,0.3252,0.3281,15063461.0,2025-04-29 18:00:00
1745953200000.0,0.3282,0.3294,0.3231,0.3233,25667066.0,2025-04-29 19:00:00
1745956800000.0,0.3234,0.3245,0.3166,0.3187,52972379.0,2025-04-29 20:00:00
1745960400000.0,0.3188,0.3189,0.3086,0.3108,63737913.0,2025-04-29 21:00:00
1745964000000.0,0.3107,0.3108,0.3039,0.3057,65570081.0,2025-04-29 22:00:00
1745967600000.0,0.3058,0.3103,0.303,0.3101,33478827.0,2025-04-29 23:00:00
1745971200000.0,0.3101,0.3132,0.3085,0.3127,24229907.0,2025-04-30 00:00:00
1745974800000.0,0.3127,0.3136,0.3067,0.3102,31124058.0,2025-04-30 01:00:00
1745978400000.0,0.3102,0.3179,0.3092,0.3176,28892735.0,2025-04-30 02:00:00
1745982000000.0,0.3176,0.3193,0.3141,0.3169,35426235.0,2025-04-30 03:00:00
1745985600000.0,0.3169,0.3191,0.3145,0.3189,18058973.0,2025-04-30 04:00:00
1745989200000.0,0.3189,0.3193,0.3143,0.3162,17789912.0,2025-04-30 05:00:00
1745992800000.0,0.3161,0.3192,0.3149,0.3166,19106425.0,2025-04-30 06:00:00
1745996400000.0,0.3166,0.3184,0.3128,0.3143,25148858.0,2025-04-30 07:00:00
1746000000000.0,0.3142,0.3167,0.313,0.3157,16927439.0,2025-04-30 08:00:00
1746003600000.0,0.3158,0.3219,0.3158,0.3217,26366899.0,2025-04-30 09:00:00
1746007200000.0,0.3217,0.3221,0.3172,0.3183,17067367.0,2025-04-30 10:00:00
1746010800000.0,0.3184,0.3213,0.3176,0.3201,13817004.0,2025-04-30 11:00:00
1746014400000.0,0.3201,0.3214,0.3089,0.3124,58804914.0,2025-04-30 12:00:00
1746018000000.0,0.3125,0.3127,0.3013,0.3027,72939791.0,2025-04-30 13:00:00
1746021600000.0,0.3027,0.3138,0.3025,0.3126,63767889.0,2025-04-30 14:00:00
1746025200000.0,0.3126,0.3168,0.3126,0.3129,40173816.0,2025-04-30 15:00:00
1746028800000.0,0.3129,0.3129,0.3057,0.311,60919930.0,2025-04-30 16:00:00
1746032400000.0,0.311,0.3138,0.3073,0.3126,22932623.0,2025-04-30 17:00:00
1746036000000.0,0.3127,0.3162,0.3117,0.3133,21739174.0,2025-04-30 18:00:00
1746039600000.0,0.3133,0.3169,0.3107,0.315,20700597.0,2025-04-30 19:00:00
1746043200000.0,0.3151,0.3196,0.3145,0.3158,19819636.0,2025-04-30 20:00:00
1746046800000.0,0.3157,0.318,0.312,0.3131,19573406.0,2025-04-30 21:00:00
1746050400000.0,0.313,0.3163,0.3127,0.3141,14014593.0,2025-04-30 22:00:00
1746054000000.0,0.3141,0.3203,0.3132,0.3194,19513955.0,2025-04-30 23:00:00
1746057600000.0,0.3195,0.3226,0.3179,0.3212,20712759.0,2025-05-01 00:00:00
1746061200000.0,0.3212,0.3252,0.321,0.3228,19828705.0,2025-05-01 01:00:00
1746064800000.0,0.3229,0.3244,0.3196,0.32,15889547.0,2025-05-01 02:00:00
1746068400000.0,0.3201,0.3225,0.3177,0.3189,14177958.0,2025-05-01 03:00:00
1746072000000.0,0.319,0.3236,0.3173,0.3231,21088628.0,2025-05-01 04:00:00
1746075600000.0,0.3231,0.3245,0.3209,0.3215,17553106.0,2025-05-01 05:00:00
1746079200000.0,0.3214,0.3223,0.3183,0.3187,13106777.0,2025-05-01 06:00:00
1746082800000.0,0.3186,0.3199,0.3156,0.3182,25772644.0,2025-05-01 07:00:00
1746086400000.0,0.3181,0.324,0.3141,0.3237,41401532.0,2025-05-01 08:00:00
1746090000000.0,0.3237,0.3316,0.3215,0.3297,57366995.0,2025-05-01 09:00:00
1746093600000.0,0.3298,0.3349,0.328,0.3323,46841133.0,2025-05-01 10:00:00
1746097200000.0,0.3324,0.3366,0.3314,0.3328,29155054.0,2025-05-01 11:00:00
1746100800000.0,0.3328,0.336,0.3321,0.3347,20132945.0,2025-05-01 12:00:00
1746104400000.0,0.3348,0.335,0.3272,0.3277,50381347.0,2025-05-01 13:00:00
1746108000000.0,0.3278,0.3409,0.3278,0.3402,68100719.0,2025-05-01 14:00:00
1746111600000.0,0.3403,0.3418,0.3295,0.3298,67392299.0,2025-05-01 15:00:00
1746115200000.0,0.3299,0.3319,0.3238,0.3247,88888755.0,2025-05-01 16:00:00
1746118800000.0,0.3247,0.3288,0.3212,0.3235,46221309.0,2025-05-01 17:00:00
1746122400000.0,0.3234,0.3261,0.32,0.3257,25012251.0,2025-05-01 18:00:00
1746126000000.0,0.3258,0.326,0.321,0.3238,28257110.0,2025-05-01 19:00:00
1746129600000.0,0.3239,0.3282,0.322,0.3254,28156671.0,2025-05-01 20:00:00
1746133200000.0,0.3254,0.3289,0.3231,0.3243,16822178.0,2025-05-01 21:00:00
1746136800000.0,0.3243,0.326,0.3209,0.3217,16586804.0,2025-05-01 22:00:00
1746140400000.0,0.3218,0.3226,0.3188,0.3221,22980517.0,2025-05-01 23:00:00
1746144000000.0,0.3221,0.329,0.3208,0.3242,33864152.0,2025-05-02 00:00:00
1746147600000.0,0.3241,0.3272,0.3217,0.3241,20908088.0,2025-05-02 01:00:00
1746151200000.0,0.324,0.3253,0.3222,0.3232,15425723.0,2025-05-02 02:00:00
1746154800000.0,0.3231,0.3236,0.3161,0.3167,38953364.0,2025-05-02 03:00:00
1746158400000.0,0.3167,0.3169,0.3076,0.3085,79613071.0,2025-05-02 04:00:00
1746162000000.0,0.3084,0.3097,0.3041,0.307,39273191.0,2025-05-02 05:00:00
1746165600000.0,0.3069,0.3087,0.3056,0.3085,31613296.0,2025-05-02 06:00:00
1746169200000.0,0.3085,0.3114,0.3077,0.3088,26385103.0,2025-05-02 07:00:00
1746172800000.0,0.3089,0.3128,0.3076,0.3128,24741259.0,2025-05-02 08:00:00
1746176400000.0,0.3127,0.3133,0.3101,0.3105,14354901.0,2025-05-02 09:00:00
1746180000000.0,0.3104,0.3113,0.3077,0.3084,27733186.0,2025-05-02 10:00:00
1746183600000.0,0.3083,0.3108,0.307,0.3074,22203210.0,2025-05-02 11:00:00
1746187200000.0,0.3075,0.3123,0.3062,0.3112,31522221.0,2025-05-02 12:00:00
1746190800000.0,0.3112,0.3116,0.3075,0.3087,20314877.0,2025-05-02 13:00:00
1746194400000.0,0.3088,0.3129,0.3087,0.3115,29018718.0,2025-05-02 14:00:00
1746198000000.0,0.3115,0.3124,0.3075,0.309,24782081.0,2025-05-02 15:00:00
1746201600000.0,0.3091,0.3173,0.3091,0.3157,43054483.0,2025-05-02 16:00:00
1746205200000.0,0.3156,0.3157,0.3113,0.3124,31679377.0,2025-05-02 17:00:00
1746208800000.0,0.3123,0.3135,0.3101,0.3114,18050109.0,2025-05-02 18:00:00
1746212400000.0,0.3114,0.3131,0.3085,0.309,18102185.0,2025-05-02 19:00:00
1746216000000.0,0.3091,0.3122,0.3078,0.312,14679463.0,2025-05-02 20:00:00
1746219600000.0,0.312,0.3122,0.3061,0.3074,15101568.0,2025-05-02 21:00:00
1746223200000.0,0.3075,0.3092,0.303,0.3051,37003478.0,2025-05-02 22:00:00
1746226800000.0,0.3051,0.3077,0.3045,0.3073,17734669.0,2025-05-02 23:00:00
1746230400000.0,0.3073,0.3077,0.3046,0.3058,17314569.0,2025-05-03 00:00:00
1746234000000.0,0.3058,0.3068,0.303,0.3036,21736856.0,2025-05-03 01:00:00
1746237600000.0,0.3036,0.3072,0.3031,0.307,15738033.0,2025-05-03 02:00:00
1746241200000.0,0.3069,0.3075,0.3044,0.3051,18157455.0,2025-05-03 03:00:00
1746244800000.0,0.3052,0.3063,0.3037,0.3048,12988831.0,2025-05-03 04:00:00
1746248400000.0,0.3048,0.3051,0.302,0.3023,29285109.0,2025-05-03 05:00:00
1746252000000.0,0.3023,0.3026,0.3001,0.3005,28823719.0,2025-05-03 06:00:00
1746255600000.0,0.3005,0.3011,0.2983,0.2997,35909754.0,2025-05-03 07:00:00
1746259200000.0,0.2997,0.3006,0.2978,0.299,22204400.0,2025-05-03 08:00:00
1746262800000.0,0.2991,0.3007,0.2984,0.3,16779668.0,2025-05-03 09:00:00
1746266400000.0,0.3,0.3003,0.2944,0.2951,45326335.0,2025-05-03 10:00:00
1746270000000.0,0.295,0.2972,0.2931,0.2943,33353367.0,2025-05-03 11:00:00
1746273600000.0,0.2944,0.2984,0.2943,0.297,20194946.0,2025-05-03 12:00:00
1746277200000.0,0.2971,0.2981,0.2963,0.2981,13483857.0,2025-05-03 13:00:00
1746280800000.0,0.2981,0.2991,0.297,0.2982,18568819.0,2025-05-03 14:00:00
1746284400000.0,0.2982,0.2998,0.2967,0.2971,17542339.0,2025-05-03 15:00:00
1746288000000.0,0.2971,0.2972,0.2921,0.2942,41722630.0,2025-05-03 16:00:00
1746291600000.0,0.2942,0.2943,0.2872,0.2934,79630438.0,2025-05-03 17:00:00
1746295200000.0,0.2934,0.2955,0.2919,0.2929,25054057.0,2025-05-03 18:00:00
1746298800000.0,0.2928,0.2955,0.2921,0.2954,14569622.0,2025-05-03 19:00:00
1746302400000.0,0.2955,0.2962,0.2933,0.2936,11382078.0,2025-05-03 20:00:00
1746306000000.0,0.2936,0.296,0.2921,0.2939,10841548.0,2025-05-03 21:00:00
1746309600000.0,0.2939,0.2948,0.2931,0.2937,9862396.0,2025-05-03 22:00:00
1746313200000.0,0.2938,0.2938,0.291,0.2914,16285267.0,2025-05-03 23:00:00
1746316800000.0,0.2913,0.2925,0.2879,0.2894,29992735.0,2025-05-04 00:00:00
1746320400000.0,0.2893,0.2922,0.2871,0.2915,23334633.0,2025-05-04 01:00:00
1746324000000.0,0.2916,0.2962,0.2914,0.2922,27661130.0,2025-05-04 02:00:00
1746327600000.0,0.2922,0.2933,0.2894,0.2913,22543544.0,2025-05-04 03:00:00
1746331200000.0,0.2913,0.2944,0.2892,0.2903,23823050.0,2025-05-04 04:00:00
1746334800000.0,0.2902,0.2948,0.2899,0.2929,13245102.0,2025-05-04 05:00:00
1746338400000.0,0.2929,0.2946,0.2902,0.2945,17066245.0,2025-05-04 06:00:00
1746342000000.0,0.2946,0.2947,0.2913,0.2933,14765546.0,2025-05-04 07:00:00
1746345600000.0,0.2933,0.2933,0.2875,0.2895,32690304.0,2025-05-04 08:00:00
1746349200000.0,0.2895,0.2901,0.2875,0.2889,17423051.0,2025-05-04 09:00:00
1746352800000.0,0.289,0.2907,0.2878,0.29,16901491.0,2025-05-04 10:00:00
1746356400000.0,0.29,0.2918,0.2891,0.2904,16613797.0,2025-05-04 11:00:00
1746360000000.0,0.2904,0.2912,0.2888,0.2891,17416264.0,2025-05-04 12:00:00
1746363600000.0,0.2891,0.2901,0.285,0.2867,48566496.0,2025-05-04 13:00:00
1746367200000.0,0.2867,0.2907,0.2864,0.2901,25705808.0,2025-05-04 14:00:00
1746370800000.0,0.29,0.2917,0.2877,0.2896,18001386.0,2025-05-04 15:00:00
1746374400000.0,0.2896,0.2908,0.2866,0.2879,16840123.0,2025-05-04 16:00:00
1746378000000.0,0.288,0.2892,0.2853,0.2887,18538652.0,2025-05-04 17:00:00
1746381600000.0,0.2886,0.2904,0.2862,0.2863,13388366.0,2025-05-04 18:00:00
1746385200000.0,0.2864,0.289,0.2855,0.2877,11894077.0,2025-05-04 19:00:00
1746388800000.0,0.2877,0.2914,0.2874,0.2906,15027369.0,2025-05-04 20:00:00
1746392400000.0,0.2906,0.2909,0.2886,0.2903,11308840.0,2025-05-04 21:00:00
1746396000000.0,0.2902,0.2904,0.2823,0.2856,49539003.0,2025-05-04 22:00:00
1746399600000.0,0.2857,0.2866,0.2834,0.2858,20815812.0,2025-05-04 23:00:00
1746403200000.0,0.2859,0.2891,0.2856,0.2872,15537135.0,2025-05-05 00:00:00
1746406800000.0,0.2872,0.2872,0.2801,0.2833,39106909.0,2025-05-05 01:00:00
1746410400000.0,0.2832,0.2888,0.2818,0.2875,35899028.0,2025-05-05 02:00:00
1746414000000.0,0.2875,0.2891,0.2865,0.2876,13937281.0,2025-05-05 03:00:00
1746417600000.0,0.2877,0.2922,0.2862,0.2921,22158565.0,2025-05-05 04:00:00
1746421200000.0,0.2921,0.2928,0.2897,0.2926,19076775.0,2025-05-05 05:00:00
1746424800000.0,0.2927,0.2941,0.2903,0.2909,17506974.0,2025-05-05 06:00:00
1746428400000.0,0.2908,0.2932,0.2897,0.2922,16036741.0,2025-05-05 07:00:00
1746432000000.0,0.2921,0.2976,0.2892,0.2906,50321284.0,2025-05-05 08:00:00
1746435600000.0,0.2906,0.2915,0.2874,0.2876,15785708.0,2025-05-05 09:00:00
1746439200000.0,0.2875,0.2878,0.2776,0.2806,68567562.0,2025-05-05 10:00:00
1746442800000.0,0.2807,0.2822,0.2788,0.2802,27804549.0,2025-05-05 11:00:00
1746446400000.0,0.2803,0.2819,0.2764,0.2789,46636759.0,2025-05-05 12:00:00
1746450000000.0,0.279,0.2806,0.2764,0.2804,32298633.0,2025-05-05 13:00:00
1746453600000.0,0.2805,0.2823,0.2776,0.2803,37071893.0,2025-05-05 14:00:00
1746457200000.0,0.2803,0.2804,0.275,0.2771,33218531.0,2025-05-05 15:00:00
1746460800000.0,0.2771,0.2804,0.2764,0.2778,23220818.0,2025-05-05 16:00:00
1746464400000.0,0.2778,0.2829,0.2764,0.2815,27773739.0,2025-05-05 17:00:00
1746468000000.0,0.2816,0.2837,0.2808,0.2828,20178037.0,2025-05-05 18:00:00
1746471600000.0,0.2828,0.2834,0.2777,0.2783,19400225.0,2025-05-05 19:00:00
1746475200000.0,0.2783,0.2786,0.2678,0.2708,91403140.0,2025-05-05 20:00:00
1746478800000.0,0.2708,0.2736,0.2691,0.2705,32553214.0,2025-05-05 21:00:00
1746482400000.0,0.2704,0.2728,0.2692,0.2713,26075562.0,2025-05-05 22:00:00
1746486000000.0,0.2713,0.2716,0.2601,0.2619,92840430.0,2025-05-05 23:00:00
1746489600000.0,0.262,0.2631,0.2594,0.2623,43779429.0,2025-05-06 00:00:00
1746493200000.0,0.2622,0.2655,0.2598,0.2636,50254710.0,2025-05-06 01:00:00
1746496800000.0,0.2636,0.2649,0.2615,0.2639,30776620.0,2025-05-06 02:00:00
1746500400000.0,0.2639,0.2676,0.2639,0.2672,27153853.0,2025-05-06 03:00:00
1746504000000.0,0.2672,0.2675,0.2658,0.2659,15788134.0,2025-05-06 04:00:00
1746507600000.0,0.266,0.2663,0.2641,0.2648,17106959.0,2025-05-06 05:00:00
1746511200000.0,0.2648,0.2691,0.2647,0.2689,20612885.0,2025-05-06 06:00:00
1746514800000.0,0.2689,0.27,0.2669,0.2672,24316660.0,2025-05-06 07:00:00
1746518400000.0,0.2673,0.2678,0.2627,0.2653,44300655.0,2025-05-06 08:00:00
1746522000000.0,0.2652,0.2654,0.262,0.2644,32128108.0,2025-05-06 09:00:00
1746525600000.0,0.2644,0.2645,0.2607,0.2622,41598955.0,2025-05-06 10:00:00
1746529200000.0,0.2621,0.2643,0.259,0.2618,46235915.0,2025-05-06 11:00:00
1746532800000.0,0.2617,0.2625,0.2598,0.2625,24956883.0,2025-05-06 12:00:00
1746536400000.0,0.2625,0.2635,0.2592,0.2618,43711833.0,2025-05-06 13:00:00
1746540000000.0,0.2618,0.267,0.2618,0.2624,54955839.0,2025-05-06 14:00:00
1746543600000.0,0.2624,0.2644,0.2573,0.2592,58267779.0,2025-05-06 15:00:00
1746547200000.0,0.2592,0.2603,0.2561,0.2569,56458282.0,2025-05-06 16:00:00
1746550800000.0,0.2568,0.2626,0.2567,0.2606,31281461.0,2025-05-06 17:00:00
1746554400000.0,0.2607,0.2649,0.2606,0.264,27413788.0,2025-05-06 18:00:00
1746558000000.0,0.2641,0.2658,0.2632,0.2637,21810176.0,2025-05-06 19:00:00
1746561600000.0,0.2638,0.2648,0.2597,0.2607,21951167.0,2025-05-06 20:00:00
1746565200000.0,0.2607,0.2622,0.2573,0.2609,25125263.0,2025-05-06 21:00:00
1746568800000.0,0.2609,0.2693,0.2608,0.2686,48226553.0,2025-05-06 22:00:00
1746572400000.0,0.2686,0.2708,0.2665,0.2696,32574098.0,2025-05-06 23:00:00
1746576000000.0,0.2696,0.275,0.2695,0.2726,69744053.0,2025-05-07 00:00:00
1746579600000.0,0.2726,0.2748,0.2718,0.274,33972164.0,2025-05-07 01:00:00
1746583200000.0,0.2739,0.2742,0.2698,0.27,32090022.0,2025-05-07 02:00:00
1746586800000.0,0.2701,0.2709,0.267,0.2701,31789705.0,2025-05-07 03:00:00
1746590400000.0,0.2701,0.2714,0.2694,0.2702,19032310.0,2025-05-07 04:00:00
1746594000000.0,0.2702,0.2716,0.2693,0.2697,15590992.0,2025-05-07 05:00:00
1746597600000.0,0.2696,0.2712,0.2673,0.2695,25337900.0,2025-05-07 06:00:00
1746601200000.0,0.2694,0.2728,0.2691,0.2725,19720298.0,2025-05-07 07:00:00
1746604800000.0,0.2724,0.273,0.2704,0.2719,22121280.0,2025-05-07 08:00:00
1746608400000.0,0.2719,0.2731,0.2704,0.2721,16017387.0,2025-05-07 09:00:00
1746612000000.0,0.2721,0.2724,0.2692,0.2699,16110647.0,2025-05-07 10:00:00
1746615600000.0,0.2699,0.2722,0.269,0.2713,13847477.0,2025-05-07 11:00:00
1746619200000.0,0.2714,0.2715,0.2671,0.2684,31174081.0,2025-05-07 12:00:00
1746622800000.0,0.2683,0.2711,0.2662,0.27,31090190.0,2025-05-07 13:00:00
1746626400000.0,0.27,0.2707,0.2649,0.2662,46045070.0,2025-05-07 14:00:00
1746630000000.0,0.2662,0.267,0.2645,0.2653,24078811.0,2025-05-07 15:00:00
1746633600000.0,0.2652,0.2655,0.2613,0.2653,35206127.0,2025-05-07 16:00:00
1746637200000.0,0.2652,0.2658,0.262,0.2642,26379965.0,2025-05-07 17:00:00
1746640800000.0,0.2642,0.2702,0.2628,0.2676,58488673.0,2025-05-07 18:00:00
1746644400000.0,0.2676,0.2681,0.2627,0.2644,32301646.0,2025-05-07 19:00:00
1746648000000.0,0.2645,0.2661,0.2625,0.2653,17002480.0,2025-05-07 20:00:00
1746651600000.0,0.2652,0.2681,0.263,0.2656,15802380.0,2025-05-07 21:00:00
1746655200000.0,0.2656,0.2684,0.265,0.2679,21827427.0,2025-05-07 22:00:00
1746658800000.0,0.2679,0.2695,0.2663,0.2673,14609651.0,2025-05-07 23:00:00
1746662400000.0,0.2674,0.2723,0.2671,0.2718,24811776.0,2025-05-08 00:00:00
1746666000000.0,0.2717,0.274,0.2695,0.271,41224261.0,2025-05-08 01:00:00
1746669600000.0,0.2711,0.2775,0.2711,0.2756,39915043.0,2025-05-08 02:00:00
1746673200000.0,0.2756,0.2856,0.2748,0.2844,79523085.0,2025-05-08 03:00:00
1746676800000.0,0.2845,0.3029,0.2845,0.2956,165482230.0,2025-05-08 04:00:00
1746680400000.0,0.2956,0.3001,0.2936,0.294,54698971.0,2025-05-08 05:00:00
1746684000000.0,0.2939,0.3019,0.2933,0.3018,42841670.0,2025-05-08 06:00:00
1746687600000.0,0.3018,0.3039,0.2971,0.299,70726621.0,2025-05-08 07:00:00
1746691200000.0,0.299,0.3019,0.2979,0.3001,38419289.0,2025-05-08 08:00:00
1746694800000.0,0.3001,0.309,0.2988,0.3075,50002181.0,2025-05-08 09:00:00
1746698400000.0,0.3074,0.3102,0.3047,0.3092,42077080.0,2025-05-08 10:00:00
1746702000000.0,0.3091,0.3096,0.3046,0.3058,41384295.0,2025-05-08 11:00:00
1746705600000.0,0.3058,0.3108,0.3029,0.3034,50791857.0,2025-05-08 12:00:00
1746709200000.0,0.3033,0.3077,0.3012,0.3026,47457130.0,2025-05-08 13:00:00
1746712800000.0,0.3026,0.3082,0.3004,0.3048,40237990.0,2025-05-08 14:00:00
1746716400000.0,0.3047,0.3193,0.3044,0.3108,129854187.0,2025-05-08 15:00:00
1746720000000.0,0.3107,0.315,0.3076,0.314,65536824.0,2025-05-08 16:00:00
1746723600000.0,0.314,0.317,0.3112,0.3126,52419929.0,2025-05-08 17:00:00
1746727200000.0,0.3126,0.3172,0.3122,0.3139,41858523.0,2025-05-08 18:00:00
1746730800000.0,0.3138,0.3249,0.313,0.3249,75357037.0,2025-05-08 19:00:00
1746734400000.0,0.3249,0.3339,0.3204,0.3311,85828793.0,2025-05-08 20:00:00
1746738000000.0,0.3311,0.3519,0.3265,0.3467,131652292.0,2025-05-08 21:00:00
1746741600000.0,0.3467,0.3509,0.339,0.344,78309122.0,2025-05-08 22:00:00
1746745200000.0,0.344,0.3445,0.3362,0.3406,61734598.0,2025-05-08 23:00:00
1746748800000.0,0.3406,0.3472,0.3365,0.3435,52599889.0,2025-05-09 00:00:00
1746752400000.0,0.3435,0.3496,0.3403,0.3425,44578601.0,2025-05-09 01:00:00
1746756000000.0,0.3425,0.3483,0.3387,0.3474,50344789.0,2025-05-09 02:00:00
1746759600000.0,0.3475,0.3501,0.3358,0.3384,64324507.0,2025-05-09 03:00:00
1746763200000.0,0.3385,0.3391,0.3335,0.3366,56958889.0,2025-05-09 04:00:00
1746766800000.0,0.3367,0.3524,0.3359,0.3504,70823408.0,2025-05-09 05:00:00
1746770400000.0,0.3505,0.37,0.3491,0.3674,120888593.0,2025-05-09 06:00:00
1746774000000.0,0.3674,0.389,0.3672,0.3743,224765715.0,2025-05-09 07:00:00
1746777600000.0,0.3744,0.3938,0.3635,0.373,182344263.0,2025-05-09 08:00:00
1746781200000.0,0.373,0.3787,0.3618,0.3696,113496151.0,2025-05-09 09:00:00
1746784800000.0,0.3697,0.3808,0.3674,0.3785,62315260.0,2025-05-09 10:00:00
1746788400000.0,0.3785,0.3849,0.3694,0.3748,71440050.0,2025-05-09 11:00:00
1746792000000.0,0.3748,0.383,0.3703,0.3813,39797190.0,2025-05-09 12:00:00
1746795600000.0,0.3814,0.3952,0.3787,0.3904,88471275.0,2025-05-09 13:00:00
1746799200000.0,0.3903,0.392,0.3679,0.373,117913178.0,2025-05-09 14:00:00
1746802800000.0,0.3731,0.3772,0.3617,0.3657,88805431.0,2025-05-09 15:00:00
1746806400000.0,0.3658,0.3702,0.3601,0.3622,65941189.0,2025-05-09 16:00:00
1746810000000.0,0.3623,0.3732,0.3606,0.372,51496289.0,2025-05-09 17:00:00
1746813600000.0,0.3719,0.3729,0.3664,0.368,25471072.0,2025-05-09 18:00:00
1746817200000.0,0.368,0.3702,0.363,0.3633,23283908.0,2025-05-09 19:00:00
1746820800000.0,0.3634,0.3689,0.3631,0.3677,19385850.0,2025-05-09 20:00:00
1746824400000.0,0.3677,0.3705,0.3649,0.3695,16646946.0,2025-05-09 21:00:00
1746828000000.0,0.3696,0.3714,0.3653,0.3656,18463445.0,2025-05-09 22:00:00
1746831600000.0,0.3657,0.3704,0.3653,0.3678,20684271.0,2025-05-09 23:00:00
1746835200000.0,0.3679,0.3767,0.3566,0.3616,69936062.0,2025-05-10 00:00:00
1746838800000.0,0.3616,0.3728,0.3612,0.3717,41341227.0,2025-05-10 01:00:00
1746842400000.0,0.3717,0.3788,0.3697,0.3716,39729113.0,2025-05-10 02:00:00
1746846000000.0,0.3715,0.3723,0.3683,0.3709,17277677.0,2025-05-10 03:00:00
1746849600000.0,0.3709,0.3738,0.3651,0.3704,21358898.0,2025-05-10 04:00:00
1746853200000.0,0.3705,0.3737,0.3691,0.3728,20575267.0,2025-05-10 05:00:00
1746856800000.0,0.3728,0.378,0.3677,0.3706,44233242.0,2025-05-10 06:00:00
1746860400000.0,0.3705,0.3822,0.3693,0.3805,43717342.0,2025-05-10 07:00:00
1746864000000.0,0.3805,0.3873,0.3726,0.3774,67575362.0,2025-05-10 08:00:00
1746867600000.0,0.3775,0.3846,0.3713,0.3828,44368586.0,2025-05-10 09:00:00
1746871200000.0,0.3829,0.3889,0.3777,0.3779,45330969.0,2025-05-10 10:00:00
1746874800000.0,0.378,0.3808,0.3691,0.3699,44661164.0,2025-05-10 11:00:00
1746878400000.0,0.37,0.3825,0.3698,0.3783,39910207.0,2025-05-10 12:00:00
1746882000000.0,0.3784,0.3858,0.3779,0.385,33472712.0,2025-05-10 13:00:00
1746885600000.0,0.3849,0.3868,0.3784,0.3811,24731462.0,2025-05-10 14:00:00
1746889200000.0,0.3811,0.3849,0.3792,0.381,23359916.0,2025-05-10 15:00:00
1746892800000.0,0.381,0.3877,0.3791,0.3868,29227033.0,2025-05-10 16:00:00
1746896400000.0,0.3868,0.3956,0.383,0.3862,68210988.0,2025-05-10 17:00:00
1746900000000.0,0.3862,0.3905,0.3826,0.3901,26196067.0,2025-05-10 18:00:00
1746903600000.0,0.3902,0.3931,0.3873,0.3909,19688811.0,2025-05-10 19:00:00
1746907200000.0,0.3909,0.3928,0.386,0.3894,18261201.0,2025-05-10 20:00:00
1746910800000.0,0.3894,0.4142,0.3894,0.4069,52191062.0,2025-05-10 21:00:00
1746914400000.0,0.4068,0.4273,0.4028,0.4228,62512348.0,2025-05-10 22:00:00
1746918000000.0,0.4229,0.4264,0.4138,0.4185,76153066.0,2025-05-10 23:00:00
1746921600000.0,0.4185,0.4267,0.4083,0.4216,78470126.0,2025-05-11 00:00:00
1746925200000.0,0.4215,0.4355,0.4114,0.4152,75816954.0,2025-05-11 01:00:00
1746928800000.0,0.4151,0.4289,0.4106,0.4177,49982452.0,2025-05-11 02:00:00
1746932400000.0,0.4177,0.4239,0.4121,0.4166,35009083.0,2025-05-11 03:00:00
1746936000000.0,0.4166,0.419,0.4073,0.4095,36308413.0,2025-05-11 04:00:00
1746939600000.0,0.4096,0.4101,0.4039,0.4054,28788573.0,2025-05-11 05:00:00
1746943200000.0,0.4054,0.408,0.3959,0.4003,51077159.0,2025-05-11 06:00:00
1746946800000.0,0.4003,0.4004,0.3876,0.3913,69731260.0,2025-05-11 07:00:00
1746950400000.0,0.3913,0.397,0.3905,0.3943,27651611.0,2025-05-11 08:00:00
1746954000000.0,0.3943,0.4041,0.3943,0.4025,38643430.0,2025-05-11 09:00:00
1746957600000.0,0.4024,0.4098,0.4009,0.409,32883087.0,2025-05-11 10:00:00
1746961200000.0,0.4089,0.4152,0.4032,0.4142,39271045.0,2025-05-11 11:00:00
1746964800000.0,0.4141,0.4173,0.4094,0.4142,32103393.0,2025-05-11 12:00:00
1746968400000.0,0.4142,0.4198,0.3994,0.4002,61945803.0,2025-05-11 13:00:00
1746972000000.0,0.4002,0.4167,0.3985,0.4093,62153183.0,2025-05-11 14:00:00
1746975600000.0,0.4094,0.414,0.3986,0.4025,40408166.0,2025-05-11 15:00:00
1746979200000.0,0.4024,0.4033,0.3929,0.3957,44122964.0,2025-05-11 16:00:00
1746982800000.0,0.3957,0.4082,0.393,0.4074,37928784.0,2025-05-11 17:00:00
1746986400000.0,0.4075,0.4188,0.4047,0.4113,40648683.0,2025-05-11 18:00:00
1746990000000.0,0.4113,0.4126,0.4048,0.4061,25199729.0,2025-05-11 19:00:00
1746993600000.0,0.4061,0.4096,0.4016,0.408,20418488.0,2025-05-11 20:00:00
1746997200000.0,0.408,0.4085,0.4009,0.4055,15892334.0,2025-05-11 21:00:00
1747000800000.0,0.4055,0.4072,0.3991,0.4043,18261584.0,2025-05-11 22:00:00
1747004400000.0,0.4043,0.4083,0.4006,0.4081,24208382.0,2025-05-11 23:00:00
1747008000000.0,0.4082,0.4207,0.4059,0.4194,36421831.0,2025-05-12 00:00:00
1747011600000.0,0.4194,0.4256,0.4062,0.4139,46175672.0,2025-05-12 01:00:00
1747015200000.0,0.4139,0.4257,0.4121,0.4208,45751017.0,2025-05-12 02:00:00
1747018800000.0,0.4208,0.4227,0.4121,0.4152,40133119.0,2025-05-12 03:00:00
1747022400000.0,0.4152,0.4177,0.4102,0.4162,21689409.0,2025-05-12 04:00:00
1747026000000.0,0.4162,0.4197,0.4079,0.4094,29795785.0,2025-05-12 05:00:00
1747029600000.0,0.4095,0.4183,0.4073,0.4165,21395979.0,2025-05-12 06:00:00
1747033200000.0,0.4165,0.4395,0.4165,0.4228,116193510.0,2025-05-12 07:00:00
1747036800000.0,0.4227,0.4298,0.4111,0.4263,78203892.0,2025-05-12 08:00:00
1747040400000.0,0.4263,0.4289,0.4133,0.4152,37018454.0,2025-05-12 09:00:00
1747044000000.0,0.4152,0.4223,0.4122,0.4195,36190938.0,2025-05-12 10:00:00
1747047600000.0,0.4195,0.4244,0.4037,0.4055,60058447.0,2025-05-12 11:00:00
1747051200000.0,0.4054,0.4148,0.4018,0.4121,53375525.0,2025-05-12 12:00:00
1747054800000.0,0.4121,0.4179,0.4056,0.4115,67360766.0,2025-05-12 13:00:00
1747058400000.0,0.4115,0.4171,0.3948,0.398,107391110.0,2025-05-12 14:00:00
1747062000000.0,0.398,0.404,0.3908,0.3983,78022971.0,2025-05-12 15:00:00
1747065600000.0,0.3982,0.4034,0.3958,0.4015,37061551.0,2025-05-12 16:00:00
1747069200000.0,0.4016,0.4041,0.3888,0.3923,36603703.0,2025-05-12 17:00:00
1747072800000.0,0.3923,0.3937,0.3698,0.3777,141127579.0,2025-05-12 18:00:00
1747076400000.0,0.3778,0.3842,0.3769,0.3834,43426385.0,2025-05-12 19:00:00
1747080000000.0,0.3833,0.3921,0.382,0.3887,38112612.0,2025-05-12 20:00:00
1747083600000.0,0.3888,0.3905,0.3845,0.3857,17619224.0,2025-05-12 21:00:00
1747087200000.0,0.3857,0.3895,0.383,0.3855,24368639.0,2025-05-12 22:00:00
1747090800000.0,0.3856,0.392,0.3853,0.3867,21129552.0,2025-05-12 23:00:00
1747094400000.0,0.3868,0.3877,0.3771,0.3776,34292950.0,2025-05-13 00:00:00
1747098000000.0,0.3776,0.3798,0.3674,0.3708,62399936.0,2025-05-13 01:00:00
1747101600000.0,0.3709,0.3725,0.3616,0.3654,54152496.0,2025-05-13 02:00:00
1747105200000.0,0.3654,0.3682,0.3573,0.3587,54732812.0,2025-05-13 03:00:00
1747108800000.0,0.3586,0.3718,0.3582,0.3715,41577279.0,2025-05-13 04:00:00
1747112400000.0,0.3715,0.375,0.3681,0.3712,33383775.0,2025-05-13 05:00:00
1747116000000.0,0.3713,0.3741,0.3692,0.3703,24058347.0,2025-05-13 06:00:00
1747119600000.0,0.3704,0.3771,0.3695,0.3748,24212711.0,2025-05-13 07:00:00
1747123200000.0,0.3748,0.3826,0.3738,0.3753,35998538.0,2025-05-13 08:00:00
1747126800000.0,0.3753,0.3876,0.3749,0.3812,49772461.0,2025-05-13 09:00:00
1747130400000.0,0.3812,0.382,0.376,0.3792,36378609.0,2025-05-13 10:00:00
1747134000000.0,0.3791,0.3871,0.3773,0.3843,32414340.0,2025-05-13 11:00:00
1747137600000.0,0.3843,0.396,0.3774,0.3891,81959902.0,2025-05-13 12:00:00
1747141200000.0,0.3892,0.3982,0.3889,0.3938,61313802.0,2025-05-13 13:00:00
1747144800000.0,0.3939,0.3991,0.3864,0.3886,74726466.0,2025-05-13 14:00:00
1747148400000.0,0.3885,0.3962,0.3858,0.395,38805536.0,2025-05-13 15:00:00
1747152000000.0,0.395,0.4424,0.394,0.4409,264832247.0,2025-05-13 16:00:00
1747155600000.0,0.4409,0.4542,0.4357,0.4426,163263734.0,2025-05-13 17:00:00
1747159200000.0,0.4425,0.4452,0.4308,0.4386,72352664.0,2025-05-13 18:00:00
1747162800000.0,0.4386,0.454,0.4343,0.4435,89480977.0,2025-05-13 19:00:00
1747166400000.0,0.4434,0.4495,0.4358,0.4473,47396201.0,2025-05-13 20:00:00
1747170000000.0,0.4473,0.4564,0.4444,0.4493,40834472.0,2025-05-13 21:00:00
1747173600000.0,0.4492,0.4562,0.4435,0.4442,39106866.0,2025-05-13 22:00:00
1747177200000.0,0.4443,0.4611,0.4402,0.4542,51076788.0,2025-05-13 23:00:00
1747180800000.0,0.4542,0.4628,0.4471,0.4514,55740710.0,2025-05-14 00:00:00
1747184400000.0,0.4514,0.4556,0.441,0.445,44320798.0,2025-05-14 01:00:00
1747188000000.0,0.445,0.4468,0.4323,0.4347,73072309.0,2025-05-14 02:00:00
1747191600000.0,0.4346,0.4367,0.4274,0.432,44720299.0,2025-05-14 03:00:00
1747195200000.0,0.432,0.435,0.4273,0.4346,30574544.0,2025-05-14 04:00:00
1747198800000.0,0.4346,0.4387,0.4288,0.4365,41299110.0,2025-05-14 05:00:00
1747202400000.0,0.4365,0.4398,0.4313,0.4373,31688403.0,2025-05-14 06:00:00
1747206000000.0,0.4373,0.4378,0.4274,0.4284,37759973.0,2025-05-14 07:00:00
1747209600000.0,0.4284,0.4313,0.4202,0.4211,74500193.0,2025-05-14 08:00:00
1747213200000.0,0.4212,0.4258,0.417,0.4242,66942293.0,2025-05-14 09:00:00
1747216800000.0,0.4242,0.4285,0.423,0.4235,25240158.0,2025-05-14 10:00:00
1747220400000.0,0.4235,0.429,0.4235,0.4247,18934111.0,2025-05-14 11:00:00
1747224000000.0,0.4248,0.4255,0.4162,0.4191,45775214.0,2025-05-14 12:00:00
1747227600000.0,0.4191,0.4216,0.4085,0.4145,81558175.0,2025-05-14 13:00:00
1747231200000.0,0.4145,0.4146,0.4045,0.4093,72612881.0,2025-05-14 14:00:00
1747234800000.0,0.4094,0.4094,0.4019,0.4085,52781719.0,2025-05-14 15:00:00
1747238400000.0,0.4085,0.4102,0.4021,0.405,34921277.0,2025-05-14 16:00:00
1747242000000.0,0.405,0.4073,0.3989,0.407,44726672.0,2025-05-14 17:00:00
1747245600000.0,0.407,0.4088,0.4042,0.4085,27518227.0,2025-05-14 18:00:00
1747249200000.0,0.4085,0.4117,0.4061,0.4073,35291454.0,2025-05-14 19:00:00
1747252800000.0,0.4074,0.4134,0.4069,0.4073,20660590.0,2025-05-14 20:00:00
1747256400000.0,0.4073,0.4124,0.4032,0.412,23208661.0,2025-05-14 21:00:00
1747260000000.0,0.412,0.4133,0.4028,0.4044,20085847.0,2025-05-14 22:00:00
1747263600000.0,0.4044,0.4092,0.4015,0.4076,19886322.0,2025-05-14 23:00:00
1747267200000.0,0.4076,0.4219,0.407,0.4168,53061883.0,2025-05-15 00:00:00
1747270800000.0,0.4168,0.4182,0.3962,0.4015,83625631.0,2025-05-15 01:00:00
1747274400000.0,0.4015,0.4097,0.4,0.4051,43729928.0,2025-05-15 02:00:00
1747278000000.0,0.405,0.4065,0.3838,0.3865,98731083.0,2025-05-15 03:00:00
1747281600000.0,0.3865,0.3913,0.3846,0.3897,50627937.0,2025-05-15 04:00:00
1747285200000.0,0.3896,0.391,0.3764,0.3777,70323744.0,2025-05-15 05:00:00
1747288800000.0,0.3778,0.3808,0.3739,0.3782,61026485.0,2025-05-15 06:00:00
1747292400000.0,0.3783,0.3793,0.3661,0.368,70293510.0,2025-05-15 07:00:00
1747296000000.0,0.3679,0.3789,0.3678,0.3772,51148511.0,2025-05-15 08:00:00
1747299600000.0,0.3771,0.3778,0.3694,0.3733,43365719.0,2025-05-15 09:00:00
1747303200000.0,0.3733,0.3752,0.3699,0.3741,35102444.0,2025-05-15 10:00:00
1747306800000.0,0.374,0.3776,0.3708,0.3758,50855600.0,2025-05-15 11:00:00
1747310400000.0,0.3757,0.3822,0.3723,0.3754,70581056.0,2025-05-15 12:00:00
1747314000000.0,0.3753,0.378,0.3663,0.3734,63612373.0,2025-05-15 13:00:00
1747317600000.0,0.3733,0.3747,0.3638,0.3694,82792424.0,2025-05-15 14:00:00
1747321200000.0,0.3693,0.3832,0.3681,0.383,74001172.0,2025-05-15 15:00:00
1747324800000.0,0.383,0.3893,0.3751,0.3891,79381445.0,2025-05-15 16:00:00
1747328400000.0,0.3891,0.3893,0.3806,0.3822,70526724.0,2025-05-15 17:00:00
1747332000000.0,0.3822,0.3835,0.3709,0.3729,75624035.0,2025-05-15 18:00:00
1747335600000.0,0.3729,0.3769,0.3671,0.3724,42376137.0,2025-05-15 19:00:00
1747339200000.0,0.3725,0.3753,0.366,0.3697,35304480.0,2025-05-15 20:00:00
1747342800000.0,0.3697,0.3713,0.3624,0.3694,34538470.0,2025-05-15 21:00:00
1747346400000.0,0.3695,0.3739,0.3644,0.3645,27209724.0,2025-05-15 22:00:00
1747350000000.0,0.3645,0.3684,0.3567,0.3669,52217619.0,2025-05-15 23:00:00
1747353600000.0,0.3669,0.3728,0.3646,0.3695,38094438.0,2025-05-16 00:00:00
1747357200000.0,0.3696,0.3728,0.3636,0.3719,44192722.0,2025-05-16 01:00:00
1747360800000.0,0.3718,0.3766,0.3692,0.3735,31867674.0,2025-05-16 02:00:00
1747364400000.0,0.3735,0.3822,0.3729,0.379,46167366.0,2025-05-16 03:00:00
1747368000000.0,0.3791,0.3823,0.3707,0.3743,41350729.0,2025-05-16 04:00:00
1747371600000.0,0.3744,0.38,0.3743,0.3787,36640410.0,2025-05-16 05:00:00
1747375200000.0,0.3787,0.3838,0.3778,0.3805,41161196.0,2025-05-16 06:00:00
1747378800000.0,0.3805,0.3841,0.3771,0.3801,35807720.0,2025-05-16 07:00:00
1747382400000.0,0.3802,0.3819,0.3709,0.376,48846443.0,2025-05-16 08:00:00
1747386000000.0,0.3761,0.3813,0.3741,0.3804,36053882.0,2025-05-16 09:00:00
1747389600000.0,0.3805,0.385,0.3781,0.3829,28808521.0,2025-05-16 10:00:00
1747393200000.0,0.3829,0.3877,0.3809,0.3849,45796480.0,2025-05-16 11:00:00
1747396800000.0,0.3849,0.3879,0.3801,0.3825,38962082.0,2025-05-16 12:00:00
1747400400000.0,0.3824,0.3914,0.3813,0.3907,49152462.0,2025-05-16 13:00:00
1747404000000.0,0.3906,0.3906,0.375,0.3786,84173704.0,2025-05-16 14:00:00
1747407600000.0,0.3787,0.3845,0.3785,0.3821,39099302.0,2025-05-16 15:00:00
1747411200000.0,0.3822,0.3859,0.3709,0.3793,63191714.0,2025-05-16 16:00:00
1747414800000.0,0.3793,0.3891,0.3776,0.3843,79597648.0,2025-05-16 17:00:00
1747418400000.0,0.3842,0.3875,0.3783,0.3872,44603415.0,2025-05-16 18:00:00
1747422000000.0,0.3872,0.3942,0.3838,0.3895,62650389.0,2025-05-16 19:00:00
1747425600000.0,0.3895,0.3913,0.3809,0.3827,33414522.0,2025-05-16 20:00:00
1747429200000.0,0.3826,0.3865,0.38,0.3832,18454530.0,2025-05-16 21:00:00
1747432800000.0,0.3833,0.3839,0.3736,0.3784,38363961.0,2025-05-16 22:00:00
1747436400000.0,0.3784,0.3866,0.3778,0.3786,32165549.0,2025-05-16 23:00:00
1747440000000.0,0.3785,0.3817,0.3745,0.3801,41070983.0,2025-05-17 00:00:00
1747443600000.0,0.38,0.3817,0.3728,0.3775,43798296.0,2025-05-17 01:00:00
1747447200000.0,0.3776,0.3921,0.3751,0.3887,63155470.0,2025-05-17 02:00:00
1747450800000.0,0.3886,0.3928,0.3815,0.3903,56485141.0,2025-05-17 03:00:00
1747454400000.0,0.3902,0.392,0.3826,0.3827,38142192.0,2025-05-17 04:00:00
1747458000000.0,0.3827,0.384,0.376,0.3781,51531578.0,2025-05-17 05:00:00
1747461600000.0,0.378,0.382,0.3758,0.3818,41581168.0,2025-05-17 06:00:00
1747465200000.0,0.3817,0.3871,0.3759,0.3782,44231520.0,2025-05-17 07:00:00
1747468800000.0,0.3782,0.3789,0.369,0.3696,62180759.0,2025-05-17 08:00:00
1747472400000.0,0.3696,0.3706,0.3651,0.3685,56971272.0,2025-05-17 09:00:00
1747476000000.0,0.3685,0.3727,0.3649,0.3661,40031079.0,2025-05-17 10:00:00
1747479600000.0,0.3661,0.3668,0.3616,0.3632,47722275.0,2025-05-17 11:00:00
1747483200000.0,0.3633,0.3645,0.3587,0.3595,29528716.0,2025-05-17 12:00:00
1747486800000.0,0.3596,0.3636,0.3557,0.3588,52946230.0,2025-05-17 13:00:00
1747490400000.0,0.3587,0.3662,0.3578,0.364,44162488.0,2025-05-17 14:00:00
1747494000000.0,0.3639,0.3649,0.3578,0.3601,31047938.0,2025-05-17 15:00:00
1747497600000.0,0.3601,0.3621,0.3513,0.3546,65573244.0,2025-05-17 16:00:00
1747501200000.0,0.3545,0.3575,0.3533,0.354,27418245.0,2025-05-17 17:00:00
1747504800000.0,0.354,0.3591,0.3522,0.3522,26083619.0,2025-05-17 18:00:00
1747508400000.0,0.3522,0.3527,0.3479,0.3502,37802126.0,2025-05-17 19:00:00
1747512000000.0,0.3502,0.3566,0.3476,0.3558,24777419.0,2025-05-17 20:00:00
1747515600000.0,0.3558,0.3566,0.3516,0.3525,14649685.0,2025-05-17 21:00:00
1747519200000.0,0.3524,0.3526,0.346,0.3479,21407153.0,2025-05-17 22:00:00
1747522800000.0,0.3478,0.3514,0.346,0.3497,17381112.0,2025-05-17 23:00:00
1747526400000.0,0.3496,0.3527,0.347,0.3519,25999564.0,2025-05-18 00:00:00
1747530000000.0,0.3519,0.3562,0.3497,0.3556,21855625.0,2025-05-18 01:00:00
1747533600000.0,0.3555,0.3577,0.3528,0.3551,29608474.0,2025-05-18 02:00:00
1747537200000.0,0.3552,0.3614,0.3527,0.3602,29921936.0,2025-05-18 03:00:00
1747540800000.0,0.3603,0.3688,0.3603,0.3674,37353482.0,2025-05-18 04:00:00
1747544400000.0,0.3674,0.3797,0.3661,0.3785,59897217.0,2025-05-18 05:00:00
1747548000000.0,0.3786,0.3823,0.3761,0.3796,51128918.0,2025-05-18 06:00:00
1747551600000.0,0.3797,0.3843,0.3785,0.3838,36278289.0,2025-05-18 07:00:00
1747555200000.0,0.3838,0.3877,0.3821,0.3834,42557425.0,2025-05-18 08:00:00
1747558800000.0,0.3834,0.3852,0.376,0.3796,41948534.0,2025-05-18 09:00:00
1747562400000.0,0.3797,0.3801,0.3743,0.3768,30788226.0,2025-05-18 10:00:00
1747566000000.0,0.3769,0.3796,0.3748,0.3756,25236698.0,2025-05-18 11:00:00
1747569600000.0,0.3756,0.3799,0.3718,0.3797,35043450.0,2025-05-18 12:00:00
1747573200000.0,0.3797,0.389,0.3776,0.3884,53240413.0,2025-05-18 13:00:00
1747576800000.0,0.3885,0.4045,0.3839,0.3963,110234420.0,2025-05-18 14:00:00
1747580400000.0,0.3963,0.4072,0.3924,0.4048,86613451.0,2025-05-18 15:00:00
1747584000000.0,0.4049,0.4067,0.3979,0.4025,57655613.0,2025-05-18 16:00:00
1747587600000.0,0.4024,0.4027,0.3869,0.3877,75158956.0,2025-05-18 17:00:00
1747591200000.0,0.3878,0.3886,0.3749,0.3771,100825440.0,2025-05-18 18:00:00
1747594800000.0,0.3771,0.3808,0.3667,0.368,59936723.0,2025-05-18 19:00:00
1747598400000.0,0.368,0.3715,0.3574,0.3702,92826086.0,2025-05-18 20:00:00
1747602000000.0,0.3702,0.3771,0.3699,0.3723,32218597.0,2025-05-18 21:00:00
1747605600000.0,0.3723,0.3808,0.3655,0.3805,62848413.0,2025-05-18 22:00:00
1747609200000.0,0.3806,0.3933,0.3741,0.3902,49377437.0,2025-05-18 23:00:00
1747612800000.0,0.3902,0.3941,0.3743,0.3765,84759131.0,2025-05-19 00:00:00
1747616400000.0,0.3766,0.3798,0.3728,0.3739,39386232.0,2025-05-19 01:00:00
1747620000000.0,0.3738,0.3756,0.3676,0.3696,42075042.0,2025-05-19 02:00:00
1747623600000.0,0.3695,0.37,0.3609,0.3633,48529793.0,2025-05-19 03:00:00
1747627200000.0,0.3634,0.3665,0.3492,0.3521,92546303.0,2025-05-19 04:00:00
1747630800000.0,0.3522,0.3551,0.3493,0.3536,45199309.0,2025-05-19 05:00:00
1747634400000.0,0.3536,0.3605,0.3482,0.3494,90690266.0,2025-05-19 06:00:00
1747638000000.0,0.3493,0.3578,0.3487,0.3549,44814135.0,2025-05-19 07:00:00
1747641600000.0,0.3549,0.3575,0.3495,0.353,51909855.0,2025-05-19 08:00:00
1747645200000.0,0.3529,0.355,0.3501,0.3512,28167287.0,2025-05-19 09:00:00
1747648800000.0,0.3513,0.3537,0.3472,0.3506,41173302.0,2025-05-19 10:00:00
1747652400000.0,0.3506,0.3533,0.3488,0.3517,27353632.0,2025-05-19 11:00:00
1747656000000.0,0.3517,0.3524,0.3421,0.3453,60101013.0,2025-05-19 12:00:00
1747659600000.0,0.3452,0.3608,0.3435,0.3558,89991043.0,2025-05-19 13:00:00
1747663200000.0,0.3558,0.3612,0.351,0.3591,68392080.0,2025-05-19 14:00:00
1747666800000.0,0.3591,0.363,0.3559,0.36,60364534.0,2025-05-19 15:00:00
1747670400000.0,0.3601,0.3687,0.3556,0.3685,55162636.0,2025-05-19 16:00:00
1747674000000.0,0.3685,0.3791,0.3658,0.3679,97869649.0,2025-05-19 17:00:00
1747677600000.0,0.3679,0.3715,0.3614,0.3642,47415085.0,2025-05-19 18:00:00
1747681200000.0,0.3642,0.3675,0.3616,0.3661,32652042.0,2025-05-19 19:00:00
1747684800000.0,0.366,0.3685,0.3625,0.3644,33255340.0,2025-05-19 20:00:00
1747688400000.0,0.3644,0.3653,0.3585,0.3642,23323594.0,2025-05-19 21:00:00
1747692000000.0,0.3641,0.3641,0.3586,0.3617,17064129.0,2025-05-19 22:00:00
1747695600000.0,0.3617,0.3709,0.3611,0.3695,29626040.0,2025-05-19 23:00:00
1747699200000.0,0.3695,0.3797,0.3655,0.3658,77486298.0,2025-05-20 00:00:00
1747702800000.0,0.3657,0.3829,0.3642,0.3775,82735255.0,2025-05-20 01:00:00
1747706400000.0,0.3775,0.3978,0.3775,0.3869,135331924.0,2025-05-20 02:00:00
1747710000000.0,0.387,0.3892,0.3796,0.3849,66054090.0,2025-05-20 03:00:00
1747713600000.0,0.3849,0.3864,0.3784,0.3835,40425782.0,2025-05-20 04:00:00
1747717200000.0,0.3835,0.3891,0.3811,0.3814,41310728.0,2025-05-20 05:00:00
1747720800000.0,0.3814,0.3828,0.3757,0.3807,41887213.0,2025-05-20 06:00:00
1747724400000.0,0.3808,0.382,0.3702,0.3734,60506179.0,2025-05-20 07:00:00
1747728000000.0,0.3734,0.3784,0.3716,0.3736,44392378.0,2025-05-20 08:00:00
1747731600000.0,0.3735,0.376,0.3707,0.3727,25502376.0,2025-05-20 09:00:00
1747735200000.0,0.3728,0.3736,0.3654,0.3695,53473091.0,2025-05-20 10:00:00
1747738800000.0,0.3696,0.373,0.3653,0.3713,40406193.0,2025-05-20 11:00:00
1747742400000.0,0.3712,0.3712,0.362,0.3661,50342570.0,2025-05-20 12:00:00
1747746000000.0,0.3662,0.369,0.3624,0.3662,42476036.0,2025-05-20 13:00:00
1747749600000.0,0.3661,0.3704,0.3642,0.3653,48185458.0,2025-05-20 14:00:00
1747753200000.0,0.3653,0.375,0.3631,0.3707,62378913.0,2025-05-20 15:00:00
1747756800000.0,0.3708,0.3738,0.3636,0.3646,47272961.0,2025-05-20 16:00:00
1747760400000.0,0.3646,0.375,0.3635,0.3706,58020857.0,2025-05-20 17:00:00
1747764000000.0,0.3705,0.3724,0.3578,0.36,69495705.0,2025-05-20 18:00:00
1747767600000.0,0.3599,0.3771,0.3586,0.3739,56324087.0,2025-05-20 19:00:00
1747771200000.0,0.3739,0.3855,0.37,0.3832,67410078.0,2025-05-20 20:00:00
1747774800000.0,0.3831,0.3873,0.3777,0.379,50397592.0,2025-05-20 21:00:00
1747778400000.0,0.379,0.3811,0.3706,0.3759,33532147.0,2025-05-20 22:00:00
1747782000000.0,0.3759,0.3811,0.3741,0.3775,30047762.0,2025-05-20 23:00:00
1747785600000.0,0.3775,0.3844,0.377,0.3791,32801299.0,2025-05-21 00:00:00
1747789200000.0,0.3791,0.3829,0.3719,0.3727,32631797.0,2025-05-21 01:00:00
1747792800000.0,0.3727,0.3801,0.3669,0.3793,54340088.0,2025-05-21 02:00:00
1747796400000.0,0.3794,0.3927,0.3781,0.3868,73092072.0,2025-05-21 03:00:00
1747800000000.0,0.3867,0.3914,0.3813,0.3855,46845860.0,2025-05-21 04:00:00
1747803600000.0,0.3854,0.3975,0.3852,0.3958,82722025.0,2025-05-21 05:00:00
1747807200000.0,0.3958,0.4023,0.3891,0.3971,76878037.0,2025-05-21 06:00:00
1747810800000.0,0.3972,0.3996,0.3821,0.3827,79576216.0,2025-05-21 07:00:00
1747814400000.0,0.3828,0.3867,0.3794,0.3804,45972133.0,2025-05-21 08:00:00
1747818000000.0,0.3804,0.3821,0.3765,0.3778,37632785.0,2025-05-21 09:00:00
1747821600000.0,0.3778,0.3854,0.3766,0.3828,38973110.0,2025-05-21 10:00:00
1747825200000.0,0.3829,0.3941,0.3824,0.3911,54824404.0,2025-05-21 11:00:00
1747828800000.0,0.391,0.3983,0.3871,0.395,66530264.0,2025-05-21 12:00:00
1747832400000.0,0.3951,0.3983,0.387,0.3936,74328602.0,2025-05-21 13:00:00
1747836000000.0,0.3937,0.4041,0.3915,0.4007,93270504.0,2025-05-21 14:00:00
1747839600000.0,0.4007,0.4066,0.3942,0.3998,113542374.0,2025-05-21 15:00:00
1747843200000.0,0.3999,0.4138,0.398,0.4051,104160843.0,2025-05-21 16:00:00
1747846800000.0,0.4051,0.4091,0.3843,0.3891,199929032.0,2025-05-21 17:00:00
1747850400000.0,0.3892,0.3931,0.3851,0.3872,56601887.0,2025-05-21 18:00:00
1747854000000.0,0.3873,0.3988,0.3853,0.3979,56906628.0,2025-05-21 19:00:00
1747857600000.0,0.3978,0.3994,0.3885,0.3938,56015926.0,2025-05-21 20:00:00
1747861200000.0,0.3938,0.3972,0.3908,0.3949,26126116.0,2025-05-21 21:00:00
1747864800000.0,0.3949,0.4,0.3944,0.3989,29608362.0,2025-05-21 22:00:00
1747868400000.0,0.399,0.4083,0.3956,0.3958,63355820.0,2025-05-21 23:00:00
1747872000000.0,0.3959,0.4136,0.3956,0.4117,75116797.0,2025-05-22 00:00:00
1747875600000.0,0.4118,0.4146,0.401,0.403,58411702.0,2025-05-22 01:00:00
1747879200000.0,0.403,0.4087,0.4003,0.4064,33429959.0,2025-05-22 02:00:00
1747882800000.0,0.4064,0.4132,0.4029,0.4072,48991700.0,2025-05-22 03:00:00
1747886400000.0,0.4072,0.4133,0.403,0.4109,45037009.0,2025-05-22 04:00:00
1747890000000.0,0.4108,0.4146,0.405,0.406,49207344.0,2025-05-22 05:00:00
1747893600000.0,0.4061,0.4087,0.4018,0.4044,45972421.0,2025-05-22 06:00:00
1747897200000.0,0.4044,0.411,0.4025,0.4106,37546025.0,2025-05-22 07:00:00
1747900800000.0,0.4106,0.4204,0.4093,0.4128,82447043.0,2025-05-22 08:00:00
1747904400000.0,0.4129,0.4213,0.4111,0.4156,62962797.0,2025-05-22 09:00:00
1747908000000.0,0.4157,0.4159,0.4059,0.4067,42878438.0,2025-05-22 10:00:00
1747911600000.0,0.4067,0.4095,0.4037,0.4066,38040425.0,2025-05-22 11:00:00
1747915200000.0,0.4064,0.4116,0.403,0.4094,42437707.0,2025-05-22 12:00:00
1747918800000.0,0.4095,0.4096,0.3974,0.4023,74247774.0,2025-05-22 13:00:00
1747922400000.0,0.4023,0.4143,0.4023,0.4114,51665486.0,2025-05-22 14:00:00
1747926000000.0,0.4113,0.4152,0.4096,0.4109,39792409.0,2025-05-22 15:00:00
1747929600000.0,0.411,0.4223,0.4096,0.4179,76969838.0,2025-05-22 16:00:00
1747933200000.0,0.4178,0.4229,0.4148,0.4165,42527388.0,2025-05-22 17:00:00
1747936800000.0,0.4165,0.4188,0.4136,0.418,17001479.0,2025-05-22 18:00:00
1747940400000.0,0.4181,0.4192,0.4106,0.4135,22018574.0,2025-05-22 19:00:00
1747944000000.0,0.4136,0.4223,0.4127,0.414,34068594.0,2025-05-22 20:00:00
1747947600000.0,0.4139,0.4142,0.4061,0.4085,31297097.0,2025-05-22 21:00:00
1747951200000.0,0.4086,0.4159,0.4082,0.4086,32373931.0,2025-05-22 22:00:00
1747954800000.0,0.4087,0.4176,0.4085,0.4167,18271192.0,2025-05-22 23:00:00
1747958400000.0,0.4167,0.4196,0.4112,0.4154,36148238.0,2025-05-23 00:00:00
1747962000000.0,0.4154,0.4279,0.4133,0.4272,45730701.0,2025-05-23 01:00:00
1747965600000.0,0.4273,0.4452,0.4268,0.4403,97986775.0,2025-05-23 02:00:00
1747969200000.0,0.4403,0.4468,0.4403,0.4412,46257718.0,2025-05-23 03:00:00
1747972800000.0,0.4412,0.4445,0.4339,0.4401,52607113.0,2025-05-23 04:00:00
1747976400000.0,0.4401,0.4408,0.4172,0.4252,92406527.0,2025-05-23 05:00:00
1747980000000.0,0.4252,0.426,0.4157,0.4189,51450683.0,2025-05-23 06:00:00
1747983600000.0,0.419,0.4279,0.417,0.4182,55739992.0,2025-05-23 07:00:00
1747987200000.0,0.4182,0.4234,0.4167,0.4213,32657249.0,2025-05-23 08:00:00
1747990800000.0,0.4213,0.4302,0.419,0.4301,43005724.0,2025-05-23 09:00:00
1747994400000.0,0.4301,0.4308,0.4222,0.4264,42328164.0,2025-05-23 10:00:00
1747998000000.0,0.4264,0.4264,0.3985,0.4006,150461734.0,2025-05-23 11:00:00
1748001600000.0,0.4007,0.4011,0.3851,0.3959,173307101.0,2025-05-23 12:00:00
1748005200000.0,0.3958,0.4071,0.3919,0.4063,82080001.0,2025-05-23 13:00:00
1748008800000.0,0.4063,0.4105,0.4015,0.4047,53770024.0,2025-05-23 14:00:00
1748012400000.0,0.4046,0.407,0.3935,0.394,55136321.0,2025-05-23 15:00:00
1748016000000.0,0.394,0.3979,0.389,0.3975,56759544.0,2025-05-23 16:00:00
1748019600000.0,0.3975,0.4007,0.3945,0.3966,34540147.0,2025-05-23 17:00:00
1748023200000.0,0.3965,0.398,0.3886,0.3906,40163800.0,2025-05-23 18:00:00
1748026800000.0,0.3906,0.394,0.3898,0.3904,19512758.0,2025-05-23 19:00:00
1748030400000.0,0.3904,0.3909,0.3818,0.3831,44648304.0,2025-05-23 20:00:00
1748034000000.0,0.3832,0.3858,0.38,0.382,25064845.0,2025-05-23 21:00:00
1748037600000.0,0.382,0.3857,0.378,0.378,28265278.0,2025-05-23 22:00:00
1748041200000.0,0.3781,0.3796,0.3675,0.3703,68645319.0,2025-05-23 23:00:00
1748044800000.0,0.3704,0.3741,0.3682,0.3684,46154482.0,2025-05-24 00:00:00
1748048400000.0,0.3684,0.3732,0.3661,0.3668,44082687.0,2025-05-24 01:00:00
1748052000000.0,0.3668,0.3724,0.3653,0.37,30502271.0,2025-05-24 02:00:00
1748055600000.0,0.37,0.3748,0.3689,0.3739,32068496.0,2025-05-24 03:00:00
1748059200000.0,0.3739,0.3825,0.3721,0.38,39998021.0,2025-05-24 04:00:00
1748062800000.0,0.3801,0.3802,0.3701,0.372,49337057.0,2025-05-24 05:00:00
1748066400000.0,0.3719,0.3746,0.3684,0.3717,38322444.0,2025-05-24 06:00:00
1748070000000.0,0.3717,0.3755,0.3675,0.3684,35310911.0,2025-05-24 07:00:00
1748073600000.0,0.3684,0.3704,0.3642,0.37,51289796.0,2025-05-24 08:00:00
1748077200000.0,0.3701,0.3759,0.3685,0.3705,51146335.0,2025-05-24 09:00:00
1748080800000.0,0.3706,0.3784,0.369,0.3765,40848581.0,2025-05-24 10:00:00
1748084400000.0,0.3765,0.3796,0.3749,0.376,39898195.0,2025-05-24 11:00:00
1748088000000.0,0.3761,0.3779,0.3723,0.3747,31396033.0,2025-05-24 12:00:00
1748091600000.0,0.3748,0.3756,0.3695,0.3704,26104631.0,2025-05-24 13:00:00
1748095200000.0,0.3703,0.3762,0.3696,0.3754,21477647.0,2025-05-24 14:00:00
1748098800000.0,0.3754,0.3769,0.3676,0.3711,41192141.0,2025-05-24 15:00:00
1748102400000.0,0.3711,0.3727,0.3669,0.371,25593967.0,2025-05-24 16:00:00
1748106000000.0,0.371,0.3752,0.369,0.37,19665920.0,2025-05-24 17:00:00
1748109600000.0,0.3701,0.373,0.3664,0.367,20611102.0,2025-05-24 18:00:00
1748113200000.0,0.3671,0.3697,0.3665,0.3687,12573951.0,2025-05-24 19:00:00
1748116800000.0,0.3687,0.3725,0.3673,0.3696,18944866.0,2025-05-24 20:00:00
1748120400000.0,0.3697,0.37,0.365,0.3678,15489515.0,2025-05-24 21:00:00
1748124000000.0,0.3678,0.3679,0.3643,0.3662,19126045.0,2025-05-24 22:00:00
1748127600000.0,0.3662,0.3705,0.363,0.3681,24541136.0,2025-05-24 23:00:00
1748131200000.0,0.3681,0.3708,0.3604,0.3621,43947798.0,2025-05-25 00:00:00
1748134800000.0,0.362,0.3651,0.3561,0.3609,54321735.0,2025-05-25 01:00:00
1748138400000.0,0.3611,0.3666,0.3566,0.3658,29655315.0,2025-05-25 02:00:00
1748142000000.0,0.3657,0.3748,0.3655,0.3721,35203920.0,2025-05-25 03:00:00
1748145600000.0,0.3722,0.3722,0.366,0.3692,27435554.0,2025-05-25 04:00:00
1748149200000.0,0.3692,0.37,0.3662,0.3684,15960551.0,2025-05-25 05:00:00
1748152800000.0,0.3683,0.3697,0.3666,0.3678,11729956.0,2025-05-25 06:00:00
1748156400000.0,0.3678,0.368,0.3615,0.3629,26665038.0,2025-05-25 07:00:00
1748160000000.0,0.3629,0.3629,0.3552,0.3576,47734892.0,2025-05-25 08:00:00
1748163600000.0,0.3577,0.3613,0.3554,0.36,35362468.0,2025-05-25 09:00:00
1748167200000.0,0.3601,0.3616,0.3575,0.358,18559760.0,2025-05-25 10:00:00
1748170800000.0,0.3579,0.3609,0.3572,0.3589,15454940.0,2025-05-25 11:00:00
1748174400000.0,0.3589,0.3653,0.3571,0.3644,32273664.0,2025-05-25 12:00:00
1748178000000.0,0.3644,0.365,0.3604,0.361,20625774.0,2025-05-25 13:00:00
1748181600000.0,0.361,0.3623,0.356,0.3578,31063294.0,2025-05-25 14:00:00
1748185200000.0,0.3579,0.359,0.3485,0.357,77474292.0,2025-05-25 15:00:00
1748188800000.0,0.357,0.357,0.3519,0.3556,27422448.0,2025-05-25 16:00:00
1748192400000.0,0.3556,0.3573,0.3537,0.356,15738142.0,2025-05-25 17:00:00
1748196000000.0,0.3561,0.3594,0.3543,0.3557,18242574.0,2025-05-25 18:00:00
1748199600000.0,0.3557,0.3644,0.3551,0.3627,21723506.0,2025-05-25 19:00:00
1748203200000.0,0.3628,0.3677,0.3607,0.3658,24412555.0,2025-05-25 20:00:00
1748206800000.0,0.3657,0.3673,0.3618,0.3633,15681898.0,2025-05-25 21:00:00
1748210400000.0,0.3633,0.3774,0.3625,0.3771,46790751.0,2025-05-25 22:00:00
1748214000000.0,0.3771,0.3799,0.374,0.3782,36771118.0,2025-05-25 23:00:00
1748217600000.0,0.3783,0.3865,0.3757,0.3862,45603474.0,2025-05-26 00:00:00
1748221200000.0,0.3863,0.3869,0.3801,0.3828,33824136.0,2025-05-26 01:00:00
1748224800000.0,0.3828,0.383,0.3758,0.3782,42481589.0,2025-05-26 02:00:00
1748228400000.0,0.3783,0.3835,0.3767,0.3815,25178078.0,2025-05-26 03:00:00
1748232000000.0,0.3815,0.3833,0.3806,0.3822,16230242.0,2025-05-26 04:00:00
1748235600000.0,0.3821,0.3853,0.3802,0.3844,21799072.0,2025-05-26 05:00:00
1748239200000.0,0.3845,0.3897,0.3836,0.3894,26309211.0,2025-05-26 06:00:00
1748242800000.0,0.3893,0.3951,0.3873,0.3932,59551705.0,2025-05-26 07:00:00
1748246400000.0,0.3932,0.3939,0.3864,0.3877,34680551.0,2025-05-26 08:00:00
1748250000000.0,0.3877,0.3899,0.3833,0.385,33311897.0,2025-05-26 09:00:00
1748253600000.0,0.3849,0.3858,0.3814,0.3829,24657887.0,2025-05-26 10:00:00
1748257200000.0,0.3829,0.3848,0.3806,0.3839,20936936.0,2025-05-26 11:00:00
1748260800000.0,0.3839,0.3861,0.3817,0.384,17906225.0,2025-05-26 12:00:00
1748264400000.0,0.384,0.3857,0.3764,0.378,52022954.0,2025-05-26 13:00:00
1748268000000.0,0.3779,0.3814,0.3731,0.3773,63892414.0,2025-05-26 14:00:00
1748271600000.0,0.3772,0.3846,0.3736,0.3825,57305775.0,2025-05-26 15:00:00
1748275200000.0,0.3825,0.3854,0.3709,0.3754,84923880.0,2025-05-26 16:00:00
1748278800000.0,0.3754,0.3773,0.3723,0.3743,46463352.0,2025-05-26 17:00:00
1748282400000.0,0.3744,0.3797,0.373,0.3774,31522038.0,2025-05-26 18:00:00
1748286000000.0,0.3774,0.3797,0.376,0.3786,15798619.0,2025-05-26 19:00:00
1748289600000.0,0.3786,0.3836,0.3769,0.3818,34283139.0,2025-05-26 20:00:00
1748293200000.0,0.3818,0.3869,0.3815,0.3862,20732815.0,2025-05-26 21:00:00
1748296800000.0,0.3862,0.3874,0.3811,0.3817,16816984.0,2025-05-26 22:00:00
1748300400000.0,0.3817,0.3864,0.3802,0.386,12354920.0,2025-05-26 23:00:00
1748304000000.0,0.3861,0.392,0.3842,0.3845,35620995.0,2025-05-27 00:00:00
1748307600000.0,0.3846,0.3846,0.3737,0.3764,63769780.0,2025-05-27 01:00:00
1748311200000.0,0.3764,0.3817,0.3754,0.3771,33943621.0,2025-05-27 02:00:00
1748314800000.0,0.3772,0.3851,0.3769,0.3787,30258820.0,2025-05-27 03:00:00
1748318400000.0,0.3787,0.3822,0.377,0.3778,32272341.0,2025-05-27 04:00:00
1748322000000.0,0.3779,0.3844,0.3734,0.3835,35910536.0,2025-05-27 05:00:00
1748325600000.0,0.3835,0.3948,0.3834,0.3861,90291565.0,2025-05-27 06:00:00
1748329200000.0,0.3861,0.3931,0.386,0.3924,34619187.0,2025-05-27 07:00:00
1748332800000.0,0.3923,0.3994,0.3923,0.3964,67909202.0,2025-05-27 08:00:00
1748336400000.0,0.3964,0.3976,0.3907,0.3974,44726798.0,2025-05-27 09:00:00
1748340000000.0,0.3975,0.4017,0.3958,0.4007,42689235.0,2025-05-27 10:00:00
1748343600000.0,0.4006,0.403,0.3948,0.4007,47700008.0,2025-05-27 11:00:00
1748347200000.0,0.4007,0.4084,0.397,0.4075,79348825.0,2025-05-27 12:00:00
1748350800000.0,0.4076,0.414,0.3976,0.3996,124599137.0,2025-05-27 13:00:00
1748354400000.0,0.3996,0.4045,0.3935,0.3984,83571045.0,2025-05-27 14:00:00
1748358000000.0,0.3985,0.4062,0.3958,0.4036,57168072.0,2025-05-27 15:00:00
1748361600000.0,0.4036,0.4086,0.4015,0.4058,44882267.0,2025-05-27 16:00:00
1748365200000.0,0.4058,0.4148,0.4057,0.4102,72786466.0,2025-05-27 17:00:00
1748368800000.0,0.4104,0.4125,0.4022,0.4025,39820867.0,2025-05-27 18:00:00
1748372400000.0,0.4024,0.4035,0.3993,0.4014,28009300.0,2025-05-27 19:00:00
1748376000000.0,0.4015,0.4034,0.3993,0.4008,21492219.0,2025-05-27 20:00:00
1748379600000.0,0.4007,0.4018,0.3972,0.3989,17886549.0,2025-05-27 21:00:00
1748383200000.0,0.399,0.3999,0.3944,0.3968,24829627.0,2025-05-27 22:00:00
1748386800000.0,0.3968,0.3982,0.395,0.3979,12805478.0,2025-05-27 23:00:00
1748390400000.0,0.3979,0.4017,0.3941,0.4017,24459221.0,2025-05-28 00:00:00
1748394000000.0,0.4017,0.4047,0.3973,0.398,38702064.0,2025-05-28 01:00:00
1748397600000.0,0.3979,0.4011,0.3931,0.399,40461522.0,2025-05-28 02:00:00
1748401200000.0,0.3991,0.4022,0.3977,0.4007,15192135.0,2025-05-28 03:00:00
1748404800000.0,0.4008,0.4019,0.3962,0.4007,22315519.0,2025-05-28 04:00:00
1748408400000.0,0.4006,0.4022,0.3979,0.4011,16771250.0,2025-05-28 05:00:00
1748412000000.0,0.4011,0.4012,0.396,0.3975,22939306.0,2025-05-28 06:00:00
1748415600000.0,0.3976,0.4011,0.395,0.3954,20472898.0,2025-05-28 07:00:00
1748419200000.0,0.3954,0.399,0.3919,0.3989,37839734.0,2025-05-28 08:00:00
1748422800000.0,0.3989,0.3991,0.3909,0.3924,25320753.0,2025-05-28 09:00:00
1748426400000.0,0.3924,0.3956,0.3889,0.3953,26761394.0,2025-05-28 10:00:00
1748430000000.0,0.3954,0.4017,0.3932,0.4017,28891271.0,2025-05-28 11:00:00
1748433600000.0,0.4018,0.409,0.3997,0.4044,56097646.0,2025-05-28 12:00:00
1748437200000.0,0.4045,0.4048,0.3913,0.3917,79272690.0,2025-05-28 13:00:00
1748440800000.0,0.3916,0.3928,0.3833,0.3838,96515000.0,2025-05-28 14:00:00
1748444400000.0,0.3839,0.3845,0.3785,0.3787,64742740.0,2025-05-28 15:00:00
1748448000000.0,0.3787,0.3818,0.376,0.3811,43708941.0,2025-05-28 16:00:00
1748451600000.0,0.3811,0.3857,0.3786,0.3813,54144947.0,2025-05-28 17:00:00
1748455200000.0,0.3812,0.3837,0.3745,0.3748,32658754.0,2025-05-28 18:00:00
1748458800000.0,0.3748,0.3787,0.3719,0.374,51097063.0,2025-05-28 19:00:00
1748462400000.0,0.374,0.3784,0.3732,0.3782,29589830.0,2025-05-28 20:00:00
1748466000000.0,0.3782,0.3826,0.3769,0.3823,18884687.0,2025-05-28 21:00:00
1748469600000.0,0.3822,0.383,0.377,0.3789,20610813.0,2025-05-28 22:00:00
1748473200000.0,0.379,0.3917,0.3788,0.3897,55204301.0,2025-05-28 23:00:00
1748476800000.0,0.3898,0.4025,0.3867,0.4016,61504964.0,2025-05-29 00:00:00
1748480400000.0,0.4017,0.402,0.3927,0.3957,39389846.0,2025-05-29 01:00:00
1748484000000.0,0.3956,0.4117,0.3926,0.4111,67904402.0,2025-05-29 02:00:00
1748487600000.0,0.4112,0.412,0.4006,0.4017,66636520.0,2025-05-29 03:00:00
1748491200000.0,0.4016,0.4039,0.3871,0.3922,66057597.0,2025-05-29 04:00:00
1748494800000.0,0.3922,0.3926,0.3887,0.3898,33335400.0,2025-05-29 05:00:00
1748498400000.0,0.3898,0.3912,0.3859,0.3876,29513261.0,2025-05-29 06:00:00
1748502000000.0,0.3875,0.3915,0.3849,0.3902,26729971.0,2025-05-29 07:00:00
1748505600000.0,0.3903,0.3952,0.3871,0.3901,48158433.0,2025-05-29 08:00:00
1748509200000.0,0.39,0.391,0.388,0.3899,22840083.0,2025-05-29 09:00:00
1748512800000.0,0.39,0.3912,0.3865,0.3895,23488179.0,2025-05-29 10:00:00
1748516400000.0,0.3895,0.394,0.3888,0.3918,35975318.0,2025-05-29 11:00:00
1748520000000.0,0.3917,0.3918,0.384,0.3865,42411345.0,2025-05-29 12:00:00
1748523600000.0,0.3866,0.3907,0.3804,0.3833,55464203.0,2025-05-29 13:00:00
1748527200000.0,0.3832,0.3903,0.3775,0.3888,77630456.0,2025-05-29 14:00:00
1748530800000.0,0.3888,0.3905,0.3809,0.3827,42819381.0,2025-05-29 15:00:00
1748534400000.0,0.3828,0.3847,0.3754,0.3777,46491004.0,2025-05-29 16:00:00
1748538000000.0,0.3776,0.3826,0.3762,0.3798,35881664.0,2025-05-29 17:00:00
1748541600000.0,0.3799,0.3824,0.3767,0.377,26077903.0,2025-05-29 18:00:00
1748545200000.0,0.377,0.3787,0.3736,0.3761,43331120.0,2025-05-29 19:00:00
1748548800000.0,0.3761,0.3785,0.3743,0.3761,18633297.0,2025-05-29 20:00:00
1748552400000.0,0.3762,0.3809,0.3758,0.3804,15110728.0,2025-05-29 21:00:00
1748556000000.0,0.3804,0.3805,0.376,0.376,13387927.0,2025-05-29 22:00:00
1748559600000.0,0.376,0.3775,0.3698,0.3729,29879423.0,2025-05-29 23:00:00
1748563200000.0,0.3728,0.3765,0.3512,0.3572,124046307.0,2025-05-30 00:00:00
1748566800000.0,0.3573,0.3628,0.3563,0.3575,60998682.0,2025-05-30 01:00:00
1748570400000.0,0.3575,0.363,0.3571,0.3606,30640401.0,2025-05-30 02:00:00
1748574000000.0,0.3605,0.3634,0.3594,0.3605,21875242.0,2025-05-30 03:00:00
1748577600000.0,0.3605,0.3622,0.3582,0.3605,23149961.0,2025-05-30 04:00:00
1748581200000.0,0.3606,0.3627,0.3562,0.3587,24612367.0,2025-05-30 05:00:00
1748584800000.0,0.3587,0.3599,0.3496,0.3511,65352785.0,2025-05-30 06:00:00
1748588400000.0,0.3511,0.3541,0.3497,0.3507,46056279.0,2025-05-30 07:00:00
1748592000000.0,0.3508,0.3539,0.3489,0.3513,46840006.0,2025-05-30 08:00:00
1748595600000.0,0.3513,0.3531,0.3446,0.3505,58948750.0,2025-05-30 09:00:00
1748599200000.0,0.3504,0.3521,0.3461,0.3513,30397574.0,2025-05-30 10:00:00
1748602800000.0,0.3513,0.3529,0.3472,0.3489,23648766.0,2025-05-30 11:00:00
1748606400000.0,0.349,0.3502,0.3377,0.3456,88394075.0,2025-05-30 12:00:00
1748610000000.0,0.3457,0.3472,0.3345,0.3366,81543520.0,2025-05-30 13:00:00
1748613600000.0,0.3366,0.3404,0.3343,0.3365,59584506.0,2025-05-30 14:00:00
1748617200000.0,0.3365,0.3401,0.3331,0.3336,52076568.0,2025-05-30 15:00:00
1748620800000.0,0.3337,0.3356,0.3103,0.3203,216681369.0,2025-05-30 16:00:00
1748624400000.0,0.3203,0.3221,0.3164,0.3202,63542883.0,2025-05-30 17:00:00
1748628000000.0,0.3202,0.3225,0.3168,0.3197,69513817.0,2025-05-30 18:00:00
1748631600000.0,0.3197,0.3238,0.3186,0.3214,39324768.0,2025-05-30 19:00:00
1748635200000.0,0.3214,0.3232,0.319,0.3194,28341581.0,2025-05-30 20:00:00
1748638800000.0,0.3195,0.3218,0.3158,0.3174,30415699.0,2025-05-30 21:00:00
1748642400000.0,0.3174,0.3185,0.303,0.3036,99586830.0,2025-05-30 22:00:00
1748646000000.0,0.3036,0.3051,0.2976,0.3006,110208416.0,2025-05-30 23:00:00
1748649600000.0,0.3007,0.3028,0.2911,0.2953,111244501.0,2025-05-31 00:00:00
1748653200000.0,0.2954,0.2996,0.2858,0.2927,98716937.0,2025-05-31 01:00:00
1748656800000.0,0.2928,0.2969,0.2901,0.292,55001853.0,2025-05-31 02:00:00
1748660400000.0,0.292,0.2972,0.2902,0.2964,47769159.0,2025-05-31 03:00:00
1748664000000.0,0.2965,0.3005,0.2935,0.2997,40533438.0,2025-05-31 04:00:00
1748667600000.0,0.2997,0.3015,0.297,0.2979,34492445.0,2025-05-31 05:00:00
1748671200000.0,0.2979,0.3047,0.2974,0.3027,40656355.0,2025-05-31 06:00:00
1748674800000.0,0.3028,0.3063,0.302,0.3047,28891583.0,2025-05-31 07:00:00
1748678400000.0,0.3047,0.3054,0.3008,0.302,30784393.0,2025-05-31 08:00:00
1748682000000.0,0.3019,0.3035,0.2987,0.301,31313667.0,2025-05-31 09:00:00
1748685600000.0,0.3009,0.3042,0.2983,0.3009,29789577.0,2025-05-31 10:00:00
1748689200000.0,0.3009,0.3011,0.2973,0.2986,19040249.0,2025-05-31 11:00:00
1748692800000.0,0.2987,0.3036,0.2979,0.3035,31839132.0,2025-05-31 12:00:00
1748696400000.0,0.3034,0.3079,0.2996,0.3004,50278152.0,2025-05-31 13:00:00
1748700000000.0,0.3004,0.3046,0.2998,0.302,40452502.0,2025-05-31 14:00:00
1748703600000.0,0.3019,0.3045,0.2986,0.2995,49993170.0,2025-05-31 15:00:00
1748707200000.0,0.2994,0.3055,0.2981,0.3037,41553590.0,2025-05-31 16:00:00
1748710800000.0,0.3037,0.3064,0.3019,0.3021,29295326.0,2025-05-31 17:00:00
1748714400000.0,0.302,0.3076,0.3013,0.3073,23327534.0,2025-05-31 18:00:00
1748718000000.0,0.3074,0.3088,0.3061,0.307,18899345.0,2025-05-31 19:00:00
1748721600000.0,0.3069,0.3079,0.3052,0.3077,12999735.0,2025-05-31 20:00:00
1748725200000.0,0.3078,0.3107,0.3069,0.3095,18343911.0,2025-05-31 21:00:00
1748728800000.0,0.3095,0.3103,0.3072,0.3073,16499511.0,2025-05-31 22:00:00
1748732400000.0,0.3072,0.3095,0.3047,0.3056,19807189.0,2025-05-31 23:00:00
1748736000000.0,0.3056,0.3064,0.302,0.3048,28413336.0,2025-06-01 00:00:00
1748739600000.0,0.3047,0.3073,0.3006,0.3012,19382356.0,2025-06-01 01:00:00
1748743200000.0,0.3012,0.3078,0.2989,0.3063,30216616.0,2025-06-01 02:00:00
1748746800000.0,0.3064,0.3083,0.3033,0.3062,20704145.0,2025-06-01 03:00:00
1748750400000.0,0.3062,0.3131,0.3046,0.3128,31484598.0,2025-06-01 04:00:00
1748754000000.0,0.3129,0.3157,0.3088,0.3105,31433818.0,2025-06-01 05:00:00
1748757600000.0,0.3104,0.3137,0.3097,0.3118,18970816.0,2025-06-01 06:00:00
1748761200000.0,0.3118,0.3118,0.308,0.3101,17939639.0,2025-06-01 07:00:00
1748764800000.0,0.3101,0.3105,0.3061,0.309,20435755.0,2025-06-01 08:00:00
1748768400000.0,0.3091,0.3104,0.3016,0.305,38814150.0,2025-06-01 09:00:00
1748772000000.0,0.305,0.3073,0.303,0.3059,25643130.0,2025-06-01 10:00:00
1748775600000.0,0.3059,0.3079,0.3043,0.3068,19981918.0,2025-06-01 11:00:00
1748779200000.0,0.3069,0.3076,0.3019,0.3038,23660641.0,2025-06-01 12:00:00
1748782800000.0,0.3038,0.3078,0.3029,0.3058,16762448.0,2025-06-01 13:00:00
1748786400000.0,0.3058,0.3112,0.3058,0.3084,33300952.0,2025-06-01 14:00:00
1748790000000.0,0.3084,0.312,0.3068,0.3111,30979421.0,2025-06-01 15:00:00
1748793600000.0,0.3111,0.317,0.3101,0.3131,47912208.0,2025-06-01 16:00:00
1748797200000.0,0.3131,0.3145,0.3111,0.3127,22108572.0,2025-06-01 17:00:00
1748800800000.0,0.3128,0.3128,0.3046,0.3085,38425634.0,2025-06-01 18:00:00
1748804400000.0,0.3085,0.3106,0.3072,0.3103,19756360.0,2025-06-01 19:00:00
1748808000000.0,0.3103,0.3136,0.3081,0.3113,23905938.0,2025-06-01 20:00:00
1748811600000.0,0.3114,0.3155,0.3104,0.315,14482406.0,2025-06-01 21:00:00
1748815200000.0,0.315,0.3183,0.3136,0.3138,21604231.0,2025-06-01 22:00:00
1748818800000.0,0.3138,0.3174,0.3124,0.3133,23565896.0,2025-06-01 23:00:00
1748822400000.0,0.3132,0.3135,0.3101,0.3111,24102712.0,2025-06-02 00:00:00
1748826000000.0,0.3111,0.3152,0.3094,0.3095,22635647.0,2025-06-02 01:00:00
1748829600000.0,0.3095,0.3107,0.307,0.308,22364960.0,2025-06-02 02:00:00
1748833200000.0,0.3081,0.3084,0.304,0.3058,28377903.0,2025-06-02 03:00:00
1748836800000.0,0.3058,0.3068,0.3037,0.3043,16285127.0,2025-06-02 04:00:00
1748840400000.0,0.3043,0.3065,0.3012,0.3034,28101674.0,2025-06-02 05:00:00
1748844000000.0,0.3033,0.3097,0.3009,0.3071,36321240.0,2025-06-02 06:00:00
1748847600000.0,0.3071,0.3115,0.3071,0.3092,31142052.0,2025-06-02 07:00:00
1748851200000.0,0.3092,0.3119,0.3045,0.3061,39768262.0,2025-06-02 08:00:00
1748854800000.0,0.3062,0.3063,0.3007,0.3024,39410475.0,2025-06-02 09:00:00
1748858400000.0,0.3023,0.3037,0.3003,0.3035,28449531.0,2025-06-02 10:00:00
1748862000000.0,0.3036,0.3052,0.3019,0.3044,24795710.0,2025-06-02 11:00:00
1748865600000.0,0.3043,0.3084,0.3022,0.3076,29366144.0,2025-06-02 12:00:00
1748869200000.0,0.3077,0.3134,0.306,0.3077,60822854.0,2025-06-02 13:00:00
1748872800000.0,0.3077,0.3153,0.3065,0.3126,60193082.0,2025-06-02 14:00:00
1748876400000.0,0.3125,0.3153,0.3104,0.312,29975033.0,2025-06-02 15:00:00
1748880000000.0,0.312,0.3143,0.3088,0.3127,28446293.0,2025-06-02 16:00:00
1748883600000.0,0.3128,0.314,0.3095,0.3124,19945513.0,2025-06-02 17:00:00
1748887200000.0,0.3123,0.3157,0.3096,0.3104,32735182.0,2025-06-02 18:00:00
1748890800000.0,0.3103,0.3113,0.3027,0.3055,74099963.0,2025-06-02 19:00:00
1748894400000.0,0.3055,0.3125,0.3055,0.3112,33423084.0,2025-06-02 20:00:00
1748898000000.0,0.3113,0.3247,0.3111,0.3211,141322793.0,2025-06-02 21:00:00
1748901600000.0,0.3211,0.329,0.3208,0.3281,91922685.0,2025-06-02 22:00:00
1748905200000.0,0.3281,0.3301,0.3213,0.3225,96733484.0,2025-06-02 23:00:00
1748908800000.0,0.3225,0.3326,0.3206,0.3321,65372314.0,2025-06-03 00:00:00
1748912400000.0,0.3321,0.3391,0.3309,0.3384,75634130.0,2025-06-03 01:00:00
1748916000000.0,0.3384,0.3396,0.33,0.3312,63791288.0,2025-06-03 02:00:00
1748919600000.0,0.3313,0.3321,0.3254,0.3292,59190480.0,2025-06-03 03:00:00
1748923200000.0,0.3292,0.3295,0.3243,0.3261,36546823.0,2025-06-03 04:00:00
1748926800000.0,0.3262,0.3359,0.3261,0.335,42617766.0,2025-06-03 05:00:00
1748930400000.0,0.3351,0.3371,0.3295,0.337,53396064.0,2025-06-03 06:00:00
1748934000000.0,0.337,0.3403,0.3358,0.3388,40821320.0,2025-06-03 07:00:00
1748937600000.0,0.3387,0.3399,0.3323,0.3369,59974285.0,2025-06-03 08:00:00
1748941200000.0,0.3369,0.3426,0.336,0.3392,52705514.0,2025-06-03 09:00:00
1748944800000.0,0.3392,0.3458,0.3388,0.3457,62685671.0,2025-06-03 10:00:00
1748948400000.0,0.3458,0.3469,0.3388,0.3409,67376753.0,2025-06-03 11:00:00
1748952000000.0,0.3409,0.3432,0.3375,0.3431,43015746.0,2025-06-03 12:00:00
1748955600000.0,0.3432,0.3487,0.3399,0.3417,90018670.0,2025-06-03 13:00:00
1748959200000.0,0.3418,0.3475,0.3378,0.3466,76808151.0,2025-06-03 14:00:00
1748962800000.0,0.3465,0.348,0.3416,0.3422,74233080.0,2025-06-03 15:00:00
1748966400000.0,0.3422,0.3434,0.3356,0.3362,64511096.0,2025-06-03 16:00:00
1748970000000.0,0.3362,0.3422,0.3357,0.339,38091167.0,2025-06-03 17:00:00
1748973600000.0,0.3389,0.3399,0.3354,0.339,42825501.0,2025-06-03 18:00:00
1748977200000.0,0.339,0.3444,0.3389,0.3415,40427704.0,2025-06-03 19:00:00
1748980800000.0,0.3416,0.3421,0.3338,0.3382,50824834.0,2025-06-03 20:00:00
1748984400000.0,0.3381,0.3395,0.3304,0.3315,47744150.0,2025-06-03 21:00:00
1748988000000.0,0.3315,0.338,0.3302,0.3364,51290561.0,2025-06-03 22:00:00
1748991600000.0,0.3364,0.3387,0.3338,0.3376,29137289.0,2025-06-03 23:00:00
1748995200000.0,0.3375,0.3404,0.3339,0.3392,37601242.0,2025-06-04 00:00:00
1748998800000.0,0.3393,0.3509,0.3385,0.3463,71155163.0,2025-06-04 01:00:00
1749002400000.0,0.3464,0.3511,0.341,0.3425,42717858.0,2025-06-04 02:00:00
1749006000000.0,0.3424,0.3485,0.3418,0.346,32073231.0,2025-06-04 03:00:00
1749009600000.0,0.3459,0.3473,0.3402,0.341,37800494.0,2025-06-04 04:00:00
1749013200000.0,0.3409,0.3435,0.3383,0.3398,32019674.0,2025-06-04 05:00:00
1749016800000.0,0.3398,0.3443,0.3381,0.3411,29047124.0,2025-06-04 06:00:00
1749020400000.0,0.3412,0.3422,0.3377,0.3412,23826037.0,2025-06-04 07:00:00
1749024000000.0,0.3412,0.3434,0.3392,0.3397,22559055.0,2025-06-04 08:00:00
1749027600000.0,0.3397,0.3419,0.3363,0.3413,32388080.0,2025-06-04 09:00:00
1749031200000.0,0.3414,0.3418,0.335,0.3353,28913805.0,2025-06-04 10:00:00
1749034800000.0,0.3352,0.3364,0.3325,0.3337,33439350.0,2025-06-04 11:00:00
1749038400000.0,0.3337,0.3351,0.3282,0.3302,63343209.0,2025-06-04 12:00:00
1749042000000.0,0.3302,0.3363,0.328,0.3347,60651046.0,2025-06-04 13:00:00
1749045600000.0,0.3346,0.3382,0.3311,0.3381,53582492.0,2025-06-04 14:00:00
1749049200000.0,0.3382,0.3454,0.3348,0.3438,77979273.0,2025-06-04 15:00:00
1749052800000.0,0.3438,0.3556,0.34,0.343,214522581.0,2025-06-04 16:00:00
1749056400000.0,0.343,0.3437,0.3315,0.3332,71733004.0,2025-06-04 17:00:00
1749060000000.0,0.3333,0.3363,0.3288,0.3294,38071951.0,2025-06-04 18:00:00
1749063600000.0,0.3294,0.3314,0.3212,0.3225,62954393.0,2025-06-04 19:00:00
1749067200000.0,0.3224,0.323,0.3133,0.3146,93763755.0,2025-06-04 20:00:00
1749070800000.0,0.3147,0.3214,0.3114,0.3189,57645902.0,2025-06-04 21:00:00
1749074400000.0,0.3189,0.3206,0.312,0.3129,49743531.0,2025-06-04 22:00:00
1749078000000.0,0.313,0.3163,0.312,0.314,32906587.0,2025-06-04 23:00:00
1749081600000.0,0.314,0.3184,0.3111,0.3172,39941912.0,2025-06-05 00:00:00
1749085200000.0,0.3172,0.3196,0.3136,0.3155,31128505.0,2025-06-05 01:00:00
1749088800000.0,0.3154,0.3206,0.3154,0.3174,37696838.0,2025-06-05 02:00:00
1749092400000.0,0.3174,0.3196,0.3157,0.3172,25896190.0,2025-06-05 03:00:00
1749096000000.0,0.3173,0.3183,0.3157,0.317,25040668.0,2025-06-05 04:00:00
1749099600000.0,0.317,0.3174,0.3101,0.3123,49544399.0,2025-06-05 05:00:00
1749103200000.0,0.3124,0.3148,0.3103,0.3116,35215824.0,2025-06-05 06:00:00
1749106800000.0,0.3116,0.3148,0.3111,0.3136,32122307.0,2025-06-05 07:00:00
1749110400000.0,0.3137,0.3157,0.3111,0.3122,27648245.0,2025-06-05 08:00:00
1749114000000.0,0.3122,0.314,0.3092,0.3118,35436713.0,2025-06-05 09:00:00
1749117600000.0,0.3118,0.3124,0.3065,0.309,43534105.0,2025-06-05 10:00:00
1749121200000.0,0.309,0.3104,0.307,0.3099,25568409.0,2025-06-05 11:00:00
1749124800000.0,0.3099,0.3182,0.3089,0.3157,93972550.0,2025-06-05 12:00:00
1749128400000.0,0.3158,0.3172,0.3039,0.3057,111504845.0,2025-06-05 13:00:00
1749132000000.0,0.3056,0.3112,0.3017,0.3073,122469408.0,2025-06-05 14:00:00
1749135600000.0,0.3073,0.3122,0.3071,0.3101,40205175.0,2025-06-05 15:00:00
1749139200000.0,0.3101,0.3106,0.3026,0.3054,98245967.0,2025-06-05 16:00:00
1749142800000.0,0.3055,0.3094,0.3054,0.3081,39837620.0,2025-06-05 17:00:00
1749146400000.0,0.3081,0.3119,0.3059,0.3088,53087854.0,2025-06-05 18:00:00
1749150000000.0,0.3088,0.3092,0.296,0.2997,141260999.0,2025-06-05 19:00:00
1749153600000.0,0.2996,0.3013,0.2833,0.2835,222469906.0,2025-06-05 20:00:00
1749157200000.0,0.2834,0.2908,0.2825,0.2901,124594806.0,2025-06-05 21:00:00
1749160800000.0,0.2901,0.2901,0.2851,0.2868,47679649.0,2025-06-05 22:00:00
1749164400000.0,0.2869,0.2889,0.2836,0.2838,43307099.0,2025-06-05 23:00:00
1749168000000.0,0.2838,0.2912,0.2838,0.2904,52432137.0,2025-06-06 00:00:00
1749171600000.0,0.2903,0.2907,0.2872,0.2899,30553415.0,2025-06-06 01:00:00
1749175200000.0,0.29,0.2925,0.2868,0.2923,34069707.0,2025-06-06 02:00:00
1749178800000.0,0.2924,0.2953,0.2904,0.2934,41039944.0,2025-06-06 03:00:00
1749182400000.0,0.2935,0.2941,0.2905,0.293,28367822.0,2025-06-06 04:00:00
1749186000000.0,0.2929,0.2959,0.2917,0.2957,34955139.0,2025-06-06 05:00:00
1749189600000.0,0.2957,0.2981,0.295,0.2962,37344014.0,2025-06-06 06:00:00
1749193200000.0,0.2961,0.298,0.2923,0.2928,40839902.0,2025-06-06 07:00:00
1749196800000.0,0.2929,0.2948,0.2925,0.293,22812101.0,2025-06-06 08:00:00
1749200400000.0,0.2931,0.2961,0.2929,0.2933,23056637.0,2025-06-06 09:00:00
1749204000000.0,0.2932,0.2959,0.293,0.2948,23389999.0,2025-06-06 10:00:00
1749207600000.0,0.2948,0.2967,0.2929,0.2953,26665187.0,2025-06-06 11:00:00
1749211200000.0,0.2953,0.3021,0.295,0.2961,67300625.0,2025-06-06 12:00:00
1749214800000.0,0.2962,0.3048,0.2962,0.3011,72285338.0,2025-06-06 13:00:00
1749218400000.0,0.301,0.3076,0.3005,0.3052,66558262.0,2025-06-06 14:00:00
1749222000000.0,0.3052,0.3078,0.3003,0.3024,48926528.0,2025-06-06 15:00:00
1749225600000.0,0.3023,0.3042,0.3002,0.3012,27450195.0,2025-06-06 16:00:00
1749229200000.0,0.3012,0.3017,0.2964,0.2992,60430226.0,2025-06-06 17:00:00
1749232800000.0,0.2992,0.2994,0.293,0.2936,38601089.0,2025-06-06 18:00:00
1749236400000.0,0.2936,0.2959,0.2929,0.2947,31773297.0,2025-06-06 19:00:00
1749240000000.0,0.2948,0.2995,0.294,0.2964,26946446.0,2025-06-06 20:00:00
1749243600000.0,0.2964,0.2976,0.2942,0.2967,14659326.0,2025-06-06 21:00:00
1749247200000.0,0.2967,0.2974,0.2944,0.2967,15287843.0,2025-06-06 22:00:00
1749250800000.0,0.2966,0.2995,0.2955,0.2976,18333258.0,2025-06-06 23:00:00
1749254400000.0,0.2976,0.3045,0.2975,0.3042,32783196.0,2025-06-07 00:00:00
1749258000000.0,0.3043,0.3059,0.2998,0.301,43347780.0,2025-06-07 01:00:00
1749261600000.0,0.301,0.3029,0.2997,0.3022,16599095.0,2025-06-07 02:00:00
1749265200000.0,0.3022,0.3069,0.3013,0.3059,29248883.0,2025-06-07 03:00:00
1749268800000.0,0.3059,0.308,0.3041,0.3077,23209758.0,2025-06-07 04:00:00
1749272400000.0,0.3078,0.3089,0.3058,0.3059,23508140.0,2025-06-07 05:00:00
1749276000000.0,0.306,0.3109,0.3057,0.3101,46670523.0,2025-06-07 06:00:00
1749279600000.0,0.3102,0.3122,0.3078,0.3097,29199081.0,2025-06-07 07:00:00
1749283200000.0,0.3097,0.3107,0.3083,0.3101,21572029.0,2025-06-07 08:00:00
1749286800000.0,0.3102,0.3113,0.3076,0.3089,21238000.0,2025-06-07 09:00:00
1749290400000.0,0.309,0.3157,0.3089,0.3143,48096038.0,2025-06-07 10:00:00
1749294000000.0,0.3144,0.3206,0.3134,0.32,47385303.0,2025-06-07 11:00:00
1749297600000.0,0.32,0.3246,0.3184,0.3222,81158593.0,2025-06-07 12:00:00
1749301200000.0,0.3223,0.3327,0.3202,0.3308,94622030.0,2025-06-07 13:00:00
1749304800000.0,0.3307,0.337,0.3291,0.3305,117734328.0,2025-06-07 14:00:00
1749308400000.0,0.3305,0.3348,0.3291,0.3327,88412164.0,2025-06-07 15:00:00
1749312000000.0,0.3328,0.3337,0.3259,0.3294,78464097.0,2025-06-07 16:00:00
1749315600000.0,0.3293,0.3299,0.3227,0.3229,66808999.0,2025-06-07 17:00:00
1749319200000.0,0.323,0.328,0.3228,0.3268,45631459.0,2025-06-07 18:00:00
1749322800000.0,0.3268,0.3286,0.3249,0.3254,34212932.0,2025-06-07 19:00:00
1749326400000.0,0.3254,0.3263,0.3228,0.3231,23682816.0,2025-06-07 20:00:00
1749330000000.0,0.3231,0.3237,0.3211,0.3225,18666381.0,2025-06-07 21:00:00
1749333600000.0,0.3225,0.3245,0.3206,0.3217,27792646.0,2025-06-07 22:00:00
1749337200000.0,0.3218,0.322,0.3201,0.3212,16354154.0,2025-06-07 23:00:00
1749340800000.0,0.3213,0.3221,0.3157,0.3172,52415766.0,2025-06-08 00:00:00
1749344400000.0,0.3173,0.3203,0.3165,0.3187,20635497.0,2025-06-08 01:00:00
1749348000000.0,0.3186,0.3195,0.3167,0.3169,17586746.0,2025-06-08 02:00:00
1749351600000.0,0.3168,0.3193,0.3167,0.3176,14313744.0,2025-06-08 03:00:00
1749355200000.0,0.3176,0.3203,0.3168,0.3196,21196192.0,2025-06-08 04:00:00
1749358800000.0,0.3196,0.3203,0.3174,0.3181,20883486.0,2025-06-08 05:00:00
1749362400000.0,0.318,0.3225,0.3179,0.3188,32391982.0,2025-06-08 06:00:00
1749366000000.0,0.3187,0.3195,0.3162,0.3168,21272835.0,2025-06-08 07:00:00
1749369600000.0,0.3168,0.3199,0.3158,0.3164,38108099.0,2025-06-08 08:00:00
1749373200000.0,0.3163,0.3168,0.3111,0.3122,61067080.0,2025-06-08 09:00:00
1749376800000.0,0.3121,0.3131,0.3111,0.3126,24563465.0,2025-06-08 10:00:00
1749380400000.0,0.3126,0.3161,0.3126,0.3154,27777758.0,2025-06-08 11:00:00
1749384000000.0,0.3153,0.3156,0.3113,0.3125,30123283.0,2025-06-08 12:00:00
1749387600000.0,0.3124,0.3175,0.3111,0.3127,39327688.0,2025-06-08 13:00:00
1749391200000.0,0.3127,0.3151,0.3119,0.3143,24528945.0,2025-06-08 14:00:00
1749394800000.0,0.3144,0.3175,0.3141,0.3145,31233398.0,2025-06-08 15:00:00
1749398400000.0,0.3145,0.3214,0.3138,0.3198,60428101.0,2025-06-08 16:00:00
1749402000000.0,0.3198,0.3224,0.3171,0.3176,41752509.0,2025-06-08 17:00:00
1749405600000.0,0.3175,0.3203,0.3161,0.3184,27216507.0,2025-06-08 18:00:00
1749409200000.0,0.3184,0.3195,0.3172,0.3192,18203935.0,2025-06-08 19:00:00
1749412800000.0,0.3192,0.3218,0.3184,0.3196,22053484.0,2025-06-08 20:00:00
1749416400000.0,0.3196,0.3228,0.3193,0.3215,16591511.0,2025-06-08 21:00:00
1749420000000.0,0.3215,0.322,0.3164,0.3177,30044851.0,2025-06-08 22:00:00
1749423600000.0,0.3176,0.3178,0.3149,0.3167,21682029.0,2025-06-08 23:00:00
1749427200000.0,0.3167,0.3213,0.3152,0.321,34141445.0,2025-06-09 00:00:00
1749430800000.0,0.321,0.3214,0.3173,0.3185,24951287.0,2025-06-09 01:00:00
1749434400000.0,0.3185,0.3207,0.3168,0.317,17208089.0,2025-06-09 02:00:00
1749438000000.0,0.317,0.3209,0.3153,0.3207,26106419.0,2025-06-09 03:00:00
1749441600000.0,0.3207,0.3214,0.3164,0.3176,21653584.0,2025-06-09 04:00:00
1749445200000.0,0.3177,0.3196,0.3162,0.3174,17721170.0,2025-06-09 05:00:00
1749448800000.0,0.3173,0.3208,0.3164,0.3203,24131726.0,2025-06-09 06:00:00
1749452400000.0,0.3204,0.3205,0.3179,0.3192,14149507.0,2025-06-09 07:00:00
1749456000000.0,0.3193,0.3249,0.3183,0.3247,39156110.0,2025-06-09 08:00:00
1749459600000.0,0.3246,0.33,0.3217,0.3269,75298589.0,2025-06-09 09:00:00
1749463200000.0,0.3269,0.3305,0.3259,0.3281,52646232.0,2025-06-09 10:00:00
1749466800000.0,0.3281,0.3304,0.3261,0.3281,46116260.0,2025-06-09 11:00:00
1749470400000.0,0.3281,0.3332,0.3271,0.3306,45821730.0,2025-06-09 12:00:00
1749474000000.0,0.3306,0.3313,0.3224,0.3234,54296087.0,2025-06-09 13:00:00
1749477600000.0,0.3234,0.3296,0.3234,0.327,41500002.0,2025-06-09 14:00:00
1749481200000.0,0.327,0.3293,0.3242,0.3242,27644760.0,2025-06-09 15:00:00
1749484800000.0,0.3242,0.3337,0.3242,0.3313,49262905.0,2025-06-09 16:00:00
1749488400000.0,0.3314,0.3326,0.3274,0.3292,36559202.0,2025-06-09 17:00:00
1749492000000.0,0.3292,0.3305,0.3268,0.3285,26072510.0,2025-06-09 18:00:00
1749495600000.0,0.3284,0.3294,0.3257,0.3276,18863559.0,2025-06-09 19:00:00
1749499200000.0,0.3276,0.3295,0.3269,0.3283,12083449.0,2025-06-09 20:00:00
1749502800000.0,0.3283,0.34,0.3283,0.3383,69301438.0,2025-06-09 21:00:00
1749506400000.0,0.3383,0.343,0.3367,0.3428,59327418.0,2025-06-09 22:00:00
1749510000000.0,0.3428,0.3446,0.34,0.3437,41641496.0,2025-06-09 23:00:00
1749513600000.0,0.3437,0.3475,0.3407,0.3431,69926612.0,2025-06-10 00:00:00
1749517200000.0,0.343,0.3486,0.3423,0.3464,39477346.0,2025-06-10 01:00:00
1749520800000.0,0.3464,0.3499,0.3434,0.3484,50328935.0,2025-06-10 02:00:00
1749524400000.0,0.3484,0.3491,0.3449,0.3474,32780051.0,2025-06-10 03:00:00
1749528000000.0,0.3475,0.3485,0.3417,0.3433,32097216.0,2025-06-10 04:00:00
1749531600000.0,0.3433,0.3448,0.3376,0.3386,42827019.0,2025-06-10 05:00:00
1749535200000.0,0.3387,0.3404,0.3336,0.3392,47562431.0,2025-06-10 06:00:00
1749538800000.0,0.3392,0.3412,0.3373,0.339,26132887.0,2025-06-10 07:00:00
1749542400000.0,0.3391,0.3405,0.3356,0.3366,30745035.0,2025-06-10 08:00:00
1749546000000.0,0.3366,0.3414,0.3356,0.341,27191895.0,2025-06-10 09:00:00
1749549600000.0,0.341,0.3427,0.3387,0.3425,26784473.0,2025-06-10 10:00:00
1749553200000.0,0.3425,0.3679,0.339,0.3679,216769345.0,2025-06-10 11:00:00
1749556800000.0,0.3678,0.3733,0.3635,0.3689,130116968.0,2025-06-10 12:00:00
1749560400000.0,0.3689,0.3696,0.3565,0.3608,102770132.0,2025-06-10 13:00:00
1749564000000.0,0.3607,0.3625,0.354,0.3552,75548836.0,2025-06-10 14:00:00
1749567600000.0,0.3551,0.3596,0.3498,0.3563,72347360.0,2025-06-10 15:00:00
1749571200000.0,0.3563,0.3602,0.35,0.3502,61458084.0,2025-06-10 16:00:00
1749574800000.0,0.3501,0.3559,0.35,0.3515,34111115.0,2025-06-10 17:00:00
1749578400000.0,0.3516,0.3574,0.3503,0.3555,31471053.0,2025-06-10 18:00:00
1749582000000.0,0.3556,0.3657,0.3546,0.3602,92390818.0,2025-06-10 19:00:00
1749585600000.0,0.3603,0.3642,0.354,0.3637,55073252.0,2025-06-10 20:00:00
1749589200000.0,0.3638,0.3656,0.3581,0.3615,51264787.0,2025-06-10 21:00:00
1749592800000.0,0.3616,0.3678,0.3612,0.3661,46201561.0,2025-06-10 22:00:00
1749596400000.0,0.3662,0.3717,0.3649,0.3705,44693450.0,2025-06-10 23:00:00
1749600000000.0,0.3705,0.374,0.3626,0.3635,67338284.0,2025-06-11 00:00:00
1749603600000.0,0.3635,0.364,0.3567,0.3588,55340023.0,2025-06-11 01:00:00
1749607200000.0,0.3588,0.3625,0.3557,0.3577,37195257.0,2025-06-11 02:00:00
1749610800000.0,0.3577,0.3618,0.357,0.3577,33499997.0,2025-06-11 03:00:00
1749614400000.0,0.3577,0.3601,0.3563,0.3581,17177695.0,2025-06-11 04:00:00
1749618000000.0,0.3581,0.3603,0.3555,0.3568,19400094.0,2025-06-11 05:00:00
1749621600000.0,0.3568,0.3592,0.3546,0.3579,25629322.0,2025-06-11 06:00:00
1749625200000.0,0.3578,0.3624,0.3564,0.3597,37232244.0,2025-06-11 07:00:00
1749628800000.0,0.3597,0.3607,0.3531,0.3539,36906200.0,2025-06-11 08:00:00
1749632400000.0,0.3539,0.3559,0.3505,0.3515,41151397.0,2025-06-11 09:00:00
1749636000000.0,0.3516,0.3535,0.3496,0.3531,32465779.0,2025-06-11 10:00:00
1749639600000.0,0.3531,0.3536,0.35,0.3529,29056164.0,2025-06-11 11:00:00
1749643200000.0,0.3529,0.3698,0.3514,0.3639,140516345.0,2025-06-11 12:00:00
1749646800000.0,0.3639,0.3681,0.3601,0.3625,70497523.0,2025-06-11 13:00:00
1749650400000.0,0.3626,0.3758,0.3612,0.3699,109505314.0,2025-06-11 14:00:00
1749654000000.0,0.3698,0.3781,0.3694,0.3738,127233859.0,2025-06-11 15:00:00
1749657600000.0,0.3737,0.3746,0.3656,0.3714,51884736.0,2025-06-11 16:00:00
1749661200000.0,0.3714,0.3727,0.3638,0.3643,48292223.0,2025-06-11 17:00:00
1749664800000.0,0.3643,0.3651,0.3584,0.3603,50890575.0,2025-06-11 18:00:00
1749668400000.0,0.3604,0.3608,0.3545,0.3559,47223011.0,2025-06-11 19:00:00
1749672000000.0,0.3558,0.3602,0.3529,0.3562,37630525.0,2025-06-11 20:00:00
1749675600000.0,0.3562,0.3603,0.3441,0.3453,60335485.0,2025-06-11 21:00:00
1749679200000.0,0.3452,0.3483,0.3411,0.3441,66421326.0,2025-06-11 22:00:00
1749682800000.0,0.3441,0.3476,0.3433,0.3458,23746583.0,2025-06-11 23:00:00
1749686400000.0,0.3458,0.3492,0.3425,0.3481,39728340.0,2025-06-12 00:00:00
1749690000000.0,0.3481,0.3487,0.3434,0.3484,27112510.0,2025-06-12 01:00:00
1749693600000.0,0.3483,0.3509,0.3447,0.3451,22189811.0,2025-06-12 02:00:00
1749697200000.0,0.3451,0.3457,0.3403,0.3422,39571788.0,2025-06-12 03:00:00
1749700800000.0,0.3423,0.3426,0.338,0.3397,42273817.0,2025-06-12 04:00:00
1749704400000.0,0.3397,0.3397,0.3367,0.3374,34858113.0,2025-06-12 05:00:00
1749708000000.0,0.3374,0.3404,0.3354,0.3367,36472602.0,2025-06-12 06:00:00
1749711600000.0,0.3368,0.3377,0.3306,0.3307,51987572.0,2025-06-12 07:00:00
1749715200000.0,0.3307,0.334,0.3285,0.3318,52857024.0,2025-06-12 08:00:00
1749718800000.0,0.3318,0.3327,0.3298,0.3315,24669280.0,2025-06-12 09:00:00
1749722400000.0,0.3315,0.3322,0.3272,0.3295,41355705.0,2025-06-12 10:00:00
1749726000000.0,0.3295,0.3299,0.3254,0.3264,40214634.0,2025-06-12 11:00:00
1749729600000.0,0.3265,0.3333,0.3254,0.3315,52208548.0,2025-06-12 12:00:00
1749733200000.0,0.3315,0.3344,0.3297,0.3331,53067849.0,2025-06-12 13:00:00
1749736800000.0,0.3332,0.3377,0.3328,0.3361,58191737.0,2025-06-12 14:00:00
1749740400000.0,0.3361,0.3377,0.3225,0.3253,100250408.0,2025-06-12 15:00:00
1749744000000.0,0.3253,0.3314,0.3242,0.3292,49603679.0,2025-06-12 16:00:00
1749747600000.0,0.3291,0.337,0.3289,0.3324,51544391.0,2025-06-12 17:00:00
1749751200000.0,0.3325,0.3326,0.3255,0.3275,44921349.0,2025-06-12 18:00:00
1749754800000.0,0.3275,0.3289,0.3178,0.3196,66624872.0,2025-06-12 19:00:00
1749758400000.0,0.3195,0.3214,0.312,0.3144,98666446.0,2025-06-12 20:00:00
1749762000000.0,0.3145,0.3193,0.3122,0.3127,55360538.0,2025-06-12 21:00:00
1749765600000.0,0.3127,0.3154,0.3102,0.312,42007283.0,2025-06-12 22:00:00
1749769200000.0,0.3121,0.3139,0.3105,0.311,30932112.0,2025-06-12 23:00:00
1749772800000.0,0.311,0.3122,0.289,0.2915,272877338.0,2025-06-13 00:00:00
1749776400000.0,0.2916,0.2922,0.28,0.2833,180792891.0,2025-06-13 01:00:00
1749780000000.0,0.2833,0.284,0.2781,0.2823,102384708.0,2025-06-13 02:00:00
1749783600000.0,0.2823,0.2891,0.2811,0.287,86305905.0,2025-06-13 03:00:00
1749787200000.0,0.287,0.2907,0.2841,0.2887,64270657.0,2025-06-13 04:00:00
1749790800000.0,0.2887,0.291,0.2876,0.2888,42117117.0,2025-06-13 05:00:00
1749794400000.0,0.2888,0.2926,0.2856,0.2926,48169837.0,2025-06-13 06:00:00
1749798000000.0,0.2926,0.2962,0.2896,0.2942,66694561.0,2025-06-13 07:00:00
1749801600000.0,0.2942,0.3007,0.2932,0.2951,72735494.0,2025-06-13 08:00:00
1749805200000.0,0.2951,0.2962,0.2925,0.2935,39821117.0,2025-06-13 09:00:00
1749808800000.0,0.2936,0.2945,0.2903,0.2939,45040520.0,2025-06-13 10:00:00
1749812400000.0,0.2938,0.2954,0.2902,0.2942,48546050.0,2025-06-13 11:00:00
1749816000000.0,0.2942,0.2968,0.2917,0.2925,44492434.0,2025-06-13 12:00:00
1749819600000.0,0.2925,0.2971,0.2906,0.2935,55594463.0,2025-06-13 13:00:00
1749823200000.0,0.2935,0.2958,0.288,0.2932,78457355.0,2025-06-13 14:00:00
1749826800000.0,0.2933,0.3006,0.2917,0.2945,91606709.0,2025-06-13 15:00:00
1749830400000.0,0.2946,0.2996,0.2903,0.2957,87781356.0,2025-06-13 16:00:00
1749834000000.0,0.2956,0.2956,0.2892,0.293,46047359.0,2025-06-13 17:00:00
1749837600000.0,0.2929,0.2941,0.287,0.291,56051715.0,2025-06-13 18:00:00
1749841200000.0,0.291,0.2921,0.2876,0.2901,44704513.0,2025-06-13 19:00:00
1749844800000.0,0.2902,0.2951,0.2894,0.2937,35382379.0,2025-06-13 20:00:00
1749848400000.0,0.2938,0.2965,0.2912,0.2945,22749148.0,2025-06-13 21:00:00
1749852000000.0,0.2946,0.2976,0.2935,0.296,23587101.0,2025-06-13 22:00:00
1749855600000.0,0.296,0.3006,0.2959,0.3002,27231701.0,2025-06-13 23:00:00
1749859200000.0,0.3003,0.3016,0.2977,0.2986,37933909.0,2025-06-14 00:00:00
1749862800000.0,0.2985,0.2997,0.2956,0.2974,23615105.0,2025-06-14 01:00:00
1749866400000.0,0.2974,0.2994,0.2966,0.2988,18259174.0,2025-06-14 02:00:00
1749870000000.0,0.2988,0.3007,0.2973,0.2981,15914944.0,2025-06-14 03:00:00
1749873600000.0,0.298,0.3,0.2979,0.2995,12107968.0,2025-06-14 04:00:00
1749877200000.0,0.2995,0.3006,0.2975,0.2992,13711733.0,2025-06-14 05:00:00
1749880800000.0,0.2992,0.3006,0.297,0.2974,20207198.0,2025-06-14 06:00:00
1749884400000.0,0.2974,0.2981,0.2938,0.2972,34384224.0,2025-06-14 07:00:00
1749888000000.0,0.2971,0.2975,0.2944,0.2964,15992803.0,2025-06-14 08:00:00
1749891600000.0,0.2964,0.2973,0.2937,0.2939,24308661.0,2025-06-14 09:00:00
1749895200000.0,0.2939,0.2973,0.2937,0.2957,22094680.0,2025-06-14 10:00:00
1749898800000.0,0.2957,0.2978,0.2951,0.2964,15485627.0,2025-06-14 11:00:00
1749902400000.0,0.2963,0.2969,0.2942,0.2965,16428819.0,2025-06-14 12:00:00
1749906000000.0,0.2965,0.2997,0.2952,0.2972,32969697.0,2025-06-14 13:00:00
1749909600000.0,0.2971,0.2976,0.294,0.2947,18165977.0,2025-06-14 14:00:00
1749913200000.0,0.2947,0.2955,0.2895,0.292,44288971.0,2025-06-14 15:00:00
1749916800000.0,0.2919,0.2936,0.2875,0.2885,48168331.0,2025-06-14 16:00:00
1749920400000.0,0.2884,0.2933,0.2876,0.2923,23778415.0,2025-06-14 17:00:00
1749924000000.0,0.2923,0.2946,0.2883,0.2914,30757104.0,2025-06-14 18:00:00
1749927600000.0,0.2914,0.2924,0.2895,0.2897,26740944.0,2025-06-14 19:00:00
1749931200000.0,0.2897,0.2908,0.2863,0.2897,41322777.0,2025-06-14 20:00:00
1749934800000.0,0.2898,0.294,0.289,0.2932,27503961.0,2025-06-14 21:00:00
1749938400000.0,0.2933,0.2947,0.2915,0.2928,19439024.0,2025-06-14 22:00:00
1749942000000.0,0.2928,0.2941,0.2919,0.2922,10000118.0,2025-06-14 23:00:00
1749945600000.0,0.2923,0.2964,0.2923,0.2956,23333200.0,2025-06-15 00:00:00
1749949200000.0,0.2955,0.2962,0.293,0.2938,13539321.0,2025-06-15 01:00:00
1749952800000.0,0.2937,0.2959,0.2935,0.2936,11995384.0,2025-06-15 02:00:00
1749956400000.0,0.2937,0.2961,0.2932,0.2949,15064801.0,2025-06-15 03:00:00
1749960000000.0,0.2948,0.2987,0.2948,0.2986,20921748.0,2025-06-15 04:00:00
1749963600000.0,0.2985,0.3009,0.2965,0.3001,28794670.0,2025-06-15 05:00:00
1749967200000.0,0.3002,0.3008,0.2964,0.2969,29029734.0,2025-06-15 06:00:00
1749970800000.0,0.2968,0.297,0.2944,0.296,25392322.0,2025-06-15 07:00:00
1749974400000.0,0.296,0.2965,0.2943,0.296,17726940.0,2025-06-15 08:00:00
1749978000000.0,0.2959,0.296,0.2915,0.2921,33281394.0,2025-06-15 09:00:00
1749981600000.0,0.2921,0.2967,0.2919,0.2966,25685937.0,2025-06-15 10:00:00
1749985200000.0,0.2966,0.2977,0.2946,0.297,24455254.0,2025-06-15 11:00:00
1749988800000.0,0.297,0.299,0.2955,0.2985,20304511.0,2025-06-15 12:00:00
1749992400000.0,0.2985,0.3025,0.2973,0.3024,57159642.0,2025-06-15 13:00:00
1749996000000.0,0.3025,0.3038,0.2983,0.3026,50496541.0,2025-06-15 14:00:00
1749999600000.0,0.3027,0.3047,0.2986,0.2996,46098581.0,2025-06-15 15:00:00
1750003200000.0,0.2996,0.3017,0.2983,0.3011,28921211.0,2025-06-15 16:00:00
1750006800000.0,0.301,0.3024,0.2985,0.3009,18717583.0,2025-06-15 17:00:00
1750010400000.0,0.3009,0.3012,0.2982,0.2992,20645399.0,2025-06-15 18:00:00
1750014000000.0,0.2992,0.3011,0.2967,0.2989,22239865.0,2025-06-15 19:00:00
1750017600000.0,0.299,0.2991,0.293,0.2951,43228074.0,2025-06-15 20:00:00
1750021200000.0,0.2951,0.2967,0.2932,0.2964,19073869.0,2025-06-15 21:00:00
1750024800000.0,0.2964,0.3033,0.2957,0.3022,39743786.0,2025-06-15 22:00:00
1750028400000.0,0.3022,0.304,0.3003,0.3029,21905247.0,2025-06-15 23:00:00
1750032000000.0,0.303,0.3032,0.2998,0.3009,21764948.0,2025-06-16 00:00:00
1750035600000.0,0.3009,0.3057,0.2972,0.3054,38588742.0,2025-06-16 01:00:00
1750039200000.0,0.3053,0.3082,0.3053,0.3058,29159923.0,2025-06-16 02:00:00
1750042800000.0,0.3059,0.3072,0.3046,0.3047,18377444.0,2025-06-16 03:00:00
1750046400000.0,0.3047,0.3087,0.3042,0.3066,21112702.0,2025-06-16 04:00:00
1750050000000.0,0.3066,0.312,0.3055,0.3086,47426585.0,2025-06-16 05:00:00
1750053600000.0,0.3087,0.3111,0.3071,0.3088,25458037.0,2025-06-16 06:00:00
1750057200000.0,0.3089,0.3138,0.3089,0.3113,43799335.0,2025-06-16 07:00:00
1750060800000.0,0.3114,0.3117,0.3086,0.3104,24816593.0,2025-06-16 08:00:00
1750064400000.0,0.3105,0.3112,0.3092,0.3102,19582744.0,2025-06-16 09:00:00
1750068000000.0,0.3102,0.3119,0.3082,0.3091,18273507.0,2025-06-16 10:00:00
1750071600000.0,0.3092,0.3107,0.3065,0.3096,29145714.0,2025-06-16 11:00:00
1750075200000.0,0.3095,0.3103,0.3066,0.309,25331480.0,2025-06-16 12:00:00
1750078800000.0,0.309,0.3139,0.3071,0.3134,46751220.0,2025-06-16 13:00:00
1750082400000.0,0.3134,0.3161,0.3117,0.3121,64738498.0,2025-06-16 14:00:00
1750086000000.0,0.3121,0.3143,0.3103,0.3111,31989554.0,2025-06-16 15:00:00
1750089600000.0,0.311,0.3147,0.3103,0.3122,33037358.0,2025-06-16 16:00:00
1750093200000.0,0.3123,0.313,0.3105,0.3113,20689174.0,2025-06-16 17:00:00
1750096800000.0,0.3113,0.314,0.311,0.3138,18842942.0,2025-06-16 18:00:00
1750100400000.0,0.3139,0.3156,0.3113,0.3127,38310837.0,2025-06-16 19:00:00
1750104000000.0,0.3127,0.3151,0.3105,0.3144,25729604.0,2025-06-16 20:00:00
1750107600000.0,0.3143,0.3151,0.3111,0.314,18363741.0,2025-06-16 21:00:00
1750111200000.0,0.3139,0.3145,0.2956,0.3018,111593077.0,2025-06-16 22:00:00
1750114800000.0,0.3018,0.3044,0.2931,0.2942,86386591.0,2025-06-16 23:00:00
1750118400000.0,0.2942,0.2985,0.285,0.2983,167613091.0,2025-06-17 00:00:00
1750122000000.0,0.2983,0.302,0.2963,0.2993,66212580.0,2025-06-17 01:00:00
1750125600000.0,0.2993,0.3011,0.2958,0.3008,53535852.0,2025-06-17 02:00:00
1750129200000.0,0.3009,0.3016,0.2972,0.2982,42103866.0,2025-06-17 03:00:00
1750132800000.0,0.2982,0.2987,0.2957,0.2967,25846070.0,2025-06-17 04:00:00
1750136400000.0,0.2966,0.297,0.291,0.2925,61754163.0,2025-06-17 05:00:00
1750140000000.0,0.2925,0.2945,0.2915,0.2933,37501581.0,2025-06-17 06:00:00
1750143600000.0,0.2933,0.2944,0.2923,0.2925,23024805.0,2025-06-17 07:00:00
1750147200000.0,0.2924,0.2931,0.2892,0.2898,42688594.0,2025-06-17 08:00:00
1750150800000.0,0.2898,0.2955,0.2865,0.2889,92879679.0,2025-06-17 09:00:00
1750154400000.0,0.2889,0.2892,0.2852,0.2881,42829885.0,2025-06-17 10:00:00
1750158000000.0,0.2881,0.2881,0.2855,0.2871,25674562.0,2025-06-17 11:00:00
1750161600000.0,0.2872,0.2884,0.2853,0.2857,35582562.0,2025-06-17 12:00:00
1750165200000.0,0.2857,0.2897,0.2854,0.2873,45458655.0,2025-06-17 13:00:00
1750168800000.0,0.2873,0.2914,0.285,0.2855,61061362.0,2025-06-17 14:00:00
1750172400000.0,0.2856,0.2858,0.2781,0.2814,167217781.0,2025-06-17 15:00:00
1750176000000.0,0.2814,0.2818,0.2765,0.2772,79423204.0,2025-06-17 16:00:00
1750179600000.0,0.2771,0.279,0.2747,0.2762,73387644.0,2025-06-17 17:00:00
1750183200000.0,0.2761,0.281,0.2757,0.281,36289022.0,2025-06-17 18:00:00
1750186800000.0,0.281,0.2893,0.2806,0.2867,76964305.0,2025-06-17 19:00:00
1750190400000.0,0.2866,0.2882,0.2814,0.2815,47801884.0,2025-06-17 20:00:00
1750194000000.0,0.2815,0.2839,0.2801,0.2813,33924822.0,2025-06-17 21:00:00
1750197600000.0,0.2814,0.2816,0.2766,0.2772,34536475.0,2025-06-17 22:00:00
1750201200000.0,0.2772,0.2815,0.2771,0.2798,21152580.0,2025-06-17 23:00:00
1750204800000.0,0.2798,0.2821,0.2775,0.2817,32188968.0,2025-06-18 00:00:00
1750208400000.0,0.2817,0.2831,0.2789,0.2792,26616296.0,2025-06-18 01:00:00
1750212000000.0,0.2792,0.28,0.2774,0.2776,25692096.0,2025-06-18 02:00:00
1750215600000.0,0.2777,0.281,0.2771,0.2802,20371131.0,2025-06-18 03:00:00
1750219200000.0,0.2801,0.2844,0.2796,0.2832,22088800.0,2025-06-18 04:00:00
1750222800000.0,0.2833,0.2834,0.2817,0.2818,19804522.0,2025-06-18 05:00:00
1750226400000.0,0.2818,0.2831,0.2782,0.2792,31006987.0,2025-06-18 06:00:00
1750230000000.0,0.2792,0.2812,0.2782,0.2811,26607822.0,2025-06-18 07:00:00
1750233600000.0,0.2811,0.2828,0.2775,0.2796,36791783.0,2025-06-18 08:00:00
1750237200000.0,0.2795,0.2808,0.2748,0.277,47262084.0,2025-06-18 09:00:00
1750240800000.0,0.277,0.2771,0.2694,0.2705,113661324.0,2025-06-18 10:00:00
1750244400000.0,0.2705,0.2742,0.2696,0.2741,50501215.0,2025-06-18 11:00:00
1750248000000.0,0.274,0.2744,0.2707,0.271,32639028.0,2025-06-18 12:00:00
1750251600000.0,0.271,0.2732,0.2668,0.2728,94835282.0,2025-06-18 13:00:00
1750255200000.0,0.2727,0.2799,0.2714,0.2757,103675898.0,2025-06-18 14:00:00
1750258800000.0,0.2757,0.2785,0.2738,0.2772,48456368.0,2025-06-18 15:00:00
1750262400000.0,0.2771,0.278,0.2735,0.2747,48295326.0,2025-06-18 16:00:00
1750266000000.0,0.2747,0.2774,0.272,0.2763,45030820.0,2025-06-18 17:00:00
1750269600000.0,0.2764,0.2796,0.2721,0.2721,83972244.0,2025-06-18 18:00:00
1750273200000.0,0.2721,0.2779,0.2715,0.2754,51888140.0,2025-06-18 19:00:00
1750276800000.0,0.2755,0.2856,0.274,0.2844,51657582.0,2025-06-18 20:00:00
1750280400000.0,0.2844,0.2864,0.2795,0.2853,50812152.0,2025-06-18 21:00:00
1750284000000.0,0.2852,0.2866,0.2833,0.2849,30403399.0,2025-06-18 22:00:00
1750287600000.0,0.2849,0.2869,0.2839,0.2852,18203755.0,2025-06-18 23:00:00
1750291200000.0,0.2853,0.2898,0.2839,0.2874,36527109.0,2025-06-19 00:00:00
1750294800000.0,0.2874,0.2875,0.2832,0.2847,30119639.0,2025-06-19 01:00:00
1750298400000.0,0.2847,0.2865,0.2828,0.2846,23094714.0,2025-06-19 02:00:00
1750302000000.0,0.2846,0.2875,0.2845,0.2869,17917790.0,2025-06-19 03:00:00
1750305600000.0,0.2869,0.2871,0.2842,0.2869,19260578.0,2025-06-19 04:00:00
1750309200000.0,0.287,0.2887,0.2856,0.286,30587628.0,2025-06-19 05:00:00
1750312800000.0,0.286,0.2874,0.2847,0.2868,51854264.0,2025-06-19 06:00:00
1750316400000.0,0.2868,0.2881,0.2856,0.2858,33917770.0,2025-06-19 07:00:00
1750320000000.0,0.2857,0.2874,0.2852,0.2855,17632809.0,2025-06-19 08:00:00
1750323600000.0,0.2855,0.2902,0.2848,0.2898,28921658.0,2025-06-19 09:00:00
1750327200000.0,0.2899,0.29,0.2852,0.286,43633977.0,2025-06-19 10:00:00
1750330800000.0,0.2859,0.2872,0.285,0.2865,24726342.0,2025-06-19 11:00:00
1750334400000.0,0.2865,0.2882,0.2857,0.2879,18662643.0,2025-06-19 12:00:00
1750338000000.0,0.2878,0.2889,0.2851,0.2859,31502376.0,2025-06-19 13:00:00
1750341600000.0,0.2858,0.2863,0.2806,0.2817,66508742.0,2025-06-19 14:00:00
1750345200000.0,0.2818,0.2842,0.281,0.2821,35044483.0,2025-06-19 15:00:00
1750348800000.0,0.2821,0.2838,0.2794,0.2799,37949287.0,2025-06-19 16:00:00
1750352400000.0,0.28,0.2863,0.2792,0.2846,41674810.0,2025-06-19 17:00:00
1750356000000.0,0.2847,0.2876,0.2818,0.2833,31553641.0,2025-06-19 18:00:00
1750359600000.0,0.2832,0.284,0.2816,0.2823,15371925.0,2025-06-19 19:00:00
1750363200000.0,0.2824,0.2837,0.2802,0.2811,21110329.0,2025-06-19 20:00:00
1750366800000.0,0.2811,0.2828,0.2806,0.2817,17030899.0,2025-06-19 21:00:00
1750370400000.0,0.2818,0.2852,0.2817,0.2834,19598329.0,2025-06-19 22:00:00
1750374000000.0,0.2833,0.2841,0.2814,0.2826,12031115.0,2025-06-19 23:00:00
1750377600000.0,0.2825,0.2855,0.2822,0.2843,18708354.0,2025-06-20 00:00:00
1750381200000.0,0.2843,0.2846,0.2809,0.2841,19520665.0,2025-06-20 01:00:00
1750384800000.0,0.2842,0.2845,0.2813,0.2822,12690710.0,2025-06-20 02:00:00
1750388400000.0,0.2822,0.2833,0.2806,0.2821,13594357.0,2025-06-20 03:00:00
1750392000000.0,0.282,0.283,0.2786,0.2788,25363707.0,2025-06-20 04:00:00
1750395600000.0,0.2788,0.2822,0.2786,0.2819,17746224.0,2025-06-20 05:00:00
1750399200000.0,0.282,0.2844,0.2817,0.2838,25652323.0,2025-06-20 06:00:00
1750402800000.0,0.2838,0.2899,0.283,0.2895,48726549.0,2025-06-20 07:00:00
1750406400000.0,0.2894,0.2925,0.2877,0.2884,60678279.0,2025-06-20 08:00:00
1750410000000.0,0.2884,0.2895,0.287,0.2887,24356822.0,2025-06-20 09:00:00
1750413600000.0,0.2887,0.2908,0.2873,0.2878,27939703.0,2025-06-20 10:00:00
1750417200000.0,0.2878,0.2899,0.2873,0.2891,17631684.0,2025-06-20 11:00:00
1750420800000.0,0.289,0.2918,0.2884,0.2911,27684691.0,2025-06-20 12:00:00
1750424400000.0,0.291,0.2928,0.2867,0.2885,47856617.0,2025-06-20 13:00:00
1750428000000.0,0.2884,0.2891,0.2785,0.2788,84046076.0,2025-06-20 14:00:00
1750431600000.0,0.2789,0.2819,0.2782,0.28,46229131.0,2025-06-20 15:00:00
1750435200000.0,0.2801,0.2803,0.2733,0.2742,68280640.0,2025-06-20 16:00:00
1750438800000.0,0.2742,0.2755,0.2631,0.2696,205920937.0,2025-06-20 17:00:00
1750442400000.0,0.2695,0.2718,0.2681,0.2714,63495180.0,2025-06-20 18:00:00
1750446000000.0,0.2713,0.2713,0.2674,0.2698,36108224.0,2025-06-20 19:00:00
1750449600000.0,0.2697,0.2745,0.2697,0.27,46882522.0,2025-06-20 20:00:00
1750453200000.0,0.27,0.2702,0.2666,0.2668,24803164.0,2025-06-20 21:00:00
1750456800000.0,0.2668,0.2668,0.2615,0.2628,63210202.0,2025-06-20 22:00:00
1750460400000.0,0.2629,0.2664,0.2619,0.2653,45148698.0,2025-06-20 23:00:00
1750464000000.0,0.2653,0.2684,0.2648,0.267,24676983.0,2025-06-21 00:00:00
1750467600000.0,0.2671,0.2714,0.2669,0.2707,22216858.0,2025-06-21 01:00:00
1750471200000.0,0.2707,0.2714,0.2681,0.2686,13598534.0,2025-06-21 02:00:00
1750474800000.0,0.2686,0.2702,0.268,0.2688,15630411.0,2025-06-21 03:00:00
1750478400000.0,0.2687,0.2692,0.268,0.2681,9484365.0,2025-06-21 04:00:00
1750482000000.0,0.2681,0.2693,0.2673,0.2684,15644994.0,2025-06-21 05:00:00
1750485600000.0,0.2685,0.2694,0.2677,0.2688,11512716.0,2025-06-21 06:00:00
1750489200000.0,0.2688,0.2691,0.2667,0.2679,18292027.0,2025-06-21 07:00:00
1750492800000.0,0.2679,0.2692,0.2667,0.269,13395497.0,2025-06-21 08:00:00
1750496400000.0,0.269,0.2708,0.2677,0.2696,23724605.0,2025-06-21 09:00:00
1750500000000.0,0.2697,0.2707,0.2672,0.2682,22863568.0,2025-06-21 10:00:00
1750503600000.0,0.2681,0.2692,0.2676,0.2681,12549540.0,2025-06-21 11:00:00
1750507200000.0,0.2681,0.2688,0.2653,0.2656,25933087.0,2025-06-21 12:00:00
1750510800000.0,0.2657,0.2667,0.2608,0.2615,44476718.0,2025-06-21 13:00:00
1750514400000.0,0.2615,0.2638,0.2601,0.2614,52904403.0,2025-06-21 14:00:00
1750518000000.0,0.2614,0.2637,0.26,0.2636,44402667.0,2025-06-21 15:00:00
1750521600000.0,0.2637,0.265,0.2607,0.2621,42022099.0,2025-06-21 16:00:00
1750525200000.0,0.262,0.2637,0.2568,0.2575,60415964.0,2025-06-21 17:00:00
1750528800000.0,0.2576,0.26,0.2555,0.2566,59809222.0,2025-06-21 18:00:00
1750532400000.0,0.2566,0.2572,0.253,0.2538,63869693.0,2025-06-21 19:00:00
1750536000000.0,0.2538,0.2569,0.2522,0.2555,47353855.0,2025-06-21 20:00:00
1750539600000.0,0.2555,0.256,0.24,0.245,130972117.0,2025-06-21 21:00:00
1750543200000.0,0.245,0.2487,0.2446,0.2485,43202019.0,2025-06-21 22:00:00
1750546800000.0,0.2485,0.2501,0.243,0.2499,82172081.0,2025-06-21 23:00:00
1750550400000.0,0.25,0.2555,0.2475,0.2533,76167164.0,2025-06-22 00:00:00
1750554000000.0,0.2533,0.2543,0.2491,0.2492,36554320.0,2025-06-22 01:00:00
1750557600000.0,0.2493,0.2515,0.2458,0.2478,40642487.0,2025-06-22 02:00:00
1750561200000.0,0.2477,0.2485,0.2442,0.2458,34167579.0,2025-06-22 03:00:00
1750564800000.0,0.2459,0.2497,0.2449,0.2477,23688561.0,2025-06-22 04:00:00
1750568400000.0,0.2477,0.2501,0.2469,0.2489,28520953.0,2025-06-22 05:00:00
1750572000000.0,0.2489,0.2507,0.2475,0.2501,25236157.0,2025-06-22 06:00:00
1750575600000.0,0.2501,0.2503,0.2462,0.248,29090860.0,2025-06-22 07:00:00
1750579200000.0,0.2481,0.2484,0.2445,0.2459,30664058.0,2025-06-22 08:00:00
1750582800000.0,0.2459,0.2469,0.2391,0.2394,86169216.0,2025-06-22 09:00:00
1750586400000.0,0.2394,0.2453,0.2386,0.2444,68454770.0,2025-06-22 10:00:00
1750590000000.0,0.2444,0.2466,0.2432,0.2445,41108587.0,2025-06-22 11:00:00
1750593600000.0,0.2445,0.2464,0.2403,0.2447,52794455.0,2025-06-22 12:00:00
1750597200000.0,0.2447,0.2457,0.2275,0.2313,319562125.0,2025-06-22 13:00:00
1750600800000.0,0.2313,0.2352,0.2252,0.2343,186548561.0,2025-06-22 14:00:00
1750604400000.0,0.2343,0.2356,0.23,0.2307,61087887.0,2025-06-22 15:00:00
1750608000000.0,0.2307,0.2322,0.2288,0.2303,59142884.0,2025-06-22 16:00:00
1750611600000.0,0.2302,0.2338,0.2278,0.2314,75329509.0,2025-06-22 17:00:00
1750615200000.0,0.2313,0.2325,0.2273,0.2279,38640323.0,2025-06-22 18:00:00
1750618800000.0,0.228,0.229,0.2263,0.2284,41397818.0,2025-06-22 19:00:00
1750622400000.0,0.2285,0.2328,0.2223,0.2319,111114249.0,2025-06-22 20:00:00
1750626000000.0,0.2319,0.2334,0.2288,0.2294,30318875.0,2025-06-22 21:00:00
1750629600000.0,0.2295,0.2373,0.2293,0.2372,66178835.0,2025-06-22 22:00:00
1750633200000.0,0.2372,0.2382,0.2359,0.2381,30517682.0,2025-06-22 23:00:00
1750636800000.0,0.238,0.243,0.2379,0.2406,61099402.0,2025-06-23 00:00:00
1750640400000.0,0.2406,0.2422,0.2387,0.242,24248710.0,2025-06-23 01:00:00
1750644000000.0,0.2421,0.2424,0.2398,0.2411,22871072.0,2025-06-23 02:00:00
1750647600000.0,0.2411,0.2423,0.24,0.2409,23560118.0,2025-06-23 03:00:00
1750651200000.0,0.241,0.2423,0.2401,0.2406,21214694.0,2025-06-23 04:00:00
1750654800000.0,0.2407,0.2436,0.2406,0.243,23532087.0,2025-06-23 05:00:00
1750658400000.0,0.2431,0.2446,0.2415,0.2432,32975024.0,2025-06-23 06:00:00
1750662000000.0,0.2432,0.2454,0.2431,0.2445,34464025.0,2025-06-23 07:00:00
1750665600000.0,0.2446,0.2458,0.243,0.245,28494308.0,2025-06-23 08:00:00
1750669200000.0,0.245,0.245,0.2426,0.2436,26803848.0,2025-06-23 09:00:00
1750672800000.0,0.2436,0.244,0.2403,0.2414,35320435.0,2025-06-23 10:00:00
1750676400000.0,0.2414,0.2422,0.2393,0.2416,43281470.0,2025-06-23 11:00:00
1750680000000.0,0.2417,0.2451,0.2397,0.2448,35432927.0,2025-06-23 12:00:00
1750683600000.0,0.2448,0.2473,0.2379,0.2448,124426259.0,2025-06-23 13:00:00
1750687200000.0,0.2449,0.2466,0.2409,0.2413,79028418.0,2025-06-23 14:00:00
1750690800000.0,0.2414,0.243,0.2372,0.2383,52806575.0,2025-06-23 15:00:00
1750694400000.0,0.2383,0.2389,0.2303,0.2345,136726898.0,2025-06-23 16:00:00
1750698000000.0,0.2346,0.2436,0.2337,0.2429,120767359.0,2025-06-23 17:00:00
1750701600000.0,0.243,0.2493,0.2426,0.2482,82698869.0,2025-06-23 18:00:00
1750705200000.0,0.2481,0.2524,0.248,0.2516,60426199.0,2025-06-23 19:00:00
1750708800000.0,0.2517,0.2595,0.25,0.2572,110969512.0,2025-06-23 20:00:00
1750712400000.0,0.2573,0.2591,0.2537,0.2549,49106345.0,2025-06-23 21:00:00
1750716000000.0,0.255,0.27,0.2549,0.2687,154163591.0,2025-06-23 22:00:00
1750719600000.0,0.2687,0.2717,0.267,0.2691,62780312.0,2025-06-23 23:00:00
1750723200000.0,0.2691,0.2712,0.2667,0.2711,62524285.0,2025-06-24 00:00:00
1750726800000.0,0.2712,0.2732,0.269,0.2722,41522224.0,2025-06-24 01:00:00
1750730400000.0,0.2722,0.2723,0.2681,0.2684,28422301.0,2025-06-24 02:00:00
1750734000000.0,0.2684,0.27,0.2675,0.2686,23590464.0,2025-06-24 03:00:00
1750737600000.0,0.2686,0.2701,0.2679,0.27,19635403.0,2025-06-24 04:00:00
1750741200000.0,0.2699,0.2762,0.2693,0.2751,47777668.0,2025-06-24 05:00:00
1750744800000.0,0.2751,0.2798,0.273,0.2747,63746232.0,2025-06-24 06:00:00
1750748400000.0,0.2748,0.2765,0.2683,0.2692,66781598.0,2025-06-24 07:00:00
1750752000000.0,0.2691,0.2708,0.2656,0.2679,89832694.0,2025-06-24 08:00:00
1750755600000.0,0.2678,0.2728,0.2669,0.2687,46095959.0,2025-06-24 09:00:00
1750759200000.0,0.2688,0.2691,0.2663,0.2677,28936864.0,2025-06-24 10:00:00
1750762800000.0,0.2676,0.2689,0.2654,0.2677,28320123.0,2025-06-24 11:00:00
1750766400000.0,0.2678,0.2703,0.267,0.2693,28626028.0,2025-06-24 12:00:00
1750770000000.0,0.2692,0.27,0.2658,0.2686,48908104.0,2025-06-24 13:00:00
1750773600000.0,0.2687,0.2721,0.2679,0.269,56426542.0,2025-06-24 14:00:00
1750777200000.0,0.2691,0.2711,0.2665,0.2688,31292574.0,2025-06-24 15:00:00
1750780800000.0,0.2688,0.2765,0.2677,0.2761,53584293.0,2025-06-24 16:00:00
1750784400000.0,0.2761,0.2764,0.2686,0.2699,61250294.0,2025-06-24 17:00:00
1750788000000.0,0.2699,0.2703,0.2653,0.2659,51761263.0,2025-06-24 18:00:00
1750791600000.0,0.2659,0.2669,0.2632,0.2656,29709734.0,2025-06-24 19:00:00
1750795200000.0,0.2655,0.2673,0.2632,0.2672,28701361.0,2025-06-24 20:00:00
1750798800000.0,0.2672,0.2692,0.2642,0.2685,21465660.0,2025-06-24 21:00:00
1750802400000.0,0.2686,0.2686,0.2662,0.2678,19098776.0,2025-06-24 22:00:00
1750806000000.0,0.2678,0.2691,0.2656,0.2691,15862725.0,2025-06-24 23:00:00
1750809600000.0,0.2691,0.2707,0.2664,0.2705,29529277.0,2025-06-25 00:00:00
1750813200000.0,0.2706,0.2714,0.2676,0.2698,26974659.0,2025-06-25 01:00:00
1750816800000.0,0.2698,0.273,0.269,0.2695,27623327.0,2025-06-25 02:00:00
1750820400000.0,0.2695,0.2716,0.2688,0.2691,16899293.0,2025-06-25 03:00:00
1750824000000.0,0.2692,0.2702,0.2669,0.2682,21549490.0,2025-06-25 04:00:00
1750827600000.0,0.2682,0.2694,0.2667,0.2673,16451356.0,2025-06-25 05:00:00
1750831200000.0,0.2673,0.2693,0.2666,0.2682,14796278.0,2025-06-25 06:00:00
1750834800000.0,0.2683,0.2705,0.2671,0.2682,25233435.0,2025-06-25 07:00:00
1750838400000.0,0.2683,0.2689,0.2637,0.2669,39183012.0,2025-06-25 08:00:00
1750842000000.0,0.2669,0.2697,0.265,0.2662,39231940.0,2025-06-25 09:00:00
1750845600000.0,0.2661,0.2672,0.2643,0.266,27360084.0,2025-06-25 10:00:00
1750849200000.0,0.266,0.2689,0.2647,0.2687,21459871.0,2025-06-25 11:00:00
1750852800000.0,0.2687,0.2688,0.2659,0.2678,18425378.0,2025-06-25 12:00:00
1750856400000.0,0.2678,0.2736,0.2674,0.2712,72797378.0,2025-06-25 13:00:00
1750860000000.0,0.2712,0.2716,0.2612,0.2656,99798591.0,2025-06-25 14:00:00
1750863600000.0,0.2656,0.2658,0.2593,0.2599,60472104.0,2025-06-25 15:00:00
1750867200000.0,0.2599,0.2618,0.257,0.2581,44887555.0,2025-06-25 16:00:00
1750870800000.0,0.258,0.2638,0.258,0.2605,50944682.0,2025-06-25 17:00:00
1750874400000.0,0.2606,0.2608,0.2576,0.2587,33769533.0,2025-06-25 18:00:00
1750878000000.0,0.2587,0.262,0.2586,0.2609,23607496.0,2025-06-25 19:00:00
1750881600000.0,0.2609,0.2626,0.2598,0.2621,19568629.0,2025-06-25 20:00:00
1750885200000.0,0.262,0.2641,0.2579,0.2586,23528785.0,2025-06-25 21:00:00
1750888800000.0,0.2587,0.2587,0.2552,0.256,25567457.0,2025-06-25 22:00:00
1750892400000.0,0.2559,0.2578,0.2549,0.2575,20015486.0,2025-06-25 23:00:00
1750896000000.0,0.2575,0.2593,0.2566,0.2589,21934830.0,2025-06-26 00:00:00
1750899600000.0,0.2589,0.2651,0.2572,0.2637,50080772.0,2025-06-26 01:00:00
1750903200000.0,0.2638,0.2695,0.2632,0.2692,67947034.0,2025-06-26 02:00:00
1750906800000.0,0.2692,0.2725,0.2628,0.2645,59012177.0,2025-06-26 03:00:00
1750910400000.0,0.2644,0.265,0.2598,0.2615,30455182.0,2025-06-26 04:00:00
1750914000000.0,0.2615,0.2622,0.2589,0.2603,26961070.0,2025-06-26 05:00:00
1750917600000.0,0.2603,0.2623,0.2597,0.2621,17643274.0,2025-06-26 06:00:00
1750921200000.0,0.262,0.2653,0.2611,0.2637,30810017.0,2025-06-26 07:00:00
1750924800000.0,0.2637,0.2653,0.2615,0.2622,30720946.0,2025-06-26 08:00:00
1750928400000.0,0.2623,0.2629,0.258,0.2585,46799676.0,2025-06-26 09:00:00
1750932000000.0,0.2585,0.2591,0.2565,0.2579,34618840.0,2025-06-26 10:00:00
1750935600000.0,0.2579,0.2582,0.2561,0.2566,21738641.0,2025-06-26 11:00:00
1750939200000.0,0.2567,0.2567,0.2522,0.2525,56444642.0,2025-06-26 12:00:00
1750942800000.0,0.2524,0.2531,0.248,0.2487,75998653.0,2025-06-26 13:00:00
1750946400000.0,0.2488,0.2526,0.2471,0.2505,68359567.0,2025-06-26 14:00:00
1750950000000.0,0.2505,0.2518,0.2473,0.2504,65411649.0,2025-06-26 15:00:00
1750953600000.0,0.2504,0.2507,0.2465,0.2478,44469138.0,2025-06-26 16:00:00
1750957200000.0,0.2478,0.2504,0.2459,0.2466,43058318.0,2025-06-26 17:00:00
1750960800000.0,0.2467,0.249,0.2458,0.2476,33745235.0,2025-06-26 18:00:00
1750964400000.0,0.2476,0.2523,0.2474,0.2514,42477361.0,2025-06-26 19:00:00
1750968000000.0,0.2513,0.2597,0.2504,0.2558,65053458.0,2025-06-26 20:00:00
1750971600000.0,0.2558,0.2558,0.2488,0.2515,58952814.0,2025-06-26 21:00:00
1750975200000.0,0.2514,0.2537,0.2504,0.2508,34260488.0,2025-06-26 22:00:00
1750978800000.0,0.2509,0.2511,0.249,0.2498,24035281.0,2025-06-26 23:00:00
1750982400000.0,0.2498,0.2516,0.2476,0.2477,26402510.0,2025-06-27 00:00:00
1750986000000.0,0.2478,0.2531,0.2468,0.2519,49602097.0,2025-06-27 01:00:00
1750989600000.0,0.2519,0.253,0.2505,0.2522,23181661.0,2025-06-27 02:00:00
1750993200000.0,0.2523,0.2528,0.2506,0.2514,19574556.0,2025-06-27 03:00:00
1750996800000.0,0.2514,0.2516,0.2496,0.2507,17026823.0,2025-06-27 04:00:00
1751000400000.0,0.2506,0.255,0.2504,0.2508,25237172.0,2025-06-27 05:00:00
1751004000000.0,0.2508,0.2536,0.2503,0.2522,16728890.0,2025-06-27 06:00:00
1751007600000.0,0.2522,0.2539,0.2493,0.2503,25007902.0,2025-06-27 07:00:00
1751011200000.0,0.2503,0.2545,0.2498,0.2531,25484572.0,2025-06-27 08:00:00
1751014800000.0,0.2531,0.2539,0.2513,0.2528,30857661.0,2025-06-27 09:00:00
1751018400000.0,0.2528,0.2532,0.2501,0.2503,23319434.0,2025-06-27 10:00:00
1751022000000.0,0.2502,0.2519,0.2499,0.2506,15114894.0,2025-06-27 11:00:00
1751025600000.0,0.2506,0.253,0.2475,0.248,45525060.0,2025-06-27 12:00:00
1751029200000.0,0.248,0.25,0.2472,0.25,34323340.0,2025-06-27 13:00:00
1751032800000.0,0.25,0.2523,0.2477,0.2482,36543424.0,2025-06-27 14:00:00
1751036400000.0,0.2482,0.2539,0.2477,0.2534,40440538.0,2025-06-27 15:00:00
1751040000000.0,0.2533,0.2572,0.2516,0.2541,52542838.0,2025-06-27 16:00:00
1751043600000.0,0.2541,0.2551,0.2478,0.2498,52716818.0,2025-06-27 17:00:00
1751047200000.0,0.2498,0.2507,0.2452,0.2467,55202706.0,2025-06-27 18:00:00
1751050800000.0,0.2466,0.2486,0.2462,0.2484,35844444.0,2025-06-27 19:00:00
1751054400000.0,0.2484,0.2511,0.2472,0.2508,24922342.0,2025-06-27 20:00:00
1751058000000.0,0.2508,0.2533,0.2501,0.2521,26122707.0,2025-06-27 21:00:00
1751061600000.0,0.2521,0.2534,0.2519,0.2531,10602349.0,2025-06-27 22:00:00
1751065200000.0,0.2531,0.2539,0.252,0.2536,11480683.0,2025-06-27 23:00:00
1751068800000.0,0.2536,0.2547,0.2526,0.2535,13994009.0,2025-06-28 00:00:00
1751072400000.0,0.2535,0.2544,0.2516,0.254,15031930.0,2025-06-28 01:00:00
1751076000000.0,0.254,0.2547,0.2531,0.2533,10599108.0,2025-06-28 02:00:00
1751079600000.0,0.2534,0.2535,0.2523,0.2528,7482022.0,2025-06-28 03:00:00
1751083200000.0,0.2527,0.2531,0.2515,0.2517,9911846.0,2025-06-28 04:00:00
1751086800000.0,0.2516,0.2539,0.2516,0.2525,13236126.0,2025-06-28 05:00:00
1751090400000.0,0.2525,0.2535,0.252,0.2534,9236815.0,2025-06-28 06:00:00
1751094000000.0,0.2534,0.2561,0.2526,0.2559,22840616.0,2025-06-28 07:00:00
1751097600000.0,0.2559,0.2564,0.2545,0.2553,17795669.0,2025-06-28 08:00:00
1751101200000.0,0.2552,0.2589,0.2547,0.2582,19289453.0,2025-06-28 09:00:00
1751104800000.0,0.2583,0.2595,0.2573,0.2582,19372741.0,2025-06-28 10:00:00
1751108400000.0,0.2583,0.2591,0.2573,0.2575,18001170.0,2025-06-28 11:00:00
1751112000000.0,0.2576,0.2599,0.2567,0.2597,22613002.0,2025-06-28 12:00:00
1751115600000.0,0.2597,0.2612,0.257,0.2574,31215199.0,2025-06-28 13:00:00
1751119200000.0,0.2573,0.2592,0.2567,0.2586,17231443.0,2025-06-28 14:00:00
1751122800000.0,0.2586,0.262,0.2584,0.2619,16831713.0,2025-06-28 15:00:00
1751126400000.0,0.2618,0.265,0.2617,0.2632,47512741.0,2025-06-28 16:00:00
1751130000000.0,0.2631,0.2677,0.2615,0.2672,36594705.0,2025-06-28 17:00:00
1751133600000.0,0.2671,0.2676,0.2643,0.2656,27998638.0,2025-06-28 18:00:00
1751137200000.0,0.2655,0.2667,0.2637,0.2638,15390169.0,2025-06-28 19:00:00
1751140800000.0,0.2638,0.2648,0.2627,0.263,12557370.0,2025-06-28 20:00:00
1751144400000.0,0.263,0.2655,0.2628,0.265,8766440.0,2025-06-28 21:00:00
1751148000000.0,0.265,0.2669,0.2641,0.2653,17204682.0,2025-06-28 22:00:00
1751151600000.0,0.2652,0.2654,0.2634,0.2651,12461431.0,2025-06-28 23:00:00
1751155200000.0,0.2651,0.266,0.2638,0.2649,18417809.0,2025-06-29 00:00:00
1751158800000.0,0.2649,0.2651,0.262,0.2621,16536339.0,2025-06-29 01:00:00
1751162400000.0,0.2621,0.2629,0.2613,0.2625,13450369.0,2025-06-29 02:00:00
1751166000000.0,0.2624,0.2627,0.2609,0.261,8270605.0,2025-06-29 03:00:00
1751169600000.0,0.261,0.2617,0.2603,0.2608,10246746.0,2025-06-29 04:00:00
1751173200000.0,0.2609,0.2623,0.2604,0.2621,11845014.0,2025-06-29 05:00:00
1751176800000.0,0.2622,0.2641,0.2621,0.2638,13273285.0,2025-06-29 06:00:00
1751180400000.0,0.2639,0.2647,0.2625,0.2647,13075641.0,2025-06-29 07:00:00
1751184000000.0,0.2648,0.2676,0.2647,0.2669,29086927.0,2025-06-29 08:00:00
1751187600000.0,0.267,0.27,0.2656,0.268,29216746.0,2025-06-29 09:00:00
1751191200000.0,0.268,0.269,0.2657,0.2663,29796013.0,2025-06-29 10:00:00
1751194800000.0,0.2664,0.2673,0.2654,0.2665,13480036.0,2025-06-29 11:00:00
1751198400000.0,0.2665,0.2678,0.2651,0.2671,16102649.0,2025-06-29 12:00:00
1751202000000.0,0.2671,0.2689,0.2661,0.2665,18606011.0,2025-06-29 13:00:00
1751205600000.0,0.2665,0.2676,0.264,0.2641,23882478.0,2025-06-29 14:00:00
1751209200000.0,0.264,0.2647,0.2622,0.264,29644177.0,2025-06-29 15:00:00
1751212800000.0,0.264,0.2659,0.2634,0.2658,21491399.0,2025-06-29 16:00:00
1751216400000.0,0.2659,0.2668,0.264,0.2662,13579332.0,2025-06-29 17:00:00
1751220000000.0,0.2662,0.2684,0.265,0.2679,16876369.0,2025-06-29 18:00:00
1751223600000.0,0.2678,0.2686,0.2664,0.2681,18357030.0,2025-06-29 19:00:00
1751227200000.0,0.2681,0.2688,0.2669,0.2671,10399594.0,2025-06-29 20:00:00
1751230800000.0,0.2671,0.2717,0.2653,0.271,24511109.0,2025-06-29 21:00:00
1751234400000.0,0.271,0.2865,0.2708,0.2838,119394662.0,2025-06-29 22:00:00
1751238000000.0,0.2839,0.2852,0.2783,0.2784,70507446.0,2025-06-29 23:00:00
1751241600000.0,0.2785,0.279,0.2749,0.2751,50531596.0,2025-06-30 00:00:00
1751245200000.0,0.2752,0.2754,0.2723,0.2734,31635671.0,2025-06-30 01:00:00
1751248800000.0,0.2735,0.2743,0.2709,0.2711,30077285.0,2025-06-30 02:00:00
1751252400000.0,0.2711,0.2721,0.2701,0.2708,21847111.0,2025-06-30 03:00:00
1751256000000.0,0.2708,0.2713,0.2691,0.2697,21587527.0,2025-06-30 04:00:00
1751259600000.0,0.2697,0.2737,0.2695,0.2733,40338484.0,2025-06-30 05:00:00
1751263200000.0,0.2732,0.274,0.2655,0.268,62858874.0,2025-06-30 06:00:00
1751266800000.0,0.268,0.2728,0.2672,0.2724,39775991.0,2025-06-30 07:00:00
1751270400000.0,0.2724,0.2732,0.2691,0.2699,29265778.0,2025-06-30 08:00:00
1751274000000.0,0.27,0.271,0.2673,0.2674,28752783.0,2025-06-30 09:00:00
1751277600000.0,0.2675,0.2691,0.2666,0.2674,34185734.0,2025-06-30 10:00:00
1751281200000.0,0.2675,0.2694,0.2663,0.2668,27225256.0,2025-06-30 11:00:00
1751284800000.0,0.2669,0.2681,0.2638,0.2649,34336375.0,2025-06-30 12:00:00
1751288400000.0,0.265,0.267,0.2635,0.2645,41216397.0,2025-06-30 13:00:00
1751292000000.0,0.2644,0.2658,0.2621,0.2627,67348273.0,2025-06-30 14:00:00
1751295600000.0,0.2628,0.2718,0.2621,0.268,116665335.0,2025-06-30 15:00:00
1751299200000.0,0.2681,0.2702,0.2665,0.2691,51369171.0,2025-06-30 16:00:00
1751302800000.0,0.2691,0.2702,0.2675,0.2685,23026046.0,2025-06-30 17:00:00
1751306400000.0,0.2684,0.2697,0.2662,0.2669,22253377.0,2025-06-30 18:00:00
1751310000000.0,0.267,0.2751,0.2666,0.2747,59563341.0,2025-06-30 19:00:00
1751313600000.0,0.2747,0.275,0.2699,0.2701,41681040.0,2025-06-30 20:00:00
1751317200000.0,0.2701,0.2713,0.2669,0.2683,28122995.0,2025-06-30 21:00:00
1751320800000.0,0.2683,0.2693,0.2664,0.2668,27247916.0,2025-06-30 22:00:00
1751324400000.0,0.2668,0.2688,0.2657,0.2662,12794313.0,2025-06-30 23:00:00
1751328000000.0,0.2662,0.2683,0.2649,0.266,26709175.0,2025-07-01 00:00:00
1751331600000.0,0.266,0.268,0.2656,0.2659,20174731.0,2025-07-01 01:00:00
1751335200000.0,0.2659,0.2677,0.2645,0.2649,19348000.0,2025-07-01 02:00:00
1751338800000.0,0.265,0.2661,0.2641,0.2649,12814037.0,2025-07-01 03:00:00
1751342400000.0,0.265,0.2651,0.2622,0.2622,16437945.0,2025-07-01 04:00:00
1751346000000.0,0.2623,0.2628,0.2606,0.2619,32113593.0,2025-07-01 05:00:00
1751349600000.0,0.2619,0.2627,0.2609,0.2621,11914964.0,2025-07-01 06:00:00
1751353200000.0,0.2621,0.2633,0.259,0.2631,27329328.0,2025-07-01 07:00:00
1751356800000.0,0.2631,0.2633,0.2594,0.26,19258131.0,2025-07-01 08:00:00
1751360400000.0,0.26,0.2616,0.2591,0.2606,17731426.0,2025-07-01 09:00:00
1751364000000.0,0.2606,0.2612,0.2587,0.2598,16157360.0,2025-07-01 10:00:00
1751367600000.0,0.2598,0.2598,0.2571,0.2582,24695874.0,2025-07-01 11:00:00
1751371200000.0,0.2582,0.2592,0.2562,0.2565,26371782.0,2025-07-01 12:00:00
1751374800000.0,0.2566,0.2583,0.2544,0.2575,35584630.0,2025-07-01 13:00:00
1751378400000.0,0.2575,0.2603,0.2547,0.2572,68675381.0,2025-07-01 14:00:00
1751382000000.0,0.2571,0.2581,0.2552,0.2559,23115651.0,2025-07-01 15:00:00
1751385600000.0,0.2559,0.2568,0.2542,0.2555,22831316.0,2025-07-01 16:00:00
1751389200000.0,0.2555,0.2556,0.2532,0.2546,20988361.0,2025-07-01 17:00:00
1751392800000.0,0.2547,0.2547,0.252,0.2528,23228697.0,2025-07-01 18:00:00
1751396400000.0,0.2527,0.2542,0.2517,0.2524,22049364.0,2025-07-01 19:00:00
1751400000000.0,0.2525,0.254,0.2516,0.2535,18190115.0,2025-07-01 20:00:00
1751403600000.0,0.2535,0.2549,0.2522,0.2531,10418278.0,2025-07-01 21:00:00
1751407200000.0,0.2531,0.2538,0.2516,0.2517,13541224.0,2025-07-01 22:00:00
1751410800000.0,0.2517,0.253,0.2504,0.2525,17465432.0,2025-07-01 23:00:00
1751414400000.0,0.2525,0.2531,0.2512,0.2519,10925816.0,2025-07-02 00:00:00
1751418000000.0,0.2518,0.2537,0.249,0.2531,27601025.0,2025-07-02 01:00:00
1751421600000.0,0.2531,0.2541,0.2518,0.2529,14128998.0,2025-07-02 02:00:00
1751425200000.0,0.2529,0.2553,0.2527,0.2536,21444193.0,2025-07-02 03:00:00
1751428800000.0,0.2536,0.2577,0.2526,0.2575,25445744.0,2025-07-02 04:00:00
1751432400000.0,0.2575,0.2588,0.2563,0.2583,24256318.0,2025-07-02 05:00:00
1751436000000.0,0.2583,0.2602,0.2572,0.2601,20014111.0,2025-07-02 06:00:00
1751439600000.0,0.2601,0.2604,0.2579,0.2594,16280067.0,2025-07-02 07:00:00
1751443200000.0,0.2594,0.261,0.2594,0.2603,19041764.0,2025-07-02 08:00:00
1751446800000.0,0.2604,0.2622,0.2599,0.261,23982431.0,2025-07-02 09:00:00
1751450400000.0,0.2611,0.2622,0.2596,0.2617,16345777.0,2025-07-02 10:00:00
1751454000000.0,0.2618,0.2627,0.2595,0.2599,21925409.0,2025-07-02 11:00:00
1751457600000.0,0.2598,0.2602,0.2584,0.2594,22111443.0,2025-07-02 12:00:00
1751461200000.0,0.2595,0.2643,0.2591,0.262,33604884.0,2025-07-02 13:00:00
1751464800000.0,0.262,0.2638,0.2612,0.2635,34425560.0,2025-07-02 14:00:00
1751468400000.0,0.2636,0.2682,0.2631,0.2672,50347618.0,2025-07-02 15:00:00
1751472000000.0,0.2671,0.2781,0.2665,0.2778,115498942.0,2025-07-02 16:00:00
1751475600000.0,0.2778,0.2794,0.2711,0.2736,88366737.0,2025-07-02 17:00:00
1751479200000.0,0.2736,0.2767,0.2736,0.2761,33563204.0,2025-07-02 18:00:00
1751482800000.0,0.276,0.2789,0.2743,0.2785,26678924.0,2025-07-02 19:00:00
1751486400000.0,0.2785,0.2799,0.2769,0.2775,37379704.0,2025-07-02 20:00:00
1751490000000.0,0.2776,0.2798,0.2773,0.2793,19959948.0,2025-07-02 21:00:00
1751493600000.0,0.2793,0.2822,0.2787,0.2791,24471315.0,2025-07-02 22:00:00
1751497200000.0,0.2792,0.2797,0.276,0.2762,26216124.0,2025-07-02 23:00:00
1751500800000.0,0.2761,0.2787,0.2753,0.2779,23178157.0,2025-07-03 00:00:00
1751504400000.0,0.2778,0.2816,0.2769,0.2811,22611603.0,2025-07-03 01:00:00
1751508000000.0,0.2812,0.2815,0.2779,0.2791,27010459.0,2025-07-03 02:00:00
1751511600000.0,0.2791,0.2802,0.2776,0.2778,12312063.0,2025-07-03 03:00:00
1751515200000.0,0.2778,0.2805,0.2769,0.2801,22492953.0,2025-07-03 04:00:00
1751518800000.0,0.2801,0.2854,0.2801,0.2853,46275493.0,2025-07-03 05:00:00
1751522400000.0,0.2853,0.2868,0.2841,0.2844,31806422.0,2025-07-03 06:00:00
1751526000000.0,0.2844,0.2869,0.2833,0.2866,26755211.0,2025-07-03 07:00:00
1751529600000.0,0.2866,0.2875,0.2835,0.2837,19865777.0,2025-07-03 08:00:00
1751533200000.0,0.2837,0.2864,0.283,0.2843,34599739.0,2025-07-03 09:00:00
1751536800000.0,0.2843,0.2845,0.2787,0.28,45947179.0,2025-07-03 10:00:00
1751540400000.0,0.28,0.2804,0.2774,0.2795,23005728.0,2025-07-03 11:00:00
1751544000000.0,0.2795,0.2847,0.2757,0.2789,82151696.0,2025-07-03 12:00:00
1751547600000.0,0.2788,0.2846,0.2769,0.2827,69198680.0,2025-07-03 13:00:00
1751551200000.0,0.2827,0.284,0.2763,0.2774,54462041.0,2025-07-03 14:00:00
1751554800000.0,0.2774,0.2784,0.2695,0.2701,71887020.0,2025-07-03 15:00:00
1751558400000.0,0.27,0.2743,0.2698,0.2722,44269961.0,2025-07-03 16:00:00
1751562000000.0,0.2723,0.2743,0.2714,0.2721,25672310.0,2025-07-03 17:00:00
1751565600000.0,0.2721,0.2733,0.2704,0.2731,23695147.0,2025-07-03 18:00:00
1751569200000.0,0.2731,0.2746,0.2729,0.2741,14924367.0,2025-07-03 19:00:00
1751572800000.0,0.2741,0.2764,0.2736,0.2761,17796902.0,2025-07-03 20:00:00
1751576400000.0,0.2762,0.2792,0.2758,0.2778,33598081.0,2025-07-03 21:00:00
1751580000000.0,0.2777,0.2784,0.2764,0.2781,10852403.0,2025-07-03 22:00:00
1751583600000.0,0.278,0.2787,0.2755,0.2759,13642837.0,2025-07-03 23:00:00
1751587200000.0,0.2759,0.2771,0.2743,0.2756,34486325.0,2025-07-04 00:00:00
1751590800000.0,0.2756,0.2807,0.2755,0.2769,31783442.0,2025-07-04 01:00:00
1751594400000.0,0.2768,0.2771,0.2715,0.2731,35977512.0,2025-07-04 02:00:00
1751598000000.0,0.2732,0.2744,0.2722,0.2725,13456102.0,2025-07-04 03:00:00
1751601600000.0,0.2726,0.2736,0.2698,0.2701,22116733.0,2025-07-04 04:00:00
1751605200000.0,0.2701,0.2719,0.269,0.27,20671324.0,2025-07-04 05:00:00
1751608800000.0,0.27,0.27,0.2659,0.2672,31523956.0,2025-07-04 06:00:00
1751612400000.0,0.2672,0.2679,0.2638,0.264,38713749.0,2025-07-04 07:00:00
1751616000000.0,0.264,0.2654,0.2617,0.2644,39329924.0,2025-07-04 08:00:00
1751619600000.0,0.2645,0.266,0.2636,0.2643,19598367.0,2025-07-04 09:00:00
1751623200000.0,0.2643,0.2651,0.2607,0.2611,32853327.0,2025-07-04 10:00:00
1751626800000.0,0.2612,0.2629,0.2609,0.2619,22251411.0,2025-07-04 11:00:00
1751630400000.0,0.2619,0.263,0.2593,0.2608,30713053.0,2025-07-04 12:00:00
1751634000000.0,0.2608,0.2622,0.2571,0.2572,54966659.0,2025-07-04 13:00:00
1751637600000.0,0.2573,0.2579,0.2536,0.2552,80430805.0,2025-07-04 14:00:00
1751641200000.0,0.2551,0.2552,0.2519,0.2528,63995252.0,2025-07-04 15:00:00
1751644800000.0,0.2527,0.2533,0.248,0.2504,80526515.0,2025-07-04 16:00:00
1751648400000.0,0.2504,0.2519,0.2497,0.2515,41741191.0,2025-07-04 17:00:00
1751652000000.0,0.2515,0.2517,0.2483,0.2497,42518591.0,2025-07-04 18:00:00
1751655600000.0,0.2497,0.25,0.2477,0.2489,26515135.0,2025-07-04 19:00:00
1751659200000.0,0.2489,0.251,0.2485,0.2509,19851013.0,2025-07-04 20:00:00
1751662800000.0,0.2509,0.2525,0.2498,0.2523,17274185.0,2025-07-04 21:00:00
1751666400000.0,0.2523,0.2564,0.2517,0.2561,36782218.0,2025-07-04 22:00:00
1751670000000.0,0.2562,0.2562,0.2524,0.253,20291170.0,2025-07-04 23:00:00
1751673600000.0,0.253,0.2561,0.253,0.2552,19749512.0,2025-07-05 00:00:00
1751677200000.0,0.2553,0.2553,0.2534,0.2542,11535400.0,2025-07-05 01:00:00
1751680800000.0,0.2542,0.2549,0.2526,0.2547,17207681.0,2025-07-05 02:00:00
1751684400000.0,0.2547,0.2562,0.2541,0.2544,14648679.0,2025-07-05 03:00:00
1751688000000.0,0.2545,0.2551,0.2527,0.2529,12259759.0,2025-07-05 04:00:00
1751691600000.0,0.2528,0.2535,0.251,0.2533,21517675.0,2025-07-05 05:00:00
1751695200000.0,0.2534,0.257,0.2523,0.2564,29332713.0,2025-07-05 06:00:00
1751698800000.0,0.2564,0.2574,0.2539,0.2544,22231878.0,2025-07-05 07:00:00
1751702400000.0,0.2544,0.255,0.2522,0.2534,22504859.0,2025-07-05 08:00:00
1751706000000.0,0.2534,0.2549,0.2518,0.2545,20406383.0,2025-07-05 09:00:00
1751709600000.0,0.2544,0.2547,0.2536,0.2537,12334354.0,2025-07-05 10:00:00
1751713200000.0,0.2536,0.2556,0.2536,0.2546,16936592.0,2025-07-05 11:00:00
1751716800000.0,0.2546,0.255,0.2524,0.2531,25565779.0,2025-07-05 12:00:00
1751720400000.0,0.253,0.2543,0.2521,0.2525,12394148.0,2025-07-05 13:00:00
1751724000000.0,0.2525,0.2541,0.2517,0.254,10784469.0,2025-07-05 14:00:00
1751727600000.0,0.254,0.2549,0.2525,0.2536,14057797.0,2025-07-05 15:00:00
1751731200000.0,0.2536,0.2545,0.2513,0.2536,27389569.0,2025-07-05 16:00:00
1751734800000.0,0.2537,0.2543,0.2516,0.2528,21991813.0,2025-07-05 17:00:00
1751738400000.0,0.2528,0.2529,0.2488,0.2495,32722243.0,2025-07-05 18:00:00
1751742000000.0,0.2496,0.2526,0.2491,0.2524,15435475.0,2025-07-05 19:00:00
1751745600000.0,0.2523,0.2537,0.2513,0.2536,16177443.0,2025-07-05 20:00:00
1751749200000.0,0.2535,0.2552,0.2532,0.2544,13151053.0,2025-07-05 21:00:00
1751752800000.0,0.2543,0.2567,0.254,0.2566,13761348.0,2025-07-05 22:00:00
1751756400000.0,0.2566,0.257,0.2544,0.2548,15652300.0,2025-07-05 23:00:00
1751760000000.0,0.2549,0.2551,0.2535,0.2547,12038292.0,2025-07-06 00:00:00
1751763600000.0,0.2547,0.2548,0.253,0.2536,8137402.0,2025-07-06 01:00:00
1751767200000.0,0.2536,0.2546,0.2531,0.2534,8027441.0,2025-07-06 02:00:00
1751770800000.0,0.2533,0.2545,0.2529,0.2542,8217234.0,2025-07-06 03:00:00
1751774400000.0,0.2542,0.2553,0.2538,0.2542,8081111.0,2025-07-06 04:00:00
1751778000000.0,0.2542,0.2543,0.2531,0.2531,8765374.0,2025-07-06 05:00:00
1751781600000.0,0.2531,0.2554,0.2531,0.2544,10070426.0,2025-07-06 06:00:00
1751785200000.0,0.2545,0.2555,0.254,0.2542,11211260.0,2025-07-06 07:00:00
1751788800000.0,0.2542,0.2548,0.2529,0.2542,18363996.0,2025-07-06 08:00:00
1751792400000.0,0.2542,0.2555,0.2534,0.2534,10445876.0,2025-07-06 09:00:00
1751796000000.0,0.2535,0.2551,0.2532,0.2538,12586895.0,2025-07-06 10:00:00
1751799600000.0,0.2538,0.2551,0.2532,0.255,9333207.0,2025-07-06 11:00:00
1751803200000.0,0.2549,0.2577,0.2543,0.2577,19964575.0,2025-07-06 12:00:00
1751806800000.0,0.2577,0.2627,0.2566,0.2615,66675564.0,2025-07-06 13:00:00
1751810400000.0,0.2615,0.2629,0.2575,0.2596,51966622.0,2025-07-06 14:00:00
1751814000000.0,0.2597,0.2602,0.2578,0.2601,19878870.0,2025-07-06 15:00:00
1751817600000.0,0.2601,0.2618,0.2595,0.2616,21911251.0,2025-07-06 16:00:00
1751821200000.0,0.2617,0.2618,0.2596,0.2608,12027137.0,2025-07-06 17:00:00
1751824800000.0,0.2608,0.2611,0.2568,0.2586,24104517.0,2025-07-06 18:00:00
1751828400000.0,0.2586,0.26,0.2582,0.26,11933208.0,2025-07-06 19:00:00
1751832000000.0,0.26,0.2619,0.2596,0.2604,11707547.0,2025-07-06 20:00:00
1751835600000.0,0.2605,0.2666,0.2605,0.2651,34331022.0,2025-07-06 21:00:00
1751839200000.0,0.2652,0.2678,0.2638,0.2641,31293396.0,2025-07-06 22:00:00
1751842800000.0,0.2641,0.2645,0.2602,0.2618,25813109.0,2025-07-06 23:00:00
1751846400000.0,0.2618,0.2631,0.261,0.2623,21958103.0,2025-07-07 00:00:00
1751850000000.0,0.2623,0.2629,0.2606,0.2626,13533023.0,2025-07-07 01:00:00
1751853600000.0,0.2626,0.2671,0.2626,0.2651,20974943.0,2025-07-07 02:00:00
1751857200000.0,0.2651,0.2677,0.2646,0.2663,21044239.0,2025-07-07 03:00:00
1751860800000.0,0.2664,0.2686,0.2663,0.2667,29091492.0,2025-07-07 04:00:00
1751864400000.0,0.2666,0.2682,0.2648,0.2651,27289252.0,2025-07-07 05:00:00
1751868000000.0,0.2652,0.2672,0.264,0.2642,17322577.0,2025-07-07 06:00:00
1751871600000.0,0.2643,0.2666,0.2634,0.2662,24917231.0,2025-07-07 07:00:00
1751875200000.0,0.2661,0.2666,0.2644,0.2659,21210595.0,2025-07-07 08:00:00
1751878800000.0,0.2658,0.2658,0.2622,0.2627,19818190.0,2025-07-07 09:00:00
1751882400000.0,0.2627,0.2631,0.2614,0.2622,22361426.0,2025-07-07 10:00:00
1751886000000.0,0.2622,0.2638,0.2611,0.2621,15403903.0,2025-07-07 11:00:00
1751889600000.0,0.2622,0.2623,0.2594,0.2605,26987476.0,2025-07-07 12:00:00
1751893200000.0,0.2606,0.2633,0.2594,0.263,36577368.0,2025-07-07 13:00:00
1751896800000.0,0.263,0.2634,0.2568,0.2581,50503109.0,2025-07-07 14:00:00
1751900400000.0,0.2581,0.2601,0.2577,0.2591,26290432.0,2025-07-07 15:00:00
1751904000000.0,0.2592,0.2601,0.2563,0.2571,44450011.0,2025-07-07 16:00:00
1751907600000.0,0.2571,0.2592,0.2556,0.2578,38875322.0,2025-07-07 17:00:00
1751911200000.0,0.2578,0.2584,0.2554,0.2578,21041618.0,2025-07-07 18:00:00
1751914800000.0,0.2577,0.2621,0.2574,0.2588,42088523.0,2025-07-07 19:00:00
1751918400000.0,0.2587,0.2587,0.2534,0.2551,38774692.0,2025-07-07 20:00:00
1751922000000.0,0.2551,0.2561,0.2532,0.255,21168685.0,2025-07-07 21:00:00
1751925600000.0,0.2551,0.2556,0.2532,0.2545,18466032.0,2025-07-07 22:00:00
1751929200000.0,0.2545,0.2575,0.2543,0.2564,20365764.0,2025-07-07 23:00:00
1751932800000.0,0.2563,0.2582,0.2554,0.2561,24927427.0,2025-07-08 00:00:00
1751936400000.0,0.256,0.256,0.2532,0.2537,16911797.0,2025-07-08 01:00:00
1751940000000.0,0.2536,0.2548,0.2516,0.2523,32067220.0,2025-07-08 02:00:00
1751943600000.0,0.2522,0.2551,0.252,0.2541,16778792.0,2025-07-08 03:00:00
1751947200000.0,0.254,0.2555,0.2531,0.2553,11577820.0,2025-07-08 04:00:00
1751950800000.0,0.2554,0.2556,0.254,0.255,11982583.0,2025-07-08 05:00:00
1751954400000.0,0.255,0.2561,0.2545,0.2548,14600659.0,2025-07-08 06:00:00
1751958000000.0,0.2547,0.2554,0.2536,0.2547,15891717.0,2025-07-08 07:00:00
1751961600000.0,0.2548,0.2551,0.2521,0.2523,18965513.0,2025-07-08 08:00:00
1751965200000.0,0.2524,0.2539,0.2517,0.2533,14909069.0,2025-07-08 09:00:00
1751968800000.0,0.2534,0.2571,0.2528,0.257,24752886.0,2025-07-08 10:00:00
1751972400000.0,0.2571,0.2591,0.2569,0.259,32475573.0,2025-07-08 11:00:00
1751976000000.0,0.2589,0.2602,0.257,0.2596,25457142.0,2025-07-08 12:00:00
1751979600000.0,0.2596,0.2619,0.2577,0.2594,31214893.0,2025-07-08 13:00:00
1751983200000.0,0.2593,0.2597,0.2536,0.2541,45478078.0,2025-07-08 14:00:00
1751986800000.0,0.2541,0.2549,0.2527,0.2539,27133731.0,2025-07-08 15:00:00
1751990400000.0,0.254,0.2552,0.2521,0.255,31498393.0,2025-07-08 16:00:00
1751994000000.0,0.255,0.263,0.2548,0.2619,78365877.0,2025-07-08 17:00:00
1751997600000.0,0.2619,0.2646,0.2614,0.2644,29702231.0,2025-07-08 18:00:00
1752001200000.0,0.2644,0.2648,0.2616,0.2633,21252194.0,2025-07-08 19:00:00
1752004800000.0,0.2633,0.264,0.26,0.2612,28337430.0,2025-07-08 20:00:00
1752008400000.0,0.2612,0.2649,0.2611,0.2646,15182760.0,2025-07-08 21:00:00
1752012000000.0,0.2646,0.2661,0.2628,0.2659,18671024.0,2025-07-08 22:00:00
1752015600000.0,0.2659,0.266,0.2646,0.2653,11797040.0,2025-07-08 23:00:00
1752019200000.0,0.2654,0.2663,0.2626,0.2633,16438306.0,2025-07-09 00:00:00
1752022800000.0,0.2633,0.2656,0.2607,0.2613,19851273.0,2025-07-09 01:00:00
1752026400000.0,0.2613,0.2629,0.261,0.2627,10811678.0,2025-07-09 02:00:00
1752030000000.0,0.2628,0.2646,0.2613,0.2622,16994817.0,2025-07-09 03:00:00
1752033600000.0,0.2622,0.2644,0.2619,0.2643,11764729.0,2025-07-09 04:00:00
1752037200000.0,0.2644,0.2683,0.263,0.2669,34514345.0,2025-07-09 05:00:00
1752040800000.0,0.2669,0.2675,0.2646,0.2661,22419674.0,2025-07-09 06:00:00
1752044400000.0,0.2661,0.2666,0.2643,0.2661,18736155.0,2025-07-09 07:00:00
1752048000000.0,0.2661,0.2685,0.2655,0.2666,24977770.0,2025-07-09 08:00:00
1752051600000.0,0.2666,0.2672,0.2639,0.2647,24687251.0,2025-07-09 09:00:00
1752055200000.0,0.2648,0.2671,0.2644,0.2671,15975581.0,2025-07-09 10:00:00
1752058800000.0,0.2672,0.2708,0.2668,0.2694,44067398.0,2025-07-09 11:00:00
1752062400000.0,0.2694,0.275,0.2687,0.2713,52947241.0,2025-07-09 12:00:00
1752066000000.0,0.2714,0.273,0.2698,0.2704,35889852.0,2025-07-09 13:00:00
1752069600000.0,0.2704,0.2738,0.2671,0.2693,60909674.0,2025-07-09 14:00:00
1752073200000.0,0.2693,0.271,0.2679,0.269,22804966.0,2025-07-09 15:00:00
1752076800000.0,0.2691,0.2719,0.2691,0.2711,20895602.0,2025-07-09 16:00:00
1752080400000.0,0.2712,0.2715,0.2681,0.2699,31816319.0,2025-07-09 17:00:00
1752084000000.0,0.2699,0.2759,0.2693,0.2745,53832175.0,2025-07-09 18:00:00
1752087600000.0,0.2745,0.2852,0.2744,0.2835,118283745.0,2025-07-09 19:00:00
1752091200000.0,0.2834,0.2845,0.2772,0.2804,86181131.0,2025-07-09 20:00:00
1752094800000.0,0.2804,0.2912,0.2803,0.2876,89658099.0,2025-07-09 21:00:00
1752098400000.0,0.2876,0.2908,0.2866,0.2906,42945832.0,2025-07-09 22:00:00
1752102000000.0,0.2905,0.2909,0.2871,0.2876,27445388.0,2025-07-09 23:00:00
1752105600000.0,0.2876,0.2907,0.2854,0.2856,36121635.0,2025-07-10 00:00:00
1752109200000.0,0.2857,0.2897,0.2849,0.2887,32566257.0,2025-07-10 01:00:00
1752112800000.0,0.2888,0.2915,0.2885,0.2907,44992129.0,2025-07-10 02:00:00
1752116400000.0,0.2908,0.2917,0.2877,0.2886,24572697.0,2025-07-10 03:00:00
1752120000000.0,0.2886,0.2902,0.2864,0.2899,21872852.0,2025-07-10 04:00:00
1752123600000.0,0.29,0.291,0.2867,0.2872,31681526.0,2025-07-10 05:00:00
1752127200000.0,0.2872,0.2903,0.2859,0.2899,25210654.0,2025-07-10 06:00:00
1752130800000.0,0.2899,0.2937,0.2896,0.2913,53398862.0,2025-07-10 07:00:00
1752134400000.0,0.2912,0.2924,0.289,0.2921,27691974.0,2025-07-10 08:00:00
1752138000000.0,0.2921,0.2934,0.2906,0.2909,32462868.0,2025-07-10 09:00:00
1752141600000.0,0.2909,0.2913,0.2894,0.2902,29776659.0,2025-07-10 10:00:00
1752145200000.0,0.2901,0.2901,0.2871,0.2884,27415345.0,2025-07-10 11:00:00
1752148800000.0,0.2883,0.2883,0.2854,0.2879,37118458.0,2025-07-10 12:00:00
1752152400000.0,0.2879,0.2982,0.2874,0.2926,138685086.0,2025-07-10 13:00:00
1752156000000.0,0.2926,0.2934,0.2887,0.2914,56732703.0,2025-07-10 14:00:00
1752159600000.0,0.2914,0.2927,0.2886,0.291,35564029.0,2025-07-10 15:00:00
1752163200000.0,0.291,0.3023,0.2908,0.3022,104636647.0,2025-07-10 16:00:00
1752166800000.0,0.3023,0.3061,0.3004,0.3056,87865894.0,2025-07-10 17:00:00
1752170400000.0,0.3056,0.3069,0.2998,0.3032,68955628.0,2025-07-10 18:00:00
1752174000000.0,0.3031,0.3039,0.3004,0.3017,28222291.0,2025-07-10 19:00:00
1752177600000.0,0.3016,0.3059,0.3015,0.3046,28534174.0,2025-07-10 20:00:00
1752181200000.0,0.3046,0.316,0.304,0.3144,121510532.0,2025-07-10 21:00:00
1752184800000.0,0.3144,0.3208,0.3129,0.3202,64745677.0,2025-07-10 22:00:00
1752188400000.0,0.3201,0.3217,0.3144,0.3176,60701556.0,2025-07-10 23:00:00
1752192000000.0,0.3176,0.3183,0.3096,0.3135,72280664.0,2025-07-11 00:00:00
1752195600000.0,0.3136,0.3216,0.3127,0.3216,57715710.0,2025-07-11 01:00:00
1752199200000.0,0.3216,0.3273,0.3197,0.3255,53301726.0,2025-07-11 02:00:00
1752202800000.0,0.3255,0.3283,0.3222,0.328,40190362.0,2025-07-11 03:00:00
1752206400000.0,0.328,0.3798,0.3253,0.355,405229242.0,2025-07-11 04:00:00
1752210000000.0,0.355,0.3658,0.3457,0.3536,276610846.0,2025-07-11 05:00:00
1752213600000.0,0.3535,0.3572,0.3427,0.3454,125306137.0,2025-07-11 06:00:00
1752217200000.0,0.3455,0.3537,0.3445,0.345,122846630.0,2025-07-11 07:00:00
1752220800000.0,0.345,0.3852,0.3449,0.3693,536562156.0,2025-07-11 08:00:00
1752224400000.0,0.3692,0.3724,0.3616,0.3664,146850285.0,2025-07-11 09:00:00
1752228000000.0,0.3664,0.3674,0.3581,0.3593,97705012.0,2025-07-11 10:00:00
1752231600000.0,0.3592,0.3613,0.3542,0.3548,79314937.0,2025-07-11 11:00:00
1752235200000.0,0.3547,0.3585,0.3485,0.3541,95068453.0,2025-07-11 12:00:00
1752238800000.0,0.3541,0.3562,0.3481,0.3516,77427057.0,2025-07-11 13:00:00
1752242400000.0,0.3516,0.3571,0.3489,0.3511,91037670.0,2025-07-11 14:00:00
1752246000000.0,0.351,0.3516,0.3355,0.3414,135708282.0,2025-07-11 15:00:00
1752249600000.0,0.3414,0.346,0.3365,0.344,112224434.0,2025-07-11 16:00:00
1752253200000.0,0.344,0.3487,0.3431,0.3483,57220244.0,2025-07-11 17:00:00
1752256800000.0,0.3483,0.3504,0.3463,0.3489,48772316.0,2025-07-11 18:00:00
1752260400000.0,0.3489,0.3517,0.3459,0.3512,34579211.0,2025-07-11 19:00:00
1752264000000.0,0.3512,0.3512,0.3465,0.347,32679455.0,2025-07-11 20:00:00
1752267600000.0,0.347,0.348,0.3377,0.3407,55624367.0,2025-07-11 21:00:00
1752271200000.0,0.3406,0.3417,0.3302,0.3345,92184005.0,2025-07-11 22:00:00
1752274800000.0,0.3345,0.3391,0.3337,0.3378,33706004.0,2025-07-11 23:00:00
1752278400000.0,0.3378,0.3386,0.3274,0.3329,70730520.0,2025-07-12 00:00:00
1752282000000.0,0.3329,0.3372,0.3324,0.3353,39804071.0,2025-07-12 01:00:00
1752285600000.0,0.3354,0.3437,0.3341,0.3379,56286465.0,2025-07-12 02:00:00
1752289200000.0,0.3379,0.3411,0.3343,0.3362,28993850.0,2025-07-12 03:00:00
1752292800000.0,0.3361,0.3374,0.3288,0.3304,44986694.0,2025-07-12 04:00:00
1752296400000.0,0.3304,0.3335,0.3279,0.3321,34252592.0,2025-07-12 05:00:00
1752300000000.0,0.3321,0.3339,0.3289,0.3328,33802429.0,2025-07-12 06:00:00
1752303600000.0,0.3328,0.3363,0.3311,0.3348,34811244.0,2025-07-12 07:00:00
1752307200000.0,0.3348,0.3389,0.3343,0.3362,38795803.0,2025-07-12 08:00:00
1752310800000.0,0.3361,0.3394,0.3342,0.338,25772657.0,2025-07-12 09:00:00
1752314400000.0,0.338,0.34,0.336,0.3385,22891943.0,2025-07-12 10:00:00
1752318000000.0,0.3385,0.3393,0.3336,0.3343,27895240.0,2025-07-12 11:00:00
1752321600000.0,0.3343,0.336,0.3169,0.3228,118382180.0,2025-07-12 12:00:00
1752325200000.0,0.3227,0.3234,0.316,0.3233,83725290.0,2025-07-12 13:00:00
1752328800000.0,0.3234,0.3263,0.318,0.3209,63752486.0,2025-07-12 14:00:00
1752332400000.0,0.3209,0.3224,0.3118,0.3154,121599385.0,2025-07-12 15:00:00
1752336000000.0,0.3154,0.3207,0.3141,0.3173,37384617.0,2025-07-12 16:00:00
1752339600000.0,0.3173,0.3244,0.3166,0.324,31382157.0,2025-07-12 17:00:00
1752343200000.0,0.324,0.3251,0.3217,0.3236,18642795.0,2025-07-12 18:00:00
1752346800000.0,0.3235,0.3247,0.3222,0.3239,12731419.0,2025-07-12 19:00:00
1752350400000.0,0.324,0.3242,0.3176,0.3181,26817316.0,2025-07-12 20:00:00
1752354000000.0,0.318,0.3227,0.318,0.3221,15237018.0,2025-07-12 21:00:00
1752357600000.0,0.3221,0.3226,0.3185,0.322,21798023.0,2025-07-12 22:00:00
1752361200000.0,0.322,0.3237,0.3198,0.3225,16268724.0,2025-07-12 23:00:00
1752364800000.0,0.3225,0.3239,0.3195,0.3208,23738922.0,2025-07-13 00:00:00
1752368400000.0,0.3208,0.3255,0.3201,0.3236,21835788.0,2025-07-13 01:00:00
1752372000000.0,0.3237,0.3251,0.32,0.324,22344361.0,2025-07-13 02:00:00
1752375600000.0,0.324,0.3257,0.322,0.3244,17097860.0,2025-07-13 03:00:00
1752379200000.0,0.3244,0.3282,0.3228,0.3275,25476120.0,2025-07-13 04:00:00
1752382800000.0,0.3275,0.3288,0.3243,0.3246,29241603.0,2025-07-13 05:00:00
1752386400000.0,0.3246,0.3305,0.3243,0.3279,25347754.0,2025-07-13 06:00:00
1752390000000.0,0.3279,0.3348,0.3269,0.3341,42788289.0,2025-07-13 07:00:00
1752393600000.0,0.3341,0.3346,0.325,0.3281,42080823.0,2025-07-13 08:00:00
1752397200000.0,0.3281,0.3311,0.3259,0.331,31868708.0,2025-07-13 09:00:00
1752400800000.0,0.331,0.3342,0.3296,0.3309,30021736.0,2025-07-13 10:00:00
1752404400000.0,0.331,0.3391,0.3308,0.3363,50136148.0,2025-07-13 11:00:00
1752408000000.0,0.3363,0.3465,0.3341,0.3416,71413119.0,2025-07-13 12:00:00
1752411600000.0,0.3417,0.3505,0.339,0.3472,77784140.0,2025-07-13 13:00:00
1752415200000.0,0.3473,0.3526,0.3417,0.3448,81765866.0,2025-07-13 14:00:00
1752418800000.0,0.3449,0.3493,0.3406,0.3443,46419627.0,2025-07-13 15:00:00
1752422400000.0,0.3443,0.3468,0.3409,0.341,43014581.0,2025-07-13 16:00:00
1752426000000.0,0.3411,0.3438,0.337,0.3425,43507743.0,2025-07-13 17:00:00
1752429600000.0,0.3425,0.3516,0.3425,0.351,47117389.0,2025-07-13 18:00:00
1752433200000.0,0.351,0.3517,0.3458,0.3463,29204644.0,2025-07-13 19:00:00
1752436800000.0,0.3464,0.3511,0.3444,0.3509,24781617.0,2025-07-13 20:00:00
1752440400000.0,0.351,0.3513,0.3391,0.3422,45020778.0,2025-07-13 21:00:00
1752444000000.0,0.3422,0.3438,0.3364,0.3404,51787665.0,2025-07-13 22:00:00
1752447600000.0,0.3404,0.3449,0.34,0.3428,32992503.0,2025-07-13 23:00:00
1752451200000.0,0.3428,0.3489,0.3394,0.3453,47157223.0,2025-07-14 00:00:00
1752454800000.0,0.3454,0.3499,0.3421,0.3491,46228840.0,2025-07-14 01:00:00
1752458400000.0,0.349,0.3578,0.3484,0.3528,68996378.0,2025-07-14 02:00:00
1752462000000.0,0.3527,0.3589,0.3493,0.3536,57061038.0,2025-07-14 03:00:00
1752465600000.0,0.3537,0.3593,0.3509,0.3571,50579702.0,2025-07-14 04:00:00
1752469200000.0,0.3571,0.3623,0.3459,0.352,101994418.0,2025-07-14 05:00:00
1752472800000.0,0.352,0.3526,0.3463,0.3496,54999804.0,2025-07-14 06:00:00
1752476400000.0,0.3496,0.3557,0.3494,0.3536,40540612.0,2025-07-14 07:00:00
1752480000000.0,0.3537,0.3538,0.3454,0.3493,54361705.0,2025-07-14 08:00:00
1752483600000.0,0.3494,0.3576,0.349,0.3561,50054066.0,2025-07-14 09:00:00
1752487200000.0,0.3562,0.3607,0.3498,0.3582,79465469.0,2025-07-14 10:00:00
1752490800000.0,0.3581,0.3587,0.3507,0.3514,42588100.0,2025-07-14 11:00:00
1752494400000.0,0.3514,0.3536,0.3474,0.3512,37143494.0,2025-07-14 12:00:00
1752498000000.0,0.3512,0.3537,0.3463,0.3506,44808965.0,2025-07-14 13:00:00
1752501600000.0,0.3506,0.3528,0.342,0.347,71964886.0,2025-07-14 14:00:00
1752505200000.0,0.3471,0.3478,0.3388,0.3425,67473223.0,2025-07-14 15:00:00
1752508800000.0,0.3424,0.3483,0.341,0.3459,48928350.0,2025-07-14 16:00:00
1752512400000.0,0.3459,0.3461,0.34,0.3422,45047585.0,2025-07-14 17:00:00
1752516000000.0,0.3423,0.3424,0.3358,0.3361,46324057.0,2025-07-14 18:00:00
1752519600000.0,0.3361,0.3397,0.3352,0.3372,40377571.0,2025-07-14 19:00:00
1752523200000.0,0.3373,0.3373,0.3289,0.336,74702029.0,2025-07-14 20:00:00
1752526800000.0,0.3359,0.3388,0.334,0.3382,19991292.0,2025-07-14 21:00:00
1752530400000.0,0.3381,0.3385,0.3349,0.3372,17910820.0,2025-07-14 22:00:00
1752534000000.0,0.3372,0.3384,0.3346,0.337,12817344.0,2025-07-14 23:00:00
1752537600000.0,0.337,0.3389,0.3313,0.3324,28071732.0,2025-07-15 00:00:00
1752541200000.0,0.3324,0.3351,0.3271,0.3308,50881787.0,2025-07-15 01:00:00
1752544800000.0,0.3307,0.3326,0.3262,0.3279,38260549.0,2025-07-15 02:00:00
1752548400000.0,0.328,0.3282,0.3207,0.3256,59814414.0,2025-07-15 03:00:00
1752552000000.0,0.3256,0.3315,0.3215,0.3305,42744841.0,2025-07-15 04:00:00
1752555600000.0,0.3305,0.3318,0.3285,0.3304,19110135.0,2025-07-15 05:00:00
1752559200000.0,0.3303,0.332,0.328,0.3312,26382840.0,2025-07-15 06:00:00
1752562800000.0,0.3312,0.3338,0.3293,0.3295,43878730.0,2025-07-15 07:00:00
1752566400000.0,0.3296,0.3357,0.3267,0.3327,53933467.0,2025-07-15 08:00:00
1752570000000.0,0.3326,0.3424,0.3323,0.3378,64043957.0,2025-07-15 09:00:00
1752573600000.0,0.3377,0.341,0.3363,0.3392,36549794.0,2025-07-15 10:00:00
1752577200000.0,0.3391,0.3402,0.3331,0.3368,44471983.0,2025-07-15 11:00:00
1752580800000.0,0.3369,0.3445,0.3316,0.3377,89465402.0,2025-07-15 12:00:00
1752584400000.0,0.3377,0.3478,0.3368,0.3461,76319372.0,2025-07-15 13:00:00
1752588000000.0,0.3461,0.3498,0.3344,0.3364,82673297.0,2025-07-15 14:00:00
1752591600000.0,0.3364,0.3475,0.3334,0.3465,67625645.0,2025-07-15 15:00:00
1752595200000.0,0.3466,0.3521,0.3435,0.3497,60234131.0,2025-07-15 16:00:00
1752598800000.0,0.3496,0.3592,0.3458,0.3576,69040956.0,2025-07-15 17:00:00
1752602400000.0,0.3577,0.3601,0.3445,0.3484,77127852.0,2025-07-15 18:00:00
1752606000000.0,0.3483,0.352,0.3414,0.3432,50358905.0,2025-07-15 19:00:00
1752609600000.0,0.3431,0.3478,0.3418,0.3452,29013343.0,2025-07-15 20:00:00
1752613200000.0,0.3452,0.3532,0.3441,0.3523,26904274.0,2025-07-15 21:00:00
1752616800000.0,0.3523,0.3555,0.3503,0.3552,30389564.0,2025-07-15 22:00:00
1752620400000.0,0.3552,0.3639,0.355,0.3611,60716640.0,2025-07-15 23:00:00
1752624000000.0,0.361,0.3636,0.3554,0.3628,53947105.0,2025-07-16 00:00:00
1752627600000.0,0.3629,0.3643,0.3596,0.3615,32908340.0,2025-07-16 01:00:00
1752631200000.0,0.3615,0.362,0.3486,0.3519,71902614.0,2025-07-16 02:00:00
1752634800000.0,0.352,0.3538,0.3498,0.352,37667345.0,2025-07-16 03:00:00
1752638400000.0,0.3521,0.3523,0.3461,0.3501,56124492.0,2025-07-16 04:00:00
1752642000000.0,0.3502,0.3557,0.35,0.3538,51329767.0,2025-07-16 05:00:00
1752645600000.0,0.3538,0.3587,0.3503,0.3583,37584322.0,2025-07-16 06:00:00
1752649200000.0,0.3583,0.3649,0.3556,0.3614,51037183.0,2025-07-16 07:00:00
1752652800000.0,0.3614,0.3625,0.3585,0.361,37759839.0,2025-07-16 08:00:00
1752656400000.0,0.3611,0.3638,0.3565,0.3584,59292822.0,2025-07-16 09:00:00
1752660000000.0,0.3585,0.3611,0.358,0.3589,31119929.0,2025-07-16 10:00:00
1752663600000.0,0.3588,0.3651,0.3585,0.3644,53419230.0,2025-07-16 11:00:00
1752667200000.0,0.3644,0.3681,0.3618,0.3634,55781152.0,2025-07-16 12:00:00
1752670800000.0,0.3634,0.3664,0.3579,0.3612,64356022.0,2025-07-16 13:00:00
1752674400000.0,0.3611,0.368,0.358,0.3666,68582781.0,2025-07-16 14:00:00
1752678000000.0,0.3666,0.3699,0.3589,0.3661,92813582.0,2025-07-16 15:00:00
1752681600000.0,0.3661,0.3736,0.3645,0.3718,67157341.0,2025-07-16 16:00:00
1752685200000.0,0.3718,0.3744,0.3689,0.3723,40342807.0,2025-07-16 17:00:00
1752688800000.0,0.3723,0.3765,0.3694,0.3699,49967602.0,2025-07-16 18:00:00
1752692400000.0,0.37,0.3741,0.368,0.3737,38231037.0,2025-07-16 19:00:00
1752696000000.0,0.3737,0.3803,0.3732,0.3766,48329541.0,2025-07-16 20:00:00
1752699600000.0,0.3766,0.3836,0.3751,0.3804,44694178.0,2025-07-16 21:00:00
1752703200000.0,0.3804,0.3833,0.3706,0.3717,53569365.0,2025-07-16 22:00:00
1752706800000.0,0.3718,0.3729,0.3668,0.3715,38862245.0,2025-07-16 23:00:00
1752710400000.0,0.3715,0.3809,0.3707,0.3751,43358849.0,2025-07-17 00:00:00
1752714000000.0,0.3751,0.3792,0.3627,0.3687,73500235.0,2025-07-17 01:00:00
1752717600000.0,0.3686,0.3747,0.3674,0.373,30604850.0,2025-07-17 02:00:00
1752721200000.0,0.373,0.3733,0.3586,0.3624,79086565.0,2025-07-17 03:00:00
1752724800000.0,0.3623,0.3646,0.3597,0.3643,33755038.0,2025-07-17 04:00:00
1752728400000.0,0.3643,0.3697,0.3614,0.3696,37721424.0,2025-07-17 05:00:00
1752732000000.0,0.3696,0.3749,0.3649,0.3729,60521098.0,2025-07-17 06:00:00
1752735600000.0,0.3729,0.3779,0.3677,0.3759,51769441.0,2025-07-17 07:00:00
1752739200000.0,0.3758,0.3802,0.3729,0.3776,56841584.0,2025-07-17 08:00:00
1752742800000.0,0.3777,0.3869,0.376,0.383,75442641.0,2025-07-17 09:00:00
1752746400000.0,0.383,0.3874,0.3806,0.3812,50536924.0,2025-07-17 10:00:00
1752750000000.0,0.3813,0.3857,0.3782,0.3796,47102023.0,2025-07-17 11:00:00
1752753600000.0,0.3795,0.3849,0.3757,0.384,56994263.0,2025-07-17 12:00:00
1752757200000.0,0.384,0.3873,0.3718,0.3791,82262389.0,2025-07-17 13:00:00
1752760800000.0,0.3791,0.385,0.3753,0.3811,57025091.0,2025-07-17 14:00:00
1752764400000.0,0.3811,0.3825,0.3739,0.3779,54789478.0,2025-07-17 15:00:00
1752768000000.0,0.3778,0.3795,0.3647,0.3694,106541887.0,2025-07-17 16:00:00
1752771600000.0,0.3695,0.3758,0.3674,0.3752,59421999.0,2025-07-17 17:00:00
1752775200000.0,0.3752,0.3772,0.372,0.374,28939208.0,2025-07-17 18:00:00
1752778800000.0,0.3741,0.3764,0.3656,0.3662,45914869.0,2025-07-17 19:00:00
1752782400000.0,0.3662,0.3699,0.3603,0.369,76898970.0,2025-07-17 20:00:00
1752786000000.0,0.3691,0.383,0.3688,0.3762,112400532.0,2025-07-17 21:00:00
1752789600000.0,0.3762,0.3886,0.3744,0.3826,64417782.0,2025-07-17 22:00:00
1752793200000.0,0.3826,0.3884,0.3779,0.3786,46954730.0,2025-07-17 23:00:00
1752796800000.0,0.3786,0.3885,0.3743,0.3884,58252011.0,2025-07-18 00:00:00
1752800400000.0,0.3883,0.404,0.3853,0.4016,117163361.0,2025-07-18 01:00:00
1752804000000.0,0.4016,0.4018,0.3926,0.3959,53614589.0,2025-07-18 02:00:00
1752807600000.0,0.396,0.3985,0.3921,0.3949,43309518.0,2025-07-18 03:00:00
1752811200000.0,0.3949,0.4002,0.3921,0.3998,38954413.0,2025-07-18 04:00:00
1752814800000.0,0.3998,0.4071,0.3983,0.4066,65549925.0,2025-07-18 05:00:00
1752818400000.0,0.4066,0.4067,0.3976,0.4007,47923985.0,2025-07-18 06:00:00
1752822000000.0,0.4007,0.4046,0.397,0.3995,73262132.0,2025-07-18 07:00:00
1752825600000.0,0.3996,0.4159,0.398,0.4135,125696585.0,2025-07-18 08:00:00
1752829200000.0,0.4135,0.4168,0.4099,0.4124,81292135.0,2025-07-18 09:00:00
1752832800000.0,0.4125,0.4138,0.3983,0.4064,99816442.0,2025-07-18 10:00:00
1752836400000.0,0.4065,0.4072,0.3959,0.4006,57218073.0,2025-07-18 11:00:00
1752840000000.0,0.4006,0.4069,0.3981,0.4068,43460019.0,2025-07-18 12:00:00
1752843600000.0,0.4068,0.409,0.401,0.4047,68549048.0,2025-07-18 13:00:00
1752847200000.0,0.4046,0.4067,0.3889,0.3925,137159228.0,2025-07-18 14:00:00
1752850800000.0,0.3926,0.3944,0.384,0.3891,75010820.0,2025-07-18 15:00:00
1752854400000.0,0.3891,0.3946,0.3879,0.3916,47836317.0,2025-07-18 16:00:00
1752858000000.0,0.3916,0.4015,0.3889,0.3981,43557317.0,2025-07-18 17:00:00
1752861600000.0,0.3981,0.3983,0.39,0.3921,35150696.0,2025-07-18 18:00:00
1752865200000.0,0.3921,0.3952,0.3868,0.3897,48599622.0,2025-07-18 19:00:00
1752868800000.0,0.3896,0.3914,0.3779,0.3848,95807309.0,2025-07-18 20:00:00
1752872400000.0,0.3847,0.3933,0.3839,0.3899,36279016.0,2025-07-18 21:00:00
1752876000000.0,0.3898,0.3947,0.3868,0.3889,33816674.0,2025-07-18 22:00:00
1752879600000.0,0.3889,0.3906,0.3833,0.39,30053215.0,2025-07-18 23:00:00
1752883200000.0,0.3901,0.3956,0.3834,0.3836,40817621.0,2025-07-19 00:00:00
1752886800000.0,0.3837,0.3934,0.3795,0.3913,46861173.0,2025-07-19 01:00:00
1752890400000.0,0.3914,0.3939,0.3871,0.3936,27982013.0,2025-07-19 02:00:00
1752894000000.0,0.3937,0.4003,0.393,0.4003,45931925.0,2025-07-19 03:00:00
1752897600000.0,0.4002,0.4055,0.3951,0.3996,44574856.0,2025-07-19 04:00:00
1752901200000.0,0.3996,0.4005,0.3947,0.3971,24251690.0,2025-07-19 05:00:00
1752904800000.0,0.397,0.4004,0.3942,0.3976,23175610.0,2025-07-19 06:00:00
1752908400000.0,0.3975,0.4029,0.3946,0.3968,26213188.0,2025-07-19 07:00:00
1752912000000.0,0.3969,0.3988,0.3929,0.3949,26592354.0,2025-07-19 08:00:00
1752915600000.0,0.3949,0.4009,0.3938,0.3979,33169244.0,2025-07-19 09:00:00
1752919200000.0,0.3978,0.4034,0.3957,0.3993,33757265.0,2025-07-19 10:00:00
1752922800000.0,0.3994,0.4013,0.3934,0.3958,37512065.0,2025-07-19 11:00:00
1752926400000.0,0.3959,0.4015,0.3946,0.4002,27113316.0,2025-07-19 12:00:00
1752930000000.0,0.4002,0.4034,0.3965,0.3996,39579509.0,2025-07-19 13:00:00
1752933600000.0,0.3997,0.4,0.3944,0.3957,34720617.0,2025-07-19 14:00:00
1752937200000.0,0.3956,0.4107,0.395,0.4072,76879111.0,2025-07-19 15:00:00
1752940800000.0,0.4072,0.4275,0.405,0.4184,164617646.0,2025-07-19 16:00:00
1752944400000.0,0.4184,0.42,0.4056,0.4083,79073309.0,2025-07-19 17:00:00
1752948000000.0,0.4083,0.4153,0.4068,0.4151,46469072.0,2025-07-19 18:00:00
1752951600000.0,0.4152,0.4157,0.4078,0.4129,37923712.0,2025-07-19 19:00:00
1752955200000.0,0.4128,0.4258,0.4107,0.423,58552902.0,2025-07-19 20:00:00
1752958800000.0,0.4229,0.4269,0.4147,0.4269,66345617.0,2025-07-19 21:00:00
1752962400000.0,0.4269,0.4417,0.4242,0.438,110391855.0,2025-07-19 22:00:00
1752966000000.0,0.438,0.4402,0.4273,0.434,69152934.0,2025-07-19 23:00:00
1752969600000.0,0.434,0.4364,0.4275,0.4327,50311559.0,2025-07-20 00:00:00
1752973200000.0,0.4326,0.4493,0.4316,0.4382,108677098.0,2025-07-20 01:00:00
1752976800000.0,0.4382,0.447,0.4353,0.4464,48416485.0,2025-07-20 02:00:00
1752980400000.0,0.4464,0.4581,0.4451,0.4547,113514122.0,2025-07-20 03:00:00
1752984000000.0,0.4546,0.4752,0.4511,0.458,175710565.0,2025-07-20 04:00:00
1752987600000.0,0.458,0.4744,0.4567,0.4686,98045578.0,2025-07-20 05:00:00
1752991200000.0,0.4685,0.4688,0.4576,0.4592,74293533.0,2025-07-20 06:00:00
1752994800000.0,0.4592,0.4663,0.4586,0.4591,55632653.0,2025-07-20 07:00:00
1752998400000.0,0.4591,0.4782,0.4583,0.4704,91712667.0,2025-07-20 08:00:00
1753002000000.0,0.4704,0.4933,0.465,0.4863,181935071.0,2025-07-20 09:00:00
1753005600000.0,0.4863,0.501,0.4832,0.4845,177026201.0,2025-07-20 10:00:00
1753009200000.0,0.4845,0.5078,0.481,0.4971,132944297.0,2025-07-20 11:00:00
1753012800000.0,0.4971,0.5045,0.485,0.4877,117087635.0,2025-07-20 12:00:00
1753016400000.0,0.4877,0.4944,0.4841,0.4917,84157648.0,2025-07-20 13:00:00
1753020000000.0,0.4918,0.4919,0.4718,0.4784,153762190.0,2025-07-20 14:00:00
1753023600000.0,0.4783,0.523,0.4766,0.5189,287222759.0,2025-07-20 15:00:00
1753027200000.0,0.5188,0.5212,0.5011,0.5024,149991801.0,2025-07-20 16:00:00
1753030800000.0,0.5023,0.5043,0.4913,0.4922,103049384.0,2025-07-20 17:00:00
1753034400000.0,0.4924,0.5045,0.4924,0.503,69202118.0,2025-07-20 18:00:00
1753038000000.0,0.503,0.5262,0.5014,0.5048,122748450.0,2025-07-20 19:00:00
1753041600000.0,0.5047,0.5079,0.4975,0.498,55824485.0,2025-07-20 20:00:00
1753045200000.0,0.4981,0.499,0.492,0.4954,44957427.0,2025-07-20 21:00:00
1753048800000.0,0.4953,0.5004,0.4836,0.4951,124235869.0,2025-07-20 22:00:00
1753052400000.0,0.4951,0.5006,0.4915,0.4916,47245404.0,2025-07-20 23:00:00
1753056000000.0,0.4916,0.4988,0.4858,0.4977,62557184.0,2025-07-21 00:00:00
1753059600000.0,0.4976,0.5092,0.489,0.4923,89378107.0,2025-07-21 01:00:00
1753063200000.0,0.4923,0.4968,0.4891,0.4906,59099697.0,2025-07-21 02:00:00
1753066800000.0,0.4907,0.4974,0.4898,0.4971,36453191.0,2025-07-21 03:00:00
1753070400000.0,0.4971,0.5042,0.4938,0.499,47201308.0,2025-07-21 04:00:00
1753074000000.0,0.499,0.504,0.4939,0.5026,36553541.0,2025-07-21 05:00:00
1753077600000.0,0.5027,0.5115,0.5002,0.5008,69121011.0,2025-07-21 06:00:00
1753081200000.0,0.5009,0.5068,0.5004,0.5031,32841251.0,2025-07-21 07:00:00
1753084800000.0,0.5031,0.5041,0.4919,0.497,52227011.0,2025-07-21 08:00:00
1753088400000.0,0.4971,0.5006,0.489,0.4954,60380998.0,2025-07-21 09:00:00
1753092000000.0,0.4953,0.5044,0.4899,0.5026,51785908.0,2025-07-21 10:00:00
1753095600000.0,0.5025,0.5045,0.4981,0.5026,45831154.0,2025-07-21 11:00:00
1753099200000.0,0.5027,0.5037,0.4932,0.4957,52289286.0,2025-07-21 12:00:00
1753102800000.0,0.4956,0.5425,0.4921,0.5407,622361336.0,2025-07-21 13:00:00
1753106400000.0,0.5408,0.5918,0.534,0.5366,590494563.0,2025-07-21 14:00:00
1753110000000.0,0.5367,0.5469,0.5197,0.5295,298474061.0,2025-07-21 15:00:00
1753113600000.0,0.5296,0.5421,0.5155,0.5384,175952609.0,2025-07-21 16:00:00
1753117200000.0,0.5384,0.5486,0.5336,0.5483,84328686.0,2025-07-21 17:00:00
1753120800000.0,0.5483,0.5549,0.535,0.5373,121002111.0,2025-07-21 18:00:00
1753124400000.0,0.5372,0.548,0.5182,0.5224,106701696.0,2025-07-21 19:00:00
1753128000000.0,0.5224,0.5262,0.5101,0.5117,92211017.0,2025-07-21 20:00:00
1753131600000.0,0.5117,0.5198,0.51,0.5101,40195787.0,2025-07-21 21:00:00
1753135200000.0,0.5102,0.5133,0.503,0.5079,71973428.0,2025-07-21 22:00:00
1753138800000.0,0.508,0.5178,0.5035,0.5166,46530909.0,2025-07-21 23:00:00
1753142400000.0,0.5166,0.5245,0.5091,0.5128,73941685.0,2025-07-22 00:00:00
1753146000000.0,0.5129,0.5219,0.4951,0.521,141858796.0,2025-07-22 01:00:00
1753149600000.0,0.5209,0.5392,0.5155,0.5202,132915278.0,2025-07-22 02:00:00
1753153200000.0,0.5201,0.5261,0.5055,0.5115,89101082.0,2025-07-22 03:00:00
1753156800000.0,0.5114,0.512,0.49,0.4907,118591208.0,2025-07-22 04:00:00
1753160400000.0,0.4906,0.5029,0.4906,0.4978,83338154.0,2025-07-22 05:00:00
1753164000000.0,0.4977,0.5025,0.4901,0.4932,62211715.0,2025-07-22 06:00:00
1753167600000.0,0.4932,0.502,0.4916,0.4945,56982123.0,2025-07-22 07:00:00
1753171200000.0,0.4944,0.4944,0.467,0.4821,230034927.0,2025-07-22 08:00:00
1753174800000.0,0.4821,0.5016,0.4722,0.4965,148228456.0,2025-07-22 09:00:00
1753178400000.0,0.4964,0.5096,0.4951,0.5092,129750442.0,2025-07-22 10:00:00
1753182000000.0,0.5093,0.5098,0.4972,0.5045,67859405.0,2025-07-22 11:00:00
1753185600000.0,0.5044,0.5045,0.4974,0.5001,42377360.0,2025-07-22 12:00:00
1753189200000.0,0.5001,0.5071,0.4863,0.4896,117131730.0,2025-07-22 13:00:00
1753192800000.0,0.4896,0.528,0.4828,0.5196,180413548.0,2025-07-22 14:00:00
1753196400000.0,0.5196,0.5257,0.5029,0.5102,134116549.0,2025-07-22 15:00:00
1753200000000.0,0.5102,0.5165,0.5048,0.5084,62730608.0,2025-07-22 16:00:00
1753203600000.0,0.5084,0.5131,0.503,0.5076,56748129.0,2025-07-22 17:00:00
1753207200000.0,0.5077,0.5097,0.5005,0.5055,55335155.0,2025-07-22 18:00:00
1753210800000.0,0.5055,0.5097,0.493,0.4952,61021991.0,2025-07-22 19:00:00
1753214400000.0,0.495,0.5046,0.4933,0.4992,35153953.0,2025-07-22 20:00:00
1753218000000.0,0.4991,0.4996,0.4947,0.4988,19478588.0,2025-07-22 21:00:00
1753221600000.0,0.4988,0.5021,0.4975,0.4987,22186044.0,2025-07-22 22:00:00
1753225200000.0,0.4988,0.5106,0.4988,0.5085,51764423.0,2025-07-22 23:00:00
1753228800000.0,0.5086,0.5099,0.4983,0.4987,47862455.0,2025-07-23 00:00:00
1753232400000.0,0.4988,0.4993,0.4916,0.4967,42321602.0,2025-07-23 01:00:00
1753236000000.0,0.4968,0.5015,0.4859,0.4889,53618955.0,2025-07-23 02:00:00
1753239600000.0,0.4889,0.4924,0.4836,0.4867,43267761.0,2025-07-23 03:00:00
1753243200000.0,0.4867,0.4918,0.485,0.4915,30569733.0,2025-07-23 04:00:00
1753246800000.0,0.4915,0.4924,0.4846,0.4873,25917571.0,2025-07-23 05:00:00
1753250400000.0,0.4873,0.4874,0.4761,0.4801,68146176.0,2025-07-23 06:00:00
1753254000000.0,0.48,0.4824,0.4723,0.4772,52764891.0,2025-07-23 07:00:00
1753257600000.0,0.4772,0.4822,0.4755,0.4816,31365157.0,2025-07-23 08:00:00
1753261200000.0,0.4815,0.4818,0.4724,0.4738,46903881.0,2025-07-23 09:00:00
1753264800000.0,0.4738,0.4756,0.4672,0.4754,66256636.0,2025-07-23 10:00:00
1753268400000.0,0.4755,0.4755,0.4632,0.4676,88973070.0,2025-07-23 11:00:00
1753272000000.0,0.4676,0.4699,0.4565,0.4577,91666106.0,2025-07-23 12:00:00
1753275600000.0,0.4578,0.4636,0.4391,0.4483,218196361.0,2025-07-23 13:00:00
1753279200000.0,0.4483,0.4549,0.4467,0.4531,94681387.0,2025-07-23 14:00:00
1753282800000.0,0.453,0.4684,0.4511,0.4671,89479392.0,2025-07-23 15:00:00
1753286400000.0,0.4671,0.4681,0.4528,0.4529,116428029.0,2025-07-23 16:00:00
1753290000000.0,0.453,0.4613,0.4435,0.4608,125116712.0,2025-07-23 17:00:00
1753293600000.0,0.4607,0.4688,0.4571,0.4677,68947675.0,2025-07-23 18:00:00
1753297200000.0,0.4677,0.4708,0.4627,0.4657,43673075.0,2025-07-23 19:00:00
1753300800000.0,0.4659,0.4711,0.4472,0.4587,106075878.0,2025-07-23 20:00:00
1753304400000.0,0.4587,0.4613,0.4405,0.4497,91919289.0,2025-07-23 21:00:00
1753308000000.0,0.4497,0.4619,0.4454,0.4583,44346973.0,2025-07-23 22:00:00
1753311600000.0,0.4583,0.4645,0.4577,0.4599,34045356.0,2025-07-23 23:00:00
1753315200000.0,0.46,0.4706,0.4523,0.4689,62290449.0,2025-07-24 00:00:00
1753318800000.0,0.4689,0.4764,0.4649,0.4738,72063594.0,2025-07-24 01:00:00
1753322400000.0,0.4738,0.4829,0.4686,0.4793,61605634.0,2025-07-24 02:00:00
1753326000000.0,0.4793,0.4874,0.4752,0.4754,55671271.0,2025-07-24 03:00:00
1753329600000.0,0.4755,0.4799,0.4664,0.4676,76878623.0,2025-07-24 04:00:00
1753333200000.0,0.4676,0.4678,0.4433,0.4455,119836598.0,2025-07-24 05:00:00
1753336800000.0,0.4456,0.4538,0.4241,0.4334,186588299.0,2025-07-24 06:00:00
1753340400000.0,0.4334,0.4481,0.4264,0.4474,98792831.0,2025-07-24 07:00:00
1753344000000.0,0.4475,0.4603,0.4426,0.4603,90866896.0,2025-07-24 08:00:00
1753347600000.0,0.4602,0.4712,0.4596,0.4707,88980543.0,2025-07-24 09:00:00
1753351200000.0,0.4707,0.4789,0.4599,0.4744,97729175.0,2025-07-24 10:00:00
1753354800000.0,0.4744,0.4811,0.4706,0.4768,90349758.0,2025-07-24 11:00:00
1753358400000.0,0.4767,0.4816,0.4702,0.4769,75970465.0,2025-07-24 12:00:00
1753362000000.0,0.4769,0.5006,0.4756,0.4826,189198039.0,2025-07-24 13:00:00
1753365600000.0,0.4827,0.5098,0.4803,0.5092,165681199.0,2025-07-24 14:00:00
1753369200000.0,0.5091,0.5104,0.4883,0.4939,129052443.0,2025-07-24 15:00:00
1753372800000.0,0.494,0.4945,0.4735,0.4773,114589880.0,2025-07-24 16:00:00
1753376400000.0,0.4773,0.4877,0.4746,0.4837,69366341.0,2025-07-24 17:00:00
1753380000000.0,0.4836,0.4884,0.4761,0.4848,46950125.0,2025-07-24 18:00:00
1753383600000.0,0.4849,0.4985,0.4845,0.4941,62150327.0,2025-07-24 19:00:00
1753387200000.0,0.4941,0.5,0.4899,0.4935,45157757.0,2025-07-24 20:00:00
1753390800000.0,0.4935,0.4938,0.4766,0.4779,48994819.0,2025-07-24 21:00:00
1753394400000.0,0.4778,0.4785,0.4738,0.4766,33714030.0,2025-07-24 22:00:00
1753398000000.0,0.4766,0.4782,0.4658,0.4715,87028019.0,2025-07-24 23:00:00
1753401600000.0,0.4716,0.4779,0.4647,0.4669,71211467.0,2025-07-25 00:00:00
1753405200000.0,0.4669,0.4879,0.4653,0.4845,67075791.0,2025-07-25 01:00:00
1753408800000.0,0.4845,0.4881,0.472,0.4745,79881158.0,2025-07-25 02:00:00
1753412400000.0,0.4745,0.495,0.4734,0.4907,106385276.0,2025-07-25 03:00:00
1753416000000.0,0.4906,0.5026,0.4742,0.502,124844036.0,2025-07-25 04:00:00
1753419600000.0,0.5021,0.5054,0.4903,0.4964,92924680.0,2025-07-25 05:00:00
1753423200000.0,0.4965,0.5026,0.4868,0.4911,66243820.0,2025-07-25 06:00:00
1753426800000.0,0.4912,0.5117,0.4849,0.5055,157307063.0,2025-07-25 07:00:00
1753430400000.0,0.5056,0.5309,0.5025,0.5221,212142618.0,2025-07-25 08:00:00
1753434000000.0,0.5221,0.5627,0.5196,0.5567,276060467.0,2025-07-25 09:00:00
1753437600000.0,0.5568,0.578,0.556,0.5696,272096502.0,2025-07-25 10:00:00
1753441200000.0,0.5696,0.5804,0.5616,0.5673,165783763.0,2025-07-25 11:00:00
1753444800000.0,0.5672,0.5885,0.5591,0.5677,238348984.0,2025-07-25 12:00:00
1753448400000.0,0.5676,0.5756,0.5593,0.5736,180835264.0,2025-07-25 13:00:00
1753452000000.0,0.5736,0.5797,0.5436,0.5469,285739575.0,2025-07-25 14:00:00
1753455600000.0,0.5469,0.5698,0.5469,0.5661,167306478.0,2025-07-25 15:00:00
1753459200000.0,0.5661,0.5689,0.5373,0.5501,182094743.0,2025-07-25 16:00:00
1753462800000.0,0.5501,0.5544,0.5339,0.5355,107485698.0,2025-07-25 17:00:00
1753466400000.0,0.5355,0.5386,0.5313,0.5379,57977574.0,2025-07-25 18:00:00
1753470000000.0,0.5379,0.5474,0.5343,0.5397,84597145.0,2025-07-25 19:00:00
1753473600000.0,0.5397,0.569,0.5355,0.5601,125177189.0,2025-07-25 20:00:00
1753477200000.0,0.5601,0.597,0.5595,0.5924,160463579.0,2025-07-25 21:00:00
1753480800000.0,0.5925,0.6188,0.5913,0.6039,234359295.0,2025-07-25 22:00:00
1753484400000.0,0.6039,0.6248,0.6011,0.6028,161525485.0,2025-07-25 23:00:00
1753488000000.0,0.6028,0.6218,0.5906,0.604,219973046.0,2025-07-26 00:00:00
1753491600000.0,0.6041,0.6073,0.5857,0.5862,92703813.0,2025-07-26 01:00:00
1753495200000.0,0.5862,0.6039,0.5856,0.5888,88192117.0,2025-07-26 02:00:00
1753498800000.0,0.5887,0.5928,0.577,0.585,87549035.0,2025-07-26 03:00:00
1753502400000.0,0.5849,0.5911,0.5793,0.589,69124727.0,2025-07-26 04:00:00
1753506000000.0,0.589,0.6036,0.586,0.6022,90670692.0,2025-07-26 05:00:00
1753509600000.0,0.6023,0.6101,0.5826,0.5866,130894116.0,2025-07-26 06:00:00
1753513200000.0,0.5867,0.5988,0.5851,0.5903,81017516.0,2025-07-26 07:00:00
1753516800000.0,0.5904,0.5985,0.5862,0.597,67306233.0,2025-07-26 08:00:00
1753520400000.0,0.597,0.5974,0.585,0.5887,58683117.0,2025-07-26 09:00:00
1753524000000.0,0.5887,0.5975,0.5831,0.5941,70040899.0,2025-07-26 10:00:00
1753527600000.0,0.594,0.5977,0.5698,0.5743,142296953.0,2025-07-26 11:00:00
1753531200000.0,0.5743,0.5783,0.5701,0.5756,54644894.0,2025-07-26 12:00:00
1753534800000.0,0.5755,0.579,0.5671,0.57,63625895.0,2025-07-26 13:00:00
1753538400000.0,0.57,0.5744,0.5603,0.5645,101139796.0,2025-07-26 14:00:00
1753542000000.0,0.5645,0.5661,0.5546,0.5622,105298643.0,2025-07-26 15:00:00
1753545600000.0,0.5621,0.5665,0.5583,0.5651,60578901.0,2025-07-26 16:00:00
1753549200000.0,0.565,0.5803,0.5603,0.5787,102615083.0,2025-07-26 17:00:00
1753552800000.0,0.5788,0.5885,0.5752,0.5831,74057115.0,2025-07-26 18:00:00
1753556400000.0,0.5831,0.5997,0.5829,0.5929,95786705.0,2025-07-26 19:00:00
1753560000000.0,0.5929,0.6021,0.583,0.5855,70605155.0,2025-07-26 20:00:00
1753563600000.0,0.5854,0.6007,0.5812,0.595,46285830.0,2025-07-26 21:00:00
1753567200000.0,0.595,0.6196,0.5949,0.6128,123227250.0,2025-07-26 22:00:00
1753570800000.0,0.6128,0.6355,0.6104,0.6187,137194004.0,2025-07-26 23:00:00
1753574400000.0,0.6188,0.6377,0.6135,0.6305,113502858.0,2025-07-27 00:00:00
1753578000000.0,0.6305,0.65,0.626,0.6296,128988923.0,2025-07-27 01:00:00
1753581600000.0,0.6297,0.632,0.6166,0.6202,60315266.0,2025-07-27 02:00:00
1753585200000.0,0.6202,0.6242,0.6121,0.6132,41120367.0,2025-07-27 03:00:00
1753588800000.0,0.6132,0.6269,0.6125,0.6222,56833370.0,2025-07-27 04:00:00
1753592400000.0,0.6221,0.6307,0.615,0.6229,55748942.0,2025-07-27 05:00:00
1753596000000.0,0.6228,0.6236,0.6135,0.6174,36466851.0,2025-07-27 06:00:00
1753599600000.0,0.6175,0.6205,0.6062,0.6133,55879165.0,2025-07-27 07:00:00
1753603200000.0,0.6132,0.6146,0.6076,0.6108,46590140.0,2025-07-27 08:00:00
1753606800000.0,0.6107,0.6175,0.6078,0.6096,58562808.0,2025-07-27 09:00:00
1753610400000.0,0.6096,0.6122,0.608,0.6086,42141078.0,2025-07-27 10:00:00
1753614000000.0,0.6087,0.6278,0.6054,0.6126,107898073.0,2025-07-27 11:00:00
1753617600000.0,0.6127,0.6389,0.6087,0.6372,93112428.0,2025-07-27 12:00:00
1753621200000.0,0.6373,0.6419,0.6181,0.6241,96393595.0,2025-07-27 13:00:00
1753624800000.0,0.6241,0.6355,0.6205,0.6222,64323575.0,2025-07-27 14:00:00
1753628400000.0,0.6223,0.6493,0.616,0.6452,110869874.0,2025-07-27 15:00:00
1753632000000.0,0.6453,0.6798,0.6416,0.6634,231612477.0,2025-07-27 16:00:00
1753635600000.0,0.6635,0.6789,0.6445,0.6749,134385570.0,2025-07-27 17:00:00
1753639200000.0,0.6749,0.6881,0.6694,0.6864,116953540.0,2025-07-27 18:00:00
1753642800000.0,0.6864,0.6874,0.6636,0.6673,71112393.0,2025-07-27 19:00:00
1753646400000.0,0.6673,0.6828,0.6672,0.6802,52953408.0,2025-07-27 20:00:00
1753650000000.0,0.6802,0.6813,0.6537,0.6662,64187169.0,2025-07-27 21:00:00
1753653600000.0,0.6662,0.6863,0.6655,0.676,75817289.0,2025-07-27 22:00:00
1753657200000.0,0.6759,0.6827,0.663,0.67,58267466.0,2025-07-27 23:00:00
1753660800000.0,0.6701,0.695,0.6632,0.6657,126886090.0,2025-07-28 00:00:00
1753664400000.0,0.6658,0.6674,0.6528,0.6549,74752036.0,2025-07-28 01:00:00
1753668000000.0,0.6548,0.6671,0.6523,0.6631,57542444.0,2025-07-28 02:00:00
1753671600000.0,0.6632,0.6757,0.6557,0.6707,38596069.0,2025-07-28 03:00:00
1753675200000.0,0.6707,0.6925,0.6669,0.6923,87488519.0,2025-07-28 04:00:00
1753678800000.0,0.6922,0.7015,0.677,0.682,127237527.0,2025-07-28 05:00:00
1753682400000.0,0.682,0.6964,0.6746,0.6884,71189946.0,2025-07-28 06:00:00
1753686000000.0,0.6884,0.6887,0.6761,0.6804,47490365.0,2025-07-28 07:00:00
1753689600000.0,0.6804,0.6977,0.6791,0.6901,70041674.0,2025-07-28 08:00:00
1753693200000.0,0.6901,0.6931,0.6741,0.6858,63605045.0,2025-07-28 09:00:00
1753696800000.0,0.6858,0.6863,0.6673,0.672,56402988.0,2025-07-28 10:00:00
1753700400000.0,0.672,0.6751,0.6643,0.6679,42828727.0,2025-07-28 11:00:00
1753704000000.0,0.6679,0.6852,0.6673,0.6748,67112749.0,2025-07-28 12:00:00
1753707600000.0,0.6748,0.6755,0.6548,0.656,94750289.0,2025-07-28 13:00:00
1753711200000.0,0.6559,0.6606,0.64,0.6486,149131766.0,2025-07-28 14:00:00
1753714800000.0,0.6487,0.6756,0.647,0.6574,141406340.0,2025-07-28 15:00:00
1753718400000.0,0.6574,0.6754,0.6508,0.6746,92805806.0,2025-07-28 16:00:00
1753722000000.0,0.6746,0.6842,0.6541,0.6557,112890849.0,2025-07-28 17:00:00
1753725600000.0,0.6557,0.6558,0.6411,0.6511,95128564.0,2025-07-28 18:00:00
1753729200000.0,0.6512,0.6598,0.6309,0.6392,88806383.0,2025-07-28 19:00:00
1753732800000.0,0.6391,0.642,0.6277,0.6349,66852705.0,2025-07-28 20:00:00
1753736400000.0,0.6349,0.6454,0.6311,0.6406,51518077.0,2025-07-28 21:00:00
1753740000000.0,0.6405,0.6452,0.6249,0.6299,57418342.0,2025-07-28 22:00:00
1753743600000.0,0.63,0.6401,0.6283,0.6333,39626675.0,2025-07-28 23:00:00
1753747200000.0,0.6333,0.6391,0.614,0.6215,94881133.0,2025-07-29 00:00:00
1753750800000.0,0.6216,0.6259,0.6111,0.6113,51103000.0,2025-07-29 01:00:00
1753754400000.0,0.6114,0.613,0.5949,0.5969,112898954.0,2025-07-29 02:00:00
1753758000000.0,0.5969,0.629,0.5967,0.622,123394123.0,2025-07-29 03:00:00
1753761600000.0,0.6219,0.6304,0.6167,0.6207,75964866.0,2025-07-29 04:00:00
1753765200000.0,0.6207,0.639,0.6206,0.6382,71793849.0,2025-07-29 05:00:00
1753768800000.0,0.6382,0.6423,0.6279,0.6299,63350162.0,2025-07-29 06:00:00
1753772400000.0,0.63,0.6434,0.625,0.6396,68234857.0,2025-07-29 07:00:00
1753776000000.0,0.6397,0.6407,0.6208,0.6217,64378331.0,2025-07-29 08:00:00
1753779600000.0,0.6218,0.6294,0.6181,0.6235,50405756.0,2025-07-29 09:00:00
1753783200000.0,0.6234,0.6249,0.6072,0.6079,65018444.0,2025-07-29 10:00:00
1753786800000.0,0.6079,0.619,0.6061,0.6116,53026136.0,2025-07-29 11:00:00
1753790400000.0,0.6116,0.6153,0.6037,0.6073,60131935.0,2025-07-29 12:00:00
1753794000000.0,0.6074,0.6111,0.583,0.5859,130814670.0,2025-07-29 13:00:00
1753797600000.0,0.5858,0.5866,0.565,0.5734,191999288.0,2025-07-29 14:00:00
1753801200000.0,0.5733,0.5876,0.5703,0.5832,107427053.0,2025-07-29 15:00:00
1753804800000.0,0.5833,0.585,0.5632,0.572,105186909.0,2025-07-29 16:00:00
1753808400000.0,0.572,0.5784,0.565,0.5764,69779989.0,2025-07-29 17:00:00
1753812000000.0,0.5764,0.5776,0.5673,0.5731,42191122.0,2025-07-29 18:00:00
1753815600000.0,0.5732,0.5803,0.5673,0.5697,40236783.0,2025-07-29 19:00:00
1753819200000.0,0.5697,0.5703,0.5579,0.5654,81003645.0,2025-07-29 20:00:00
1753822800000.0,0.5655,0.5705,0.5613,0.5646,27767240.0,2025-07-29 21:00:00
1753826400000.0,0.5646,0.5726,0.5552,0.5724,57290987.0,2025-07-29 22:00:00
1753830000000.0,0.5724,0.5772,0.5652,0.5703,56473462.0,2025-07-29 23:00:00
1753833600000.0,0.5703,0.5748,0.5532,0.5623,78184787.0,2025-07-30 00:00:00
1753837200000.0,0.5623,0.5812,0.5591,0.5781,71228349.0,2025-07-30 01:00:00
1753840800000.0,0.5781,0.5899,0.5741,0.5835,77211293.0,2025-07-30 02:00:00
1753844400000.0,0.5835,0.5871,0.5757,0.5765,36649048.0,2025-07-30 03:00:00
1753848000000.0,0.5765,0.582,0.5665,0.5679,53272933.0,2025-07-30 04:00:00
1753851600000.0,0.5679,0.58,0.5652,0.5786,56638184.0,2025-07-30 05:00:00
1753855200000.0,0.5786,0.5849,0.5718,0.5826,42453605.0,2025-07-30 06:00:00
1753858800000.0,0.5826,0.5891,0.5766,0.5816,56166635.0,2025-07-30 07:00:00
1753862400000.0,0.5816,0.5959,0.5753,0.5908,80421422.0,2025-07-30 08:00:00
1753866000000.0,0.5908,0.5964,0.5688,0.5736,94525921.0,2025-07-30 09:00:00
1753869600000.0,0.5738,0.5817,0.5704,0.5727,39246506.0,2025-07-30 10:00:00
1753873200000.0,0.5728,0.5767,0.5542,0.5589,99718449.0,2025-07-30 11:00:00
1753876800000.0,0.5588,0.573,0.5541,0.5639,91882827.0,2025-07-30 12:00:00
1753880400000.0,0.564,0.5733,0.5615,0.565,80850683.0,2025-07-30 13:00:00
1753884000000.0,0.565,0.5788,0.5565,0.5777,91405550.0,2025-07-30 14:00:00
1753887600000.0,0.5778,0.5787,0.54,0.5454,147448985.0,2025-07-30 15:00:00
1753891200000.0,0.5454,0.5643,0.5417,0.5627,90174260.0,2025-07-30 16:00:00
1753894800000.0,0.5627,0.57,0.5609,0.5699,56298003.0,2025-07-30 17:00:00
1753898400000.0,0.5698,0.5832,0.5561,0.5572,147919036.0,2025-07-30 18:00:00
1753902000000.0,0.5571,0.595,0.5328,0.5925,305221991.0,2025-07-30 19:00:00
1753905600000.0,0.5924,0.6103,0.5889,0.6003,149232452.0,2025-07-30 20:00:00
1753909200000.0,0.6003,0.6056,0.5781,0.5899,94913934.0,2025-07-30 21:00:00
1753912800000.0,0.5897,0.5958,0.5824,0.5875,68371419.0,2025-07-30 22:00:00
1753916400000.0,0.5875,0.6078,0.5874,0.6077,71954530.0,2025-07-30 23:00:00
1753920000000.0,0.6076,0.6268,0.595,0.6251,133841224.0,2025-07-31 00:00:00
1753923600000.0,0.6251,0.6349,0.6165,0.6298,96648592.0,2025-07-31 01:00:00
1753927200000.0,0.6297,0.6377,0.6231,0.6238,62063633.0,2025-07-31 02:00:00
1753930800000.0,0.6238,0.6342,0.6194,0.6341,59483989.0,2025-07-31 03:00:00
1753934400000.0,0.6341,0.6447,0.6271,0.642,61332230.0,2025-07-31 04:00:00
1753938000000.0,0.6418,0.651,0.6352,0.645,83463257.0,2025-07-31 05:00:00
1753941600000.0,0.6449,0.6756,0.639,0.6649,151213277.0,2025-07-31 06:00:00
1753945200000.0,0.6649,0.6698,0.6528,0.6588,86989924.0,2025-07-31 07:00:00
1753948800000.0,0.6588,0.6823,0.6575,0.674,106865346.0,2025-07-31 08:00:00
1753952400000.0,0.6741,0.6825,0.6647,0.6702,98295633.0,2025-07-31 09:00:00
1753956000000.0,0.6702,0.6737,0.659,0.6594,73793946.0,2025-07-31 10:00:00
1753959600000.0,0.6594,0.6748,0.6568,0.6704,92487709.0,2025-07-31 11:00:00
1753963200000.0,0.6704,0.6738,0.6625,0.6679,93131284.0,2025-07-31 12:00:00
1753966800000.0,0.6679,0.6688,0.6322,0.6427,263697009.0,2025-07-31 13:00:00
1753970400000.0,0.6428,0.648,0.6193,0.6224,189191623.0,2025-07-31 14:00:00
1753974000000.0,0.6224,0.6318,0.6062,0.6125,162385532.0,2025-07-31 15:00:00
1753977600000.0,0.6126,0.6342,0.6093,0.6249,141504918.0,2025-07-31 16:00:00
1753981200000.0,0.6249,0.6256,0.6061,0.6143,92509484.0,2025-07-31 17:00:00
1753984800000.0,0.6143,0.6194,0.6006,0.6045,142517612.0,2025-07-31 18:00:00
1753988400000.0,0.6046,0.6078,0.5827,0.5878,150322499.0,2025-07-31 19:00:00
1753992000000.0,0.5878,0.5951,0.5815,0.5838,93133634.0,2025-07-31 20:00:00
1753995600000.0,0.5838,0.5859,0.5631,0.5705,116005922.0,2025-07-31 21:00:00
1753999200000.0,0.5705,0.5756,0.5605,0.5735,132069426.0,2025-07-31 22:00:00
1754002800000.0,0.5736,0.5805,0.5638,0.5692,97729223.0,2025-07-31 23:00:00
1754006400000.0,0.5693,0.6008,0.5586,0.5928,241006906.0,2025-08-01 00:00:00
1754010000000.0,0.5928,0.6044,0.5825,0.5904,202312888.0,2025-08-01 01:00:00
1754013600000.0,0.5903,0.6128,0.5881,0.6061,127795504.0,2025-08-01 02:00:00
1754017200000.0,0.606,0.6069,0.5904,0.5945,87716441.0,2025-08-01 03:00:00
1754020800000.0,0.5944,0.5981,0.5842,0.5889,134914673.0,2025-08-01 04:00:00
1754024400000.0,0.589,0.5921,0.5653,0.5739,122587097.0,2025-08-01 05:00:00
1754028000000.0,0.5739,0.5825,0.5666,0.5801,97716824.0,2025-08-01 06:00:00
1754031600000.0,0.58,0.5965,0.5756,0.5936,107352229.0,2025-08-01 07:00:00
1754035200000.0,0.5935,0.5975,0.574,0.5766,157490313.0,2025-08-01 08:00:00
1754038800000.0,0.5766,0.5908,0.5693,0.5729,100037026.0,2025-08-01 09:00:00
1754042400000.0,0.5729,0.5819,0.5706,0.5796,64752679.0,2025-08-01 10:00:00
1754046000000.0,0.5797,0.6026,0.5739,0.6002,103896511.0,2025-08-01 11:00:00
1754049600000.0,0.6002,0.61,0.5945,0.6041,135525143.0,2025-08-01 12:00:00
1754053200000.0,0.6042,0.6095,0.5764,0.581,186475582.0,2025-08-01 13:00:00
1754056800000.0,0.5811,0.6213,0.5771,0.6114,261860663.0,2025-08-01 14:00:00
1754060400000.0,0.6114,0.6125,0.5866,0.5968,162649657.0,2025-08-01 15:00:00
1754064000000.0,0.5966,0.6027,0.5808,0.5837,125511550.0,2025-08-01 16:00:00
1754067600000.0,0.5837,0.5983,0.5704,0.5746,134809214.0,2025-08-01 17:00:00
1754071200000.0,0.5748,0.591,0.5716,0.5893,117281683.0,2025-08-01 18:00:00
1754074800000.0,0.5893,0.6065,0.5839,0.594,114868579.0,2025-08-01 19:00:00
1754078400000.0,0.5939,0.5978,0.5535,0.5742,210542287.0,2025-08-01 20:00:00
1754082000000.0,0.5743,0.5843,0.5729,0.5803,92617031.0,2025-08-01 21:00:00
1754085600000.0,0.5803,0.5803,0.5543,0.5704,148169600.0,2025-08-01 22:00:00
1754089200000.0,0.5704,0.5875,0.5662,0.5788,86854711.0,2025-08-01 23:00:00
1754092800000.0,0.5787,0.591,0.5737,0.587,74826583.0,2025-08-02 00:00:00
1754096400000.0,0.587,0.5879,0.5734,0.587,43823907.0,2025-08-02 01:00:00
1754100000000.0,0.5869,0.5949,0.5801,0.5933,41702438.0,2025-08-02 02:00:00
1754103600000.0,0.5933,0.5948,0.5766,0.5802,45813885.0,2025-08-02 03:00:00
1754107200000.0,0.5803,0.5855,0.5744,0.5796,48366182.0,2025-08-02 04:00:00
1754110800000.0,0.5796,0.5797,0.5726,0.5764,32933907.0,2025-08-02 05:00:00
1754114400000.0,0.5765,0.5768,0.5524,0.5546,118617151.0,2025-08-02 06:00:00
1754118000000.0,0.5546,0.5562,0.5379,0.5522,163530224.0,2025-08-02 07:00:00
1754121600000.0,0.5522,0.5538,0.5396,0.5407,80559766.0,2025-08-02 08:00:00
1754125200000.0,0.5408,0.544,0.5356,0.5422,66819619.0,2025-08-02 09:00:00
1754128800000.0,0.5422,0.5436,0.5346,0.5399,60932026.0,2025-08-02 10:00:00
1754132400000.0,0.54,0.545,0.537,0.5379,50053129.0,2025-08-02 11:00:00
1754136000000.0,0.538,0.5487,0.5363,0.5473,63765874.0,2025-08-02 12:00:00
1754139600000.0,0.5473,0.548,0.5393,0.5437,51745687.0,2025-08-02 13:00:00
1754143200000.0,0.5437,0.5441,0.5266,0.5343,132851891.0,2025-08-02 14:00:00
1754146800000.0,0.5343,0.5454,0.5343,0.5385,86570356.0,2025-08-02 15:00:00
1754150400000.0,0.5386,0.5448,0.533,0.5386,68979824.0,2025-08-02 16:00:00
1754154000000.0,0.5386,0.5416,0.521,0.5267,82369235.0,2025-08-02 17:00:00
1754157600000.0,0.5267,0.5289,0.5147,0.5212,125998294.0,2025-08-02 18:00:00
1754161200000.0,0.521,0.537,0.5186,0.53,87503596.0,2025-08-02 19:00:00
1754164800000.0,0.53,0.5401,0.5294,0.5344,43901316.0,2025-08-02 20:00:00
1754168400000.0,0.5344,0.537,0.5254,0.5271,37684366.0,2025-08-02 21:00:00
1754172000000.0,0.527,0.5287,0.519,0.5224,46421712.0,2025-08-02 22:00:00
1754175600000.0,0.5225,0.5246,0.5121,0.521,78034299.0,2025-08-02 23:00:00
1754179200000.0,0.521,0.529,0.5106,0.5274,109238222.0,2025-08-03 00:00:00
1754182800000.0,0.5273,0.5305,0.523,0.5244,52568381.0,2025-08-03 01:00:00
1754186400000.0,0.5245,0.5328,0.5244,0.531,37742086.0,2025-08-03 02:00:00
1754190000000.0,0.5309,0.5392,0.5305,0.5341,52115596.0,2025-08-03 03:00:00
1754193600000.0,0.5341,0.5392,0.5307,0.5383,39255864.0,2025-08-03 04:00:00
1754197200000.0,0.5383,0.544,0.5368,0.5426,50771506.0,2025-08-03 05:00:00
1754200800000.0,0.5426,0.5461,0.5378,0.539,70620812.0,2025-08-03 06:00:00
1754204400000.0,0.539,0.5493,0.539,0.549,47267251.0,2025-08-03 07:00:00
1754208000000.0,0.5489,0.564,0.5484,0.5573,131598306.0,2025-08-03 08:00:00
1754211600000.0,0.5572,0.5596,0.547,0.5521,73560377.0,2025-08-03 09:00:00
1754215200000.0,0.5521,0.5669,0.5484,0.5596,97085473.0,2025-08-03 10:00:00
1754218800000.0,0.5596,0.5646,0.5536,0.5601,78319191.0,2025-08-03 11:00:00
1754222400000.0,0.5601,0.5726,0.5546,0.5689,94012702.0,2025-08-03 12:00:00
1754226000000.0,0.5689,0.581,0.5668,0.5775,121138511.0,2025-08-03 13:00:00
1754229600000.0,0.5775,0.5845,0.5694,0.5702,134058831.0,2025-08-03 14:00:00
1754233200000.0,0.5702,0.5807,0.5645,0.5795,97195985.0,2025-08-03 15:00:00
1754236800000.0,0.5795,0.592,0.5765,0.5904,89482990.0,2025-08-03 16:00:00
1754240400000.0,0.5905,0.5969,0.5869,0.5912,89860770.0,2025-08-03 17:00:00
1754244000000.0,0.5911,0.5955,0.5865,0.5912,45696491.0,2025-08-03 18:00:00
1754247600000.0,0.5912,0.6069,0.5877,0.5923,93284715.0,2025-08-03 19:00:00
1754251200000.0,0.5923,0.5986,0.5864,0.5888,59264759.0,2025-08-03 20:00:00
1754254800000.0,0.5888,0.5951,0.5869,0.5949,35241940.0,2025-08-03 21:00:00
1754258400000.0,0.5948,0.6064,0.5931,0.5971,71755504.0,2025-08-03 22:00:00
1754262000000.0,0.597,0.6024,0.5912,0.5936,63341885.0,2025-08-03 23:00:00
1754265600000.0,0.5935,0.6198,0.5894,0.6159,159525168.0,2025-08-04 00:00:00
1754269200000.0,0.6159,0.6194,0.6064,0.6083,98074342.0,2025-08-04 01:00:00
1754272800000.0,0.6083,0.6287,0.6031,0.6218,94220512.0,2025-08-04 02:00:00
1754276400000.0,0.6218,0.6254,0.6081,0.6156,115980008.0,2025-08-04 03:00:00
1754280000000.0,0.6156,0.621,0.5998,0.6012,90675737.0,2025-08-04 04:00:00
1754283600000.0,0.6013,0.6041,0.5935,0.602,88341476.0,2025-08-04 05:00:00
1754287200000.0,0.6021,0.6067,0.5957,0.6065,62888258.0,2025-08-04 06:00:00
1754290800000.0,0.6065,0.6269,0.6052,0.6221,115745867.0,2025-08-04 07:00:00
1754294400000.0,0.6221,0.6342,0.6143,0.6231,140901785.0,2025-08-04 08:00:00
1754298000000.0,0.623,0.6255,0.6099,0.612,76066874.0,2025-08-04 09:00:00
1754301600000.0,0.612,0.6225,0.6084,0.6138,84129027.0,2025-08-04 10:00:00
1754305200000.0,0.6139,0.6186,0.6097,0.6108,48760495.0,2025-08-04 11:00:00
1754308800000.0,0.6108,0.6222,0.6089,0.6155,65737501.0,2025-08-04 12:00:00
1754312400000.0,0.6155,0.6369,0.6141,0.6336,145517837.0,2025-08-04 13:00:00
1754316000000.0,0.6336,0.6406,0.6092,0.612,191493045.0,2025-08-04 14:00:00
1754319600000.0,0.612,0.6227,0.6099,0.621,112867505.0,2025-08-04 15:00:00
1754323200000.0,0.6209,0.6225,0.6141,0.6172,64768960.0,2025-08-04 16:00:00
1754326800000.0,0.6172,0.6224,0.6032,0.6083,102191734.0,2025-08-04 17:00:00
1754330400000.0,0.6082,0.6102,0.6033,0.6068,46445722.0,2025-08-04 18:00:00
1754334000000.0,0.6068,0.6075,0.5975,0.5998,67749967.0,2025-08-04 19:00:00
1754337600000.0,0.5999,0.6048,0.5989,0.6031,41428184.0,2025-08-04 20:00:00
1754341200000.0,0.6031,0.6088,0.6011,0.6045,48949878.0,2025-08-04 21:00:00
1754344800000.0,0.6045,0.6096,0.6044,0.608,37397815.0,2025-08-04 22:00:00
1754348400000.0,0.608,0.6102,0.6011,0.6037,37745885.0,2025-08-04 23:00:00
1754352000000.0,0.6037,0.6075,0.5957,0.6031,62007488.0,2025-08-05 00:00:00
1754355600000.0,0.6031,0.608,0.5996,0.6021,30355906.0,2025-08-05 01:00:00
1754359200000.0,0.6021,0.6045,0.5949,0.597,45366781.0,2025-08-05 02:00:00
1754362800000.0,0.5969,0.5973,0.5844,0.5869,105623980.0,2025-08-05 03:00:00
1754366400000.0,0.587,0.5905,0.5833,0.5849,41594279.0,2025-08-05 04:00:00
1754370000000.0,0.585,0.5891,0.5816,0.5875,42652877.0,2025-08-05 05:00:00
1754373600000.0,0.5875,0.5916,0.5837,0.5857,52587927.0,2025-08-05 06:00:00
1754377200000.0,0.5858,0.5882,0.5787,0.5803,75064315.0,2025-08-05 07:00:00
1754380800000.0,0.5803,0.5837,0.5734,0.5797,80693144.0,2025-08-05 08:00:00
1754384400000.0,0.5798,0.5869,0.5792,0.5863,58251515.0,2025-08-05 09:00:00
1754388000000.0,0.5862,0.5918,0.5816,0.585,87009804.0,2025-08-05 10:00:00
1754391600000.0,0.585,0.5957,0.5817,0.5913,77883453.0,2025-08-05 11:00:00
1754395200000.0,0.5912,0.6061,0.5867,0.6036,135712054.0,2025-08-05 12:00:00
1754398800000.0,0.6036,0.6065,0.5922,0.5963,107333120.0,2025-08-05 13:00:00
1754402400000.0,0.5962,0.5965,0.5782,0.58,172189269.0,2025-08-05 14:00:00
1754406000000.0,0.58,0.5953,0.5688,0.5769,124808563.0,2025-08-05 15:00:00
1754409600000.0,0.5768,0.5835,0.5673,0.5691,94119293.0,2025-08-05 16:00:00
1754413200000.0,0.5691,0.5815,0.5682,0.5781,67935716.0,2025-08-05 17:00:00
1754416800000.0,0.5781,0.5806,0.5715,0.579,35530363.0,2025-08-05 18:00:00
1754420400000.0,0.579,0.583,0.5731,0.5751,32292906.0,2025-08-05 19:00:00
1754424000000.0,0.5752,0.5822,0.575,0.5817,31978487.0,2025-08-05 20:00:00
1754427600000.0,0.5817,0.5847,0.57,0.5731,32987973.0,2025-08-05 21:00:00
1754431200000.0,0.573,0.581,0.5652,0.5784,65142595.0,2025-08-05 22:00:00
1754434800000.0,0.5784,0.5863,0.5773,0.5794,43264034.0,2025-08-05 23:00:00
1754438400000.0,0.5794,0.5853,0.5737,0.5781,49487676.0,2025-08-06 00:00:00
1754442000000.0,0.578,0.5828,0.5729,0.5784,46462591.0,2025-08-06 01:00:00
1754445600000.0,0.5783,0.5785,0.5664,0.5675,44151948.0,2025-08-06 02:00:00
1754449200000.0,0.5676,0.5693,0.5582,0.5595,67186256.0,2025-08-06 03:00:00
1754452800000.0,0.5595,0.5621,0.5562,0.5605,37025967.0,2025-08-06 04:00:00
1754456400000.0,0.5606,0.5898,0.5587,0.5812,137185170.0,2025-08-06 05:00:00
1754460000000.0,0.5812,0.5929,0.5773,0.589,73867950.0,2025-08-06 06:00:00
1754463600000.0,0.5889,0.5939,0.5844,0.5857,56864476.0,2025-08-06 07:00:00
1754467200000.0,0.5856,0.5866,0.5644,0.5676,92727699.0,2025-08-06 08:00:00
1754470800000.0,0.5675,0.5811,0.5658,0.5714,77629491.0,2025-08-06 09:00:00
1754474400000.0,0.5713,0.5758,0.5607,0.565,59745476.0,2025-08-06 10:00:00
1754478000000.0,0.565,0.5718,0.5636,0.5681,35779509.0,2025-08-06 11:00:00
1754481600000.0,0.5681,0.57,0.5594,0.562,51559669.0,2025-08-06 12:00:00
1754485200000.0,0.5621,0.5672,0.5577,0.5665,80947071.0,2025-08-06 13:00:00
1754488800000.0,0.5666,0.5874,0.5662,0.5873,143587613.0,2025-08-06 14:00:00
1754492400000.0,0.5873,0.5936,0.5788,0.593,112189898.0,2025-08-06 15:00:00
1754496000000.0,0.5929,0.5995,0.5869,0.5913,85101948.0,2025-08-06 16:00:00
1754499600000.0,0.5913,0.5988,0.588,0.5978,37547065.0,2025-08-06 17:00:00
1754503200000.0,0.5977,0.6065,0.5942,0.5964,66214274.0,2025-08-06 18:00:00
1754506800000.0,0.5964,0.5998,0.5932,0.5984,27955707.0,2025-08-06 19:00:00
1754510400000.0,0.5983,0.5996,0.5932,0.5992,27439596.0,2025-08-06 20:00:00
1754514000000.0,0.5992,0.6048,0.5926,0.5942,36701775.0,2025-08-06 21:00:00
1754517600000.0,0.5942,0.599,0.5926,0.5969,26006202.0,2025-08-06 22:00:00
1754521200000.0,0.597,0.6022,0.5916,0.6009,27376825.0,2025-08-06 23:00:00
1754524800000.0,0.601,0.6056,0.5963,0.5967,34272907.0,2025-08-07 00:00:00
1754528400000.0,0.5967,0.6166,0.5954,0.6011,81926800.0,2025-08-07 01:00:00
1754532000000.0,0.6011,0.61,0.5973,0.5979,52921586.0,2025-08-07 02:00:00
1754535600000.0,0.598,0.6005,0.5946,0.5977,31085563.0,2025-08-07 03:00:00
1754539200000.0,0.5977,0.6072,0.5968,0.5995,32683276.0,2025-08-07 04:00:00
1754542800000.0,0.5995,0.6,0.5841,0.5882,68282188.0,2025-08-07 05:00:00
1754546400000.0,0.5882,0.6025,0.5863,0.601,55108428.0,2025-08-07 06:00:00
1754550000000.0,0.6011,0.6071,0.5975,0.6005,54810965.0,2025-08-07 07:00:00
1754553600000.0,0.6004,0.6185,0.5999,0.6132,83684847.0,2025-08-07 08:00:00
1754557200000.0,0.6132,0.632,0.612,0.6285,106649123.0,2025-08-07 09:00:00
1754560800000.0,0.6284,0.639,0.6244,0.6331,148723182.0,2025-08-07 10:00:00
1754564400000.0,0.6332,0.642,0.6307,0.6307,94750312.0,2025-08-07 11:00:00
1754568000000.0,0.6307,0.6354,0.6256,0.6338,68885827.0,2025-08-07 12:00:00
1754571600000.0,0.6338,0.6383,0.6288,0.6301,64074618.0,2025-08-07 13:00:00
1754575200000.0,0.6301,0.6306,0.6169,0.6199,93203966.0,2025-08-07 14:00:00
1754578800000.0,0.62,0.6222,0.6157,0.6192,55810629.0,2025-08-07 15:00:00
1754582400000.0,0.6191,0.6211,0.608,0.6185,102594033.0,2025-08-07 16:00:00
1754586000000.0,0.6185,0.6235,0.615,0.623,47093961.0,2025-08-07 17:00:00
1754589600000.0,0.623,0.6239,0.6182,0.622,37074644.0,2025-08-07 18:00:00
1754593200000.0,0.6221,0.6403,0.6221,0.6397,69456257.0,2025-08-07 19:00:00
1754596800000.0,0.6397,0.6493,0.6374,0.6454,74594869.0,2025-08-07 20:00:00
1754600400000.0,0.6454,0.6588,0.645,0.6489,70260712.0,2025-08-07 21:00:00
1754604000000.0,0.6489,0.6527,0.6321,0.6376,117943061.0,2025-08-07 22:00:00
1754607600000.0,0.6376,0.6393,0.6331,0.6367,39986445.0,2025-08-07 23:00:00
1754611200000.0,0.6367,0.6392,0.625,0.6313,96139458.0,2025-08-08 00:00:00
1754614800000.0,0.6312,0.6354,0.6269,0.6329,48076651.0,2025-08-08 01:00:00
1754618400000.0,0.6328,0.6353,0.6219,0.6251,44796520.0,2025-08-08 02:00:00
1754622000000.0,0.625,0.6363,0.6248,0.6334,58520652.0,2025-08-08 03:00:00
1754625600000.0,0.6333,0.6394,0.6291,0.6296,46290405.0,2025-08-08 04:00:00
1754629200000.0,0.6297,0.6308,0.6162,0.618,59713174.0,2025-08-08 05:00:00
1754632800000.0,0.6179,0.6214,0.6166,0.62,36105362.0,2025-08-08 06:00:00
1754636400000.0,0.62,0.6248,0.6137,0.623,53632291.0,2025-08-08 07:00:00
1754640000000.0,0.6231,0.6273,0.6124,0.6149,62140704.0,2025-08-08 08:00:00
1754643600000.0,0.6149,0.6174,0.6109,0.6162,40530513.0,2025-08-08 09:00:00
1754647200000.0,0.6163,0.6175,0.6138,0.6155,23966688.0,2025-08-08 10:00:00
1754650800000.0,0.6155,0.6207,0.6155,0.6202,32316174.0,2025-08-08 11:00:00
1754654400000.0,0.6202,0.6203,0.6131,0.6148,40372392.0,2025-08-08 12:00:00
1754658000000.0,0.6148,0.6384,0.6124,0.6372,99567598.0,2025-08-08 13:00:00
1754661600000.0,0.6372,0.6478,0.6231,0.6309,165081521.0,2025-08-08 14:00:00
1754665200000.0,0.6309,0.6334,0.6144,0.622,98932944.0,2025-08-08 15:00:00
1754668800000.0,0.622,0.6259,0.6133,0.6199,59782466.0,2025-08-08 16:00:00
1754672400000.0,0.62,0.6493,0.6199,0.6492,105536513.0,2025-08-08 17:00:00
1754676000000.0,0.6492,0.6664,0.6451,0.6663,128773710.0,2025-08-08 18:00:00
1754679600000.0,0.6664,0.6695,0.6517,0.6607,87431181.0,2025-08-08 19:00:00
1754683200000.0,0.6607,0.6627,0.6509,0.6549,32185030.0,2025-08-08 20:00:00
1754686800000.0,0.6548,0.6557,0.6419,0.6439,50098762.0,2025-08-08 21:00:00
1754690400000.0,0.644,0.65,0.6422,0.6492,24812232.0,2025-08-08 22:00:00
1754694000000.0,0.6493,0.6512,0.6428,0.6448,29505837.0,2025-08-08 23:00:00
1754697600000.0,0.6449,0.6529,0.6434,0.6456,33201582.0,2025-08-09 00:00:00
1754701200000.0,0.6455,0.6474,0.6355,0.6456,39574485.0,2025-08-09 01:00:00
1754704800000.0,0.6456,0.6538,0.6427,0.6528,34726242.0,2025-08-09 02:00:00
1754708400000.0,0.6527,0.6546,0.6482,0.6529,27041930.0,2025-08-09 03:00:00
1754712000000.0,0.6528,0.6845,0.6522,0.6828,113027686.0,2025-08-09 04:00:00
1754715600000.0,0.6828,0.7082,0.6792,0.7039,179944368.0,2025-08-09 05:00:00
1754719200000.0,0.704,0.7093,0.6974,0.7031,86550836.0,2025-08-09 06:00:00
1754722800000.0,0.7031,0.7235,0.7013,0.7207,114884132.0,2025-08-09 07:00:00
1754726400000.0,0.7206,0.741,0.7193,0.7311,159265896.0,2025-08-09 08:00:00
1754730000000.0,0.7312,0.7369,0.7251,0.7354,81242926.0,2025-08-09 09:00:00
1754733600000.0,0.7354,0.74,0.7272,0.7352,76713507.0,2025-08-09 10:00:00
1754737200000.0,0.7352,0.7452,0.7308,0.7353,90408863.0,2025-08-09 11:00:00
1754740800000.0,0.7354,0.761,0.7319,0.7592,142573088.0,2025-08-09 12:00:00
1754744400000.0,0.7592,0.7603,0.7266,0.7275,198537181.0,2025-08-09 13:00:00
1754748000000.0,0.7275,0.7384,0.7261,0.7318,96386477.0,2025-08-09 14:00:00
1754751600000.0,0.7319,0.7405,0.7308,0.7341,73466846.0,2025-08-09 15:00:00
1754755200000.0,0.7341,0.7537,0.7335,0.7442,103992573.0,2025-08-09 16:00:00
1754758800000.0,0.7441,0.7656,0.7403,0.7556,116318163.0,2025-08-09 17:00:00
1754762400000.0,0.7557,0.7611,0.7478,0.7534,67452414.0,2025-08-09 18:00:00
1754766000000.0,0.7535,0.7616,0.752,0.7566,49556168.0,2025-08-09 19:00:00
1754769600000.0,0.7565,0.7598,0.7453,0.7468,61294818.0,2025-08-09 20:00:00
1754773200000.0,0.7468,0.7512,0.7418,0.7432,50788461.0,2025-08-09 21:00:00
1754776800000.0,0.7432,0.7604,0.7389,0.7405,70722157.0,2025-08-09 22:00:00
1754780400000.0,0.7406,0.7433,0.7341,0.7372,46221686.0,2025-08-09 23:00:00
1754784000000.0,0.7371,0.7648,0.7343,0.7624,82624564.0,2025-08-10 00:00:00
1754787600000.0,0.7624,0.7698,0.7406,0.7468,114813487.0,2025-08-10 01:00:00
1754791200000.0,0.7469,0.7488,0.7371,0.7392,47873129.0,2025-08-10 02:00:00
1754794800000.0,0.7392,0.7492,0.7349,0.7461,73130104.0,2025-08-10 03:00:00
1754798400000.0,0.7461,0.7595,0.7426,0.7573,49240575.0,2025-08-10 04:00:00
1754802000000.0,0.7573,0.762,0.7462,0.7473,66476874.0,2025-08-10 05:00:00
1754805600000.0,0.7473,0.7517,0.7365,0.7446,75088617.0,2025-08-10 06:00:00
1754809200000.0,0.7446,0.7628,0.7356,0.7372,152763821.0,2025-08-10 07:00:00
1754812800000.0,0.7372,0.7562,0.7169,0.7496,185976341.0,2025-08-10 08:00:00
1754816400000.0,0.7496,0.754,0.7421,0.7458,55713878.0,2025-08-10 09:00:00
1754820000000.0,0.7459,0.7482,0.7317,0.7398,73168036.0,2025-08-10 10:00:00
1754823600000.0,0.7398,0.7532,0.7394,0.7425,55699842.0,2025-08-10 11:00:00
1754827200000.0,0.7426,0.7593,0.7397,0.7568,58464185.0,2025-08-10 12:00:00
1754830800000.0,0.7567,0.7603,0.7453,0.7463,54699506.0,2025-08-10 13:00:00
1754834400000.0,0.7464,0.7793,0.7435,0.7771,151357267.0,2025-08-10 14:00:00
1754838000000.0,0.7771,0.8103,0.7734,0.7933,237842770.0,2025-08-10 15:00:00
1754841600000.0,0.7932,0.7985,0.7757,0.7795,109451767.0,2025-08-10 16:00:00
1754845200000.0,0.7794,0.7839,0.7718,0.7737,74147007.0,2025-08-10 17:00:00
1754848800000.0,0.7735,0.7828,0.7719,0.7824,30781521.0,2025-08-10 18:00:00
1754852400000.0,0.7825,0.7888,0.7775,0.7787,42568799.0,2025-08-10 19:00:00
1754856000000.0,0.7786,0.7791,0.7706,0.7735,37287635.0,2025-08-10 20:00:00
1754859600000.0,0.7736,0.779,0.7653,0.7774,39127948.0,2025-08-10 21:00:00
1754863200000.0,0.7773,0.7895,0.7718,0.7894,48728582.0,2025-08-10 22:00:00
1754866800000.0,0.7893,0.802,0.789,0.7975,63227085.0,2025-08-10 23:00:00
1754870400000.0,0.7975,0.8347,0.7941,0.8266,153038873.0,2025-08-11 00:00:00
1754874000000.0,0.8266,0.8529,0.8222,0.8345,168625036.0,2025-08-11 01:00:00
1754877600000.0,0.8342,0.8431,0.8223,0.8255,107052422.0,2025-08-11 02:00:00
1754881200000.0,0.8255,0.838,0.8196,0.8337,73880607.0,2025-08-11 03:00:00
1754884800000.0,0.8338,0.8498,0.8337,0.8387,81213030.0,2025-08-11 04:00:00
1754888400000.0,0.8389,0.8473,0.8323,0.836,57000349.0,2025-08-11 05:00:00
1754892000000.0,0.836,0.8465,0.8336,0.8433,45279112.0,2025-08-11 06:00:00
1754895600000.0,0.8432,0.8558,0.8235,0.8267,123474781.0,2025-08-11 07:00:00
1754899200000.0,0.8266,0.8339,0.8159,0.8235,83326799.0,2025-08-11 08:00:00
1754902800000.0,0.8234,0.8288,0.816,0.8222,44487098.0,2025-08-11 09:00:00
1754906400000.0,0.8222,0.8295,0.8169,0.8191,60059592.0,2025-08-11 10:00:00
1754910000000.0,0.8191,0.8208,0.7851,0.7912,191694595.0,2025-08-11 11:00:00
1754913600000.0,0.7912,0.8038,0.7872,0.8006,130798589.0,2025-08-11 12:00:00
1754917200000.0,0.8006,0.8152,0.7882,0.8056,181832967.0,2025-08-11 13:00:00
1754920800000.0,0.8056,0.817,0.7959,0.8016,106023609.0,2025-08-11 14:00:00
1754924400000.0,0.8016,0.8178,0.7974,0.8169,78426637.0,2025-08-11 15:00:00
1754928000000.0,0.817,0.8271,0.8077,0.8105,101559217.0,2025-08-11 16:00:00
1754931600000.0,0.8105,0.8117,0.7957,0.7963,60687236.0,2025-08-11 17:00:00
1754935200000.0,0.7963,0.7993,0.7875,0.7972,69757248.0,2025-08-11 18:00:00
1754938800000.0,0.7971,0.803,0.7904,0.7935,40160612.0,2025-08-11 19:00:00
1754942400000.0,0.7935,0.7973,0.788,0.7926,38292339.0,2025-08-11 20:00:00
1754946000000.0,0.7925,0.8014,0.7744,0.784,73773665.0,2025-08-11 21:00:00
1754949600000.0,0.784,0.7857,0.771,0.7843,60999458.0,2025-08-11 22:00:00
1754953200000.0,0.7843,0.8009,0.7828,0.7948,53958541.0,2025-08-11 23:00:00
1754956800000.0,0.7948,0.8142,0.7945,0.8109,62570806.0,2025-08-12 00:00:00
1754960400000.0,0.8108,0.8163,0.8062,0.8089,48890322.0,2025-08-12 01:00:00
1754964000000.0,0.8088,0.8174,0.8053,0.8115,41705947.0,2025-08-12 02:00:00
1754967600000.0,0.8115,0.8173,0.8074,0.8153,44288505.0,2025-08-12 03:00:00
1754971200000.0,0.8152,0.8165,0.8038,0.8075,37168988.0,2025-08-12 04:00:00
1754974800000.0,0.8076,0.8077,0.7884,0.794,79633389.0,2025-08-12 05:00:00
1754978400000.0,0.7939,0.8,0.7856,0.7876,50351910.0,2025-08-12 06:00:00
1754982000000.0,0.7876,0.7955,0.7826,0.7951,50520046.0,2025-08-12 07:00:00
1754985600000.0,0.795,0.8007,0.7856,0.7897,47340758.0,2025-08-12 08:00:00
1754989200000.0,0.7897,0.7911,0.7671,0.7692,76711727.0,2025-08-12 09:00:00
1754992800000.0,0.7692,0.7704,0.7533,0.7672,139176691.0,2025-08-12 10:00:00
1754996400000.0,0.7673,0.7782,0.7604,0.7764,65992669.0,2025-08-12 11:00:00
1755000000000.0,0.7764,0.8427,0.7707,0.8298,289690264.0,2025-08-12 12:00:00
1755003600000.0,0.8299,0.8316,0.795,0.8098,193626255.0,2025-08-12 13:00:00
1755007200000.0,0.8099,0.8143,0.7892,0.7986,100171187.0,2025-08-12 14:00:00
1755010800000.0,0.7985,0.8206,0.796,0.8169,118160931.0,2025-08-12 15:00:00
1755014400000.0,0.817,0.8199,0.8028,0.8132,76500754.0,2025-08-12 16:00:00
1755018000000.0,0.8132,0.8247,0.8082,0.8235,68246293.0,2025-08-12 17:00:00
1755021600000.0,0.8234,0.8238,0.8046,0.8086,56039011.0,2025-08-12 18:00:00
1755025200000.0,0.8085,0.8183,0.8055,0.8129,35477904.0,2025-08-12 19:00:00
1755028800000.0,0.813,0.826,0.807,0.8221,65022615.0,2025-08-12 20:00:00
1755032400000.0,0.822,0.8223,0.7912,0.7932,73549671.0,2025-08-12 21:00:00
1755036000000.0,0.7933,0.8017,0.7815,0.7992,93667062.0,2025-08-12 22:00:00
1755039600000.0,0.7992,0.8099,0.794,0.8095,70905642.0,2025-08-12 23:00:00
1755043200000.0,0.8095,0.8319,0.803,0.8107,97619163.0,2025-08-13 00:00:00
1755046800000.0,0.8108,0.8122,0.7922,0.7994,75522871.0,2025-08-13 01:00:00
1755050400000.0,0.7993,0.8032,0.7934,0.7991,41581580.0,2025-08-13 02:00:00
1755054000000.0,0.7991,0.8048,0.7897,0.7946,51944058.0,2025-08-13 03:00:00
1755057600000.0,0.7946,0.8011,0.7914,0.7989,39322795.0,2025-08-13 04:00:00
1755061200000.0,0.7988,0.8073,0.7906,0.7907,57110732.0,2025-08-13 05:00:00
1755064800000.0,0.7907,0.7973,0.7779,0.7924,100654863.0,2025-08-13 06:00:00
1755068400000.0,0.7924,0.7951,0.7862,0.7931,31178999.0,2025-08-13 07:00:00
1755072000000.0,0.7931,0.7976,0.786,0.7934,42754840.0,2025-08-13 08:00:00
1755075600000.0,0.7933,0.8053,0.7933,0.8015,63757570.0,2025-08-13 09:00:00
1755079200000.0,0.8015,0.8154,0.7956,0.8147,65700554.0,2025-08-13 10:00:00
1755082800000.0,0.8147,0.816,0.7952,0.7987,67625101.0,2025-08-13 11:00:00
1755086400000.0,0.7988,0.8031,0.7912,0.7917,58301437.0,2025-08-13 12:00:00
1755090000000.0,0.7917,0.8077,0.7789,0.7843,114276523.0,2025-08-13 13:00:00
1755093600000.0,0.7845,0.7925,0.776,0.7798,115536766.0,2025-08-13 14:00:00
1755097200000.0,0.7798,0.7855,0.7666,0.7745,102835643.0,2025-08-13 15:00:00
1755100800000.0,0.7746,0.7916,0.773,0.7798,76475221.0,2025-08-13 16:00:00
1755104400000.0,0.7798,0.788,0.7764,0.7852,33446018.0,2025-08-13 17:00:00
1755108000000.0,0.7853,0.789,0.7657,0.7702,53103701.0,2025-08-13 18:00:00
1755111600000.0,0.7702,0.7832,0.7676,0.7824,39127541.0,2025-08-13 19:00:00
1755115200000.0,0.7824,0.7851,0.767,0.7676,45215623.0,2025-08-13 20:00:00
1755118800000.0,0.7676,0.774,0.76,0.7655,61405721.0,2025-08-13 21:00:00
1755122400000.0,0.7655,0.784,0.7613,0.775,51956514.0,2025-08-13 22:00:00
1755126000000.0,0.775,0.7825,0.775,0.7766,34379892.0,2025-08-13 23:00:00
1755129600000.0,0.7766,0.7821,0.7611,0.7655,59512504.0,2025-08-14 00:00:00
1755133200000.0,0.7654,0.7873,0.7544,0.7869,106127259.0,2025-08-14 01:00:00
1755136800000.0,0.7869,0.7898,0.7707,0.7782,60690005.0,2025-08-14 02:00:00
1755140400000.0,0.7782,0.7792,0.7719,0.7752,36646491.0,2025-08-14 03:00:00
1755144000000.0,0.7752,0.7798,0.7638,0.764,47930713.0,2025-08-14 04:00:00
1755147600000.0,0.764,0.7702,0.7562,0.7589,62662355.0,2025-08-14 05:00:00
1755151200000.0,0.759,0.7596,0.7297,0.736,178765345.0,2025-08-14 06:00:00
1755154800000.0,0.7359,0.7404,0.7254,0.735,102116457.0,2025-08-14 07:00:00
1755158400000.0,0.7351,0.7354,0.7138,0.7235,124011518.0,2025-08-14 08:00:00
1755162000000.0,0.7235,0.7314,0.7178,0.7289,69694098.0,2025-08-14 09:00:00
1755165600000.0,0.7288,0.7317,0.7198,0.7315,57319823.0,2025-08-14 10:00:00
1755169200000.0,0.7314,0.7341,0.7241,0.7287,43196601.0,2025-08-14 11:00:00
1755172800000.0,0.7286,0.7377,0.6762,0.7134,325555620.0,2025-08-14 12:00:00
1755176400000.0,0.7133,0.7333,0.6934,0.7288,273867619.0,2025-08-14 13:00:00
1755180000000.0,0.7289,0.7551,0.7231,0.7537,163298238.0,2025-08-14 14:00:00
1755183600000.0,0.7537,0.7554,0.7366,0.7395,106293087.0,2025-08-14 15:00:00
1755187200000.0,0.7395,0.743,0.7172,0.7195,139894679.0,2025-08-14 16:00:00
1755190800000.0,0.7195,0.7298,0.7152,0.7294,59753261.0,2025-08-14 17:00:00
1755194400000.0,0.7295,0.7396,0.7213,0.7371,60400417.0,2025-08-14 18:00:00
1755198000000.0,0.7371,0.7443,0.7326,0.7331,38839307.0,2025-08-14 19:00:00
1755201600000.0,0.733,0.7354,0.7231,0.7308,43190013.0,2025-08-14 20:00:00
1755205200000.0,0.7307,0.7307,0.7026,0.7132,86956938.0,2025-08-14 21:00:00
1755208800000.0,0.7131,0.7205,0.7039,0.7153,52516307.0,2025-08-14 22:00:00
1755212400000.0,0.7152,0.7269,0.7131,0.7157,44738308.0,2025-08-14 23:00:00
1755216000000.0,0.7157,0.7171,0.6918,0.708,105614644.0,2025-08-15 00:00:00
1755219600000.0,0.708,0.7158,0.7053,0.7122,48229966.0,2025-08-15 01:00:00
1755223200000.0,0.7122,0.7257,0.7115,0.7154,43278217.0,2025-08-15 02:00:00
1755226800000.0,0.7153,0.7325,0.7138,0.7226,44925072.0,2025-08-15 03:00:00
1755230400000.0,0.7226,0.7278,0.7169,0.7208,35699572.0,2025-08-15 04:00:00
1755234000000.0,0.7208,0.7258,0.7157,0.7244,27389256.0,2025-08-15 05:00:00
1755237600000.0,0.7244,0.7494,0.7241,0.7429,100628213.0,2025-08-15 06:00:00
1755241200000.0,0.7429,0.749,0.7316,0.7376,59099582.0,2025-08-15 07:00:00
1755244800000.0,0.7377,0.7498,0.7289,0.7365,81350028.0,2025-08-15 08:00:00
1755248400000.0,0.7364,0.7395,0.7206,0.7252,65584424.0,2025-08-15 09:00:00
1755252000000.0,0.7252,0.7473,0.7222,0.7408,87251356.0,2025-08-15 10:00:00
1755255600000.0,0.7408,0.7474,0.7184,0.7184,88640197.0,2025-08-15 11:00:00
1755259200000.0,0.7185,0.737,0.713,0.7272,122130194.0,2025-08-15 12:00:00
1755262800000.0,0.7272,0.7384,0.717,0.7276,102096296.0,2025-08-15 13:00:00
1755266400000.0,0.7276,0.7348,0.6988,0.7036,175418450.0,2025-08-15 14:00:00
1755270000000.0,0.7036,0.7047,0.6846,0.6906,151790813.0,2025-08-15 15:00:00
1755273600000.0,0.6907,0.6992,0.6831,0.6955,99870007.0,2025-08-15 16:00:00
1755277200000.0,0.6956,0.6995,0.6878,0.6935,48290973.0,2025-08-15 17:00:00
1755280800000.0,0.6935,0.6992,0.6878,0.6964,40566324.0,2025-08-15 18:00:00
1755284400000.0,0.6964,0.7065,0.6902,0.7036,60978199.0,2025-08-15 19:00:00
1755288000000.0,0.7036,0.7091,0.6995,0.7075,32772495.0,2025-08-15 20:00:00
1755291600000.0,0.7074,0.7088,0.6976,0.7078,26024541.0,2025-08-15 21:00:00
1755295200000.0,0.7078,0.7248,0.7068,0.7244,38528666.0,2025-08-15 22:00:00
1755298800000.0,0.7243,0.728,0.711,0.719,53965401.0,2025-08-15 23:00:00
1755302400000.0,0.7191,0.7259,0.7162,0.717,42239120.0,2025-08-16 00:00:00
1755306000000.0,0.717,0.7255,0.7125,0.7241,25483044.0,2025-08-16 01:00:00
1755309600000.0,0.7241,0.7317,0.72,0.7271,39752806.0,2025-08-16 02:00:00
1755313200000.0,0.7272,0.7323,0.7242,0.7301,24089446.0,2025-08-16 03:00:00
1755316800000.0,0.7301,0.7324,0.722,0.7293,33798730.0,2025-08-16 04:00:00
1755320400000.0,0.7292,0.7327,0.7243,0.7248,21936101.0,2025-08-16 05:00:00
1755324000000.0,0.7247,0.7324,0.7232,0.7265,28417638.0,2025-08-16 06:00:00
1755327600000.0,0.7265,0.7372,0.7258,0.7337,29045559.0,2025-08-16 07:00:00
1755331200000.0,0.7337,0.7357,0.72,0.7201,35189296.0,2025-08-16 08:00:00
1755334800000.0,0.7201,0.722,0.7151,0.7159,37342235.0,2025-08-16 09:00:00
1755338400000.0,0.716,0.7241,0.7144,0.719,40890991.0,2025-08-16 10:00:00
1755342000000.0,0.7191,0.7244,0.7047,0.7059,44981985.0,2025-08-16 11:00:00
1755345600000.0,0.7059,0.7141,0.7051,0.7139,34341535.0,2025-08-16 12:00:00
1755349200000.0,0.7139,0.7209,0.7082,0.7115,41278839.0,2025-08-16 13:00:00
1755352800000.0,0.7115,0.7179,0.7074,0.7173,35242787.0,2025-08-16 14:00:00
1755356400000.0,0.7174,0.7242,0.7136,0.7226,39935633.0,2025-08-16 15:00:00
1755360000000.0,0.7226,0.725,0.7163,0.7177,21918013.0,2025-08-16 16:00:00
1755363600000.0,0.7177,0.7185,0.712,0.7149,22647798.0,2025-08-16 17:00:00
1755367200000.0,0.7149,0.7183,0.7106,0.7158,17621942.0,2025-08-16 18:00:00
1755370800000.0,0.7159,0.7266,0.7154,0.7229,24943633.0,2025-08-16 19:00:00
1755374400000.0,0.7229,0.7282,0.7194,0.7241,19364255.0,2025-08-16 20:00:00
1755378000000.0,0.7241,0.7312,0.721,0.7284,16554287.0,2025-08-16 21:00:00
1755381600000.0,0.7284,0.7346,0.7242,0.7305,24417719.0,2025-08-16 22:00:00
1755385200000.0,0.7305,0.7355,0.727,0.7328,22024385.0,2025-08-16 23:00:00
1755388800000.0,0.7329,0.7348,0.7288,0.7294,17071801.0,2025-08-17 00:00:00
1755392400000.0,0.7294,0.7345,0.7239,0.7277,24859492.0,2025-08-17 01:00:00
1755396000000.0,0.7277,0.7391,0.7233,0.7387,27217788.0,2025-08-17 02:00:00
1755399600000.0,0.7388,0.744,0.7368,0.7412,43410432.0,2025-08-17 03:00:00
1755403200000.0,0.7412,0.746,0.7292,0.7356,60188251.0,2025-08-17 04:00:00
1755406800000.0,0.7355,0.7419,0.724,0.7272,48485116.0,2025-08-17 05:00:00
1755410400000.0,0.7272,0.7301,0.7207,0.7217,24444148.0,2025-08-17 06:00:00
1755414000000.0,0.7217,0.7249,0.7188,0.7217,25304923.0,2025-08-17 07:00:00
1755417600000.0,0.7218,0.7346,0.7168,0.734,39899757.0,2025-08-17 08:00:00
1755421200000.0,0.7339,0.7398,0.7304,0.7357,62044150.0,2025-08-17 09:00:00
1755424800000.0,0.7357,0.7361,0.7214,0.7251,45312440.0,2025-08-17 10:00:00
1755428400000.0,0.725,0.7269,0.7194,0.7227,34758253.0,2025-08-17 11:00:00
1755432000000.0,0.7227,0.7229,0.7139,0.715,35215872.0,2025-08-17 12:00:00
1755435600000.0,0.7149,0.7179,0.7105,0.7139,39184821.0,2025-08-17 13:00:00
1755439200000.0,0.7138,0.7209,0.7123,0.7209,30595608.0,2025-08-17 14:00:00
1755442800000.0,0.7208,0.7234,0.7131,0.7224,46688527.0,2025-08-17 15:00:00
1755446400000.0,0.7225,0.7283,0.7113,0.7126,65840270.0,2025-08-17 16:00:00
1755450000000.0,0.7126,0.7158,0.7077,0.7137,32509742.0,2025-08-17 17:00:00
1755453600000.0,0.7137,0.7154,0.7031,0.7126,33334604.0,2025-08-17 18:00:00
1755457200000.0,0.7127,0.716,0.7102,0.7115,24765931.0,2025-08-17 19:00:00
1755460800000.0,0.7114,0.7145,0.7092,0.7137,16966667.0,2025-08-17 20:00:00
1755464400000.0,0.7137,0.7177,0.712,0.7128,12490280.0,2025-08-17 21:00:00
1755468000000.0,0.7127,0.721,0.7113,0.7192,24663505.0,2025-08-17 22:00:00
1755471600000.0,0.7192,0.7193,0.7075,0.709,22679152.0,2025-08-17 23:00:00
1755475200000.0,0.709,0.7163,0.7041,0.7053,40772748.0,2025-08-18 00:00:00
1755478800000.0,0.7053,0.7084,0.691,0.6936,82322340.0,2025-08-18 01:00:00
1755482400000.0,0.6936,0.695,0.6781,0.6807,96331869.0,2025-08-18 02:00:00
1755486000000.0,0.6807,0.6845,0.6751,0.6835,55220742.0,2025-08-18 03:00:00
1755489600000.0,0.6835,0.6916,0.681,0.6913,37061741.0,2025-08-18 04:00:00
1755493200000.0,0.6914,0.696,0.6836,0.6892,46931913.0,2025-08-18 05:00:00
1755496800000.0,0.6892,0.6892,0.6751,0.681,47548481.0,2025-08-18 06:00:00
1755500400000.0,0.681,0.6824,0.6771,0.68,25867513.0,2025-08-18 07:00:00
1755504000000.0,0.6799,0.6825,0.6732,0.6754,41114545.0,2025-08-18 08:00:00
1755507600000.0,0.6753,0.6818,0.6703,0.6771,59222819.0,2025-08-18 09:00:00
1755511200000.0,0.6772,0.6798,0.6701,0.6703,33135386.0,2025-08-18 10:00:00
1755514800000.0,0.6703,0.6758,0.6681,0.6741,34683751.0,2025-08-18 11:00:00
1755518400000.0,0.6741,0.6814,0.6733,0.6802,44050643.0,2025-08-18 12:00:00
1755522000000.0,0.6803,0.6831,0.6661,0.6672,65195918.0,2025-08-18 13:00:00
1755525600000.0,0.6671,0.6752,0.6669,0.6749,42377507.0,2025-08-18 14:00:00
1755529200000.0,0.6748,0.6832,0.6712,0.6831,35698674.0,2025-08-18 15:00:00
1755532800000.0,0.6831,0.6876,0.671,0.6721,54475627.0,2025-08-18 16:00:00
1755536400000.0,0.6721,0.6857,0.6718,0.6754,41992779.0,2025-08-18 17:00:00
1755540000000.0,0.6754,0.6844,0.6728,0.6839,27774418.0,2025-08-18 18:00:00
1755543600000.0,0.6839,0.6887,0.6793,0.6808,50742427.0,2025-08-18 19:00:00
1755547200000.0,0.6809,0.6886,0.6791,0.6839,33412236.0,2025-08-18 20:00:00
1755550800000.0,0.6838,0.6917,0.6827,0.6872,27444670.0,2025-08-18 21:00:00
1755554400000.0,0.6872,0.6945,0.6827,0.6833,42598952.0,2025-08-18 22:00:00
1755558000000.0,0.6833,0.686,0.6755,0.677,30321603.0,2025-08-18 23:00:00
1755561600000.0,0.677,0.6923,0.6691,0.6905,61950446.0,2025-08-19 00:00:00
1755565200000.0,0.6904,0.6937,0.6731,0.6791,56655295.0,2025-08-19 01:00:00
1755568800000.0,0.6791,0.6795,0.6697,0.6704,35108209.0,2025-08-19 02:00:00
1755572400000.0,0.6704,0.6719,0.6584,0.6603,66775594.0,2025-08-19 03:00:00
1755576000000.0,0.6603,0.6621,0.6512,0.6621,64625264.0,2025-08-19 04:00:00
1755579600000.0,0.662,0.6655,0.6524,0.6527,36496749.0,2025-08-19 05:00:00
1755583200000.0,0.6527,0.6574,0.6505,0.6542,24707384.0,2025-08-19 06:00:00
1755586800000.0,0.6543,0.6547,0.6483,0.6525,35309806.0,2025-08-19 07:00:00
1755590400000.0,0.6525,0.6571,0.6474,0.6557,44185317.0,2025-08-19 08:00:00
1755594000000.0,0.6557,0.6644,0.6544,0.6587,52266159.0,2025-08-19 09:00:00
1755597600000.0,0.6587,0.6616,0.6561,0.6584,27901164.0,2025-08-19 10:00:00
1755601200000.0,0.6584,0.6641,0.6582,0.6633,35340873.0,2025-08-19 11:00:00
1755604800000.0,0.6634,0.6637,0.6579,0.6614,23475402.0,2025-08-19 12:00:00
1755608400000.0,0.6613,0.6678,0.6485,0.6523,83429301.0,2025-08-19 13:00:00
1755612000000.0,0.6524,0.6553,0.6308,0.6393,143302071.0,2025-08-19 14:00:00
1755615600000.0,0.6394,0.6476,0.6354,0.6372,76221820.0,2025-08-19 15:00:00
1755619200000.0,0.6373,0.6393,0.6314,0.6347,49627361.0,2025-08-19 16:00:00
1755622800000.0,0.6347,0.6393,0.63,0.6385,45266870.0,2025-08-19 17:00:00
1755626400000.0,0.6386,0.6423,0.6303,0.6345,38782020.0,2025-08-19 18:00:00
1755630000000.0,0.6345,0.6414,0.6301,0.6341,36175064.0,2025-08-19 19:00:00
1755633600000.0,0.6342,0.6447,0.6335,0.6439,25748884.0,2025-08-19 20:00:00
1755637200000.0,0.644,0.6474,0.642,0.6448,19117841.0,2025-08-19 21:00:00
1755640800000.0,0.6449,0.6455,0.6399,0.6411,29754605.0,2025-08-19 22:00:00
1755644400000.0,0.6411,0.6431,0.6341,0.6364,43755582.0,2025-08-19 23:00:00
1755648000000.0,0.6364,0.6508,0.6362,0.6448,50899257.0,2025-08-20 00:00:00
1755651600000.0,0.6448,0.65,0.6409,0.6476,41688629.0,2025-08-20 01:00:00
1755655200000.0,0.6475,0.6517,0.6442,0.6446,28773551.0,2025-08-20 02:00:00
1755658800000.0,0.6446,0.648,0.639,0.6418,28844164.0,2025-08-20 03:00:00
1755662400000.0,0.6418,0.6485,0.6416,0.647,22259750.0,2025-08-20 04:00:00
1755666000000.0,0.6471,0.6508,0.6434,0.6507,23934698.0,2025-08-20 05:00:00
1755669600000.0,0.6507,0.6551,0.6462,0.6471,35240151.0,2025-08-20 06:00:00
1755673200000.0,0.6472,0.6523,0.647,0.649,24931922.0,2025-08-20 07:00:00
1755676800000.0,0.6491,0.6568,0.6479,0.6554,36897249.0,2025-08-20 08:00:00
1755680400000.0,0.6554,0.658,0.6433,0.6435,58869807.0,2025-08-20 09:00:00
1755684000000.0,0.6436,0.6512,0.641,0.6467,33958334.0,2025-08-20 10:00:00
1755687600000.0,0.6467,0.6486,0.633,0.6408,52737025.0,2025-08-20 11:00:00
1755691200000.0,0.6407,0.6484,0.637,0.6407,44420377.0,2025-08-20 12:00:00
1755694800000.0,0.6407,0.6407,0.624,0.6257,116110247.0,2025-08-20 13:00:00
1755698400000.0,0.6256,0.6469,0.6215,0.6434,108861418.0,2025-08-20 14:00:00
1755702000000.0,0.6435,0.6593,0.6425,0.6472,116982558.0,2025-08-20 15:00:00
1755705600000.0,0.6471,0.6591,0.6461,0.6512,54122489.0,2025-08-20 16:00:00
1755709200000.0,0.6511,0.6613,0.649,0.6578,46590618.0,2025-08-20 17:00:00
1755712800000.0,0.6578,0.6584,0.6414,0.6445,50444786.0,2025-08-20 18:00:00
1755716400000.0,0.6445,0.6587,0.6434,0.6579,48959722.0,2025-08-20 19:00:00
1755720000000.0,0.6578,0.66,0.6512,0.6576,35113372.0,2025-08-20 20:00:00
1755723600000.0,0.6575,0.6599,0.6505,0.6544,29248911.0,2025-08-20 21:00:00
1755727200000.0,0.6544,0.6623,0.6512,0.6601,27889127.0,2025-08-20 22:00:00
1755730800000.0,0.6601,0.6615,0.6553,0.6568,23304537.0,2025-08-20 23:00:00
1755734400000.0,0.6568,0.6579,0.6451,0.6475,42190066.0,2025-08-21 00:00:00
1755738000000.0,0.6474,0.6573,0.644,0.6569,32878216.0,2025-08-21 01:00:00
1755741600000.0,0.6568,0.6602,0.6404,0.6442,49224412.0,2025-08-21 02:00:00
1755745200000.0,0.6442,0.6573,0.6439,0.6494,55884111.0,2025-08-21 03:00:00
1755748800000.0,0.6494,0.6513,0.6438,0.6466,32340587.0,2025-08-21 04:00:00
1755752400000.0,0.6466,0.6514,0.6421,0.6505,26635789.0,2025-08-21 05:00:00
1755756000000.0,0.6504,0.6505,0.6402,0.6448,29883060.0,2025-08-21 06:00:00
1755759600000.0,0.6448,0.6458,0.6367,0.6432,36805822.0,2025-08-21 07:00:00
1755763200000.0,0.6433,0.645,0.6324,0.6326,39788447.0,2025-08-21 08:00:00
1755766800000.0,0.6327,0.6378,0.6285,0.6335,47178663.0,2025-08-21 09:00:00
1755770400000.0,0.6335,0.6358,0.6309,0.6332,19457108.0,2025-08-21 10:00:00
1755774000000.0,0.6331,0.6371,0.6308,0.6355,28701584.0,2025-08-21 11:00:00
1755777600000.0,0.6354,0.6362,0.6233,0.6269,58902944.0,2025-08-21 12:00:00
1755781200000.0,0.627,0.6367,0.6254,0.6304,57911819.0,2025-08-21 13:00:00
1755784800000.0,0.6303,0.6451,0.6286,0.6334,84359291.0,2025-08-21 14:00:00
1755788400000.0,0.6334,0.6352,0.6222,0.6235,60619903.0,2025-08-21 15:00:00
1755792000000.0,0.6235,0.6267,0.6204,0.623,43489249.0,2025-08-21 16:00:00
1755795600000.0,0.6229,0.6254,0.6171,0.6227,50939087.0,2025-08-21 17:00:00
1755799200000.0,0.6227,0.6317,0.6204,0.63,27897907.0,2025-08-21 18:00:00
1755802800000.0,0.6301,0.6312,0.6211,0.623,40921672.0,2025-08-21 19:00:00
1755806400000.0,0.623,0.6331,0.6191,0.6283,35292755.0,2025-08-21 20:00:00
1755810000000.0,0.6283,0.6355,0.6245,0.6307,30879604.0,2025-08-21 21:00:00
1755813600000.0,0.6307,0.634,0.6296,0.6316,14122175.0,2025-08-21 22:00:00
1755817200000.0,0.6316,0.6319,0.6261,0.6287,16247199.0,2025-08-21 23:00:00
1755820800000.0,0.6286,0.6367,0.6284,0.6353,24914311.0,2025-08-22 00:00:00
1755824400000.0,0.6353,0.6405,0.6302,0.6379,34578505.0,2025-08-22 01:00:00
1755828000000.0,0.638,0.6491,0.6366,0.6472,49159520.0,2025-08-22 02:00:00
1755831600000.0,0.6472,0.6525,0.6442,0.6464,36202786.0,2025-08-22 03:00:00
1755835200000.0,0.6463,0.6529,0.6448,0.6464,32424257.0,2025-08-22 04:00:00
1755838800000.0,0.6464,0.6545,0.6441,0.6499,30791244.0,2025-08-22 05:00:00
1755842400000.0,0.6499,0.6575,0.646,0.6512,52301161.0,2025-08-22 06:00:00
1755846000000.0,0.6512,0.663,0.6496,0.6611,68497348.0,2025-08-22 07:00:00
1755849600000.0,0.6611,0.6683,0.6532,0.6538,85726125.0,2025-08-22 08:00:00
1755853200000.0,0.6537,0.6546,0.6458,0.6493,52901440.0,2025-08-22 09:00:00
1755856800000.0,0.6493,0.6505,0.6447,0.6458,33104774.0,2025-08-22 10:00:00
1755860400000.0,0.6459,0.646,0.6376,0.6376,45283466.0,2025-08-22 11:00:00
1755864000000.0,0.6377,0.6392,0.6234,0.6345,116639637.0,2025-08-22 12:00:00
1755867600000.0,0.6345,0.6537,0.6294,0.6498,117410976.0,2025-08-22 13:00:00
1755871200000.0,0.6497,0.7273,0.6497,0.7182,615990929.0,2025-08-22 14:00:00
1755874800000.0,0.7181,0.7378,0.7166,0.7246,178870955.0,2025-08-22 15:00:00
1755878400000.0,0.7246,0.7424,0.7231,0.7259,148019067.0,2025-08-22 16:00:00
1755882000000.0,0.7259,0.7444,0.7256,0.7348,103234962.0,2025-08-22 17:00:00
1755885600000.0,0.7348,0.7379,0.7279,0.7324,65674179.0,2025-08-22 18:00:00
1755889200000.0,0.7324,0.7427,0.7283,0.7412,50004924.0,2025-08-22 19:00:00
1755892800000.0,0.7411,0.7449,0.7343,0.7442,41051263.0,2025-08-22 20:00:00
1755896400000.0,0.7442,0.7497,0.7387,0.7446,54348314.0,2025-08-22 21:00:00
1755900000000.0,0.7446,0.747,0.7349,0.7386,36560539.0,2025-08-22 22:00:00
1755903600000.0,0.7385,0.7535,0.7371,0.753,41704951.0,2025-08-22 23:00:00
1755907200000.0,0.753,0.764,0.744,0.7582,97106475.0,2025-08-23 00:00:00
1755910800000.0,0.7583,0.7621,0.7482,0.7599,60700356.0,2025-08-23 01:00:00
1755914400000.0,0.76,0.7607,0.7376,0.756,108395917.0,2025-08-23 02:00:00
1755918000000.0,0.756,0.7596,0.7464,0.7525,78151391.0,2025-08-23 03:00:00
1755921600000.0,0.7526,0.7674,0.75,0.7626,52244935.0,2025-08-23 04:00:00
1755925200000.0,0.7624,0.7749,0.7565,0.7599,77233079.0,2025-08-23 05:00:00
1755928800000.0,0.7599,0.7651,0.755,0.7569,40071663.0,2025-08-23 06:00:00
1755932400000.0,0.7569,0.7569,0.7327,0.7352,76477818.0,2025-08-23 07:00:00
1755936000000.0,0.7351,0.7466,0.7313,0.744,68573443.0,2025-08-23 08:00:00
1755939600000.0,0.744,0.7464,0.7391,0.745,33680357.0,2025-08-23 09:00:00
1755943200000.0,0.7449,0.7465,0.7419,0.7433,24951032.0,2025-08-23 10:00:00
1755946800000.0,0.7433,0.746,0.743,0.7459,3945682.0,2025-08-23 11:00:00
