timestamp,y_long,y_short,weights
1970-01-01 00:26:18.852000,1,0,2.0
1970-01-01 00:26:18.855600,1,0,2.0
1970-01-01 00:26:18.862800,1,0,2.0
1970-01-01 00:26:18.866400,0,1,2.0
1970-01-01 00:26:18.870000,0,1,2.0
1970-01-01 00:26:18.877200,0,1,2.0
1970-01-01 00:26:18.909600,0,1,2.0
1970-01-01 00:26:18.938400,1,0,2.0
1970-01-01 00:26:18.942000,1,0,2.0
1970-01-01 00:26:18.945600,1,0,2.0
1970-01-01 00:26:18.949200,1,0,2.0
1970-01-01 00:26:18.952800,1,0,2.0
1970-01-01 00:26:18.956400,1,0,2.0
1970-01-01 00:26:18.960000,1,0,2.0
1970-01-01 00:26:18.985200,1,0,2.0
1970-01-01 00:26:18.988800,1,0,2.0
1970-01-01 00:26:18.992400,1,0,2.0
1970-01-01 00:26:18.996000,1,0,2.0
1970-01-01 00:26:18.999600,1,0,2.0
1970-01-01 00:26:19.003200,1,0,2.0
1970-01-01 00:26:19.006800,1,0,2.0
1970-01-01 00:26:19.046400,0,1,2.0
1970-01-01 00:26:19.050000,0,1,2.0
1970-01-01 00:26:19.053600,0,1,2.0
1970-01-01 00:26:19.060800,1,0,2.0
1970-01-01 00:26:19.093200,0,1,2.0
1970-01-01 00:26:19.114800,0,0,2.0
1970-01-01 00:26:19.118400,0,1,2.0
1970-01-01 00:26:19.122000,0,1,2.0
1970-01-01 00:26:19.125600,0,1,2.0
1970-01-01 00:26:19.129200,0,1,2.0
1970-01-01 00:26:19.190400,1,0,2.0
1970-01-01 00:26:19.215600,1,0,2.0
1970-01-01 00:26:19.219200,1,0,2.0
1970-01-01 00:26:19.222800,1,0,2.0
1970-01-01 00:26:19.226400,1,0,2.0
1970-01-01 00:26:19.230000,1,0,2.0
1970-01-01 00:26:19.233600,1,0,2.0
1970-01-01 00:26:19.251600,0,1,2.0
1970-01-01 00:26:19.255200,0,0,2.0
1970-01-01 00:26:19.262400,1,0,2.0
1970-01-01 00:26:19.266000,1,0,2.0
1970-01-01 00:26:19.269600,1,0,2.0
1970-01-01 00:26:19.273200,1,0,2.0
1970-01-01 00:26:19.298400,0,1,2.0
1970-01-01 00:26:19.305600,0,1,2.0
1970-01-01 00:26:19.352400,0,1,2.0
1970-01-01 00:26:19.356000,0,1,2.0
1970-01-01 00:26:19.388400,1,0,2.0
1970-01-01 00:26:19.410000,0,1,2.0
1970-01-01 00:26:19.413600,0,1,2.0
1970-01-01 00:26:19.417200,0,1,2.0
1970-01-01 00:26:19.420800,0,1,2.0
1970-01-01 00:26:19.424400,0,1,2.0
1970-01-01 00:26:19.428000,0,1,2.0
1970-01-01 00:26:19.518000,1,0,2.0
1970-01-01 00:26:19.521600,1,0,2.0
1970-01-01 00:26:19.611600,0,1,2.0
1970-01-01 00:26:19.615200,0,1,2.0
1970-01-01 00:26:19.618800,0,1,2.0
1970-01-01 00:26:19.622400,0,1,2.0
1970-01-01 00:26:19.626000,0,1,2.0
1970-01-01 00:26:19.629600,0,1,2.0
1970-01-01 00:26:19.633200,1,0,2.0
1970-01-01 00:26:19.654800,1,0,2.0
1970-01-01 00:26:19.658400,1,0,2.0
1970-01-01 00:26:19.662000,1,0,2.0
1970-01-01 00:26:19.669200,1,0,2.0
1970-01-01 00:26:19.719600,0,1,2.0
1970-01-01 00:26:19.723200,0,1,2.0
1970-01-01 00:26:19.726800,0,1,2.0
1970-01-01 00:26:19.730400,0,1,2.0
1970-01-01 00:26:19.734000,0,1,2.0
1970-01-01 00:26:19.737600,0,1,2.0
1970-01-01 00:26:19.744800,0,1,2.0
1970-01-01 00:26:19.748400,0,1,2.0
1970-01-01 00:26:19.762800,0,1,2.0
1970-01-01 00:26:19.766400,0,1,2.0
1970-01-01 00:26:19.770000,0,1,2.0
1970-01-01 00:26:19.773600,0,1,2.0
1970-01-01 00:26:19.777200,0,1,2.0
1970-01-01 00:26:19.780800,0,1,2.0
1970-01-01 00:26:19.784400,0,1,2.0
1970-01-01 00:26:19.788000,0,1,2.0
1970-01-01 00:26:19.791600,0,1,2.0
1970-01-01 00:26:19.795200,0,1,2.0
1970-01-01 00:26:19.809600,0,1,2.0
1970-01-01 00:26:19.813200,0,1,2.0
1970-01-01 00:26:19.816800,0,1,2.0
1970-01-01 00:26:19.820400,0,1,2.0
1970-01-01 00:26:19.824000,0,1,2.0
1970-01-01 00:26:19.827600,0,1,2.0
1970-01-01 00:26:19.842000,0,0,2.0
1970-01-01 00:26:19.856400,1,0,2.0
1970-01-01 00:26:19.860000,1,0,2.0
1970-01-01 00:26:19.892400,0,1,2.0
1970-01-01 00:26:19.896000,0,1,2.0
1970-01-01 00:26:19.899600,0,1,2.0
1970-01-01 00:26:19.903200,0,1,2.0
1970-01-01 00:26:19.906800,0,1,2.0
1970-01-01 00:26:19.939200,0,1,2.0
1970-01-01 00:26:20.004000,1,0,2.0
1970-01-01 00:26:20.011200,1,0,2.0
1970-01-01 00:26:20.014800,1,0,2.0
1970-01-01 00:26:20.018400,1,0,2.0
1970-01-01 00:26:20.022000,1,0,2.0
1970-01-01 00:26:20.036400,1,0,2.0
1970-01-01 00:26:20.040000,1,0,2.0
1970-01-01 00:26:20.043600,1,0,2.0
1970-01-01 00:26:20.047200,1,0,2.0
1970-01-01 00:26:20.050800,1,0,2.0
1970-01-01 00:26:20.054400,1,0,2.0
1970-01-01 00:26:20.101200,1,0,2.0
1970-01-01 00:26:20.104800,1,0,2.0
1970-01-01 00:26:20.108400,1,0,2.0
1970-01-01 00:26:20.112000,1,0,2.0
1970-01-01 00:26:20.115600,1,0,2.0
1970-01-01 00:26:20.119200,1,0,2.0
1970-01-01 00:26:20.151600,1,0,2.0
1970-01-01 00:26:20.155200,1,0,2.0
1970-01-01 00:26:20.158800,1,0,2.0
1970-01-01 00:26:20.162400,1,0,2.0
1970-01-01 00:26:20.166000,1,0,2.0
1970-01-01 00:26:20.173200,0,1,2.0
1970-01-01 00:26:20.205600,0,1,2.0
1970-01-01 00:26:20.209200,0,1,2.0
1970-01-01 00:26:20.216400,0,1,2.0
1970-01-01 00:26:20.230800,1,0,2.0
1970-01-01 00:26:20.234400,1,0,2.0
1970-01-01 00:26:20.238000,1,0,2.0
1970-01-01 00:26:20.241600,1,0,2.0
1970-01-01 00:26:20.245200,1,0,2.0
1970-01-01 00:26:20.248800,1,0,2.0
1970-01-01 00:26:20.320800,0,1,2.0
1970-01-01 00:26:20.324400,0,1,2.0
1970-01-01 00:26:20.328000,0,1,2.0
1970-01-01 00:26:20.331600,0,1,2.0
1970-01-01 00:26:20.346000,1,0,2.0
1970-01-01 00:26:20.349600,1,0,2.0
1970-01-01 00:26:20.353200,1,0,2.0
1970-01-01 00:26:20.356800,1,0,2.0
1970-01-01 00:26:20.360400,1,0,2.0
1970-01-01 00:26:20.364000,1,0,2.0
1970-01-01 00:26:20.367600,1,0,2.0
1970-01-01 00:26:20.371200,1,0,2.0
1970-01-01 00:26:20.374800,1,0,2.0
1970-01-01 00:26:20.378400,1,0,2.0
1970-01-01 00:26:20.382000,1,0,2.0
1970-01-01 00:26:20.385600,1,0,2.0
1970-01-01 00:26:20.389200,1,0,2.0
1970-01-01 00:26:20.392800,1,0,2.0
1970-01-01 00:26:20.396400,1,0,2.0
1970-01-01 00:26:20.497200,1,0,2.0
1970-01-01 00:26:20.500800,1,0,2.0
1970-01-01 00:26:20.504400,1,0,2.0
1970-01-01 00:26:20.508000,1,0,2.0
1970-01-01 00:26:20.511600,1,0,2.0
1970-01-01 00:26:20.515200,1,0,2.0
1970-01-01 00:26:20.536800,0,1,2.0
1970-01-01 00:26:20.540400,0,1,2.0
1970-01-01 00:26:20.587200,0,1,2.0
1970-01-01 00:26:20.590800,0,1,2.0
1970-01-01 00:26:20.594400,0,1,2.0
1970-01-01 00:26:20.598000,0,1,2.0
1970-01-01 00:26:20.608800,1,0,2.0
1970-01-01 00:26:20.612400,1,0,2.0
1970-01-01 00:26:20.616000,1,0,2.0
1970-01-01 00:26:20.619600,1,0,2.0
1970-01-01 00:26:20.623200,1,0,2.0
1970-01-01 00:26:20.630400,1,0,2.0
1970-01-01 00:26:20.634000,1,0,2.0
1970-01-01 00:26:20.666400,0,1,2.0
1970-01-01 00:26:20.673600,0,1,2.0
1970-01-01 00:26:20.677200,0,1,2.0
1970-01-01 00:26:20.684400,1,0,2.0
1970-01-01 00:26:20.774400,0,1,2.0
1970-01-01 00:26:20.781600,0,1,2.0
1970-01-01 00:26:20.785200,0,1,2.0
1970-01-01 00:26:20.788800,0,1,2.0
1970-01-01 00:26:20.792400,0,1,2.0
1970-01-01 00:26:20.796000,0,1,2.0
1970-01-01 00:26:20.799600,0,1,2.0
1970-01-01 00:26:20.857200,1,0,2.0
1970-01-01 00:26:20.864400,1,0,2.0
1970-01-01 00:26:20.868000,1,0,2.0
1970-01-01 00:26:20.871600,1,0,2.0
1970-01-01 00:26:20.875200,1,0,2.0
1970-01-01 00:26:20.878800,1,0,2.0
1970-01-01 00:26:20.882400,1,0,2.0
1970-01-01 00:26:20.886000,1,0,2.0
1970-01-01 00:26:20.889600,1,0,2.0
1970-01-01 00:26:20.893200,1,0,2.0
1970-01-01 00:26:20.896800,1,0,2.0
1970-01-01 00:26:20.900400,1,0,2.0
1970-01-01 00:26:20.904000,1,0,2.0
1970-01-01 00:26:20.907600,1,0,2.0
1970-01-01 00:26:20.911200,1,0,2.0
1970-01-01 00:26:20.936400,0,1,2.0
1970-01-01 00:26:20.940000,0,0,2.0
1970-01-01 00:26:20.943600,0,0,2.0
1970-01-01 00:26:20.947200,1,0,2.0
1970-01-01 00:26:20.950800,1,0,2.0
1970-01-01 00:26:20.954400,1,0,2.0
1970-01-01 00:26:20.986800,0,1,2.0
1970-01-01 00:26:20.990400,0,1,2.0
1970-01-01 00:26:21.112800,0,1,2.0
1970-01-01 00:26:21.116400,0,1,2.0
1970-01-01 00:26:21.120000,0,1,2.0
1970-01-01 00:26:21.123600,0,1,2.0
1970-01-01 00:26:21.127200,1,0,2.0
1970-01-01 00:26:21.130800,1,0,2.0
1970-01-01 00:26:21.134400,1,0,2.0
1970-01-01 00:26:21.138000,1,0,2.0
1970-01-01 00:26:21.141600,1,0,2.0
1970-01-01 00:26:21.145200,1,0,2.0
1970-01-01 00:26:21.156000,1,0,2.0
1970-01-01 00:26:21.163200,1,0,2.0
1970-01-01 00:26:21.166800,1,0,2.0
1970-01-01 00:26:21.231600,0,1,2.0
1970-01-01 00:26:21.235200,0,1,2.0
1970-01-01 00:26:21.242400,0,1,2.0
1970-01-01 00:26:21.285600,0,1,2.0
1970-01-01 00:26:21.289200,0,1,2.0
1970-01-01 00:26:21.292800,0,1,2.0
1970-01-01 00:26:21.296400,0,1,2.0
1970-01-01 00:26:21.300000,0,1,2.0
1970-01-01 00:26:21.303600,0,1,2.0
1970-01-01 00:26:21.307200,0,1,2.0
1970-01-01 00:26:21.318000,0,1,2.0
1970-01-01 00:26:21.397200,1,0,2.0
1970-01-01 00:26:21.400800,1,0,2.0
1970-01-01 00:26:21.404400,1,0,2.0
1970-01-01 00:26:21.411600,1,0,2.0
1970-01-01 00:26:21.415200,1,0,2.0
1970-01-01 00:26:21.418800,1,0,2.0
1970-01-01 00:26:21.422400,1,0,2.0
1970-01-01 00:26:21.426000,1,0,2.0
1970-01-01 00:26:21.429600,1,0,2.0
1970-01-01 00:26:21.454800,1,0,2.0
1970-01-01 00:26:21.458400,1,0,2.0
1970-01-01 00:26:21.462000,1,0,2.0
1970-01-01 00:26:21.498000,1,0,2.0
1970-01-01 00:26:21.508800,1,0,2.0
1970-01-01 00:26:21.512400,1,0,2.0
1970-01-01 00:26:21.516000,1,0,2.0
1970-01-01 00:26:21.519600,1,0,2.0
1970-01-01 00:26:21.523200,1,0,2.0
1970-01-01 00:26:21.526800,1,0,2.0
1970-01-01 00:26:21.541200,1,0,2.0
1970-01-01 00:26:21.544800,1,0,2.0
1970-01-01 00:26:21.548400,1,0,2.0
1970-01-01 00:26:21.559200,0,1,2.0
1970-01-01 00:26:21.562800,0,1,2.0
1970-01-01 00:26:21.566400,0,1,2.0
1970-01-01 00:26:21.570000,0,1,2.0
1970-01-01 00:26:21.573600,0,1,2.0
1970-01-01 00:26:21.656400,1,0,2.0
1970-01-01 00:26:21.660000,1,0,2.0
1970-01-01 00:26:21.663600,1,0,2.0
1970-01-01 00:26:21.710400,0,1,2.0
1970-01-01 00:26:21.714000,0,1,2.0
1970-01-01 00:26:21.717600,0,1,2.0
1970-01-01 00:26:21.721200,0,1,2.0
1970-01-01 00:26:21.724800,0,1,2.0
1970-01-01 00:26:21.742800,1,0,2.0
1970-01-01 00:26:21.750000,1,0,2.0
1970-01-01 00:26:21.757200,0,1,2.0
1970-01-01 00:26:21.760800,0,1,2.0
1970-01-01 00:26:21.764400,0,1,2.0
1970-01-01 00:26:21.768000,0,1,2.0
1970-01-01 00:26:21.771600,0,1,2.0
1970-01-01 00:26:21.775200,0,1,2.0
1970-01-01 00:26:21.778800,0,1,2.0
1970-01-01 00:26:21.796800,1,0,2.0
1970-01-01 00:26:21.800400,1,0,2.0
1970-01-01 00:26:21.804000,1,0,2.0
1970-01-01 00:26:21.807600,1,0,2.0
1970-01-01 00:26:21.840000,0,1,2.0
1970-01-01 00:26:21.843600,0,1,2.0
1970-01-01 00:26:21.847200,0,1,2.0
1970-01-01 00:26:21.850800,0,1,2.0
1970-01-01 00:26:21.854400,0,1,2.0
1970-01-01 00:26:21.858000,0,1,2.0
1970-01-01 00:26:21.861600,0,1,2.0
1970-01-01 00:26:21.865200,0,1,2.0
1970-01-01 00:26:21.868800,1,0,2.0
1970-01-01 00:26:21.872400,1,0,2.0
1970-01-01 00:26:21.879600,1,0,2.0
1970-01-01 00:26:21.890400,0,1,2.0
1970-01-01 00:26:21.894000,0,1,2.0
1970-01-01 00:26:21.933600,1,0,2.0
1970-01-01 00:26:21.944400,1,0,2.0
1970-01-01 00:26:21.976800,1,0,2.0
1970-01-01 00:26:21.998400,0,1,2.0
1970-01-01 00:26:22.009200,0,1,2.0
1970-01-01 00:26:22.012800,0,1,2.0
1970-01-01 00:26:22.027200,1,0,2.0
1970-01-01 00:26:22.030800,1,0,2.0
1970-01-01 00:26:22.034400,1,0,2.0
1970-01-01 00:26:22.038000,1,0,2.0
1970-01-01 00:26:22.041600,1,0,2.0
1970-01-01 00:26:22.045200,1,0,2.0
1970-01-01 00:26:22.048800,1,0,2.0
1970-01-01 00:26:22.124400,0,1,2.0
1970-01-01 00:26:22.128000,0,1,2.0
1970-01-01 00:26:22.131600,0,1,2.0
1970-01-01 00:26:22.135200,0,1,2.0
1970-01-01 00:26:22.138800,0,1,2.0
1970-01-01 00:26:22.142400,0,1,2.0
1970-01-01 00:26:22.225200,1,0,2.0
1970-01-01 00:26:22.228800,1,0,2.0
1970-01-01 00:26:22.232400,1,0,2.0
1970-01-01 00:26:22.236000,1,0,2.0
1970-01-01 00:26:22.239600,1,0,2.0
1970-01-01 00:26:22.243200,1,0,2.0
1970-01-01 00:26:22.264800,1,0,2.0
1970-01-01 00:26:22.268400,1,0,2.0
1970-01-01 00:26:22.272000,1,0,2.0
1970-01-01 00:26:22.275600,1,0,2.0
1970-01-01 00:26:22.279200,1,0,2.0
1970-01-01 00:26:22.282800,1,0,2.0
1970-01-01 00:26:22.300800,0,1,2.0
1970-01-01 00:26:22.351200,1,0,2.0
1970-01-01 00:26:22.354800,1,0,2.0
1970-01-01 00:26:22.412400,1,0,2.0
1970-01-01 00:26:22.416000,1,0,2.0
1970-01-01 00:26:22.419600,1,0,2.0
1970-01-01 00:26:22.423200,1,0,2.0
1970-01-01 00:26:22.426800,1,0,2.0
1970-01-01 00:26:22.430400,1,0,2.0
1970-01-01 00:26:22.491600,0,1,2.0
1970-01-01 00:26:22.495200,0,1,2.0
1970-01-01 00:26:22.498800,0,1,2.0
1970-01-01 00:26:22.502400,0,1,2.0
1970-01-01 00:26:22.506000,0,1,2.0
1970-01-01 00:26:22.542000,0,1,2.0
1970-01-01 00:26:22.545600,0,1,2.0
1970-01-01 00:26:22.549200,0,1,2.0
1970-01-01 00:26:22.552800,0,1,2.0
1970-01-01 00:26:22.556400,0,1,2.0
1970-01-01 00:26:22.560000,0,1,2.0
1970-01-01 00:26:22.563600,1,0,2.0
1970-01-01 00:26:22.567200,1,0,2.0
1970-01-01 00:26:22.621200,0,1,2.0
1970-01-01 00:26:22.624800,0,1,2.0
1970-01-01 00:26:22.628400,0,1,2.0
1970-01-01 00:26:22.632000,0,1,2.0
1970-01-01 00:26:22.635600,0,1,2.0
1970-01-01 00:26:22.664400,0,1,2.0
1970-01-01 00:26:22.668000,0,1,2.0
1970-01-01 00:26:22.693200,0,1,2.0
1970-01-01 00:26:22.696800,0,1,2.0
1970-01-01 00:26:22.700400,0,1,2.0
1970-01-01 00:26:22.704000,0,1,2.0
1970-01-01 00:26:22.707600,0,1,2.0
1970-01-01 00:26:22.711200,0,1,2.0
1970-01-01 00:26:22.714800,0,1,2.0
1970-01-01 00:26:22.718400,0,1,2.0
1970-01-01 00:26:22.722000,0,1,2.0
1970-01-01 00:26:22.725600,0,1,2.0
1970-01-01 00:26:22.729200,0,1,2.0
1970-01-01 00:26:22.797600,1,0,2.0
1970-01-01 00:26:22.801200,1,0,2.0
1970-01-01 00:26:22.804800,1,0,2.0
1970-01-01 00:26:22.819200,0,1,2.0
1970-01-01 00:26:22.822800,0,1,2.0
1970-01-01 00:26:22.826400,0,1,2.0
1970-01-01 00:26:22.830000,0,1,2.0
1970-01-01 00:26:22.833600,0,1,2.0
1970-01-01 00:26:22.851600,0,1,2.0
1970-01-01 00:26:22.855200,0,1,2.0
1970-01-01 00:26:22.858800,0,1,2.0
1970-01-01 00:26:22.862400,0,1,2.0
1970-01-01 00:26:22.866000,0,1,2.0
1970-01-01 00:26:22.869600,0,1,2.0
1970-01-01 00:26:22.873200,0,1,2.0
1970-01-01 00:26:22.912800,1,0,2.0
1970-01-01 00:26:22.916400,1,0,2.0
1970-01-01 00:26:22.948800,0,1,2.0
1970-01-01 00:26:22.952400,0,1,2.0
1970-01-01 00:26:22.959600,0,1,2.0
1970-01-01 00:26:22.963200,0,1,2.0
1970-01-01 00:26:23.002800,0,1,2.0
1970-01-01 00:26:23.017200,1,0,2.0
1970-01-01 00:26:23.060400,0,1,2.0
1970-01-01 00:26:23.064000,0,1,2.0
1970-01-01 00:26:23.067600,0,1,2.0
1970-01-01 00:26:23.071200,0,1,2.0
1970-01-01 00:26:23.074800,0,1,2.0
1970-01-01 00:26:23.085600,1,0,2.0
1970-01-01 00:26:23.118000,1,0,2.0
1970-01-01 00:26:23.128800,1,0,2.0
1970-01-01 00:26:23.132400,1,0,2.0
1970-01-01 00:26:23.136000,1,0,2.0
1970-01-01 00:26:23.143200,1,0,2.0
1970-01-01 00:26:23.146800,1,0,2.0
1970-01-01 00:26:23.150400,1,0,2.0
1970-01-01 00:26:23.154000,1,0,2.0
1970-01-01 00:26:23.157600,1,0,2.0
1970-01-01 00:26:23.161200,1,0,2.0
1970-01-01 00:26:23.172000,0,1,2.0
1970-01-01 00:26:23.175600,0,1,2.0
1970-01-01 00:26:23.179200,0,1,2.0
1970-01-01 00:26:23.182800,0,1,2.0
1970-01-01 00:26:23.215200,1,0,2.0
1970-01-01 00:26:23.218800,1,0,2.0
1970-01-01 00:26:23.222400,1,0,2.0
1970-01-01 00:26:23.229600,0,1,2.0
1970-01-01 00:26:23.233200,0,1,2.0
1970-01-01 00:26:23.294400,0,1,2.0
1970-01-01 00:26:23.298000,0,1,2.0
1970-01-01 00:26:23.326800,0,1,2.0
1970-01-01 00:26:23.344800,1,0,2.0
1970-01-01 00:26:23.348400,1,0,2.0
1970-01-01 00:26:23.352000,1,0,2.0
1970-01-01 00:26:23.355600,1,0,2.0
1970-01-01 00:26:23.362800,1,0,2.0
1970-01-01 00:26:23.377200,1,0,2.0
1970-01-01 00:26:23.380800,1,0,2.0
1970-01-01 00:26:23.384400,1,0,2.0
1970-01-01 00:26:23.388000,1,0,2.0
1970-01-01 00:26:23.391600,1,0,2.0
1970-01-01 00:26:23.395200,1,0,2.0
1970-01-01 00:26:23.416800,1,0,2.0
1970-01-01 00:26:23.427600,0,1,2.0
1970-01-01 00:26:23.431200,0,1,2.0
1970-01-01 00:26:23.434800,0,1,2.0
1970-01-01 00:26:23.452800,1,0,2.0
1970-01-01 00:26:23.460000,1,0,2.0
1970-01-01 00:26:23.463600,1,0,2.0
1970-01-01 00:26:23.467200,1,0,2.0
1970-01-01 00:26:23.488800,0,1,2.0
1970-01-01 00:26:23.492400,0,1,2.0
1970-01-01 00:26:23.506800,1,0,2.0
1970-01-01 00:26:23.517600,1,0,2.0
1970-01-01 00:26:23.568000,0,1,2.0
1970-01-01 00:26:23.571600,0,1,2.0
1970-01-01 00:26:23.575200,0,1,2.0
1970-01-01 00:26:23.578800,0,1,2.0
1970-01-01 00:26:23.582400,0,1,2.0
1970-01-01 00:26:23.586000,0,1,2.0
1970-01-01 00:26:23.589600,0,1,2.0
1970-01-01 00:26:23.593200,0,1,2.0
1970-01-01 00:26:23.596800,0,1,2.0
1970-01-01 00:26:23.604000,0,1,2.0
1970-01-01 00:26:23.607600,0,1,2.0
1970-01-01 00:26:23.611200,0,1,2.0
1970-01-01 00:26:23.614800,0,1,2.0
1970-01-01 00:26:23.618400,0,1,2.0
1970-01-01 00:26:23.622000,0,1,2.0
1970-01-01 00:26:23.650800,0,1,2.0
1970-01-01 00:26:23.654400,0,1,2.0
1970-01-01 00:26:23.658000,0,1,2.0
1970-01-01 00:26:23.661600,0,1,2.0
1970-01-01 00:26:23.665200,0,1,2.0
1970-01-01 00:26:23.668800,0,1,2.0
1970-01-01 00:26:23.672400,0,1,2.0
1970-01-01 00:26:23.676000,0,1,2.0
1970-01-01 00:26:23.686800,0,1,2.0
1970-01-01 00:26:23.690400,0,1,2.0
1970-01-01 00:26:23.694000,0,1,2.0
1970-01-01 00:26:23.740800,0,1,2.0
1970-01-01 00:26:23.776800,1,0,2.0
1970-01-01 00:26:23.820000,1,0,2.0
1970-01-01 00:26:23.823600,1,0,2.0
1970-01-01 00:26:23.827200,1,0,2.0
1970-01-01 00:26:23.830800,1,0,2.0
1970-01-01 00:26:23.834400,0,1,2.0
1970-01-01 00:26:23.838000,0,1,2.0
1970-01-01 00:26:23.841600,0,1,2.0
1970-01-01 00:26:23.845200,0,1,2.0
1970-01-01 00:26:23.848800,0,1,2.0
1970-01-01 00:26:23.852400,1,0,2.0
1970-01-01 00:26:23.895600,0,1,2.0
1970-01-01 00:26:23.899200,0,1,2.0
1970-01-01 00:26:23.902800,0,1,2.0
1970-01-01 00:26:23.906400,0,1,2.0
1970-01-01 00:26:23.910000,0,1,2.0
1970-01-01 00:26:23.913600,0,1,2.0
1970-01-01 00:26:23.917200,0,1,2.0
1970-01-01 00:26:23.924400,0,1,2.0
1970-01-01 00:26:23.928000,0,1,2.0
1970-01-01 00:26:23.931600,0,1,2.0
1970-01-01 00:26:23.942400,0,0,2.0
1970-01-01 00:26:23.946000,1,0,2.0
1970-01-01 00:26:23.956800,0,1,2.0
1970-01-01 00:26:23.960400,0,1,2.0
1970-01-01 00:26:23.964000,0,1,2.0
1970-01-01 00:26:23.967600,0,1,2.0
1970-01-01 00:26:23.971200,0,1,2.0
1970-01-01 00:26:23.974800,0,1,2.0
1970-01-01 00:26:23.978400,0,1,2.0
1970-01-01 00:26:23.982000,0,1,2.0
1970-01-01 00:26:23.985600,0,1,2.0
1970-01-01 00:26:23.989200,0,1,2.0
1970-01-01 00:26:23.992800,0,1,2.0
1970-01-01 00:26:23.996400,0,1,2.0
1970-01-01 00:26:24.000000,0,1,2.0
1970-01-01 00:26:24.003600,0,1,2.0
1970-01-01 00:26:24.032400,0,1,2.0
1970-01-01 00:26:24.036000,0,1,2.0
1970-01-01 00:26:24.039600,0,1,2.0
1970-01-01 00:26:24.043200,0,1,2.0
1970-01-01 00:26:24.046800,0,1,2.0
1970-01-01 00:26:24.050400,0,1,2.0
1970-01-01 00:26:24.061200,1,0,2.0
1970-01-01 00:26:24.072000,1,0,2.0
1970-01-01 00:26:24.234000,1,0,2.0
1970-01-01 00:26:24.284400,1,0,2.0
1970-01-01 00:26:24.288000,1,0,2.0
1970-01-01 00:26:24.291600,1,0,2.0
1970-01-01 00:26:24.295200,1,0,2.0
1970-01-01 00:26:24.298800,1,0,2.0
1970-01-01 00:26:24.302400,1,0,2.0
1970-01-01 00:26:24.306000,0,1,2.0
1970-01-01 00:26:24.313200,0,1,2.0
1970-01-01 00:26:24.316800,0,1,2.0
1970-01-01 00:26:24.320400,0,1,2.0
1970-01-01 00:26:24.324000,0,1,2.0
1970-01-01 00:26:24.327600,0,1,2.0
1970-01-01 00:26:24.331200,0,1,2.0
1970-01-01 00:26:24.334800,0,1,2.0
1970-01-01 00:26:24.338400,0,1,2.0
1970-01-01 00:26:24.345600,0,1,2.0
1970-01-01 00:26:24.349200,0,0,2.0
1970-01-01 00:26:24.352800,1,0,2.0
1970-01-01 00:26:24.356400,1,0,2.0
1970-01-01 00:26:24.360000,1,0,2.0
1970-01-01 00:26:24.388800,1,0,2.0
1970-01-01 00:26:24.392400,1,0,2.0
1970-01-01 00:26:24.396000,1,0,2.0
1970-01-01 00:26:24.428400,0,1,2.0
1970-01-01 00:26:24.450000,1,0,2.0
1970-01-01 00:26:24.493200,0,1,2.0
1970-01-01 00:26:24.496800,0,1,2.0
1970-01-01 00:26:24.500400,0,1,2.0
1970-01-01 00:26:24.504000,0,1,2.0
1970-01-01 00:26:24.514800,1,0,2.0
1970-01-01 00:26:24.525600,1,0,2.0
1970-01-01 00:26:24.532800,1,0,2.0
1970-01-01 00:26:24.586800,1,0,2.0
1970-01-01 00:26:24.590400,1,0,2.0
1970-01-01 00:26:24.597600,1,0,2.0
1970-01-01 00:26:24.601200,1,0,2.0
1970-01-01 00:26:24.604800,1,0,2.0
1970-01-01 00:26:24.608400,1,0,2.0
1970-01-01 00:26:24.612000,1,0,2.0
1970-01-01 00:26:24.615600,1,0,2.0
1970-01-01 00:26:24.619200,1,0,2.0
1970-01-01 00:26:24.622800,1,0,2.0
1970-01-01 00:26:24.626400,1,0,2.0
1970-01-01 00:26:24.630000,1,0,2.0
1970-01-01 00:26:24.669600,1,0,2.0
1970-01-01 00:26:24.673200,1,0,2.0
1970-01-01 00:26:24.676800,1,0,2.0
1970-01-01 00:26:24.680400,1,0,2.0
1970-01-01 00:26:24.684000,1,0,2.0
1970-01-01 00:26:24.687600,1,0,2.0
1970-01-01 00:26:24.698400,0,1,2.0
1970-01-01 00:26:24.705600,0,1,2.0
1970-01-01 00:26:24.709200,0,1,2.0
1970-01-01 00:26:24.712800,0,1,2.0
1970-01-01 00:26:24.716400,0,1,2.0
1970-01-01 00:26:24.720000,0,1,2.0
1970-01-01 00:26:24.723600,0,1,2.0
1970-01-01 00:26:24.734400,1,0,2.0
1970-01-01 00:26:24.810000,1,0,2.0
1970-01-01 00:26:24.856800,0,1,2.0
1970-01-01 00:26:24.860400,0,1,2.0
1970-01-01 00:26:24.864000,0,1,2.0
1970-01-01 00:26:24.867600,0,1,2.0
1970-01-01 00:26:24.871200,0,1,2.0
1970-01-01 00:26:24.874800,0,1,2.0
1970-01-01 00:26:24.882000,0,1,2.0
1970-01-01 00:26:24.885600,0,1,2.0
1970-01-01 00:26:24.943200,1,0,2.0
1970-01-01 00:26:24.946800,1,0,2.0
1970-01-01 00:26:24.950400,1,0,2.0
1970-01-01 00:26:24.954000,1,0,2.0
1970-01-01 00:26:24.957600,1,0,2.0
1970-01-01 00:26:24.961200,1,0,2.0
1970-01-01 00:26:25.018800,1,0,2.0
1970-01-01 00:26:25.022400,1,0,2.0
1970-01-01 00:26:25.026000,1,0,2.0
1970-01-01 00:26:25.029600,1,0,2.0
1970-01-01 00:26:25.033200,1,0,2.0
1970-01-01 00:26:25.065600,1,0,2.0
1970-01-01 00:26:25.087200,0,1,2.0
1970-01-01 00:26:25.090800,0,1,2.0
1970-01-01 00:26:25.094400,0,1,2.0
1970-01-01 00:26:25.105200,1,0,2.0
1970-01-01 00:26:25.112400,0,1,2.0
1970-01-01 00:26:25.116000,0,1,2.0
1970-01-01 00:26:25.119600,0,1,2.0
1970-01-01 00:26:25.123200,0,1,2.0
1970-01-01 00:26:25.126800,0,1,2.0
1970-01-01 00:26:25.191600,0,1,2.0
1970-01-01 00:26:25.195200,0,1,2.0
1970-01-01 00:26:25.242000,1,0,2.0
1970-01-01 00:26:25.245600,1,0,2.0
1970-01-01 00:26:25.249200,1,0,2.0
1970-01-01 00:26:25.252800,1,0,2.0
1970-01-01 00:26:25.256400,1,0,2.0
1970-01-01 00:26:25.260000,1,0,2.0
1970-01-01 00:26:25.292400,0,1,2.0
1970-01-01 00:26:25.328400,0,1,2.0
1970-01-01 00:26:25.332000,0,1,2.0
1970-01-01 00:26:25.335600,0,1,2.0
1970-01-01 00:26:25.339200,0,1,2.0
1970-01-01 00:26:25.342800,0,1,2.0
1970-01-01 00:26:25.346400,0,1,2.0
1970-01-01 00:26:25.414800,1,0,2.0
1970-01-01 00:26:25.418400,1,0,2.0
1970-01-01 00:26:25.486800,0,1,2.0
1970-01-01 00:26:25.490400,0,1,2.0
1970-01-01 00:26:25.494000,0,1,2.0
1970-01-01 00:26:25.497600,0,1,2.0
1970-01-01 00:26:25.501200,0,1,2.0
1970-01-01 00:26:25.504800,0,1,2.0
1970-01-01 00:26:25.522800,1,0,2.0
1970-01-01 00:26:25.526400,1,0,2.0
1970-01-01 00:26:25.530000,1,0,2.0
1970-01-01 00:26:25.533600,1,0,2.0
1970-01-01 00:26:25.537200,1,0,2.0
1970-01-01 00:26:25.540800,1,0,2.0
1970-01-01 00:26:25.544400,1,0,2.0
1970-01-01 00:26:25.548000,1,0,2.0
1970-01-01 00:26:25.684800,0,1,2.0
1970-01-01 00:26:25.688400,0,1,2.0
1970-01-01 00:26:25.692000,0,1,2.0
1970-01-01 00:26:25.720800,0,1,2.0
1970-01-01 00:26:25.724400,0,1,2.0
1970-01-01 00:26:25.728000,0,1,2.0
1970-01-01 00:26:25.735200,0,1,2.0
1970-01-01 00:26:25.738800,0,1,2.0
1970-01-01 00:26:25.756800,1,0,2.0
1970-01-01 00:26:25.760400,1,0,2.0
1970-01-01 00:26:25.764000,1,0,2.0
1970-01-01 00:26:25.767600,1,0,2.0
1970-01-01 00:26:25.771200,1,0,2.0
1970-01-01 00:26:25.774800,1,0,2.0
1970-01-01 00:26:25.821600,1,0,2.0
1970-01-01 00:26:25.825200,1,0,2.0
1970-01-01 00:26:25.828800,1,0,2.0
1970-01-01 00:26:25.832400,1,0,2.0
1970-01-01 00:26:25.836000,1,0,2.0
1970-01-01 00:26:25.839600,1,0,2.0
1970-01-01 00:26:25.843200,0,1,2.0
1970-01-01 00:26:25.846800,0,1,2.0
1970-01-01 00:26:25.908000,0,1,2.0
1970-01-01 00:26:25.911600,0,1,2.0
1970-01-01 00:26:25.980000,1,0,2.0
1970-01-01 00:26:25.983600,1,0,2.0
1970-01-01 00:26:25.990800,0,1,2.0
1970-01-01 00:26:25.994400,0,1,2.0
1970-01-01 00:26:26.091600,0,1,2.0
1970-01-01 00:26:26.098800,0,1,2.0
1970-01-01 00:26:26.120400,1,0,2.0
1970-01-01 00:26:26.124000,1,0,2.0
1970-01-01 00:26:26.127600,1,0,2.0
1970-01-01 00:26:26.131200,1,0,2.0
1970-01-01 00:26:26.134800,1,0,2.0
1970-01-01 00:26:26.138400,1,0,2.0
1970-01-01 00:26:26.142000,1,0,2.0
1970-01-01 00:26:26.145600,1,0,2.0
1970-01-01 00:26:26.152800,1,0,2.0
1970-01-01 00:26:26.156400,1,0,2.0
1970-01-01 00:26:26.160000,1,0,2.0
1970-01-01 00:26:26.163600,1,0,2.0
1970-01-01 00:26:26.167200,1,0,2.0
1970-01-01 00:26:26.170800,1,0,2.0
1970-01-01 00:26:26.174400,1,0,2.0
1970-01-01 00:26:26.178000,1,0,2.0
1970-01-01 00:26:26.181600,1,0,2.0
1970-01-01 00:26:26.185200,1,0,2.0
1970-01-01 00:26:26.196000,1,0,2.0
1970-01-01 00:26:26.199600,1,0,2.0
1970-01-01 00:26:26.203200,1,0,2.0
1970-01-01 00:26:26.210400,1,0,2.0
1970-01-01 00:26:26.224800,1,0,2.0
1970-01-01 00:26:26.232000,1,0,2.0
1970-01-01 00:26:26.268000,0,1,2.0
1970-01-01 00:26:26.271600,0,1,2.0
1970-01-01 00:26:26.275200,0,1,2.0
1970-01-01 00:26:26.278800,0,1,2.0
1970-01-01 00:26:26.282400,0,1,2.0
1970-01-01 00:26:26.286000,0,1,2.0
1970-01-01 00:26:26.289600,1,0,2.0
1970-01-01 00:26:26.293200,1,0,2.0
1970-01-01 00:26:26.296800,1,0,2.0
1970-01-01 00:26:26.300400,1,0,2.0
1970-01-01 00:26:26.304000,1,0,2.0
1970-01-01 00:26:26.307600,1,0,2.0
1970-01-01 00:26:26.322000,0,1,2.0
1970-01-01 00:26:26.412000,0,1,2.0
1970-01-01 00:26:26.415600,0,1,2.0
1970-01-01 00:26:26.419200,0,1,2.0
1970-01-01 00:26:26.430000,1,0,2.0
1970-01-01 00:26:26.466000,0,1,2.0
1970-01-01 00:26:26.469600,0,1,2.0
1970-01-01 00:26:26.473200,0,1,2.0
1970-01-01 00:26:26.476800,0,1,2.0
1970-01-01 00:26:26.480400,0,1,2.0
1970-01-01 00:26:26.484000,0,1,2.0
1970-01-01 00:26:26.487600,0,1,2.0
1970-01-01 00:26:26.491200,0,1,2.0
1970-01-01 00:26:26.498400,0,1,2.0
1970-01-01 00:26:26.509200,0,1,2.0
1970-01-01 00:26:26.512800,0,1,2.0
1970-01-01 00:26:26.516400,0,1,2.0
1970-01-01 00:26:26.520000,0,1,2.0
1970-01-01 00:26:26.523600,0,1,2.0
1970-01-01 00:26:26.617200,0,1,2.0
1970-01-01 00:26:26.635200,1,0,2.0
1970-01-01 00:26:26.671200,1,0,2.0
1970-01-01 00:26:26.674800,1,0,2.0
1970-01-01 00:26:26.678400,1,0,2.0
1970-01-01 00:26:26.682000,1,0,2.0
1970-01-01 00:26:26.685600,1,0,2.0
1970-01-01 00:26:26.689200,1,0,2.0
1970-01-01 00:26:26.692800,1,0,2.0
1970-01-01 00:26:26.696400,1,0,2.0
1970-01-01 00:26:26.700000,1,0,2.0
1970-01-01 00:26:26.707200,0,1,2.0
1970-01-01 00:26:26.710800,0,1,2.0
1970-01-01 00:26:26.714400,0,1,2.0
1970-01-01 00:26:26.718000,0,1,2.0
1970-01-01 00:26:26.721600,0,1,2.0
1970-01-01 00:26:26.725200,0,1,2.0
1970-01-01 00:26:26.728800,0,1,2.0
1970-01-01 00:26:26.732400,0,1,2.0
1970-01-01 00:26:26.793600,1,0,2.0
1970-01-01 00:26:26.797200,1,0,2.0
1970-01-01 00:26:26.800800,1,0,2.0
1970-01-01 00:26:26.836800,0,1,2.0
1970-01-01 00:26:26.840400,0,1,2.0
1970-01-01 00:26:26.858400,1,0,2.0
1970-01-01 00:26:26.862000,1,0,2.0
1970-01-01 00:26:26.865600,1,0,2.0
1970-01-01 00:26:26.887200,0,1,2.0
1970-01-01 00:26:26.908800,1,0,2.0
1970-01-01 00:26:26.923200,0,1,2.0
1970-01-01 00:26:26.926800,0,1,2.0
1970-01-01 00:26:26.930400,0,1,2.0
1970-01-01 00:26:26.934000,0,1,2.0
1970-01-01 00:26:26.937600,0,1,2.0
1970-01-01 00:26:26.941200,0,1,2.0
1970-01-01 00:26:26.970000,0,1,2.0
1970-01-01 00:26:26.973600,0,1,2.0
1970-01-01 00:26:26.977200,0,1,2.0
1970-01-01 00:26:26.980800,0,1,2.0
1970-01-01 00:26:26.984400,0,1,2.0
1970-01-01 00:26:26.988000,0,1,2.0
1970-01-01 00:26:26.998800,1,0,2.0
1970-01-01 00:26:27.002400,1,0,2.0
1970-01-01 00:26:27.006000,1,0,2.0
1970-01-01 00:26:27.009600,1,0,2.0
1970-01-01 00:26:27.013200,1,0,2.0
1970-01-01 00:26:27.016800,1,0,2.0
1970-01-01 00:26:27.020400,1,0,2.0
1970-01-01 00:26:27.074400,0,1,2.0
1970-01-01 00:26:27.193200,1,0,2.0
1970-01-01 00:26:27.196800,1,0,2.0
1970-01-01 00:26:27.200400,1,0,2.0
1970-01-01 00:26:27.204000,1,0,2.0
1970-01-01 00:26:27.207600,1,0,2.0
1970-01-01 00:26:27.211200,1,0,2.0
1970-01-01 00:26:27.229200,1,0,2.0
1970-01-01 00:26:27.250800,0,1,2.0
1970-01-01 00:26:27.254400,0,1,2.0
1970-01-01 00:26:27.258000,0,1,2.0
1970-01-01 00:26:27.261600,0,1,2.0
1970-01-01 00:26:27.265200,0,1,2.0
1970-01-01 00:26:27.268800,0,1,2.0
1970-01-01 00:26:27.286800,0,1,2.0
1970-01-01 00:26:27.290400,0,1,2.0
1970-01-01 00:26:27.294000,0,1,2.0
1970-01-01 00:26:27.297600,0,1,2.0
1970-01-01 00:26:27.330000,0,1,2.0
1970-01-01 00:26:27.355200,0,1,2.0
1970-01-01 00:26:27.358800,0,1,2.0
1970-01-01 00:26:27.362400,0,1,2.0
1970-01-01 00:26:27.366000,0,1,2.0
1970-01-01 00:26:27.369600,0,1,2.0
1970-01-01 00:26:27.373200,0,1,2.0
1970-01-01 00:26:27.376800,0,1,2.0
1970-01-01 00:26:27.384000,0,1,2.0
1970-01-01 00:26:27.387600,0,1,2.0
1970-01-01 00:26:27.391200,0,1,2.0
1970-01-01 00:26:27.394800,0,1,2.0
1970-01-01 00:26:27.398400,0,1,2.0
1970-01-01 00:26:27.402000,0,1,2.0
1970-01-01 00:26:27.466800,1,0,2.0
1970-01-01 00:26:27.470400,1,0,2.0
1970-01-01 00:26:27.474000,1,0,2.0
1970-01-01 00:26:27.538800,1,0,2.0
1970-01-01 00:26:27.542400,1,0,2.0
1970-01-01 00:26:27.546000,1,0,2.0
1970-01-01 00:26:27.549600,1,0,2.0
1970-01-01 00:26:27.553200,1,0,2.0
1970-01-01 00:26:27.556800,1,0,2.0
1970-01-01 00:26:27.589200,1,0,2.0
1970-01-01 00:26:27.603600,0,1,2.0
1970-01-01 00:26:27.614400,0,1,2.0
1970-01-01 00:26:27.621600,1,0,2.0
1970-01-01 00:26:27.625200,1,0,2.0
1970-01-01 00:26:27.628800,1,0,2.0
1970-01-01 00:26:27.632400,1,0,2.0
1970-01-01 00:26:27.636000,1,0,2.0
1970-01-01 00:26:27.639600,1,0,2.0
1970-01-01 00:26:27.643200,1,0,2.0
1970-01-01 00:26:27.646800,1,0,2.0
1970-01-01 00:26:27.693600,1,0,2.0
1970-01-01 00:26:27.697200,1,0,2.0
1970-01-01 00:26:27.700800,1,0,2.0
1970-01-01 00:26:27.704400,1,0,2.0
1970-01-01 00:26:27.708000,1,0,2.0
1970-01-01 00:26:27.711600,1,0,2.0
1970-01-01 00:26:27.715200,0,1,2.0
1970-01-01 00:26:27.769200,1,0,2.0
1970-01-01 00:26:27.772800,1,0,2.0
1970-01-01 00:26:27.776400,1,0,2.0
1970-01-01 00:26:27.780000,1,0,2.0
1970-01-01 00:26:27.790800,0,1,2.0
1970-01-01 00:26:27.794400,0,1,2.0
1970-01-01 00:26:27.819600,0,1,2.0
1970-01-01 00:26:27.877200,1,0,2.0
1970-01-01 00:26:27.880800,1,0,2.0
1970-01-01 00:26:27.884400,1,0,2.0
1970-01-01 00:26:27.888000,1,0,2.0
1970-01-01 00:26:27.898800,0,1,2.0
1970-01-01 00:26:27.902400,0,1,2.0
1970-01-01 00:26:27.906000,0,1,2.0
1970-01-01 00:26:27.909600,0,1,2.0
1970-01-01 00:26:27.960000,0,1,2.0
1970-01-01 00:26:27.974400,0,1,2.0
1970-01-01 00:26:27.978000,0,1,2.0
1970-01-01 00:26:27.981600,0,1,2.0
1970-01-01 00:26:27.985200,0,1,2.0
1970-01-01 00:26:27.988800,0,1,2.0
1970-01-01 00:26:28.003200,1,0,2.0
1970-01-01 00:26:28.006800,1,0,2.0
1970-01-01 00:26:28.024800,0,1,2.0
1970-01-01 00:26:28.028400,0,1,2.0
1970-01-01 00:26:28.046400,1,0,2.0
1970-01-01 00:26:28.050000,1,0,2.0
1970-01-01 00:26:28.053600,1,0,2.0
1970-01-01 00:26:28.057200,1,0,2.0
1970-01-01 00:26:28.060800,1,0,2.0
1970-01-01 00:26:28.068000,0,1,2.0
1970-01-01 00:26:28.082400,1,0,2.0
1970-01-01 00:26:28.093200,1,0,2.0
1970-01-01 00:26:28.096800,1,0,2.0
1970-01-01 00:26:28.100400,1,0,2.0
1970-01-01 00:26:28.104000,1,0,2.0
1970-01-01 00:26:28.107600,1,0,2.0
1970-01-01 00:26:28.111200,1,0,2.0
1970-01-01 00:26:28.140000,1,0,2.0
1970-01-01 00:26:28.143600,1,0,2.0
1970-01-01 00:26:28.147200,1,0,2.0
1970-01-01 00:26:28.150800,1,0,2.0
1970-01-01 00:26:28.154400,1,0,2.0
1970-01-01 00:26:28.158000,1,0,2.0
1970-01-01 00:26:28.161600,1,0,2.0
1970-01-01 00:26:28.165200,1,0,2.0
1970-01-01 00:26:28.168800,1,0,2.0
1970-01-01 00:26:28.172400,1,0,2.0
1970-01-01 00:26:28.194000,1,0,2.0
1970-01-01 00:26:28.197600,1,0,2.0
1970-01-01 00:26:28.201200,1,0,2.0
1970-01-01 00:26:28.215600,0,1,2.0
1970-01-01 00:26:28.219200,0,1,2.0
1970-01-01 00:26:28.222800,0,1,2.0
1970-01-01 00:26:28.226400,0,1,2.0
1970-01-01 00:26:28.230000,0,1,2.0
1970-01-01 00:26:28.233600,0,1,2.0
1970-01-01 00:26:28.287600,1,0,2.0
1970-01-01 00:26:28.302000,1,0,2.0
1970-01-01 00:26:28.323600,0,1,2.0
1970-01-01 00:26:28.327200,0,1,2.0
1970-01-01 00:26:28.330800,0,1,2.0
1970-01-01 00:26:28.402800,1,0,2.0
1970-01-01 00:26:28.406400,1,0,2.0
1970-01-01 00:26:28.413600,1,0,2.0
1970-01-01 00:26:28.417200,1,0,2.0
1970-01-01 00:26:28.420800,1,0,2.0
1970-01-01 00:26:28.424400,1,0,2.0
1970-01-01 00:26:28.428000,1,0,2.0
1970-01-01 00:26:28.431600,1,0,2.0
1970-01-01 00:26:28.435200,1,0,2.0
1970-01-01 00:26:28.442400,1,0,2.0
1970-01-01 00:26:28.446000,1,0,2.0
1970-01-01 00:26:28.464000,0,1,2.0
1970-01-01 00:26:28.492800,0,1,2.0
1970-01-01 00:26:28.496400,0,1,2.0
1970-01-01 00:26:28.500000,0,1,2.0
1970-01-01 00:26:28.503600,0,1,2.0
1970-01-01 00:26:28.507200,0,1,2.0
1970-01-01 00:26:28.510800,0,1,2.0
1970-01-01 00:26:28.532400,0,1,2.0
1970-01-01 00:26:28.536000,0,1,2.0
1970-01-01 00:26:28.539600,0,1,2.0
1970-01-01 00:26:28.543200,0,1,2.0
1970-01-01 00:26:28.546800,0,1,2.0
1970-01-01 00:26:28.550400,0,1,2.0
1970-01-01 00:26:28.582800,1,0,2.0
1970-01-01 00:26:28.586400,1,0,2.0
1970-01-01 00:26:28.590000,1,0,2.0
1970-01-01 00:26:28.651200,0,1,2.0
1970-01-01 00:26:28.654800,0,1,2.0
1970-01-01 00:26:28.658400,0,1,2.0
1970-01-01 00:26:28.662000,0,1,2.0
1970-01-01 00:26:28.665600,0,1,2.0
1970-01-01 00:26:28.669200,0,1,2.0
1970-01-01 00:26:28.723200,1,0,2.0
1970-01-01 00:26:28.741200,1,0,2.0
1970-01-01 00:26:28.752000,1,0,2.0
1970-01-01 00:26:28.755600,1,0,2.0
1970-01-01 00:26:28.773600,0,1,2.0
1970-01-01 00:26:28.780800,0,1,2.0
1970-01-01 00:26:28.784400,0,1,2.0
1970-01-01 00:26:28.788000,0,1,2.0
1970-01-01 00:26:28.791600,0,1,2.0
1970-01-01 00:26:28.795200,0,1,2.0
1970-01-01 00:26:28.798800,0,1,2.0
1970-01-01 00:26:28.802400,0,1,2.0
1970-01-01 00:26:28.806000,1,0,2.0
1970-01-01 00:26:28.813200,1,0,2.0
1970-01-01 00:26:28.849200,1,0,2.0
1970-01-01 00:26:28.852800,1,0,2.0
1970-01-01 00:26:28.856400,1,0,2.0
1970-01-01 00:26:28.860000,1,0,2.0
1970-01-01 00:26:28.863600,1,0,2.0
1970-01-01 00:26:28.867200,1,0,2.0
1970-01-01 00:26:28.870800,1,0,2.0
1970-01-01 00:26:28.896000,0,1,2.0
1970-01-01 00:26:28.899600,0,1,2.0
1970-01-01 00:26:28.932000,1,0,2.0
1970-01-01 00:26:28.935600,1,0,2.0
1970-01-01 00:26:28.939200,1,0,2.0
1970-01-01 00:26:28.942800,1,0,2.0
1970-01-01 00:26:28.946400,1,0,2.0
1970-01-01 00:26:28.950000,1,0,2.0
1970-01-01 00:26:28.975200,1,0,2.0
1970-01-01 00:26:28.978800,1,0,2.0
1970-01-01 00:26:29.000400,0,1,2.0
1970-01-01 00:26:29.040000,0,1,2.0
1970-01-01 00:26:29.043600,0,1,2.0
1970-01-01 00:26:29.047200,0,1,2.0
1970-01-01 00:26:29.050800,0,1,2.0
1970-01-01 00:26:29.054400,0,1,2.0
1970-01-01 00:26:29.058000,0,1,2.0
1970-01-01 00:26:29.061600,0,1,2.0
1970-01-01 00:26:29.065200,0,1,2.0
1970-01-01 00:26:29.104800,0,1,2.0
1970-01-01 00:26:29.108400,0,1,2.0
1970-01-01 00:26:29.112000,0,1,2.0
1970-01-01 00:26:29.115600,0,1,2.0
1970-01-01 00:26:29.119200,0,1,2.0
1970-01-01 00:26:29.122800,0,1,2.0
1970-01-01 00:26:29.126400,1,0,2.0
1970-01-01 00:26:29.130000,1,0,2.0
1970-01-01 00:26:29.133600,1,0,2.0
1970-01-01 00:26:29.137200,1,0,2.0
1970-01-01 00:26:29.191200,0,1,2.0
1970-01-01 00:26:29.194800,0,1,2.0
1970-01-01 00:26:29.198400,0,1,2.0
1970-01-01 00:26:29.202000,0,1,2.0
1970-01-01 00:26:29.205600,0,1,2.0
1970-01-01 00:26:29.209200,0,1,2.0
1970-01-01 00:26:29.360400,1,0,2.0
1970-01-01 00:26:29.364000,1,0,2.0
1970-01-01 00:26:29.367600,1,0,2.0
1970-01-01 00:26:29.385600,1,0,2.0
1970-01-01 00:26:29.392800,1,0,2.0
1970-01-01 00:26:29.403600,0,1,2.0
1970-01-01 00:26:29.425200,1,0,2.0
1970-01-01 00:26:29.428800,1,0,2.0
1970-01-01 00:26:29.432400,1,0,2.0
1970-01-01 00:26:29.436000,1,0,2.0
1970-01-01 00:26:29.439600,1,0,2.0
1970-01-01 00:26:29.443200,1,0,2.0
1970-01-01 00:26:29.493600,0,1,2.0
1970-01-01 00:26:29.497200,0,1,2.0
1970-01-01 00:26:29.500800,0,1,2.0
1970-01-01 00:26:29.504400,0,1,2.0
1970-01-01 00:26:29.551200,0,1,2.0
1970-01-01 00:26:29.554800,0,1,2.0
1970-01-01 00:26:29.558400,0,1,2.0
1970-01-01 00:26:29.562000,0,1,2.0
1970-01-01 00:26:29.565600,0,1,2.0
1970-01-01 00:26:29.569200,0,0,2.0
1970-01-01 00:26:29.572800,1,0,2.0
1970-01-01 00:26:29.583600,1,0,2.0
1970-01-01 00:26:29.673600,1,0,2.0
1970-01-01 00:26:29.677200,1,0,2.0
1970-01-01 00:26:29.680800,1,0,2.0
1970-01-01 00:26:29.684400,1,0,2.0
1970-01-01 00:26:29.688000,1,0,2.0
1970-01-01 00:26:29.691600,1,0,2.0
1970-01-01 00:26:29.702400,1,0,2.0
1970-01-01 00:26:29.745600,1,0,2.0
1970-01-01 00:26:29.749200,1,0,2.0
1970-01-01 00:26:29.752800,1,0,2.0
1970-01-01 00:26:29.756400,1,0,2.0
1970-01-01 00:26:29.760000,1,0,2.0
1970-01-01 00:26:29.763600,1,0,2.0
1970-01-01 00:26:29.767200,1,0,2.0
1970-01-01 00:26:29.770800,0,1,2.0
1970-01-01 00:26:29.774400,0,1,2.0
1970-01-01 00:26:29.778000,0,1,2.0
1970-01-01 00:26:29.839200,0,1,2.0
1970-01-01 00:26:29.842800,0,1,2.0
1970-01-01 00:26:29.853600,1,0,2.0
1970-01-01 00:26:29.857200,1,0,2.0
1970-01-01 00:26:29.860800,1,0,2.0
1970-01-01 00:26:29.868000,1,0,2.0
1970-01-01 00:26:29.871600,1,0,2.0
1970-01-01 00:26:29.875200,0,1,2.0
1970-01-01 00:26:29.914800,1,0,2.0
1970-01-01 00:26:29.965200,0,1,2.0
1970-01-01 00:26:29.968800,0,1,2.0
1970-01-01 00:26:29.972400,0,1,2.0
1970-01-01 00:26:29.976000,0,1,2.0
1970-01-01 00:26:29.979600,0,1,2.0
1970-01-01 00:26:29.983200,0,1,2.0
1970-01-01 00:26:30.048000,0,1,2.0
1970-01-01 00:26:30.055200,0,1,2.0
1970-01-01 00:26:30.058800,0,1,2.0
1970-01-01 00:26:30.062400,0,1,2.0
1970-01-01 00:26:30.066000,0,1,2.0
1970-01-01 00:26:30.084000,1,0,2.0
1970-01-01 00:26:30.116400,1,0,2.0
1970-01-01 00:26:30.120000,1,0,2.0
1970-01-01 00:26:30.123600,1,0,2.0
1970-01-01 00:26:30.152400,1,0,2.0
1970-01-01 00:26:30.156000,1,0,2.0
1970-01-01 00:26:30.300000,0,1,2.0
1970-01-01 00:26:30.303600,0,1,2.0
1970-01-01 00:26:30.307200,0,1,2.0
1970-01-01 00:26:30.310800,0,1,2.0
1970-01-01 00:26:30.314400,0,1,2.0
1970-01-01 00:26:30.318000,0,1,2.0
1970-01-01 00:26:30.321600,0,1,2.0
1970-01-01 00:26:30.325200,0,1,2.0
1970-01-01 00:26:30.339600,0,1,2.0
1970-01-01 00:26:30.346800,0,1,2.0
1970-01-01 00:26:30.350400,0,1,2.0
1970-01-01 00:26:30.354000,0,1,2.0
1970-01-01 00:26:30.357600,0,1,2.0
1970-01-01 00:26:30.361200,1,0,2.0
1970-01-01 00:26:30.476400,0,1,2.0
1970-01-01 00:26:30.480000,0,1,2.0
1970-01-01 00:26:30.483600,0,1,2.0
1970-01-01 00:26:30.487200,0,1,2.0
1970-01-01 00:26:30.490800,0,1,2.0
1970-01-01 00:26:30.501600,0,1,2.0
1970-01-01 00:26:30.505200,1,0,2.0
1970-01-01 00:26:30.552000,1,0,2.0
1970-01-01 00:26:30.555600,1,0,2.0
1970-01-01 00:26:30.559200,1,0,2.0
1970-01-01 00:26:30.562800,1,0,2.0
1970-01-01 00:26:30.566400,1,0,2.0
1970-01-01 00:26:30.570000,1,0,2.0
1970-01-01 00:26:30.613200,1,0,2.0
1970-01-01 00:26:30.616800,1,0,2.0
1970-01-01 00:26:30.645600,1,0,2.0
1970-01-01 00:26:30.649200,1,0,2.0
1970-01-01 00:26:30.652800,1,0,2.0
1970-01-01 00:26:30.656400,1,0,2.0
1970-01-01 00:26:30.660000,1,0,2.0
1970-01-01 00:26:30.663600,1,0,2.0
1970-01-01 00:26:30.688800,1,0,2.0
1970-01-01 00:26:30.692400,1,0,2.0
1970-01-01 00:26:30.696000,1,0,2.0
1970-01-01 00:26:30.699600,1,0,2.0
1970-01-01 00:26:30.703200,1,0,2.0
1970-01-01 00:26:30.717600,0,1,2.0
1970-01-01 00:26:30.724800,0,1,2.0
1970-01-01 00:26:30.728400,0,1,2.0
1970-01-01 00:26:30.789600,1,0,2.0
1970-01-01 00:26:30.793200,1,0,2.0
1970-01-01 00:26:30.796800,1,0,2.0
1970-01-01 00:26:30.800400,1,0,2.0
1970-01-01 00:26:30.804000,1,0,2.0
1970-01-01 00:26:30.807600,1,0,2.0
1970-01-01 00:26:30.811200,1,0,2.0
1970-01-01 00:26:30.814800,1,0,2.0
1970-01-01 00:26:30.822000,1,0,2.0
1970-01-01 00:26:30.825600,1,0,2.0
1970-01-01 00:26:30.829200,1,0,2.0
1970-01-01 00:26:30.832800,1,0,2.0
1970-01-01 00:26:30.858000,1,0,2.0
1970-01-01 00:26:30.861600,1,0,2.0
1970-01-01 00:26:30.868800,1,0,2.0
1970-01-01 00:26:30.872400,0,0,2.0
1970-01-01 00:26:30.876000,0,1,2.0
1970-01-01 00:26:30.879600,0,1,2.0
1970-01-01 00:26:30.883200,0,1,2.0
1970-01-01 00:26:30.886800,0,1,2.0
1970-01-01 00:26:30.890400,0,1,2.0
1970-01-01 00:26:30.897600,1,0,2.0
1970-01-01 00:26:30.901200,1,0,2.0
1970-01-01 00:26:30.904800,1,0,2.0
1970-01-01 00:26:30.919200,0,1,2.0
1970-01-01 00:26:30.922800,0,1,2.0
1970-01-01 00:26:30.926400,0,1,2.0
1970-01-01 00:26:30.948000,0,1,2.0
1970-01-01 00:26:30.951600,0,1,2.0
1970-01-01 00:26:30.955200,0,1,2.0
1970-01-01 00:26:30.998400,1,0,2.0
1970-01-01 00:26:31.002000,1,0,2.0
1970-01-01 00:26:31.005600,1,0,2.0
1970-01-01 00:26:31.009200,1,0,2.0
1970-01-01 00:26:31.030800,1,0,2.0
1970-01-01 00:26:31.034400,1,0,2.0
1970-01-01 00:26:31.038000,1,0,2.0
1970-01-01 00:26:31.041600,1,0,2.0
1970-01-01 00:26:31.045200,1,0,2.0
1970-01-01 00:26:31.048800,1,0,2.0
1970-01-01 00:26:31.070400,1,0,2.0
1970-01-01 00:26:31.074000,1,0,2.0
1970-01-01 00:26:31.077600,1,0,2.0
1970-01-01 00:26:31.092000,0,1,2.0
1970-01-01 00:26:31.095600,0,1,2.0
1970-01-01 00:26:31.099200,0,1,2.0
1970-01-01 00:26:31.102800,0,1,2.0
1970-01-01 00:26:31.160400,1,0,2.0
1970-01-01 00:26:31.164000,1,0,2.0
1970-01-01 00:26:31.167600,1,0,2.0
1970-01-01 00:26:31.171200,1,0,2.0
1970-01-01 00:26:31.189200,1,0,2.0
1970-01-01 00:26:31.214400,1,0,2.0
1970-01-01 00:26:31.218000,1,0,2.0
1970-01-01 00:26:31.221600,1,0,2.0
1970-01-01 00:26:31.225200,1,0,2.0
1970-01-01 00:26:31.228800,1,0,2.0
1970-01-01 00:26:31.239600,0,1,2.0
1970-01-01 00:26:31.243200,0,1,2.0
1970-01-01 00:26:31.250400,0,1,2.0
1970-01-01 00:26:31.257600,0,1,2.0
1970-01-01 00:26:31.264800,1,0,2.0
1970-01-01 00:26:31.344000,0,1,2.0
1970-01-01 00:26:31.347600,0,1,2.0
1970-01-01 00:26:31.383600,0,1,2.0
1970-01-01 00:26:31.509600,0,1,2.0
1970-01-01 00:26:31.513200,0,1,2.0
1970-01-01 00:26:31.516800,0,1,2.0
1970-01-01 00:26:31.520400,0,1,2.0
1970-01-01 00:26:31.524000,0,1,2.0
1970-01-01 00:26:31.527600,0,1,2.0
1970-01-01 00:26:31.534800,1,0,2.0
1970-01-01 00:26:31.538400,1,0,2.0
1970-01-01 00:26:31.542000,1,0,2.0
1970-01-01 00:26:31.545600,1,0,2.0
1970-01-01 00:26:31.549200,1,0,2.0
1970-01-01 00:26:31.552800,1,0,2.0
1970-01-01 00:26:31.606800,0,1,2.0
1970-01-01 00:26:31.653600,1,0,2.0
1970-01-01 00:26:31.657200,0,1,2.0
1970-01-01 00:26:31.707600,0,1,2.0
1970-01-01 00:26:31.711200,0,1,2.0
1970-01-01 00:26:31.714800,0,1,2.0
1970-01-01 00:26:31.718400,0,1,2.0
1970-01-01 00:26:31.722000,0,1,2.0
1970-01-01 00:26:31.743600,1,0,2.0
1970-01-01 00:26:31.747200,1,0,2.0
1970-01-01 00:26:31.758000,1,0,2.0
1970-01-01 00:26:31.761600,1,0,2.0
1970-01-01 00:26:31.765200,0,1,2.0
1970-01-01 00:26:31.779600,1,0,2.0
1970-01-01 00:26:31.786800,1,0,2.0
1970-01-01 00:26:31.790400,1,0,2.0
1970-01-01 00:26:31.797600,1,0,2.0
1970-01-01 00:26:31.804800,1,0,2.0
1970-01-01 00:26:31.858800,0,1,2.0
1970-01-01 00:26:31.862400,0,1,2.0
1970-01-01 00:26:31.866000,0,1,2.0
1970-01-01 00:26:31.869600,0,1,2.0
1970-01-01 00:26:31.873200,0,1,2.0
1970-01-01 00:26:31.876800,0,1,2.0
1970-01-01 00:26:31.880400,0,1,2.0
1970-01-01 00:26:31.884000,0,1,2.0
1970-01-01 00:26:31.887600,0,1,2.0
1970-01-01 00:26:31.891200,1,0,2.0
1970-01-01 00:26:31.945200,1,0,2.0
1970-01-01 00:26:31.948800,1,0,2.0
1970-01-01 00:26:31.952400,1,0,2.0
1970-01-01 00:26:31.956000,1,0,2.0
1970-01-01 00:26:31.959600,1,0,2.0
1970-01-01 00:26:31.963200,1,0,2.0
1970-01-01 00:26:31.966800,0,1,2.0
1970-01-01 00:26:32.089200,0,1,2.0
1970-01-01 00:26:32.121600,0,1,2.0
1970-01-01 00:26:32.125200,0,1,2.0
1970-01-01 00:26:32.128800,0,1,2.0
1970-01-01 00:26:32.132400,0,1,2.0
1970-01-01 00:26:32.136000,0,1,2.0
1970-01-01 00:26:32.161200,0,1,2.0
1970-01-01 00:26:32.164800,0,1,2.0
1970-01-01 00:26:32.168400,0,1,2.0
1970-01-01 00:26:32.172000,0,1,2.0
1970-01-01 00:26:32.175600,0,1,2.0
1970-01-01 00:26:32.179200,0,1,2.0
1970-01-01 00:26:32.182800,0,1,2.0
1970-01-01 00:26:32.186400,0,1,2.0
1970-01-01 00:26:32.190000,0,1,2.0
1970-01-01 00:26:32.193600,0,1,2.0
1970-01-01 00:26:32.215200,1,0,2.0
1970-01-01 00:26:32.222400,1,0,2.0
1970-01-01 00:26:32.229600,1,0,2.0
1970-01-01 00:26:32.352000,1,0,2.0
1970-01-01 00:26:32.355600,1,0,2.0
1970-01-01 00:26:32.359200,1,0,2.0
1970-01-01 00:26:32.362800,1,0,2.0
1970-01-01 00:26:32.366400,1,0,2.0
1970-01-01 00:26:32.370000,1,0,2.0
1970-01-01 00:26:32.391600,0,1,2.0
1970-01-01 00:26:32.395200,0,1,2.0
1970-01-01 00:26:32.398800,0,1,2.0
1970-01-01 00:26:32.402400,0,1,2.0
1970-01-01 00:26:32.406000,0,1,2.0
1970-01-01 00:26:32.420400,1,0,2.0
1970-01-01 00:26:32.474400,0,1,2.0
1970-01-01 00:26:32.478000,0,1,2.0
1970-01-01 00:26:32.481600,0,1,2.0
1970-01-01 00:26:32.488800,0,1,2.0
1970-01-01 00:26:32.492400,0,1,2.0
1970-01-01 00:26:32.496000,0,1,2.0
1970-01-01 00:26:32.499600,0,1,2.0
1970-01-01 00:26:32.503200,0,1,2.0
1970-01-01 00:26:32.506800,0,1,2.0
1970-01-01 00:26:32.578800,0,1,2.0
1970-01-01 00:26:32.582400,0,1,2.0
1970-01-01 00:26:32.586000,0,1,2.0
1970-01-01 00:26:32.661600,1,0,2.0
1970-01-01 00:26:32.665200,1,0,2.0
1970-01-01 00:26:32.668800,1,0,2.0
1970-01-01 00:26:32.672400,1,0,2.0
1970-01-01 00:26:32.676000,1,0,2.0
1970-01-01 00:26:32.679600,1,0,2.0
1970-01-01 00:26:32.701200,0,1,2.0
1970-01-01 00:26:32.704800,0,1,2.0
1970-01-01 00:26:32.751600,0,1,2.0
1970-01-01 00:26:32.766000,1,0,2.0
1970-01-01 00:26:32.769600,1,0,2.0
1970-01-01 00:26:32.773200,1,0,2.0
1970-01-01 00:26:32.776800,1,0,2.0
1970-01-01 00:26:32.780400,1,0,2.0
1970-01-01 00:26:32.784000,1,0,2.0
1970-01-01 00:26:32.820000,1,0,2.0
1970-01-01 00:26:32.823600,1,0,2.0
1970-01-01 00:26:32.830800,1,0,2.0
1970-01-01 00:26:32.834400,1,0,2.0
1970-01-01 00:26:32.838000,1,0,2.0
1970-01-01 00:26:32.902800,1,0,2.0
1970-01-01 00:26:32.906400,1,0,2.0
1970-01-01 00:26:32.949600,1,0,2.0
1970-01-01 00:26:32.960400,0,1,2.0
1970-01-01 00:26:32.964000,0,1,2.0
1970-01-01 00:26:32.967600,0,1,2.0
1970-01-01 00:26:32.971200,0,1,2.0
1970-01-01 00:26:32.974800,0,1,2.0
1970-01-01 00:26:32.978400,0,1,2.0
1970-01-01 00:26:32.982000,0,1,2.0
1970-01-01 00:26:32.985600,0,1,2.0
1970-01-01 00:26:32.989200,0,1,2.0
1970-01-01 00:26:33.000000,0,1,2.0
1970-01-01 00:26:33.036000,0,1,2.0
1970-01-01 00:26:33.039600,0,1,2.0
1970-01-01 00:26:33.043200,0,1,2.0
1970-01-01 00:26:33.046800,0,1,2.0
1970-01-01 00:26:33.050400,0,1,2.0
1970-01-01 00:26:33.054000,1,0,2.0
1970-01-01 00:26:33.057600,1,0,2.0
1970-01-01 00:26:33.133200,0,1,2.0
1970-01-01 00:26:33.136800,0,1,2.0
1970-01-01 00:26:33.140400,0,1,2.0
1970-01-01 00:26:33.144000,0,1,2.0
1970-01-01 00:26:33.154800,1,0,2.0
1970-01-01 00:26:33.158400,1,0,2.0
1970-01-01 00:26:33.162000,1,0,2.0
1970-01-01 00:26:33.165600,1,0,2.0
1970-01-01 00:26:33.237600,0,1,2.0
1970-01-01 00:26:33.252000,0,1,2.0
1970-01-01 00:26:33.255600,0,1,2.0
1970-01-01 00:26:33.259200,0,1,2.0
1970-01-01 00:26:33.262800,0,1,2.0
1970-01-01 00:26:33.266400,0,1,2.0
1970-01-01 00:26:33.270000,0,1,2.0
1970-01-01 00:26:33.273600,0,1,2.0
1970-01-01 00:26:33.277200,0,1,2.0
1970-01-01 00:26:33.280800,0,1,2.0
1970-01-01 00:26:33.284400,1,0,2.0
1970-01-01 00:26:33.356400,0,1,2.0
1970-01-01 00:26:33.392400,0,1,2.0
1970-01-01 00:26:33.410400,1,0,2.0
1970-01-01 00:26:33.414000,1,0,2.0
1970-01-01 00:26:33.417600,1,0,2.0
1970-01-01 00:26:33.424800,1,0,2.0
1970-01-01 00:26:33.428400,1,0,2.0
1970-01-01 00:26:33.471600,0,1,2.0
1970-01-01 00:26:33.475200,0,1,2.0
1970-01-01 00:26:33.478800,0,1,2.0
1970-01-01 00:26:33.482400,0,1,2.0
1970-01-01 00:26:33.586800,1,0,2.0
1970-01-01 00:26:33.597600,1,0,2.0
1970-01-01 00:26:33.601200,1,0,2.0
1970-01-01 00:26:33.604800,1,0,2.0
1970-01-01 00:26:33.680400,0,1,2.0
1970-01-01 00:26:33.684000,0,1,2.0
1970-01-01 00:26:33.691200,0,1,2.0
1970-01-01 00:26:33.694800,0,1,2.0
1970-01-01 00:26:33.698400,0,1,2.0
1970-01-01 00:26:33.813600,1,0,2.0
1970-01-01 00:26:33.817200,1,0,2.0
1970-01-01 00:26:33.820800,1,0,2.0
1970-01-01 00:26:33.860400,1,0,2.0
1970-01-01 00:26:33.864000,1,0,2.0
1970-01-01 00:26:33.867600,0,0,2.0
1970-01-01 00:26:33.871200,1,0,2.0
1970-01-01 00:26:33.874800,1,0,2.0
1970-01-01 00:26:33.878400,1,0,2.0
1970-01-01 00:26:33.903600,0,1,2.0
1970-01-01 00:26:33.907200,0,1,2.0
1970-01-01 00:26:33.910800,0,1,2.0
1970-01-01 00:26:33.918000,0,1,2.0
1970-01-01 00:26:33.921600,0,1,2.0
1970-01-01 00:26:33.975600,1,0,2.0
1970-01-01 00:26:33.979200,1,0,2.0
1970-01-01 00:26:33.982800,1,0,2.0
1970-01-01 00:26:33.993600,1,0,2.0
1970-01-01 00:26:33.997200,1,0,2.0
1970-01-01 00:26:34.000800,1,0,2.0
1970-01-01 00:26:34.004400,1,0,2.0
1970-01-01 00:26:34.008000,1,0,2.0
1970-01-01 00:26:34.011600,1,0,2.0
1970-01-01 00:26:34.015200,1,0,2.0
1970-01-01 00:26:34.018800,1,0,2.0
1970-01-01 00:26:34.022400,1,0,2.0
1970-01-01 00:26:34.026000,1,0,2.0
1970-01-01 00:26:34.029600,1,0,2.0
1970-01-01 00:26:34.033200,1,0,2.0
1970-01-01 00:26:34.036800,1,0,2.0
1970-01-01 00:26:34.040400,1,0,2.0
1970-01-01 00:26:34.044000,1,0,2.0
1970-01-01 00:26:34.069200,1,0,2.0
1970-01-01 00:26:34.141200,0,1,2.0
1970-01-01 00:26:34.152000,1,0,2.0
1970-01-01 00:26:34.155600,1,0,2.0
1970-01-01 00:26:34.159200,1,0,2.0
1970-01-01 00:26:34.162800,1,0,2.0
1970-01-01 00:26:34.166400,1,0,2.0
1970-01-01 00:26:34.170000,1,0,2.0
1970-01-01 00:26:34.173600,1,0,2.0
1970-01-01 00:26:34.177200,0,1,2.0
1970-01-01 00:26:34.180800,1,0,2.0
1970-01-01 00:26:34.184400,1,0,2.0
1970-01-01 00:26:34.188000,1,0,2.0
1970-01-01 00:26:34.191600,1,0,2.0
1970-01-01 00:26:34.195200,1,0,2.0
1970-01-01 00:26:34.242000,0,1,2.0
1970-01-01 00:26:34.252800,1,0,2.0
1970-01-01 00:26:34.256400,1,0,2.0
1970-01-01 00:26:34.260000,1,0,2.0
1970-01-01 00:26:34.263600,1,0,2.0
1970-01-01 00:26:34.267200,1,0,2.0
1970-01-01 00:26:34.270800,1,0,2.0
1970-01-01 00:26:34.274400,0,1,2.0
1970-01-01 00:26:34.281600,0,1,2.0
1970-01-01 00:26:34.285200,0,1,2.0
1970-01-01 00:26:34.292400,0,1,2.0
1970-01-01 00:26:34.296000,0,1,2.0
1970-01-01 00:26:34.299600,0,1,2.0
1970-01-01 00:26:34.353600,1,0,2.0
1970-01-01 00:26:34.360800,1,0,2.0
1970-01-01 00:26:34.414800,1,0,2.0
1970-01-01 00:26:34.490400,1,0,2.0
1970-01-01 00:26:34.494000,1,0,2.0
1970-01-01 00:26:34.497600,1,0,2.0
1970-01-01 00:26:34.501200,1,0,2.0
1970-01-01 00:26:34.504800,1,0,2.0
1970-01-01 00:26:34.537200,0,1,2.0
1970-01-01 00:26:34.540800,0,1,2.0
1970-01-01 00:26:34.544400,0,1,2.0
1970-01-01 00:26:34.548000,0,1,2.0
1970-01-01 00:26:34.551600,0,1,2.0
1970-01-01 00:26:34.555200,0,1,2.0
1970-01-01 00:26:34.569600,1,0,2.0
1970-01-01 00:26:34.573200,1,0,2.0
1970-01-01 00:26:34.576800,1,0,2.0
1970-01-01 00:26:34.609200,1,0,2.0
1970-01-01 00:26:34.612800,1,0,2.0
1970-01-01 00:26:34.616400,1,0,2.0
1970-01-01 00:26:34.620000,1,0,2.0
1970-01-01 00:26:34.623600,1,0,2.0
1970-01-01 00:26:34.634400,0,1,2.0
1970-01-01 00:26:34.638000,0,1,2.0
1970-01-01 00:26:34.641600,0,1,2.0
1970-01-01 00:26:34.645200,0,1,2.0
1970-01-01 00:26:34.648800,0,1,2.0
1970-01-01 00:26:34.652400,0,1,2.0
1970-01-01 00:26:34.656000,0,1,2.0
1970-01-01 00:26:34.659600,0,1,2.0
1970-01-01 00:26:34.663200,0,1,2.0
1970-01-01 00:26:34.677600,0,1,2.0
1970-01-01 00:26:34.807200,0,1,2.0
1970-01-01 00:26:34.814400,0,1,2.0
1970-01-01 00:26:34.857600,0,1,2.0
1970-01-01 00:26:34.861200,0,1,2.0
1970-01-01 00:26:34.864800,0,1,2.0
1970-01-01 00:26:34.868400,0,1,2.0
1970-01-01 00:26:34.872000,0,1,2.0
1970-01-01 00:26:34.875600,0,1,2.0
1970-01-01 00:26:34.879200,0,1,2.0
1970-01-01 00:26:35.037600,1,0,2.0
1970-01-01 00:26:35.041200,1,0,2.0
1970-01-01 00:26:35.044800,1,0,2.0
1970-01-01 00:26:35.048400,1,0,2.0
1970-01-01 00:26:35.052000,1,0,2.0
1970-01-01 00:26:35.055600,1,0,2.0
1970-01-01 00:26:35.059200,1,0,2.0
1970-01-01 00:26:35.116800,0,1,2.0
1970-01-01 00:26:35.138400,0,1,2.0
1970-01-01 00:26:35.142000,0,1,2.0
1970-01-01 00:26:35.145600,0,1,2.0
1970-01-01 00:26:35.149200,0,1,2.0
1970-01-01 00:26:35.163600,1,0,2.0
1970-01-01 00:26:35.167200,1,0,2.0
1970-01-01 00:26:35.170800,1,0,2.0
1970-01-01 00:26:35.174400,1,0,2.0
1970-01-01 00:26:35.178000,1,0,2.0
1970-01-01 00:26:35.221200,0,1,2.0
1970-01-01 00:26:35.228400,0,1,2.0
1970-01-01 00:26:35.232000,0,1,2.0
1970-01-01 00:26:35.235600,0,1,2.0
1970-01-01 00:26:35.253600,0,1,2.0
1970-01-01 00:26:35.257200,0,1,2.0
1970-01-01 00:26:35.260800,0,1,2.0
1970-01-01 00:26:35.264400,0,1,2.0
1970-01-01 00:26:35.268000,0,1,2.0
1970-01-01 00:26:35.271600,1,0,2.0
1970-01-01 00:26:35.286000,1,0,2.0
1970-01-01 00:26:35.293200,1,0,2.0
1970-01-01 00:26:35.296800,1,0,2.0
1970-01-01 00:26:35.300400,1,0,2.0
1970-01-01 00:26:35.304000,1,0,2.0
1970-01-01 00:26:35.307600,1,0,2.0
1970-01-01 00:26:35.311200,1,0,2.0
1970-01-01 00:26:35.314800,1,0,2.0
1970-01-01 00:26:35.379600,0,1,2.0
1970-01-01 00:26:35.383200,0,1,2.0
1970-01-01 00:26:35.386800,0,1,2.0
1970-01-01 00:26:35.390400,0,1,2.0
1970-01-01 00:26:35.394000,0,1,2.0
1970-01-01 00:26:35.397600,0,1,2.0
1970-01-01 00:26:35.404800,1,0,2.0
1970-01-01 00:26:35.433600,1,0,2.0
1970-01-01 00:26:35.437200,1,0,2.0
1970-01-01 00:26:35.440800,1,0,2.0
1970-01-01 00:26:35.444400,1,0,2.0
1970-01-01 00:26:35.448000,1,0,2.0
1970-01-01 00:26:35.451600,1,0,2.0
1970-01-01 00:26:35.455200,1,0,2.0
1970-01-01 00:26:35.505600,1,0,2.0
1970-01-01 00:26:35.509200,1,0,2.0
1970-01-01 00:26:35.512800,1,0,2.0
1970-01-01 00:26:35.516400,1,0,2.0
1970-01-01 00:26:35.520000,0,1,2.0
1970-01-01 00:26:35.548800,0,1,2.0
1970-01-01 00:26:35.552400,0,1,2.0
1970-01-01 00:26:35.556000,0,1,2.0
1970-01-01 00:26:35.559600,0,1,2.0
1970-01-01 00:26:35.566800,0,1,2.0
1970-01-01 00:26:35.595600,1,0,2.0
1970-01-01 00:26:35.613600,0,1,2.0
1970-01-01 00:26:35.628000,1,0,2.0
1970-01-01 00:26:35.631600,1,0,2.0
1970-01-01 00:26:35.635200,1,0,2.0
1970-01-01 00:26:35.638800,1,0,2.0
1970-01-01 00:26:35.642400,1,0,2.0
1970-01-01 00:26:35.678400,1,0,2.0
1970-01-01 00:26:35.682000,1,0,2.0
1970-01-01 00:26:35.685600,1,0,2.0
1970-01-01 00:26:35.689200,1,0,2.0
1970-01-01 00:26:35.692800,1,0,2.0
1970-01-01 00:26:35.696400,1,0,2.0
1970-01-01 00:26:35.714400,0,1,2.0
1970-01-01 00:26:35.725200,1,0,2.0
1970-01-01 00:26:35.728800,1,0,2.0
1970-01-01 00:26:35.732400,1,0,2.0
1970-01-01 00:26:35.736000,1,0,2.0
1970-01-01 00:26:35.739600,1,0,2.0
1970-01-01 00:26:35.750400,0,1,2.0
1970-01-01 00:26:35.754000,0,1,2.0
1970-01-01 00:26:35.808000,1,0,2.0
1970-01-01 00:26:35.829600,0,1,2.0
1970-01-01 00:26:35.833200,1,0,2.0
1970-01-01 00:26:35.836800,0,0,2.0
1970-01-01 00:26:35.844000,0,1,2.0
1970-01-01 00:26:35.858400,1,0,2.0
1970-01-01 00:26:35.862000,1,0,2.0
1970-01-01 00:26:35.865600,1,0,2.0
1970-01-01 00:26:35.869200,1,0,2.0
1970-01-01 00:26:35.872800,1,0,2.0
1970-01-01 00:26:35.876400,1,0,2.0
1970-01-01 00:26:35.923200,1,0,2.0
1970-01-01 00:26:35.926800,1,0,2.0
1970-01-01 00:26:35.930400,1,0,2.0
1970-01-01 00:26:35.934000,1,0,2.0
1970-01-01 00:26:35.937600,1,0,2.0
1970-01-01 00:26:35.941200,1,0,2.0
1970-01-01 00:26:36.052800,0,1,2.0
1970-01-01 00:26:36.056400,0,1,2.0
1970-01-01 00:26:36.092400,1,0,2.0
1970-01-01 00:26:36.096000,1,0,2.0
1970-01-01 00:26:36.099600,1,0,2.0
1970-01-01 00:26:36.103200,1,0,2.0
1970-01-01 00:26:36.106800,1,0,2.0
1970-01-01 00:26:36.110400,1,0,2.0
1970-01-01 00:26:36.139200,0,1,2.0
1970-01-01 00:26:36.175200,1,0,2.0
1970-01-01 00:26:36.178800,1,0,2.0
1970-01-01 00:26:36.182400,1,0,2.0
1970-01-01 00:26:36.186000,1,0,2.0
1970-01-01 00:26:36.189600,1,0,2.0
1970-01-01 00:26:36.193200,1,0,2.0
1970-01-01 00:26:36.200400,1,0,2.0
1970-01-01 00:26:36.232800,1,0,2.0
1970-01-01 00:26:36.236400,1,0,2.0
1970-01-01 00:26:36.240000,1,0,2.0
1970-01-01 00:26:36.243600,1,0,2.0
1970-01-01 00:26:36.286800,1,0,2.0
1970-01-01 00:26:36.290400,1,0,2.0
1970-01-01 00:26:36.294000,1,0,2.0
1970-01-01 00:26:36.297600,1,0,2.0
1970-01-01 00:26:36.315600,1,0,2.0
1970-01-01 00:26:36.337200,0,1,2.0
1970-01-01 00:26:36.441600,1,0,2.0
1970-01-01 00:26:36.445200,1,0,2.0
1970-01-01 00:26:36.448800,1,0,2.0
1970-01-01 00:26:36.452400,1,0,2.0
1970-01-01 00:26:36.456000,1,0,2.0
1970-01-01 00:26:36.466800,0,0,2.0
1970-01-01 00:26:36.474000,0,1,2.0
1970-01-01 00:26:36.477600,0,1,2.0
1970-01-01 00:26:36.596400,1,0,2.0
1970-01-01 00:26:36.600000,1,0,2.0
1970-01-01 00:26:36.603600,1,0,2.0
1970-01-01 00:26:36.607200,1,0,2.0
1970-01-01 00:26:36.610800,1,0,2.0
1970-01-01 00:26:36.614400,1,0,2.0
1970-01-01 00:26:36.657600,0,1,2.0
1970-01-01 00:26:36.661200,0,1,2.0
1970-01-01 00:26:36.697200,1,0,2.0
1970-01-01 00:26:36.704400,1,0,2.0
1970-01-01 00:26:36.708000,1,0,2.0
1970-01-01 00:26:36.711600,1,0,2.0
1970-01-01 00:26:36.715200,1,0,2.0
1970-01-01 00:26:36.722400,1,0,2.0
1970-01-01 00:26:36.726000,0,1,2.0
1970-01-01 00:26:36.733200,0,1,2.0
1970-01-01 00:26:36.787200,0,1,2.0
1970-01-01 00:26:36.790800,0,1,2.0
1970-01-01 00:26:36.794400,0,1,2.0
1970-01-01 00:26:36.798000,0,1,2.0
1970-01-01 00:26:36.801600,0,1,2.0
1970-01-01 00:26:36.805200,0,1,2.0
1970-01-01 00:26:36.808800,0,1,2.0
1970-01-01 00:26:36.812400,0,1,2.0
1970-01-01 00:26:36.816000,0,1,2.0
1970-01-01 00:26:36.859200,1,0,2.0
1970-01-01 00:26:36.870000,1,0,2.0
1970-01-01 00:26:36.873600,1,0,2.0
1970-01-01 00:26:36.913200,1,0,2.0
1970-01-01 00:26:36.927600,0,1,2.0
1970-01-01 00:26:36.931200,0,1,2.0
1970-01-01 00:26:36.960000,0,1,2.0
1970-01-01 00:26:36.967200,0,1,2.0
1970-01-01 00:26:36.970800,0,1,2.0
1970-01-01 00:26:37.003200,1,0,2.0
1970-01-01 00:26:37.006800,1,0,2.0
1970-01-01 00:26:37.010400,1,0,2.0
1970-01-01 00:26:37.014000,1,0,2.0
1970-01-01 00:26:37.017600,1,0,2.0
1970-01-01 00:26:37.035600,0,1,2.0
1970-01-01 00:26:37.039200,0,1,2.0
1970-01-01 00:26:37.042800,0,1,2.0
1970-01-01 00:26:37.046400,0,1,2.0
1970-01-01 00:26:37.050000,0,1,2.0
1970-01-01 00:26:37.053600,1,0,2.0
1970-01-01 00:26:37.057200,1,0,2.0
1970-01-01 00:26:37.107600,0,1,2.0
1970-01-01 00:26:37.111200,0,1,2.0
1970-01-01 00:26:37.114800,0,1,2.0
1970-01-01 00:26:37.129200,0,1,2.0
1970-01-01 00:26:37.132800,0,1,2.0
1970-01-01 00:26:37.136400,0,1,2.0
1970-01-01 00:26:37.140000,0,1,2.0
1970-01-01 00:26:37.143600,0,1,2.0
1970-01-01 00:26:37.147200,0,1,2.0
1970-01-01 00:26:37.154400,0,1,2.0
1970-01-01 00:26:37.158000,0,1,2.0
1970-01-01 00:26:37.161600,0,1,2.0
1970-01-01 00:26:37.165200,0,1,2.0
1970-01-01 00:26:37.168800,0,1,2.0
1970-01-01 00:26:37.172400,0,1,2.0
1970-01-01 00:26:37.208400,1,0,2.0
1970-01-01 00:26:37.280400,0,1,2.0
1970-01-01 00:26:37.284000,0,1,2.0
1970-01-01 00:26:37.287600,0,1,2.0
1970-01-01 00:26:37.291200,0,1,2.0
1970-01-01 00:26:37.294800,0,1,2.0
1970-01-01 00:26:37.298400,0,1,2.0
1970-01-01 00:26:37.305600,1,0,2.0
1970-01-01 00:26:37.309200,1,0,2.0
1970-01-01 00:26:37.330800,1,0,2.0
1970-01-01 00:26:37.334400,1,0,2.0
1970-01-01 00:26:37.338000,1,0,2.0
1970-01-01 00:26:37.341600,1,0,2.0
1970-01-01 00:26:37.345200,1,0,2.0
1970-01-01 00:26:37.348800,1,0,2.0
1970-01-01 00:26:37.399200,1,0,2.0
1970-01-01 00:26:37.402800,1,0,2.0
1970-01-01 00:26:37.410000,1,0,2.0
1970-01-01 00:26:37.413600,1,0,2.0
1970-01-01 00:26:37.438800,1,0,2.0
1970-01-01 00:26:37.446000,1,0,2.0
1970-01-01 00:26:37.482000,1,0,2.0
1970-01-01 00:26:37.485600,1,0,2.0
1970-01-01 00:26:37.489200,1,0,2.0
1970-01-01 00:26:37.492800,1,0,2.0
1970-01-01 00:26:37.496400,1,0,2.0
1970-01-01 00:26:37.500000,1,0,2.0
1970-01-01 00:26:37.518000,1,0,2.0
1970-01-01 00:26:37.521600,1,0,2.0
1970-01-01 00:26:37.525200,1,0,2.0
1970-01-01 00:26:37.528800,1,0,2.0
1970-01-01 00:26:37.532400,1,0,2.0
1970-01-01 00:26:37.536000,1,0,2.0
1970-01-01 00:26:37.568400,0,1,2.0
1970-01-01 00:26:37.575600,1,0,2.0
1970-01-01 00:26:37.597200,1,0,2.0
1970-01-01 00:26:37.600800,1,0,2.0
1970-01-01 00:26:37.604400,1,0,2.0
1970-01-01 00:26:37.608000,1,0,2.0
1970-01-01 00:26:37.611600,1,0,2.0
1970-01-01 00:26:37.662000,1,0,2.0
1970-01-01 00:26:37.665600,1,0,2.0
1970-01-01 00:26:37.669200,1,0,2.0
1970-01-01 00:26:37.672800,1,0,2.0
1970-01-01 00:26:37.676400,1,0,2.0
1970-01-01 00:26:37.734000,0,1,2.0
1970-01-01 00:26:37.737600,0,1,2.0
1970-01-01 00:26:37.741200,0,1,2.0
1970-01-01 00:26:37.744800,0,1,2.0
1970-01-01 00:26:37.748400,1,0,2.0
1970-01-01 00:26:37.784400,0,1,2.0
1970-01-01 00:26:37.788000,0,1,2.0
1970-01-01 00:26:37.791600,0,1,2.0
1970-01-01 00:26:37.795200,0,1,2.0
1970-01-01 00:26:37.798800,0,1,2.0
1970-01-01 00:26:37.838400,0,1,2.0
1970-01-01 00:26:37.842000,0,1,2.0
1970-01-01 00:26:37.845600,0,1,2.0
1970-01-01 00:26:37.863600,1,0,2.0
1970-01-01 00:26:37.867200,1,0,2.0
1970-01-01 00:26:37.960800,1,0,2.0
1970-01-01 00:26:37.968000,1,0,2.0
1970-01-01 00:26:37.971600,1,0,2.0
1970-01-01 00:26:37.975200,1,0,2.0
1970-01-01 00:26:37.978800,0,1,2.0
1970-01-01 00:26:37.986000,0,1,2.0
1970-01-01 00:26:37.989600,0,1,2.0
1970-01-01 00:26:37.993200,0,1,2.0
1970-01-01 00:26:37.996800,0,1,2.0
1970-01-01 00:26:38.004000,0,1,2.0
1970-01-01 00:26:38.032800,0,1,2.0
1970-01-01 00:26:38.036400,0,1,2.0
1970-01-01 00:26:38.126400,1,0,2.0
1970-01-01 00:26:38.130000,0,1,2.0
1970-01-01 00:26:38.133600,0,1,2.0
1970-01-01 00:26:38.137200,0,1,2.0
1970-01-01 00:26:38.140800,0,1,2.0
1970-01-01 00:26:38.162400,0,1,2.0
1970-01-01 00:26:38.166000,0,1,2.0
1970-01-01 00:26:38.176800,1,0,2.0
1970-01-01 00:26:38.180400,1,0,2.0
1970-01-01 00:26:38.184000,1,0,2.0
1970-01-01 00:26:38.187600,1,0,2.0
1970-01-01 00:26:38.191200,1,0,2.0
1970-01-01 00:26:38.194800,1,0,2.0
1970-01-01 00:26:38.198400,1,0,2.0
1970-01-01 00:26:38.227200,1,0,2.0
1970-01-01 00:26:38.230800,1,0,2.0
1970-01-01 00:26:38.245200,1,0,2.0
1970-01-01 00:26:38.274000,1,0,2.0
1970-01-01 00:26:38.277600,1,0,2.0
1970-01-01 00:26:38.302800,0,1,2.0
1970-01-01 00:26:38.306400,0,1,2.0
1970-01-01 00:26:38.310000,0,1,2.0
1970-01-01 00:26:38.313600,0,1,2.0
1970-01-01 00:26:38.317200,0,1,2.0
1970-01-01 00:26:38.342400,0,1,2.0
1970-01-01 00:26:38.346000,0,1,2.0
1970-01-01 00:26:38.349600,0,1,2.0
1970-01-01 00:26:38.353200,0,1,2.0
1970-01-01 00:26:38.356800,0,1,2.0
1970-01-01 00:26:38.360400,0,1,2.0
1970-01-01 00:26:38.364000,0,1,2.0
1970-01-01 00:26:38.367600,0,1,2.0
1970-01-01 00:26:38.436000,1,0,2.0
1970-01-01 00:26:38.443200,1,0,2.0
1970-01-01 00:26:38.486400,0,1,2.0
1970-01-01 00:26:38.500800,1,0,2.0
1970-01-01 00:26:38.504400,1,0,2.0
1970-01-01 00:26:38.511600,0,1,2.0
1970-01-01 00:26:38.515200,0,1,2.0
1970-01-01 00:26:38.518800,0,1,2.0
1970-01-01 00:26:38.522400,0,1,2.0
1970-01-01 00:26:38.526000,0,1,2.0
1970-01-01 00:26:38.529600,0,1,2.0
1970-01-01 00:26:38.533200,0,1,2.0
1970-01-01 00:26:38.536800,0,1,2.0
1970-01-01 00:26:38.540400,0,1,2.0
1970-01-01 00:26:38.598000,1,0,2.0
1970-01-01 00:26:38.601600,1,0,2.0
1970-01-01 00:26:38.626800,0,1,2.0
1970-01-01 00:26:38.630400,0,1,2.0
1970-01-01 00:26:38.684400,0,1,2.0
1970-01-01 00:26:38.706000,1,0,2.0
1970-01-01 00:26:38.720400,0,1,2.0
1970-01-01 00:26:38.724000,0,1,2.0
1970-01-01 00:26:38.734800,1,0,2.0
1970-01-01 00:26:38.738400,1,0,2.0
1970-01-01 00:26:38.742000,1,0,2.0
1970-01-01 00:26:38.745600,1,0,2.0
1970-01-01 00:26:38.756400,0,1,2.0
1970-01-01 00:26:38.767200,1,0,2.0
1970-01-01 00:26:38.770800,1,0,2.0
1970-01-01 00:26:38.774400,1,0,2.0
1970-01-01 00:26:38.778000,1,0,2.0
1970-01-01 00:26:38.781600,1,0,2.0
1970-01-01 00:26:38.785200,1,0,2.0
1970-01-01 00:26:38.821200,1,0,2.0
1970-01-01 00:26:38.835600,0,1,2.0
1970-01-01 00:26:38.857200,1,0,2.0
1970-01-01 00:26:38.860800,1,0,2.0
1970-01-01 00:26:38.871600,0,1,2.0
1970-01-01 00:26:38.875200,0,1,2.0
1970-01-01 00:26:38.914800,1,0,2.0
1970-01-01 00:26:38.918400,1,0,2.0
1970-01-01 00:26:38.922000,1,0,2.0
1970-01-01 00:26:38.925600,1,0,2.0
1970-01-01 00:26:38.929200,1,0,2.0
1970-01-01 00:26:38.932800,1,0,2.0
1970-01-01 00:26:38.954400,0,1,2.0
1970-01-01 00:26:38.958000,1,0,2.0
1970-01-01 00:26:38.965200,1,0,2.0
1970-01-01 00:26:39.019200,0,1,2.0
1970-01-01 00:26:39.022800,0,1,2.0
1970-01-01 00:26:39.026400,0,1,2.0
1970-01-01 00:26:39.030000,0,1,2.0
1970-01-01 00:26:39.033600,0,1,2.0
1970-01-01 00:26:39.037200,0,1,2.0
1970-01-01 00:26:39.040800,0,1,2.0
1970-01-01 00:26:39.094800,0,1,2.0
1970-01-01 00:26:39.098400,0,1,2.0
1970-01-01 00:26:39.116400,0,1,2.0
1970-01-01 00:26:39.120000,0,1,2.0
1970-01-01 00:26:39.123600,0,1,2.0
1970-01-01 00:26:39.127200,0,1,2.0
1970-01-01 00:26:39.130800,0,1,2.0
1970-01-01 00:26:39.138000,0,1,2.0
1970-01-01 00:26:39.152400,0,1,2.0
1970-01-01 00:26:39.156000,0,1,2.0
1970-01-01 00:26:39.159600,0,1,2.0
1970-01-01 00:26:39.163200,0,1,2.0
1970-01-01 00:26:39.166800,0,1,2.0
1970-01-01 00:26:39.170400,0,1,2.0
1970-01-01 00:26:39.188400,1,0,2.0
1970-01-01 00:26:39.192000,1,0,2.0
1970-01-01 00:26:39.195600,1,0,2.0
1970-01-01 00:26:39.199200,1,0,2.0
1970-01-01 00:26:39.202800,1,0,2.0
1970-01-01 00:26:39.285600,0,1,2.0
1970-01-01 00:26:39.289200,0,1,2.0
1970-01-01 00:26:39.292800,0,1,2.0
1970-01-01 00:26:39.303600,0,1,2.0
1970-01-01 00:26:39.307200,1,0,2.0
1970-01-01 00:26:39.310800,0,1,2.0
1970-01-01 00:26:39.314400,0,1,2.0
1970-01-01 00:26:39.318000,0,1,2.0
1970-01-01 00:26:39.321600,0,1,2.0
1970-01-01 00:26:39.436800,0,1,2.0
1970-01-01 00:26:39.440400,0,1,2.0
1970-01-01 00:26:39.458400,0,1,2.0
1970-01-01 00:26:39.462000,0,1,2.0
1970-01-01 00:26:39.465600,0,1,2.0
1970-01-01 00:26:39.476400,1,0,2.0
1970-01-01 00:26:39.480000,1,0,2.0
1970-01-01 00:26:39.534000,0,1,2.0
1970-01-01 00:26:39.541200,0,1,2.0
1970-01-01 00:26:39.544800,0,1,2.0
1970-01-01 00:26:39.548400,0,1,2.0
1970-01-01 00:26:39.652800,1,0,2.0
1970-01-01 00:26:39.656400,1,0,2.0
1970-01-01 00:26:39.674400,0,1,2.0
1970-01-01 00:26:39.681600,1,0,2.0
1970-01-01 00:26:39.685200,1,0,2.0
1970-01-01 00:26:39.688800,1,0,2.0
1970-01-01 00:26:39.692400,1,0,2.0
1970-01-01 00:26:39.710400,0,1,2.0
1970-01-01 00:26:39.732000,1,0,2.0
1970-01-01 00:26:39.771600,0,1,2.0
1970-01-01 00:26:39.775200,0,1,2.0
1970-01-01 00:26:39.778800,0,1,2.0
1970-01-01 00:26:39.782400,0,1,2.0
1970-01-01 00:26:39.793200,1,0,2.0
1970-01-01 00:26:39.796800,1,0,2.0
1970-01-01 00:26:39.912000,1,0,2.0
1970-01-01 00:26:39.915600,1,0,2.0
1970-01-01 00:26:39.919200,1,0,2.0
1970-01-01 00:26:39.922800,1,0,2.0
1970-01-01 00:26:39.926400,1,0,2.0
1970-01-01 00:26:39.930000,1,0,2.0
1970-01-01 00:26:39.937200,0,1,2.0
1970-01-01 00:26:39.973200,0,1,2.0
1970-01-01 00:26:39.976800,0,1,2.0
1970-01-01 00:26:39.980400,0,1,2.0
1970-01-01 00:26:39.984000,0,1,2.0
1970-01-01 00:26:39.987600,0,1,2.0
1970-01-01 00:26:39.991200,0,1,2.0
1970-01-01 00:26:39.994800,0,1,2.0
1970-01-01 00:26:39.998400,0,1,2.0
1970-01-01 00:26:40.002000,0,1,2.0
1970-01-01 00:26:40.005600,0,1,2.0
1970-01-01 00:26:40.059600,1,0,2.0
1970-01-01 00:26:40.066800,1,0,2.0
1970-01-01 00:26:40.070400,1,0,2.0
1970-01-01 00:26:40.074000,1,0,2.0
1970-01-01 00:26:40.077600,1,0,2.0
1970-01-01 00:26:40.081200,1,0,2.0
1970-01-01 00:26:40.084800,1,0,2.0
1970-01-01 00:26:40.113600,1,0,2.0
1970-01-01 00:26:40.120800,1,0,2.0
1970-01-01 00:26:40.128000,1,0,2.0
1970-01-01 00:26:40.131600,1,0,2.0
1970-01-01 00:26:40.171200,0,1,2.0
1970-01-01 00:26:40.192800,0,1,2.0
1970-01-01 00:26:40.196400,0,1,2.0
1970-01-01 00:26:40.200000,0,1,2.0
1970-01-01 00:26:40.203600,0,1,2.0
1970-01-01 00:26:40.207200,0,1,2.0
1970-01-01 00:26:40.239600,0,1,2.0
1970-01-01 00:26:40.250400,1,0,2.0
1970-01-01 00:26:40.264800,1,0,2.0
1970-01-01 00:26:40.275600,0,1,2.0
1970-01-01 00:26:40.279200,1,0,2.0
1970-01-01 00:26:40.282800,1,0,2.0
1970-01-01 00:26:40.286400,1,0,2.0
1970-01-01 00:26:40.290000,1,0,2.0
1970-01-01 00:26:40.297200,1,0,2.0
1970-01-01 00:26:40.354800,1,0,2.0
1970-01-01 00:26:40.358400,1,0,2.0
1970-01-01 00:26:40.362000,1,0,2.0
1970-01-01 00:26:40.419600,0,1,2.0
1970-01-01 00:26:40.423200,0,1,2.0
1970-01-01 00:26:40.426800,0,1,2.0
1970-01-01 00:26:40.430400,0,1,2.0
1970-01-01 00:26:40.434000,0,1,2.0
1970-01-01 00:26:40.437600,0,1,2.0
1970-01-01 00:26:40.444800,0,1,2.0
1970-01-01 00:26:40.448400,1,0,2.0
1970-01-01 00:26:40.491600,1,0,2.0
1970-01-01 00:26:40.495200,1,0,2.0
1970-01-01 00:26:40.498800,1,0,2.0
1970-01-01 00:26:40.502400,1,0,2.0
1970-01-01 00:26:40.506000,1,0,2.0
1970-01-01 00:26:40.509600,1,0,2.0
1970-01-01 00:26:40.545600,0,1,2.0
1970-01-01 00:26:40.552800,0,1,2.0
1970-01-01 00:26:40.556400,0,1,2.0
1970-01-01 00:26:40.581600,0,1,2.0
1970-01-01 00:26:40.585200,0,1,2.0
1970-01-01 00:26:40.588800,0,1,2.0
1970-01-01 00:26:40.592400,0,1,2.0
1970-01-01 00:26:40.596000,0,1,2.0
1970-01-01 00:26:40.599600,0,1,2.0
1970-01-01 00:26:40.657200,0,1,2.0
1970-01-01 00:26:40.660800,0,1,2.0
1970-01-01 00:26:40.664400,0,1,2.0
1970-01-01 00:26:40.668000,0,1,2.0
1970-01-01 00:26:40.671600,0,1,2.0
1970-01-01 00:26:40.675200,0,1,2.0
1970-01-01 00:26:40.678800,0,1,2.0
1970-01-01 00:26:40.682400,0,1,2.0
1970-01-01 00:26:40.686000,0,1,2.0
1970-01-01 00:26:40.689600,0,1,2.0
1970-01-01 00:26:40.693200,0,1,2.0
1970-01-01 00:26:40.758000,1,0,2.0
1970-01-01 00:26:40.786800,1,0,2.0
1970-01-01 00:26:40.790400,1,0,2.0
1970-01-01 00:26:40.794000,1,0,2.0
1970-01-01 00:26:40.797600,1,0,2.0
1970-01-01 00:26:40.801200,1,0,2.0
1970-01-01 00:26:40.804800,1,0,2.0
1970-01-01 00:26:40.830000,1,0,2.0
1970-01-01 00:26:40.833600,1,0,2.0
1970-01-01 00:26:40.837200,1,0,2.0
1970-01-01 00:26:40.840800,1,0,2.0
1970-01-01 00:26:40.844400,1,0,2.0
1970-01-01 00:26:40.862400,0,1,2.0
1970-01-01 00:26:40.866000,0,1,2.0
1970-01-01 00:26:40.869600,0,1,2.0
1970-01-01 00:26:40.873200,0,1,2.0
1970-01-01 00:26:40.876800,0,1,2.0
1970-01-01 00:26:40.880400,0,1,2.0
1970-01-01 00:26:40.884000,0,1,2.0
1970-01-01 00:26:40.938000,1,0,2.0
1970-01-01 00:26:40.941600,1,0,2.0
1970-01-01 00:26:40.945200,1,0,2.0
1970-01-01 00:26:40.948800,1,0,2.0
1970-01-01 00:26:40.952400,1,0,2.0
1970-01-01 00:26:40.956000,1,0,2.0
1970-01-01 00:26:40.988400,0,1,2.0
1970-01-01 00:26:41.010000,1,0,2.0
1970-01-01 00:26:41.020800,1,0,2.0
1970-01-01 00:26:41.024400,1,0,2.0
1970-01-01 00:26:41.028000,1,0,2.0
1970-01-01 00:26:41.085600,0,1,2.0
1970-01-01 00:26:41.121600,1,0,2.0
1970-01-01 00:26:41.125200,1,0,2.0
1970-01-01 00:26:41.128800,1,0,2.0
1970-01-01 00:26:41.164800,0,1,2.0
1970-01-01 00:26:41.168400,0,1,2.0
1970-01-01 00:26:41.172000,0,1,2.0
1970-01-01 00:26:41.175600,0,1,2.0
1970-01-01 00:26:41.179200,0,1,2.0
1970-01-01 00:26:41.182800,0,1,2.0
1970-01-01 00:26:41.197200,1,0,2.0
1970-01-01 00:26:41.204400,1,0,2.0
1970-01-01 00:26:41.215200,1,0,2.0
1970-01-01 00:26:41.233200,1,0,2.0
1970-01-01 00:26:41.236800,1,0,2.0
1970-01-01 00:26:41.240400,1,0,2.0
1970-01-01 00:26:41.244000,1,0,2.0
1970-01-01 00:26:41.247600,1,0,2.0
1970-01-01 00:26:41.280000,1,0,2.0
1970-01-01 00:26:41.312400,0,1,2.0
1970-01-01 00:26:41.316000,0,1,2.0
1970-01-01 00:26:41.319600,0,1,2.0
1970-01-01 00:26:41.323200,0,1,2.0
1970-01-01 00:26:41.326800,0,1,2.0
1970-01-01 00:26:41.330400,0,1,2.0
1970-01-01 00:26:41.398800,1,0,2.0
1970-01-01 00:26:41.416800,1,0,2.0
1970-01-01 00:26:41.420400,1,0,2.0
1970-01-01 00:26:41.424000,1,0,2.0
1970-01-01 00:26:41.427600,1,0,2.0
1970-01-01 00:26:41.431200,1,0,2.0
1970-01-01 00:26:41.434800,1,0,2.0
1970-01-01 00:26:41.463600,1,0,2.0
1970-01-01 00:26:41.492400,1,0,2.0
1970-01-01 00:26:41.496000,1,0,2.0
1970-01-01 00:26:41.499600,1,0,2.0
1970-01-01 00:26:41.517600,1,0,2.0
1970-01-01 00:26:41.521200,1,0,2.0
1970-01-01 00:26:41.524800,1,0,2.0
1970-01-01 00:26:41.528400,1,0,2.0
1970-01-01 00:26:41.532000,1,0,2.0
1970-01-01 00:26:41.535600,1,0,2.0
1970-01-01 00:26:41.539200,1,0,2.0
1970-01-01 00:26:41.550000,0,1,2.0
1970-01-01 00:26:41.560800,0,1,2.0
1970-01-01 00:26:41.564400,0,1,2.0
1970-01-01 00:26:41.604000,0,1,2.0
1970-01-01 00:26:41.607600,0,1,2.0
1970-01-01 00:26:41.611200,0,1,2.0
1970-01-01 00:26:41.618400,0,1,2.0
1970-01-01 00:26:41.622000,0,1,2.0
1970-01-01 00:26:41.704800,1,0,2.0
1970-01-01 00:26:41.751600,0,1,2.0
1970-01-01 00:26:41.758800,0,1,2.0
1970-01-01 00:26:41.769600,1,0,2.0
1970-01-01 00:26:41.773200,1,0,2.0
1970-01-01 00:26:41.776800,1,0,2.0
1970-01-01 00:26:41.780400,1,0,2.0
1970-01-01 00:26:41.787600,1,0,2.0
1970-01-01 00:26:41.805600,1,0,2.0
1970-01-01 00:26:41.809200,1,0,2.0
1970-01-01 00:26:41.812800,1,0,2.0
1970-01-01 00:26:41.820000,1,0,2.0
1970-01-01 00:26:41.823600,1,0,2.0
1970-01-01 00:26:41.827200,1,0,2.0
1970-01-01 00:26:41.830800,1,0,2.0
1970-01-01 00:26:41.856000,0,1,2.0
1970-01-01 00:26:41.895600,0,0,2.0
1970-01-01 00:26:41.899200,0,1,2.0
1970-01-01 00:26:41.902800,0,1,2.0
1970-01-01 00:26:41.906400,0,1,2.0
1970-01-01 00:26:41.910000,0,1,2.0
1970-01-01 00:26:41.913600,0,1,2.0
1970-01-01 00:26:41.917200,1,0,2.0
1970-01-01 00:26:41.931600,1,0,2.0
1970-01-01 00:26:41.935200,1,0,2.0
1970-01-01 00:26:41.960400,0,1,2.0
1970-01-01 00:26:41.964000,0,1,2.0
1970-01-01 00:26:41.971200,0,1,2.0
1970-01-01 00:26:41.982000,1,0,2.0
1970-01-01 00:26:41.985600,1,0,2.0
1970-01-01 00:26:41.989200,1,0,2.0
1970-01-01 00:26:41.992800,1,0,2.0
1970-01-01 00:26:41.996400,0,1,2.0
1970-01-01 00:26:42.000000,0,1,2.0
1970-01-01 00:26:42.003600,0,1,2.0
1970-01-01 00:26:42.068400,1,0,2.0
1970-01-01 00:26:42.129600,0,1,2.0
1970-01-01 00:26:42.136800,0,1,2.0
1970-01-01 00:26:42.140400,1,0,2.0
1970-01-01 00:26:42.144000,1,0,2.0
1970-01-01 00:26:42.147600,1,0,2.0
1970-01-01 00:26:42.151200,1,0,2.0
1970-01-01 00:26:42.154800,1,0,2.0
1970-01-01 00:26:42.158400,1,0,2.0
1970-01-01 00:26:42.216000,1,0,2.0
1970-01-01 00:26:42.219600,1,0,2.0
1970-01-01 00:26:42.223200,1,0,2.0
1970-01-01 00:26:42.226800,1,0,2.0
1970-01-01 00:26:42.230400,1,0,2.0
1970-01-01 00:26:42.234000,1,0,2.0
1970-01-01 00:26:42.237600,1,0,2.0
1970-01-01 00:26:42.241200,1,0,2.0
1970-01-01 00:26:42.255600,0,1,2.0
1970-01-01 00:26:42.273600,1,0,2.0
1970-01-01 00:26:42.277200,1,0,2.0
1970-01-01 00:26:42.280800,1,0,2.0
1970-01-01 00:26:42.284400,1,0,2.0
1970-01-01 00:26:42.288000,1,0,2.0
1970-01-01 00:26:42.291600,1,0,2.0
1970-01-01 00:26:42.295200,1,0,2.0
1970-01-01 00:26:42.302400,0,1,2.0
1970-01-01 00:26:42.324000,1,0,2.0
1970-01-01 00:26:42.370800,1,0,2.0
1970-01-01 00:26:42.374400,1,0,2.0
1970-01-01 00:26:42.388800,1,0,2.0
1970-01-01 00:26:42.392400,1,0,2.0
1970-01-01 00:26:42.396000,1,0,2.0
1970-01-01 00:26:42.399600,1,0,2.0
1970-01-01 00:26:42.403200,1,0,2.0
1970-01-01 00:26:42.406800,1,0,2.0
1970-01-01 00:26:42.410400,0,1,2.0
1970-01-01 00:26:42.417600,1,0,2.0
1970-01-01 00:26:42.421200,1,0,2.0
1970-01-01 00:26:42.496800,1,0,2.0
1970-01-01 00:26:42.500400,1,0,2.0
1970-01-01 00:26:42.504000,1,0,2.0
1970-01-01 00:26:42.536400,0,1,2.0
1970-01-01 00:26:42.540000,0,1,2.0
1970-01-01 00:26:42.576000,0,1,2.0
1970-01-01 00:26:42.640800,1,0,2.0
1970-01-01 00:26:42.644400,1,0,2.0
1970-01-01 00:26:42.648000,1,0,2.0
1970-01-01 00:26:42.662400,0,1,2.0
1970-01-01 00:26:42.666000,0,1,2.0
1970-01-01 00:26:42.676800,0,1,2.0
1970-01-01 00:26:42.680400,0,1,2.0
1970-01-01 00:26:42.738000,0,0,2.0
1970-01-01 00:26:42.741600,0,1,2.0
1970-01-01 00:26:42.745200,0,1,2.0
1970-01-01 00:26:42.752400,1,0,2.0
1970-01-01 00:26:42.799200,0,1,2.0
1970-01-01 00:26:42.802800,0,1,2.0
1970-01-01 00:26:42.806400,0,1,2.0
1970-01-01 00:26:42.810000,0,1,2.0
1970-01-01 00:26:42.813600,0,1,2.0
1970-01-01 00:26:42.817200,0,1,2.0
1970-01-01 00:26:42.925200,0,1,2.0
1970-01-01 00:26:42.928800,0,1,2.0
1970-01-01 00:26:42.932400,0,1,2.0
1970-01-01 00:26:42.936000,0,1,2.0
1970-01-01 00:26:43.054800,0,1,2.0
1970-01-01 00:26:43.058400,0,1,2.0
1970-01-01 00:26:43.062000,0,1,2.0
1970-01-01 00:26:43.065600,0,1,2.0
1970-01-01 00:26:43.076400,1,0,2.0
1970-01-01 00:26:43.087200,1,0,2.0
1970-01-01 00:26:43.090800,1,0,2.0
1970-01-01 00:26:43.094400,1,0,2.0
1970-01-01 00:26:43.098000,1,0,2.0
1970-01-01 00:26:43.101600,1,0,2.0
1970-01-01 00:26:43.105200,1,0,2.0
1970-01-01 00:26:43.108800,1,0,2.0
1970-01-01 00:26:43.116000,1,0,2.0
1970-01-01 00:26:43.159200,0,1,2.0
1970-01-01 00:26:43.162800,0,1,2.0
1970-01-01 00:26:43.170000,0,1,2.0
1970-01-01 00:26:43.173600,0,1,2.0
1970-01-01 00:26:43.177200,0,1,2.0
1970-01-01 00:26:43.180800,0,1,2.0
1970-01-01 00:26:43.184400,0,1,2.0
1970-01-01 00:26:43.188000,0,1,2.0
1970-01-01 00:26:43.220400,1,0,2.0
1970-01-01 00:26:43.227600,1,0,2.0
1970-01-01 00:26:43.231200,1,0,2.0
1970-01-01 00:26:43.234800,1,0,2.0
1970-01-01 00:26:43.238400,1,0,2.0
1970-01-01 00:26:43.242000,1,0,2.0
1970-01-01 00:26:43.245600,1,0,2.0
1970-01-01 00:26:43.260000,1,0,2.0
1970-01-01 00:26:43.263600,1,0,2.0
1970-01-01 00:26:43.267200,1,0,2.0
1970-01-01 00:26:43.270800,1,0,2.0
1970-01-01 00:26:43.274400,1,0,2.0
1970-01-01 00:26:43.278000,1,0,2.0
1970-01-01 00:26:43.281600,1,0,2.0
1970-01-01 00:26:43.296000,1,0,2.0
1970-01-01 00:26:43.299600,1,0,2.0
1970-01-01 00:26:43.306800,1,0,2.0
1970-01-01 00:26:43.310400,1,0,2.0
1970-01-01 00:26:43.314000,1,0,2.0
1970-01-01 00:26:43.321200,1,0,2.0
1970-01-01 00:26:43.400400,0,1,2.0
1970-01-01 00:26:43.407600,1,0,2.0
1970-01-01 00:26:43.411200,1,0,2.0
1970-01-01 00:26:43.414800,1,0,2.0
1970-01-01 00:26:43.418400,1,0,2.0
1970-01-01 00:26:43.422000,1,0,2.0
1970-01-01 00:26:43.425600,1,0,2.0
1970-01-01 00:26:43.497600,1,0,2.0
1970-01-01 00:26:43.501200,1,0,2.0
1970-01-01 00:26:43.504800,1,0,2.0
1970-01-01 00:26:43.508400,1,0,2.0
1970-01-01 00:26:43.512000,1,0,2.0
1970-01-01 00:26:43.515600,1,0,2.0
1970-01-01 00:26:43.519200,1,0,2.0
1970-01-01 00:26:43.522800,1,0,2.0
1970-01-01 00:26:43.526400,1,0,2.0
1970-01-01 00:26:43.530000,1,0,2.0
1970-01-01 00:26:43.537200,1,0,2.0
1970-01-01 00:26:43.540800,1,0,2.0
1970-01-01 00:26:43.580400,0,1,2.0
1970-01-01 00:26:43.594800,0,1,2.0
1970-01-01 00:26:43.598400,0,1,2.0
1970-01-01 00:26:43.612800,1,0,2.0
1970-01-01 00:26:43.616400,1,0,2.0
1970-01-01 00:26:43.620000,1,0,2.0
1970-01-01 00:26:43.623600,1,0,2.0
1970-01-01 00:26:43.627200,1,0,2.0
1970-01-01 00:26:43.702800,0,1,2.0
1970-01-01 00:26:43.706400,0,1,2.0
1970-01-01 00:26:43.710000,0,1,2.0
1970-01-01 00:26:43.713600,0,1,2.0
1970-01-01 00:26:43.717200,0,1,2.0
1970-01-01 00:26:43.720800,0,1,2.0
1970-01-01 00:26:43.767600,1,0,2.0
1970-01-01 00:26:43.774800,1,0,2.0
1970-01-01 00:26:43.814400,0,1,2.0
1970-01-01 00:26:43.825200,1,0,2.0
1970-01-01 00:26:43.828800,1,0,2.0
1970-01-01 00:26:43.832400,1,0,2.0
1970-01-01 00:26:43.836000,1,0,2.0
1970-01-01 00:26:43.839600,1,0,2.0
1970-01-01 00:26:43.843200,1,0,2.0
1970-01-01 00:26:43.846800,0,1,2.0
1970-01-01 00:26:43.850400,0,1,2.0
1970-01-01 00:26:43.854000,0,1,2.0
1970-01-01 00:26:43.857600,0,1,2.0
1970-01-01 00:26:43.861200,0,1,2.0
1970-01-01 00:26:43.864800,0,1,2.0
1970-01-01 00:26:43.868400,0,1,2.0
1970-01-01 00:26:43.872000,0,1,2.0
1970-01-01 00:26:43.875600,0,1,2.0
1970-01-01 00:26:43.879200,0,1,2.0
1970-01-01 00:26:43.886400,0,1,2.0
1970-01-01 00:26:43.947600,0,1,2.0
1970-01-01 00:26:43.951200,0,1,2.0
1970-01-01 00:26:43.954800,0,1,2.0
1970-01-01 00:26:43.958400,0,1,2.0
1970-01-01 00:26:43.962000,0,1,2.0
1970-01-01 00:26:43.969200,1,0,2.0
1970-01-01 00:26:43.972800,1,0,2.0
1970-01-01 00:26:44.012400,0,1,2.0
1970-01-01 00:26:44.016000,0,1,2.0
1970-01-01 00:26:44.019600,0,1,2.0
1970-01-01 00:26:44.026800,0,1,2.0
1970-01-01 00:26:44.095200,1,0,2.0
1970-01-01 00:26:44.098800,1,0,2.0
1970-01-01 00:26:44.106000,0,1,2.0
1970-01-01 00:26:44.113200,1,0,2.0
1970-01-01 00:26:44.116800,1,0,2.0
1970-01-01 00:26:44.120400,1,0,2.0
1970-01-01 00:26:44.124000,1,0,2.0
1970-01-01 00:26:44.127600,1,0,2.0
1970-01-01 00:26:44.181600,0,1,2.0
1970-01-01 00:26:44.214000,0,1,2.0
1970-01-01 00:26:44.239200,1,0,2.0
1970-01-01 00:26:44.242800,1,0,2.0
1970-01-01 00:26:44.246400,1,0,2.0
1970-01-01 00:26:44.250000,1,0,2.0
1970-01-01 00:26:44.253600,1,0,2.0
1970-01-01 00:26:44.257200,1,0,2.0
1970-01-01 00:26:44.260800,1,0,2.0
1970-01-01 00:26:44.268000,1,0,2.0
1970-01-01 00:26:44.271600,1,0,2.0
1970-01-01 00:26:44.275200,0,1,2.0
1970-01-01 00:26:44.282400,0,1,2.0
1970-01-01 00:26:44.286000,0,1,2.0
1970-01-01 00:26:44.289600,0,1,2.0
1970-01-01 00:26:44.293200,0,1,2.0
1970-01-01 00:26:44.296800,0,1,2.0
1970-01-01 00:26:44.300400,0,1,2.0
1970-01-01 00:26:44.307600,0,1,2.0
1970-01-01 00:26:44.347200,0,1,2.0
1970-01-01 00:26:44.350800,0,1,2.0
1970-01-01 00:26:44.354400,0,1,2.0
1970-01-01 00:26:44.358000,0,1,2.0
1970-01-01 00:26:44.361600,0,1,2.0
1970-01-01 00:26:44.365200,0,1,2.0
1970-01-01 00:26:44.376000,1,0,2.0
1970-01-01 00:26:44.379600,1,0,2.0
1970-01-01 00:26:44.422800,1,0,2.0
1970-01-01 00:26:44.458800,0,1,2.0
1970-01-01 00:26:44.462400,0,1,2.0
1970-01-01 00:26:44.469600,0,1,2.0
1970-01-01 00:26:44.484000,0,0,2.0
1970-01-01 00:26:44.487600,1,0,2.0
1970-01-01 00:26:44.494800,1,0,2.0
1970-01-01 00:26:44.498400,1,0,2.0
1970-01-01 00:26:44.502000,1,0,2.0
1970-01-01 00:26:44.563200,1,0,2.0
1970-01-01 00:26:44.566800,1,0,2.0
1970-01-01 00:26:44.570400,1,0,2.0
1970-01-01 00:26:44.574000,1,0,2.0
1970-01-01 00:26:44.577600,1,0,2.0
1970-01-01 00:26:44.581200,1,0,2.0
1970-01-01 00:26:44.599200,1,0,2.0
1970-01-01 00:26:44.602800,1,0,2.0
1970-01-01 00:26:44.606400,1,0,2.0
1970-01-01 00:26:44.610000,1,0,2.0
1970-01-01 00:26:44.613600,1,0,2.0
1970-01-01 00:26:44.617200,1,0,2.0
1970-01-01 00:26:44.635200,1,0,2.0
1970-01-01 00:26:44.649600,1,0,2.0
1970-01-01 00:26:44.653200,1,0,2.0
1970-01-01 00:26:44.656800,0,1,2.0
1970-01-01 00:26:44.667600,0,1,2.0
1970-01-01 00:26:44.685600,1,0,2.0
1970-01-01 00:26:44.689200,1,0,2.0
1970-01-01 00:26:44.692800,1,0,2.0
1970-01-01 00:26:44.696400,1,0,2.0
1970-01-01 00:26:44.700000,1,0,2.0
1970-01-01 00:26:44.736000,0,1,2.0
1970-01-01 00:26:44.739600,0,1,2.0
1970-01-01 00:26:44.743200,0,1,2.0
1970-01-01 00:26:44.746800,0,1,2.0
1970-01-01 00:26:44.750400,0,1,2.0
1970-01-01 00:26:44.754000,0,1,2.0
1970-01-01 00:26:44.757600,0,1,2.0
1970-01-01 00:26:44.761200,0,1,2.0
1970-01-01 00:26:44.764800,0,1,2.0
1970-01-01 00:26:44.768400,0,1,2.0
1970-01-01 00:26:44.822400,1,0,2.0
1970-01-01 00:26:44.826000,1,0,2.0
1970-01-01 00:26:44.829600,1,0,2.0
1970-01-01 00:26:44.833200,1,0,2.0
1970-01-01 00:26:44.840400,1,0,2.0
1970-01-01 00:26:44.883600,0,1,2.0
1970-01-01 00:26:44.898000,1,0,2.0
1970-01-01 00:26:44.901600,1,0,2.0
1970-01-01 00:26:44.905200,1,0,2.0
1970-01-01 00:26:44.916000,0,1,2.0
1970-01-01 00:26:44.919600,0,1,2.0
1970-01-01 00:26:44.923200,0,1,2.0
1970-01-01 00:26:44.980800,0,1,2.0
1970-01-01 00:26:44.998800,0,1,2.0
1970-01-01 00:26:45.006000,0,1,2.0
1970-01-01 00:26:45.031200,1,0,2.0
1970-01-01 00:26:45.034800,1,0,2.0
1970-01-01 00:26:45.038400,1,0,2.0
1970-01-01 00:26:45.042000,1,0,2.0
1970-01-01 00:26:45.045600,1,0,2.0
1970-01-01 00:26:45.049200,1,0,2.0
1970-01-01 00:26:45.117600,0,1,2.0
1970-01-01 00:26:45.121200,0,1,2.0
1970-01-01 00:26:45.124800,0,1,2.0
1970-01-01 00:26:45.128400,0,1,2.0
1970-01-01 00:26:45.132000,0,1,2.0
1970-01-01 00:26:45.135600,0,1,2.0
1970-01-01 00:26:45.164400,0,1,2.0
1970-01-01 00:26:45.171600,0,1,2.0
1970-01-01 00:26:45.200400,1,0,2.0
1970-01-01 00:26:45.204000,1,0,2.0
1970-01-01 00:26:45.207600,1,0,2.0
1970-01-01 00:26:45.211200,1,0,2.0
1970-01-01 00:26:45.214800,1,0,2.0
1970-01-01 00:26:45.218400,1,0,2.0
1970-01-01 00:26:45.225600,1,0,2.0
1970-01-01 00:26:45.232800,1,0,2.0
1970-01-01 00:26:45.236400,1,0,2.0
1970-01-01 00:26:45.240000,1,0,2.0
1970-01-01 00:26:45.243600,1,0,2.0
1970-01-01 00:26:45.247200,1,0,2.0
1970-01-01 00:26:45.250800,1,0,2.0
1970-01-01 00:26:45.254400,1,0,2.0
1970-01-01 00:26:45.261600,1,0,2.0
1970-01-01 00:26:45.265200,1,0,2.0
1970-01-01 00:26:45.308400,0,1,2.0
1970-01-01 00:26:45.322800,0,1,2.0
1970-01-01 00:26:45.330000,0,1,2.0
1970-01-01 00:26:45.333600,0,1,2.0
1970-01-01 00:26:45.337200,0,1,2.0
1970-01-01 00:26:45.416400,0,1,2.0
1970-01-01 00:26:45.420000,0,1,2.0
1970-01-01 00:26:45.423600,0,1,2.0
1970-01-01 00:26:45.427200,0,1,2.0
1970-01-01 00:26:45.430800,0,1,2.0
1970-01-01 00:26:45.445200,0,1,2.0
1970-01-01 00:26:45.448800,0,1,2.0
1970-01-01 00:26:45.463200,1,0,2.0
1970-01-01 00:26:45.466800,1,0,2.0
1970-01-01 00:26:45.470400,1,0,2.0
1970-01-01 00:26:45.474000,1,0,2.0
1970-01-01 00:26:45.477600,1,0,2.0
1970-01-01 00:26:45.481200,1,0,2.0
1970-01-01 00:26:45.484800,1,0,2.0
1970-01-01 00:26:45.488400,1,0,2.0
1970-01-01 00:26:45.492000,1,0,2.0
1970-01-01 00:26:45.495600,1,0,2.0
1970-01-01 00:26:45.499200,1,0,2.0
1970-01-01 00:26:45.502800,1,0,2.0
1970-01-01 00:26:45.510000,1,0,2.0
1970-01-01 00:26:45.513600,1,0,2.0
1970-01-01 00:26:45.517200,1,0,2.0
1970-01-01 00:26:45.520800,1,0,2.0
1970-01-01 00:26:45.524400,1,0,2.0
1970-01-01 00:26:45.528000,1,0,2.0
1970-01-01 00:26:45.549600,1,0,2.0
1970-01-01 00:26:45.553200,1,0,2.0
1970-01-01 00:26:45.556800,1,0,2.0
1970-01-01 00:26:45.560400,1,0,2.0
1970-01-01 00:26:45.564000,1,0,2.0
1970-01-01 00:26:45.618000,1,0,2.0
1970-01-01 00:26:45.621600,1,0,2.0
1970-01-01 00:26:45.654000,0,1,2.0
1970-01-01 00:26:45.657600,0,1,2.0
1970-01-01 00:26:45.661200,0,1,2.0
1970-01-01 00:26:45.664800,0,1,2.0
1970-01-01 00:26:45.668400,0,1,2.0
1970-01-01 00:26:45.672000,0,1,2.0
1970-01-01 00:26:45.762000,1,0,2.0
1970-01-01 00:26:45.765600,1,0,2.0
1970-01-01 00:26:45.769200,1,0,2.0
1970-01-01 00:26:45.772800,1,0,2.0
1970-01-01 00:26:45.776400,1,0,2.0
1970-01-01 00:26:45.780000,1,0,2.0
1970-01-01 00:26:45.790800,1,0,2.0
1970-01-01 00:26:45.873600,1,0,2.0
1970-01-01 00:26:45.877200,1,0,2.0
1970-01-01 00:26:45.880800,1,0,2.0
1970-01-01 00:26:45.884400,1,0,2.0
1970-01-01 00:26:45.888000,0,1,2.0
1970-01-01 00:26:45.916800,0,1,2.0
1970-01-01 00:26:45.920400,0,1,2.0
1970-01-01 00:26:45.931200,1,0,2.0
1970-01-01 00:26:45.934800,1,0,2.0
1970-01-01 00:26:45.949200,1,0,2.0
1970-01-01 00:26:45.952800,1,0,2.0
1970-01-01 00:26:45.956400,1,0,2.0
1970-01-01 00:26:45.960000,1,0,2.0
1970-01-01 00:26:46.024800,0,1,2.0
1970-01-01 00:26:46.028400,0,1,2.0
1970-01-01 00:26:46.035600,0,1,2.0
1970-01-01 00:26:46.078800,0,1,2.0
1970-01-01 00:26:46.082400,0,1,2.0
1970-01-01 00:26:46.086000,1,0,2.0
1970-01-01 00:26:46.089600,1,0,2.0
1970-01-01 00:26:46.093200,1,0,2.0
1970-01-01 00:26:46.096800,1,0,2.0
1970-01-01 00:26:46.100400,1,0,2.0
1970-01-01 00:26:46.104000,1,0,2.0
1970-01-01 00:26:46.158000,1,0,2.0
1970-01-01 00:26:46.161600,1,0,2.0
1970-01-01 00:26:46.183200,1,0,2.0
1970-01-01 00:26:46.197600,1,0,2.0
1970-01-01 00:26:46.201200,1,0,2.0
1970-01-01 00:26:46.204800,0,1,2.0
1970-01-01 00:26:46.258800,0,1,2.0
1970-01-01 00:26:46.262400,0,1,2.0
1970-01-01 00:26:46.266000,0,1,2.0
1970-01-01 00:26:46.276800,1,0,2.0
1970-01-01 00:26:46.280400,1,0,2.0
1970-01-01 00:26:46.284000,1,0,2.0
1970-01-01 00:26:46.302000,0,1,2.0
1970-01-01 00:26:46.312800,0,1,2.0
1970-01-01 00:26:46.316400,0,1,2.0
1970-01-01 00:26:46.320000,0,1,2.0
1970-01-01 00:26:46.323600,0,1,2.0
1970-01-01 00:26:46.327200,0,1,2.0
1970-01-01 00:26:46.330800,0,1,2.0
1970-01-01 00:26:46.334400,0,1,2.0
1970-01-01 00:26:46.338000,0,1,2.0
1970-01-01 00:26:46.341600,0,1,2.0
1970-01-01 00:26:46.345200,0,1,2.0
1970-01-01 00:26:46.348800,0,1,2.0
1970-01-01 00:26:46.352400,0,1,2.0
1970-01-01 00:26:46.356000,0,1,2.0
1970-01-01 00:26:46.384800,0,1,2.0
1970-01-01 00:26:46.388400,0,1,2.0
1970-01-01 00:26:46.392000,0,1,2.0
1970-01-01 00:26:46.395600,0,1,2.0
1970-01-01 00:26:46.413600,1,0,2.0
1970-01-01 00:26:46.417200,1,0,2.0
1970-01-01 00:26:46.453200,0,1,2.0
1970-01-01 00:26:46.456800,0,1,2.0
1970-01-01 00:26:46.546800,1,0,2.0
1970-01-01 00:26:46.550400,1,0,2.0
1970-01-01 00:26:46.554000,1,0,2.0
1970-01-01 00:26:46.557600,1,0,2.0
1970-01-01 00:26:46.561200,1,0,2.0
1970-01-01 00:26:46.564800,1,0,2.0
1970-01-01 00:26:46.568400,1,0,2.0
1970-01-01 00:26:46.572000,1,0,2.0
1970-01-01 00:26:46.575600,1,0,2.0
1970-01-01 00:26:46.579200,1,0,2.0
1970-01-01 00:26:46.590000,0,1,2.0
1970-01-01 00:26:46.611600,1,0,2.0
1970-01-01 00:26:46.615200,1,0,2.0
1970-01-01 00:26:46.622400,1,0,2.0
1970-01-01 00:26:46.626000,1,0,2.0
1970-01-01 00:26:46.629600,1,0,2.0
1970-01-01 00:26:46.651200,1,0,2.0
1970-01-01 00:26:46.654800,1,0,2.0
1970-01-01 00:26:46.658400,1,0,2.0
1970-01-01 00:26:46.662000,1,0,2.0
1970-01-01 00:26:46.665600,1,0,2.0
1970-01-01 00:26:46.719600,1,0,2.0
1970-01-01 00:26:46.723200,1,0,2.0
1970-01-01 00:26:46.726800,1,0,2.0
1970-01-01 00:26:46.730400,1,0,2.0
1970-01-01 00:26:46.734000,1,0,2.0
1970-01-01 00:26:46.737600,1,0,2.0
1970-01-01 00:26:46.741200,1,0,2.0
1970-01-01 00:26:46.744800,1,0,2.0
1970-01-01 00:26:46.762800,1,0,2.0
1970-01-01 00:26:46.766400,1,0,2.0
1970-01-01 00:26:46.770000,1,0,2.0
1970-01-01 00:26:46.780800,1,0,2.0
1970-01-01 00:26:46.806000,0,1,2.0
1970-01-01 00:26:46.813200,0,1,2.0
1970-01-01 00:26:46.816800,0,1,2.0
1970-01-01 00:26:46.824000,1,0,2.0
1970-01-01 00:26:46.827600,1,0,2.0
1970-01-01 00:26:46.881600,1,0,2.0
1970-01-01 00:26:46.924800,1,0,2.0
1970-01-01 00:26:46.950000,0,1,2.0
1970-01-01 00:26:46.971600,1,0,2.0
1970-01-01 00:26:46.975200,1,0,2.0
1970-01-01 00:26:47.040000,0,1,2.0
1970-01-01 00:26:47.061600,0,1,2.0
1970-01-01 00:26:47.068800,0,1,2.0
1970-01-01 00:26:47.072400,0,1,2.0
1970-01-01 00:26:47.076000,0,1,2.0
1970-01-01 00:26:47.097600,0,1,2.0
1970-01-01 00:26:47.101200,0,1,2.0
1970-01-01 00:26:47.104800,0,1,2.0
1970-01-01 00:26:47.108400,0,1,2.0
1970-01-01 00:26:47.112000,0,1,2.0
1970-01-01 00:26:47.115600,0,1,2.0
1970-01-01 00:26:47.130000,1,0,2.0
1970-01-01 00:26:47.133600,1,0,2.0
1970-01-01 00:26:47.137200,1,0,2.0
1970-01-01 00:26:47.191200,1,0,2.0
1970-01-01 00:26:47.198400,1,0,2.0
1970-01-01 00:26:47.202000,1,0,2.0
1970-01-01 00:26:47.205600,1,0,2.0
1970-01-01 00:26:47.209200,1,0,2.0
1970-01-01 00:26:47.234400,0,1,2.0
1970-01-01 00:26:47.238000,0,1,2.0
1970-01-01 00:26:47.252400,0,1,2.0
1970-01-01 00:26:47.306400,1,0,2.0
1970-01-01 00:26:47.331600,1,0,2.0
1970-01-01 00:26:47.335200,1,0,2.0
1970-01-01 00:26:47.338800,1,0,2.0
1970-01-01 00:26:47.342400,0,1,2.0
1970-01-01 00:26:47.346000,0,1,2.0
1970-01-01 00:26:47.396400,0,1,2.0
1970-01-01 00:26:47.400000,0,1,2.0
1970-01-01 00:26:47.403600,0,1,2.0
1970-01-01 00:26:47.407200,0,1,2.0
1970-01-01 00:26:47.410800,0,1,2.0
1970-01-01 00:26:47.414400,0,1,2.0
1970-01-01 00:26:47.421600,0,1,2.0
1970-01-01 00:26:47.432400,0,1,2.0
1970-01-01 00:26:47.436000,0,1,2.0
1970-01-01 00:26:47.439600,0,1,2.0
1970-01-01 00:26:47.443200,0,1,2.0
1970-01-01 00:26:47.446800,0,1,2.0
1970-01-01 00:26:47.450400,0,1,2.0
1970-01-01 00:26:47.454000,0,1,2.0
1970-01-01 00:26:47.497200,1,0,2.0
1970-01-01 00:26:47.500800,1,0,2.0
1970-01-01 00:26:47.536800,1,0,2.0
1970-01-01 00:26:47.572800,0,1,2.0
1970-01-01 00:26:47.587200,0,1,2.0
1970-01-01 00:26:47.623200,0,1,2.0
1970-01-01 00:26:47.626800,0,1,2.0
1970-01-01 00:26:47.630400,0,1,2.0
1970-01-01 00:26:47.634000,0,1,2.0
1970-01-01 00:26:47.637600,0,1,2.0
1970-01-01 00:26:47.641200,0,1,2.0
1970-01-01 00:26:47.677200,1,0,2.0
1970-01-01 00:26:47.680800,1,0,2.0
1970-01-01 00:26:47.684400,1,0,2.0
1970-01-01 00:26:47.709600,1,0,2.0
1970-01-01 00:26:47.713200,1,0,2.0
1970-01-01 00:26:47.716800,1,0,2.0
1970-01-01 00:26:47.720400,1,0,2.0
1970-01-01 00:26:47.724000,1,0,2.0
1970-01-01 00:26:47.727600,1,0,2.0
1970-01-01 00:26:47.778000,1,0,2.0
1970-01-01 00:26:47.781600,1,0,2.0
1970-01-01 00:26:47.785200,1,0,2.0
1970-01-01 00:26:47.788800,1,0,2.0
1970-01-01 00:26:47.821200,1,0,2.0
1970-01-01 00:26:47.824800,1,0,2.0
1970-01-01 00:26:47.828400,1,0,2.0
1970-01-01 00:26:47.832000,1,0,2.0
1970-01-01 00:26:47.835600,1,0,2.0
1970-01-01 00:26:47.839200,1,0,2.0
1970-01-01 00:26:47.842800,1,0,2.0
1970-01-01 00:26:47.846400,1,0,2.0
1970-01-01 00:26:47.853600,1,0,2.0
1970-01-01 00:26:47.857200,1,0,2.0
1970-01-01 00:26:47.860800,1,0,2.0
1970-01-01 00:26:47.864400,1,0,2.0
1970-01-01 00:26:47.868000,1,0,2.0
1970-01-01 00:26:47.871600,1,0,2.0
1970-01-01 00:26:47.925600,0,1,2.0
1970-01-01 00:26:47.976000,1,0,2.0
1970-01-01 00:26:47.979600,1,0,2.0
1970-01-01 00:26:47.997600,0,1,2.0
1970-01-01 00:26:48.001200,0,1,2.0
1970-01-01 00:26:48.055200,0,1,2.0
1970-01-01 00:26:48.058800,0,1,2.0
1970-01-01 00:26:48.062400,0,1,2.0
1970-01-01 00:26:48.066000,0,1,2.0
1970-01-01 00:26:48.069600,0,1,2.0
1970-01-01 00:26:48.073200,0,1,2.0
1970-01-01 00:26:48.091200,1,0,2.0
1970-01-01 00:26:48.094800,1,0,2.0
1970-01-01 00:26:48.098400,1,0,2.0
1970-01-01 00:26:48.102000,1,0,2.0
1970-01-01 00:26:48.105600,1,0,2.0
1970-01-01 00:26:48.109200,1,0,2.0
1970-01-01 00:26:48.112800,1,0,2.0
1970-01-01 00:26:48.116400,1,0,2.0
1970-01-01 00:26:48.120000,1,0,2.0
1970-01-01 00:26:48.123600,1,0,2.0
1970-01-01 00:26:48.130800,1,0,2.0
1970-01-01 00:26:48.138000,1,0,2.0
1970-01-01 00:26:48.141600,1,0,2.0
1970-01-01 00:26:48.145200,1,0,2.0
1970-01-01 00:26:48.148800,1,0,2.0
1970-01-01 00:26:48.177600,1,0,2.0
1970-01-01 00:26:48.181200,1,0,2.0
1970-01-01 00:26:48.184800,1,0,2.0
1970-01-01 00:26:48.188400,1,0,2.0
1970-01-01 00:26:48.192000,1,0,2.0
1970-01-01 00:26:48.195600,1,0,2.0
1970-01-01 00:26:48.199200,1,0,2.0
1970-01-01 00:26:48.202800,1,0,2.0
1970-01-01 00:26:48.206400,1,0,2.0
1970-01-01 00:26:48.210000,1,0,2.0
1970-01-01 00:26:48.213600,1,0,2.0
1970-01-01 00:26:48.217200,0,1,2.0
1970-01-01 00:26:48.220800,0,1,2.0
1970-01-01 00:26:48.235200,1,0,2.0
1970-01-01 00:26:48.246000,1,0,2.0
1970-01-01 00:26:48.282000,0,1,2.0
1970-01-01 00:26:48.357600,1,0,2.0
1970-01-01 00:26:48.361200,1,0,2.0
1970-01-01 00:26:48.364800,1,0,2.0
1970-01-01 00:26:48.368400,1,0,2.0
1970-01-01 00:26:48.372000,1,0,2.0
1970-01-01 00:26:48.375600,1,0,2.0
1970-01-01 00:26:48.379200,1,0,2.0
1970-01-01 00:26:48.382800,1,0,2.0
1970-01-01 00:26:48.386400,1,0,2.0
1970-01-01 00:26:48.390000,1,0,2.0
1970-01-01 00:26:48.393600,1,0,2.0
1970-01-01 00:26:48.397200,1,0,2.0
1970-01-01 00:26:48.400800,1,0,2.0
1970-01-01 00:26:48.404400,1,0,2.0
1970-01-01 00:26:48.408000,0,1,2.0
1970-01-01 00:26:48.411600,0,1,2.0
1970-01-01 00:26:48.447600,0,1,2.0
1970-01-01 00:26:48.476400,0,1,2.0
1970-01-01 00:26:48.494400,0,1,2.0
1970-01-01 00:26:48.519600,0,1,2.0
1970-01-01 00:26:48.523200,0,1,2.0
1970-01-01 00:26:48.526800,0,1,2.0
1970-01-01 00:26:48.530400,0,1,2.0
1970-01-01 00:26:48.534000,0,1,2.0
1970-01-01 00:26:48.537600,0,1,2.0
1970-01-01 00:26:48.541200,0,1,2.0
1970-01-01 00:26:48.559200,0,1,2.0
1970-01-01 00:26:48.616800,1,0,2.0
1970-01-01 00:26:48.620400,1,0,2.0
1970-01-01 00:26:48.624000,1,0,2.0
1970-01-01 00:26:48.627600,1,0,2.0
1970-01-01 00:26:48.631200,1,0,2.0
1970-01-01 00:26:48.634800,1,0,2.0
1970-01-01 00:26:48.660000,1,0,2.0
1970-01-01 00:26:48.663600,1,0,2.0
1970-01-01 00:26:48.667200,1,0,2.0
1970-01-01 00:26:48.670800,1,0,2.0
1970-01-01 00:26:48.681600,0,1,2.0
1970-01-01 00:26:48.706800,0,1,2.0
1970-01-01 00:26:48.717600,1,0,2.0
1970-01-01 00:26:48.721200,1,0,2.0
1970-01-01 00:26:48.724800,0,1,2.0
1970-01-01 00:26:48.811200,1,0,2.0
1970-01-01 00:26:48.836400,1,0,2.0
1970-01-01 00:26:48.865200,1,0,2.0
1970-01-01 00:26:48.868800,1,0,2.0
1970-01-01 00:26:48.872400,1,0,2.0
1970-01-01 00:26:48.876000,1,0,2.0
1970-01-01 00:26:48.879600,1,0,2.0
1970-01-01 00:26:48.883200,1,0,2.0
1970-01-01 00:26:48.886800,1,0,2.0
1970-01-01 00:26:48.890400,1,0,2.0
1970-01-01 00:26:48.915600,1,0,2.0
1970-01-01 00:26:48.922800,1,0,2.0
1970-01-01 00:26:48.926400,1,0,2.0
1970-01-01 00:26:48.930000,1,0,2.0
1970-01-01 00:26:48.933600,1,0,2.0
1970-01-01 00:26:48.976800,1,0,2.0
1970-01-01 00:26:49.020000,1,0,2.0
1970-01-01 00:26:49.045200,0,1,2.0
1970-01-01 00:26:49.048800,0,1,2.0
1970-01-01 00:26:49.052400,0,1,2.0
1970-01-01 00:26:49.056000,0,0,2.0
1970-01-01 00:26:49.059600,0,1,2.0
1970-01-01 00:26:49.063200,0,1,2.0
1970-01-01 00:26:49.066800,1,0,2.0
1970-01-01 00:26:49.070400,1,0,2.0
1970-01-01 00:26:49.077600,0,1,2.0
1970-01-01 00:26:49.081200,0,1,2.0
1970-01-01 00:26:49.084800,0,1,2.0
1970-01-01 00:26:49.135200,1,0,2.0
1970-01-01 00:26:49.146000,1,0,2.0
1970-01-01 00:26:49.178400,0,1,2.0
1970-01-01 00:26:49.182000,0,1,2.0
1970-01-01 00:26:49.236000,0,1,2.0
1970-01-01 00:26:49.239600,0,1,2.0
1970-01-01 00:26:49.243200,0,1,2.0
1970-01-01 00:26:49.246800,0,1,2.0
1970-01-01 00:26:49.261200,1,0,2.0
1970-01-01 00:26:49.264800,1,0,2.0
1970-01-01 00:26:49.268400,1,0,2.0
1970-01-01 00:26:49.272000,1,0,2.0
1970-01-01 00:26:49.275600,1,0,2.0
1970-01-01 00:26:49.279200,1,0,2.0
1970-01-01 00:26:49.293600,0,1,2.0
1970-01-01 00:26:49.297200,0,1,2.0
1970-01-01 00:26:49.308000,0,1,2.0
1970-01-01 00:26:49.369200,0,1,2.0
1970-01-01 00:26:49.408800,0,1,2.0
1970-01-01 00:26:49.441200,1,0,2.0
1970-01-01 00:26:49.444800,1,0,2.0
1970-01-01 00:26:49.448400,1,0,2.0
1970-01-01 00:26:49.452000,1,0,2.0
1970-01-01 00:26:49.455600,1,0,2.0
1970-01-01 00:26:49.459200,1,0,2.0
1970-01-01 00:26:49.466400,0,1,2.0
1970-01-01 00:26:49.470000,0,1,2.0
1970-01-01 00:26:49.473600,0,1,2.0
1970-01-01 00:26:49.477200,0,1,2.0
1970-01-01 00:26:49.480800,0,1,2.0
1970-01-01 00:26:49.570800,1,0,2.0
1970-01-01 00:26:49.574400,1,0,2.0
1970-01-01 00:26:49.578000,1,0,2.0
1970-01-01 00:26:49.581600,1,0,2.0
1970-01-01 00:26:49.585200,1,0,2.0
1970-01-01 00:26:49.588800,1,0,2.0
1970-01-01 00:26:49.592400,1,0,2.0
1970-01-01 00:26:49.596000,1,0,2.0
1970-01-01 00:26:49.599600,1,0,2.0
1970-01-01 00:26:49.603200,0,1,2.0
1970-01-01 00:26:49.642800,1,0,2.0
1970-01-01 00:26:49.646400,1,0,2.0
1970-01-01 00:26:49.650000,1,0,2.0
1970-01-01 00:26:49.653600,1,0,2.0
1970-01-01 00:26:49.657200,1,0,2.0
1970-01-01 00:26:49.660800,1,0,2.0
1970-01-01 00:26:49.664400,1,0,2.0
1970-01-01 00:26:49.693200,1,0,2.0
1970-01-01 00:26:49.696800,1,0,2.0
1970-01-01 00:26:49.700400,1,0,2.0
1970-01-01 00:26:49.729200,0,1,2.0
1970-01-01 00:26:49.732800,0,1,2.0
1970-01-01 00:26:49.736400,0,1,2.0
1970-01-01 00:26:49.740000,0,1,2.0
1970-01-01 00:26:49.804800,0,1,2.0
1970-01-01 00:26:49.808400,0,1,2.0
1970-01-01 00:26:49.891200,1,0,2.0
1970-01-01 00:26:49.894800,1,0,2.0
1970-01-01 00:26:49.898400,1,0,2.0
1970-01-01 00:26:49.902000,1,0,2.0
1970-01-01 00:26:49.923600,1,0,2.0
1970-01-01 00:26:49.959600,1,0,2.0
1970-01-01 00:26:49.995600,0,1,2.0
1970-01-01 00:26:50.013600,1,0,2.0
1970-01-01 00:26:50.017200,1,0,2.0
1970-01-01 00:26:50.020800,1,0,2.0
1970-01-01 00:26:50.024400,1,0,2.0
1970-01-01 00:26:50.028000,1,0,2.0
1970-01-01 00:26:50.031600,1,0,2.0
1970-01-01 00:26:50.035200,0,1,2.0
1970-01-01 00:26:50.038800,0,1,2.0
1970-01-01 00:26:50.049600,0,1,2.0
1970-01-01 00:26:50.053200,0,1,2.0
1970-01-01 00:26:50.056800,0,1,2.0
1970-01-01 00:26:50.060400,0,1,2.0
1970-01-01 00:26:50.064000,0,1,2.0
1970-01-01 00:26:50.067600,0,1,2.0
1970-01-01 00:26:50.082000,1,0,2.0
1970-01-01 00:26:50.085600,1,0,2.0
1970-01-01 00:26:50.092800,1,0,2.0
1970-01-01 00:26:50.096400,1,0,2.0
1970-01-01 00:26:50.114400,0,1,2.0
1970-01-01 00:26:50.121600,0,1,2.0
1970-01-01 00:26:50.200800,1,0,2.0
1970-01-01 00:26:50.204400,1,0,2.0
1970-01-01 00:26:50.208000,1,0,2.0
1970-01-01 00:26:50.211600,1,0,2.0
1970-01-01 00:26:50.215200,1,0,2.0
1970-01-01 00:26:50.218800,1,0,2.0
1970-01-01 00:26:50.229600,1,0,2.0
1970-01-01 00:26:50.254800,0,1,2.0
1970-01-01 00:26:50.258400,0,1,2.0
1970-01-01 00:26:50.262000,0,1,2.0
1970-01-01 00:26:50.265600,0,1,2.0
1970-01-01 00:26:50.269200,0,1,2.0
1970-01-01 00:26:50.312400,0,1,2.0
1970-01-01 00:26:50.316000,0,1,2.0
1970-01-01 00:26:50.319600,0,1,2.0
1970-01-01 00:26:50.323200,0,1,2.0
1970-01-01 00:26:50.326800,0,1,2.0
1970-01-01 00:26:50.330400,0,1,2.0
1970-01-01 00:26:50.352000,0,1,2.0
1970-01-01 00:26:50.355600,0,1,2.0
1970-01-01 00:26:50.359200,0,1,2.0
1970-01-01 00:26:50.362800,0,1,2.0
1970-01-01 00:26:50.366400,0,1,2.0
1970-01-01 00:26:50.391600,1,0,2.0
1970-01-01 00:26:50.434800,0,1,2.0
1970-01-01 00:26:50.438400,0,1,2.0
1970-01-01 00:26:50.442000,0,1,2.0
1970-01-01 00:26:50.449200,0,1,2.0
1970-01-01 00:26:50.452800,0,1,2.0
1970-01-01 00:26:50.456400,1,0,2.0
1970-01-01 00:26:50.460000,1,0,2.0
1970-01-01 00:26:50.474400,0,1,2.0
1970-01-01 00:26:50.478000,0,1,2.0
1970-01-01 00:26:50.481600,0,1,2.0
1970-01-01 00:26:50.485200,0,1,2.0
1970-01-01 00:26:50.546400,1,0,2.0
1970-01-01 00:26:50.550000,1,0,2.0
1970-01-01 00:26:50.553600,1,0,2.0
1970-01-01 00:26:50.557200,1,0,2.0
1970-01-01 00:26:50.560800,1,0,2.0
1970-01-01 00:26:50.564400,1,0,2.0
1970-01-01 00:26:50.611200,1,0,2.0
1970-01-01 00:26:50.614800,1,0,2.0
1970-01-01 00:26:50.618400,1,0,2.0
1970-01-01 00:26:50.622000,1,0,2.0
1970-01-01 00:26:50.625600,1,0,2.0
1970-01-01 00:26:50.665200,0,1,2.0
1970-01-01 00:26:50.668800,0,1,2.0
1970-01-01 00:26:50.676000,0,1,2.0
1970-01-01 00:26:50.701200,0,1,2.0
1970-01-01 00:26:50.704800,0,1,2.0
1970-01-01 00:26:50.708400,0,1,2.0
1970-01-01 00:26:50.712000,0,1,2.0
1970-01-01 00:26:50.715600,0,1,2.0
1970-01-01 00:26:50.719200,0,1,2.0
1970-01-01 00:26:50.773200,1,0,2.0
1970-01-01 00:26:50.776800,1,0,2.0
1970-01-01 00:26:50.780400,1,0,2.0
1970-01-01 00:26:50.809200,0,1,2.0
1970-01-01 00:26:50.845200,0,1,2.0
1970-01-01 00:26:50.848800,0,1,2.0
1970-01-01 00:26:50.852400,0,1,2.0
1970-01-01 00:26:50.917200,0,1,2.0
1970-01-01 00:26:50.928000,0,1,2.0
1970-01-01 00:26:50.931600,0,1,2.0
1970-01-01 00:26:50.949600,1,0,2.0
1970-01-01 00:26:50.953200,1,0,2.0
1970-01-01 00:26:50.956800,1,0,2.0
1970-01-01 00:26:50.960400,1,0,2.0
1970-01-01 00:26:50.964000,1,0,2.0
1970-01-01 00:26:50.967600,1,0,2.0
1970-01-01 00:26:50.971200,0,1,2.0
1970-01-01 00:26:50.996400,1,0,2.0
1970-01-01 00:26:51.000000,1,0,2.0
1970-01-01 00:26:51.003600,1,0,2.0
1970-01-01 00:26:51.007200,1,0,2.0
1970-01-01 00:26:51.010800,1,0,2.0
1970-01-01 00:26:51.014400,1,0,2.0
1970-01-01 00:26:51.018000,1,0,2.0
1970-01-01 00:26:51.021600,1,0,2.0
1970-01-01 00:26:51.025200,1,0,2.0
1970-01-01 00:26:51.028800,1,0,2.0
1970-01-01 00:26:51.032400,1,0,2.0
1970-01-01 00:26:51.036000,1,0,2.0
1970-01-01 00:26:51.075600,0,1,2.0
1970-01-01 00:26:51.090000,0,1,2.0
1970-01-01 00:26:51.093600,0,1,2.0
1970-01-01 00:26:51.100800,0,1,2.0
1970-01-01 00:26:51.118800,0,1,2.0
1970-01-01 00:26:51.122400,0,1,2.0
1970-01-01 00:26:51.126000,0,1,2.0
1970-01-01 00:26:51.129600,0,1,2.0
1970-01-01 00:26:51.154800,1,0,2.0
1970-01-01 00:26:51.180000,0,1,2.0
1970-01-01 00:26:51.183600,0,1,2.0
1970-01-01 00:26:51.187200,0,1,2.0
1970-01-01 00:26:51.194400,0,1,2.0
1970-01-01 00:26:51.198000,0,1,2.0
1970-01-01 00:26:51.201600,0,1,2.0
1970-01-01 00:26:51.205200,0,1,2.0
1970-01-01 00:26:51.208800,0,1,2.0
1970-01-01 00:26:51.212400,0,1,2.0
1970-01-01 00:26:51.219600,0,1,2.0
1970-01-01 00:26:51.252000,0,1,2.0
1970-01-01 00:26:51.255600,0,1,2.0
1970-01-01 00:26:51.259200,0,1,2.0
1970-01-01 00:26:51.270000,1,0,2.0
1970-01-01 00:26:51.273600,1,0,2.0
1970-01-01 00:26:51.277200,1,0,2.0
1970-01-01 00:26:51.352800,1,0,2.0
1970-01-01 00:26:51.367200,1,0,2.0
1970-01-01 00:26:51.370800,1,0,2.0
1970-01-01 00:26:51.378000,0,1,2.0
1970-01-01 00:26:51.385200,0,1,2.0
1970-01-01 00:26:51.388800,0,1,2.0
1970-01-01 00:26:51.439200,1,0,2.0
1970-01-01 00:26:51.442800,1,0,2.0
1970-01-01 00:26:51.446400,1,0,2.0
1970-01-01 00:26:51.450000,1,0,2.0
1970-01-01 00:26:51.453600,1,0,2.0
1970-01-01 00:26:51.471600,0,1,2.0
1970-01-01 00:26:51.475200,0,1,2.0
1970-01-01 00:26:51.478800,0,1,2.0
1970-01-01 00:26:51.482400,0,1,2.0
1970-01-01 00:26:51.486000,0,1,2.0
1970-01-01 00:26:51.507600,0,0,2.0
1970-01-01 00:26:51.514800,1,0,2.0
1970-01-01 00:26:51.518400,1,0,2.0
1970-01-01 00:26:51.522000,1,0,2.0
1970-01-01 00:26:51.525600,1,0,2.0
1970-01-01 00:26:51.529200,1,0,2.0
1970-01-01 00:26:51.543600,0,1,2.0
1970-01-01 00:26:51.547200,0,1,2.0
1970-01-01 00:26:51.550800,0,1,2.0
1970-01-01 00:26:51.565200,1,0,2.0
1970-01-01 00:26:51.586800,0,1,2.0
1970-01-01 00:26:51.590400,0,1,2.0
1970-01-01 00:26:51.594000,0,1,2.0
1970-01-01 00:26:51.597600,0,1,2.0
1970-01-01 00:26:51.601200,0,1,2.0
1970-01-01 00:26:51.608400,0,1,2.0
1970-01-01 00:26:51.619200,0,1,2.0
1970-01-01 00:26:51.622800,0,1,2.0
1970-01-01 00:26:51.648000,0,1,2.0
1970-01-01 00:26:51.651600,0,1,2.0
1970-01-01 00:26:51.655200,0,1,2.0
1970-01-01 00:26:51.658800,0,1,2.0
1970-01-01 00:26:51.669600,1,0,2.0
1970-01-01 00:26:51.702000,0,1,2.0
1970-01-01 00:26:51.705600,0,1,2.0
1970-01-01 00:26:51.712800,0,1,2.0
1970-01-01 00:26:51.716400,0,1,2.0
1970-01-01 00:26:51.720000,0,1,2.0
1970-01-01 00:26:51.723600,0,1,2.0
1970-01-01 00:26:51.727200,0,1,2.0
1970-01-01 00:26:51.730800,0,1,2.0
1970-01-01 00:26:51.734400,0,1,2.0
1970-01-01 00:26:51.738000,0,1,2.0
1970-01-01 00:26:51.741600,0,1,2.0
1970-01-01 00:26:51.748800,0,1,2.0
1970-01-01 00:26:51.756000,1,0,2.0
1970-01-01 00:26:51.770400,1,0,2.0
1970-01-01 00:26:51.788400,1,0,2.0
1970-01-01 00:26:51.856800,1,0,2.0
1970-01-01 00:26:51.860400,1,0,2.0
1970-01-01 00:26:51.864000,1,0,2.0
1970-01-01 00:26:51.867600,1,0,2.0
1970-01-01 00:26:51.871200,1,0,2.0
1970-01-01 00:26:51.874800,1,0,2.0
1970-01-01 00:26:51.878400,0,1,2.0
1970-01-01 00:26:51.885600,1,0,2.0
1970-01-01 00:26:51.889200,1,0,2.0
1970-01-01 00:26:51.892800,1,0,2.0
1970-01-01 00:26:51.896400,1,0,2.0
1970-01-01 00:26:51.900000,1,0,2.0
1970-01-01 00:26:51.903600,1,0,2.0
1970-01-01 00:26:51.921600,0,1,2.0
1970-01-01 00:26:51.925200,0,1,2.0
1970-01-01 00:26:51.932400,0,1,2.0
1970-01-01 00:26:52.004400,1,0,2.0
1970-01-01 00:26:52.008000,1,0,2.0
1970-01-01 00:26:52.054800,0,1,2.0
1970-01-01 00:26:52.083600,0,1,2.0
1970-01-01 00:26:52.087200,0,1,2.0
1970-01-01 00:26:52.090800,0,1,2.0
1970-01-01 00:26:52.094400,0,1,2.0
1970-01-01 00:26:52.098000,0,1,2.0
1970-01-01 00:26:52.101600,0,1,2.0
1970-01-01 00:26:52.137600,1,0,2.0
1970-01-01 00:26:52.159200,1,0,2.0
1970-01-01 00:26:52.162800,1,0,2.0
1970-01-01 00:26:52.166400,0,1,2.0
1970-01-01 00:26:52.170000,0,1,2.0
1970-01-01 00:26:52.173600,0,1,2.0
1970-01-01 00:26:52.177200,0,1,2.0
1970-01-01 00:26:52.231200,1,0,2.0
1970-01-01 00:26:52.234800,1,0,2.0
1970-01-01 00:26:52.238400,1,0,2.0
1970-01-01 00:26:52.242000,1,0,2.0
1970-01-01 00:26:52.245600,1,0,2.0
1970-01-01 00:26:52.249200,1,0,2.0
1970-01-01 00:26:52.252800,1,0,2.0
1970-01-01 00:26:52.256400,1,0,2.0
1970-01-01 00:26:52.260000,1,0,2.0
1970-01-01 00:26:52.263600,1,0,2.0
1970-01-01 00:26:52.267200,1,0,2.0
1970-01-01 00:26:52.288800,1,0,2.0
1970-01-01 00:26:52.296000,1,0,2.0
1970-01-01 00:26:52.299600,1,0,2.0
1970-01-01 00:26:52.303200,1,0,2.0
1970-01-01 00:26:52.306800,1,0,2.0
1970-01-01 00:26:52.314000,1,0,2.0
1970-01-01 00:26:52.360800,1,0,2.0
1970-01-01 00:26:52.393200,0,1,2.0
1970-01-01 00:26:52.396800,0,1,2.0
1970-01-01 00:26:52.400400,0,1,2.0
1970-01-01 00:26:52.404000,0,1,2.0
1970-01-01 00:26:52.418400,0,1,2.0
1970-01-01 00:26:52.486800,1,0,2.0
1970-01-01 00:26:52.490400,1,0,2.0
1970-01-01 00:26:52.494000,1,0,2.0
1970-01-01 00:26:52.497600,1,0,2.0
1970-01-01 00:26:52.501200,1,0,2.0
1970-01-01 00:26:52.504800,1,0,2.0
1970-01-01 00:26:52.530000,0,1,2.0
1970-01-01 00:26:52.533600,0,1,2.0
1970-01-01 00:26:52.537200,0,1,2.0
1970-01-01 00:26:52.548000,1,0,2.0
1970-01-01 00:26:52.551600,1,0,2.0
1970-01-01 00:26:52.555200,1,0,2.0
1970-01-01 00:26:52.558800,1,0,2.0
1970-01-01 00:26:52.562400,1,0,2.0
1970-01-01 00:26:52.566000,1,0,2.0
1970-01-01 00:26:52.573200,1,0,2.0
1970-01-01 00:26:52.638000,0,1,2.0
1970-01-01 00:26:52.645200,0,1,2.0
1970-01-01 00:26:52.648800,0,1,2.0
1970-01-01 00:26:52.652400,0,1,2.0
1970-01-01 00:26:52.656000,0,1,2.0
1970-01-01 00:26:52.688400,0,1,2.0
1970-01-01 00:26:52.692000,0,1,2.0
1970-01-01 00:26:52.764000,1,0,2.0
1970-01-01 00:26:52.767600,1,0,2.0
1970-01-01 00:26:52.771200,1,0,2.0
1970-01-01 00:26:52.774800,1,0,2.0
1970-01-01 00:26:52.778400,1,0,2.0
1970-01-01 00:26:52.782000,1,0,2.0
1970-01-01 00:26:52.785600,1,0,2.0
1970-01-01 00:26:52.789200,1,0,2.0
1970-01-01 00:26:52.807200,1,0,2.0
1970-01-01 00:26:52.818000,1,0,2.0
1970-01-01 00:26:52.821600,1,0,2.0
1970-01-01 00:26:52.832400,1,0,2.0
1970-01-01 00:26:52.836000,1,0,2.0
1970-01-01 00:26:52.843200,0,1,2.0
1970-01-01 00:26:52.850400,0,1,2.0
1970-01-01 00:26:52.857600,0,1,2.0
1970-01-01 00:26:52.872000,1,0,2.0
1970-01-01 00:26:52.875600,1,0,2.0
1970-01-01 00:26:52.879200,1,0,2.0
1970-01-01 00:26:52.882800,1,0,2.0
1970-01-01 00:26:52.890000,1,0,2.0
1970-01-01 00:26:52.897200,1,0,2.0
1970-01-01 00:26:52.900800,1,0,2.0
1970-01-01 00:26:52.904400,1,0,2.0
1970-01-01 00:26:52.908000,1,0,2.0
1970-01-01 00:26:52.911600,1,0,2.0
1970-01-01 00:26:52.915200,1,0,2.0
1970-01-01 00:26:52.936800,0,1,2.0
1970-01-01 00:26:52.940400,0,1,2.0
1970-01-01 00:26:52.944000,0,1,2.0
1970-01-01 00:26:52.947600,0,1,2.0
1970-01-01 00:26:52.951200,0,1,2.0
1970-01-01 00:26:52.954800,0,1,2.0
1970-01-01 00:26:53.016000,1,0,2.0
1970-01-01 00:26:53.019600,1,0,2.0
1970-01-01 00:26:53.023200,1,0,2.0
1970-01-01 00:26:53.026800,1,0,2.0
1970-01-01 00:26:53.052000,0,1,2.0
1970-01-01 00:26:53.070000,0,1,2.0
1970-01-01 00:26:53.091600,0,1,2.0
1970-01-01 00:26:53.131200,0,1,2.0
1970-01-01 00:26:53.134800,0,1,2.0
1970-01-01 00:26:53.138400,1,0,2.0
1970-01-01 00:26:53.142000,1,0,2.0
1970-01-01 00:26:53.145600,1,0,2.0
1970-01-01 00:26:53.152800,1,0,2.0
1970-01-01 00:26:53.156400,1,0,2.0
1970-01-01 00:26:53.160000,1,0,2.0
1970-01-01 00:26:53.163600,1,0,2.0
1970-01-01 00:26:53.167200,1,0,2.0
1970-01-01 00:26:53.170800,1,0,2.0
1970-01-01 00:26:53.188800,0,1,2.0
1970-01-01 00:26:53.192400,0,1,2.0
1970-01-01 00:26:53.210400,1,0,2.0
1970-01-01 00:26:53.214000,1,0,2.0
1970-01-01 00:26:53.217600,1,0,2.0
1970-01-01 00:26:53.221200,1,0,2.0
1970-01-01 00:26:53.224800,1,0,2.0
1970-01-01 00:26:53.235600,1,0,2.0
1970-01-01 00:26:53.271600,1,0,2.0
1970-01-01 00:26:53.278800,1,0,2.0
1970-01-01 00:26:53.286000,0,1,2.0
1970-01-01 00:26:53.293200,0,1,2.0
1970-01-01 00:26:53.296800,0,1,2.0
1970-01-01 00:26:53.300400,0,1,2.0
1970-01-01 00:26:53.304000,0,1,2.0
1970-01-01 00:26:53.332800,0,1,2.0
1970-01-01 00:26:53.336400,0,1,2.0
1970-01-01 00:26:53.340000,0,1,2.0
1970-01-01 00:26:53.343600,0,1,2.0
1970-01-01 00:26:53.347200,0,1,2.0
1970-01-01 00:26:53.361600,1,0,2.0
1970-01-01 00:26:53.365200,1,0,2.0
1970-01-01 00:26:53.397600,1,0,2.0
1970-01-01 00:26:53.408400,0,1,2.0
1970-01-01 00:26:53.415600,0,1,2.0
1970-01-01 00:26:53.419200,0,1,2.0
1970-01-01 00:26:53.430000,1,0,2.0
1970-01-01 00:26:53.433600,1,0,2.0
1970-01-01 00:26:53.469600,0,1,2.0
1970-01-01 00:26:53.473200,0,1,2.0
1970-01-01 00:26:53.476800,0,1,2.0
1970-01-01 00:26:53.484000,0,1,2.0
1970-01-01 00:26:53.523600,1,0,2.0
1970-01-01 00:26:53.530800,1,0,2.0
1970-01-01 00:26:53.534400,1,0,2.0
1970-01-01 00:26:53.538000,1,0,2.0
1970-01-01 00:26:53.541600,1,0,2.0
1970-01-01 00:26:53.548800,1,0,2.0
1970-01-01 00:26:53.552400,1,0,2.0
1970-01-01 00:26:53.581200,1,0,2.0
1970-01-01 00:26:53.584800,1,0,2.0
1970-01-01 00:26:53.624400,0,1,2.0
1970-01-01 00:26:53.696400,1,0,2.0
1970-01-01 00:26:53.700000,1,0,2.0
1970-01-01 00:26:53.703600,1,0,2.0
1970-01-01 00:26:53.707200,1,0,2.0
1970-01-01 00:26:53.710800,1,0,2.0
1970-01-01 00:26:53.725200,0,1,2.0
1970-01-01 00:26:53.736000,1,0,2.0
1970-01-01 00:26:53.739600,1,0,2.0
1970-01-01 00:26:53.743200,1,0,2.0
1970-01-01 00:26:53.746800,1,0,2.0
1970-01-01 00:26:53.750400,1,0,2.0
1970-01-01 00:26:53.775600,1,0,2.0
1970-01-01 00:26:53.779200,1,0,2.0
1970-01-01 00:26:53.815200,0,1,2.0
1970-01-01 00:26:53.818800,0,1,2.0
1970-01-01 00:26:53.822400,0,1,2.0
1970-01-01 00:26:53.826000,0,1,2.0
1970-01-01 00:26:53.836800,0,1,2.0
1970-01-01 00:26:53.840400,0,1,2.0
1970-01-01 00:26:53.844000,0,1,2.0
1970-01-01 00:26:53.847600,0,1,2.0
1970-01-01 00:26:53.930400,0,1,2.0
1970-01-01 00:26:53.934000,0,1,2.0
1970-01-01 00:26:53.941200,0,1,2.0
1970-01-01 00:26:53.944800,0,1,2.0
1970-01-01 00:26:53.948400,0,1,2.0
1970-01-01 00:26:53.955600,0,1,2.0
1970-01-01 00:26:53.959200,0,1,2.0
1970-01-01 00:26:53.970000,0,1,2.0
1970-01-01 00:26:53.973600,0,1,2.0
1970-01-01 00:26:53.977200,0,1,2.0
1970-01-01 00:26:53.980800,0,1,2.0
1970-01-01 00:26:53.984400,0,1,2.0
1970-01-01 00:26:53.988000,0,1,2.0
1970-01-01 00:26:53.991600,0,1,2.0
1970-01-01 00:26:53.995200,0,1,2.0
1970-01-01 00:26:54.034800,0,1,2.0
1970-01-01 00:26:54.038400,0,1,2.0
1970-01-01 00:26:54.045600,0,1,2.0
1970-01-01 00:26:54.049200,0,1,2.0
1970-01-01 00:26:54.052800,0,1,2.0
1970-01-01 00:26:54.056400,0,1,2.0
1970-01-01 00:26:54.060000,0,1,2.0
1970-01-01 00:26:54.063600,0,1,2.0
1970-01-01 00:26:54.106800,1,0,2.0
1970-01-01 00:26:54.200400,1,0,2.0
1970-01-01 00:26:54.225600,1,0,2.0
1970-01-01 00:26:54.232800,1,0,2.0
1970-01-01 00:26:54.240000,1,0,2.0
1970-01-01 00:26:54.243600,1,0,2.0
1970-01-01 00:26:54.247200,1,0,2.0
1970-01-01 00:26:54.250800,1,0,2.0
1970-01-01 00:26:54.258000,0,1,2.0
1970-01-01 00:26:54.265200,0,1,2.0
1970-01-01 00:26:54.268800,0,1,2.0
1970-01-01 00:26:54.272400,0,1,2.0
1970-01-01 00:26:54.276000,0,1,2.0
1970-01-01 00:26:54.279600,0,1,2.0
1970-01-01 00:26:54.283200,0,1,2.0
1970-01-01 00:26:54.286800,0,1,2.0
1970-01-01 00:26:54.290400,0,1,2.0
1970-01-01 00:26:54.294000,0,1,2.0
1970-01-01 00:26:54.355200,0,1,2.0
1970-01-01 00:26:54.358800,0,1,2.0
1970-01-01 00:26:54.362400,0,1,2.0
1970-01-01 00:26:54.369600,1,0,2.0
1970-01-01 00:26:54.373200,1,0,2.0
1970-01-01 00:26:54.376800,1,0,2.0
1970-01-01 00:26:54.380400,1,0,2.0
1970-01-01 00:26:54.452400,0,1,2.0
1970-01-01 00:26:54.456000,0,1,2.0
1970-01-01 00:26:54.459600,0,1,2.0
1970-01-01 00:26:54.463200,0,1,2.0
1970-01-01 00:26:54.466800,0,1,2.0
1970-01-01 00:26:54.470400,0,1,2.0
1970-01-01 00:26:54.474000,0,1,2.0
1970-01-01 00:26:54.477600,0,1,2.0
1970-01-01 00:26:54.524400,1,0,2.0
1970-01-01 00:26:54.531600,1,0,2.0
1970-01-01 00:26:54.535200,1,0,2.0
1970-01-01 00:26:54.574800,1,0,2.0
1970-01-01 00:26:54.578400,1,0,2.0
1970-01-01 00:26:54.582000,1,0,2.0
1970-01-01 00:26:54.589200,1,0,2.0
1970-01-01 00:26:54.618000,1,0,2.0
1970-01-01 00:26:54.621600,1,0,2.0
1970-01-01 00:26:54.625200,1,0,2.0
1970-01-01 00:26:54.628800,1,0,2.0
1970-01-01 00:26:54.654000,1,0,2.0
1970-01-01 00:26:54.657600,1,0,2.0
1970-01-01 00:26:54.661200,1,0,2.0
1970-01-01 00:26:54.664800,1,0,2.0
1970-01-01 00:26:54.668400,1,0,2.0
1970-01-01 00:26:54.672000,1,0,2.0
1970-01-01 00:26:54.679200,0,1,2.0
1970-01-01 00:26:54.682800,0,1,2.0
1970-01-01 00:26:54.686400,0,1,2.0
1970-01-01 00:26:54.690000,0,1,2.0
1970-01-01 00:26:54.693600,0,1,2.0
1970-01-01 00:26:54.697200,0,1,2.0
1970-01-01 00:26:54.708000,1,0,2.0
1970-01-01 00:26:54.711600,1,0,2.0
1970-01-01 00:26:54.715200,1,0,2.0
1970-01-01 00:26:54.718800,1,0,2.0
1970-01-01 00:26:54.722400,1,0,2.0
1970-01-01 00:26:54.726000,1,0,2.0
1970-01-01 00:26:54.729600,1,0,2.0
1970-01-01 00:26:54.733200,1,0,2.0
1970-01-01 00:26:54.736800,1,0,2.0
1970-01-01 00:26:54.740400,1,0,2.0
1970-01-01 00:26:54.772800,0,1,2.0
1970-01-01 00:26:54.816000,0,1,2.0
1970-01-01 00:26:54.819600,0,1,2.0
1970-01-01 00:26:54.823200,0,1,2.0
1970-01-01 00:26:54.859200,0,1,2.0
1970-01-01 00:26:54.862800,0,1,2.0
1970-01-01 00:26:54.866400,0,1,2.0
1970-01-01 00:26:54.870000,0,1,2.0
1970-01-01 00:26:54.873600,0,1,2.0
1970-01-01 00:26:54.884400,0,1,2.0
1970-01-01 00:26:54.888000,0,1,2.0
1970-01-01 00:26:54.891600,0,1,2.0
1970-01-01 00:26:54.895200,0,1,2.0
1970-01-01 00:26:54.898800,0,1,2.0
1970-01-01 00:26:54.956400,1,0,2.0
1970-01-01 00:26:54.960000,1,0,2.0
1970-01-01 00:26:55.003200,1,0,2.0
1970-01-01 00:26:55.014000,0,1,2.0
1970-01-01 00:26:55.017600,0,1,2.0
1970-01-01 00:26:55.028400,0,1,2.0
1970-01-01 00:26:55.035600,1,0,2.0
1970-01-01 00:26:55.086000,1,0,2.0
1970-01-01 00:26:55.089600,1,0,2.0
1970-01-01 00:26:55.093200,1,0,2.0
1970-01-01 00:26:55.096800,1,0,2.0
1970-01-01 00:26:55.140000,1,0,2.0
1970-01-01 00:26:55.143600,1,0,2.0
1970-01-01 00:26:55.147200,1,0,2.0
1970-01-01 00:26:55.150800,1,0,2.0
1970-01-01 00:26:55.154400,1,0,2.0
1970-01-01 00:26:55.161600,0,1,2.0
1970-01-01 00:26:55.165200,0,1,2.0
1970-01-01 00:26:55.168800,0,1,2.0
1970-01-01 00:26:55.172400,0,1,2.0
1970-01-01 00:26:55.176000,0,1,2.0
1970-01-01 00:26:55.179600,0,1,2.0
1970-01-01 00:26:55.183200,0,1,2.0
1970-01-01 00:26:55.222800,1,0,2.0
1970-01-01 00:26:55.226400,1,0,2.0
1970-01-01 00:26:55.230000,1,0,2.0
1970-01-01 00:26:55.233600,1,0,2.0
1970-01-01 00:26:55.237200,1,0,2.0
1970-01-01 00:26:55.240800,1,0,2.0
1970-01-01 00:26:55.244400,1,0,2.0
1970-01-01 00:26:55.248000,1,0,2.0
1970-01-01 00:26:55.251600,1,0,2.0
1970-01-01 00:26:55.309200,1,0,2.0
1970-01-01 00:26:55.312800,1,0,2.0
1970-01-01 00:26:55.316400,1,0,2.0
1970-01-01 00:26:55.320000,1,0,2.0
1970-01-01 00:26:55.327200,0,1,2.0
1970-01-01 00:26:55.330800,0,1,2.0
1970-01-01 00:26:55.334400,0,1,2.0
1970-01-01 00:26:55.338000,0,1,2.0
1970-01-01 00:26:55.345200,1,0,2.0
1970-01-01 00:26:55.374000,1,0,2.0
1970-01-01 00:26:55.399200,0,1,2.0
1970-01-01 00:26:55.402800,0,1,2.0
1970-01-01 00:26:55.413600,0,1,2.0
1970-01-01 00:26:55.431600,0,1,2.0
1970-01-01 00:26:55.435200,0,1,2.0
1970-01-01 00:26:55.442400,0,1,2.0
1970-01-01 00:26:55.446000,1,0,2.0
1970-01-01 00:26:55.449600,1,0,2.0
1970-01-01 00:26:55.453200,1,0,2.0
1970-01-01 00:26:55.489200,1,0,2.0
1970-01-01 00:26:55.492800,1,0,2.0
1970-01-01 00:26:55.496400,1,0,2.0
1970-01-01 00:26:55.500000,1,0,2.0
1970-01-01 00:26:55.503600,1,0,2.0
1970-01-01 00:26:55.536000,0,1,2.0
1970-01-01 00:26:55.539600,0,1,2.0
1970-01-01 00:26:55.557600,1,0,2.0
1970-01-01 00:26:55.561200,1,0,2.0
1970-01-01 00:26:55.564800,1,0,2.0
1970-01-01 00:26:55.568400,1,0,2.0
1970-01-01 00:26:55.572000,1,0,2.0
1970-01-01 00:26:55.575600,1,0,2.0
1970-01-01 00:26:55.611600,1,0,2.0
1970-01-01 00:26:55.626000,1,0,2.0
1970-01-01 00:26:55.712400,0,1,2.0
1970-01-01 00:26:55.748400,0,1,2.0
1970-01-01 00:26:55.762800,1,0,2.0
1970-01-01 00:26:55.770000,0,1,2.0
1970-01-01 00:26:55.773600,0,1,2.0
1970-01-01 00:26:55.777200,0,1,2.0
1970-01-01 00:26:55.780800,0,1,2.0
1970-01-01 00:26:55.784400,0,1,2.0
1970-01-01 00:26:55.788000,0,1,2.0
1970-01-01 00:26:55.831200,0,1,2.0
1970-01-01 00:26:55.834800,0,1,2.0
1970-01-01 00:26:55.838400,0,1,2.0
1970-01-01 00:26:55.842000,0,1,2.0
1970-01-01 00:26:55.845600,0,1,2.0
1970-01-01 00:26:55.849200,0,1,2.0
1970-01-01 00:26:55.852800,1,0,2.0
1970-01-01 00:26:55.856400,1,0,2.0
1970-01-01 00:26:55.863600,1,0,2.0
1970-01-01 00:26:55.870800,1,0,2.0
1970-01-01 00:26:55.906800,0,1,2.0
1970-01-01 00:26:55.939200,1,0,2.0
1970-01-01 00:26:55.946400,1,0,2.0
1970-01-01 00:26:55.950000,1,0,2.0
1970-01-01 00:26:55.953600,1,0,2.0
1970-01-01 00:26:55.957200,1,0,2.0
1970-01-01 00:26:55.960800,0,1,2.0
1970-01-01 00:26:55.964400,0,1,2.0
1970-01-01 00:26:55.982400,1,0,2.0
1970-01-01 00:26:55.986000,1,0,2.0
1970-01-01 00:26:55.989600,1,0,2.0
1970-01-01 00:26:55.993200,1,0,2.0
1970-01-01 00:26:55.996800,1,0,2.0
1970-01-01 00:26:56.000400,1,0,2.0
1970-01-01 00:26:56.079600,0,1,2.0
1970-01-01 00:26:56.083200,0,1,2.0
1970-01-01 00:26:56.086800,0,1,2.0
1970-01-01 00:26:56.216400,1,0,2.0
1970-01-01 00:26:56.220000,1,0,2.0
1970-01-01 00:26:56.223600,1,0,2.0
1970-01-01 00:26:56.259600,0,1,2.0
1970-01-01 00:26:56.263200,0,1,2.0
1970-01-01 00:26:56.266800,0,1,2.0
1970-01-01 00:26:56.270400,0,1,2.0
1970-01-01 00:26:56.274000,0,1,2.0
1970-01-01 00:26:56.277600,0,1,2.0
1970-01-01 00:26:56.281200,0,1,2.0
1970-01-01 00:26:56.284800,0,1,2.0
1970-01-01 00:26:56.288400,0,1,2.0
1970-01-01 00:26:56.295600,0,1,2.0
1970-01-01 00:26:56.349600,0,1,2.0
1970-01-01 00:26:56.353200,0,1,2.0
1970-01-01 00:26:56.356800,0,1,2.0
1970-01-01 00:26:56.360400,0,1,2.0
1970-01-01 00:26:56.364000,0,1,2.0
1970-01-01 00:26:56.367600,0,1,2.0
1970-01-01 00:26:56.374800,1,0,2.0
1970-01-01 00:26:56.400000,1,0,2.0
1970-01-01 00:26:56.418000,0,1,2.0
1970-01-01 00:26:56.421600,0,1,2.0
1970-01-01 00:26:56.425200,0,1,2.0
1970-01-01 00:26:56.428800,0,1,2.0
1970-01-01 00:26:56.432400,0,1,2.0
1970-01-01 00:26:56.436000,0,1,2.0
1970-01-01 00:26:56.439600,0,1,2.0
1970-01-01 00:26:56.497200,1,0,2.0
1970-01-01 00:26:56.515200,0,1,2.0
1970-01-01 00:26:56.518800,0,1,2.0
1970-01-01 00:26:56.522400,0,1,2.0
1970-01-01 00:26:56.529600,1,0,2.0
1970-01-01 00:26:56.533200,1,0,2.0
1970-01-01 00:26:56.536800,1,0,2.0
1970-01-01 00:26:56.544000,1,0,2.0
1970-01-01 00:26:56.547600,1,0,2.0
1970-01-01 00:26:56.587200,0,1,2.0
1970-01-01 00:26:56.590800,0,1,2.0
1970-01-01 00:26:56.594400,0,1,2.0
1970-01-01 00:26:56.598000,0,1,2.0
1970-01-01 00:26:56.601600,0,1,2.0
1970-01-01 00:26:56.605200,0,1,2.0
1970-01-01 00:26:56.608800,0,1,2.0
1970-01-01 00:26:56.612400,0,1,2.0
1970-01-01 00:26:56.616000,0,1,2.0
1970-01-01 00:26:56.619600,0,1,2.0
1970-01-01 00:26:56.713200,1,0,2.0
1970-01-01 00:26:56.738400,1,0,2.0
1970-01-01 00:26:56.745600,1,0,2.0
1970-01-01 00:26:56.749200,1,0,2.0
1970-01-01 00:26:56.752800,1,0,2.0
1970-01-01 00:26:56.824800,0,1,2.0
1970-01-01 00:26:56.828400,0,1,2.0
1970-01-01 00:26:56.832000,0,1,2.0
1970-01-01 00:26:56.835600,0,1,2.0
1970-01-01 00:26:56.839200,0,1,2.0
1970-01-01 00:26:56.842800,1,0,2.0
1970-01-01 00:26:56.846400,1,0,2.0
1970-01-01 00:26:56.850000,1,0,2.0
1970-01-01 00:26:56.853600,1,0,2.0
1970-01-01 00:26:56.857200,1,0,2.0
1970-01-01 00:26:56.868000,1,0,2.0
1970-01-01 00:26:56.871600,1,0,2.0
1970-01-01 00:26:56.918400,0,1,2.0
1970-01-01 00:26:56.940000,0,1,2.0
1970-01-01 00:26:56.943600,0,1,2.0
1970-01-01 00:26:56.947200,0,1,2.0
1970-01-01 00:26:56.950800,0,1,2.0
1970-01-01 00:26:56.961600,1,0,2.0
1970-01-01 00:26:56.965200,1,0,2.0
1970-01-01 00:26:56.968800,1,0,2.0
1970-01-01 00:26:56.972400,1,0,2.0
1970-01-01 00:26:56.976000,1,0,2.0
1970-01-01 00:26:56.979600,1,0,2.0
1970-01-01 00:26:56.983200,1,0,2.0
1970-01-01 00:26:56.986800,1,0,2.0
1970-01-01 00:26:56.994000,1,0,2.0
1970-01-01 00:26:57.055200,0,1,2.0
1970-01-01 00:26:57.062400,0,1,2.0
1970-01-01 00:26:57.073200,1,0,2.0
1970-01-01 00:26:57.076800,1,0,2.0
1970-01-01 00:26:57.080400,1,0,2.0
1970-01-01 00:26:57.084000,1,0,2.0
1970-01-01 00:26:57.087600,1,0,2.0
1970-01-01 00:26:57.091200,1,0,2.0
1970-01-01 00:26:57.094800,1,0,2.0
1970-01-01 00:26:57.102000,0,1,2.0
1970-01-01 00:26:57.148800,0,1,2.0
1970-01-01 00:26:57.152400,0,1,2.0
1970-01-01 00:26:57.156000,0,1,2.0
1970-01-01 00:26:57.170400,0,1,2.0
1970-01-01 00:26:57.213600,1,0,2.0
1970-01-01 00:26:57.217200,1,0,2.0
1970-01-01 00:26:57.228000,1,0,2.0
1970-01-01 00:26:57.267600,1,0,2.0
1970-01-01 00:26:57.271200,1,0,2.0
1970-01-01 00:26:57.274800,1,0,2.0
1970-01-01 00:26:57.278400,1,0,2.0
1970-01-01 00:26:57.282000,1,0,2.0
1970-01-01 00:26:57.289200,0,1,2.0
1970-01-01 00:26:57.307200,1,0,2.0
1970-01-01 00:26:57.310800,1,0,2.0
1970-01-01 00:26:57.368400,1,0,2.0
1970-01-01 00:26:57.386400,1,0,2.0
1970-01-01 00:26:57.390000,1,0,2.0
1970-01-01 00:26:57.393600,1,0,2.0
1970-01-01 00:26:57.397200,1,0,2.0
1970-01-01 00:26:57.400800,1,0,2.0
1970-01-01 00:26:57.440400,0,1,2.0
1970-01-01 00:26:57.444000,0,1,2.0
1970-01-01 00:26:57.447600,0,1,2.0
1970-01-01 00:26:57.451200,0,1,2.0
1970-01-01 00:26:57.454800,0,1,2.0
1970-01-01 00:26:57.458400,0,1,2.0
1970-01-01 00:26:57.462000,0,1,2.0
1970-01-01 00:26:57.465600,0,1,2.0
1970-01-01 00:26:57.469200,0,1,2.0
1970-01-01 00:26:57.472800,0,1,2.0
1970-01-01 00:26:57.476400,0,1,2.0
1970-01-01 00:26:57.480000,0,1,2.0
1970-01-01 00:26:57.566400,1,0,2.0
1970-01-01 00:26:57.570000,1,0,2.0
1970-01-01 00:26:57.573600,1,0,2.0
1970-01-01 00:26:57.580800,1,0,2.0
1970-01-01 00:26:57.584400,1,0,2.0
1970-01-01 00:26:57.588000,0,1,2.0
1970-01-01 00:26:57.598800,1,0,2.0
1970-01-01 00:26:57.602400,1,0,2.0
1970-01-01 00:26:57.606000,1,0,2.0
1970-01-01 00:26:57.609600,1,0,2.0
1970-01-01 00:26:57.613200,1,0,2.0
1970-01-01 00:26:57.616800,1,0,2.0
1970-01-01 00:26:57.620400,1,0,2.0
1970-01-01 00:26:57.624000,1,0,2.0
1970-01-01 00:26:57.627600,1,0,2.0
1970-01-01 00:26:57.631200,1,0,2.0
1970-01-01 00:26:57.634800,1,0,2.0
1970-01-01 00:26:57.638400,1,0,2.0
1970-01-01 00:26:57.645600,1,0,2.0
1970-01-01 00:26:57.649200,1,0,2.0
1970-01-01 00:26:57.652800,1,0,2.0
1970-01-01 00:26:57.656400,1,0,2.0
1970-01-01 00:26:57.667200,0,1,2.0
1970-01-01 00:26:57.678000,1,0,2.0
1970-01-01 00:26:57.685200,1,0,2.0
1970-01-01 00:26:57.688800,1,0,2.0
1970-01-01 00:26:57.692400,1,0,2.0
1970-01-01 00:26:57.696000,1,0,2.0
1970-01-01 00:26:57.699600,1,0,2.0
1970-01-01 00:26:57.703200,1,0,2.0
1970-01-01 00:26:57.710400,0,0,2.0
1970-01-01 00:26:57.714000,1,0,2.0
1970-01-01 00:26:57.717600,1,0,2.0
1970-01-01 00:26:57.764400,0,1,2.0
1970-01-01 00:26:57.768000,0,1,2.0
1970-01-01 00:26:57.771600,0,1,2.0
1970-01-01 00:26:57.775200,0,1,2.0
1970-01-01 00:26:57.778800,0,1,2.0
1970-01-01 00:26:57.782400,0,1,2.0
1970-01-01 00:26:57.955200,1,0,2.0
1970-01-01 00:26:58.005600,1,0,2.0
1970-01-01 00:26:58.009200,1,0,2.0
1970-01-01 00:26:58.012800,1,0,2.0
1970-01-01 00:26:58.016400,1,0,2.0
1970-01-01 00:26:58.020000,1,0,2.0
1970-01-01 00:26:58.023600,1,0,2.0
1970-01-01 00:26:58.052400,1,0,2.0
1970-01-01 00:26:58.056000,1,0,2.0
1970-01-01 00:26:58.059600,1,0,2.0
1970-01-01 00:26:58.063200,1,0,2.0
1970-01-01 00:26:58.066800,1,0,2.0
1970-01-01 00:26:58.070400,1,0,2.0
1970-01-01 00:26:58.074000,1,0,2.0
1970-01-01 00:26:58.081200,1,0,2.0
1970-01-01 00:26:58.084800,1,0,2.0
1970-01-01 00:26:58.092000,1,0,2.0
1970-01-01 00:26:58.207200,0,1,2.0
1970-01-01 00:26:58.210800,0,1,2.0
1970-01-01 00:26:58.214400,0,1,2.0
1970-01-01 00:26:58.232400,0,1,2.0
1970-01-01 00:26:58.254000,1,0,2.0
1970-01-01 00:26:58.268400,1,0,2.0
1970-01-01 00:26:58.275600,1,0,2.0
1970-01-01 00:26:58.279200,1,0,2.0
1970-01-01 00:26:58.282800,1,0,2.0
1970-01-01 00:26:58.286400,1,0,2.0
1970-01-01 00:26:58.290000,1,0,2.0
1970-01-01 00:26:58.293600,1,0,2.0
1970-01-01 00:26:58.297200,1,0,2.0
1970-01-01 00:26:58.347600,1,0,2.0
1970-01-01 00:26:58.351200,1,0,2.0
1970-01-01 00:26:58.354800,1,0,2.0
1970-01-01 00:26:58.369200,0,1,2.0
1970-01-01 00:26:58.372800,0,1,2.0
1970-01-01 00:26:58.380000,0,1,2.0
1970-01-01 00:26:58.383600,0,1,2.0
1970-01-01 00:26:58.412400,1,0,2.0
1970-01-01 00:26:58.419600,1,0,2.0
1970-01-01 00:26:58.423200,1,0,2.0
1970-01-01 00:26:58.426800,1,0,2.0
1970-01-01 00:26:58.430400,1,0,2.0
1970-01-01 00:26:58.480800,1,0,2.0
1970-01-01 00:26:58.484400,1,0,2.0
1970-01-01 00:26:58.488000,1,0,2.0
1970-01-01 00:26:58.491600,1,0,2.0
1970-01-01 00:26:58.495200,1,0,2.0
1970-01-01 00:26:58.502400,1,0,2.0
1970-01-01 00:26:58.506000,1,0,2.0
1970-01-01 00:26:58.509600,1,0,2.0
1970-01-01 00:26:58.520400,1,0,2.0
1970-01-01 00:26:58.527600,1,0,2.0
1970-01-01 00:26:58.534800,1,0,2.0
1970-01-01 00:26:58.542000,0,1,2.0
1970-01-01 00:26:58.549200,0,1,2.0
1970-01-01 00:26:58.552800,0,1,2.0
1970-01-01 00:26:58.556400,0,1,2.0
1970-01-01 00:26:58.560000,0,1,2.0
1970-01-01 00:26:58.563600,1,0,2.0
1970-01-01 00:26:58.567200,1,0,2.0
1970-01-01 00:26:58.570800,1,0,2.0
1970-01-01 00:26:58.574400,1,0,2.0
1970-01-01 00:26:58.578000,1,0,2.0
1970-01-01 00:26:58.581600,1,0,2.0
1970-01-01 00:26:58.603200,1,0,2.0
1970-01-01 00:26:58.606800,1,0,2.0
1970-01-01 00:26:58.610400,1,0,2.0
1970-01-01 00:26:58.614000,1,0,2.0
1970-01-01 00:26:58.642800,0,1,2.0
1970-01-01 00:26:58.646400,0,1,2.0
1970-01-01 00:26:58.660800,0,1,2.0
1970-01-01 00:26:58.664400,0,1,2.0
1970-01-01 00:26:58.682400,0,1,2.0
1970-01-01 00:26:58.686000,0,1,2.0
1970-01-01 00:26:58.689600,0,1,2.0
1970-01-01 00:26:58.693200,0,1,2.0
1970-01-01 00:26:58.696800,0,1,2.0
1970-01-01 00:26:58.700400,0,1,2.0
1970-01-01 00:26:58.704000,0,1,2.0
1970-01-01 00:26:58.707600,0,1,2.0
1970-01-01 00:26:58.711200,0,1,2.0
1970-01-01 00:26:58.801200,0,1,2.0
1970-01-01 00:26:58.822800,0,1,2.0
1970-01-01 00:26:58.826400,0,1,2.0
1970-01-01 00:26:58.830000,0,1,2.0
1970-01-01 00:26:58.833600,0,1,2.0
1970-01-01 00:26:58.837200,0,1,2.0
1970-01-01 00:26:58.840800,1,0,2.0
1970-01-01 00:26:58.844400,1,0,2.0
1970-01-01 00:26:58.848000,1,0,2.0
1970-01-01 00:26:58.855200,0,1,2.0
1970-01-01 00:26:58.858800,0,1,2.0
1970-01-01 00:26:58.862400,0,1,2.0
1970-01-01 00:26:58.866000,0,1,2.0
1970-01-01 00:26:58.869600,0,1,2.0
1970-01-01 00:26:58.873200,0,1,2.0
1970-01-01 00:26:58.891200,0,1,2.0
1970-01-01 00:26:58.898400,1,0,2.0
1970-01-01 00:26:58.902000,1,0,2.0
1970-01-01 00:26:58.927200,1,0,2.0
1970-01-01 00:26:58.930800,1,0,2.0
1970-01-01 00:26:58.945200,0,1,2.0
1970-01-01 00:26:58.999200,1,0,2.0
1970-01-01 00:26:59.002800,1,0,2.0
1970-01-01 00:26:59.017200,0,1,2.0
1970-01-01 00:26:59.020800,0,1,2.0
1970-01-01 00:26:59.024400,0,1,2.0
1970-01-01 00:26:59.031600,0,1,2.0
1970-01-01 00:26:59.060400,1,0,2.0
1970-01-01 00:26:59.064000,1,0,2.0
1970-01-01 00:26:59.067600,1,0,2.0
1970-01-01 00:26:59.071200,1,0,2.0
1970-01-01 00:26:59.074800,1,0,2.0
1970-01-01 00:26:59.078400,1,0,2.0
1970-01-01 00:26:59.100000,0,1,2.0
1970-01-01 00:26:59.103600,0,1,2.0
1970-01-01 00:26:59.107200,0,1,2.0
1970-01-01 00:26:59.110800,0,1,2.0
1970-01-01 00:26:59.114400,0,1,2.0
1970-01-01 00:26:59.118000,0,1,2.0
1970-01-01 00:26:59.121600,0,1,2.0
1970-01-01 00:26:59.125200,0,1,2.0
1970-01-01 00:26:59.128800,0,1,2.0
1970-01-01 00:26:59.132400,0,1,2.0
1970-01-01 00:26:59.136000,0,1,2.0
1970-01-01 00:26:59.139600,0,1,2.0
1970-01-01 00:26:59.236800,0,1,2.0
1970-01-01 00:26:59.240400,0,1,2.0
1970-01-01 00:26:59.244000,0,1,2.0
1970-01-01 00:26:59.247600,0,1,2.0
1970-01-01 00:26:59.251200,0,1,2.0
1970-01-01 00:26:59.254800,0,1,2.0
1970-01-01 00:26:59.258400,1,0,2.0
1970-01-01 00:26:59.337600,1,0,2.0
1970-01-01 00:26:59.341200,1,0,2.0
1970-01-01 00:26:59.344800,1,0,2.0
1970-01-01 00:26:59.359200,0,1,2.0
1970-01-01 00:26:59.362800,0,1,2.0
1970-01-01 00:26:59.366400,0,1,2.0
1970-01-01 00:26:59.370000,0,1,2.0
1970-01-01 00:26:59.380800,1,0,2.0
1970-01-01 00:26:59.384400,1,0,2.0
1970-01-01 00:26:59.388000,1,0,2.0
1970-01-01 00:26:59.391600,1,0,2.0
1970-01-01 00:26:59.395200,1,0,2.0
1970-01-01 00:26:59.467200,1,0,2.0
1970-01-01 00:26:59.470800,1,0,2.0
1970-01-01 00:26:59.481600,1,0,2.0
1970-01-01 00:26:59.496000,1,0,2.0
1970-01-01 00:26:59.568000,0,1,2.0
1970-01-01 00:26:59.571600,0,1,2.0
1970-01-01 00:26:59.575200,0,1,2.0
1970-01-01 00:26:59.650800,0,1,2.0
1970-01-01 00:26:59.683200,1,0,2.0
1970-01-01 00:26:59.690400,0,1,2.0
1970-01-01 00:26:59.694000,0,1,2.0
1970-01-01 00:26:59.697600,0,1,2.0
1970-01-01 00:26:59.726400,1,0,2.0
1970-01-01 00:26:59.733600,1,0,2.0
1970-01-01 00:26:59.737200,1,0,2.0
1970-01-01 00:26:59.740800,1,0,2.0
1970-01-01 00:26:59.744400,1,0,2.0
1970-01-01 00:26:59.748000,1,0,2.0
1970-01-01 00:26:59.751600,1,0,2.0
1970-01-01 00:26:59.776800,1,0,2.0
1970-01-01 00:26:59.780400,1,0,2.0
1970-01-01 00:26:59.812800,1,0,2.0
1970-01-01 00:26:59.816400,1,0,2.0
1970-01-01 00:26:59.838000,0,1,2.0
1970-01-01 00:26:59.888400,1,0,2.0
1970-01-01 00:26:59.902800,1,0,2.0
1970-01-01 00:26:59.906400,0,1,2.0
1970-01-01 00:26:59.910000,0,1,2.0
1970-01-01 00:26:59.913600,0,1,2.0
1970-01-01 00:26:59.917200,0,1,2.0
1970-01-01 00:26:59.920800,0,1,2.0
1970-01-01 00:26:59.989200,1,0,2.0
1970-01-01 00:26:59.992800,1,0,2.0
1970-01-01 00:26:59.996400,1,0,2.0
1970-01-01 00:27:00.003600,1,0,2.0
1970-01-01 00:27:00.007200,1,0,2.0
1970-01-01 00:27:00.010800,1,0,2.0
1970-01-01 00:27:00.014400,1,0,2.0
1970-01-01 00:27:00.018000,1,0,2.0
1970-01-01 00:27:00.021600,1,0,2.0
1970-01-01 00:27:00.046800,1,0,2.0
1970-01-01 00:27:00.050400,1,0,2.0
1970-01-01 00:27:00.054000,1,0,2.0
1970-01-01 00:27:00.064800,0,1,2.0
1970-01-01 00:27:00.068400,0,1,2.0
1970-01-01 00:27:00.072000,0,1,2.0
1970-01-01 00:27:00.075600,0,1,2.0
1970-01-01 00:27:00.079200,0,1,2.0
1970-01-01 00:27:00.082800,0,1,2.0
1970-01-01 00:27:00.097200,1,0,2.0
1970-01-01 00:27:00.100800,1,0,2.0
1970-01-01 00:27:00.104400,1,0,2.0
1970-01-01 00:27:00.108000,1,0,2.0
1970-01-01 00:27:00.111600,1,0,2.0
1970-01-01 00:27:00.115200,1,0,2.0
1970-01-01 00:27:00.122400,0,1,2.0
1970-01-01 00:27:00.126000,0,1,2.0
1970-01-01 00:27:00.129600,0,1,2.0
1970-01-01 00:27:00.133200,0,1,2.0
1970-01-01 00:27:00.154800,1,0,2.0
1970-01-01 00:27:00.162000,1,0,2.0
1970-01-01 00:27:00.165600,1,0,2.0
1970-01-01 00:27:00.169200,1,0,2.0
1970-01-01 00:27:00.201600,1,0,2.0
1970-01-01 00:27:00.205200,1,0,2.0
1970-01-01 00:27:00.255600,0,1,2.0
1970-01-01 00:27:00.259200,0,1,2.0
1970-01-01 00:27:00.266400,0,1,2.0
1970-01-01 00:27:00.280800,1,0,2.0
1970-01-01 00:27:00.302400,0,1,2.0
1970-01-01 00:27:00.309600,0,1,2.0
1970-01-01 00:27:00.313200,0,1,2.0
1970-01-01 00:27:00.316800,0,1,2.0
1970-01-01 00:27:00.320400,0,1,2.0
1970-01-01 00:27:00.324000,1,0,2.0
1970-01-01 00:27:00.327600,1,0,2.0
1970-01-01 00:27:00.331200,1,0,2.0
1970-01-01 00:27:00.334800,1,0,2.0
1970-01-01 00:27:00.349200,1,0,2.0
1970-01-01 00:27:00.403200,0,1,2.0
1970-01-01 00:27:00.424800,1,0,2.0
1970-01-01 00:27:00.482400,0,1,2.0
1970-01-01 00:27:00.486000,1,0,2.0
1970-01-01 00:27:00.489600,1,0,2.0
1970-01-01 00:27:00.529200,1,0,2.0
1970-01-01 00:27:00.532800,1,0,2.0
1970-01-01 00:27:00.536400,1,0,2.0
1970-01-01 00:27:00.540000,1,0,2.0
1970-01-01 00:27:00.543600,1,0,2.0
1970-01-01 00:27:00.547200,1,0,2.0
1970-01-01 00:27:00.550800,0,1,2.0
1970-01-01 00:27:00.554400,0,1,2.0
1970-01-01 00:27:00.561600,1,0,2.0
1970-01-01 00:27:00.576000,1,0,2.0
1970-01-01 00:27:00.579600,1,0,2.0
1970-01-01 00:27:00.583200,1,0,2.0
1970-01-01 00:27:00.586800,1,0,2.0
1970-01-01 00:27:00.590400,1,0,2.0
1970-01-01 00:27:00.594000,1,0,2.0
1970-01-01 00:27:00.597600,1,0,2.0
1970-01-01 00:27:00.601200,1,0,2.0
1970-01-01 00:27:00.633600,0,1,2.0
1970-01-01 00:27:00.651600,0,0,2.0
1970-01-01 00:27:00.658800,0,1,2.0
1970-01-01 00:27:00.662400,0,1,2.0
1970-01-01 00:27:00.666000,0,1,2.0
1970-01-01 00:27:00.669600,0,1,2.0
1970-01-01 00:27:00.756000,1,0,2.0
1970-01-01 00:27:00.759600,1,0,2.0
1970-01-01 00:27:00.763200,1,0,2.0
1970-01-01 00:27:00.766800,1,0,2.0
1970-01-01 00:27:00.770400,1,0,2.0
1970-01-01 00:27:00.774000,1,0,2.0
1970-01-01 00:27:00.792000,0,1,2.0
1970-01-01 00:27:00.795600,0,1,2.0
1970-01-01 00:27:00.810000,0,1,2.0
1970-01-01 00:27:00.813600,0,1,2.0
1970-01-01 00:27:00.817200,0,1,2.0
1970-01-01 00:27:00.820800,0,1,2.0
1970-01-01 00:27:00.824400,0,1,2.0
1970-01-01 00:27:00.828000,0,1,2.0
1970-01-01 00:27:00.838800,0,1,2.0
1970-01-01 00:27:00.842400,0,1,2.0
1970-01-01 00:27:00.846000,0,1,2.0
1970-01-01 00:27:00.849600,0,1,2.0
1970-01-01 00:27:00.853200,0,1,2.0
1970-01-01 00:27:00.856800,0,1,2.0
1970-01-01 00:27:00.907200,0,1,2.0
1970-01-01 00:27:00.910800,0,1,2.0
1970-01-01 00:27:00.914400,0,1,2.0
1970-01-01 00:27:00.918000,0,1,2.0
1970-01-01 00:27:00.928800,1,0,2.0
1970-01-01 00:27:00.932400,1,0,2.0
1970-01-01 00:27:00.957600,1,0,2.0
1970-01-01 00:27:01.000800,0,1,2.0
1970-01-01 00:27:01.004400,0,1,2.0
1970-01-01 00:27:01.008000,0,1,2.0
1970-01-01 00:27:01.022400,1,0,2.0
1970-01-01 00:27:01.040400,0,1,2.0
1970-01-01 00:27:01.044000,0,1,2.0
1970-01-01 00:27:01.047600,0,1,2.0
1970-01-01 00:27:01.051200,0,1,2.0
1970-01-01 00:27:01.054800,0,1,2.0
1970-01-01 00:27:01.087200,0,1,2.0
1970-01-01 00:27:01.137600,1,0,2.0
1970-01-01 00:27:01.141200,1,0,2.0
1970-01-01 00:27:01.155600,0,1,2.0
1970-01-01 00:27:01.159200,0,1,2.0
1970-01-01 00:27:01.162800,0,1,2.0
1970-01-01 00:27:01.166400,0,1,2.0
1970-01-01 00:27:01.170000,0,1,2.0
1970-01-01 00:27:01.173600,0,1,2.0
1970-01-01 00:27:01.177200,0,1,2.0
1970-01-01 00:27:01.180800,0,1,2.0
1970-01-01 00:27:01.184400,0,1,2.0
1970-01-01 00:27:01.188000,0,1,2.0
1970-01-01 00:27:01.198800,0,1,2.0
1970-01-01 00:27:01.202400,0,1,2.0
1970-01-01 00:27:01.206000,0,1,2.0
1970-01-01 00:27:01.209600,0,1,2.0
1970-01-01 00:27:01.213200,0,1,2.0
1970-01-01 00:27:01.220400,1,0,2.0
1970-01-01 00:27:01.242000,0,1,2.0
1970-01-01 00:27:01.245600,0,1,2.0
1970-01-01 00:27:01.249200,0,1,2.0
1970-01-01 00:27:01.252800,0,1,2.0
1970-01-01 00:27:01.256400,0,1,2.0
1970-01-01 00:27:01.260000,0,1,2.0
1970-01-01 00:27:01.263600,1,0,2.0
1970-01-01 00:27:01.267200,1,0,2.0
1970-01-01 00:27:01.270800,1,0,2.0
1970-01-01 00:27:01.274400,1,0,2.0
1970-01-01 00:27:01.278000,1,0,2.0
1970-01-01 00:27:01.285200,1,0,2.0
1970-01-01 00:27:01.288800,1,0,2.0
1970-01-01 00:27:01.292400,1,0,2.0
1970-01-01 00:27:01.328400,0,1,2.0
1970-01-01 00:27:01.332000,0,1,2.0
1970-01-01 00:27:01.335600,0,1,2.0
1970-01-01 00:27:01.346400,1,0,2.0
1970-01-01 00:27:01.353600,0,1,2.0
1970-01-01 00:27:01.364400,0,1,2.0
1970-01-01 00:27:01.368000,0,1,2.0
1970-01-01 00:27:01.371600,0,1,2.0
1970-01-01 00:27:01.375200,0,1,2.0
1970-01-01 00:27:01.378800,0,1,2.0
1970-01-01 00:27:01.382400,0,1,2.0
1970-01-01 00:27:01.400400,0,1,2.0
1970-01-01 00:27:01.404000,0,1,2.0
1970-01-01 00:27:01.407600,0,1,2.0
1970-01-01 00:27:01.411200,0,1,2.0
1970-01-01 00:27:01.414800,0,1,2.0
1970-01-01 00:27:01.418400,0,1,2.0
1970-01-01 00:27:01.422000,0,1,2.0
1970-01-01 00:27:01.425600,1,0,2.0
1970-01-01 00:27:01.555200,0,1,2.0
1970-01-01 00:27:01.558800,0,1,2.0
1970-01-01 00:27:01.584000,0,1,2.0
1970-01-01 00:27:01.587600,0,1,2.0
1970-01-01 00:27:01.591200,0,1,2.0
1970-01-01 00:27:01.594800,0,1,2.0
1970-01-01 00:27:01.598400,0,1,2.0
1970-01-01 00:27:01.602000,0,1,2.0
1970-01-01 00:27:01.605600,0,1,2.0
1970-01-01 00:27:01.616400,0,1,2.0
1970-01-01 00:27:01.666800,1,0,2.0
1970-01-01 00:27:01.688400,0,1,2.0
1970-01-01 00:27:01.728000,0,1,2.0
1970-01-01 00:27:01.731600,0,1,2.0
1970-01-01 00:27:01.735200,0,1,2.0
1970-01-01 00:27:01.738800,0,1,2.0
1970-01-01 00:27:01.742400,0,1,2.0
1970-01-01 00:27:01.746000,0,1,2.0
1970-01-01 00:27:01.749600,0,1,2.0
1970-01-01 00:27:01.753200,0,1,2.0
1970-01-01 00:27:01.756800,0,1,2.0
1970-01-01 00:27:01.764000,0,1,2.0
1970-01-01 00:27:01.767600,0,1,2.0
1970-01-01 00:27:01.818000,1,0,2.0
1970-01-01 00:27:01.821600,1,0,2.0
1970-01-01 00:27:01.828800,1,0,2.0
1970-01-01 00:27:01.832400,1,0,2.0
1970-01-01 00:27:01.836000,1,0,2.0
1970-01-01 00:27:01.861200,1,0,2.0
1970-01-01 00:27:01.864800,1,0,2.0
1970-01-01 00:27:01.868400,1,0,2.0
1970-01-01 00:27:01.872000,1,0,2.0
1970-01-01 00:27:01.875600,1,0,2.0
1970-01-01 00:27:01.879200,1,0,2.0
1970-01-01 00:27:01.886400,1,0,2.0
1970-01-01 00:27:01.890000,1,0,2.0
1970-01-01 00:27:01.893600,1,0,2.0
1970-01-01 00:27:01.922400,0,1,2.0
1970-01-01 00:27:01.926000,0,1,2.0
1970-01-01 00:27:01.969200,1,0,2.0
1970-01-01 00:27:01.972800,1,0,2.0
1970-01-01 00:27:01.976400,1,0,2.0
1970-01-01 00:27:01.980000,1,0,2.0
1970-01-01 00:27:01.987200,1,0,2.0
1970-01-01 00:27:01.990800,1,0,2.0
1970-01-01 00:27:01.994400,1,0,2.0
1970-01-01 00:27:01.998000,1,0,2.0
1970-01-01 00:27:02.001600,1,0,2.0
1970-01-01 00:27:02.005200,1,0,2.0
1970-01-01 00:27:02.012400,0,1,2.0
1970-01-01 00:27:02.019600,0,1,2.0
1970-01-01 00:27:02.026800,0,1,2.0
1970-01-01 00:27:02.030400,0,1,2.0
1970-01-01 00:27:02.055600,0,1,2.0
1970-01-01 00:27:02.059200,0,1,2.0
1970-01-01 00:27:02.062800,0,1,2.0
1970-01-01 00:27:02.066400,0,1,2.0
1970-01-01 00:27:02.070000,0,1,2.0
1970-01-01 00:27:02.073600,0,1,2.0
1970-01-01 00:27:02.084400,1,0,2.0
1970-01-01 00:27:02.088000,1,0,2.0
1970-01-01 00:27:02.091600,1,0,2.0
1970-01-01 00:27:02.095200,1,0,2.0
1970-01-01 00:27:02.098800,1,0,2.0
1970-01-01 00:27:02.102400,1,0,2.0
1970-01-01 00:27:02.109600,1,0,2.0
1970-01-01 00:27:02.124000,0,1,2.0
1970-01-01 00:27:02.127600,0,1,2.0
1970-01-01 00:27:02.138400,0,1,2.0
1970-01-01 00:27:02.156400,0,1,2.0
1970-01-01 00:27:02.160000,0,1,2.0
1970-01-01 00:27:02.163600,0,1,2.0
1970-01-01 00:27:02.167200,0,1,2.0
1970-01-01 00:27:02.170800,0,1,2.0
1970-01-01 00:27:02.174400,0,1,2.0
1970-01-01 00:27:02.178000,0,1,2.0
1970-01-01 00:27:02.181600,0,1,2.0
1970-01-01 00:27:02.185200,0,1,2.0
1970-01-01 00:27:02.199600,1,0,2.0
1970-01-01 00:27:02.235600,1,0,2.0
1970-01-01 00:27:02.239200,1,0,2.0
1970-01-01 00:27:02.253600,0,1,2.0
1970-01-01 00:27:02.257200,0,1,2.0
1970-01-01 00:27:02.264400,0,1,2.0
1970-01-01 00:27:02.268000,0,1,2.0
1970-01-01 00:27:02.271600,0,1,2.0
1970-01-01 00:27:02.286000,0,1,2.0
1970-01-01 00:27:02.289600,0,1,2.0
1970-01-01 00:27:02.293200,0,1,2.0
1970-01-01 00:27:02.296800,0,1,2.0
1970-01-01 00:27:02.332800,1,0,2.0
1970-01-01 00:27:02.336400,1,0,2.0
1970-01-01 00:27:02.340000,1,0,2.0
1970-01-01 00:27:02.343600,1,0,2.0
1970-01-01 00:27:02.397600,0,1,2.0
1970-01-01 00:27:02.401200,0,1,2.0
1970-01-01 00:27:02.404800,0,1,2.0
1970-01-01 00:27:02.408400,0,1,2.0
1970-01-01 00:27:02.412000,0,1,2.0
1970-01-01 00:27:02.415600,0,1,2.0
1970-01-01 00:27:02.422800,1,0,2.0
1970-01-01 00:27:02.426400,1,0,2.0
1970-01-01 00:27:02.430000,1,0,2.0
1970-01-01 00:27:02.433600,1,0,2.0
1970-01-01 00:27:02.437200,1,0,2.0
1970-01-01 00:27:02.440800,1,0,2.0
1970-01-01 00:27:02.444400,1,0,2.0
1970-01-01 00:27:02.448000,1,0,2.0
1970-01-01 00:27:02.451600,1,0,2.0
1970-01-01 00:27:02.484000,1,0,2.0
1970-01-01 00:27:02.487600,1,0,2.0
1970-01-01 00:27:02.491200,1,0,2.0
1970-01-01 00:27:02.494800,1,0,2.0
1970-01-01 00:27:02.498400,1,0,2.0
1970-01-01 00:27:02.505600,0,1,2.0
1970-01-01 00:27:02.523600,0,1,2.0
1970-01-01 00:27:02.527200,0,1,2.0
1970-01-01 00:27:02.613600,1,0,2.0
1970-01-01 00:27:02.628000,1,0,2.0
1970-01-01 00:27:02.631600,1,0,2.0
1970-01-01 00:27:02.635200,1,0,2.0
1970-01-01 00:27:02.660400,0,1,2.0
1970-01-01 00:27:02.667600,0,1,2.0
1970-01-01 00:27:02.674800,0,0,2.0
1970-01-01 00:27:02.678400,1,0,2.0
1970-01-01 00:27:02.682000,1,0,2.0
1970-01-01 00:27:02.685600,1,0,2.0
1970-01-01 00:27:02.689200,1,0,2.0
1970-01-01 00:27:02.692800,1,0,2.0
1970-01-01 00:27:02.703600,1,0,2.0
1970-01-01 00:27:02.710800,0,1,2.0
1970-01-01 00:27:02.714400,0,1,2.0
1970-01-01 00:27:02.746800,0,1,2.0
1970-01-01 00:27:02.750400,0,1,2.0
1970-01-01 00:27:02.754000,0,1,2.0
1970-01-01 00:27:02.757600,0,1,2.0
1970-01-01 00:27:02.761200,0,1,2.0
1970-01-01 00:27:02.764800,0,1,2.0
1970-01-01 00:27:02.768400,0,1,2.0
1970-01-01 00:27:02.772000,0,1,2.0
1970-01-01 00:27:02.775600,0,1,2.0
1970-01-01 00:27:02.779200,0,1,2.0
1970-01-01 00:27:02.833200,1,0,2.0
1970-01-01 00:27:02.847600,1,0,2.0
1970-01-01 00:27:02.862000,0,1,2.0
1970-01-01 00:27:02.865600,0,1,2.0
1970-01-01 00:27:02.869200,0,1,2.0
1970-01-01 00:27:02.872800,0,1,2.0
1970-01-01 00:27:02.876400,0,1,2.0
1970-01-01 00:27:02.880000,0,1,2.0
1970-01-01 00:27:02.905200,0,1,2.0
1970-01-01 00:27:02.926800,1,0,2.0
1970-01-01 00:27:02.930400,1,0,2.0
1970-01-01 00:27:02.934000,1,0,2.0
1970-01-01 00:27:02.937600,1,0,2.0
1970-01-01 00:27:02.966400,0,1,2.0
1970-01-01 00:27:02.995200,0,1,2.0
1970-01-01 00:27:03.006000,1,0,2.0
1970-01-01 00:27:03.009600,1,0,2.0
1970-01-01 00:27:03.013200,1,0,2.0
1970-01-01 00:27:03.016800,1,0,2.0
1970-01-01 00:27:03.020400,1,0,2.0
1970-01-01 00:27:03.031200,0,1,2.0
1970-01-01 00:27:03.052800,1,0,2.0
1970-01-01 00:27:03.060000,0,1,2.0
1970-01-01 00:27:03.063600,0,1,2.0
1970-01-01 00:27:03.067200,0,1,2.0
1970-01-01 00:27:03.070800,0,1,2.0
1970-01-01 00:27:03.074400,0,1,2.0
1970-01-01 00:27:03.078000,0,1,2.0
1970-01-01 00:27:03.081600,0,1,2.0
1970-01-01 00:27:03.085200,0,1,2.0
1970-01-01 00:27:03.088800,0,1,2.0
1970-01-01 00:27:03.092400,0,1,2.0
1970-01-01 00:27:03.096000,0,1,2.0
1970-01-01 00:27:03.099600,0,1,2.0
1970-01-01 00:27:03.103200,0,1,2.0
1970-01-01 00:27:03.106800,0,1,2.0
1970-01-01 00:27:03.110400,0,1,2.0
1970-01-01 00:27:03.114000,0,1,2.0
1970-01-01 00:27:03.139200,0,1,2.0
1970-01-01 00:27:03.150000,0,1,2.0
1970-01-01 00:27:03.153600,0,1,2.0
1970-01-01 00:27:03.160800,1,0,2.0
1970-01-01 00:27:03.164400,1,0,2.0
1970-01-01 00:27:03.168000,1,0,2.0
1970-01-01 00:27:03.186000,0,1,2.0
1970-01-01 00:27:03.189600,0,1,2.0
1970-01-01 00:27:03.193200,0,1,2.0
1970-01-01 00:27:03.207600,1,0,2.0
1970-01-01 00:27:03.229200,1,0,2.0
1970-01-01 00:27:03.232800,1,0,2.0
1970-01-01 00:27:03.236400,1,0,2.0
1970-01-01 00:27:03.240000,1,0,2.0
1970-01-01 00:27:03.243600,1,0,2.0
1970-01-01 00:27:03.247200,1,0,2.0
1970-01-01 00:27:03.312000,1,0,2.0
1970-01-01 00:27:03.319200,0,1,2.0
1970-01-01 00:27:03.322800,0,1,2.0
1970-01-01 00:27:03.369600,1,0,2.0
1970-01-01 00:27:03.373200,1,0,2.0
1970-01-01 00:27:03.405600,0,1,2.0
1970-01-01 00:27:03.409200,0,1,2.0
1970-01-01 00:27:03.416400,0,1,2.0
1970-01-01 00:27:03.420000,0,1,2.0
1970-01-01 00:27:03.423600,0,1,2.0
1970-01-01 00:27:03.438000,0,1,2.0
1970-01-01 00:27:03.441600,0,1,2.0
1970-01-01 00:27:03.445200,0,1,2.0
1970-01-01 00:27:03.448800,0,1,2.0
1970-01-01 00:27:03.452400,0,1,2.0
1970-01-01 00:27:03.456000,0,1,2.0
1970-01-01 00:27:03.470400,1,0,2.0
1970-01-01 00:27:03.474000,1,0,2.0
1970-01-01 00:27:03.477600,1,0,2.0
1970-01-01 00:27:03.481200,1,0,2.0
1970-01-01 00:27:03.484800,1,0,2.0
1970-01-01 00:27:03.531600,0,1,2.0
1970-01-01 00:27:03.535200,0,1,2.0
1970-01-01 00:27:03.538800,0,1,2.0
1970-01-01 00:27:03.542400,0,1,2.0
1970-01-01 00:27:03.546000,0,1,2.0
1970-01-01 00:27:03.549600,0,1,2.0
1970-01-01 00:27:03.560400,1,0,2.0
1970-01-01 00:27:03.582000,1,0,2.0
1970-01-01 00:27:03.585600,1,0,2.0
1970-01-01 00:27:03.589200,1,0,2.0
1970-01-01 00:27:03.592800,1,0,2.0
1970-01-01 00:27:03.596400,1,0,2.0
1970-01-01 00:27:03.600000,1,0,2.0
1970-01-01 00:27:03.603600,1,0,2.0
1970-01-01 00:27:03.607200,1,0,2.0
1970-01-01 00:27:03.610800,1,0,2.0
1970-01-01 00:27:03.654000,1,0,2.0
1970-01-01 00:27:03.657600,1,0,2.0
1970-01-01 00:27:03.661200,1,0,2.0
1970-01-01 00:27:03.664800,1,0,2.0
1970-01-01 00:27:03.668400,1,0,2.0
1970-01-01 00:27:03.672000,1,0,2.0
1970-01-01 00:27:03.690000,1,0,2.0
1970-01-01 00:27:03.693600,1,0,2.0
1970-01-01 00:27:03.697200,1,0,2.0
1970-01-01 00:27:03.700800,1,0,2.0
1970-01-01 00:27:03.704400,1,0,2.0
1970-01-01 00:27:03.708000,1,0,2.0
1970-01-01 00:27:03.729600,0,1,2.0
1970-01-01 00:27:03.819600,0,1,2.0
1970-01-01 00:27:03.823200,0,1,2.0
1970-01-01 00:27:03.826800,0,1,2.0
1970-01-01 00:27:03.830400,0,1,2.0
1970-01-01 00:27:03.834000,0,1,2.0
1970-01-01 00:27:03.837600,0,1,2.0
1970-01-01 00:27:03.841200,0,1,2.0
1970-01-01 00:27:03.848400,0,1,2.0
1970-01-01 00:27:03.880800,1,0,2.0
1970-01-01 00:27:03.884400,1,0,2.0
1970-01-01 00:27:03.913200,0,1,2.0
1970-01-01 00:27:03.916800,0,1,2.0
1970-01-01 00:27:03.920400,0,1,2.0
1970-01-01 00:27:03.924000,0,1,2.0
1970-01-01 00:27:03.927600,0,1,2.0
1970-01-01 00:27:03.931200,0,1,2.0
1970-01-01 00:27:03.934800,0,1,2.0
1970-01-01 00:27:03.938400,0,1,2.0
1970-01-01 00:27:03.942000,0,1,2.0
1970-01-01 00:27:03.956400,1,0,2.0
1970-01-01 00:27:04.003200,0,1,2.0
1970-01-01 00:27:04.006800,0,1,2.0
1970-01-01 00:27:04.010400,0,1,2.0
1970-01-01 00:27:04.014000,0,1,2.0
1970-01-01 00:27:04.017600,0,1,2.0
1970-01-01 00:27:04.021200,0,1,2.0
1970-01-01 00:27:04.024800,0,1,2.0
1970-01-01 00:27:04.032000,0,1,2.0
1970-01-01 00:27:04.042800,1,0,2.0
1970-01-01 00:27:04.111200,0,1,2.0
1970-01-01 00:27:04.114800,0,1,2.0
1970-01-01 00:27:04.118400,0,1,2.0
1970-01-01 00:27:04.122000,0,1,2.0
1970-01-01 00:27:04.125600,0,1,2.0
1970-01-01 00:27:04.129200,0,1,2.0
1970-01-01 00:27:04.132800,0,1,2.0
1970-01-01 00:27:04.161600,0,1,2.0
1970-01-01 00:27:04.165200,0,1,2.0
1970-01-01 00:27:04.168800,0,1,2.0
1970-01-01 00:27:04.172400,0,1,2.0
1970-01-01 00:27:04.176000,0,1,2.0
1970-01-01 00:27:04.179600,0,1,2.0
1970-01-01 00:27:04.186800,1,0,2.0
1970-01-01 00:27:04.190400,1,0,2.0
1970-01-01 00:27:04.194000,1,0,2.0
1970-01-01 00:27:04.197600,1,0,2.0
1970-01-01 00:27:04.201200,1,0,2.0
1970-01-01 00:27:04.204800,1,0,2.0
1970-01-01 00:27:04.208400,1,0,2.0
1970-01-01 00:27:04.212000,1,0,2.0
1970-01-01 00:27:04.219200,0,1,2.0
1970-01-01 00:27:04.222800,0,1,2.0
1970-01-01 00:27:04.226400,0,1,2.0
1970-01-01 00:27:04.230000,0,1,2.0
1970-01-01 00:27:04.233600,0,1,2.0
1970-01-01 00:27:04.237200,0,1,2.0
1970-01-01 00:27:04.240800,0,1,2.0
1970-01-01 00:27:04.244400,0,1,2.0
1970-01-01 00:27:04.248000,0,1,2.0
1970-01-01 00:27:04.251600,0,1,2.0
1970-01-01 00:27:04.255200,0,1,2.0
1970-01-01 00:27:04.258800,0,1,2.0
1970-01-01 00:27:04.262400,0,1,2.0
1970-01-01 00:27:04.266000,0,1,2.0
1970-01-01 00:27:04.298400,0,1,2.0
1970-01-01 00:27:04.302000,0,1,2.0
1970-01-01 00:27:04.305600,0,1,2.0
1970-01-01 00:27:04.327200,0,1,2.0
1970-01-01 00:27:04.330800,0,1,2.0
1970-01-01 00:27:04.334400,0,1,2.0
1970-01-01 00:27:04.338000,0,1,2.0
1970-01-01 00:27:04.341600,0,1,2.0
1970-01-01 00:27:04.345200,0,1,2.0
1970-01-01 00:27:04.348800,0,1,2.0
1970-01-01 00:27:04.352400,0,1,2.0
1970-01-01 00:27:04.356000,0,1,2.0
1970-01-01 00:27:04.359600,0,0,2.0
1970-01-01 00:27:04.363200,1,0,2.0
1970-01-01 00:27:04.366800,1,0,2.0
1970-01-01 00:27:04.395600,1,0,2.0
1970-01-01 00:27:04.402800,1,0,2.0
1970-01-01 00:27:04.453200,0,1,2.0
1970-01-01 00:27:04.456800,0,1,2.0
1970-01-01 00:27:04.464000,0,1,2.0
1970-01-01 00:27:04.474800,1,0,2.0
1970-01-01 00:27:04.496400,1,0,2.0
1970-01-01 00:27:04.500000,1,0,2.0
1970-01-01 00:27:04.503600,1,0,2.0
1970-01-01 00:27:04.507200,1,0,2.0
1970-01-01 00:27:04.510800,1,0,2.0
1970-01-01 00:27:04.518000,1,0,2.0
1970-01-01 00:27:04.528800,1,0,2.0
1970-01-01 00:27:04.586400,0,1,2.0
1970-01-01 00:27:04.590000,0,1,2.0
1970-01-01 00:27:04.593600,0,1,2.0
1970-01-01 00:27:04.600800,0,1,2.0
1970-01-01 00:27:04.669200,0,1,2.0
1970-01-01 00:27:04.672800,0,1,2.0
1970-01-01 00:27:04.676400,0,1,2.0
1970-01-01 00:27:04.680000,0,1,2.0
1970-01-01 00:27:04.683600,0,1,2.0
1970-01-01 00:27:04.687200,0,1,2.0
1970-01-01 00:27:04.734000,1,0,2.0
1970-01-01 00:27:04.737600,1,0,2.0
1970-01-01 00:27:04.741200,1,0,2.0
1970-01-01 00:27:04.744800,1,0,2.0
1970-01-01 00:27:04.809600,1,0,2.0
1970-01-01 00:27:04.813200,1,0,2.0
1970-01-01 00:27:04.816800,1,0,2.0
1970-01-01 00:27:04.820400,1,0,2.0
1970-01-01 00:27:04.824000,1,0,2.0
1970-01-01 00:27:04.827600,1,0,2.0
1970-01-01 00:27:04.845600,1,0,2.0
1970-01-01 00:27:04.849200,1,0,2.0
1970-01-01 00:27:04.852800,1,0,2.0
1970-01-01 00:27:04.867200,0,1,2.0
1970-01-01 00:27:04.870800,1,0,2.0
1970-01-01 00:27:04.874400,1,0,2.0
1970-01-01 00:27:04.878000,1,0,2.0
1970-01-01 00:27:04.881600,1,0,2.0
1970-01-01 00:27:04.885200,1,0,2.0
1970-01-01 00:27:04.888800,1,0,2.0
1970-01-01 00:27:04.903200,1,0,2.0
1970-01-01 00:27:04.906800,1,0,2.0
1970-01-01 00:27:04.910400,1,0,2.0
1970-01-01 00:27:04.932000,1,0,2.0
1970-01-01 00:27:04.935600,1,0,2.0
1970-01-01 00:27:04.939200,1,0,2.0
1970-01-01 00:27:04.942800,1,0,2.0
1970-01-01 00:27:04.946400,1,0,2.0
1970-01-01 00:27:04.950000,1,0,2.0
1970-01-01 00:27:04.953600,1,0,2.0
1970-01-01 00:27:04.957200,1,0,2.0
1970-01-01 00:27:04.982400,0,1,2.0
1970-01-01 00:27:05.011200,0,1,2.0
1970-01-01 00:27:05.014800,0,1,2.0
1970-01-01 00:27:05.018400,0,1,2.0
1970-01-01 00:27:05.050800,0,1,2.0
1970-01-01 00:27:05.065200,1,0,2.0
1970-01-01 00:27:05.068800,1,0,2.0
1970-01-01 00:27:05.072400,1,0,2.0
1970-01-01 00:27:05.086800,0,1,2.0
1970-01-01 00:27:05.090400,0,1,2.0
1970-01-01 00:27:05.094000,0,1,2.0
1970-01-01 00:27:05.097600,0,1,2.0
1970-01-01 00:27:05.101200,0,1,2.0
1970-01-01 00:27:05.104800,0,1,2.0
1970-01-01 00:27:05.108400,0,1,2.0
1970-01-01 00:27:05.112000,0,1,2.0
1970-01-01 00:27:05.115600,0,1,2.0
1970-01-01 00:27:05.166000,1,0,2.0
1970-01-01 00:27:05.173200,0,1,2.0
1970-01-01 00:27:05.176800,0,1,2.0
1970-01-01 00:27:05.180400,0,1,2.0
1970-01-01 00:27:05.184000,0,1,2.0
1970-01-01 00:27:05.187600,0,1,2.0
1970-01-01 00:27:05.191200,0,1,2.0
1970-01-01 00:27:05.248800,1,0,2.0
1970-01-01 00:27:05.252400,1,0,2.0
1970-01-01 00:27:05.256000,1,0,2.0
1970-01-01 00:27:05.274000,1,0,2.0
1970-01-01 00:27:05.277600,1,0,2.0
1970-01-01 00:27:05.281200,1,0,2.0
1970-01-01 00:27:05.284800,1,0,2.0
1970-01-01 00:27:05.288400,1,0,2.0
1970-01-01 00:27:05.292000,1,0,2.0
1970-01-01 00:27:05.324400,0,1,2.0
1970-01-01 00:27:05.338800,0,1,2.0
1970-01-01 00:27:05.342400,0,1,2.0
1970-01-01 00:27:05.356800,1,0,2.0
1970-01-01 00:27:05.360400,1,0,2.0
1970-01-01 00:27:05.364000,1,0,2.0
1970-01-01 00:27:05.367600,1,0,2.0
1970-01-01 00:27:05.371200,1,0,2.0
1970-01-01 00:27:05.400000,1,0,2.0
1970-01-01 00:27:05.425200,0,1,2.0
1970-01-01 00:27:05.428800,0,1,2.0
1970-01-01 00:27:05.432400,0,1,2.0
1970-01-01 00:27:05.436000,0,1,2.0
1970-01-01 00:27:05.439600,0,1,2.0
1970-01-01 00:27:05.443200,0,1,2.0
1970-01-01 00:27:05.461200,0,1,2.0
1970-01-01 00:27:05.464800,0,1,2.0
1970-01-01 00:27:05.468400,0,1,2.0
1970-01-01 00:27:05.472000,0,1,2.0
1970-01-01 00:27:05.475600,0,1,2.0
1970-01-01 00:27:05.479200,0,1,2.0
1970-01-01 00:27:05.526000,1,0,2.0
1970-01-01 00:27:05.533200,1,0,2.0
1970-01-01 00:27:05.536800,1,0,2.0
1970-01-01 00:27:05.540400,1,0,2.0
1970-01-01 00:27:05.544000,0,1,2.0
1970-01-01 00:27:05.547600,0,1,2.0
1970-01-01 00:27:05.551200,0,1,2.0
1970-01-01 00:27:05.554800,0,1,2.0
1970-01-01 00:27:05.558400,0,1,2.0
1970-01-01 00:27:05.605200,1,0,2.0
1970-01-01 00:27:05.612400,1,0,2.0
1970-01-01 00:27:05.616000,1,0,2.0
1970-01-01 00:27:05.619600,1,0,2.0
1970-01-01 00:27:05.623200,1,0,2.0
1970-01-01 00:27:05.677200,0,1,2.0
1970-01-01 00:27:05.680800,0,1,2.0
1970-01-01 00:27:05.684400,0,1,2.0
1970-01-01 00:27:05.688000,0,1,2.0
1970-01-01 00:27:05.691600,0,1,2.0
1970-01-01 00:27:05.695200,0,1,2.0
1970-01-01 00:27:05.698800,0,1,2.0
1970-01-01 00:27:05.706000,0,1,2.0
1970-01-01 00:27:05.709600,0,1,2.0
1970-01-01 00:27:05.713200,0,1,2.0
1970-01-01 00:27:05.716800,0,1,2.0
1970-01-01 00:27:05.720400,0,1,2.0
1970-01-01 00:27:05.724000,0,1,2.0
1970-01-01 00:27:05.767200,0,1,2.0
1970-01-01 00:27:05.770800,0,1,2.0
1970-01-01 00:27:05.774400,0,1,2.0
1970-01-01 00:27:05.778000,0,1,2.0
1970-01-01 00:27:05.785200,0,1,2.0
1970-01-01 00:27:05.788800,1,0,2.0
1970-01-01 00:27:05.792400,1,0,2.0
1970-01-01 00:27:05.817600,1,0,2.0
1970-01-01 00:27:05.821200,1,0,2.0
1970-01-01 00:27:05.824800,1,0,2.0
1970-01-01 00:27:05.828400,1,0,2.0
1970-01-01 00:27:05.832000,1,0,2.0
1970-01-01 00:27:05.868000,0,1,2.0
1970-01-01 00:27:05.875200,0,1,2.0
1970-01-01 00:27:05.911200,1,0,2.0
1970-01-01 00:27:05.932800,0,1,2.0
1970-01-01 00:27:05.936400,1,0,2.0
1970-01-01 00:27:05.940000,1,0,2.0
1970-01-01 00:27:05.943600,1,0,2.0
1970-01-01 00:27:05.947200,1,0,2.0
1970-01-01 00:27:06.030000,1,0,2.0
1970-01-01 00:27:06.033600,1,0,2.0
1970-01-01 00:27:06.037200,0,1,2.0
1970-01-01 00:27:06.048000,1,0,2.0
1970-01-01 00:27:06.051600,1,0,2.0
1970-01-01 00:27:06.055200,1,0,2.0
1970-01-01 00:27:06.058800,1,0,2.0
1970-01-01 00:27:06.062400,1,0,2.0
1970-01-01 00:27:06.066000,1,0,2.0
1970-01-01 00:27:06.076800,0,1,2.0
1970-01-01 00:27:06.102000,0,1,2.0
1970-01-01 00:27:06.105600,0,1,2.0
1970-01-01 00:27:06.130800,0,1,2.0
1970-01-01 00:27:06.134400,0,1,2.0
1970-01-01 00:27:06.138000,0,1,2.0
1970-01-01 00:27:06.141600,0,1,2.0
1970-01-01 00:27:06.145200,0,1,2.0
1970-01-01 00:27:06.148800,0,1,2.0
1970-01-01 00:27:06.152400,1,0,2.0
1970-01-01 00:27:06.159600,0,1,2.0
1970-01-01 00:27:06.163200,0,1,2.0
1970-01-01 00:27:06.166800,0,1,2.0
1970-01-01 00:27:06.170400,0,1,2.0
1970-01-01 00:27:06.174000,0,1,2.0
1970-01-01 00:27:06.177600,1,0,2.0
1970-01-01 00:27:06.181200,1,0,2.0
1970-01-01 00:27:06.184800,1,0,2.0
1970-01-01 00:27:06.188400,0,1,2.0
1970-01-01 00:27:06.192000,0,1,2.0
1970-01-01 00:27:06.195600,0,1,2.0
1970-01-01 00:27:06.199200,0,1,2.0
1970-01-01 00:27:06.206400,0,1,2.0
1970-01-01 00:27:06.210000,0,1,2.0
1970-01-01 00:27:06.213600,0,1,2.0
1970-01-01 00:27:06.217200,0,1,2.0
1970-01-01 00:27:06.228000,0,1,2.0
1970-01-01 00:27:06.246000,1,0,2.0
1970-01-01 00:27:06.249600,1,0,2.0
1970-01-01 00:27:06.253200,1,0,2.0
1970-01-01 00:27:06.303600,0,1,2.0
1970-01-01 00:27:06.307200,0,1,2.0
1970-01-01 00:27:06.321600,0,1,2.0
1970-01-01 00:27:06.325200,0,1,2.0
1970-01-01 00:27:06.328800,0,1,2.0
1970-01-01 00:27:06.332400,0,1,2.0
1970-01-01 00:27:06.336000,0,1,2.0
1970-01-01 00:27:06.339600,0,1,2.0
1970-01-01 00:27:06.400800,0,1,2.0
1970-01-01 00:27:06.404400,0,1,2.0
1970-01-01 00:27:06.408000,0,1,2.0
1970-01-01 00:27:06.411600,0,1,2.0
1970-01-01 00:27:06.415200,0,1,2.0
1970-01-01 00:27:06.418800,0,1,2.0
1970-01-01 00:27:06.422400,0,1,2.0
1970-01-01 00:27:06.426000,0,0,2.0
1970-01-01 00:27:06.429600,1,0,2.0
1970-01-01 00:27:06.433200,1,0,2.0
1970-01-01 00:27:06.454800,0,1,2.0
1970-01-01 00:27:06.458400,0,1,2.0
1970-01-01 00:27:06.462000,0,1,2.0
1970-01-01 00:27:06.465600,0,1,2.0
1970-01-01 00:27:06.469200,0,1,2.0
1970-01-01 00:27:06.472800,0,1,2.0
1970-01-01 00:27:06.480000,0,1,2.0
1970-01-01 00:27:06.501600,0,1,2.0
1970-01-01 00:27:06.508800,0,1,2.0
1970-01-01 00:27:06.552000,1,0,2.0
1970-01-01 00:27:06.559200,1,0,2.0
1970-01-01 00:27:06.562800,1,0,2.0
1970-01-01 00:27:06.570000,0,1,2.0
1970-01-01 00:27:06.573600,0,1,2.0
1970-01-01 00:27:06.595200,0,1,2.0
1970-01-01 00:27:06.598800,0,1,2.0
1970-01-01 00:27:06.602400,0,1,2.0
1970-01-01 00:27:06.606000,0,1,2.0
1970-01-01 00:27:06.609600,0,1,2.0
1970-01-01 00:27:06.613200,0,1,2.0
1970-01-01 00:27:06.620400,1,0,2.0
1970-01-01 00:27:06.624000,1,0,2.0
1970-01-01 00:27:06.627600,1,0,2.0
1970-01-01 00:27:06.642000,0,1,2.0
1970-01-01 00:27:06.667200,0,1,2.0
1970-01-01 00:27:06.670800,0,1,2.0
1970-01-01 00:27:06.674400,0,1,2.0
1970-01-01 00:27:06.678000,0,1,2.0
1970-01-01 00:27:06.681600,0,1,2.0
1970-01-01 00:27:06.685200,0,1,2.0
1970-01-01 00:27:06.688800,0,1,2.0
1970-01-01 00:27:06.692400,0,1,2.0
1970-01-01 00:27:06.721200,0,1,2.0
1970-01-01 00:27:06.724800,0,1,2.0
1970-01-01 00:27:06.728400,0,1,2.0
1970-01-01 00:27:06.732000,0,1,2.0
1970-01-01 00:27:06.735600,0,1,2.0
1970-01-01 00:27:06.739200,0,1,2.0
1970-01-01 00:27:06.742800,0,1,2.0
1970-01-01 00:27:06.746400,0,1,2.0
1970-01-01 00:27:06.771600,1,0,2.0
1970-01-01 00:27:06.786000,1,0,2.0
1970-01-01 00:27:06.804000,0,1,2.0
1970-01-01 00:27:06.807600,0,1,2.0
1970-01-01 00:27:06.811200,0,1,2.0
1970-01-01 00:27:06.818400,1,0,2.0
1970-01-01 00:27:06.822000,1,0,2.0
1970-01-01 00:27:06.825600,1,0,2.0
1970-01-01 00:27:06.829200,1,0,2.0
1970-01-01 00:27:06.832800,1,0,2.0
1970-01-01 00:27:06.836400,1,0,2.0
1970-01-01 00:27:06.843600,1,0,2.0
1970-01-01 00:27:06.854400,1,0,2.0
1970-01-01 00:27:06.858000,1,0,2.0
1970-01-01 00:27:06.861600,1,0,2.0
1970-01-01 00:27:06.865200,1,0,2.0
1970-01-01 00:27:06.868800,1,0,2.0
1970-01-01 00:27:06.872400,1,0,2.0
1970-01-01 00:27:06.944400,1,0,2.0
1970-01-01 00:27:06.948000,1,0,2.0
1970-01-01 00:27:06.951600,1,0,2.0
1970-01-01 00:27:06.955200,1,0,2.0
1970-01-01 00:27:07.041600,0,1,2.0
1970-01-01 00:27:07.045200,0,1,2.0
1970-01-01 00:27:07.048800,0,1,2.0
1970-01-01 00:27:07.056000,1,0,2.0
1970-01-01 00:27:07.059600,1,0,2.0
1970-01-01 00:27:07.063200,1,0,2.0
1970-01-01 00:27:07.066800,1,0,2.0
1970-01-01 00:27:07.070400,1,0,2.0
1970-01-01 00:27:07.074000,1,0,2.0
1970-01-01 00:27:07.077600,1,0,2.0
1970-01-01 00:27:07.081200,1,0,2.0
1970-01-01 00:27:07.131600,0,0,2.0
1970-01-01 00:27:07.142400,0,1,2.0
1970-01-01 00:27:07.146000,0,1,2.0
1970-01-01 00:27:07.149600,0,1,2.0
1970-01-01 00:27:07.153200,1,0,2.0
1970-01-01 00:27:07.156800,1,0,2.0
1970-01-01 00:27:07.174800,1,0,2.0
1970-01-01 00:27:07.236000,1,0,2.0
1970-01-01 00:27:07.239600,1,0,2.0
1970-01-01 00:27:07.243200,1,0,2.0
1970-01-01 00:27:07.246800,1,0,2.0
1970-01-01 00:27:07.250400,1,0,2.0
1970-01-01 00:27:07.254000,1,0,2.0
1970-01-01 00:27:07.257600,1,0,2.0
1970-01-01 00:27:07.308000,0,1,2.0
1970-01-01 00:27:07.311600,0,1,2.0
1970-01-01 00:27:07.315200,0,1,2.0
1970-01-01 00:27:07.318800,0,1,2.0
1970-01-01 00:27:07.322400,0,1,2.0
1970-01-01 00:27:07.326000,0,1,2.0
1970-01-01 00:27:07.329600,0,1,2.0
1970-01-01 00:27:07.336800,0,1,2.0
1970-01-01 00:27:07.365600,1,0,2.0
1970-01-01 00:27:07.369200,1,0,2.0
1970-01-01 00:27:07.372800,1,0,2.0
1970-01-01 00:27:07.376400,1,0,2.0
1970-01-01 00:27:07.380000,1,0,2.0
1970-01-01 00:27:07.401600,1,0,2.0
1970-01-01 00:27:07.412400,1,0,2.0
1970-01-01 00:27:07.416000,1,0,2.0
1970-01-01 00:27:07.444800,1,0,2.0
1970-01-01 00:27:07.448400,1,0,2.0
1970-01-01 00:27:07.452000,1,0,2.0
1970-01-01 00:27:07.470000,0,1,2.0
1970-01-01 00:27:07.488000,0,1,2.0
1970-01-01 00:27:07.491600,1,0,2.0
1970-01-01 00:27:07.556400,1,0,2.0
1970-01-01 00:27:07.592400,1,0,2.0
1970-01-01 00:27:07.610400,0,1,2.0
1970-01-01 00:27:07.614000,0,1,2.0
1970-01-01 00:27:07.617600,0,1,2.0
1970-01-01 00:27:07.621200,0,1,2.0
1970-01-01 00:27:07.624800,0,1,2.0
1970-01-01 00:27:07.628400,0,1,2.0
1970-01-01 00:27:07.642800,1,0,2.0
1970-01-01 00:27:07.646400,1,0,2.0
1970-01-01 00:27:07.650000,1,0,2.0
1970-01-01 00:27:07.653600,1,0,2.0
1970-01-01 00:27:07.657200,1,0,2.0
1970-01-01 00:27:07.660800,1,0,2.0
1970-01-01 00:27:07.664400,1,0,2.0
1970-01-01 00:27:07.668000,1,0,2.0
1970-01-01 00:27:07.671600,1,0,2.0
1970-01-01 00:27:07.675200,1,0,2.0
1970-01-01 00:27:07.689600,0,1,2.0
1970-01-01 00:27:07.693200,0,1,2.0
1970-01-01 00:27:07.696800,0,1,2.0
1970-01-01 00:27:07.747200,1,0,2.0
1970-01-01 00:27:07.750800,1,0,2.0
1970-01-01 00:27:07.754400,1,0,2.0
1970-01-01 00:27:07.758000,1,0,2.0
1970-01-01 00:27:07.761600,1,0,2.0
1970-01-01 00:27:07.765200,1,0,2.0
1970-01-01 00:27:07.768800,1,0,2.0
1970-01-01 00:27:07.772400,1,0,2.0
1970-01-01 00:27:07.779600,1,0,2.0
1970-01-01 00:27:07.808400,0,1,2.0
1970-01-01 00:27:07.833600,0,1,2.0
1970-01-01 00:27:07.837200,0,1,2.0
1970-01-01 00:27:07.840800,0,1,2.0
1970-01-01 00:27:07.844400,0,1,2.0
1970-01-01 00:27:07.848000,0,1,2.0
1970-01-01 00:27:07.851600,0,1,2.0
1970-01-01 00:27:07.855200,0,1,2.0
1970-01-01 00:27:07.862400,1,0,2.0
1970-01-01 00:27:07.866000,1,0,2.0
1970-01-01 00:27:07.869600,1,0,2.0
1970-01-01 00:27:07.873200,1,0,2.0
1970-01-01 00:27:07.876800,1,0,2.0
1970-01-01 00:27:07.912800,0,1,2.0
1970-01-01 00:27:07.916400,0,1,2.0
1970-01-01 00:27:07.920000,0,1,2.0
1970-01-01 00:27:07.923600,0,1,2.0
1970-01-01 00:27:07.927200,0,1,2.0
1970-01-01 00:27:07.941600,0,1,2.0
1970-01-01 00:27:07.945200,0,1,2.0
1970-01-01 00:27:07.948800,0,1,2.0
1970-01-01 00:27:08.056800,1,0,2.0
1970-01-01 00:27:08.060400,1,0,2.0
1970-01-01 00:27:08.064000,1,0,2.0
1970-01-01 00:27:08.067600,1,0,2.0
1970-01-01 00:27:08.071200,1,0,2.0
1970-01-01 00:27:08.074800,1,0,2.0
1970-01-01 00:27:08.078400,1,0,2.0
1970-01-01 00:27:08.082000,1,0,2.0
1970-01-01 00:27:08.107200,0,1,2.0
1970-01-01 00:27:08.110800,0,1,2.0
1970-01-01 00:27:08.132400,0,1,2.0
1970-01-01 00:27:08.136000,0,1,2.0
1970-01-01 00:27:08.139600,0,1,2.0
1970-01-01 00:27:08.150400,1,0,2.0
1970-01-01 00:27:08.154000,1,0,2.0
1970-01-01 00:27:08.157600,1,0,2.0
1970-01-01 00:27:08.161200,1,0,2.0
1970-01-01 00:27:08.164800,1,0,2.0
1970-01-01 00:27:08.168400,1,0,2.0
1970-01-01 00:27:08.172000,1,0,2.0
1970-01-01 00:27:08.175600,1,0,2.0
1970-01-01 00:27:08.179200,1,0,2.0
1970-01-01 00:27:08.208000,1,0,2.0
1970-01-01 00:27:08.240400,1,0,2.0
1970-01-01 00:27:08.244000,1,0,2.0
1970-01-01 00:27:08.247600,1,0,2.0
1970-01-01 00:27:08.251200,1,0,2.0
1970-01-01 00:27:08.254800,1,0,2.0
1970-01-01 00:27:08.258400,1,0,2.0
1970-01-01 00:27:08.280000,1,0,2.0
1970-01-01 00:27:08.283600,1,0,2.0
1970-01-01 00:27:08.287200,1,0,2.0
1970-01-01 00:27:08.290800,1,0,2.0
1970-01-01 00:27:08.316000,1,0,2.0
1970-01-01 00:27:08.326800,0,1,2.0
1970-01-01 00:27:08.330400,0,1,2.0
1970-01-01 00:27:08.334000,0,1,2.0
1970-01-01 00:27:08.337600,1,0,2.0
1970-01-01 00:27:08.341200,1,0,2.0
1970-01-01 00:27:08.413200,0,1,2.0
1970-01-01 00:27:08.416800,0,1,2.0
1970-01-01 00:27:08.420400,0,1,2.0
1970-01-01 00:27:08.424000,0,1,2.0
1970-01-01 00:27:08.427600,0,1,2.0
1970-01-01 00:27:08.460000,0,1,2.0
1970-01-01 00:27:08.478000,1,0,2.0
1970-01-01 00:27:08.481600,1,0,2.0
1970-01-01 00:27:08.485200,1,0,2.0
1970-01-01 00:27:08.488800,1,0,2.0
1970-01-01 00:27:08.492400,1,0,2.0
1970-01-01 00:27:08.496000,1,0,2.0
1970-01-01 00:27:08.499600,1,0,2.0
1970-01-01 00:27:08.503200,1,0,2.0
1970-01-01 00:27:08.506800,1,0,2.0
1970-01-01 00:27:08.510400,1,0,2.0
1970-01-01 00:27:08.514000,1,0,2.0
1970-01-01 00:27:08.517600,1,0,2.0
1970-01-01 00:27:08.521200,1,0,2.0
1970-01-01 00:27:08.532000,0,1,2.0
1970-01-01 00:27:08.546400,0,1,2.0
1970-01-01 00:27:08.589600,1,0,2.0
1970-01-01 00:27:08.596800,0,1,2.0
1970-01-01 00:27:08.611200,1,0,2.0
1970-01-01 00:27:08.614800,1,0,2.0
1970-01-01 00:27:08.640000,1,0,2.0
1970-01-01 00:27:08.643600,1,0,2.0
1970-01-01 00:27:08.647200,1,0,2.0
1970-01-01 00:27:08.650800,1,0,2.0
1970-01-01 00:27:08.654400,1,0,2.0
1970-01-01 00:27:08.679600,1,0,2.0
1970-01-01 00:27:08.715600,1,0,2.0
1970-01-01 00:27:08.719200,1,0,2.0
1970-01-01 00:27:08.722800,1,0,2.0
1970-01-01 00:27:08.726400,0,1,2.0
1970-01-01 00:27:08.730000,0,1,2.0
1970-01-01 00:27:08.733600,0,1,2.0
1970-01-01 00:27:08.737200,0,1,2.0
1970-01-01 00:27:08.755200,0,1,2.0
1970-01-01 00:27:08.758800,0,1,2.0
1970-01-01 00:27:08.762400,0,1,2.0
1970-01-01 00:27:08.766000,0,1,2.0
1970-01-01 00:27:08.805600,1,0,2.0
1970-01-01 00:27:08.812800,1,0,2.0
1970-01-01 00:27:08.816400,1,0,2.0
1970-01-01 00:27:08.820000,1,0,2.0
1970-01-01 00:27:08.823600,1,0,2.0
1970-01-01 00:27:08.827200,1,0,2.0
1970-01-01 00:27:08.830800,1,0,2.0
1970-01-01 00:27:08.834400,1,0,2.0
1970-01-01 00:27:08.838000,1,0,2.0
1970-01-01 00:27:08.845200,0,1,2.0
1970-01-01 00:27:08.848800,0,1,2.0
1970-01-01 00:27:08.856000,0,1,2.0
1970-01-01 00:27:08.877600,1,0,2.0
1970-01-01 00:27:08.881200,1,0,2.0
1970-01-01 00:27:08.920800,0,1,2.0
1970-01-01 00:27:08.924400,0,1,2.0
1970-01-01 00:27:08.928000,0,1,2.0
1970-01-01 00:27:08.935200,1,0,2.0
1970-01-01 00:27:08.964000,1,0,2.0
1970-01-01 00:27:08.971200,1,0,2.0
1970-01-01 00:27:08.978400,1,0,2.0
1970-01-01 00:27:08.985600,0,1,2.0
1970-01-01 00:27:08.989200,0,1,2.0
1970-01-01 00:27:08.992800,0,1,2.0
1970-01-01 00:27:08.996400,0,1,2.0
1970-01-01 00:27:09.043200,1,0,2.0
1970-01-01 00:27:09.046800,1,0,2.0
1970-01-01 00:27:09.097200,0,1,2.0
1970-01-01 00:27:09.100800,0,1,2.0
1970-01-01 00:27:09.104400,0,1,2.0
1970-01-01 00:27:09.108000,0,1,2.0
1970-01-01 00:27:09.111600,0,1,2.0
1970-01-01 00:27:09.115200,0,1,2.0
1970-01-01 00:27:09.133200,0,1,2.0
1970-01-01 00:27:09.136800,0,1,2.0
1970-01-01 00:27:09.151200,0,1,2.0
1970-01-01 00:27:09.158400,1,0,2.0
1970-01-01 00:27:09.180000,1,0,2.0
1970-01-01 00:27:09.190800,0,1,2.0
1970-01-01 00:27:09.194400,0,1,2.0
1970-01-01 00:27:09.198000,0,1,2.0
1970-01-01 00:27:09.201600,0,1,2.0
1970-01-01 00:27:09.205200,0,1,2.0
1970-01-01 00:27:09.208800,0,1,2.0
1970-01-01 00:27:09.212400,0,1,2.0
1970-01-01 00:27:09.216000,0,1,2.0
1970-01-01 00:27:09.219600,0,1,2.0
1970-01-01 00:27:09.223200,0,1,2.0
1970-01-01 00:27:09.226800,0,1,2.0
1970-01-01 00:27:09.230400,0,1,2.0
1970-01-01 00:27:09.284400,1,0,2.0
1970-01-01 00:27:09.295200,0,1,2.0
1970-01-01 00:27:09.298800,0,1,2.0
1970-01-01 00:27:09.302400,0,1,2.0
1970-01-01 00:27:09.306000,0,1,2.0
1970-01-01 00:27:09.309600,0,1,2.0
1970-01-01 00:27:09.363600,0,0,2.0
1970-01-01 00:27:09.367200,1,0,2.0
1970-01-01 00:27:09.370800,1,0,2.0
1970-01-01 00:27:09.374400,1,0,2.0
1970-01-01 00:27:09.378000,1,0,2.0
1970-01-01 00:27:09.381600,1,0,2.0
1970-01-01 00:27:09.388800,1,0,2.0
1970-01-01 00:27:09.392400,1,0,2.0
1970-01-01 00:27:09.442800,1,0,2.0
1970-01-01 00:27:09.446400,1,0,2.0
1970-01-01 00:27:09.450000,1,0,2.0
1970-01-01 00:27:09.453600,1,0,2.0
1970-01-01 00:27:09.457200,1,0,2.0
1970-01-01 00:27:09.460800,1,0,2.0
1970-01-01 00:27:09.540000,0,1,2.0
1970-01-01 00:27:09.558000,0,1,2.0
1970-01-01 00:27:09.561600,0,1,2.0
1970-01-01 00:27:09.565200,0,1,2.0
1970-01-01 00:27:09.572400,1,0,2.0
1970-01-01 00:27:09.576000,1,0,2.0
1970-01-01 00:27:09.583200,1,0,2.0
1970-01-01 00:27:09.586800,1,0,2.0
1970-01-01 00:27:09.590400,1,0,2.0
1970-01-01 00:27:09.594000,1,0,2.0
1970-01-01 00:27:09.597600,1,0,2.0
1970-01-01 00:27:09.601200,1,0,2.0
1970-01-01 00:27:09.619200,0,1,2.0
1970-01-01 00:27:09.622800,0,1,2.0
1970-01-01 00:27:09.626400,0,1,2.0
1970-01-01 00:27:09.630000,0,1,2.0
1970-01-01 00:27:09.633600,0,1,2.0
1970-01-01 00:27:09.637200,0,1,2.0
1970-01-01 00:27:09.655200,1,0,2.0
1970-01-01 00:27:09.658800,1,0,2.0
1970-01-01 00:27:09.662400,1,0,2.0
1970-01-01 00:27:09.666000,1,0,2.0
1970-01-01 00:27:09.669600,1,0,2.0
1970-01-01 00:27:09.723600,0,1,2.0
1970-01-01 00:27:09.766800,1,0,2.0
1970-01-01 00:27:09.788400,0,1,2.0
1970-01-01 00:27:09.792000,0,1,2.0
1970-01-01 00:27:09.795600,0,1,2.0
1970-01-01 00:27:09.799200,0,1,2.0
1970-01-01 00:27:09.802800,0,1,2.0
1970-01-01 00:27:09.806400,0,1,2.0
1970-01-01 00:27:09.810000,0,1,2.0
1970-01-01 00:27:09.813600,0,1,2.0
1970-01-01 00:27:09.856800,0,1,2.0
1970-01-01 00:27:09.867600,0,1,2.0
1970-01-01 00:27:09.871200,0,1,2.0
1970-01-01 00:27:09.874800,0,1,2.0
1970-01-01 00:27:09.878400,1,0,2.0
1970-01-01 00:27:09.882000,1,0,2.0
1970-01-01 00:27:09.885600,1,0,2.0
1970-01-01 00:27:09.889200,1,0,2.0
1970-01-01 00:27:09.925200,0,1,2.0
1970-01-01 00:27:09.928800,0,1,2.0
1970-01-01 00:27:09.932400,0,1,2.0
1970-01-01 00:27:09.936000,0,1,2.0
1970-01-01 00:27:09.939600,0,1,2.0
1970-01-01 00:27:09.943200,0,1,2.0
1970-01-01 00:27:10.051200,1,0,2.0
1970-01-01 00:27:10.054800,1,0,2.0
1970-01-01 00:27:10.058400,1,0,2.0
1970-01-01 00:27:10.062000,1,0,2.0
1970-01-01 00:27:10.065600,1,0,2.0
1970-01-01 00:27:10.069200,1,0,2.0
1970-01-01 00:27:10.090800,1,0,2.0
1970-01-01 00:27:10.130400,0,1,2.0
1970-01-01 00:27:10.173600,1,0,2.0
1970-01-01 00:27:10.177200,1,0,2.0
1970-01-01 00:27:10.180800,1,0,2.0
1970-01-01 00:27:10.184400,1,0,2.0
1970-01-01 00:27:10.188000,1,0,2.0
1970-01-01 00:27:10.191600,1,0,2.0
1970-01-01 00:27:10.195200,0,1,2.0
1970-01-01 00:27:10.198800,0,1,2.0
1970-01-01 00:27:10.224000,0,1,2.0
1970-01-01 00:27:10.227600,0,1,2.0
1970-01-01 00:27:10.231200,0,1,2.0
1970-01-01 00:27:10.270800,0,1,2.0
1970-01-01 00:27:10.274400,0,1,2.0
1970-01-01 00:27:10.303200,0,1,2.0
1970-01-01 00:27:10.306800,0,1,2.0
1970-01-01 00:27:10.310400,0,1,2.0
1970-01-01 00:27:10.314000,0,1,2.0
1970-01-01 00:27:10.317600,0,1,2.0
1970-01-01 00:27:10.321200,0,1,2.0
1970-01-01 00:27:10.324800,1,0,2.0
1970-01-01 00:27:10.328400,1,0,2.0
1970-01-01 00:27:10.332000,1,0,2.0
1970-01-01 00:27:10.335600,1,0,2.0
1970-01-01 00:27:10.339200,1,0,2.0
1970-01-01 00:27:10.346400,0,1,2.0
1970-01-01 00:27:10.350000,0,1,2.0
1970-01-01 00:27:10.353600,0,1,2.0
1970-01-01 00:27:10.357200,0,1,2.0
1970-01-01 00:27:10.360800,0,1,2.0
1970-01-01 00:27:10.371600,1,0,2.0
1970-01-01 00:27:10.375200,1,0,2.0
1970-01-01 00:27:10.378800,1,0,2.0
1970-01-01 00:27:10.382400,1,0,2.0
1970-01-01 00:27:10.386000,1,0,2.0
1970-01-01 00:27:10.389600,1,0,2.0
1970-01-01 00:27:10.404000,1,0,2.0
1970-01-01 00:27:10.407600,0,1,2.0
1970-01-01 00:27:10.414800,0,1,2.0
1970-01-01 00:27:10.432800,0,1,2.0
1970-01-01 00:27:10.490400,1,0,2.0
1970-01-01 00:27:10.494000,1,0,2.0
1970-01-01 00:27:10.497600,1,0,2.0
1970-01-01 00:27:10.501200,1,0,2.0
1970-01-01 00:27:10.504800,1,0,2.0
1970-01-01 00:27:10.508400,1,0,2.0
1970-01-01 00:27:10.522800,1,0,2.0
1970-01-01 00:27:10.540800,1,0,2.0
1970-01-01 00:27:10.558800,1,0,2.0
1970-01-01 00:27:10.566000,1,0,2.0
1970-01-01 00:27:10.573200,1,0,2.0
1970-01-01 00:27:10.580400,0,1,2.0
1970-01-01 00:27:10.591200,1,0,2.0
1970-01-01 00:27:10.594800,1,0,2.0
1970-01-01 00:27:10.609200,0,1,2.0
1970-01-01 00:27:10.612800,0,1,2.0
1970-01-01 00:27:10.616400,0,1,2.0
1970-01-01 00:27:10.620000,0,1,2.0
1970-01-01 00:27:10.627200,1,0,2.0
1970-01-01 00:27:10.630800,1,0,2.0
1970-01-01 00:27:10.638000,1,0,2.0
1970-01-01 00:27:10.645200,1,0,2.0
1970-01-01 00:27:10.648800,1,0,2.0
1970-01-01 00:27:10.652400,1,0,2.0
1970-01-01 00:27:10.656000,1,0,2.0
1970-01-01 00:27:10.659600,1,0,2.0
1970-01-01 00:27:10.663200,1,0,2.0
1970-01-01 00:27:10.666800,1,0,2.0
1970-01-01 00:27:10.670400,1,0,2.0
1970-01-01 00:27:10.674000,1,0,2.0
1970-01-01 00:27:10.677600,1,0,2.0
1970-01-01 00:27:10.681200,1,0,2.0
1970-01-01 00:27:10.684800,1,0,2.0
1970-01-01 00:27:10.692000,0,1,2.0
1970-01-01 00:27:10.720800,1,0,2.0
1970-01-01 00:27:10.724400,1,0,2.0
1970-01-01 00:27:10.728000,1,0,2.0
1970-01-01 00:27:10.731600,1,0,2.0
1970-01-01 00:27:10.735200,1,0,2.0
1970-01-01 00:27:10.738800,1,0,2.0
1970-01-01 00:27:10.760400,0,1,2.0
1970-01-01 00:27:10.821600,1,0,2.0
1970-01-01 00:27:10.825200,1,0,2.0
1970-01-01 00:27:10.828800,1,0,2.0
1970-01-01 00:27:10.832400,1,0,2.0
1970-01-01 00:27:10.836000,1,0,2.0
1970-01-01 00:27:10.839600,1,0,2.0
1970-01-01 00:27:10.861200,1,0,2.0
1970-01-01 00:27:10.864800,1,0,2.0
1970-01-01 00:27:10.868400,1,0,2.0
1970-01-01 00:27:10.872000,1,0,2.0
1970-01-01 00:27:10.879200,1,0,2.0
1970-01-01 00:27:10.882800,0,1,2.0
1970-01-01 00:27:10.897200,1,0,2.0
1970-01-01 00:27:10.908000,0,1,2.0
1970-01-01 00:27:10.911600,0,1,2.0
1970-01-01 00:27:10.915200,0,1,2.0
1970-01-01 00:27:10.918800,0,1,2.0
1970-01-01 00:27:10.922400,0,1,2.0
1970-01-01 00:27:10.951200,0,1,2.0
1970-01-01 00:27:10.958400,0,1,2.0
1970-01-01 00:27:10.962000,0,1,2.0
1970-01-01 00:27:10.980000,0,1,2.0
1970-01-01 00:27:10.983600,0,1,2.0
1970-01-01 00:27:10.987200,0,1,2.0
1970-01-01 00:27:10.990800,0,1,2.0
1970-01-01 00:27:10.994400,0,1,2.0
1970-01-01 00:27:10.998000,0,1,2.0
1970-01-01 00:27:11.001600,0,1,2.0
1970-01-01 00:27:11.005200,0,1,2.0
1970-01-01 00:27:11.008800,0,1,2.0
1970-01-01 00:27:11.012400,0,1,2.0
1970-01-01 00:27:11.016000,0,1,2.0
1970-01-01 00:27:11.019600,0,1,2.0
1970-01-01 00:27:11.080800,1,0,2.0
1970-01-01 00:27:11.084400,1,0,2.0
1970-01-01 00:27:11.152800,1,0,2.0
1970-01-01 00:27:11.196000,0,1,2.0
1970-01-01 00:27:11.199600,0,1,2.0
1970-01-01 00:27:11.203200,0,1,2.0
1970-01-01 00:27:11.217600,1,0,2.0
1970-01-01 00:27:11.224800,1,0,2.0
1970-01-01 00:27:11.228400,1,0,2.0
1970-01-01 00:27:11.235600,0,1,2.0
1970-01-01 00:27:11.239200,0,1,2.0
1970-01-01 00:27:11.242800,0,1,2.0
1970-01-01 00:27:11.250000,0,1,2.0
1970-01-01 00:27:11.260800,0,1,2.0
1970-01-01 00:27:11.264400,0,1,2.0
1970-01-01 00:27:11.268000,0,1,2.0
1970-01-01 00:27:11.271600,0,1,2.0
1970-01-01 00:27:11.275200,0,1,2.0
1970-01-01 00:27:11.278800,0,1,2.0
1970-01-01 00:27:11.329200,1,0,2.0
1970-01-01 00:27:11.332800,1,0,2.0
1970-01-01 00:27:11.336400,1,0,2.0
1970-01-01 00:27:11.340000,1,0,2.0
1970-01-01 00:27:11.343600,1,0,2.0
1970-01-01 00:27:11.347200,1,0,2.0
1970-01-01 00:27:11.376000,0,1,2.0
1970-01-01 00:27:11.379600,0,1,2.0
1970-01-01 00:27:11.383200,0,1,2.0
1970-01-01 00:27:11.386800,0,1,2.0
1970-01-01 00:27:11.390400,0,1,2.0
1970-01-01 00:27:11.394000,0,1,2.0
1970-01-01 00:27:11.412000,1,0,2.0
1970-01-01 00:27:11.415600,1,0,2.0
1970-01-01 00:27:11.419200,1,0,2.0
1970-01-01 00:27:11.422800,1,0,2.0
1970-01-01 00:27:11.426400,1,0,2.0
1970-01-01 00:27:11.430000,1,0,2.0
1970-01-01 00:27:11.455200,0,1,2.0
1970-01-01 00:27:11.458800,0,1,2.0
1970-01-01 00:27:11.462400,0,1,2.0
1970-01-01 00:27:11.466000,0,1,2.0
1970-01-01 00:27:11.469600,0,1,2.0
1970-01-01 00:27:11.473200,0,1,2.0
1970-01-01 00:27:11.476800,1,0,2.0
1970-01-01 00:27:11.480400,0,1,2.0
1970-01-01 00:27:11.484000,0,1,2.0
1970-01-01 00:27:11.487600,0,1,2.0
1970-01-01 00:27:11.491200,0,1,2.0
1970-01-01 00:27:11.494800,0,1,2.0
1970-01-01 00:27:11.498400,0,1,2.0
1970-01-01 00:27:11.516400,1,0,2.0
1970-01-01 00:27:11.520000,1,0,2.0
1970-01-01 00:27:11.523600,1,0,2.0
1970-01-01 00:27:11.527200,1,0,2.0
1970-01-01 00:27:11.530800,1,0,2.0
1970-01-01 00:27:11.534400,1,0,2.0
1970-01-01 00:27:11.538000,0,1,2.0
1970-01-01 00:27:11.610000,1,0,2.0
1970-01-01 00:27:11.613600,1,0,2.0
1970-01-01 00:27:11.617200,1,0,2.0
1970-01-01 00:27:11.620800,1,0,2.0
1970-01-01 00:27:11.624400,1,0,2.0
1970-01-01 00:27:11.628000,1,0,2.0
1970-01-01 00:27:11.631600,0,1,2.0
1970-01-01 00:27:11.696400,1,0,2.0
1970-01-01 00:27:11.707200,1,0,2.0
1970-01-01 00:27:11.718000,1,0,2.0
1970-01-01 00:27:11.721600,1,0,2.0
1970-01-01 00:27:11.725200,1,0,2.0
1970-01-01 00:27:11.728800,1,0,2.0
1970-01-01 00:27:11.732400,1,0,2.0
1970-01-01 00:27:11.736000,1,0,2.0
1970-01-01 00:27:11.750400,1,0,2.0
1970-01-01 00:27:11.804400,0,1,2.0
1970-01-01 00:27:11.851200,0,1,2.0
1970-01-01 00:27:11.854800,0,1,2.0
1970-01-01 00:27:11.858400,0,1,2.0
1970-01-01 00:27:11.862000,0,1,2.0
1970-01-01 00:27:11.865600,0,1,2.0
1970-01-01 00:27:11.869200,0,1,2.0
1970-01-01 00:27:11.916000,1,0,2.0
1970-01-01 00:27:11.919600,1,0,2.0
1970-01-01 00:27:11.973600,0,1,2.0
1970-01-01 00:27:12.027600,0,1,2.0
1970-01-01 00:27:12.031200,0,1,2.0
1970-01-01 00:27:12.034800,0,1,2.0
1970-01-01 00:27:12.038400,0,1,2.0
1970-01-01 00:27:12.042000,0,1,2.0
1970-01-01 00:27:12.045600,0,1,2.0
1970-01-01 00:27:12.060000,0,1,2.0
1970-01-01 00:27:12.063600,0,1,2.0
1970-01-01 00:27:12.067200,0,1,2.0
1970-01-01 00:27:12.074400,0,1,2.0
1970-01-01 00:27:12.081600,0,1,2.0
1970-01-01 00:27:12.085200,0,1,2.0
1970-01-01 00:27:12.088800,0,1,2.0
1970-01-01 00:27:12.092400,0,1,2.0
1970-01-01 00:27:12.096000,0,1,2.0
1970-01-01 00:27:12.099600,0,1,2.0
1970-01-01 00:27:12.114000,0,1,2.0
1970-01-01 00:27:12.117600,0,1,2.0
1970-01-01 00:27:12.121200,0,1,2.0
1970-01-01 00:27:12.124800,0,1,2.0
1970-01-01 00:27:12.128400,0,1,2.0
1970-01-01 00:27:12.229200,0,1,2.0
1970-01-01 00:27:12.232800,0,1,2.0
1970-01-01 00:27:12.236400,0,1,2.0
1970-01-01 00:27:12.240000,0,1,2.0
1970-01-01 00:27:12.243600,0,1,2.0
1970-01-01 00:27:12.247200,0,1,2.0
1970-01-01 00:27:12.250800,0,1,2.0
1970-01-01 00:27:12.308400,1,0,2.0
1970-01-01 00:27:12.394800,1,0,2.0
1970-01-01 00:27:12.398400,1,0,2.0
1970-01-01 00:27:12.409200,1,0,2.0
1970-01-01 00:27:12.412800,1,0,2.0
1970-01-01 00:27:12.441600,0,1,2.0
1970-01-01 00:27:12.452400,0,1,2.0
1970-01-01 00:27:12.456000,0,1,2.0
1970-01-01 00:27:12.459600,0,1,2.0
1970-01-01 00:27:12.463200,0,1,2.0
1970-01-01 00:27:12.466800,0,1,2.0
1970-01-01 00:27:12.470400,0,1,2.0
1970-01-01 00:27:12.607200,0,1,2.0
1970-01-01 00:27:12.618000,0,1,2.0
1970-01-01 00:27:12.621600,0,1,2.0
1970-01-01 00:27:12.625200,0,1,2.0
1970-01-01 00:27:12.628800,0,1,2.0
1970-01-01 00:27:12.632400,0,1,2.0
1970-01-01 00:27:12.639600,1,0,2.0
1970-01-01 00:27:12.643200,1,0,2.0
1970-01-01 00:27:12.693600,1,0,2.0
1970-01-01 00:27:12.697200,1,0,2.0
1970-01-01 00:27:12.736800,0,1,2.0
1970-01-01 00:27:12.740400,0,1,2.0
1970-01-01 00:27:12.744000,0,1,2.0
1970-01-01 00:27:12.754800,0,1,2.0
1970-01-01 00:27:12.762000,0,1,2.0
1970-01-01 00:27:12.765600,0,1,2.0
1970-01-01 00:27:12.769200,0,1,2.0
1970-01-01 00:27:12.776400,0,1,2.0
1970-01-01 00:27:12.780000,0,1,2.0
1970-01-01 00:27:12.826800,0,1,2.0
1970-01-01 00:27:12.834000,0,1,2.0
1970-01-01 00:27:12.862800,0,1,2.0
1970-01-01 00:27:12.870000,1,0,2.0
1970-01-01 00:27:12.902400,1,0,2.0
1970-01-01 00:27:12.906000,1,0,2.0
1970-01-01 00:27:12.920400,0,1,2.0
1970-01-01 00:27:12.924000,0,1,2.0
1970-01-01 00:27:12.927600,0,1,2.0
1970-01-01 00:27:12.931200,0,1,2.0
1970-01-01 00:27:12.942000,1,0,2.0
1970-01-01 00:27:12.945600,1,0,2.0
1970-01-01 00:27:12.949200,1,0,2.0
1970-01-01 00:27:12.952800,1,0,2.0
1970-01-01 00:27:12.956400,1,0,2.0
1970-01-01 00:27:12.960000,1,0,2.0
1970-01-01 00:27:12.963600,1,0,2.0
1970-01-01 00:27:13.050000,1,0,2.0
1970-01-01 00:27:13.053600,1,0,2.0
1970-01-01 00:27:13.057200,1,0,2.0
1970-01-01 00:27:13.060800,1,0,2.0
1970-01-01 00:27:13.064400,1,0,2.0
1970-01-01 00:27:13.068000,1,0,2.0
1970-01-01 00:27:13.071600,1,0,2.0
1970-01-01 00:27:13.075200,1,0,2.0
1970-01-01 00:27:13.078800,1,0,2.0
1970-01-01 00:27:13.158000,1,0,2.0
1970-01-01 00:27:13.161600,1,0,2.0
1970-01-01 00:27:13.165200,1,0,2.0
1970-01-01 00:27:13.168800,1,0,2.0
1970-01-01 00:27:13.172400,1,0,2.0
1970-01-01 00:27:13.176000,1,0,2.0
1970-01-01 00:27:13.197600,0,1,2.0
1970-01-01 00:27:13.201200,0,1,2.0
1970-01-01 00:27:13.204800,0,1,2.0
1970-01-01 00:27:13.208400,0,1,2.0
1970-01-01 00:27:13.212000,0,1,2.0
1970-01-01 00:27:13.244400,1,0,2.0
1970-01-01 00:27:13.248000,1,0,2.0
1970-01-01 00:27:13.251600,1,0,2.0
1970-01-01 00:27:13.255200,1,0,2.0
1970-01-01 00:27:13.262400,1,0,2.0
1970-01-01 00:27:13.269600,1,0,2.0
1970-01-01 00:27:13.273200,1,0,2.0
1970-01-01 00:27:13.276800,1,0,2.0
1970-01-01 00:27:13.280400,0,1,2.0
1970-01-01 00:27:13.284000,0,1,2.0
1970-01-01 00:27:13.287600,0,1,2.0
1970-01-01 00:27:13.291200,0,1,2.0
1970-01-01 00:27:13.294800,0,1,2.0
1970-01-01 00:27:13.298400,0,1,2.0
1970-01-01 00:27:13.302000,0,1,2.0
1970-01-01 00:27:13.338000,0,1,2.0
1970-01-01 00:27:13.341600,0,1,2.0
1970-01-01 00:27:13.352400,0,1,2.0
1970-01-01 00:27:13.356000,1,0,2.0
1970-01-01 00:27:13.359600,1,0,2.0
1970-01-01 00:27:13.406400,1,0,2.0
1970-01-01 00:27:13.410000,1,0,2.0
1970-01-01 00:27:13.413600,1,0,2.0
1970-01-01 00:27:13.417200,1,0,2.0
1970-01-01 00:27:13.420800,1,0,2.0
1970-01-01 00:27:13.428000,0,1,2.0
1970-01-01 00:27:13.431600,0,1,2.0
1970-01-01 00:27:13.442400,1,0,2.0
1970-01-01 00:27:13.446000,1,0,2.0
1970-01-01 00:27:13.449600,1,0,2.0
1970-01-01 00:27:13.453200,1,0,2.0
1970-01-01 00:27:13.485600,0,1,2.0
1970-01-01 00:27:13.489200,0,1,2.0
1970-01-01 00:27:13.492800,0,1,2.0
1970-01-01 00:27:13.496400,0,1,2.0
1970-01-01 00:27:13.507200,1,0,2.0
1970-01-01 00:27:13.510800,1,0,2.0
1970-01-01 00:27:13.514400,1,0,2.0
1970-01-01 00:27:13.518000,1,0,2.0
1970-01-01 00:27:13.554000,0,1,2.0
1970-01-01 00:27:13.568400,1,0,2.0
1970-01-01 00:27:13.572000,1,0,2.0
1970-01-01 00:27:13.575600,1,0,2.0
1970-01-01 00:27:13.579200,1,0,2.0
1970-01-01 00:27:13.582800,1,0,2.0
1970-01-01 00:27:13.586400,1,0,2.0
1970-01-01 00:27:13.590000,0,1,2.0
1970-01-01 00:27:13.593600,0,1,2.0
1970-01-01 00:27:13.658400,1,0,2.0
1970-01-01 00:27:13.662000,1,0,2.0
1970-01-01 00:27:13.665600,1,0,2.0
1970-01-01 00:27:13.669200,1,0,2.0
1970-01-01 00:27:13.672800,1,0,2.0
1970-01-01 00:27:13.701600,0,1,2.0
1970-01-01 00:27:13.705200,0,1,2.0
1970-01-01 00:27:13.708800,0,1,2.0
1970-01-01 00:27:13.752000,1,0,2.0
1970-01-01 00:27:13.755600,1,0,2.0
1970-01-01 00:27:13.759200,1,0,2.0
1970-01-01 00:27:13.762800,1,0,2.0
1970-01-01 00:27:13.766400,1,0,2.0
1970-01-01 00:27:13.809600,0,1,2.0
1970-01-01 00:27:13.816800,0,0,2.0
1970-01-01 00:27:13.824000,1,0,2.0
1970-01-01 00:27:13.827600,1,0,2.0
1970-01-01 00:27:13.831200,1,0,2.0
1970-01-01 00:27:13.845600,0,1,2.0
1970-01-01 00:27:13.849200,0,1,2.0
1970-01-01 00:27:13.852800,0,1,2.0
1970-01-01 00:27:13.878000,0,1,2.0
1970-01-01 00:27:13.881600,0,1,2.0
1970-01-01 00:27:13.885200,0,1,2.0
1970-01-01 00:27:13.888800,0,1,2.0
1970-01-01 00:27:13.892400,0,1,2.0
1970-01-01 00:27:13.896000,0,1,2.0
1970-01-01 00:27:13.899600,1,0,2.0
1970-01-01 00:27:13.903200,1,0,2.0
1970-01-01 00:27:13.906800,1,0,2.0
1970-01-01 00:27:13.910400,1,0,2.0
1970-01-01 00:27:13.914000,1,0,2.0
1970-01-01 00:27:13.917600,1,0,2.0
1970-01-01 00:27:13.921200,1,0,2.0
1970-01-01 00:27:13.935600,0,1,2.0
1970-01-01 00:27:13.957200,0,1,2.0
1970-01-01 00:27:13.960800,0,1,2.0
1970-01-01 00:27:13.964400,0,1,2.0
1970-01-01 00:27:13.968000,0,1,2.0
1970-01-01 00:27:13.971600,0,1,2.0
1970-01-01 00:27:13.989600,0,1,2.0
1970-01-01 00:27:13.993200,0,1,2.0
1970-01-01 00:27:14.007600,0,1,2.0
1970-01-01 00:27:14.011200,0,1,2.0
1970-01-01 00:27:14.014800,0,1,2.0
1970-01-01 00:27:14.018400,0,1,2.0
1970-01-01 00:27:14.022000,0,1,2.0
1970-01-01 00:27:14.025600,0,1,2.0
1970-01-01 00:27:14.083200,0,1,2.0
1970-01-01 00:27:14.086800,0,1,2.0
1970-01-01 00:27:14.090400,0,1,2.0
1970-01-01 00:27:14.094000,0,1,2.0
1970-01-01 00:27:14.097600,0,1,2.0
1970-01-01 00:27:14.101200,1,0,2.0
1970-01-01 00:27:14.104800,1,0,2.0
1970-01-01 00:27:14.108400,1,0,2.0
1970-01-01 00:27:14.112000,1,0,2.0
1970-01-01 00:27:14.115600,1,0,2.0
1970-01-01 00:27:14.119200,1,0,2.0
1970-01-01 00:27:14.122800,1,0,2.0
1970-01-01 00:27:14.126400,0,1,2.0
1970-01-01 00:27:14.234400,0,1,2.0
1970-01-01 00:27:14.248800,1,0,2.0
1970-01-01 00:27:14.256000,1,0,2.0
1970-01-01 00:27:14.259600,1,0,2.0
1970-01-01 00:27:14.270400,0,1,2.0
1970-01-01 00:27:14.274000,0,1,2.0
1970-01-01 00:27:14.288400,1,0,2.0
1970-01-01 00:27:14.292000,1,0,2.0
1970-01-01 00:27:14.295600,1,0,2.0
1970-01-01 00:27:14.299200,1,0,2.0
1970-01-01 00:27:14.302800,1,0,2.0
1970-01-01 00:27:14.306400,1,0,2.0
1970-01-01 00:27:14.310000,1,0,2.0
1970-01-01 00:27:14.374800,0,1,2.0
1970-01-01 00:27:14.378400,0,1,2.0
1970-01-01 00:27:14.382000,0,1,2.0
1970-01-01 00:27:14.461200,0,1,2.0
1970-01-01 00:27:14.464800,0,1,2.0
1970-01-01 00:27:14.479200,0,1,2.0
1970-01-01 00:27:14.482800,0,1,2.0
1970-01-01 00:27:14.486400,0,1,2.0
1970-01-01 00:27:14.490000,0,1,2.0
1970-01-01 00:27:14.493600,0,1,2.0
1970-01-01 00:27:14.497200,0,1,2.0
1970-01-01 00:27:14.500800,1,0,2.0
1970-01-01 00:27:14.504400,1,0,2.0
1970-01-01 00:27:14.529600,0,1,2.0
1970-01-01 00:27:14.533200,0,1,2.0
1970-01-01 00:27:14.536800,0,1,2.0
1970-01-01 00:27:14.540400,0,1,2.0
1970-01-01 00:27:14.554800,1,0,2.0
1970-01-01 00:27:14.558400,1,0,2.0
1970-01-01 00:27:14.583600,1,0,2.0
1970-01-01 00:27:14.590800,1,0,2.0
1970-01-01 00:27:14.594400,1,0,2.0
1970-01-01 00:27:14.598000,1,0,2.0
1970-01-01 00:27:14.601600,1,0,2.0
1970-01-01 00:27:14.630400,0,1,2.0
1970-01-01 00:27:14.634000,0,1,2.0
1970-01-01 00:27:14.637600,0,1,2.0
1970-01-01 00:27:14.641200,0,1,2.0
1970-01-01 00:27:14.644800,0,1,2.0
1970-01-01 00:27:14.684400,0,1,2.0
1970-01-01 00:27:14.706000,1,0,2.0
1970-01-01 00:27:14.709600,1,0,2.0
1970-01-01 00:27:14.713200,1,0,2.0
1970-01-01 00:27:14.716800,1,0,2.0
1970-01-01 00:27:14.720400,1,0,2.0
1970-01-01 00:27:14.724000,1,0,2.0
1970-01-01 00:27:14.727600,1,0,2.0
1970-01-01 00:27:14.731200,1,0,2.0
1970-01-01 00:27:14.734800,1,0,2.0
1970-01-01 00:27:14.738400,1,0,2.0
1970-01-01 00:27:14.803200,0,1,2.0
1970-01-01 00:27:14.806800,0,1,2.0
1970-01-01 00:27:14.810400,0,1,2.0
1970-01-01 00:27:14.814000,0,1,2.0
1970-01-01 00:27:14.817600,0,1,2.0
1970-01-01 00:27:14.821200,0,1,2.0
1970-01-01 00:27:14.889600,0,1,2.0
1970-01-01 00:27:14.893200,0,1,2.0
1970-01-01 00:27:14.896800,0,1,2.0
1970-01-01 00:27:14.900400,0,1,2.0
1970-01-01 00:27:14.904000,0,1,2.0
1970-01-01 00:27:14.907600,0,1,2.0
1970-01-01 00:27:14.918400,0,1,2.0
1970-01-01 00:27:14.936400,1,0,2.0
1970-01-01 00:27:14.961600,0,1,2.0
1970-01-01 00:27:14.968800,0,1,2.0
1970-01-01 00:27:14.979600,1,0,2.0
1970-01-01 00:27:14.983200,1,0,2.0
1970-01-01 00:27:15.022800,1,0,2.0
1970-01-01 00:27:15.026400,1,0,2.0
1970-01-01 00:27:15.037200,1,0,2.0
1970-01-01 00:27:15.044400,0,1,2.0
1970-01-01 00:27:15.048000,0,1,2.0
1970-01-01 00:27:15.051600,0,1,2.0
1970-01-01 00:27:15.055200,0,1,2.0
1970-01-01 00:27:15.058800,0,1,2.0
1970-01-01 00:27:15.062400,0,1,2.0
1970-01-01 00:27:15.066000,0,1,2.0
1970-01-01 00:27:15.069600,0,1,2.0
1970-01-01 00:27:15.073200,0,1,2.0
1970-01-01 00:27:15.076800,0,1,2.0
1970-01-01 00:27:15.080400,0,1,2.0
1970-01-01 00:27:15.084000,0,1,2.0
1970-01-01 00:27:15.098400,1,0,2.0
1970-01-01 00:27:15.102000,1,0,2.0
1970-01-01 00:27:15.105600,1,0,2.0
1970-01-01 00:27:15.112800,1,0,2.0
1970-01-01 00:27:15.116400,1,0,2.0
1970-01-01 00:27:15.235200,0,1,2.0
1970-01-01 00:27:15.238800,0,1,2.0
1970-01-01 00:27:15.242400,0,1,2.0
1970-01-01 00:27:15.246000,0,1,2.0
1970-01-01 00:27:15.249600,0,1,2.0
1970-01-01 00:27:15.256800,1,0,2.0
1970-01-01 00:27:15.260400,1,0,2.0
1970-01-01 00:27:15.264000,1,0,2.0
1970-01-01 00:27:15.267600,1,0,2.0
1970-01-01 00:27:15.271200,1,0,2.0
1970-01-01 00:27:15.274800,1,0,2.0
1970-01-01 00:27:15.285600,1,0,2.0
1970-01-01 00:27:15.289200,1,0,2.0
1970-01-01 00:27:15.296400,0,1,2.0
1970-01-01 00:27:15.300000,0,1,2.0
1970-01-01 00:27:15.303600,0,1,2.0
1970-01-01 00:27:15.307200,0,1,2.0
1970-01-01 00:27:15.310800,0,1,2.0
1970-01-01 00:27:15.314400,0,1,2.0
1970-01-01 00:27:15.318000,0,1,2.0
1970-01-01 00:27:15.386400,1,0,2.0
1970-01-01 00:27:15.390000,1,0,2.0
1970-01-01 00:27:15.393600,1,0,2.0
1970-01-01 00:27:15.397200,1,0,2.0
1970-01-01 00:27:15.404400,1,0,2.0
1970-01-01 00:27:15.429600,1,0,2.0
1970-01-01 00:27:15.433200,1,0,2.0
1970-01-01 00:27:15.436800,1,0,2.0
1970-01-01 00:27:15.440400,1,0,2.0
1970-01-01 00:27:15.444000,1,0,2.0
1970-01-01 00:27:15.505200,1,0,2.0
1970-01-01 00:27:15.508800,1,0,2.0
1970-01-01 00:27:15.516000,1,0,2.0
1970-01-01 00:27:15.544800,0,1,2.0
1970-01-01 00:27:15.548400,0,1,2.0
1970-01-01 00:27:15.591600,0,1,2.0
1970-01-01 00:27:15.595200,0,1,2.0
1970-01-01 00:27:15.631200,1,0,2.0
1970-01-01 00:27:15.663600,0,1,2.0
1970-01-01 00:27:15.714000,0,1,2.0
1970-01-01 00:27:15.717600,0,1,2.0
1970-01-01 00:27:15.724800,0,1,2.0
1970-01-01 00:27:15.728400,0,1,2.0
1970-01-01 00:27:15.732000,1,0,2.0
1970-01-01 00:27:15.735600,1,0,2.0
1970-01-01 00:27:15.786000,1,0,2.0
1970-01-01 00:27:15.789600,1,0,2.0
1970-01-01 00:27:15.825600,1,0,2.0
1970-01-01 00:27:15.829200,1,0,2.0
1970-01-01 00:27:15.832800,1,0,2.0
1970-01-01 00:27:15.836400,1,0,2.0
1970-01-01 00:27:15.840000,1,0,2.0
1970-01-01 00:27:15.897600,1,0,2.0
1970-01-01 00:27:15.901200,1,0,2.0
1970-01-01 00:27:15.904800,1,0,2.0
1970-01-01 00:27:15.908400,1,0,2.0
1970-01-01 00:27:15.912000,1,0,2.0
1970-01-01 00:27:15.919200,0,1,2.0
1970-01-01 00:27:15.922800,0,1,2.0
1970-01-01 00:27:15.926400,0,1,2.0
1970-01-01 00:27:15.930000,0,1,2.0
1970-01-01 00:27:15.933600,0,1,2.0
1970-01-01 00:27:15.937200,0,1,2.0
1970-01-01 00:27:15.940800,1,0,2.0
1970-01-01 00:27:15.944400,1,0,2.0
1970-01-01 00:27:15.948000,1,0,2.0
1970-01-01 00:27:15.951600,1,0,2.0
1970-01-01 00:27:15.955200,1,0,2.0
1970-01-01 00:27:15.958800,1,0,2.0
1970-01-01 00:27:16.009200,1,0,2.0
1970-01-01 00:27:16.012800,1,0,2.0
1970-01-01 00:27:16.016400,0,0,2.0
1970-01-01 00:27:16.020000,0,1,2.0
1970-01-01 00:27:16.023600,0,0,2.0
1970-01-01 00:27:16.027200,0,1,2.0
1970-01-01 00:27:16.030800,0,1,2.0
1970-01-01 00:27:16.117200,0,1,2.0
1970-01-01 00:27:16.142400,1,0,2.0
1970-01-01 00:27:16.160400,0,1,2.0
1970-01-01 00:27:16.171200,0,1,2.0
1970-01-01 00:27:16.174800,0,1,2.0
1970-01-01 00:27:16.178400,0,1,2.0
1970-01-01 00:27:16.182000,0,1,2.0
1970-01-01 00:27:16.185600,0,1,2.0
1970-01-01 00:27:16.189200,0,1,2.0
1970-01-01 00:27:16.221600,1,0,2.0
1970-01-01 00:27:16.300800,1,0,2.0
1970-01-01 00:27:16.304400,1,0,2.0
1970-01-01 00:27:16.308000,1,0,2.0
1970-01-01 00:27:16.311600,1,0,2.0
1970-01-01 00:27:16.315200,1,0,2.0
1970-01-01 00:27:16.318800,1,0,2.0
1970-01-01 00:27:16.322400,1,0,2.0
1970-01-01 00:27:16.326000,1,0,2.0
1970-01-01 00:27:16.329600,1,0,2.0
1970-01-01 00:27:16.333200,1,0,2.0
1970-01-01 00:27:16.336800,1,0,2.0
1970-01-01 00:27:16.340400,1,0,2.0
1970-01-01 00:27:16.344000,1,0,2.0
1970-01-01 00:27:16.347600,1,0,2.0
1970-01-01 00:27:16.358400,1,0,2.0
1970-01-01 00:27:16.362000,1,0,2.0
1970-01-01 00:27:16.365600,1,0,2.0
1970-01-01 00:27:16.369200,1,0,2.0
1970-01-01 00:27:16.372800,1,0,2.0
1970-01-01 00:27:16.376400,1,0,2.0
1970-01-01 00:27:16.380000,1,0,2.0
1970-01-01 00:27:16.383600,1,0,2.0
1970-01-01 00:27:16.394400,1,0,2.0
1970-01-01 00:27:16.398000,1,0,2.0
1970-01-01 00:27:16.401600,1,0,2.0
1970-01-01 00:27:16.405200,1,0,2.0
1970-01-01 00:27:16.408800,1,0,2.0
1970-01-01 00:27:16.412400,1,0,2.0
1970-01-01 00:27:16.416000,1,0,2.0
1970-01-01 00:27:16.437600,1,0,2.0
1970-01-01 00:27:16.441200,1,0,2.0
1970-01-01 00:27:16.444800,1,0,2.0
1970-01-01 00:27:16.448400,1,0,2.0
1970-01-01 00:27:16.452000,1,0,2.0
1970-01-01 00:27:16.455600,1,0,2.0
1970-01-01 00:27:16.459200,1,0,2.0
1970-01-01 00:27:16.462800,1,0,2.0
1970-01-01 00:27:16.466400,1,0,2.0
1970-01-01 00:27:16.513200,1,0,2.0
1970-01-01 00:27:16.520400,1,0,2.0
1970-01-01 00:27:16.524000,1,0,2.0
1970-01-01 00:27:16.527600,1,0,2.0
1970-01-01 00:27:16.531200,1,0,2.0
1970-01-01 00:27:16.534800,1,0,2.0
1970-01-01 00:27:16.538400,1,0,2.0
1970-01-01 00:27:16.556400,0,1,2.0
1970-01-01 00:27:16.560000,0,1,2.0
1970-01-01 00:27:16.563600,0,1,2.0
1970-01-01 00:27:16.567200,0,1,2.0
1970-01-01 00:27:16.570800,0,1,2.0
1970-01-01 00:27:16.574400,0,1,2.0
1970-01-01 00:27:16.657200,1,0,2.0
1970-01-01 00:27:16.660800,1,0,2.0
1970-01-01 00:27:16.664400,1,0,2.0
1970-01-01 00:27:16.668000,1,0,2.0
1970-01-01 00:27:16.671600,1,0,2.0
1970-01-01 00:27:16.675200,1,0,2.0
1970-01-01 00:27:16.689600,0,1,2.0
1970-01-01 00:27:16.693200,0,1,2.0
1970-01-01 00:27:16.704000,0,1,2.0
1970-01-01 00:27:16.707600,0,1,2.0
1970-01-01 00:27:16.711200,0,1,2.0
1970-01-01 00:27:16.722000,0,1,2.0
1970-01-01 00:27:16.790400,1,0,2.0
1970-01-01 00:27:16.794000,1,0,2.0
1970-01-01 00:27:16.797600,1,0,2.0
1970-01-01 00:27:16.801200,1,0,2.0
1970-01-01 00:27:16.804800,1,0,2.0
1970-01-01 00:27:16.808400,1,0,2.0
1970-01-01 00:27:16.866000,0,1,2.0
1970-01-01 00:27:16.869600,0,1,2.0
1970-01-01 00:27:16.873200,1,0,2.0
1970-01-01 00:27:16.876800,1,0,2.0
1970-01-01 00:27:16.880400,1,0,2.0
1970-01-01 00:27:16.884000,1,0,2.0
1970-01-01 00:27:16.887600,1,0,2.0
1970-01-01 00:27:16.891200,1,0,2.0
1970-01-01 00:27:16.902000,1,0,2.0
1970-01-01 00:27:16.905600,1,0,2.0
1970-01-01 00:27:16.909200,1,0,2.0
1970-01-01 00:27:16.912800,1,0,2.0
1970-01-01 00:27:16.920000,1,0,2.0
1970-01-01 00:27:16.974000,0,1,2.0
1970-01-01 00:27:16.977600,0,1,2.0
1970-01-01 00:27:16.984800,0,1,2.0
1970-01-01 00:27:16.988400,0,1,2.0
1970-01-01 00:27:16.999200,0,1,2.0
1970-01-01 00:27:17.002800,0,1,2.0
1970-01-01 00:27:17.006400,0,1,2.0
1970-01-01 00:27:17.010000,0,1,2.0
1970-01-01 00:27:17.013600,0,1,2.0
1970-01-01 00:27:17.017200,0,1,2.0
1970-01-01 00:27:17.020800,0,1,2.0
1970-01-01 00:27:17.035200,0,1,2.0
1970-01-01 00:27:17.038800,0,1,2.0
1970-01-01 00:27:17.042400,0,1,2.0
1970-01-01 00:27:17.046000,0,1,2.0
1970-01-01 00:27:17.049600,0,1,2.0
1970-01-01 00:27:17.121600,1,0,2.0
1970-01-01 00:27:17.128800,1,0,2.0
1970-01-01 00:27:17.139600,1,0,2.0
1970-01-01 00:27:17.190000,0,1,2.0
1970-01-01 00:27:17.193600,0,1,2.0
1970-01-01 00:27:17.197200,0,1,2.0
1970-01-01 00:27:17.200800,0,1,2.0
1970-01-01 00:27:17.226000,1,0,2.0
1970-01-01 00:27:17.229600,0,1,2.0
1970-01-01 00:27:17.233200,0,1,2.0
1970-01-01 00:27:17.236800,0,1,2.0
1970-01-01 00:27:17.240400,0,1,2.0
1970-01-01 00:27:17.287200,1,0,2.0
1970-01-01 00:27:17.290800,1,0,2.0
1970-01-01 00:27:17.305200,1,0,2.0
1970-01-01 00:27:17.316000,1,0,2.0
1970-01-01 00:27:17.319600,1,0,2.0
1970-01-01 00:27:17.323200,1,0,2.0
1970-01-01 00:27:17.398800,0,1,2.0
1970-01-01 00:27:17.402400,0,1,2.0
1970-01-01 00:27:17.406000,0,1,2.0
1970-01-01 00:27:17.420400,1,0,2.0
1970-01-01 00:27:17.424000,1,0,2.0
1970-01-01 00:27:17.427600,1,0,2.0
1970-01-01 00:27:17.460000,1,0,2.0
1970-01-01 00:27:17.488800,1,0,2.0
1970-01-01 00:27:17.492400,1,0,2.0
1970-01-01 00:27:17.496000,1,0,2.0
1970-01-01 00:27:17.499600,1,0,2.0
1970-01-01 00:27:17.503200,1,0,2.0
1970-01-01 00:27:17.514000,0,1,2.0
1970-01-01 00:27:17.517600,0,1,2.0
1970-01-01 00:27:17.521200,0,1,2.0
1970-01-01 00:27:17.524800,0,1,2.0
1970-01-01 00:27:17.528400,0,1,2.0
1970-01-01 00:27:17.532000,0,1,2.0
1970-01-01 00:27:17.535600,0,1,2.0
1970-01-01 00:27:17.586000,0,1,2.0
1970-01-01 00:27:17.589600,0,1,2.0
1970-01-01 00:27:17.593200,0,1,2.0
1970-01-01 00:27:17.596800,0,1,2.0
1970-01-01 00:27:17.600400,0,1,2.0
1970-01-01 00:27:17.654400,1,0,2.0
1970-01-01 00:27:17.665200,1,0,2.0
1970-01-01 00:27:17.668800,1,0,2.0
1970-01-01 00:27:17.708400,0,1,2.0
1970-01-01 00:27:17.712000,0,1,2.0
1970-01-01 00:27:17.737200,0,1,2.0
1970-01-01 00:27:17.740800,0,1,2.0
1970-01-01 00:27:17.773200,1,0,2.0
1970-01-01 00:27:17.776800,1,0,2.0
1970-01-01 00:27:17.780400,1,0,2.0
1970-01-01 00:27:17.784000,1,0,2.0
1970-01-01 00:27:17.787600,1,0,2.0
1970-01-01 00:27:17.791200,1,0,2.0
1970-01-01 00:27:17.794800,1,0,2.0
1970-01-01 00:27:17.816400,1,0,2.0
1970-01-01 00:27:17.820000,1,0,2.0
1970-01-01 00:27:17.823600,1,0,2.0
1970-01-01 00:27:17.827200,1,0,2.0
1970-01-01 00:27:17.830800,1,0,2.0
1970-01-01 00:27:17.834400,1,0,2.0
1970-01-01 00:27:17.838000,1,0,2.0
1970-01-01 00:27:17.874000,0,1,2.0
1970-01-01 00:27:17.877600,0,1,2.0
1970-01-01 00:27:17.881200,0,1,2.0
1970-01-01 00:27:17.884800,0,1,2.0
1970-01-01 00:27:17.888400,0,1,2.0
1970-01-01 00:27:17.892000,0,1,2.0
1970-01-01 00:27:17.895600,0,1,2.0
1970-01-01 00:27:17.899200,0,1,2.0
1970-01-01 00:27:17.902800,0,1,2.0
1970-01-01 00:27:17.906400,0,1,2.0
1970-01-01 00:27:17.910000,0,1,2.0
1970-01-01 00:27:18.025200,0,1,2.0
1970-01-01 00:27:18.028800,0,1,2.0
1970-01-01 00:27:18.032400,0,1,2.0
1970-01-01 00:27:18.036000,0,1,2.0
1970-01-01 00:27:18.039600,0,1,2.0
1970-01-01 00:27:18.046800,0,1,2.0
1970-01-01 00:27:18.050400,0,1,2.0
1970-01-01 00:27:18.054000,0,1,2.0
1970-01-01 00:27:18.057600,0,1,2.0
1970-01-01 00:27:18.111600,1,0,2.0
1970-01-01 00:27:18.115200,1,0,2.0
1970-01-01 00:27:18.118800,1,0,2.0
1970-01-01 00:27:18.122400,1,0,2.0
1970-01-01 00:27:18.126000,1,0,2.0
1970-01-01 00:27:18.129600,1,0,2.0
1970-01-01 00:27:18.136800,1,0,2.0
1970-01-01 00:27:18.176400,1,0,2.0
1970-01-01 00:27:18.183600,1,0,2.0
1970-01-01 00:27:18.187200,1,0,2.0
1970-01-01 00:27:18.190800,1,0,2.0
1970-01-01 00:27:18.194400,1,0,2.0
1970-01-01 00:27:18.198000,1,0,2.0
1970-01-01 00:27:18.201600,1,0,2.0
1970-01-01 00:27:18.226800,0,1,2.0
1970-01-01 00:27:18.230400,0,1,2.0
1970-01-01 00:27:18.248400,1,0,2.0
1970-01-01 00:27:18.252000,1,0,2.0
1970-01-01 00:27:18.255600,1,0,2.0
1970-01-01 00:27:18.259200,1,0,2.0
1970-01-01 00:27:18.262800,1,0,2.0
1970-01-01 00:27:18.266400,1,0,2.0
1970-01-01 00:27:18.270000,1,0,2.0
1970-01-01 00:27:18.277200,0,1,2.0
1970-01-01 00:27:18.280800,0,1,2.0
1970-01-01 00:27:18.334800,1,0,2.0
1970-01-01 00:27:18.360000,1,0,2.0
1970-01-01 00:27:18.367200,0,1,2.0
1970-01-01 00:27:18.370800,0,1,2.0
1970-01-01 00:27:18.374400,0,1,2.0
1970-01-01 00:27:18.399600,0,1,2.0
1970-01-01 00:27:18.403200,0,1,2.0
1970-01-01 00:27:18.406800,0,1,2.0
1970-01-01 00:27:18.475200,0,1,2.0
1970-01-01 00:27:18.478800,0,1,2.0
1970-01-01 00:27:18.482400,0,1,2.0
1970-01-01 00:27:18.500400,1,0,2.0
1970-01-01 00:27:18.504000,1,0,2.0
1970-01-01 00:27:18.507600,1,0,2.0
1970-01-01 00:27:18.522000,0,1,2.0
1970-01-01 00:27:18.525600,0,1,2.0
1970-01-01 00:27:18.529200,0,1,2.0
1970-01-01 00:27:18.532800,0,1,2.0
1970-01-01 00:27:18.536400,0,1,2.0
1970-01-01 00:27:18.540000,0,1,2.0
1970-01-01 00:27:18.543600,0,1,2.0
1970-01-01 00:27:18.547200,0,1,2.0
1970-01-01 00:27:18.550800,0,1,2.0
1970-01-01 00:27:18.554400,0,1,2.0
1970-01-01 00:27:18.558000,0,1,2.0
1970-01-01 00:27:18.565200,0,1,2.0
1970-01-01 00:27:18.568800,0,1,2.0
1970-01-01 00:27:18.572400,0,1,2.0
1970-01-01 00:27:18.576000,0,1,2.0
1970-01-01 00:27:18.579600,0,1,2.0
1970-01-01 00:27:18.583200,0,1,2.0
1970-01-01 00:27:18.586800,0,1,2.0
1970-01-01 00:27:18.590400,0,1,2.0
1970-01-01 00:27:18.691200,0,1,2.0
1970-01-01 00:27:18.694800,0,1,2.0
1970-01-01 00:27:18.698400,0,1,2.0
1970-01-01 00:27:18.702000,0,1,2.0
1970-01-01 00:27:18.705600,0,1,2.0
1970-01-01 00:27:18.709200,0,1,2.0
1970-01-01 00:27:18.756000,0,1,2.0
1970-01-01 00:27:18.759600,0,1,2.0
1970-01-01 00:27:18.763200,0,1,2.0
1970-01-01 00:27:18.766800,0,1,2.0
1970-01-01 00:27:18.770400,0,1,2.0
1970-01-01 00:27:18.781200,1,0,2.0
1970-01-01 00:27:18.784800,1,0,2.0
1970-01-01 00:27:18.802800,1,0,2.0
1970-01-01 00:27:18.806400,1,0,2.0
1970-01-01 00:27:18.810000,1,0,2.0
1970-01-01 00:27:18.813600,1,0,2.0
1970-01-01 00:27:18.817200,1,0,2.0
1970-01-01 00:27:18.820800,1,0,2.0
1970-01-01 00:27:18.853200,1,0,2.0
1970-01-01 00:27:18.856800,1,0,2.0
1970-01-01 00:27:18.860400,1,0,2.0
1970-01-01 00:27:18.928800,1,0,2.0
1970-01-01 00:27:18.932400,1,0,2.0
1970-01-01 00:27:18.936000,1,0,2.0
1970-01-01 00:27:18.939600,1,0,2.0
1970-01-01 00:27:18.946800,0,1,2.0
1970-01-01 00:27:18.950400,0,1,2.0
1970-01-01 00:27:18.957600,1,0,2.0
1970-01-01 00:27:18.961200,1,0,2.0
1970-01-01 00:27:18.968400,1,0,2.0
1970-01-01 00:27:19.036800,0,1,2.0
1970-01-01 00:27:19.040400,0,1,2.0
1970-01-01 00:27:19.044000,0,1,2.0
1970-01-01 00:27:19.047600,0,1,2.0
1970-01-01 00:27:19.051200,0,1,2.0
1970-01-01 00:27:19.054800,0,1,2.0
1970-01-01 00:27:19.116000,1,0,2.0
1970-01-01 00:27:19.119600,1,0,2.0
1970-01-01 00:27:19.123200,1,0,2.0
1970-01-01 00:27:19.130400,1,0,2.0
1970-01-01 00:27:19.134000,0,1,2.0
1970-01-01 00:27:19.137600,0,1,2.0
1970-01-01 00:27:19.141200,0,1,2.0
1970-01-01 00:27:19.166400,0,1,2.0
1970-01-01 00:27:19.177200,1,0,2.0
1970-01-01 00:27:19.202400,1,0,2.0
1970-01-01 00:27:19.263600,0,1,2.0
1970-01-01 00:27:19.296000,1,0,2.0
1970-01-01 00:27:19.299600,1,0,2.0
1970-01-01 00:27:19.306800,1,0,2.0
1970-01-01 00:27:19.310400,1,0,2.0
1970-01-01 00:27:19.314000,1,0,2.0
1970-01-01 00:27:19.317600,1,0,2.0
1970-01-01 00:27:19.321200,1,0,2.0
1970-01-01 00:27:19.324800,1,0,2.0
1970-01-01 00:27:19.332000,0,1,2.0
1970-01-01 00:27:19.335600,0,1,2.0
1970-01-01 00:27:19.339200,0,1,2.0
1970-01-01 00:27:19.342800,0,1,2.0
1970-01-01 00:27:19.346400,0,1,2.0
1970-01-01 00:27:19.350000,0,1,2.0
1970-01-01 00:27:19.353600,0,1,2.0
1970-01-01 00:27:19.382400,0,1,2.0
1970-01-01 00:27:19.386000,0,1,2.0
1970-01-01 00:27:19.389600,0,1,2.0
1970-01-01 00:27:19.393200,0,1,2.0
1970-01-01 00:27:19.396800,0,1,2.0
1970-01-01 00:27:19.400400,0,1,2.0
1970-01-01 00:27:19.404000,0,1,2.0
1970-01-01 00:27:19.414800,0,1,2.0
1970-01-01 00:27:19.454400,1,0,2.0
1970-01-01 00:27:19.458000,1,0,2.0
1970-01-01 00:27:19.461600,1,0,2.0
1970-01-01 00:27:19.472400,1,0,2.0
1970-01-01 00:27:19.548000,0,1,2.0
1970-01-01 00:27:19.551600,0,1,2.0
1970-01-01 00:27:19.555200,0,1,2.0
1970-01-01 00:27:19.558800,0,1,2.0
1970-01-01 00:27:19.562400,0,1,2.0
1970-01-01 00:27:19.566000,0,1,2.0
1970-01-01 00:27:19.569600,0,1,2.0
1970-01-01 00:27:19.580400,1,0,2.0
1970-01-01 00:27:19.584000,1,0,2.0
1970-01-01 00:27:19.587600,1,0,2.0
1970-01-01 00:27:19.591200,1,0,2.0
1970-01-01 00:27:19.630800,1,0,2.0
1970-01-01 00:27:19.652400,0,1,2.0
1970-01-01 00:27:19.659600,0,1,2.0
1970-01-01 00:27:19.663200,0,1,2.0
1970-01-01 00:27:19.666800,0,1,2.0
1970-01-01 00:27:19.670400,0,1,2.0
1970-01-01 00:27:19.674000,0,1,2.0
1970-01-01 00:27:19.677600,0,1,2.0
1970-01-01 00:27:19.713600,0,1,2.0
1970-01-01 00:27:19.728000,0,1,2.0
1970-01-01 00:27:19.731600,0,1,2.0
1970-01-01 00:27:19.735200,0,1,2.0
1970-01-01 00:27:19.738800,0,1,2.0
1970-01-01 00:27:19.742400,0,1,2.0
1970-01-01 00:27:19.746000,0,0,2.0
1970-01-01 00:27:19.749600,1,0,2.0
1970-01-01 00:27:19.756800,0,1,2.0
1970-01-01 00:27:19.861200,1,0,2.0
1970-01-01 00:27:19.864800,1,0,2.0
1970-01-01 00:27:19.868400,1,0,2.0
1970-01-01 00:27:19.872000,1,0,2.0
1970-01-01 00:27:19.875600,1,0,2.0
1970-01-01 00:27:19.879200,1,0,2.0
1970-01-01 00:27:19.904400,1,0,2.0
1970-01-01 00:27:19.908000,1,0,2.0
1970-01-01 00:27:19.911600,1,0,2.0
1970-01-01 00:27:19.915200,1,0,2.0
1970-01-01 00:27:19.933200,0,1,2.0
1970-01-01 00:27:19.936800,0,1,2.0
1970-01-01 00:27:19.969200,0,1,2.0
1970-01-01 00:27:19.972800,0,1,2.0
1970-01-01 00:27:20.012400,1,0,2.0
1970-01-01 00:27:20.098800,1,0,2.0
1970-01-01 00:27:20.120400,0,1,2.0
1970-01-01 00:27:20.124000,0,1,2.0
1970-01-01 00:27:20.131200,1,0,2.0
1970-01-01 00:27:20.134800,1,0,2.0
1970-01-01 00:27:20.156400,0,1,2.0
1970-01-01 00:27:20.160000,0,1,2.0
1970-01-01 00:27:20.174400,1,0,2.0
1970-01-01 00:27:20.178000,1,0,2.0
1970-01-01 00:27:20.257200,1,0,2.0
1970-01-01 00:27:20.260800,1,0,2.0
1970-01-01 00:27:20.264400,1,0,2.0
1970-01-01 00:27:20.268000,1,0,2.0
1970-01-01 00:27:20.271600,1,0,2.0
1970-01-01 00:27:20.275200,1,0,2.0
1970-01-01 00:27:20.296800,1,0,2.0
1970-01-01 00:27:20.368800,0,1,2.0
1970-01-01 00:27:20.426400,1,0,2.0
1970-01-01 00:27:20.433600,0,1,2.0
1970-01-01 00:27:20.437200,0,1,2.0
1970-01-01 00:27:20.440800,0,1,2.0
1970-01-01 00:27:20.444400,0,1,2.0
1970-01-01 00:27:20.448000,0,1,2.0
1970-01-01 00:27:20.451600,0,1,2.0
1970-01-01 00:27:20.455200,0,1,2.0
1970-01-01 00:27:20.458800,0,1,2.0
1970-01-01 00:27:20.462400,0,1,2.0
1970-01-01 00:27:20.466000,0,1,2.0
1970-01-01 00:27:20.469600,0,1,2.0
1970-01-01 00:27:20.473200,0,1,2.0
1970-01-01 00:27:20.476800,0,1,2.0
1970-01-01 00:27:20.480400,0,1,2.0
1970-01-01 00:27:20.484000,0,1,2.0
1970-01-01 00:27:20.527200,1,0,2.0
1970-01-01 00:27:20.584800,1,0,2.0
1970-01-01 00:27:20.588400,1,0,2.0
1970-01-01 00:27:20.592000,1,0,2.0
1970-01-01 00:27:20.595600,1,0,2.0
1970-01-01 00:27:20.599200,1,0,2.0
1970-01-01 00:27:20.602800,1,0,2.0
1970-01-01 00:27:20.606400,1,0,2.0
1970-01-01 00:27:20.610000,1,0,2.0
1970-01-01 00:27:20.620800,0,0,2.0
1970-01-01 00:27:20.624400,0,1,2.0
1970-01-01 00:27:20.628000,0,1,2.0
1970-01-01 00:27:20.631600,0,1,2.0
1970-01-01 00:27:20.635200,0,1,2.0
1970-01-01 00:27:20.638800,0,1,2.0
1970-01-01 00:27:20.642400,0,1,2.0
1970-01-01 00:27:20.646000,0,1,2.0
1970-01-01 00:27:20.649600,0,1,2.0
1970-01-01 00:27:20.653200,0,1,2.0
1970-01-01 00:27:20.656800,0,1,2.0
1970-01-01 00:27:20.664000,1,0,2.0
1970-01-01 00:27:20.689200,0,1,2.0
1970-01-01 00:27:20.692800,0,1,2.0
1970-01-01 00:27:20.696400,0,1,2.0
1970-01-01 00:27:20.700000,0,1,2.0
1970-01-01 00:27:20.703600,0,1,2.0
1970-01-01 00:27:20.707200,0,1,2.0
1970-01-01 00:27:20.768400,0,1,2.0
1970-01-01 00:27:20.775600,0,1,2.0
1970-01-01 00:27:20.779200,1,0,2.0
1970-01-01 00:27:20.797200,0,1,2.0
1970-01-01 00:27:20.800800,0,1,2.0
1970-01-01 00:27:20.811600,0,1,2.0
1970-01-01 00:27:20.815200,0,1,2.0
1970-01-01 00:27:20.916000,1,0,2.0
1970-01-01 00:27:20.919600,1,0,2.0
1970-01-01 00:27:20.923200,1,0,2.0
1970-01-01 00:27:20.926800,1,0,2.0
1970-01-01 00:27:20.930400,1,0,2.0
1970-01-01 00:27:20.934000,1,0,2.0
1970-01-01 00:27:20.948400,0,1,2.0
1970-01-01 00:27:20.952000,0,1,2.0
1970-01-01 00:27:20.955600,0,1,2.0
1970-01-01 00:27:20.959200,0,1,2.0
1970-01-01 00:27:20.962800,0,1,2.0
1970-01-01 00:27:20.966400,0,1,2.0
1970-01-01 00:27:20.970000,0,1,2.0
1970-01-01 00:27:20.977200,1,0,2.0
1970-01-01 00:27:20.980800,1,0,2.0
1970-01-01 00:27:20.988000,1,0,2.0
1970-01-01 00:27:20.991600,1,0,2.0
1970-01-01 00:27:21.034800,1,0,2.0
1970-01-01 00:27:21.042000,1,0,2.0
1970-01-01 00:27:21.045600,1,0,2.0
1970-01-01 00:27:21.078000,0,1,2.0
1970-01-01 00:27:21.117600,1,0,2.0
1970-01-01 00:27:21.121200,1,0,2.0
1970-01-01 00:27:21.124800,1,0,2.0
1970-01-01 00:27:21.128400,1,0,2.0
1970-01-01 00:27:21.132000,1,0,2.0
1970-01-01 00:27:21.139200,0,1,2.0
1970-01-01 00:27:21.142800,0,1,2.0
1970-01-01 00:27:21.204000,0,1,2.0
1970-01-01 00:27:21.207600,0,1,2.0
1970-01-01 00:27:21.211200,0,1,2.0
1970-01-01 00:27:21.214800,0,1,2.0
1970-01-01 00:27:21.218400,0,1,2.0
1970-01-01 00:27:21.222000,0,1,2.0
1970-01-01 00:27:21.268800,1,0,2.0
1970-01-01 00:27:21.286800,1,0,2.0
1970-01-01 00:27:21.297600,0,1,2.0
1970-01-01 00:27:21.301200,0,1,2.0
1970-01-01 00:27:21.304800,0,1,2.0
1970-01-01 00:27:21.308400,0,1,2.0
1970-01-01 00:27:21.312000,0,1,2.0
1970-01-01 00:27:21.315600,0,1,2.0
1970-01-01 00:27:21.387600,0,1,2.0
1970-01-01 00:27:21.391200,0,1,2.0
1970-01-01 00:27:21.394800,0,1,2.0
1970-01-01 00:27:21.398400,0,1,2.0
1970-01-01 00:27:21.402000,0,1,2.0
1970-01-01 00:27:21.405600,0,1,2.0
1970-01-01 00:27:21.409200,0,1,2.0
1970-01-01 00:27:21.412800,0,1,2.0
1970-01-01 00:27:21.477600,1,0,2.0
1970-01-01 00:27:21.502800,0,1,2.0
1970-01-01 00:27:21.506400,0,1,2.0
1970-01-01 00:27:21.510000,0,1,2.0
1970-01-01 00:27:21.513600,0,1,2.0
1970-01-01 00:27:21.517200,0,1,2.0
1970-01-01 00:27:21.520800,0,1,2.0
1970-01-01 00:27:21.528000,1,0,2.0
1970-01-01 00:27:21.535200,1,0,2.0
1970-01-01 00:27:21.538800,1,0,2.0
1970-01-01 00:27:21.632400,0,1,2.0
1970-01-01 00:27:21.636000,0,1,2.0
1970-01-01 00:27:21.639600,0,1,2.0
1970-01-01 00:27:21.643200,0,1,2.0
1970-01-01 00:27:21.646800,0,1,2.0
1970-01-01 00:27:21.650400,0,1,2.0
1970-01-01 00:27:21.654000,0,1,2.0
1970-01-01 00:27:21.657600,0,1,2.0
1970-01-01 00:27:21.661200,1,0,2.0
1970-01-01 00:27:21.664800,1,0,2.0
1970-01-01 00:27:21.668400,1,0,2.0
1970-01-01 00:27:21.672000,1,0,2.0
1970-01-01 00:27:21.733200,1,0,2.0
1970-01-01 00:27:21.736800,1,0,2.0
1970-01-01 00:27:21.740400,1,0,2.0
1970-01-01 00:27:21.754800,0,1,2.0
1970-01-01 00:27:21.794400,0,1,2.0
1970-01-01 00:27:21.798000,0,1,2.0
1970-01-01 00:27:21.801600,0,1,2.0
1970-01-01 00:27:21.805200,0,1,2.0
1970-01-01 00:27:21.808800,0,1,2.0
1970-01-01 00:27:21.812400,0,1,2.0
1970-01-01 00:27:21.816000,0,1,2.0
1970-01-01 00:27:21.819600,0,1,2.0
1970-01-01 00:27:21.823200,1,0,2.0
1970-01-01 00:27:21.826800,1,0,2.0
1970-01-01 00:27:21.830400,0,1,2.0
1970-01-01 00:27:21.895200,1,0,2.0
1970-01-01 00:27:21.898800,1,0,2.0
1970-01-01 00:27:21.902400,1,0,2.0
1970-01-01 00:27:21.906000,1,0,2.0
1970-01-01 00:27:21.909600,1,0,2.0
1970-01-01 00:27:21.913200,1,0,2.0
1970-01-01 00:27:21.967200,1,0,2.0
1970-01-01 00:27:21.970800,1,0,2.0
1970-01-01 00:27:21.974400,1,0,2.0
1970-01-01 00:27:21.978000,1,0,2.0
1970-01-01 00:27:21.981600,1,0,2.0
1970-01-01 00:27:21.985200,1,0,2.0
1970-01-01 00:27:21.988800,1,0,2.0
1970-01-01 00:27:21.992400,1,0,2.0
1970-01-01 00:27:21.996000,1,0,2.0
1970-01-01 00:27:21.999600,1,0,2.0
1970-01-01 00:27:22.003200,1,0,2.0
1970-01-01 00:27:22.006800,1,0,2.0
1970-01-01 00:27:22.010400,1,0,2.0
1970-01-01 00:27:22.050000,0,1,2.0
1970-01-01 00:27:22.053600,0,1,2.0
1970-01-01 00:27:22.057200,0,1,2.0
1970-01-01 00:27:22.060800,0,1,2.0
1970-01-01 00:27:22.064400,0,1,2.0
1970-01-01 00:27:22.068000,0,1,2.0
1970-01-01 00:27:22.071600,1,0,2.0
1970-01-01 00:27:22.075200,0,1,2.0
1970-01-01 00:27:22.078800,0,1,2.0
1970-01-01 00:27:22.082400,0,1,2.0
1970-01-01 00:27:22.100400,1,0,2.0
1970-01-01 00:27:22.111200,1,0,2.0
1970-01-01 00:27:22.136400,0,1,2.0
1970-01-01 00:27:22.147200,1,0,2.0
1970-01-01 00:27:22.150800,1,0,2.0
1970-01-01 00:27:22.154400,1,0,2.0
1970-01-01 00:27:22.158000,1,0,2.0
1970-01-01 00:27:22.161600,1,0,2.0
1970-01-01 00:27:22.201200,1,0,2.0
1970-01-01 00:27:22.215600,1,0,2.0
1970-01-01 00:27:22.230000,0,1,2.0
1970-01-01 00:27:22.287600,0,1,2.0
1970-01-01 00:27:22.294800,0,1,2.0
1970-01-01 00:27:22.330800,1,0,2.0
1970-01-01 00:27:22.363200,1,0,2.0
1970-01-01 00:27:22.366800,1,0,2.0
1970-01-01 00:27:22.370400,1,0,2.0
1970-01-01 00:27:22.374000,1,0,2.0
1970-01-01 00:27:22.377600,1,0,2.0
1970-01-01 00:27:22.381200,1,0,2.0
1970-01-01 00:27:22.384800,0,1,2.0
1970-01-01 00:27:22.388400,1,0,2.0
1970-01-01 00:27:22.392000,1,0,2.0
1970-01-01 00:27:22.395600,1,0,2.0
1970-01-01 00:27:22.399200,1,0,2.0
1970-01-01 00:27:22.402800,1,0,2.0
1970-01-01 00:27:22.406400,1,0,2.0
1970-01-01 00:27:22.410000,0,1,2.0
1970-01-01 00:27:22.413600,0,1,2.0
1970-01-01 00:27:22.417200,0,1,2.0
1970-01-01 00:27:22.420800,0,1,2.0
1970-01-01 00:27:22.424400,0,1,2.0
1970-01-01 00:27:22.428000,0,1,2.0
1970-01-01 00:27:22.438800,1,0,2.0
1970-01-01 00:27:22.442400,1,0,2.0
1970-01-01 00:27:22.453200,1,0,2.0
1970-01-01 00:27:22.456800,0,1,2.0
1970-01-01 00:27:22.460400,0,1,2.0
1970-01-01 00:27:22.464000,0,1,2.0
1970-01-01 00:27:22.471200,0,1,2.0
1970-01-01 00:27:22.485600,0,1,2.0
1970-01-01 00:27:22.489200,0,1,2.0
1970-01-01 00:27:22.539600,0,1,2.0
1970-01-01 00:27:22.543200,0,1,2.0
1970-01-01 00:27:22.546800,0,1,2.0
1970-01-01 00:27:22.550400,0,1,2.0
1970-01-01 00:27:22.554000,0,1,2.0
1970-01-01 00:27:22.557600,0,1,2.0
1970-01-01 00:27:22.579200,1,0,2.0
1970-01-01 00:27:22.586400,1,0,2.0
1970-01-01 00:27:22.665600,1,0,2.0
1970-01-01 00:27:22.669200,1,0,2.0
1970-01-01 00:27:22.672800,1,0,2.0
1970-01-01 00:27:22.676400,1,0,2.0
1970-01-01 00:27:22.680000,1,0,2.0
1970-01-01 00:27:22.683600,1,0,2.0
1970-01-01 00:27:22.690800,0,1,2.0
1970-01-01 00:27:22.694400,0,1,2.0
1970-01-01 00:27:22.698000,0,1,2.0
1970-01-01 00:27:22.701600,0,1,2.0
1970-01-01 00:27:22.705200,0,1,2.0
1970-01-01 00:27:22.708800,0,1,2.0
1970-01-01 00:27:22.712400,0,1,2.0
1970-01-01 00:27:22.716000,0,1,2.0
1970-01-01 00:27:22.719600,0,1,2.0
1970-01-01 00:27:22.723200,0,1,2.0
1970-01-01 00:27:22.777200,0,1,2.0
1970-01-01 00:27:22.780800,0,1,2.0
1970-01-01 00:27:22.784400,0,1,2.0
1970-01-01 00:27:22.788000,0,1,2.0
1970-01-01 00:27:22.791600,0,1,2.0
1970-01-01 00:27:22.795200,0,1,2.0
1970-01-01 00:27:22.813200,0,1,2.0
1970-01-01 00:27:22.816800,0,1,2.0
1970-01-01 00:27:22.820400,0,1,2.0
1970-01-01 00:27:22.824000,0,1,2.0
1970-01-01 00:27:22.939200,0,1,2.0
1970-01-01 00:27:22.942800,0,1,2.0
1970-01-01 00:27:22.957200,1,0,2.0
1970-01-01 00:27:22.960800,1,0,2.0
1970-01-01 00:27:22.964400,1,0,2.0
1970-01-01 00:27:22.968000,1,0,2.0
1970-01-01 00:27:22.971600,1,0,2.0
1970-01-01 00:27:22.975200,1,0,2.0
1970-01-01 00:27:22.978800,0,1,2.0
1970-01-01 00:27:22.993200,0,1,2.0
1970-01-01 00:27:22.996800,0,1,2.0
1970-01-01 00:27:23.000400,0,1,2.0
1970-01-01 00:27:23.004000,0,1,2.0
1970-01-01 00:27:23.007600,0,1,2.0
1970-01-01 00:27:23.011200,0,1,2.0
1970-01-01 00:27:23.014800,0,1,2.0
1970-01-01 00:27:23.018400,1,0,2.0
1970-01-01 00:27:23.022000,1,0,2.0
1970-01-01 00:27:23.025600,1,0,2.0
1970-01-01 00:27:23.029200,1,0,2.0
1970-01-01 00:27:23.032800,1,0,2.0
1970-01-01 00:27:23.036400,1,0,2.0
1970-01-01 00:27:23.040000,1,0,2.0
1970-01-01 00:27:23.119200,1,0,2.0
1970-01-01 00:27:23.155200,1,0,2.0
1970-01-01 00:27:23.176800,1,0,2.0
1970-01-01 00:27:23.180400,1,0,2.0
1970-01-01 00:27:23.184000,1,0,2.0
1970-01-01 00:27:23.187600,1,0,2.0
1970-01-01 00:27:23.191200,1,0,2.0
1970-01-01 00:27:23.198400,1,0,2.0
1970-01-01 00:27:23.205600,0,1,2.0
1970-01-01 00:27:23.209200,0,1,2.0
1970-01-01 00:27:23.212800,0,1,2.0
1970-01-01 00:27:23.216400,0,1,2.0
1970-01-01 00:27:23.220000,0,1,2.0
1970-01-01 00:27:23.223600,0,1,2.0
1970-01-01 00:27:23.227200,0,1,2.0
1970-01-01 00:27:23.252400,1,0,2.0
1970-01-01 00:27:23.292000,0,1,2.0
1970-01-01 00:27:23.295600,0,1,2.0
1970-01-01 00:27:23.299200,0,1,2.0
1970-01-01 00:27:23.302800,0,1,2.0
1970-01-01 00:27:23.306400,0,1,2.0
1970-01-01 00:27:23.310000,0,1,2.0
1970-01-01 00:27:23.313600,1,0,2.0
1970-01-01 00:27:23.317200,1,0,2.0
1970-01-01 00:27:23.446800,0,0,2.0
1970-01-01 00:27:23.454000,1,0,2.0
1970-01-01 00:27:23.461200,0,1,2.0
1970-01-01 00:27:23.468400,1,0,2.0
1970-01-01 00:27:23.536800,0,1,2.0
1970-01-01 00:27:23.540400,0,1,2.0
1970-01-01 00:27:23.544000,0,1,2.0
1970-01-01 00:27:23.547600,0,1,2.0
1970-01-01 00:27:23.551200,0,1,2.0
1970-01-01 00:27:23.554800,0,1,2.0
1970-01-01 00:27:23.558400,0,1,2.0
1970-01-01 00:27:23.562000,0,1,2.0
1970-01-01 00:27:23.565600,0,1,2.0
1970-01-01 00:27:23.569200,0,1,2.0
1970-01-01 00:27:23.572800,0,1,2.0
1970-01-01 00:27:23.576400,0,1,2.0
1970-01-01 00:27:23.580000,0,1,2.0
1970-01-01 00:27:23.583600,0,1,2.0
1970-01-01 00:27:23.616000,1,0,2.0
1970-01-01 00:27:23.619600,1,0,2.0
1970-01-01 00:27:23.623200,1,0,2.0
1970-01-01 00:27:23.626800,1,0,2.0
1970-01-01 00:27:23.630400,1,0,2.0
1970-01-01 00:27:23.634000,1,0,2.0
1970-01-01 00:27:23.637600,1,0,2.0
1970-01-01 00:27:23.641200,1,0,2.0
1970-01-01 00:27:23.662800,1,0,2.0
1970-01-01 00:27:23.673600,1,0,2.0
1970-01-01 00:27:23.677200,1,0,2.0
1970-01-01 00:27:23.702400,0,1,2.0
1970-01-01 00:27:23.706000,1,0,2.0
1970-01-01 00:27:23.709600,1,0,2.0
1970-01-01 00:27:23.713200,1,0,2.0
1970-01-01 00:27:23.716800,1,0,2.0
1970-01-01 00:27:23.720400,1,0,2.0
1970-01-01 00:27:23.724000,1,0,2.0
1970-01-01 00:27:23.727600,1,0,2.0
1970-01-01 00:27:23.788800,0,1,2.0
1970-01-01 00:27:23.792400,0,1,2.0
1970-01-01 00:27:23.796000,0,1,2.0
1970-01-01 00:27:23.799600,0,1,2.0
1970-01-01 00:27:23.803200,0,1,2.0
1970-01-01 00:27:23.806800,0,1,2.0
1970-01-01 00:27:23.821200,0,1,2.0
1970-01-01 00:27:23.824800,0,1,2.0
1970-01-01 00:27:23.828400,0,1,2.0
1970-01-01 00:27:23.832000,0,1,2.0
1970-01-01 00:27:23.868000,0,1,2.0
1970-01-01 00:27:23.871600,0,1,2.0
1970-01-01 00:27:23.875200,0,1,2.0
1970-01-01 00:27:23.904000,1,0,2.0
1970-01-01 00:27:23.907600,1,0,2.0
1970-01-01 00:27:23.911200,1,0,2.0
1970-01-01 00:27:23.914800,1,0,2.0
1970-01-01 00:27:23.918400,1,0,2.0
1970-01-01 00:27:23.932800,1,0,2.0
1970-01-01 00:27:23.936400,1,0,2.0
1970-01-01 00:27:23.940000,1,0,2.0
1970-01-01 00:27:23.943600,1,0,2.0
1970-01-01 00:27:23.947200,1,0,2.0
1970-01-01 00:27:23.965200,0,0,2.0
1970-01-01 00:27:23.972400,1,0,2.0
1970-01-01 00:27:23.979600,1,0,2.0
1970-01-01 00:27:23.983200,1,0,2.0
1970-01-01 00:27:23.986800,1,0,2.0
1970-01-01 00:27:23.994000,1,0,2.0
1970-01-01 00:27:23.997600,1,0,2.0
1970-01-01 00:27:24.001200,1,0,2.0
1970-01-01 00:27:24.004800,1,0,2.0
1970-01-01 00:27:24.019200,1,0,2.0
1970-01-01 00:27:24.112800,1,0,2.0
1970-01-01 00:27:24.116400,1,0,2.0
1970-01-01 00:27:24.120000,1,0,2.0
1970-01-01 00:27:24.123600,1,0,2.0
1970-01-01 00:27:24.127200,1,0,2.0
1970-01-01 00:27:24.130800,1,0,2.0
1970-01-01 00:27:24.134400,0,1,2.0
1970-01-01 00:27:24.138000,0,1,2.0
1970-01-01 00:27:24.141600,0,1,2.0
1970-01-01 00:27:24.145200,0,1,2.0
1970-01-01 00:27:24.148800,0,1,2.0
1970-01-01 00:27:24.152400,0,1,2.0
1970-01-01 00:27:24.166800,1,0,2.0
1970-01-01 00:27:24.170400,1,0,2.0
1970-01-01 00:27:24.174000,1,0,2.0
1970-01-01 00:27:24.177600,1,0,2.0
1970-01-01 00:27:24.184800,1,0,2.0
1970-01-01 00:27:24.220800,1,0,2.0
1970-01-01 00:27:24.224400,1,0,2.0
1970-01-01 00:27:24.228000,1,0,2.0
1970-01-01 00:27:24.231600,1,0,2.0
1970-01-01 00:27:24.235200,1,0,2.0
1970-01-01 00:27:24.238800,1,0,2.0
1970-01-01 00:27:24.242400,1,0,2.0
1970-01-01 00:27:24.246000,1,0,2.0
1970-01-01 00:27:24.249600,1,0,2.0
1970-01-01 00:27:24.267600,1,0,2.0
1970-01-01 00:27:24.271200,1,0,2.0
1970-01-01 00:27:24.274800,1,0,2.0
1970-01-01 00:27:24.289200,0,1,2.0
1970-01-01 00:27:24.292800,0,1,2.0
1970-01-01 00:27:24.296400,0,1,2.0
1970-01-01 00:27:24.300000,0,1,2.0
1970-01-01 00:27:24.303600,0,1,2.0
1970-01-01 00:27:24.314400,0,1,2.0
1970-01-01 00:27:24.318000,0,1,2.0
1970-01-01 00:27:24.368400,1,0,2.0
1970-01-01 00:27:24.372000,1,0,2.0
1970-01-01 00:27:24.375600,1,0,2.0
1970-01-01 00:27:24.436800,0,1,2.0
1970-01-01 00:27:24.444000,0,1,2.0
1970-01-01 00:27:24.447600,0,1,2.0
1970-01-01 00:27:24.465600,1,0,2.0
1970-01-01 00:27:24.469200,1,0,2.0
1970-01-01 00:27:24.472800,1,0,2.0
1970-01-01 00:27:24.487200,0,1,2.0
1970-01-01 00:27:24.490800,0,1,2.0
1970-01-01 00:27:24.494400,0,1,2.0
1970-01-01 00:27:24.498000,1,0,2.0
1970-01-01 00:27:24.508800,0,1,2.0
1970-01-01 00:27:24.512400,0,1,2.0
1970-01-01 00:27:24.516000,0,1,2.0
1970-01-01 00:27:24.519600,0,1,2.0
1970-01-01 00:27:24.523200,0,1,2.0
1970-01-01 00:27:24.526800,0,1,2.0
1970-01-01 00:27:24.530400,0,1,2.0
1970-01-01 00:27:24.584400,0,1,2.0
1970-01-01 00:27:24.588000,0,1,2.0
1970-01-01 00:27:24.591600,0,1,2.0
1970-01-01 00:27:24.595200,0,1,2.0
1970-01-01 00:27:24.598800,0,1,2.0
1970-01-01 00:27:24.602400,0,1,2.0
1970-01-01 00:27:24.606000,0,1,2.0
1970-01-01 00:27:24.667200,1,0,2.0
1970-01-01 00:27:24.670800,1,0,2.0
1970-01-01 00:27:24.674400,1,0,2.0
1970-01-01 00:27:24.678000,1,0,2.0
1970-01-01 00:27:24.696000,0,1,2.0
1970-01-01 00:27:24.742800,1,0,2.0
1970-01-01 00:27:24.753600,0,1,2.0
1970-01-01 00:27:24.757200,0,1,2.0
1970-01-01 00:27:24.760800,0,1,2.0
1970-01-01 00:27:24.764400,0,1,2.0
1970-01-01 00:27:24.768000,0,1,2.0
1970-01-01 00:27:24.775200,1,0,2.0
1970-01-01 00:27:24.778800,0,0,2.0
1970-01-01 00:27:24.782400,0,1,2.0
1970-01-01 00:27:24.786000,0,1,2.0
1970-01-01 00:27:24.789600,0,1,2.0
1970-01-01 00:27:24.793200,0,1,2.0
1970-01-01 00:27:24.796800,0,1,2.0
1970-01-01 00:27:24.825600,1,0,2.0
1970-01-01 00:27:24.829200,1,0,2.0
1970-01-01 00:27:24.832800,1,0,2.0
1970-01-01 00:27:24.836400,1,0,2.0
1970-01-01 00:27:24.843600,0,1,2.0
1970-01-01 00:27:24.847200,0,1,2.0
1970-01-01 00:27:24.850800,0,1,2.0
1970-01-01 00:27:24.854400,0,1,2.0
1970-01-01 00:27:24.858000,0,1,2.0
1970-01-01 00:27:24.865200,1,0,2.0
1970-01-01 00:27:24.868800,1,0,2.0
1970-01-01 00:27:24.872400,1,0,2.0
1970-01-01 00:27:24.876000,1,0,2.0
1970-01-01 00:27:24.879600,1,0,2.0
1970-01-01 00:27:24.883200,1,0,2.0
1970-01-01 00:27:24.894000,1,0,2.0
1970-01-01 00:27:24.897600,1,0,2.0
1970-01-01 00:27:24.901200,1,0,2.0
1970-01-01 00:27:24.904800,1,0,2.0
1970-01-01 00:27:24.908400,1,0,2.0
1970-01-01 00:27:24.937200,0,1,2.0
1970-01-01 00:27:24.944400,1,0,2.0
1970-01-01 00:27:24.951600,1,0,2.0
1970-01-01 00:27:24.958800,1,0,2.0
1970-01-01 00:27:24.966000,0,1,2.0
1970-01-01 00:27:24.994800,0,1,2.0
1970-01-01 00:27:24.998400,0,1,2.0
1970-01-01 00:27:25.002000,0,1,2.0
1970-01-01 00:27:25.005600,0,1,2.0
1970-01-01 00:27:25.009200,0,1,2.0
1970-01-01 00:27:25.012800,0,1,2.0
1970-01-01 00:27:25.020000,1,0,2.0
1970-01-01 00:27:25.027200,1,0,2.0
1970-01-01 00:27:25.030800,1,0,2.0
1970-01-01 00:27:25.034400,1,0,2.0
1970-01-01 00:27:25.045200,0,1,2.0
1970-01-01 00:27:25.048800,0,1,2.0
1970-01-01 00:27:25.077600,0,1,2.0
1970-01-01 00:27:25.081200,0,1,2.0
1970-01-01 00:27:25.084800,0,1,2.0
1970-01-01 00:27:25.088400,0,1,2.0
1970-01-01 00:27:25.095600,0,1,2.0
1970-01-01 00:27:25.099200,0,1,2.0
1970-01-01 00:27:25.102800,0,1,2.0
1970-01-01 00:27:25.106400,0,1,2.0
1970-01-01 00:27:25.110000,0,1,2.0
1970-01-01 00:27:25.113600,0,1,2.0
1970-01-01 00:27:25.117200,0,1,2.0
1970-01-01 00:27:25.153200,1,0,2.0
1970-01-01 00:27:25.156800,1,0,2.0
1970-01-01 00:27:25.164000,1,0,2.0
1970-01-01 00:27:25.167600,1,0,2.0
1970-01-01 00:27:25.174800,0,1,2.0
1970-01-01 00:27:25.185600,0,1,2.0
1970-01-01 00:27:25.189200,0,1,2.0
1970-01-01 00:27:25.192800,0,1,2.0
1970-01-01 00:27:25.246800,0,1,2.0
1970-01-01 00:27:25.250400,0,1,2.0
1970-01-01 00:27:25.254000,0,1,2.0
1970-01-01 00:27:25.257600,0,1,2.0
1970-01-01 00:27:25.261200,0,1,2.0
1970-01-01 00:27:25.264800,0,1,2.0
1970-01-01 00:27:25.268400,1,0,2.0
1970-01-01 00:27:25.272000,1,0,2.0
1970-01-01 00:27:25.308000,0,1,2.0
1970-01-01 00:27:25.311600,0,1,2.0
1970-01-01 00:27:25.315200,0,1,2.0
1970-01-01 00:27:25.318800,0,1,2.0
1970-01-01 00:27:25.322400,0,1,2.0
1970-01-01 00:27:25.326000,0,1,2.0
1970-01-01 00:27:25.329600,0,1,2.0
1970-01-01 00:27:25.333200,0,1,2.0
1970-01-01 00:27:25.372800,1,0,2.0
1970-01-01 00:27:25.383600,1,0,2.0
1970-01-01 00:27:25.387200,1,0,2.0
1970-01-01 00:27:25.390800,1,0,2.0
1970-01-01 00:27:25.394400,1,0,2.0
1970-01-01 00:27:25.398000,1,0,2.0
1970-01-01 00:27:25.416000,0,1,2.0
1970-01-01 00:27:25.419600,0,1,2.0
1970-01-01 00:27:25.423200,0,1,2.0
1970-01-01 00:27:25.426800,0,1,2.0
1970-01-01 00:27:25.430400,0,1,2.0
1970-01-01 00:27:25.434000,0,1,2.0
1970-01-01 00:27:25.437600,0,1,2.0
1970-01-01 00:27:25.441200,1,0,2.0
1970-01-01 00:27:25.444800,1,0,2.0
1970-01-01 00:27:25.448400,1,0,2.0
1970-01-01 00:27:25.455600,0,1,2.0
1970-01-01 00:27:25.459200,0,1,2.0
1970-01-01 00:27:25.462800,0,1,2.0
1970-01-01 00:27:25.466400,0,1,2.0
1970-01-01 00:27:25.470000,0,1,2.0
1970-01-01 00:27:25.473600,0,1,2.0
1970-01-01 00:27:25.477200,0,1,2.0
1970-01-01 00:27:25.480800,0,1,2.0
1970-01-01 00:27:25.516800,1,0,2.0
1970-01-01 00:27:25.520400,1,0,2.0
1970-01-01 00:27:25.581600,1,0,2.0
1970-01-01 00:27:25.585200,1,0,2.0
1970-01-01 00:27:25.588800,1,0,2.0
1970-01-01 00:27:25.592400,1,0,2.0
1970-01-01 00:27:25.596000,1,0,2.0
1970-01-01 00:27:25.599600,1,0,2.0
1970-01-01 00:27:25.617600,0,1,2.0
1970-01-01 00:27:25.621200,0,1,2.0
1970-01-01 00:27:25.628400,0,1,2.0
1970-01-01 00:27:25.632000,0,1,2.0
1970-01-01 00:27:25.635600,0,1,2.0
1970-01-01 00:27:25.639200,0,1,2.0
1970-01-01 00:27:25.642800,0,1,2.0
1970-01-01 00:27:25.646400,0,1,2.0
1970-01-01 00:27:25.650000,0,1,2.0
1970-01-01 00:27:25.653600,0,1,2.0
1970-01-01 00:27:25.657200,0,1,2.0
1970-01-01 00:27:25.660800,0,1,2.0
1970-01-01 00:27:25.664400,0,1,2.0
1970-01-01 00:27:25.668000,0,1,2.0
1970-01-01 00:27:25.671600,0,1,2.0
1970-01-01 00:27:25.675200,0,1,2.0
1970-01-01 00:27:25.704000,1,0,2.0
1970-01-01 00:27:25.707600,1,0,2.0
1970-01-01 00:27:25.711200,1,0,2.0
1970-01-01 00:27:25.714800,1,0,2.0
1970-01-01 00:27:25.718400,1,0,2.0
1970-01-01 00:27:25.722000,1,0,2.0
1970-01-01 00:27:25.725600,1,0,2.0
1970-01-01 00:27:25.776000,1,0,2.0
1970-01-01 00:27:25.783200,1,0,2.0
1970-01-01 00:27:25.797600,1,0,2.0
1970-01-01 00:27:25.804800,1,0,2.0
1970-01-01 00:27:25.808400,1,0,2.0
1970-01-01 00:27:25.812000,1,0,2.0
1970-01-01 00:27:25.815600,1,0,2.0
1970-01-01 00:27:25.819200,1,0,2.0
1970-01-01 00:27:25.822800,1,0,2.0
1970-01-01 00:27:25.830000,1,0,2.0
1970-01-01 00:27:25.884000,0,1,2.0
1970-01-01 00:27:25.902000,0,1,2.0
1970-01-01 00:27:25.905600,0,1,2.0
1970-01-01 00:27:25.909200,0,1,2.0
1970-01-01 00:27:25.912800,0,1,2.0
1970-01-01 00:27:25.916400,0,1,2.0
1970-01-01 00:27:25.934400,1,0,2.0
1970-01-01 00:27:25.938000,1,0,2.0
1970-01-01 00:27:25.941600,1,0,2.0
1970-01-01 00:27:25.945200,1,0,2.0
1970-01-01 00:27:25.948800,1,0,2.0
1970-01-01 00:27:25.952400,1,0,2.0
1970-01-01 00:27:25.963200,0,1,2.0
1970-01-01 00:27:25.966800,0,1,2.0
1970-01-01 00:27:25.974000,0,1,2.0
1970-01-01 00:27:25.977600,0,1,2.0
1970-01-01 00:27:25.981200,0,1,2.0
1970-01-01 00:27:25.984800,0,1,2.0
1970-01-01 00:27:26.038800,1,0,2.0
1970-01-01 00:27:26.042400,1,0,2.0
1970-01-01 00:27:26.046000,1,0,2.0
1970-01-01 00:27:26.049600,1,0,2.0
1970-01-01 00:27:26.053200,1,0,2.0
1970-01-01 00:27:26.056800,1,0,2.0
1970-01-01 00:27:26.064000,1,0,2.0
1970-01-01 00:27:26.067600,1,0,2.0
1970-01-01 00:27:26.071200,1,0,2.0
1970-01-01 00:27:26.074800,1,0,2.0
1970-01-01 00:27:26.078400,1,0,2.0
1970-01-01 00:27:26.082000,1,0,2.0
1970-01-01 00:27:26.125200,1,0,2.0
1970-01-01 00:27:26.128800,1,0,2.0
1970-01-01 00:27:26.132400,1,0,2.0
1970-01-01 00:27:26.139600,0,1,2.0
1970-01-01 00:27:26.215200,0,1,2.0
1970-01-01 00:27:26.218800,0,1,2.0
1970-01-01 00:27:26.341200,0,1,2.0
1970-01-01 00:27:26.344800,0,1,2.0
1970-01-01 00:27:26.348400,0,1,2.0
1970-01-01 00:27:26.388000,0,1,2.0
1970-01-01 00:27:26.391600,0,1,2.0
1970-01-01 00:27:26.395200,0,1,2.0
1970-01-01 00:27:26.398800,0,1,2.0
1970-01-01 00:27:26.402400,0,1,2.0
1970-01-01 00:27:26.406000,0,1,2.0
1970-01-01 00:27:26.409600,0,1,2.0
1970-01-01 00:27:26.413200,0,1,2.0
1970-01-01 00:27:26.416800,0,1,2.0
1970-01-01 00:27:26.420400,0,1,2.0
1970-01-01 00:27:26.424000,0,1,2.0
1970-01-01 00:27:26.481600,1,0,2.0
1970-01-01 00:27:26.485200,1,0,2.0
1970-01-01 00:27:26.488800,1,0,2.0
1970-01-01 00:27:26.492400,1,0,2.0
1970-01-01 00:27:26.517600,0,1,2.0
1970-01-01 00:27:26.524800,0,1,2.0
1970-01-01 00:27:26.528400,0,1,2.0
1970-01-01 00:27:26.532000,0,1,2.0
1970-01-01 00:27:26.535600,0,1,2.0
1970-01-01 00:27:26.539200,0,1,2.0
1970-01-01 00:27:26.542800,0,1,2.0
1970-01-01 00:27:26.546400,0,1,2.0
1970-01-01 00:27:26.550000,0,1,2.0
1970-01-01 00:27:26.553600,0,1,2.0
1970-01-01 00:27:26.560800,1,0,2.0
1970-01-01 00:27:26.586000,0,1,2.0
1970-01-01 00:27:26.589600,0,1,2.0
1970-01-01 00:27:26.593200,0,1,2.0
1970-01-01 00:27:26.596800,0,1,2.0
1970-01-01 00:27:26.600400,0,1,2.0
1970-01-01 00:27:26.604000,0,1,2.0
1970-01-01 00:27:26.607600,0,1,2.0
1970-01-01 00:27:26.636400,1,0,2.0
1970-01-01 00:27:26.640000,1,0,2.0
1970-01-01 00:27:26.643600,1,0,2.0
1970-01-01 00:27:26.647200,1,0,2.0
1970-01-01 00:27:26.650800,1,0,2.0
1970-01-01 00:27:26.658000,0,1,2.0
1970-01-01 00:27:26.661600,0,1,2.0
1970-01-01 00:27:26.665200,0,1,2.0
1970-01-01 00:27:26.668800,0,1,2.0
1970-01-01 00:27:26.672400,0,1,2.0
1970-01-01 00:27:26.676000,0,1,2.0
1970-01-01 00:27:26.679600,1,0,2.0
1970-01-01 00:27:26.683200,1,0,2.0
1970-01-01 00:27:26.740800,0,1,2.0
1970-01-01 00:27:26.744400,0,1,2.0
1970-01-01 00:27:26.766000,1,0,2.0
1970-01-01 00:27:26.769600,1,0,2.0
1970-01-01 00:27:26.773200,1,0,2.0
1970-01-01 00:27:26.776800,1,0,2.0
1970-01-01 00:27:26.780400,1,0,2.0
1970-01-01 00:27:26.784000,1,0,2.0
1970-01-01 00:27:26.787600,1,0,2.0
1970-01-01 00:27:26.791200,1,0,2.0
1970-01-01 00:27:26.834400,0,1,2.0
1970-01-01 00:27:26.838000,0,1,2.0
1970-01-01 00:27:26.841600,0,1,2.0
1970-01-01 00:27:26.845200,0,1,2.0
1970-01-01 00:27:26.852400,0,1,2.0
1970-01-01 00:27:26.859600,0,1,2.0
1970-01-01 00:27:26.863200,0,1,2.0
1970-01-01 00:27:26.866800,0,1,2.0
1970-01-01 00:27:26.870400,0,1,2.0
1970-01-01 00:27:26.874000,0,1,2.0
1970-01-01 00:27:26.877600,0,1,2.0
1970-01-01 00:27:26.881200,0,1,2.0
1970-01-01 00:27:26.942400,0,1,2.0
1970-01-01 00:27:26.949600,0,1,2.0
1970-01-01 00:27:26.964000,1,0,2.0
1970-01-01 00:27:26.967600,1,0,2.0
1970-01-01 00:27:26.971200,1,0,2.0
1970-01-01 00:27:26.974800,1,0,2.0
1970-01-01 00:27:26.978400,1,0,2.0
1970-01-01 00:27:26.982000,1,0,2.0
1970-01-01 00:27:26.985600,1,0,2.0
1970-01-01 00:27:26.989200,1,0,2.0
1970-01-01 00:27:26.992800,1,0,2.0
1970-01-01 00:27:26.996400,0,1,2.0
1970-01-01 00:27:27.000000,0,1,2.0
1970-01-01 00:27:27.003600,0,1,2.0
1970-01-01 00:27:27.021600,1,0,2.0
1970-01-01 00:27:27.025200,1,0,2.0
1970-01-01 00:27:27.028800,1,0,2.0
1970-01-01 00:27:27.032400,1,0,2.0
1970-01-01 00:27:27.036000,1,0,2.0
1970-01-01 00:27:27.039600,1,0,2.0
1970-01-01 00:27:27.126000,1,0,2.0
1970-01-01 00:27:27.151200,0,1,2.0
1970-01-01 00:27:27.154800,0,1,2.0
1970-01-01 00:27:27.158400,0,1,2.0
1970-01-01 00:27:27.162000,0,1,2.0
1970-01-01 00:27:27.165600,0,1,2.0
1970-01-01 00:27:27.169200,0,1,2.0
1970-01-01 00:27:27.172800,1,0,2.0
1970-01-01 00:27:27.176400,1,0,2.0
1970-01-01 00:27:27.180000,1,0,2.0
1970-01-01 00:27:27.187200,0,1,2.0
1970-01-01 00:27:27.190800,0,1,2.0
1970-01-01 00:27:27.194400,0,1,2.0
1970-01-01 00:27:27.198000,0,1,2.0
1970-01-01 00:27:27.201600,0,1,2.0
1970-01-01 00:27:27.205200,0,1,2.0
1970-01-01 00:27:27.216000,1,0,2.0
1970-01-01 00:27:27.219600,1,0,2.0
1970-01-01 00:27:27.223200,1,0,2.0
1970-01-01 00:27:27.226800,1,0,2.0
1970-01-01 00:27:27.234000,1,0,2.0
1970-01-01 00:27:27.237600,1,0,2.0
1970-01-01 00:27:27.255600,0,1,2.0
1970-01-01 00:27:27.259200,0,1,2.0
1970-01-01 00:27:27.262800,0,1,2.0
1970-01-01 00:27:27.266400,0,1,2.0
1970-01-01 00:27:27.270000,0,1,2.0
1970-01-01 00:27:27.273600,0,1,2.0
1970-01-01 00:27:27.277200,1,0,2.0
1970-01-01 00:27:27.280800,1,0,2.0
1970-01-01 00:27:27.284400,1,0,2.0
1970-01-01 00:27:27.288000,1,0,2.0
1970-01-01 00:27:27.291600,1,0,2.0
1970-01-01 00:27:27.309600,0,1,2.0
1970-01-01 00:27:27.313200,0,1,2.0
1970-01-01 00:27:27.316800,0,1,2.0
1970-01-01 00:27:27.324000,0,1,2.0
1970-01-01 00:27:27.338400,1,0,2.0
1970-01-01 00:27:27.342000,1,0,2.0
1970-01-01 00:27:27.345600,1,0,2.0
1970-01-01 00:27:27.349200,1,0,2.0
1970-01-01 00:27:27.352800,1,0,2.0
1970-01-01 00:27:27.356400,1,0,2.0
1970-01-01 00:27:27.374400,1,0,2.0
1970-01-01 00:27:27.378000,1,0,2.0
1970-01-01 00:27:27.381600,1,0,2.0
1970-01-01 00:27:27.385200,1,0,2.0
1970-01-01 00:27:27.388800,1,0,2.0
1970-01-01 00:27:27.396000,0,1,2.0
1970-01-01 00:27:27.450000,1,0,2.0
1970-01-01 00:27:27.453600,1,0,2.0
1970-01-01 00:27:27.514800,1,0,2.0
1970-01-01 00:27:27.540000,0,1,2.0
1970-01-01 00:27:27.543600,0,1,2.0
1970-01-01 00:27:27.547200,0,1,2.0
1970-01-01 00:27:27.550800,0,1,2.0
1970-01-01 00:27:27.554400,0,1,2.0
1970-01-01 00:27:27.558000,0,1,2.0
1970-01-01 00:27:27.594000,1,0,2.0
1970-01-01 00:27:27.597600,1,0,2.0
1970-01-01 00:27:27.601200,1,0,2.0
1970-01-01 00:27:27.604800,1,0,2.0
1970-01-01 00:27:27.608400,1,0,2.0
1970-01-01 00:27:27.612000,1,0,2.0
1970-01-01 00:27:27.615600,1,0,2.0
1970-01-01 00:27:27.684000,1,0,2.0
1970-01-01 00:27:27.687600,1,0,2.0
1970-01-01 00:27:27.694800,1,0,2.0
1970-01-01 00:27:27.709200,1,0,2.0
1970-01-01 00:27:27.712800,1,0,2.0
1970-01-01 00:27:27.716400,1,0,2.0
1970-01-01 00:27:27.720000,1,0,2.0
1970-01-01 00:27:27.723600,1,0,2.0
1970-01-01 00:27:27.727200,1,0,2.0
1970-01-01 00:27:27.756000,0,1,2.0
1970-01-01 00:27:27.759600,0,1,2.0
1970-01-01 00:27:27.781200,1,0,2.0
1970-01-01 00:27:27.784800,1,0,2.0
1970-01-01 00:27:27.788400,1,0,2.0
1970-01-01 00:27:27.792000,1,0,2.0
1970-01-01 00:27:27.795600,1,0,2.0
1970-01-01 00:27:27.799200,1,0,2.0
1970-01-01 00:27:27.871200,1,0,2.0
1970-01-01 00:27:27.878400,1,0,2.0
1970-01-01 00:27:27.892800,1,0,2.0
1970-01-01 00:27:27.896400,1,0,2.0
1970-01-01 00:27:27.900000,1,0,2.0
1970-01-01 00:27:27.903600,1,0,2.0
1970-01-01 00:27:27.907200,1,0,2.0
1970-01-01 00:27:27.910800,1,0,2.0
1970-01-01 00:27:27.928800,1,0,2.0
1970-01-01 00:27:27.932400,1,0,2.0
1970-01-01 00:27:27.986400,0,1,2.0
1970-01-01 00:27:27.990000,0,1,2.0
1970-01-01 00:27:27.993600,0,1,2.0
1970-01-01 00:27:28.026000,1,0,2.0
1970-01-01 00:27:28.029600,1,0,2.0
1970-01-01 00:27:28.033200,1,0,2.0
1970-01-01 00:27:28.044000,0,1,2.0
1970-01-01 00:27:28.047600,0,1,2.0
1970-01-01 00:27:28.051200,0,1,2.0
1970-01-01 00:27:28.058400,1,0,2.0
1970-01-01 00:27:28.080000,0,1,2.0
1970-01-01 00:27:28.112400,1,0,2.0
1970-01-01 00:27:28.116000,1,0,2.0
1970-01-01 00:27:28.119600,1,0,2.0
1970-01-01 00:27:28.123200,1,0,2.0
1970-01-01 00:27:28.126800,1,0,2.0
1970-01-01 00:27:28.130400,1,0,2.0
1970-01-01 00:27:28.134000,1,0,2.0
1970-01-01 00:27:28.141200,1,0,2.0
1970-01-01 00:27:28.144800,1,0,2.0
1970-01-01 00:27:28.202400,0,1,2.0
1970-01-01 00:27:28.206000,0,1,2.0
1970-01-01 00:27:28.209600,0,1,2.0
1970-01-01 00:27:28.213200,0,1,2.0
1970-01-01 00:27:28.216800,0,1,2.0
1970-01-01 00:27:28.278000,0,1,2.0
1970-01-01 00:27:28.285200,0,1,2.0
1970-01-01 00:27:28.288800,0,1,2.0
1970-01-01 00:27:28.292400,0,1,2.0
1970-01-01 00:27:28.303200,1,0,2.0
1970-01-01 00:27:28.306800,1,0,2.0
1970-01-01 00:27:28.310400,1,0,2.0
1970-01-01 00:27:28.314000,1,0,2.0
1970-01-01 00:27:28.317600,1,0,2.0
1970-01-01 00:27:28.332000,1,0,2.0
1970-01-01 00:27:28.335600,1,0,2.0
1970-01-01 00:27:28.360800,0,1,2.0
1970-01-01 00:27:28.364400,0,1,2.0
1970-01-01 00:27:28.368000,0,1,2.0
1970-01-01 00:27:28.371600,0,1,2.0
1970-01-01 00:27:28.375200,0,1,2.0
1970-01-01 00:27:28.382400,1,0,2.0
1970-01-01 00:27:28.389600,1,0,2.0
1970-01-01 00:27:28.400400,1,0,2.0
1970-01-01 00:27:28.404000,1,0,2.0
1970-01-01 00:27:28.407600,1,0,2.0
1970-01-01 00:27:28.411200,1,0,2.0
1970-01-01 00:27:28.422000,1,0,2.0
1970-01-01 00:27:28.425600,1,0,2.0
1970-01-01 00:27:28.432800,1,0,2.0
1970-01-01 00:27:28.486800,0,1,2.0
1970-01-01 00:27:28.490400,0,1,2.0
1970-01-01 00:27:28.494000,0,1,2.0
1970-01-01 00:27:28.497600,0,1,2.0
1970-01-01 00:27:28.501200,0,1,2.0
1970-01-01 00:27:28.508400,1,0,2.0
1970-01-01 00:27:28.551600,0,1,2.0
1970-01-01 00:27:28.555200,0,1,2.0
1970-01-01 00:27:28.580400,0,1,2.0
1970-01-01 00:27:28.594800,0,1,2.0
1970-01-01 00:27:28.602000,1,0,2.0
1970-01-01 00:27:28.605600,1,0,2.0
1970-01-01 00:27:28.609200,1,0,2.0
1970-01-01 00:27:28.612800,1,0,2.0
1970-01-01 00:27:28.620000,1,0,2.0
1970-01-01 00:27:28.623600,1,0,2.0
1970-01-01 00:27:28.638000,1,0,2.0
1970-01-01 00:27:28.688400,0,1,2.0
1970-01-01 00:27:28.710000,0,1,2.0
1970-01-01 00:27:28.713600,0,1,2.0
1970-01-01 00:27:28.717200,0,1,2.0
1970-01-01 00:27:28.720800,0,1,2.0
1970-01-01 00:27:28.724400,0,1,2.0
1970-01-01 00:27:28.728000,0,1,2.0
1970-01-01 00:27:28.731600,0,1,2.0
1970-01-01 00:27:28.756800,0,1,2.0
1970-01-01 00:27:28.760400,0,1,2.0
1970-01-01 00:27:28.764000,0,1,2.0
1970-01-01 00:27:28.767600,0,1,2.0
1970-01-01 00:27:28.771200,0,1,2.0
1970-01-01 00:27:28.800000,1,0,2.0
1970-01-01 00:27:28.803600,1,0,2.0
1970-01-01 00:27:28.807200,1,0,2.0
1970-01-01 00:27:28.810800,1,0,2.0
1970-01-01 00:27:28.818000,1,0,2.0
1970-01-01 00:27:28.828800,1,0,2.0
1970-01-01 00:27:28.836000,1,0,2.0
1970-01-01 00:27:28.893600,0,1,2.0
1970-01-01 00:27:28.900800,0,1,2.0
1970-01-01 00:27:28.904400,0,1,2.0
1970-01-01 00:27:28.908000,0,1,2.0
1970-01-01 00:27:28.915200,0,1,2.0
1970-01-01 00:27:28.918800,0,1,2.0
1970-01-01 00:27:29.001600,1,0,2.0
1970-01-01 00:27:29.005200,1,0,2.0
1970-01-01 00:27:29.008800,1,0,2.0
1970-01-01 00:27:29.012400,1,0,2.0
1970-01-01 00:27:29.016000,1,0,2.0
1970-01-01 00:27:29.019600,0,1,2.0
1970-01-01 00:27:29.023200,0,1,2.0
1970-01-01 00:27:29.026800,0,1,2.0
1970-01-01 00:27:29.052000,0,1,2.0
1970-01-01 00:27:29.055600,0,1,2.0
1970-01-01 00:27:29.062800,0,1,2.0
1970-01-01 00:27:29.070000,0,1,2.0
1970-01-01 00:27:29.073600,0,1,2.0
1970-01-01 00:27:29.077200,0,1,2.0
1970-01-01 00:27:29.080800,0,1,2.0
1970-01-01 00:27:29.091600,1,0,2.0
1970-01-01 00:27:29.095200,1,0,2.0
1970-01-01 00:27:29.098800,1,0,2.0
1970-01-01 00:27:29.142000,0,1,2.0
1970-01-01 00:27:29.145600,0,1,2.0
1970-01-01 00:27:29.149200,0,1,2.0
1970-01-01 00:27:29.152800,0,1,2.0
1970-01-01 00:27:29.156400,0,1,2.0
1970-01-01 00:27:29.160000,0,1,2.0
1970-01-01 00:27:29.178000,0,1,2.0
1970-01-01 00:27:29.181600,0,1,2.0
1970-01-01 00:27:29.185200,0,1,2.0
1970-01-01 00:27:29.188800,0,1,2.0
1970-01-01 00:27:29.192400,0,1,2.0
1970-01-01 00:27:29.196000,0,1,2.0
1970-01-01 00:27:29.199600,0,1,2.0
1970-01-01 00:27:29.224800,0,1,2.0
1970-01-01 00:27:29.228400,0,1,2.0
1970-01-01 00:27:29.232000,0,1,2.0
1970-01-01 00:27:29.235600,0,1,2.0
1970-01-01 00:27:29.239200,0,1,2.0
1970-01-01 00:27:29.242800,0,1,2.0
1970-01-01 00:27:29.246400,0,1,2.0
1970-01-01 00:27:29.264400,0,1,2.0
1970-01-01 00:27:29.268000,0,1,2.0
1970-01-01 00:27:29.271600,0,1,2.0
1970-01-01 00:27:29.275200,0,1,2.0
1970-01-01 00:27:29.278800,0,1,2.0
1970-01-01 00:27:29.394000,0,1,2.0
1970-01-01 00:27:29.397600,0,1,2.0
1970-01-01 00:27:29.401200,0,1,2.0
1970-01-01 00:27:29.404800,0,1,2.0
1970-01-01 00:27:29.408400,0,1,2.0
1970-01-01 00:27:29.415600,1,0,2.0
1970-01-01 00:27:29.419200,1,0,2.0
1970-01-01 00:27:29.422800,1,0,2.0
1970-01-01 00:27:29.433600,0,1,2.0
1970-01-01 00:27:29.437200,0,1,2.0
1970-01-01 00:27:29.444400,0,1,2.0
1970-01-01 00:27:29.448000,0,1,2.0
1970-01-01 00:27:29.570400,0,1,2.0
1970-01-01 00:27:29.581200,1,0,2.0
1970-01-01 00:27:29.584800,1,0,2.0
1970-01-01 00:27:29.588400,0,0,2.0
1970-01-01 00:27:29.592000,1,0,2.0
1970-01-01 00:27:29.595600,1,0,2.0
1970-01-01 00:27:29.599200,1,0,2.0
1970-01-01 00:27:29.602800,1,0,2.0
1970-01-01 00:27:29.610000,0,1,2.0
1970-01-01 00:27:29.613600,0,1,2.0
1970-01-01 00:27:29.617200,0,1,2.0
1970-01-01 00:27:29.620800,0,1,2.0
1970-01-01 00:27:29.624400,0,1,2.0
1970-01-01 00:27:29.628000,0,1,2.0
1970-01-01 00:27:29.631600,0,1,2.0
1970-01-01 00:27:29.635200,0,1,2.0
1970-01-01 00:27:29.638800,0,1,2.0
1970-01-01 00:27:29.646000,0,1,2.0
1970-01-01 00:27:29.649600,0,1,2.0
1970-01-01 00:27:29.653200,0,1,2.0
1970-01-01 00:27:29.656800,0,1,2.0
1970-01-01 00:27:29.660400,0,1,2.0
1970-01-01 00:27:29.664000,0,1,2.0
1970-01-01 00:27:29.700000,0,1,2.0
1970-01-01 00:27:29.764800,0,1,2.0
1970-01-01 00:27:29.768400,0,1,2.0
1970-01-01 00:27:29.775600,0,1,2.0
1970-01-01 00:27:29.779200,0,1,2.0
1970-01-01 00:27:29.786400,1,0,2.0
1970-01-01 00:27:29.790000,1,0,2.0
1970-01-01 00:27:29.818800,1,0,2.0
1970-01-01 00:27:29.822400,1,0,2.0
1970-01-01 00:27:29.826000,1,0,2.0
1970-01-01 00:27:29.829600,1,0,2.0
1970-01-01 00:27:29.833200,1,0,2.0
1970-01-01 00:27:29.836800,1,0,2.0
1970-01-01 00:27:29.840400,1,0,2.0
1970-01-01 00:27:29.844000,1,0,2.0
1970-01-01 00:27:29.847600,1,0,2.0
1970-01-01 00:27:29.851200,1,0,2.0
1970-01-01 00:27:29.905200,0,1,2.0
1970-01-01 00:27:29.908800,0,1,2.0
1970-01-01 00:27:29.912400,0,1,2.0
1970-01-01 00:27:29.916000,0,1,2.0
1970-01-01 00:27:29.919600,0,1,2.0
1970-01-01 00:27:29.923200,0,1,2.0
1970-01-01 00:27:29.926800,0,1,2.0
1970-01-01 00:27:29.930400,0,1,2.0
1970-01-01 00:27:29.934000,0,1,2.0
1970-01-01 00:27:29.937600,0,1,2.0
1970-01-01 00:27:29.966400,1,0,2.0
1970-01-01 00:27:29.970000,1,0,2.0
1970-01-01 00:27:29.973600,1,0,2.0
1970-01-01 00:27:29.977200,1,0,2.0
1970-01-01 00:27:29.980800,1,0,2.0
1970-01-01 00:27:29.984400,1,0,2.0
1970-01-01 00:27:30.013200,1,0,2.0
1970-01-01 00:27:30.016800,1,0,2.0
1970-01-01 00:27:30.020400,1,0,2.0
1970-01-01 00:27:30.024000,1,0,2.0
1970-01-01 00:27:30.027600,1,0,2.0
1970-01-01 00:27:30.092400,1,0,2.0
1970-01-01 00:27:30.096000,1,0,2.0
1970-01-01 00:27:30.099600,1,0,2.0
1970-01-01 00:27:30.103200,1,0,2.0
1970-01-01 00:27:30.110400,0,1,2.0
1970-01-01 00:27:30.117600,0,1,2.0
1970-01-01 00:27:30.128400,1,0,2.0
1970-01-01 00:27:30.132000,1,0,2.0
1970-01-01 00:27:30.135600,1,0,2.0
1970-01-01 00:27:30.139200,1,0,2.0
1970-01-01 00:27:30.142800,1,0,2.0
1970-01-01 00:27:30.146400,1,0,2.0
1970-01-01 00:27:30.193200,0,1,2.0
1970-01-01 00:27:30.196800,0,1,2.0
1970-01-01 00:27:30.200400,0,1,2.0
1970-01-01 00:27:30.204000,0,1,2.0
1970-01-01 00:27:30.207600,0,1,2.0
1970-01-01 00:27:30.211200,0,1,2.0
1970-01-01 00:27:30.214800,0,1,2.0
1970-01-01 00:27:30.218400,0,1,2.0
1970-01-01 00:27:30.222000,0,1,2.0
1970-01-01 00:27:30.225600,0,1,2.0
1970-01-01 00:27:30.229200,0,1,2.0
1970-01-01 00:27:30.232800,0,1,2.0
1970-01-01 00:27:30.236400,0,1,2.0
1970-01-01 00:27:30.240000,0,1,2.0
1970-01-01 00:27:30.243600,0,1,2.0
1970-01-01 00:27:30.247200,0,1,2.0
1970-01-01 00:27:30.250800,0,1,2.0
1970-01-01 00:27:30.279600,1,0,2.0
1970-01-01 00:27:30.283200,1,0,2.0
1970-01-01 00:27:30.286800,1,0,2.0
1970-01-01 00:27:30.290400,1,0,2.0
1970-01-01 00:27:30.294000,1,0,2.0
1970-01-01 00:27:30.297600,1,0,2.0
1970-01-01 00:27:30.351600,1,0,2.0
1970-01-01 00:27:30.355200,1,0,2.0
1970-01-01 00:27:30.358800,1,0,2.0
1970-01-01 00:27:30.362400,1,0,2.0
1970-01-01 00:27:30.366000,1,0,2.0
1970-01-01 00:27:30.369600,1,0,2.0
1970-01-01 00:27:30.448800,0,1,2.0
1970-01-01 00:27:30.452400,0,1,2.0
1970-01-01 00:27:30.456000,0,1,2.0
1970-01-01 00:27:30.502800,0,1,2.0
1970-01-01 00:27:30.510000,0,1,2.0
1970-01-01 00:27:30.520800,1,0,2.0
1970-01-01 00:27:30.524400,1,0,2.0
1970-01-01 00:27:30.528000,1,0,2.0
1970-01-01 00:27:30.531600,1,0,2.0
1970-01-01 00:27:30.535200,1,0,2.0
1970-01-01 00:27:30.538800,1,0,2.0
1970-01-01 00:27:30.542400,0,1,2.0
1970-01-01 00:27:30.546000,0,1,2.0
1970-01-01 00:27:30.549600,0,1,2.0
1970-01-01 00:27:30.553200,0,1,2.0
1970-01-01 00:27:30.556800,0,1,2.0
1970-01-01 00:27:30.560400,0,1,2.0
1970-01-01 00:27:30.564000,0,1,2.0
1970-01-01 00:27:30.567600,0,1,2.0
1970-01-01 00:27:30.632400,0,1,2.0
1970-01-01 00:27:30.636000,0,1,2.0
1970-01-01 00:27:30.733200,0,1,2.0
1970-01-01 00:27:30.740400,0,1,2.0
1970-01-01 00:27:30.744000,0,1,2.0
1970-01-01 00:27:30.747600,0,1,2.0
1970-01-01 00:27:30.751200,0,1,2.0
1970-01-01 00:27:30.798000,0,1,2.0
1970-01-01 00:27:30.801600,0,1,2.0
1970-01-01 00:27:30.808800,0,1,2.0
1970-01-01 00:27:30.819600,1,0,2.0
1970-01-01 00:27:30.823200,0,1,2.0
1970-01-01 00:27:30.826800,0,1,2.0
1970-01-01 00:27:30.830400,0,1,2.0
1970-01-01 00:27:30.834000,0,1,2.0
1970-01-01 00:27:30.837600,0,1,2.0
1970-01-01 00:27:30.841200,0,1,2.0
1970-01-01 00:27:30.844800,0,1,2.0
1970-01-01 00:27:30.848400,0,1,2.0
1970-01-01 00:27:30.852000,0,1,2.0
1970-01-01 00:27:30.855600,0,1,2.0
1970-01-01 00:27:30.859200,0,1,2.0
1970-01-01 00:27:30.866400,1,0,2.0
1970-01-01 00:27:30.870000,1,0,2.0
1970-01-01 00:27:30.873600,1,0,2.0
1970-01-01 00:27:30.880800,1,0,2.0
1970-01-01 00:27:30.891600,1,0,2.0
1970-01-01 00:27:30.895200,1,0,2.0
1970-01-01 00:27:30.898800,1,0,2.0
1970-01-01 00:27:30.956400,0,1,2.0
1970-01-01 00:27:30.960000,0,1,2.0
1970-01-01 00:27:30.963600,0,1,2.0
1970-01-01 00:27:30.967200,0,1,2.0
1970-01-01 00:27:30.970800,0,1,2.0
1970-01-01 00:27:30.974400,0,1,2.0
1970-01-01 00:27:30.978000,0,1,2.0
1970-01-01 00:27:30.981600,0,1,2.0
1970-01-01 00:27:30.988800,0,1,2.0
1970-01-01 00:27:30.992400,0,1,2.0
1970-01-01 00:27:31.064400,0,1,2.0
1970-01-01 00:27:31.114800,1,0,2.0
1970-01-01 00:27:31.118400,1,0,2.0
1970-01-01 00:27:31.122000,1,0,2.0
1970-01-01 00:27:31.125600,1,0,2.0
1970-01-01 00:27:31.129200,1,0,2.0
1970-01-01 00:27:31.132800,1,0,2.0
1970-01-01 00:27:31.140000,0,1,2.0
1970-01-01 00:27:31.150800,1,0,2.0
1970-01-01 00:27:31.154400,1,0,2.0
1970-01-01 00:27:31.158000,1,0,2.0
1970-01-01 00:27:31.204800,0,1,2.0
1970-01-01 00:27:31.208400,0,1,2.0
1970-01-01 00:27:31.212000,0,1,2.0
1970-01-01 00:27:31.215600,0,1,2.0
1970-01-01 00:27:31.219200,0,1,2.0
1970-01-01 00:27:31.222800,0,1,2.0
1970-01-01 00:27:31.226400,1,0,2.0
1970-01-01 00:27:31.230000,1,0,2.0
1970-01-01 00:27:31.237200,0,1,2.0
1970-01-01 00:27:31.240800,0,1,2.0
1970-01-01 00:27:31.244400,0,1,2.0
1970-01-01 00:27:31.316400,0,1,2.0
1970-01-01 00:27:31.320000,0,1,2.0
1970-01-01 00:27:31.323600,0,1,2.0
1970-01-01 00:27:31.330800,0,1,2.0
1970-01-01 00:27:31.334400,0,1,2.0
1970-01-01 00:27:31.338000,0,1,2.0
1970-01-01 00:27:31.341600,0,1,2.0
1970-01-01 00:27:31.345200,0,1,2.0
1970-01-01 00:27:31.348800,0,1,2.0
1970-01-01 00:27:31.352400,0,1,2.0
1970-01-01 00:27:31.356000,0,1,2.0
1970-01-01 00:27:31.399200,1,0,2.0
1970-01-01 00:27:31.402800,1,0,2.0
1970-01-01 00:27:31.406400,1,0,2.0
1970-01-01 00:27:31.410000,1,0,2.0
1970-01-01 00:27:31.413600,1,0,2.0
1970-01-01 00:27:31.424400,0,1,2.0
1970-01-01 00:27:31.431600,1,0,2.0
1970-01-01 00:27:31.442400,1,0,2.0
1970-01-01 00:27:31.467600,0,1,2.0
1970-01-01 00:27:31.471200,0,1,2.0
1970-01-01 00:27:31.474800,0,1,2.0
1970-01-01 00:27:31.478400,0,1,2.0
1970-01-01 00:27:31.489200,1,0,2.0
1970-01-01 00:27:31.492800,1,0,2.0
1970-01-01 00:27:31.507200,1,0,2.0
1970-01-01 00:27:31.510800,1,0,2.0
1970-01-01 00:27:31.514400,1,0,2.0
1970-01-01 00:27:31.575600,0,1,2.0
1970-01-01 00:27:31.579200,0,1,2.0
1970-01-01 00:27:31.590000,0,1,2.0
1970-01-01 00:27:31.593600,0,1,2.0
1970-01-01 00:27:31.597200,0,1,2.0
1970-01-01 00:27:31.604400,1,0,2.0
1970-01-01 00:27:31.608000,1,0,2.0
1970-01-01 00:27:31.629600,1,0,2.0
1970-01-01 00:27:31.633200,1,0,2.0
1970-01-01 00:27:31.636800,1,0,2.0
1970-01-01 00:27:31.640400,1,0,2.0
1970-01-01 00:27:31.644000,1,0,2.0
1970-01-01 00:27:31.651200,0,1,2.0
1970-01-01 00:27:31.658400,0,1,2.0
1970-01-01 00:27:31.662000,0,1,2.0
1970-01-01 00:27:31.665600,1,0,2.0
1970-01-01 00:27:31.669200,1,0,2.0
1970-01-01 00:27:31.672800,1,0,2.0
1970-01-01 00:27:31.676400,1,0,2.0
1970-01-01 00:27:31.680000,1,0,2.0
1970-01-01 00:27:31.683600,1,0,2.0
1970-01-01 00:27:31.737600,0,1,2.0
1970-01-01 00:27:31.741200,0,1,2.0
1970-01-01 00:27:31.744800,0,1,2.0
1970-01-01 00:27:31.748400,0,1,2.0
1970-01-01 00:27:31.752000,0,1,2.0
1970-01-01 00:27:31.755600,0,1,2.0
1970-01-01 00:27:31.759200,0,1,2.0
1970-01-01 00:27:31.762800,0,1,2.0
1970-01-01 00:27:31.813200,0,1,2.0
1970-01-01 00:27:31.816800,0,1,2.0
1970-01-01 00:27:31.820400,0,1,2.0
1970-01-01 00:27:31.824000,0,1,2.0
1970-01-01 00:27:31.827600,0,1,2.0
1970-01-01 00:27:31.935600,0,1,2.0
1970-01-01 00:27:31.939200,0,1,2.0
1970-01-01 00:27:31.942800,0,1,2.0
1970-01-01 00:27:31.946400,0,1,2.0
1970-01-01 00:27:31.950000,0,1,2.0
1970-01-01 00:27:31.953600,0,1,2.0
1970-01-01 00:27:31.964400,0,1,2.0
1970-01-01 00:27:32.014800,1,0,2.0
1970-01-01 00:27:32.018400,1,0,2.0
1970-01-01 00:27:32.022000,1,0,2.0
1970-01-01 00:27:32.025600,1,0,2.0
1970-01-01 00:27:32.029200,1,0,2.0
1970-01-01 00:27:32.040000,0,1,2.0
1970-01-01 00:27:32.043600,0,1,2.0
1970-01-01 00:27:32.047200,0,1,2.0
1970-01-01 00:27:32.050800,0,1,2.0
1970-01-01 00:27:32.054400,0,1,2.0
1970-01-01 00:27:32.058000,0,1,2.0
1970-01-01 00:27:32.068800,0,1,2.0
1970-01-01 00:27:32.072400,0,1,2.0
1970-01-01 00:27:32.076000,0,1,2.0
1970-01-01 00:27:32.079600,0,1,2.0
1970-01-01 00:27:32.083200,0,1,2.0
1970-01-01 00:27:32.086800,0,1,2.0
1970-01-01 00:27:32.090400,0,1,2.0
1970-01-01 00:27:32.094000,0,1,2.0
1970-01-01 00:27:32.097600,0,1,2.0
1970-01-01 00:27:32.101200,0,1,2.0
1970-01-01 00:27:32.104800,0,1,2.0
1970-01-01 00:27:32.108400,0,1,2.0
1970-01-01 00:27:32.115600,0,1,2.0
1970-01-01 00:27:32.137200,1,0,2.0
1970-01-01 00:27:32.140800,1,0,2.0
1970-01-01 00:27:32.202000,0,1,2.0
1970-01-01 00:27:32.227200,0,1,2.0
1970-01-01 00:27:32.234400,0,1,2.0
1970-01-01 00:27:32.238000,0,0,2.0
1970-01-01 00:27:32.241600,1,0,2.0
1970-01-01 00:27:32.256000,0,1,2.0
1970-01-01 00:27:32.259600,0,1,2.0
1970-01-01 00:27:32.263200,0,1,2.0
1970-01-01 00:27:32.266800,0,1,2.0
1970-01-01 00:27:32.270400,1,0,2.0
1970-01-01 00:27:32.274000,0,1,2.0
1970-01-01 00:27:32.277600,0,1,2.0
1970-01-01 00:27:32.281200,0,1,2.0
1970-01-01 00:27:32.306400,0,1,2.0
1970-01-01 00:27:32.310000,0,1,2.0
1970-01-01 00:27:32.313600,0,1,2.0
1970-01-01 00:27:32.317200,0,1,2.0
1970-01-01 00:27:32.320800,0,1,2.0
1970-01-01 00:27:32.331600,1,0,2.0
1970-01-01 00:27:32.335200,1,0,2.0
1970-01-01 00:27:32.389200,1,0,2.0
1970-01-01 00:27:32.392800,1,0,2.0
1970-01-01 00:27:32.396400,1,0,2.0
1970-01-01 00:27:32.425200,1,0,2.0
1970-01-01 00:27:32.450400,0,1,2.0
1970-01-01 00:27:32.511600,0,1,2.0
1970-01-01 00:27:32.515200,0,1,2.0
1970-01-01 00:27:32.518800,0,1,2.0
1970-01-01 00:27:32.533200,1,0,2.0
1970-01-01 00:27:32.536800,1,0,2.0
1970-01-01 00:27:32.540400,1,0,2.0
1970-01-01 00:27:32.544000,1,0,2.0
1970-01-01 00:27:32.558400,1,0,2.0
1970-01-01 00:27:32.623200,1,0,2.0
1970-01-01 00:27:32.626800,1,0,2.0
1970-01-01 00:27:32.630400,1,0,2.0
1970-01-01 00:27:32.634000,1,0,2.0
1970-01-01 00:27:32.637600,1,0,2.0
1970-01-01 00:27:32.652000,0,1,2.0
1970-01-01 00:27:32.655600,0,1,2.0
1970-01-01 00:27:32.659200,0,1,2.0
1970-01-01 00:27:32.662800,0,1,2.0
1970-01-01 00:27:32.666400,0,1,2.0
1970-01-01 00:27:32.670000,0,1,2.0
1970-01-01 00:27:32.673600,0,1,2.0
1970-01-01 00:27:32.677200,0,1,2.0
1970-01-01 00:27:32.716800,1,0,2.0
1970-01-01 00:27:32.734800,1,0,2.0
1970-01-01 00:27:32.738400,1,0,2.0
1970-01-01 00:27:32.742000,1,0,2.0
1970-01-01 00:27:32.745600,1,0,2.0
1970-01-01 00:27:32.749200,1,0,2.0
1970-01-01 00:27:32.770800,1,0,2.0
1970-01-01 00:27:32.781600,1,0,2.0
1970-01-01 00:27:32.785200,1,0,2.0
1970-01-01 00:27:32.796000,1,0,2.0
1970-01-01 00:27:32.799600,1,0,2.0
1970-01-01 00:27:32.803200,0,1,2.0
1970-01-01 00:27:32.806800,0,1,2.0
1970-01-01 00:27:32.810400,1,0,2.0
1970-01-01 00:27:32.857200,0,1,2.0
1970-01-01 00:27:32.860800,0,1,2.0
1970-01-01 00:27:32.864400,0,1,2.0
1970-01-01 00:27:32.868000,0,1,2.0
1970-01-01 00:27:32.871600,0,1,2.0
1970-01-01 00:27:32.875200,0,1,2.0
1970-01-01 00:27:32.900400,0,1,2.0
1970-01-01 00:27:32.904000,0,1,2.0
1970-01-01 00:27:32.907600,0,1,2.0
1970-01-01 00:27:32.911200,0,1,2.0
1970-01-01 00:27:32.922000,1,0,2.0
1970-01-01 00:27:32.947200,1,0,2.0
1970-01-01 00:27:32.950800,1,0,2.0
1970-01-01 00:27:32.954400,1,0,2.0
1970-01-01 00:27:32.958000,1,0,2.0
1970-01-01 00:27:32.961600,1,0,2.0
1970-01-01 00:27:32.965200,1,0,2.0
1970-01-01 00:27:32.986800,1,0,2.0
1970-01-01 00:27:32.997600,0,0,2.0
1970-01-01 00:27:33.001200,0,1,2.0
1970-01-01 00:27:33.004800,0,1,2.0
1970-01-01 00:27:33.008400,0,1,2.0
1970-01-01 00:27:33.012000,0,1,2.0
1970-01-01 00:27:33.037200,0,1,2.0
1970-01-01 00:27:33.040800,0,1,2.0
1970-01-01 00:27:33.044400,0,1,2.0
1970-01-01 00:27:33.048000,0,1,2.0
1970-01-01 00:27:33.051600,0,1,2.0
1970-01-01 00:27:33.188400,1,0,2.0
1970-01-01 00:27:33.192000,1,0,2.0
1970-01-01 00:27:33.195600,1,0,2.0
1970-01-01 00:27:33.199200,1,0,2.0
1970-01-01 00:27:33.202800,1,0,2.0
1970-01-01 00:27:33.206400,1,0,2.0
1970-01-01 00:27:33.210000,0,1,2.0
1970-01-01 00:27:33.213600,0,1,2.0
1970-01-01 00:27:33.220800,0,1,2.0
1970-01-01 00:27:33.224400,0,1,2.0
1970-01-01 00:27:33.271200,1,0,2.0
1970-01-01 00:27:33.274800,1,0,2.0
1970-01-01 00:27:33.278400,1,0,2.0
1970-01-01 00:27:33.282000,1,0,2.0
1970-01-01 00:27:33.292800,1,0,2.0
1970-01-01 00:27:33.310800,0,1,2.0
1970-01-01 00:27:33.314400,0,1,2.0
1970-01-01 00:27:33.318000,0,1,2.0
1970-01-01 00:27:33.321600,0,1,2.0
1970-01-01 00:27:33.325200,0,1,2.0
1970-01-01 00:27:33.328800,0,1,2.0
1970-01-01 00:27:33.382800,0,1,2.0
1970-01-01 00:27:33.386400,0,1,2.0
1970-01-01 00:27:33.390000,0,1,2.0
1970-01-01 00:27:33.393600,0,1,2.0
1970-01-01 00:27:33.397200,1,0,2.0
1970-01-01 00:27:33.400800,1,0,2.0
1970-01-01 00:27:33.444000,0,1,2.0
1970-01-01 00:27:33.447600,0,1,2.0
1970-01-01 00:27:33.451200,0,1,2.0
1970-01-01 00:27:33.454800,0,1,2.0
1970-01-01 00:27:33.458400,0,1,2.0
1970-01-01 00:27:33.462000,0,1,2.0
1970-01-01 00:27:33.465600,0,1,2.0
1970-01-01 00:27:33.469200,0,1,2.0
1970-01-01 00:27:33.519600,0,1,2.0
1970-01-01 00:27:33.523200,0,1,2.0
1970-01-01 00:27:33.526800,0,1,2.0
1970-01-01 00:27:33.530400,0,1,2.0
1970-01-01 00:27:33.534000,0,1,2.0
1970-01-01 00:27:33.537600,0,1,2.0
1970-01-01 00:27:33.541200,0,1,2.0
1970-01-01 00:27:33.544800,0,1,2.0
1970-01-01 00:27:33.548400,0,1,2.0
1970-01-01 00:27:33.559200,1,0,2.0
1970-01-01 00:27:33.562800,1,0,2.0
1970-01-01 00:27:33.566400,1,0,2.0
1970-01-01 00:27:33.570000,1,0,2.0
1970-01-01 00:27:33.595200,0,1,2.0
1970-01-01 00:27:33.598800,0,1,2.0
1970-01-01 00:27:33.602400,0,1,2.0
1970-01-01 00:27:33.652800,0,1,2.0
1970-01-01 00:27:33.656400,0,1,2.0
1970-01-01 00:27:33.768000,0,1,2.0
1970-01-01 00:27:33.796800,1,0,2.0
1970-01-01 00:27:33.804000,1,0,2.0
1970-01-01 00:27:33.807600,1,0,2.0
1970-01-01 00:27:33.811200,1,0,2.0
1970-01-01 00:27:33.814800,1,0,2.0
1970-01-01 00:27:33.818400,1,0,2.0
1970-01-01 00:27:33.825600,0,1,2.0
1970-01-01 00:27:33.829200,0,1,2.0
1970-01-01 00:27:33.832800,0,1,2.0
1970-01-01 00:27:33.840000,0,1,2.0
1970-01-01 00:27:33.850800,1,0,2.0
1970-01-01 00:27:33.854400,1,0,2.0
1970-01-01 00:27:33.858000,1,0,2.0
1970-01-01 00:27:33.861600,1,0,2.0
1970-01-01 00:27:33.865200,1,0,2.0
1970-01-01 00:27:33.868800,1,0,2.0
1970-01-01 00:27:33.872400,1,0,2.0
1970-01-01 00:27:33.883200,1,0,2.0
1970-01-01 00:27:33.919200,1,0,2.0
1970-01-01 00:27:33.922800,1,0,2.0
1970-01-01 00:27:33.926400,1,0,2.0
1970-01-01 00:27:33.930000,1,0,2.0
1970-01-01 00:27:33.933600,1,0,2.0
1970-01-01 00:27:33.937200,1,0,2.0
1970-01-01 00:27:33.940800,1,0,2.0
1970-01-01 00:27:33.980400,0,1,2.0
1970-01-01 00:27:33.984000,0,1,2.0
1970-01-01 00:27:33.994800,0,1,2.0
1970-01-01 00:27:34.002000,1,0,2.0
1970-01-01 00:27:34.020000,1,0,2.0
1970-01-01 00:27:34.023600,1,0,2.0
1970-01-01 00:27:34.074000,0,1,2.0
1970-01-01 00:27:34.077600,0,1,2.0
1970-01-01 00:27:34.081200,0,1,2.0
1970-01-01 00:27:34.084800,0,1,2.0
1970-01-01 00:27:34.088400,0,1,2.0
1970-01-01 00:27:34.092000,0,1,2.0
1970-01-01 00:27:34.095600,0,1,2.0
1970-01-01 00:27:34.099200,0,1,2.0
1970-01-01 00:27:34.102800,0,1,2.0
1970-01-01 00:27:34.106400,0,1,2.0
1970-01-01 00:27:34.225200,0,1,2.0
1970-01-01 00:27:34.228800,0,1,2.0
1970-01-01 00:27:34.232400,0,1,2.0
1970-01-01 00:27:34.236000,0,1,2.0
1970-01-01 00:27:34.239600,0,1,2.0
1970-01-01 00:27:34.243200,0,1,2.0
1970-01-01 00:27:34.246800,0,1,2.0
1970-01-01 00:27:34.293600,0,1,2.0
1970-01-01 00:27:34.300800,0,1,2.0
1970-01-01 00:27:34.308000,1,0,2.0
1970-01-01 00:27:34.311600,1,0,2.0
1970-01-01 00:27:34.340400,1,0,2.0
1970-01-01 00:27:34.344000,1,0,2.0
1970-01-01 00:27:34.358400,1,0,2.0
1970-01-01 00:27:34.362000,1,0,2.0
1970-01-01 00:27:34.372800,0,1,2.0
1970-01-01 00:27:34.376400,0,1,2.0
1970-01-01 00:27:34.380000,0,1,2.0
1970-01-01 00:27:34.383600,0,1,2.0
1970-01-01 00:27:34.416000,0,1,2.0
1970-01-01 00:27:34.426800,0,1,2.0
1970-01-01 00:27:34.430400,0,1,2.0
1970-01-01 00:27:34.434000,1,0,2.0
1970-01-01 00:27:34.437600,1,0,2.0
1970-01-01 00:27:34.444800,1,0,2.0
1970-01-01 00:27:34.452000,1,0,2.0
1970-01-01 00:27:34.455600,1,0,2.0
1970-01-01 00:27:34.459200,1,0,2.0
1970-01-01 00:27:34.462800,1,0,2.0
1970-01-01 00:27:34.466400,1,0,2.0
1970-01-01 00:27:34.470000,1,0,2.0
1970-01-01 00:27:34.473600,1,0,2.0
1970-01-01 00:27:34.506000,0,1,2.0
1970-01-01 00:27:34.509600,0,1,2.0
1970-01-01 00:27:34.513200,0,1,2.0
1970-01-01 00:27:34.516800,0,1,2.0
1970-01-01 00:27:34.520400,0,1,2.0
1970-01-01 00:27:34.524000,0,1,2.0
1970-01-01 00:27:34.538400,0,1,2.0
1970-01-01 00:27:34.542000,0,1,2.0
1970-01-01 00:27:34.545600,0,1,2.0
1970-01-01 00:27:34.549200,0,1,2.0
1970-01-01 00:27:34.552800,0,1,2.0
1970-01-01 00:27:34.556400,0,1,2.0
1970-01-01 00:27:34.603200,1,0,2.0
1970-01-01 00:27:34.606800,1,0,2.0
1970-01-01 00:27:34.610400,1,0,2.0
1970-01-01 00:27:34.614000,1,0,2.0
1970-01-01 00:27:34.617600,1,0,2.0
1970-01-01 00:27:34.621200,1,0,2.0
1970-01-01 00:27:34.624800,1,0,2.0
1970-01-01 00:27:34.632000,0,1,2.0
1970-01-01 00:27:34.635600,0,1,2.0
1970-01-01 00:27:34.653600,0,1,2.0
1970-01-01 00:27:34.689600,1,0,2.0
1970-01-01 00:27:34.758000,0,1,2.0
1970-01-01 00:27:34.761600,0,1,2.0
1970-01-01 00:27:34.765200,0,1,2.0
1970-01-01 00:27:34.779600,0,1,2.0
1970-01-01 00:27:34.783200,0,1,2.0
1970-01-01 00:27:34.786800,0,1,2.0
1970-01-01 00:27:34.790400,0,1,2.0
1970-01-01 00:27:34.794000,0,1,2.0
1970-01-01 00:27:34.797600,0,1,2.0
1970-01-01 00:27:34.840800,0,1,2.0
1970-01-01 00:27:34.844400,0,1,2.0
1970-01-01 00:27:34.848000,0,1,2.0
1970-01-01 00:27:34.851600,0,1,2.0
1970-01-01 00:27:34.855200,0,1,2.0
1970-01-01 00:27:34.858800,0,1,2.0
1970-01-01 00:27:34.869600,0,1,2.0
1970-01-01 00:27:34.916400,0,1,2.0
1970-01-01 00:27:34.920000,0,1,2.0
1970-01-01 00:27:34.923600,0,1,2.0
1970-01-01 00:27:34.927200,0,1,2.0
1970-01-01 00:27:34.930800,0,1,2.0
1970-01-01 00:27:34.934400,0,1,2.0
1970-01-01 00:27:34.938000,0,1,2.0
1970-01-01 00:27:34.941600,0,1,2.0
1970-01-01 00:27:34.945200,0,1,2.0
1970-01-01 00:27:34.948800,0,1,2.0
1970-01-01 00:27:34.952400,0,1,2.0
1970-01-01 00:27:34.977600,0,1,2.0
1970-01-01 00:27:34.981200,0,1,2.0
1970-01-01 00:27:34.984800,0,1,2.0
1970-01-01 00:27:34.988400,0,1,2.0
1970-01-01 00:27:34.992000,0,1,2.0
1970-01-01 00:27:35.024400,1,0,2.0
1970-01-01 00:27:35.028000,1,0,2.0
1970-01-01 00:27:35.035200,1,0,2.0
1970-01-01 00:27:35.038800,1,0,2.0
1970-01-01 00:27:35.049600,0,1,2.0
1970-01-01 00:27:35.053200,0,1,2.0
1970-01-01 00:27:35.056800,0,1,2.0
1970-01-01 00:27:35.060400,0,1,2.0
1970-01-01 00:27:35.064000,0,1,2.0
1970-01-01 00:27:35.067600,0,1,2.0
1970-01-01 00:27:35.071200,0,1,2.0
1970-01-01 00:27:35.074800,0,1,2.0
1970-01-01 00:27:35.078400,0,1,2.0
1970-01-01 00:27:35.082000,0,1,2.0
1970-01-01 00:27:35.085600,0,1,2.0
1970-01-01 00:27:35.089200,0,1,2.0
1970-01-01 00:27:35.092800,0,1,2.0
1970-01-01 00:27:35.103600,0,1,2.0
1970-01-01 00:27:35.146800,0,1,2.0
1970-01-01 00:27:35.150400,0,1,2.0
1970-01-01 00:27:35.154000,0,1,2.0
1970-01-01 00:27:35.161200,0,1,2.0
1970-01-01 00:27:35.168400,1,0,2.0
1970-01-01 00:27:35.240400,1,0,2.0
1970-01-01 00:27:35.247600,0,1,2.0
1970-01-01 00:27:35.251200,0,1,2.0
1970-01-01 00:27:35.254800,0,1,2.0
1970-01-01 00:27:35.258400,0,1,2.0
1970-01-01 00:27:35.262000,0,1,2.0
1970-01-01 00:27:35.265600,0,1,2.0
1970-01-01 00:27:35.272800,0,1,2.0
1970-01-01 00:27:35.280000,1,0,2.0
1970-01-01 00:27:35.283600,1,0,2.0
1970-01-01 00:27:35.287200,1,0,2.0
1970-01-01 00:27:35.294400,1,0,2.0
1970-01-01 00:27:35.298000,1,0,2.0
1970-01-01 00:27:35.301600,1,0,2.0
1970-01-01 00:27:35.305200,1,0,2.0
1970-01-01 00:27:35.308800,1,0,2.0
1970-01-01 00:27:35.312400,1,0,2.0
1970-01-01 00:27:35.316000,1,0,2.0
1970-01-01 00:27:35.341200,0,1,2.0
1970-01-01 00:27:35.344800,0,1,2.0
1970-01-01 00:27:35.348400,0,1,2.0
1970-01-01 00:27:35.352000,0,1,2.0
1970-01-01 00:27:35.355600,0,1,2.0
1970-01-01 00:27:35.359200,0,1,2.0
1970-01-01 00:27:35.366400,0,1,2.0
1970-01-01 00:27:35.478000,1,0,2.0
1970-01-01 00:27:35.481600,1,0,2.0
1970-01-01 00:27:35.485200,1,0,2.0
1970-01-01 00:27:35.488800,1,0,2.0
1970-01-01 00:27:35.492400,1,0,2.0
1970-01-01 00:27:35.510400,0,1,2.0
1970-01-01 00:27:35.514000,0,1,2.0
1970-01-01 00:27:35.517600,0,1,2.0
1970-01-01 00:27:35.521200,0,1,2.0
1970-01-01 00:27:35.524800,0,1,2.0
1970-01-01 00:27:35.528400,0,1,2.0
1970-01-01 00:27:35.532000,0,1,2.0
1970-01-01 00:27:35.557200,0,1,2.0
1970-01-01 00:27:35.560800,0,1,2.0
1970-01-01 00:27:35.564400,0,1,2.0
1970-01-01 00:27:35.578800,1,0,2.0
1970-01-01 00:27:35.582400,1,0,2.0
1970-01-01 00:27:35.586000,1,0,2.0
1970-01-01 00:27:35.607600,1,0,2.0
1970-01-01 00:27:35.611200,1,0,2.0
1970-01-01 00:27:35.614800,1,0,2.0
1970-01-01 00:27:35.618400,1,0,2.0
1970-01-01 00:27:35.622000,1,0,2.0
1970-01-01 00:27:35.625600,1,0,2.0
1970-01-01 00:27:35.629200,1,0,2.0
1970-01-01 00:27:35.632800,1,0,2.0
1970-01-01 00:27:35.636400,1,0,2.0
1970-01-01 00:27:35.640000,1,0,2.0
1970-01-01 00:27:35.643600,1,0,2.0
1970-01-01 00:27:35.647200,1,0,2.0
1970-01-01 00:27:35.650800,1,0,2.0
1970-01-01 00:27:35.665200,0,1,2.0
1970-01-01 00:27:35.668800,0,1,2.0
1970-01-01 00:27:35.802000,1,0,2.0
1970-01-01 00:27:35.809200,1,0,2.0
1970-01-01 00:27:35.812800,1,0,2.0
1970-01-01 00:27:35.820000,0,1,2.0
1970-01-01 00:27:35.845200,0,1,2.0
1970-01-01 00:27:35.848800,0,1,2.0
1970-01-01 00:27:35.852400,0,1,2.0
1970-01-01 00:27:35.881200,1,0,2.0
1970-01-01 00:27:35.920800,1,0,2.0
1970-01-01 00:27:35.924400,1,0,2.0
1970-01-01 00:27:35.928000,1,0,2.0
1970-01-01 00:27:35.931600,1,0,2.0
1970-01-01 00:27:35.935200,1,0,2.0
1970-01-01 00:27:35.938800,1,0,2.0
1970-01-01 00:27:36.000000,1,0,2.0
1970-01-01 00:27:36.007200,1,0,2.0
1970-01-01 00:27:36.072000,0,1,2.0
1970-01-01 00:27:36.136800,0,1,2.0
1970-01-01 00:27:36.140400,0,1,2.0
1970-01-01 00:27:36.144000,0,1,2.0
1970-01-01 00:27:36.147600,0,1,2.0
1970-01-01 00:27:36.151200,0,1,2.0
1970-01-01 00:27:36.158400,1,0,2.0
1970-01-01 00:27:36.162000,1,0,2.0
1970-01-01 00:27:36.165600,1,0,2.0
1970-01-01 00:27:36.169200,1,0,2.0
1970-01-01 00:27:36.172800,1,0,2.0
1970-01-01 00:27:36.176400,1,0,2.0
1970-01-01 00:27:36.241200,0,1,2.0
1970-01-01 00:27:36.262800,0,1,2.0
1970-01-01 00:27:36.270000,0,1,2.0
1970-01-01 00:27:36.273600,0,1,2.0
1970-01-01 00:27:36.277200,0,1,2.0
1970-01-01 00:27:36.313200,0,1,2.0
1970-01-01 00:27:36.316800,0,1,2.0
1970-01-01 00:27:36.320400,0,1,2.0
1970-01-01 00:27:36.324000,0,1,2.0
1970-01-01 00:27:36.327600,0,1,2.0
1970-01-01 00:27:36.331200,0,1,2.0
1970-01-01 00:27:36.360000,0,1,2.0
1970-01-01 00:27:36.363600,0,1,2.0
1970-01-01 00:27:36.367200,0,1,2.0
1970-01-01 00:27:36.370800,0,1,2.0
1970-01-01 00:27:36.381600,1,0,2.0
1970-01-01 00:27:36.385200,1,0,2.0
1970-01-01 00:27:36.388800,1,0,2.0
1970-01-01 00:27:36.392400,1,0,2.0
1970-01-01 00:27:36.406800,0,1,2.0
1970-01-01 00:27:36.410400,0,1,2.0
1970-01-01 00:27:36.414000,0,1,2.0
1970-01-01 00:27:36.417600,0,1,2.0
1970-01-01 00:27:36.421200,0,1,2.0
1970-01-01 00:27:36.424800,0,1,2.0
1970-01-01 00:27:36.432000,0,1,2.0
1970-01-01 00:27:36.435600,0,1,2.0
1970-01-01 00:27:36.464400,0,1,2.0
1970-01-01 00:27:36.507600,1,0,2.0
1970-01-01 00:27:36.518400,1,0,2.0
1970-01-01 00:27:36.554400,0,1,2.0
1970-01-01 00:27:36.558000,0,1,2.0
1970-01-01 00:27:36.561600,0,1,2.0
1970-01-01 00:27:36.565200,0,1,2.0
1970-01-01 00:27:36.608400,1,0,2.0
1970-01-01 00:27:36.612000,1,0,2.0
1970-01-01 00:27:36.615600,1,0,2.0
1970-01-01 00:27:36.619200,1,0,2.0
1970-01-01 00:27:36.622800,1,0,2.0
1970-01-01 00:27:36.626400,1,0,2.0
1970-01-01 00:27:36.633600,0,1,2.0
1970-01-01 00:27:36.637200,0,1,2.0
1970-01-01 00:27:36.640800,0,1,2.0
1970-01-01 00:27:36.644400,0,1,2.0
1970-01-01 00:27:36.648000,0,1,2.0
1970-01-01 00:27:36.651600,0,1,2.0
1970-01-01 00:27:36.802800,0,1,2.0
1970-01-01 00:27:36.806400,0,1,2.0
1970-01-01 00:27:36.813600,0,1,2.0
1970-01-01 00:27:36.817200,0,1,2.0
1970-01-01 00:27:36.846000,0,1,2.0
1970-01-01 00:27:36.853200,1,0,2.0
1970-01-01 00:27:36.856800,1,0,2.0
1970-01-01 00:27:36.860400,1,0,2.0
1970-01-01 00:27:36.864000,1,0,2.0
1970-01-01 00:27:36.867600,1,0,2.0
1970-01-01 00:27:36.878400,0,1,2.0
1970-01-01 00:27:36.882000,0,1,2.0
1970-01-01 00:27:36.885600,0,1,2.0
1970-01-01 00:27:36.889200,0,1,2.0
1970-01-01 00:27:36.892800,0,1,2.0
1970-01-01 00:27:36.910800,1,0,2.0
1970-01-01 00:27:36.914400,1,0,2.0
1970-01-01 00:27:36.918000,1,0,2.0
1970-01-01 00:27:36.921600,1,0,2.0
1970-01-01 00:27:36.925200,1,0,2.0
1970-01-01 00:27:36.986400,0,1,2.0
1970-01-01 00:27:36.990000,0,1,2.0
1970-01-01 00:27:36.993600,0,1,2.0
1970-01-01 00:27:36.997200,0,1,2.0
1970-01-01 00:27:37.000800,0,1,2.0
1970-01-01 00:27:37.004400,0,1,2.0
1970-01-01 00:27:37.008000,0,1,2.0
1970-01-01 00:27:37.011600,0,1,2.0
1970-01-01 00:27:37.015200,0,1,2.0
1970-01-01 00:27:37.018800,0,1,2.0
1970-01-01 00:27:37.026000,1,0,2.0
1970-01-01 00:27:37.029600,1,0,2.0
1970-01-01 00:27:37.033200,1,0,2.0
1970-01-01 00:27:37.036800,1,0,2.0
1970-01-01 00:27:37.040400,1,0,2.0
1970-01-01 00:27:37.044000,1,0,2.0
1970-01-01 00:27:37.047600,0,1,2.0
1970-01-01 00:27:37.051200,0,1,2.0
1970-01-01 00:27:37.180800,1,0,2.0
1970-01-01 00:27:37.184400,1,0,2.0
1970-01-01 00:27:37.188000,1,0,2.0
1970-01-01 00:27:37.191600,1,0,2.0
1970-01-01 00:27:37.195200,1,0,2.0
1970-01-01 00:27:37.198800,1,0,2.0
1970-01-01 00:27:37.202400,1,0,2.0
1970-01-01 00:27:37.206000,1,0,2.0
1970-01-01 00:27:37.213200,1,0,2.0
1970-01-01 00:27:37.216800,1,0,2.0
1970-01-01 00:27:37.220400,1,0,2.0
1970-01-01 00:27:37.224000,1,0,2.0
1970-01-01 00:27:37.227600,1,0,2.0
1970-01-01 00:27:37.231200,1,0,2.0
1970-01-01 00:27:37.234800,1,0,2.0
1970-01-01 00:27:37.238400,1,0,2.0
1970-01-01 00:27:37.245600,0,1,2.0
1970-01-01 00:27:37.249200,0,1,2.0
1970-01-01 00:27:37.252800,0,1,2.0
1970-01-01 00:27:37.256400,0,1,2.0
1970-01-01 00:27:37.260000,0,1,2.0
1970-01-01 00:27:37.263600,0,1,2.0
1970-01-01 00:27:37.364400,1,0,2.0
1970-01-01 00:27:37.368000,1,0,2.0
1970-01-01 00:27:37.371600,1,0,2.0
1970-01-01 00:27:37.375200,1,0,2.0
1970-01-01 00:27:37.378800,1,0,2.0
1970-01-01 00:27:37.382400,1,0,2.0
1970-01-01 00:27:37.389600,1,0,2.0
1970-01-01 00:27:37.400400,1,0,2.0
1970-01-01 00:27:37.404000,1,0,2.0
1970-01-01 00:27:37.418400,1,0,2.0
1970-01-01 00:27:37.440000,0,1,2.0
1970-01-01 00:27:37.443600,0,1,2.0
1970-01-01 00:27:37.447200,0,1,2.0
1970-01-01 00:27:37.450800,0,1,2.0
1970-01-01 00:27:37.454400,0,1,2.0
1970-01-01 00:27:37.458000,0,1,2.0
1970-01-01 00:27:37.479600,1,0,2.0
1970-01-01 00:27:37.486800,0,1,2.0
1970-01-01 00:27:37.540800,0,1,2.0
1970-01-01 00:27:37.555200,0,1,2.0
1970-01-01 00:27:37.558800,0,1,2.0
1970-01-01 00:27:37.562400,0,1,2.0
1970-01-01 00:27:37.566000,0,1,2.0
1970-01-01 00:27:37.569600,0,1,2.0
1970-01-01 00:27:37.573200,0,1,2.0
1970-01-01 00:27:37.594800,0,1,2.0
1970-01-01 00:27:37.598400,0,1,2.0
1970-01-01 00:27:37.602000,0,1,2.0
1970-01-01 00:27:37.605600,0,1,2.0
1970-01-01 00:27:37.620000,1,0,2.0
1970-01-01 00:27:37.634400,0,1,2.0
1970-01-01 00:27:37.638000,0,1,2.0
1970-01-01 00:27:37.641600,0,1,2.0
1970-01-01 00:27:37.645200,0,1,2.0
1970-01-01 00:27:37.666800,1,0,2.0
1970-01-01 00:27:37.670400,1,0,2.0
1970-01-01 00:27:37.674000,1,0,2.0
1970-01-01 00:27:37.681200,1,0,2.0
1970-01-01 00:27:37.684800,1,0,2.0
1970-01-01 00:27:37.692000,0,1,2.0
1970-01-01 00:27:37.695600,0,1,2.0
1970-01-01 00:27:37.699200,0,1,2.0
1970-01-01 00:27:37.702800,0,1,2.0
1970-01-01 00:27:37.706400,0,1,2.0
1970-01-01 00:27:37.710000,0,1,2.0
1970-01-01 00:27:37.713600,1,0,2.0
1970-01-01 00:27:37.717200,1,0,2.0
1970-01-01 00:27:37.738800,1,0,2.0
1970-01-01 00:27:37.764000,0,1,2.0
1970-01-01 00:27:37.767600,0,1,2.0
1970-01-01 00:27:37.774800,0,1,2.0
1970-01-01 00:27:37.789200,1,0,2.0
1970-01-01 00:27:37.792800,1,0,2.0
1970-01-01 00:27:37.796400,1,0,2.0
1970-01-01 00:27:37.800000,1,0,2.0
1970-01-01 00:27:37.803600,1,0,2.0
1970-01-01 00:27:37.807200,1,0,2.0
1970-01-01 00:27:37.810800,1,0,2.0
1970-01-01 00:27:37.814400,1,0,2.0
1970-01-01 00:27:37.882800,1,0,2.0
1970-01-01 00:27:37.911600,0,1,2.0
1970-01-01 00:27:37.954800,1,0,2.0
1970-01-01 00:27:37.958400,1,0,2.0
1970-01-01 00:27:37.962000,1,0,2.0
1970-01-01 00:27:37.965600,1,0,2.0
1970-01-01 00:27:37.969200,1,0,2.0
1970-01-01 00:27:37.972800,1,0,2.0
1970-01-01 00:27:37.976400,1,0,2.0
1970-01-01 00:27:37.980000,1,0,2.0
1970-01-01 00:27:37.983600,1,0,2.0
1970-01-01 00:27:37.990800,1,0,2.0
1970-01-01 00:27:37.994400,1,0,2.0
1970-01-01 00:27:37.998000,1,0,2.0
1970-01-01 00:27:38.001600,1,0,2.0
1970-01-01 00:27:38.005200,1,0,2.0
1970-01-01 00:27:38.019600,1,0,2.0
1970-01-01 00:27:38.023200,1,0,2.0
1970-01-01 00:27:38.073600,1,0,2.0
1970-01-01 00:27:38.077200,1,0,2.0
1970-01-01 00:27:38.080800,1,0,2.0
1970-01-01 00:27:38.084400,1,0,2.0
1970-01-01 00:27:38.088000,1,0,2.0
1970-01-01 00:27:38.091600,1,0,2.0
1970-01-01 00:27:38.098800,1,0,2.0
1970-01-01 00:27:38.102400,1,0,2.0
1970-01-01 00:27:38.145600,0,1,2.0
1970-01-01 00:27:38.152800,0,1,2.0
1970-01-01 00:27:38.156400,0,1,2.0
1970-01-01 00:27:38.163600,1,0,2.0
1970-01-01 00:27:38.167200,1,0,2.0
1970-01-01 00:27:38.170800,1,0,2.0
1970-01-01 00:27:38.174400,1,0,2.0
1970-01-01 00:27:38.178000,1,0,2.0
1970-01-01 00:27:38.185200,0,1,2.0
1970-01-01 00:27:38.264400,0,1,2.0
1970-01-01 00:27:38.275200,1,0,2.0
1970-01-01 00:27:38.296800,0,1,2.0
1970-01-01 00:27:38.300400,1,0,2.0
1970-01-01 00:27:38.304000,1,0,2.0
1970-01-01 00:27:38.307600,1,0,2.0
1970-01-01 00:27:38.311200,1,0,2.0
1970-01-01 00:27:38.314800,1,0,2.0
1970-01-01 00:27:38.318400,1,0,2.0
1970-01-01 00:27:38.322000,1,0,2.0
1970-01-01 00:27:38.325600,0,1,2.0
1970-01-01 00:27:38.329200,0,1,2.0
1970-01-01 00:27:38.332800,0,1,2.0
1970-01-01 00:27:38.336400,0,1,2.0
1970-01-01 00:27:38.340000,0,1,2.0
1970-01-01 00:27:38.343600,0,1,2.0
1970-01-01 00:27:38.350800,0,1,2.0
1970-01-01 00:27:38.397600,1,0,2.0
1970-01-01 00:27:38.401200,1,0,2.0
1970-01-01 00:27:38.408400,1,0,2.0
1970-01-01 00:27:38.412000,1,0,2.0
1970-01-01 00:27:38.415600,1,0,2.0
1970-01-01 00:27:38.458800,1,0,2.0
1970-01-01 00:27:38.462400,1,0,2.0
1970-01-01 00:27:38.473200,1,0,2.0
1970-01-01 00:27:38.480400,0,1,2.0
1970-01-01 00:27:38.484000,0,1,2.0
1970-01-01 00:27:38.487600,0,1,2.0
1970-01-01 00:27:38.491200,0,1,2.0
1970-01-01 00:27:38.494800,0,1,2.0
1970-01-01 00:27:38.498400,0,1,2.0
1970-01-01 00:27:38.502000,0,1,2.0
1970-01-01 00:27:38.505600,0,1,2.0
1970-01-01 00:27:38.509200,0,1,2.0
1970-01-01 00:27:38.512800,0,1,2.0
1970-01-01 00:27:38.552400,0,1,2.0
1970-01-01 00:27:38.556000,0,1,2.0
1970-01-01 00:27:38.559600,0,1,2.0
1970-01-01 00:27:38.563200,0,1,2.0
1970-01-01 00:27:38.566800,0,1,2.0
1970-01-01 00:27:38.570400,0,1,2.0
1970-01-01 00:27:38.592000,1,0,2.0
1970-01-01 00:27:38.595600,1,0,2.0
1970-01-01 00:27:38.599200,1,0,2.0
1970-01-01 00:27:38.602800,1,0,2.0
1970-01-01 00:27:38.606400,1,0,2.0
1970-01-01 00:27:38.610000,1,0,2.0
1970-01-01 00:27:38.617200,1,0,2.0
1970-01-01 00:27:38.620800,1,0,2.0
1970-01-01 00:27:38.624400,1,0,2.0
1970-01-01 00:27:38.631600,1,0,2.0
1970-01-01 00:27:38.656800,1,0,2.0
1970-01-01 00:27:38.664000,1,0,2.0
1970-01-01 00:27:38.667600,1,0,2.0
1970-01-01 00:27:38.671200,1,0,2.0
1970-01-01 00:27:38.674800,1,0,2.0
1970-01-01 00:27:38.685600,0,1,2.0
1970-01-01 00:27:38.689200,0,1,2.0
1970-01-01 00:27:38.692800,0,1,2.0
1970-01-01 00:27:38.696400,0,1,2.0
1970-01-01 00:27:38.700000,0,1,2.0
1970-01-01 00:27:38.703600,0,1,2.0
1970-01-01 00:27:38.768400,0,1,2.0
1970-01-01 00:27:38.772000,0,1,2.0
1970-01-01 00:27:38.775600,0,1,2.0
1970-01-01 00:27:38.779200,0,1,2.0
1970-01-01 00:27:38.782800,0,1,2.0
1970-01-01 00:27:38.786400,0,1,2.0
1970-01-01 00:27:38.826000,0,1,2.0
1970-01-01 00:27:38.829600,0,1,2.0
1970-01-01 00:27:38.833200,0,1,2.0
1970-01-01 00:27:38.854800,1,0,2.0
1970-01-01 00:27:38.858400,1,0,2.0
1970-01-01 00:27:38.862000,1,0,2.0
1970-01-01 00:27:38.865600,1,0,2.0
1970-01-01 00:27:38.869200,1,0,2.0
1970-01-01 00:27:38.919600,1,0,2.0
1970-01-01 00:27:38.923200,1,0,2.0
1970-01-01 00:27:38.926800,1,0,2.0
1970-01-01 00:27:38.930400,1,0,2.0
1970-01-01 00:27:38.934000,1,0,2.0
1970-01-01 00:27:38.937600,1,0,2.0
1970-01-01 00:27:38.941200,1,0,2.0
1970-01-01 00:27:38.944800,1,0,2.0
1970-01-01 00:27:38.952000,1,0,2.0
1970-01-01 00:27:38.955600,1,0,2.0
1970-01-01 00:27:38.959200,1,0,2.0
1970-01-01 00:27:38.970000,1,0,2.0
1970-01-01 00:27:38.995200,0,1,2.0
1970-01-01 00:27:39.009600,1,0,2.0
1970-01-01 00:27:39.013200,1,0,2.0
1970-01-01 00:27:39.016800,1,0,2.0
1970-01-01 00:27:39.020400,1,0,2.0
1970-01-01 00:27:39.070800,0,1,2.0
1970-01-01 00:27:39.074400,0,1,2.0
1970-01-01 00:27:39.078000,0,1,2.0
1970-01-01 00:27:39.081600,0,1,2.0
1970-01-01 00:27:39.085200,0,1,2.0
1970-01-01 00:27:39.088800,0,1,2.0
1970-01-01 00:27:39.193200,0,1,2.0
1970-01-01 00:27:39.196800,0,1,2.0
1970-01-01 00:27:39.200400,0,1,2.0
1970-01-01 00:27:39.204000,0,1,2.0
1970-01-01 00:27:39.283200,0,1,2.0
1970-01-01 00:27:39.286800,0,1,2.0
1970-01-01 00:27:39.290400,0,1,2.0
1970-01-01 00:27:39.294000,0,1,2.0
1970-01-01 00:27:39.297600,0,1,2.0
1970-01-01 00:27:39.301200,0,1,2.0
1970-01-01 00:27:39.362400,0,1,2.0
1970-01-01 00:27:39.366000,0,1,2.0
1970-01-01 00:27:39.384000,0,1,2.0
1970-01-01 00:27:39.387600,0,1,2.0
1970-01-01 00:27:39.391200,0,1,2.0
1970-01-01 00:27:39.394800,0,1,2.0
1970-01-01 00:27:39.398400,0,1,2.0
1970-01-01 00:27:39.402000,0,1,2.0
1970-01-01 00:27:39.427200,1,0,2.0
1970-01-01 00:27:39.430800,1,0,2.0
1970-01-01 00:27:39.434400,1,0,2.0
1970-01-01 00:27:39.438000,1,0,2.0
1970-01-01 00:27:39.441600,1,0,2.0
1970-01-01 00:27:39.445200,1,0,2.0
1970-01-01 00:27:39.463200,0,1,2.0
1970-01-01 00:27:39.466800,0,1,2.0
1970-01-01 00:27:39.470400,0,1,2.0
1970-01-01 00:27:39.474000,0,1,2.0
1970-01-01 00:27:39.477600,0,1,2.0
1970-01-01 00:27:39.492000,1,0,2.0
1970-01-01 00:27:39.495600,1,0,2.0
1970-01-01 00:27:39.499200,1,0,2.0
1970-01-01 00:27:39.502800,1,0,2.0
1970-01-01 00:27:39.535200,1,0,2.0
1970-01-01 00:27:39.542400,0,1,2.0
1970-01-01 00:27:39.546000,0,1,2.0
1970-01-01 00:27:39.549600,0,1,2.0
1970-01-01 00:27:39.553200,0,1,2.0
1970-01-01 00:27:39.556800,0,1,2.0
1970-01-01 00:27:39.560400,0,1,2.0
1970-01-01 00:27:39.567600,1,0,2.0
1970-01-01 00:27:39.596400,1,0,2.0
1970-01-01 00:27:39.600000,1,0,2.0
1970-01-01 00:27:39.603600,1,0,2.0
1970-01-01 00:27:39.607200,1,0,2.0
1970-01-01 00:27:39.610800,1,0,2.0
1970-01-01 00:27:39.614400,1,0,2.0
1970-01-01 00:27:39.639600,1,0,2.0
1970-01-01 00:27:39.643200,1,0,2.0
1970-01-01 00:27:39.646800,1,0,2.0
1970-01-01 00:27:39.650400,1,0,2.0
1970-01-01 00:27:39.654000,1,0,2.0
1970-01-01 00:27:39.657600,1,0,2.0
1970-01-01 00:27:39.697200,0,1,2.0
1970-01-01 00:27:39.715200,1,0,2.0
1970-01-01 00:27:39.718800,1,0,2.0
1970-01-01 00:27:39.722400,1,0,2.0
1970-01-01 00:27:39.726000,1,0,2.0
1970-01-01 00:27:39.808800,0,1,2.0
1970-01-01 00:27:39.812400,0,1,2.0
1970-01-01 00:27:39.816000,0,1,2.0
1970-01-01 00:27:39.819600,0,1,2.0
1970-01-01 00:27:39.823200,0,1,2.0
1970-01-01 00:27:39.844800,1,0,2.0
1970-01-01 00:27:39.848400,1,0,2.0
1970-01-01 00:27:39.852000,1,0,2.0
1970-01-01 00:27:39.855600,1,0,2.0
1970-01-01 00:27:39.859200,1,0,2.0
1970-01-01 00:27:39.862800,1,0,2.0
1970-01-01 00:27:39.902400,0,1,2.0
1970-01-01 00:27:39.906000,0,1,2.0
1970-01-01 00:27:39.916800,1,0,2.0
1970-01-01 00:27:39.920400,1,0,2.0
1970-01-01 00:27:39.924000,1,0,2.0
1970-01-01 00:27:39.927600,1,0,2.0
1970-01-01 00:27:39.931200,1,0,2.0
1970-01-01 00:27:39.934800,1,0,2.0
1970-01-01 00:27:39.938400,1,0,2.0
1970-01-01 00:27:39.942000,1,0,2.0
1970-01-01 00:27:39.952800,0,1,2.0
1970-01-01 00:27:39.956400,0,1,2.0
1970-01-01 00:27:39.960000,0,1,2.0
1970-01-01 00:27:39.963600,0,1,2.0
1970-01-01 00:27:39.985200,0,1,2.0
1970-01-01 00:27:39.988800,0,1,2.0
1970-01-01 00:27:40.014000,0,1,2.0
1970-01-01 00:27:40.017600,0,1,2.0
1970-01-01 00:27:40.021200,0,1,2.0
1970-01-01 00:27:40.024800,0,1,2.0
1970-01-01 00:27:40.028400,0,1,2.0
1970-01-01 00:27:40.032000,0,1,2.0
1970-01-01 00:27:40.035600,0,1,2.0
1970-01-01 00:27:40.039200,0,1,2.0
1970-01-01 00:27:40.046400,0,1,2.0
1970-01-01 00:27:40.111200,1,0,2.0
1970-01-01 00:27:40.114800,1,0,2.0
1970-01-01 00:27:40.118400,1,0,2.0
1970-01-01 00:27:40.122000,1,0,2.0
1970-01-01 00:27:40.125600,1,0,2.0
1970-01-01 00:27:40.129200,1,0,2.0
1970-01-01 00:27:40.197600,1,0,2.0
1970-01-01 00:27:40.201200,1,0,2.0
1970-01-01 00:27:40.204800,1,0,2.0
1970-01-01 00:27:40.208400,1,0,2.0
1970-01-01 00:27:40.212000,1,0,2.0
1970-01-01 00:27:40.215600,1,0,2.0
1970-01-01 00:27:40.219200,0,1,2.0
1970-01-01 00:27:40.280400,0,1,2.0
1970-01-01 00:27:40.287600,0,1,2.0
1970-01-01 00:27:40.291200,0,1,2.0
1970-01-01 00:27:40.294800,0,1,2.0
1970-01-01 00:27:40.305600,1,0,2.0
1970-01-01 00:27:40.309200,1,0,2.0
1970-01-01 00:27:40.312800,1,0,2.0
1970-01-01 00:27:40.323600,1,0,2.0
1970-01-01 00:27:40.334400,1,0,2.0
1970-01-01 00:27:40.338000,1,0,2.0
1970-01-01 00:27:40.341600,1,0,2.0
1970-01-01 00:27:40.345200,1,0,2.0
1970-01-01 00:27:40.348800,1,0,2.0
1970-01-01 00:27:40.352400,1,0,2.0
1970-01-01 00:27:40.381200,1,0,2.0
1970-01-01 00:27:40.384800,1,0,2.0
1970-01-01 00:27:40.388400,1,0,2.0
1970-01-01 00:27:40.392000,1,0,2.0
1970-01-01 00:27:40.395600,1,0,2.0
1970-01-01 00:27:40.399200,1,0,2.0
1970-01-01 00:27:40.402800,0,1,2.0
1970-01-01 00:27:40.406400,0,1,2.0
1970-01-01 00:27:40.410000,0,1,2.0
1970-01-01 00:27:40.428000,1,0,2.0
1970-01-01 00:27:40.431600,1,0,2.0
1970-01-01 00:27:40.460400,0,1,2.0
1970-01-01 00:27:40.467600,0,1,2.0
1970-01-01 00:27:40.471200,0,1,2.0
1970-01-01 00:27:40.474800,0,1,2.0
1970-01-01 00:27:40.482000,0,0,2.0
1970-01-01 00:27:40.485600,0,1,2.0
1970-01-01 00:27:40.489200,0,1,2.0
1970-01-01 00:27:40.507200,1,0,2.0
1970-01-01 00:27:40.510800,1,0,2.0
1970-01-01 00:27:40.514400,1,0,2.0
1970-01-01 00:27:40.518000,1,0,2.0
1970-01-01 00:27:40.521600,0,1,2.0
1970-01-01 00:27:40.525200,0,1,2.0
1970-01-01 00:27:40.528800,0,1,2.0
1970-01-01 00:27:40.532400,0,1,2.0
1970-01-01 00:27:40.536000,0,1,2.0
1970-01-01 00:27:40.539600,0,1,2.0
1970-01-01 00:27:40.579200,0,1,2.0
1970-01-01 00:27:40.672800,1,0,2.0
1970-01-01 00:27:40.676400,1,0,2.0
1970-01-01 00:27:40.680000,1,0,2.0
1970-01-01 00:27:40.683600,1,0,2.0
1970-01-01 00:27:40.687200,1,0,2.0
1970-01-01 00:27:40.690800,1,0,2.0
1970-01-01 00:27:40.694400,1,0,2.0
1970-01-01 00:27:40.698000,1,0,2.0
1970-01-01 00:27:40.705200,0,1,2.0
1970-01-01 00:27:40.708800,0,1,2.0
1970-01-01 00:27:40.712400,0,1,2.0
1970-01-01 00:27:40.716000,0,1,2.0
1970-01-01 00:27:40.719600,0,1,2.0
1970-01-01 00:27:40.723200,0,1,2.0
1970-01-01 00:27:40.726800,0,1,2.0
1970-01-01 00:27:40.730400,0,1,2.0
1970-01-01 00:27:40.734000,0,1,2.0
1970-01-01 00:27:40.824000,0,1,2.0
1970-01-01 00:27:40.845600,0,1,2.0
1970-01-01 00:27:40.849200,0,1,2.0
1970-01-01 00:27:40.852800,0,1,2.0
1970-01-01 00:27:40.856400,0,1,2.0
1970-01-01 00:27:40.860000,0,1,2.0
1970-01-01 00:27:40.863600,0,1,2.0
1970-01-01 00:27:40.867200,0,1,2.0
1970-01-01 00:27:40.870800,0,1,2.0
1970-01-01 00:27:40.874400,0,1,2.0
1970-01-01 00:27:40.878000,0,1,2.0
1970-01-01 00:27:40.881600,0,1,2.0
1970-01-01 00:27:40.885200,0,1,2.0
1970-01-01 00:27:40.924800,0,1,2.0
1970-01-01 00:27:40.939200,0,1,2.0
1970-01-01 00:27:40.946400,1,0,2.0
1970-01-01 00:27:40.950000,1,0,2.0
1970-01-01 00:27:41.000400,0,1,2.0
1970-01-01 00:27:41.004000,0,1,2.0
1970-01-01 00:27:41.007600,0,1,2.0
1970-01-01 00:27:41.011200,0,1,2.0
1970-01-01 00:27:41.014800,0,1,2.0
1970-01-01 00:27:41.018400,0,1,2.0
1970-01-01 00:27:41.022000,1,0,2.0
1970-01-01 00:27:41.025600,1,0,2.0
1970-01-01 00:27:41.061600,1,0,2.0
1970-01-01 00:27:41.119200,0,1,2.0
1970-01-01 00:27:41.122800,0,1,2.0
1970-01-01 00:27:41.126400,0,1,2.0
1970-01-01 00:27:41.130000,0,1,2.0
1970-01-01 00:27:41.133600,0,1,2.0
1970-01-01 00:27:41.137200,0,1,2.0
1970-01-01 00:27:41.140800,0,1,2.0
1970-01-01 00:27:41.144400,0,1,2.0
1970-01-01 00:27:41.151600,1,0,2.0
1970-01-01 00:27:41.155200,1,0,2.0
1970-01-01 00:27:41.158800,1,0,2.0
1970-01-01 00:27:41.162400,1,0,2.0
1970-01-01 00:27:41.166000,1,0,2.0
1970-01-01 00:27:41.169600,1,0,2.0
1970-01-01 00:27:41.173200,1,0,2.0
1970-01-01 00:27:41.176800,1,0,2.0
1970-01-01 00:27:41.209200,0,1,2.0
1970-01-01 00:27:41.212800,0,1,2.0
1970-01-01 00:27:41.216400,0,1,2.0
1970-01-01 00:27:41.220000,0,1,2.0
1970-01-01 00:27:41.223600,0,1,2.0
1970-01-01 00:27:41.227200,0,1,2.0
1970-01-01 00:27:41.230800,1,0,2.0
1970-01-01 00:27:41.234400,1,0,2.0
1970-01-01 00:27:41.295600,0,1,2.0
1970-01-01 00:27:41.335200,1,0,2.0
1970-01-01 00:27:41.396400,1,0,2.0
1970-01-01 00:27:41.439600,1,0,2.0
1970-01-01 00:27:41.443200,1,0,2.0
1970-01-01 00:27:41.454000,0,1,2.0
1970-01-01 00:27:41.457600,0,1,2.0
1970-01-01 00:27:41.461200,0,1,2.0
1970-01-01 00:27:41.464800,0,1,2.0
1970-01-01 00:27:41.468400,0,1,2.0
1970-01-01 00:27:41.479200,0,1,2.0
1970-01-01 00:27:41.493600,1,0,2.0
1970-01-01 00:27:41.497200,1,0,2.0
1970-01-01 00:27:41.500800,1,0,2.0
1970-01-01 00:27:41.515200,0,1,2.0
1970-01-01 00:27:41.518800,0,1,2.0
1970-01-01 00:27:41.522400,0,1,2.0
1970-01-01 00:27:41.544000,0,1,2.0
1970-01-01 00:27:41.547600,0,1,2.0
1970-01-01 00:27:41.659200,1,0,2.0
1970-01-01 00:27:41.662800,1,0,2.0
1970-01-01 00:27:41.666400,1,0,2.0
1970-01-01 00:27:41.670000,1,0,2.0
1970-01-01 00:27:41.673600,1,0,2.0
1970-01-01 00:27:41.677200,1,0,2.0
1970-01-01 00:27:41.680800,1,0,2.0
1970-01-01 00:27:41.684400,1,0,2.0
1970-01-01 00:27:41.688000,1,0,2.0
1970-01-01 00:27:41.691600,1,0,2.0
1970-01-01 00:27:41.706000,0,1,2.0
1970-01-01 00:27:41.709600,0,1,2.0
1970-01-01 00:27:41.713200,0,1,2.0
1970-01-01 00:27:41.716800,0,1,2.0
1970-01-01 00:27:41.720400,0,1,2.0
1970-01-01 00:27:41.724000,0,1,2.0
1970-01-01 00:27:41.727600,1,0,2.0
1970-01-01 00:27:41.731200,1,0,2.0
1970-01-01 00:27:41.752800,1,0,2.0
1970-01-01 00:27:41.756400,1,0,2.0
1970-01-01 00:27:41.760000,1,0,2.0
1970-01-01 00:27:41.763600,1,0,2.0
1970-01-01 00:27:41.767200,1,0,2.0
1970-01-01 00:27:41.770800,1,0,2.0
1970-01-01 00:27:41.814000,0,1,2.0
1970-01-01 00:27:41.821200,1,0,2.0
1970-01-01 00:27:41.846400,0,1,2.0
1970-01-01 00:27:41.850000,0,1,2.0
1970-01-01 00:27:41.853600,0,1,2.0
1970-01-01 00:27:41.857200,0,1,2.0
1970-01-01 00:27:41.860800,0,1,2.0
1970-01-01 00:27:41.864400,0,1,2.0
1970-01-01 00:27:41.875200,1,0,2.0
1970-01-01 00:27:41.878800,1,0,2.0
1970-01-01 00:27:41.882400,1,0,2.0
1970-01-01 00:27:41.893200,1,0,2.0
1970-01-01 00:27:41.900400,1,0,2.0
1970-01-01 00:27:41.961600,1,0,2.0
1970-01-01 00:27:41.965200,1,0,2.0
1970-01-01 00:27:41.979600,0,1,2.0
1970-01-01 00:27:41.986800,1,0,2.0
1970-01-01 00:27:41.990400,1,0,2.0
1970-01-01 00:27:42.001200,1,0,2.0
1970-01-01 00:27:42.008400,1,0,2.0
1970-01-01 00:27:42.012000,1,0,2.0
1970-01-01 00:27:42.015600,1,0,2.0
1970-01-01 00:27:42.030000,0,1,2.0
1970-01-01 00:27:42.040800,1,0,2.0
1970-01-01 00:27:42.044400,1,0,2.0
1970-01-01 00:27:42.048000,1,0,2.0
1970-01-01 00:27:42.051600,1,0,2.0
1970-01-01 00:27:42.098400,1,0,2.0
1970-01-01 00:27:42.102000,1,0,2.0
1970-01-01 00:27:42.105600,1,0,2.0
1970-01-01 00:27:42.109200,1,0,2.0
1970-01-01 00:27:42.112800,1,0,2.0
1970-01-01 00:27:42.116400,1,0,2.0
1970-01-01 00:27:42.120000,1,0,2.0
1970-01-01 00:27:42.123600,1,0,2.0
1970-01-01 00:27:42.127200,1,0,2.0
1970-01-01 00:27:42.224400,0,1,2.0
1970-01-01 00:27:42.228000,0,1,2.0
1970-01-01 00:27:42.231600,0,1,2.0
1970-01-01 00:27:42.235200,0,1,2.0
1970-01-01 00:27:42.238800,0,1,2.0
1970-01-01 00:27:42.274800,1,0,2.0
1970-01-01 00:27:42.278400,0,1,2.0
1970-01-01 00:27:42.282000,0,1,2.0
1970-01-01 00:27:42.285600,0,1,2.0
1970-01-01 00:27:42.289200,0,1,2.0
1970-01-01 00:27:42.292800,0,1,2.0
1970-01-01 00:27:42.300000,1,0,2.0
1970-01-01 00:27:42.303600,1,0,2.0
1970-01-01 00:27:42.310800,1,0,2.0
1970-01-01 00:27:42.314400,1,0,2.0
1970-01-01 00:27:42.318000,1,0,2.0
1970-01-01 00:27:42.325200,1,0,2.0
1970-01-01 00:27:42.332400,0,1,2.0
1970-01-01 00:27:42.400800,1,0,2.0
1970-01-01 00:27:42.404400,1,0,2.0
1970-01-01 00:27:42.408000,1,0,2.0
1970-01-01 00:27:42.411600,1,0,2.0
1970-01-01 00:27:42.415200,1,0,2.0
1970-01-01 00:27:42.418800,1,0,2.0
1970-01-01 00:27:42.422400,0,1,2.0
1970-01-01 00:27:42.462000,0,1,2.0
1970-01-01 00:27:42.465600,0,1,2.0
1970-01-01 00:27:42.469200,0,1,2.0
1970-01-01 00:27:42.472800,0,1,2.0
1970-01-01 00:27:42.476400,0,1,2.0
1970-01-01 00:27:42.480000,0,1,2.0
1970-01-01 00:27:42.483600,0,1,2.0
1970-01-01 00:27:42.494400,0,1,2.0
1970-01-01 00:27:42.498000,0,1,2.0
1970-01-01 00:27:42.544800,1,0,2.0
1970-01-01 00:27:42.548400,1,0,2.0
1970-01-01 00:27:42.559200,1,0,2.0
1970-01-01 00:27:42.562800,1,0,2.0
1970-01-01 00:27:42.566400,1,0,2.0
1970-01-01 00:27:42.570000,1,0,2.0
1970-01-01 00:27:42.573600,1,0,2.0
1970-01-01 00:27:42.577200,1,0,2.0
1970-01-01 00:27:42.588000,0,1,2.0
1970-01-01 00:27:42.642000,1,0,2.0
1970-01-01 00:27:42.649200,1,0,2.0
1970-01-01 00:27:42.652800,1,0,2.0
1970-01-01 00:27:42.670800,1,0,2.0
1970-01-01 00:27:42.674400,1,0,2.0
1970-01-01 00:27:42.678000,1,0,2.0
1970-01-01 00:27:42.681600,1,0,2.0
1970-01-01 00:27:42.685200,1,0,2.0
1970-01-01 00:27:42.688800,1,0,2.0
1970-01-01 00:27:42.692400,1,0,2.0
1970-01-01 00:27:42.696000,1,0,2.0
1970-01-01 00:27:42.757200,1,0,2.0
1970-01-01 00:27:42.793200,1,0,2.0
1970-01-01 00:27:42.796800,1,0,2.0
1970-01-01 00:27:42.800400,1,0,2.0
1970-01-01 00:27:42.804000,1,0,2.0
1970-01-01 00:27:42.807600,1,0,2.0
1970-01-01 00:27:42.814800,1,0,2.0
1970-01-01 00:27:42.861600,0,1,2.0
1970-01-01 00:27:42.912000,0,1,2.0
1970-01-01 00:27:42.919200,0,1,2.0
1970-01-01 00:27:42.922800,0,1,2.0
1970-01-01 00:27:42.926400,0,1,2.0
1970-01-01 00:27:42.933600,0,1,2.0
1970-01-01 00:27:42.937200,0,1,2.0
1970-01-01 00:27:42.940800,1,0,2.0
1970-01-01 00:27:42.944400,0,1,2.0
1970-01-01 00:27:42.951600,1,0,2.0
1970-01-01 00:27:43.027200,1,0,2.0
1970-01-01 00:27:43.030800,1,0,2.0
1970-01-01 00:27:43.034400,1,0,2.0
1970-01-01 00:27:43.041600,1,0,2.0
1970-01-01 00:27:43.045200,1,0,2.0
1970-01-01 00:27:43.048800,1,0,2.0
1970-01-01 00:27:43.052400,1,0,2.0
1970-01-01 00:27:43.056000,1,0,2.0
1970-01-01 00:27:43.059600,1,0,2.0
1970-01-01 00:27:43.066800,0,1,2.0
1970-01-01 00:27:43.070400,0,1,2.0
1970-01-01 00:27:43.074000,0,1,2.0
1970-01-01 00:27:43.077600,0,1,2.0
1970-01-01 00:27:43.081200,0,1,2.0
1970-01-01 00:27:43.084800,0,1,2.0
1970-01-01 00:27:43.088400,0,1,2.0
1970-01-01 00:27:43.153200,1,0,2.0
1970-01-01 00:27:43.228800,0,1,2.0
1970-01-01 00:27:43.232400,0,1,2.0
1970-01-01 00:27:43.236000,0,1,2.0
1970-01-01 00:27:43.239600,0,1,2.0
1970-01-01 00:27:43.243200,0,1,2.0
1970-01-01 00:27:43.246800,0,1,2.0
1970-01-01 00:27:43.250400,0,1,2.0
1970-01-01 00:27:43.315200,1,0,2.0
1970-01-01 00:27:43.326000,0,1,2.0
1970-01-01 00:27:43.394400,1,0,2.0
1970-01-01 00:27:43.398000,1,0,2.0
1970-01-01 00:27:43.401600,1,0,2.0
1970-01-01 00:27:43.405200,1,0,2.0
1970-01-01 00:27:43.408800,1,0,2.0
1970-01-01 00:27:43.412400,1,0,2.0
1970-01-01 00:27:43.416000,1,0,2.0
1970-01-01 00:27:43.419600,1,0,2.0
1970-01-01 00:27:43.437600,0,1,2.0
1970-01-01 00:27:43.441200,0,1,2.0
1970-01-01 00:27:43.444800,0,1,2.0
1970-01-01 00:27:43.470000,0,1,2.0
1970-01-01 00:27:43.473600,0,1,2.0
1970-01-01 00:27:43.477200,0,1,2.0
1970-01-01 00:27:43.484400,0,1,2.0
1970-01-01 00:27:43.488000,0,1,2.0
1970-01-01 00:27:43.502400,0,1,2.0
1970-01-01 00:27:43.506000,0,1,2.0
1970-01-01 00:27:43.513200,0,1,2.0
1970-01-01 00:27:43.516800,0,1,2.0
1970-01-01 00:27:43.520400,0,1,2.0
1970-01-01 00:27:43.524000,0,1,2.0
1970-01-01 00:27:43.527600,0,1,2.0
1970-01-01 00:27:43.531200,0,1,2.0
1970-01-01 00:27:43.534800,0,1,2.0
1970-01-01 00:27:43.538400,0,1,2.0
1970-01-01 00:27:43.542000,0,1,2.0
1970-01-01 00:27:43.545600,0,1,2.0
1970-01-01 00:27:43.549200,0,1,2.0
1970-01-01 00:27:43.552800,0,1,2.0
1970-01-01 00:27:43.671600,1,0,2.0
1970-01-01 00:27:43.675200,1,0,2.0
1970-01-01 00:27:43.678800,1,0,2.0
1970-01-01 00:27:43.682400,1,0,2.0
1970-01-01 00:27:43.689600,0,1,2.0
1970-01-01 00:27:43.718400,0,1,2.0
1970-01-01 00:27:43.736400,1,0,2.0
1970-01-01 00:27:43.740000,1,0,2.0
1970-01-01 00:27:43.743600,1,0,2.0
1970-01-01 00:27:43.747200,1,0,2.0
1970-01-01 00:27:43.750800,1,0,2.0
1970-01-01 00:27:43.754400,1,0,2.0
1970-01-01 00:27:43.765200,1,0,2.0
1970-01-01 00:27:43.768800,1,0,2.0
1970-01-01 00:27:43.783200,0,1,2.0
1970-01-01 00:27:43.786800,0,1,2.0
1970-01-01 00:27:43.790400,0,1,2.0
1970-01-01 00:27:43.844400,0,1,2.0
1970-01-01 00:27:43.848000,0,1,2.0
1970-01-01 00:27:43.855200,1,0,2.0
1970-01-01 00:27:43.880400,1,0,2.0
1970-01-01 00:27:43.891200,1,0,2.0
1970-01-01 00:27:43.902000,0,1,2.0
1970-01-01 00:27:43.905600,0,1,2.0
1970-01-01 00:27:43.909200,0,1,2.0
1970-01-01 00:27:43.912800,0,1,2.0
1970-01-01 00:27:43.916400,0,1,2.0
1970-01-01 00:27:43.923600,0,1,2.0
1970-01-01 00:27:43.934400,0,0,2.0
1970-01-01 00:27:43.938000,1,0,2.0
1970-01-01 00:27:43.941600,1,0,2.0
1970-01-01 00:27:43.945200,1,0,2.0
1970-01-01 00:27:43.948800,1,0,2.0
1970-01-01 00:27:43.952400,1,0,2.0
1970-01-01 00:27:43.956000,1,0,2.0
1970-01-01 00:27:44.035200,0,1,2.0
1970-01-01 00:27:44.038800,0,1,2.0
1970-01-01 00:27:44.042400,0,1,2.0
1970-01-01 00:27:44.046000,0,1,2.0
1970-01-01 00:27:44.049600,0,1,2.0
1970-01-01 00:27:44.053200,0,1,2.0
1970-01-01 00:27:44.060400,1,0,2.0
1970-01-01 00:27:44.118000,0,1,2.0
1970-01-01 00:27:44.121600,0,1,2.0
1970-01-01 00:27:44.125200,0,1,2.0
1970-01-01 00:27:44.128800,0,1,2.0
1970-01-01 00:27:44.132400,0,1,2.0
1970-01-01 00:27:44.136000,0,1,2.0
1970-01-01 00:27:44.154000,0,1,2.0
1970-01-01 00:27:44.164800,0,0,2.0
1970-01-01 00:27:44.168400,0,0,2.0
1970-01-01 00:27:44.172000,1,0,2.0
1970-01-01 00:27:44.175600,1,0,2.0
1970-01-01 00:27:44.218800,1,0,2.0
1970-01-01 00:27:44.222400,1,0,2.0
1970-01-01 00:27:44.226000,1,0,2.0
1970-01-01 00:27:44.229600,1,0,2.0
1970-01-01 00:27:44.233200,1,0,2.0
1970-01-01 00:27:44.236800,1,0,2.0
1970-01-01 00:27:44.272800,0,1,2.0
1970-01-01 00:27:44.276400,0,1,2.0
1970-01-01 00:27:44.280000,0,1,2.0
1970-01-01 00:27:44.283600,0,1,2.0
1970-01-01 00:27:44.287200,0,1,2.0
1970-01-01 00:27:44.290800,0,1,2.0
1970-01-01 00:27:44.344800,1,0,2.0
1970-01-01 00:27:44.352000,1,0,2.0
1970-01-01 00:27:44.355600,1,0,2.0
1970-01-01 00:27:44.442000,0,1,2.0
1970-01-01 00:27:44.445600,0,1,2.0
1970-01-01 00:27:44.449200,0,1,2.0
1970-01-01 00:27:44.456400,1,0,2.0
1970-01-01 00:27:44.528400,1,0,2.0
1970-01-01 00:27:44.532000,1,0,2.0
1970-01-01 00:27:44.535600,1,0,2.0
1970-01-01 00:27:44.539200,1,0,2.0
1970-01-01 00:27:44.542800,1,0,2.0
1970-01-01 00:27:44.546400,0,1,2.0
1970-01-01 00:27:44.550000,0,1,2.0
1970-01-01 00:27:44.553600,0,1,2.0
1970-01-01 00:27:44.557200,0,1,2.0
1970-01-01 00:27:44.560800,0,1,2.0
1970-01-01 00:27:44.622000,0,1,2.0
1970-01-01 00:27:44.625600,0,1,2.0
1970-01-01 00:27:44.629200,0,1,2.0
1970-01-01 00:27:44.632800,0,1,2.0
1970-01-01 00:27:44.636400,0,1,2.0
1970-01-01 00:27:44.683200,0,1,2.0
1970-01-01 00:27:44.686800,0,1,2.0
1970-01-01 00:27:44.694000,0,1,2.0
1970-01-01 00:27:44.697600,0,1,2.0
1970-01-01 00:27:44.701200,0,1,2.0
1970-01-01 00:27:44.730000,0,1,2.0
1970-01-01 00:27:44.733600,0,1,2.0
1970-01-01 00:27:44.737200,0,1,2.0
1970-01-01 00:27:44.740800,0,1,2.0
1970-01-01 00:27:44.744400,0,1,2.0
1970-01-01 00:27:44.748000,0,1,2.0
1970-01-01 00:27:44.751600,1,0,2.0
1970-01-01 00:27:44.769600,1,0,2.0
1970-01-01 00:27:44.784000,1,0,2.0
1970-01-01 00:27:44.802000,1,0,2.0
1970-01-01 00:27:44.830800,1,0,2.0
1970-01-01 00:27:44.856000,1,0,2.0
1970-01-01 00:27:44.859600,1,0,2.0
1970-01-01 00:27:44.892000,1,0,2.0
1970-01-01 00:27:44.895600,1,0,2.0
1970-01-01 00:27:44.899200,1,0,2.0
1970-01-01 00:27:44.902800,1,0,2.0
1970-01-01 00:27:44.913600,0,1,2.0
1970-01-01 00:27:44.917200,0,1,2.0
1970-01-01 00:27:44.938800,0,1,2.0
1970-01-01 00:27:44.946000,0,1,2.0
1970-01-01 00:27:44.949600,0,1,2.0
1970-01-01 00:27:44.953200,0,1,2.0
1970-01-01 00:27:44.956800,0,1,2.0
1970-01-01 00:27:44.964000,0,1,2.0
1970-01-01 00:27:44.971200,1,0,2.0
1970-01-01 00:27:44.974800,1,0,2.0
1970-01-01 00:27:44.978400,1,0,2.0
1970-01-01 00:27:44.982000,1,0,2.0
1970-01-01 00:27:45.068400,0,1,2.0
1970-01-01 00:27:45.072000,0,1,2.0
1970-01-01 00:27:45.075600,0,1,2.0
1970-01-01 00:27:45.118800,0,1,2.0
1970-01-01 00:27:45.126000,0,1,2.0
1970-01-01 00:27:45.129600,0,1,2.0
1970-01-01 00:27:45.133200,0,1,2.0
1970-01-01 00:27:45.136800,0,1,2.0
1970-01-01 00:27:45.140400,0,1,2.0
1970-01-01 00:27:45.234000,0,1,2.0
1970-01-01 00:27:45.241200,0,1,2.0
1970-01-01 00:27:45.244800,0,1,2.0
1970-01-01 00:27:45.248400,0,1,2.0
1970-01-01 00:27:45.252000,0,1,2.0
1970-01-01 00:27:45.262800,1,0,2.0
1970-01-01 00:27:45.266400,1,0,2.0
1970-01-01 00:27:45.270000,1,0,2.0
1970-01-01 00:27:45.273600,1,0,2.0
1970-01-01 00:27:45.277200,1,0,2.0
1970-01-01 00:27:45.280800,1,0,2.0
1970-01-01 00:27:45.284400,1,0,2.0
1970-01-01 00:27:45.288000,1,0,2.0
1970-01-01 00:27:45.338400,1,0,2.0
1970-01-01 00:27:45.342000,1,0,2.0
1970-01-01 00:27:45.345600,1,0,2.0
1970-01-01 00:27:45.349200,1,0,2.0
1970-01-01 00:27:45.352800,1,0,2.0
1970-01-01 00:27:45.356400,1,0,2.0
1970-01-01 00:27:45.367200,0,1,2.0
1970-01-01 00:27:45.370800,0,1,2.0
1970-01-01 00:27:45.374400,0,1,2.0
1970-01-01 00:27:45.378000,0,1,2.0
1970-01-01 00:27:45.381600,0,1,2.0
1970-01-01 00:27:45.385200,0,1,2.0
1970-01-01 00:27:45.424800,0,1,2.0
1970-01-01 00:27:45.428400,0,1,2.0
1970-01-01 00:27:45.432000,0,1,2.0
1970-01-01 00:27:45.435600,0,1,2.0
1970-01-01 00:27:45.439200,0,1,2.0
1970-01-01 00:27:45.442800,0,1,2.0
1970-01-01 00:27:45.493200,1,0,2.0
1970-01-01 00:27:45.500400,0,1,2.0
1970-01-01 00:27:45.504000,0,1,2.0
1970-01-01 00:27:45.511200,1,0,2.0
1970-01-01 00:27:45.561600,0,1,2.0
1970-01-01 00:27:45.565200,0,1,2.0
1970-01-01 00:27:45.619200,0,1,2.0
1970-01-01 00:27:45.622800,0,1,2.0
1970-01-01 00:27:45.626400,0,1,2.0
1970-01-01 00:27:45.630000,0,1,2.0
1970-01-01 00:27:45.633600,0,1,2.0
1970-01-01 00:27:45.637200,0,1,2.0
1970-01-01 00:27:45.640800,0,1,2.0
1970-01-01 00:27:45.644400,0,1,2.0
1970-01-01 00:27:45.648000,0,1,2.0
1970-01-01 00:27:45.651600,0,1,2.0
1970-01-01 00:27:45.655200,1,0,2.0
1970-01-01 00:27:45.662400,1,0,2.0
1970-01-01 00:27:45.666000,1,0,2.0
1970-01-01 00:27:45.669600,1,0,2.0
1970-01-01 00:27:45.705600,1,0,2.0
1970-01-01 00:27:45.734400,1,0,2.0
1970-01-01 00:27:45.738000,0,1,2.0
1970-01-01 00:27:45.741600,0,1,2.0
1970-01-01 00:27:45.745200,0,1,2.0
1970-01-01 00:27:45.748800,0,1,2.0
1970-01-01 00:27:45.752400,0,1,2.0
1970-01-01 00:27:45.835200,0,1,2.0
1970-01-01 00:27:45.838800,0,1,2.0
1970-01-01 00:27:45.842400,0,1,2.0
1970-01-01 00:27:45.846000,0,1,2.0
1970-01-01 00:27:45.849600,0,1,2.0
1970-01-01 00:27:45.853200,0,1,2.0
1970-01-01 00:27:45.856800,0,1,2.0
1970-01-01 00:27:45.860400,0,1,2.0
1970-01-01 00:27:45.874800,1,0,2.0
1970-01-01 00:27:45.925200,1,0,2.0
1970-01-01 00:27:45.928800,1,0,2.0
1970-01-01 00:27:45.932400,1,0,2.0
1970-01-01 00:27:45.936000,1,0,2.0
1970-01-01 00:27:45.939600,1,0,2.0
1970-01-01 00:27:45.943200,1,0,2.0
1970-01-01 00:27:45.946800,0,1,2.0
1970-01-01 00:27:45.950400,0,1,2.0
1970-01-01 00:27:45.954000,1,0,2.0
1970-01-01 00:27:45.993600,1,0,2.0
1970-01-01 00:27:46.054800,1,0,2.0
1970-01-01 00:27:46.058400,1,0,2.0
1970-01-01 00:27:46.076400,0,1,2.0
1970-01-01 00:27:46.094400,0,1,2.0
1970-01-01 00:27:46.098000,0,1,2.0
1970-01-01 00:27:46.112400,0,1,2.0
1970-01-01 00:27:46.116000,1,0,2.0
1970-01-01 00:27:46.206000,0,1,2.0
1970-01-01 00:27:46.209600,0,1,2.0
1970-01-01 00:27:46.213200,0,1,2.0
1970-01-01 00:27:46.220400,1,0,2.0
1970-01-01 00:27:46.224000,1,0,2.0
1970-01-01 00:27:46.227600,1,0,2.0
1970-01-01 00:27:46.231200,1,0,2.0
1970-01-01 00:27:46.234800,1,0,2.0
1970-01-01 00:27:46.267200,0,0,2.0
1970-01-01 00:27:46.270800,0,1,2.0
1970-01-01 00:27:46.274400,0,1,2.0
1970-01-01 00:27:46.278000,0,1,2.0
1970-01-01 00:27:46.281600,0,1,2.0
1970-01-01 00:27:46.317600,0,1,2.0
1970-01-01 00:27:46.328400,0,1,2.0
1970-01-01 00:27:46.332000,0,1,2.0
1970-01-01 00:27:46.335600,0,1,2.0
1970-01-01 00:27:46.339200,1,0,2.0
1970-01-01 00:27:46.342800,1,0,2.0
1970-01-01 00:27:46.346400,1,0,2.0
1970-01-01 00:27:46.350000,1,0,2.0
1970-01-01 00:27:46.353600,1,0,2.0
1970-01-01 00:27:46.414800,1,0,2.0
1970-01-01 00:27:46.418400,1,0,2.0
1970-01-01 00:27:46.422000,1,0,2.0
1970-01-01 00:27:46.425600,1,0,2.0
1970-01-01 00:27:46.429200,1,0,2.0
1970-01-01 00:27:46.432800,1,0,2.0
1970-01-01 00:27:46.436400,1,0,2.0
1970-01-01 00:27:46.440000,1,0,2.0
1970-01-01 00:27:46.468800,0,1,2.0
1970-01-01 00:27:46.522800,1,0,2.0
1970-01-01 00:27:46.526400,1,0,2.0
1970-01-01 00:27:46.530000,1,0,2.0
1970-01-01 00:27:46.533600,1,0,2.0
1970-01-01 00:27:46.537200,1,0,2.0
1970-01-01 00:27:46.540800,1,0,2.0
1970-01-01 00:27:46.544400,1,0,2.0
1970-01-01 00:27:46.548000,1,0,2.0
1970-01-01 00:27:46.551600,1,0,2.0
1970-01-01 00:27:46.555200,1,0,2.0
1970-01-01 00:27:46.558800,1,0,2.0
1970-01-01 00:27:46.566000,0,1,2.0
1970-01-01 00:27:46.569600,0,1,2.0
1970-01-01 00:27:46.573200,0,1,2.0
1970-01-01 00:27:46.576800,0,1,2.0
1970-01-01 00:27:46.602000,0,1,2.0
1970-01-01 00:27:46.605600,0,1,2.0
1970-01-01 00:27:46.609200,0,1,2.0
1970-01-01 00:27:46.612800,0,1,2.0
1970-01-01 00:27:46.684800,1,0,2.0
1970-01-01 00:27:46.688400,1,0,2.0
1970-01-01 00:27:46.692000,1,0,2.0
1970-01-01 00:27:46.695600,1,0,2.0
1970-01-01 00:27:46.699200,1,0,2.0
1970-01-01 00:27:46.702800,1,0,2.0
1970-01-01 00:27:46.706400,1,0,2.0
1970-01-01 00:27:46.710000,1,0,2.0
1970-01-01 00:27:46.713600,1,0,2.0
1970-01-01 00:27:46.717200,1,0,2.0
1970-01-01 00:27:46.720800,1,0,2.0
1970-01-01 00:27:46.724400,0,1,2.0
1970-01-01 00:27:46.756800,1,0,2.0
1970-01-01 00:27:46.760400,1,0,2.0
1970-01-01 00:27:46.764000,1,0,2.0
1970-01-01 00:27:46.767600,1,0,2.0
1970-01-01 00:27:46.778400,0,1,2.0
1970-01-01 00:27:46.792800,0,1,2.0
1970-01-01 00:27:46.846800,0,1,2.0
1970-01-01 00:27:46.872000,0,1,2.0
1970-01-01 00:27:46.893600,0,1,2.0
1970-01-01 00:27:46.897200,0,1,2.0
1970-01-01 00:27:46.918800,0,1,2.0
1970-01-01 00:27:46.926000,0,1,2.0
1970-01-01 00:27:46.929600,0,1,2.0
1970-01-01 00:27:46.933200,0,1,2.0
1970-01-01 00:27:46.940400,1,0,2.0
1970-01-01 00:27:46.951200,1,0,2.0
1970-01-01 00:27:46.954800,1,0,2.0
1970-01-01 00:27:46.958400,1,0,2.0
1970-01-01 00:27:47.008800,1,0,2.0
1970-01-01 00:27:47.016000,1,0,2.0
1970-01-01 00:27:47.019600,1,0,2.0
1970-01-01 00:27:47.023200,1,0,2.0
1970-01-01 00:27:47.026800,1,0,2.0
1970-01-01 00:27:47.037600,1,0,2.0
1970-01-01 00:27:47.041200,1,0,2.0
1970-01-01 00:27:47.044800,1,0,2.0
1970-01-01 00:27:47.048400,1,0,2.0
1970-01-01 00:27:47.052000,1,0,2.0
1970-01-01 00:27:47.080800,1,0,2.0
1970-01-01 00:27:47.088000,1,0,2.0
1970-01-01 00:27:47.113200,0,1,2.0
1970-01-01 00:27:47.116800,0,1,2.0
1970-01-01 00:27:47.156400,0,1,2.0
1970-01-01 00:27:47.160000,0,1,2.0
1970-01-01 00:27:47.163600,0,1,2.0
1970-01-01 00:27:47.188800,1,0,2.0
1970-01-01 00:27:47.192400,1,0,2.0
1970-01-01 00:27:47.196000,1,0,2.0
1970-01-01 00:27:47.203200,1,0,2.0
1970-01-01 00:27:47.206800,0,1,2.0
1970-01-01 00:27:47.210400,0,1,2.0
1970-01-01 00:27:47.214000,0,1,2.0
1970-01-01 00:27:47.217600,0,1,2.0
1970-01-01 00:27:47.275200,1,0,2.0
1970-01-01 00:27:47.278800,1,0,2.0
1970-01-01 00:27:47.286000,0,1,2.0
1970-01-01 00:27:47.289600,0,1,2.0
1970-01-01 00:27:47.293200,0,1,2.0
1970-01-01 00:27:47.296800,0,1,2.0
1970-01-01 00:27:47.300400,0,1,2.0
1970-01-01 00:27:47.304000,0,1,2.0
1970-01-01 00:27:47.354400,1,0,2.0
1970-01-01 00:27:47.361600,1,0,2.0
1970-01-01 00:27:47.365200,1,0,2.0
1970-01-01 00:27:47.368800,1,0,2.0
1970-01-01 00:27:47.372400,1,0,2.0
1970-01-01 00:27:47.376000,0,1,2.0
1970-01-01 00:27:47.379600,1,0,2.0
1970-01-01 00:27:47.383200,1,0,2.0
1970-01-01 00:27:47.415600,1,0,2.0
1970-01-01 00:27:47.419200,1,0,2.0
1970-01-01 00:27:47.422800,1,0,2.0
1970-01-01 00:27:47.426400,1,0,2.0
1970-01-01 00:27:47.430000,1,0,2.0
1970-01-01 00:27:47.480400,1,0,2.0
1970-01-01 00:27:47.484000,1,0,2.0
1970-01-01 00:27:47.487600,1,0,2.0
1970-01-01 00:27:47.494800,1,0,2.0
1970-01-01 00:27:47.512800,1,0,2.0
1970-01-01 00:27:47.516400,1,0,2.0
1970-01-01 00:27:47.520000,1,0,2.0
1970-01-01 00:27:47.523600,1,0,2.0
1970-01-01 00:27:47.527200,1,0,2.0
1970-01-01 00:27:47.530800,1,0,2.0
1970-01-01 00:27:47.534400,1,0,2.0
1970-01-01 00:27:47.538000,1,0,2.0
1970-01-01 00:27:47.541600,1,0,2.0
1970-01-01 00:27:47.545200,1,0,2.0
1970-01-01 00:27:47.548800,1,0,2.0
1970-01-01 00:27:47.552400,1,0,2.0
1970-01-01 00:27:47.556000,1,0,2.0
1970-01-01 00:27:47.559600,1,0,2.0
1970-01-01 00:27:47.563200,1,0,2.0
1970-01-01 00:27:47.566800,1,0,2.0
1970-01-01 00:27:47.635200,1,0,2.0
1970-01-01 00:27:47.638800,1,0,2.0
1970-01-01 00:27:47.682000,0,1,2.0
1970-01-01 00:27:47.685600,0,1,2.0
1970-01-01 00:27:47.710800,1,0,2.0
1970-01-01 00:27:47.754000,0,1,2.0
1970-01-01 00:27:47.757600,0,1,2.0
1970-01-01 00:27:47.775600,1,0,2.0
1970-01-01 00:27:47.779200,1,0,2.0
1970-01-01 00:27:47.782800,0,1,2.0
1970-01-01 00:27:47.786400,0,1,2.0
1970-01-01 00:27:47.790000,0,1,2.0
1970-01-01 00:27:47.793600,0,1,2.0
1970-01-01 00:27:47.797200,0,1,2.0
1970-01-01 00:27:47.851200,0,1,2.0
1970-01-01 00:27:47.854800,0,1,2.0
1970-01-01 00:27:47.858400,0,1,2.0
1970-01-01 00:27:47.862000,0,1,2.0
1970-01-01 00:27:47.865600,0,1,2.0
1970-01-01 00:27:47.869200,0,1,2.0
1970-01-01 00:27:47.872800,0,1,2.0
1970-01-01 00:27:47.901600,1,0,2.0
1970-01-01 00:27:47.905200,1,0,2.0
1970-01-01 00:27:47.919600,0,1,2.0
1970-01-01 00:27:47.923200,0,1,2.0
1970-01-01 00:27:47.926800,0,1,2.0
1970-01-01 00:27:47.930400,0,1,2.0
1970-01-01 00:27:47.991600,0,1,2.0
1970-01-01 00:27:47.995200,0,1,2.0
1970-01-01 00:27:47.998800,0,1,2.0
1970-01-01 00:27:48.002400,0,1,2.0
1970-01-01 00:27:48.006000,0,1,2.0
1970-01-01 00:27:48.009600,0,1,2.0
1970-01-01 00:27:48.013200,0,1,2.0
1970-01-01 00:27:48.016800,0,1,2.0
1970-01-01 00:27:48.020400,0,1,2.0
1970-01-01 00:27:48.024000,0,1,2.0
1970-01-01 00:27:48.027600,1,0,2.0
1970-01-01 00:27:48.031200,1,0,2.0
1970-01-01 00:27:48.034800,1,0,2.0
1970-01-01 00:27:48.063600,1,0,2.0
1970-01-01 00:27:48.067200,1,0,2.0
1970-01-01 00:27:48.070800,1,0,2.0
1970-01-01 00:27:48.074400,1,0,2.0
1970-01-01 00:27:48.078000,1,0,2.0
1970-01-01 00:27:48.081600,1,0,2.0
1970-01-01 00:27:48.103200,1,0,2.0
1970-01-01 00:27:48.106800,1,0,2.0
1970-01-01 00:27:48.110400,1,0,2.0
1970-01-01 00:27:48.114000,1,0,2.0
1970-01-01 00:27:48.135600,1,0,2.0
1970-01-01 00:27:48.153600,0,1,2.0
1970-01-01 00:27:48.168000,0,1,2.0
1970-01-01 00:27:48.207600,0,1,2.0
1970-01-01 00:27:48.297600,0,1,2.0
1970-01-01 00:27:48.304800,0,1,2.0
1970-01-01 00:27:48.308400,0,1,2.0
1970-01-01 00:27:48.312000,0,1,2.0
1970-01-01 00:27:48.315600,0,1,2.0
1970-01-01 00:27:48.319200,0,1,2.0
1970-01-01 00:27:48.322800,0,1,2.0
1970-01-01 00:27:48.351600,0,1,2.0
1970-01-01 00:27:48.376800,0,1,2.0
1970-01-01 00:27:48.380400,0,1,2.0
1970-01-01 00:27:48.384000,0,1,2.0
1970-01-01 00:27:48.387600,0,1,2.0
1970-01-01 00:27:48.398400,1,0,2.0
1970-01-01 00:27:48.402000,1,0,2.0
1970-01-01 00:27:48.456000,1,0,2.0
1970-01-01 00:27:48.459600,1,0,2.0
1970-01-01 00:27:48.463200,1,0,2.0
1970-01-01 00:27:48.528000,0,1,2.0
1970-01-01 00:27:48.531600,0,1,2.0
1970-01-01 00:27:48.546000,1,0,2.0
1970-01-01 00:27:48.549600,1,0,2.0
1970-01-01 00:27:48.553200,1,0,2.0
1970-01-01 00:27:48.556800,1,0,2.0
1970-01-01 00:27:48.560400,1,0,2.0
1970-01-01 00:27:48.564000,0,1,2.0
1970-01-01 00:27:48.571200,0,1,2.0
1970-01-01 00:27:48.574800,0,1,2.0
1970-01-01 00:27:48.578400,0,1,2.0
1970-01-01 00:27:48.582000,0,1,2.0
1970-01-01 00:27:48.646800,1,0,2.0
1970-01-01 00:27:48.650400,1,0,2.0
1970-01-01 00:27:48.654000,1,0,2.0
1970-01-01 00:27:48.657600,1,0,2.0
1970-01-01 00:27:48.661200,1,0,2.0
1970-01-01 00:27:48.664800,1,0,2.0
1970-01-01 00:27:48.679200,1,0,2.0
1970-01-01 00:27:48.686400,1,0,2.0
1970-01-01 00:27:48.690000,1,0,2.0
1970-01-01 00:27:48.693600,1,0,2.0
1970-01-01 00:27:48.697200,1,0,2.0
1970-01-01 00:27:48.700800,1,0,2.0
1970-01-01 00:27:48.704400,1,0,2.0
1970-01-01 00:27:48.708000,1,0,2.0
1970-01-01 00:27:48.711600,1,0,2.0
1970-01-01 00:27:48.754800,1,0,2.0
1970-01-01 00:27:48.769200,0,1,2.0
1970-01-01 00:27:48.772800,0,1,2.0
1970-01-01 00:27:48.776400,0,1,2.0
1970-01-01 00:27:48.819600,1,0,2.0
1970-01-01 00:27:48.823200,1,0,2.0
1970-01-01 00:27:48.826800,1,0,2.0
1970-01-01 00:27:48.830400,1,0,2.0
1970-01-01 00:27:48.834000,1,0,2.0
1970-01-01 00:27:48.837600,1,0,2.0
1970-01-01 00:27:48.877200,1,0,2.0
1970-01-01 00:27:48.884400,1,0,2.0
1970-01-01 00:27:48.909600,0,1,2.0
1970-01-01 00:27:48.913200,0,1,2.0
1970-01-01 00:27:48.916800,0,1,2.0
1970-01-01 00:27:48.920400,0,1,2.0
1970-01-01 00:27:48.924000,0,1,2.0
1970-01-01 00:27:48.927600,0,1,2.0
1970-01-01 00:27:48.931200,0,1,2.0
1970-01-01 00:27:48.934800,0,1,2.0
1970-01-01 00:27:48.978000,1,0,2.0
1970-01-01 00:27:48.985200,0,1,2.0
1970-01-01 00:27:48.988800,0,1,2.0
1970-01-01 00:27:48.992400,0,1,2.0
1970-01-01 00:27:48.996000,0,1,2.0
1970-01-01 00:27:49.064400,1,0,2.0
1970-01-01 00:27:49.096800,1,0,2.0
1970-01-01 00:27:49.100400,1,0,2.0
1970-01-01 00:27:49.104000,1,0,2.0
1970-01-01 00:27:49.107600,1,0,2.0
1970-01-01 00:27:49.111200,1,0,2.0
1970-01-01 00:27:49.114800,1,0,2.0
1970-01-01 00:27:49.118400,1,0,2.0
1970-01-01 00:27:49.147200,1,0,2.0
1970-01-01 00:27:49.150800,1,0,2.0
1970-01-01 00:27:49.154400,1,0,2.0
1970-01-01 00:27:49.158000,1,0,2.0
1970-01-01 00:27:49.161600,1,0,2.0
1970-01-01 00:27:49.165200,1,0,2.0
1970-01-01 00:27:49.168800,1,0,2.0
1970-01-01 00:27:49.330800,0,1,2.0
1970-01-01 00:27:49.345200,0,1,2.0
1970-01-01 00:27:49.384800,0,1,2.0
1970-01-01 00:27:49.413600,1,0,2.0
1970-01-01 00:27:49.417200,1,0,2.0
1970-01-01 00:27:49.420800,1,0,2.0
1970-01-01 00:27:49.424400,1,0,2.0
1970-01-01 00:27:49.428000,1,0,2.0
1970-01-01 00:27:49.431600,1,0,2.0
1970-01-01 00:27:49.464000,0,1,2.0
1970-01-01 00:27:49.467600,0,1,2.0
1970-01-01 00:27:49.521600,1,0,2.0
1970-01-01 00:27:49.525200,1,0,2.0
1970-01-01 00:27:49.528800,1,0,2.0
1970-01-01 00:27:49.543200,0,1,2.0
1970-01-01 00:27:49.554000,0,1,2.0
1970-01-01 00:27:49.557600,0,1,2.0
1970-01-01 00:27:49.572000,0,1,2.0
1970-01-01 00:27:49.575600,0,1,2.0
1970-01-01 00:27:49.579200,0,1,2.0
1970-01-01 00:27:49.582800,0,1,2.0
1970-01-01 00:27:49.586400,0,1,2.0
1970-01-01 00:27:49.590000,0,1,2.0
1970-01-01 00:27:49.593600,0,1,2.0
1970-01-01 00:27:49.629600,1,0,2.0
1970-01-01 00:27:49.633200,1,0,2.0
1970-01-01 00:27:49.636800,1,0,2.0
1970-01-01 00:27:49.640400,1,0,2.0
1970-01-01 00:27:49.644000,1,0,2.0
1970-01-01 00:27:49.647600,1,0,2.0
1970-01-01 00:27:49.658400,1,0,2.0
1970-01-01 00:27:49.665600,1,0,2.0
1970-01-01 00:27:49.669200,1,0,2.0
1970-01-01 00:27:49.672800,1,0,2.0
1970-01-01 00:27:49.676400,1,0,2.0
1970-01-01 00:27:49.734000,1,0,2.0
1970-01-01 00:27:49.744800,0,0,2.0
1970-01-01 00:27:49.748400,1,0,2.0
1970-01-01 00:27:49.752000,1,0,2.0
1970-01-01 00:27:49.755600,1,0,2.0
1970-01-01 00:27:49.759200,1,0,2.0
1970-01-01 00:27:49.762800,1,0,2.0
1970-01-01 00:27:49.827600,1,0,2.0
1970-01-01 00:27:49.845600,0,1,2.0
1970-01-01 00:27:49.849200,0,1,2.0
1970-01-01 00:27:49.928400,0,1,2.0
1970-01-01 00:27:49.932000,0,1,2.0
1970-01-01 00:27:49.935600,0,1,2.0
1970-01-01 00:27:49.993200,1,0,2.0
1970-01-01 00:27:49.996800,1,0,2.0
1970-01-01 00:27:50.000400,1,0,2.0
1970-01-01 00:27:50.004000,1,0,2.0
1970-01-01 00:27:50.043600,0,1,2.0
1970-01-01 00:27:50.094000,1,0,2.0
1970-01-01 00:27:50.097600,1,0,2.0
1970-01-01 00:27:50.101200,1,0,2.0
1970-01-01 00:27:50.158800,1,0,2.0
1970-01-01 00:27:50.176800,1,0,2.0
1970-01-01 00:27:50.180400,1,0,2.0
1970-01-01 00:27:50.184000,1,0,2.0
1970-01-01 00:27:50.187600,1,0,2.0
1970-01-01 00:27:50.191200,1,0,2.0
1970-01-01 00:27:50.194800,1,0,2.0
1970-01-01 00:27:50.198400,1,0,2.0
1970-01-01 00:27:50.202000,1,0,2.0
1970-01-01 00:27:50.205600,1,0,2.0
1970-01-01 00:27:50.209200,1,0,2.0
1970-01-01 00:27:50.234400,0,1,2.0
1970-01-01 00:27:50.238000,0,1,2.0
1970-01-01 00:27:50.241600,0,1,2.0
1970-01-01 00:27:50.245200,0,1,2.0
1970-01-01 00:27:50.248800,0,1,2.0
1970-01-01 00:27:50.295600,0,1,2.0
1970-01-01 00:27:50.335200,0,1,2.0
1970-01-01 00:27:50.338800,0,1,2.0
1970-01-01 00:27:50.342400,0,1,2.0
1970-01-01 00:27:50.349600,1,0,2.0
1970-01-01 00:27:50.353200,1,0,2.0
1970-01-01 00:27:50.356800,1,0,2.0
1970-01-01 00:27:50.364000,1,0,2.0
1970-01-01 00:27:50.374800,0,1,2.0
1970-01-01 00:27:50.378400,0,1,2.0
1970-01-01 00:27:50.382000,0,1,2.0
1970-01-01 00:27:50.385600,0,1,2.0
1970-01-01 00:27:50.389200,0,1,2.0
1970-01-01 00:27:50.392800,0,1,2.0
1970-01-01 00:27:50.450400,0,1,2.0
1970-01-01 00:27:50.454000,0,1,2.0
1970-01-01 00:27:50.457600,0,1,2.0
1970-01-01 00:27:50.461200,0,1,2.0
1970-01-01 00:27:50.464800,0,1,2.0
1970-01-01 00:27:50.468400,0,1,2.0
1970-01-01 00:27:50.515200,1,0,2.0
1970-01-01 00:27:50.518800,1,0,2.0
1970-01-01 00:27:50.572800,0,1,2.0
1970-01-01 00:27:50.576400,0,1,2.0
1970-01-01 00:27:50.580000,0,1,2.0
1970-01-01 00:27:50.583600,0,1,2.0
1970-01-01 00:27:50.587200,0,1,2.0
1970-01-01 00:27:50.662800,1,0,2.0
1970-01-01 00:27:50.666400,1,0,2.0
1970-01-01 00:27:50.670000,1,0,2.0
1970-01-01 00:27:50.673600,1,0,2.0
1970-01-01 00:27:50.677200,1,0,2.0
1970-01-01 00:27:50.680800,1,0,2.0
1970-01-01 00:27:50.684400,0,1,2.0
1970-01-01 00:27:50.702400,1,0,2.0
1970-01-01 00:27:50.706000,1,0,2.0
1970-01-01 00:27:50.709600,1,0,2.0
1970-01-01 00:27:50.713200,1,0,2.0
1970-01-01 00:27:50.763600,1,0,2.0
1970-01-01 00:27:50.767200,1,0,2.0
1970-01-01 00:27:50.770800,1,0,2.0
1970-01-01 00:27:50.781600,0,1,2.0
1970-01-01 00:27:50.785200,0,1,2.0
1970-01-01 00:27:50.788800,0,1,2.0
1970-01-01 00:27:50.792400,0,1,2.0
1970-01-01 00:27:50.796000,0,1,2.0
1970-01-01 00:27:50.799600,0,1,2.0
1970-01-01 00:27:50.803200,0,1,2.0
1970-01-01 00:27:50.806800,0,1,2.0
1970-01-01 00:27:50.857200,1,0,2.0
1970-01-01 00:27:50.860800,1,0,2.0
1970-01-01 00:27:50.864400,1,0,2.0
1970-01-01 00:27:50.868000,1,0,2.0
1970-01-01 00:27:50.871600,1,0,2.0
1970-01-01 00:27:50.875200,1,0,2.0
1970-01-01 00:27:50.878800,1,0,2.0
1970-01-01 00:27:50.882400,1,0,2.0
1970-01-01 00:27:50.886000,1,0,2.0
1970-01-01 00:27:50.889600,1,0,2.0
1970-01-01 00:27:50.896800,0,1,2.0
1970-01-01 00:27:50.900400,0,1,2.0
1970-01-01 00:27:50.904000,0,1,2.0
1970-01-01 00:27:50.907600,0,1,2.0
1970-01-01 00:27:50.911200,1,0,2.0
1970-01-01 00:27:50.914800,1,0,2.0
1970-01-01 00:27:50.918400,1,0,2.0
1970-01-01 00:27:50.922000,1,0,2.0
1970-01-01 00:27:50.925600,1,0,2.0
1970-01-01 00:27:50.929200,1,0,2.0
1970-01-01 00:27:50.932800,1,0,2.0
1970-01-01 00:27:50.936400,0,1,2.0
1970-01-01 00:27:50.940000,0,1,2.0
1970-01-01 00:27:51.019200,0,1,2.0
1970-01-01 00:27:51.022800,0,1,2.0
1970-01-01 00:27:51.026400,0,1,2.0
1970-01-01 00:27:51.030000,0,1,2.0
1970-01-01 00:27:51.033600,0,1,2.0
1970-01-01 00:27:51.037200,0,1,2.0
1970-01-01 00:27:51.040800,0,1,2.0
1970-01-01 00:27:51.094800,0,1,2.0
1970-01-01 00:27:51.102000,0,1,2.0
1970-01-01 00:27:51.105600,0,1,2.0
1970-01-01 00:27:51.109200,0,1,2.0
1970-01-01 00:27:51.112800,0,1,2.0
1970-01-01 00:27:51.116400,0,1,2.0
1970-01-01 00:27:51.120000,0,1,2.0
1970-01-01 00:27:51.156000,0,1,2.0
1970-01-01 00:27:51.159600,0,1,2.0
1970-01-01 00:27:51.163200,0,1,2.0
1970-01-01 00:27:51.166800,0,1,2.0
1970-01-01 00:27:51.170400,0,1,2.0
1970-01-01 00:27:51.174000,0,1,2.0
1970-01-01 00:27:51.177600,0,1,2.0
1970-01-01 00:27:51.184800,0,1,2.0
1970-01-01 00:27:51.188400,0,1,2.0
1970-01-01 00:27:51.192000,0,1,2.0
1970-01-01 00:27:51.199200,0,1,2.0
1970-01-01 00:27:51.210000,0,1,2.0
1970-01-01 00:27:51.213600,0,1,2.0
1970-01-01 00:27:51.217200,0,1,2.0
1970-01-01 00:27:51.220800,0,1,2.0
1970-01-01 00:27:51.235200,0,1,2.0
1970-01-01 00:27:51.238800,0,1,2.0
1970-01-01 00:27:51.242400,0,1,2.0
1970-01-01 00:27:51.246000,0,1,2.0
1970-01-01 00:27:51.249600,0,1,2.0
1970-01-01 00:27:51.253200,0,1,2.0
1970-01-01 00:27:51.307200,1,0,2.0
1970-01-01 00:27:51.332400,0,1,2.0
1970-01-01 00:27:51.336000,0,1,2.0
1970-01-01 00:27:51.339600,0,1,2.0
1970-01-01 00:27:51.343200,0,1,2.0
1970-01-01 00:27:51.346800,0,1,2.0
1970-01-01 00:27:51.350400,0,1,2.0
1970-01-01 00:27:51.397200,0,1,2.0
1970-01-01 00:27:51.400800,0,1,2.0
1970-01-01 00:27:51.404400,0,1,2.0
1970-01-01 00:27:51.408000,0,1,2.0
1970-01-01 00:27:51.411600,0,1,2.0
1970-01-01 00:27:51.415200,0,1,2.0
1970-01-01 00:27:51.444000,0,1,2.0
1970-01-01 00:27:51.451200,0,1,2.0
1970-01-01 00:27:51.454800,0,1,2.0
1970-01-01 00:27:51.458400,0,1,2.0
1970-01-01 00:27:51.462000,0,1,2.0
1970-01-01 00:27:51.469200,1,0,2.0
1970-01-01 00:27:51.472800,1,0,2.0
1970-01-01 00:27:51.476400,1,0,2.0
1970-01-01 00:27:51.480000,1,0,2.0
1970-01-01 00:27:51.483600,1,0,2.0
1970-01-01 00:27:51.487200,1,0,2.0
1970-01-01 00:27:51.490800,1,0,2.0
1970-01-01 00:27:51.584400,0,1,2.0
1970-01-01 00:27:51.588000,0,1,2.0
1970-01-01 00:27:51.670800,1,0,2.0
1970-01-01 00:27:51.674400,1,0,2.0
1970-01-01 00:27:51.678000,1,0,2.0
1970-01-01 00:27:51.681600,1,0,2.0
1970-01-01 00:27:51.696000,0,1,2.0
1970-01-01 00:27:51.699600,0,1,2.0
1970-01-01 00:27:51.703200,0,1,2.0
1970-01-01 00:27:51.706800,0,1,2.0
1970-01-01 00:27:51.710400,0,1,2.0
1970-01-01 00:27:51.714000,0,1,2.0
1970-01-01 00:27:51.721200,1,0,2.0
1970-01-01 00:27:51.724800,1,0,2.0
1970-01-01 00:27:51.728400,1,0,2.0
1970-01-01 00:27:51.732000,1,0,2.0
1970-01-01 00:27:51.735600,1,0,2.0
1970-01-01 00:27:51.796800,0,1,2.0
1970-01-01 00:27:51.955200,1,0,2.0
1970-01-01 00:27:51.958800,1,0,2.0
1970-01-01 00:27:51.962400,1,0,2.0
1970-01-01 00:27:51.966000,1,0,2.0
1970-01-01 00:27:51.973200,1,0,2.0
1970-01-01 00:27:51.976800,1,0,2.0
1970-01-01 00:27:51.980400,1,0,2.0
1970-01-01 00:27:51.984000,1,0,2.0
1970-01-01 00:27:51.987600,1,0,2.0
1970-01-01 00:27:51.991200,1,0,2.0
1970-01-01 00:27:51.994800,1,0,2.0
1970-01-01 00:27:51.998400,1,0,2.0
1970-01-01 00:27:52.002000,1,0,2.0
1970-01-01 00:27:52.027200,1,0,2.0
1970-01-01 00:27:52.030800,1,0,2.0
1970-01-01 00:27:52.034400,1,0,2.0
1970-01-01 00:27:52.038000,1,0,2.0
1970-01-01 00:27:52.041600,1,0,2.0
1970-01-01 00:27:52.045200,1,0,2.0
1970-01-01 00:27:52.131600,0,1,2.0
1970-01-01 00:27:52.138800,0,1,2.0
1970-01-01 00:27:52.142400,0,1,2.0
1970-01-01 00:27:52.146000,0,1,2.0
1970-01-01 00:27:52.149600,0,1,2.0
1970-01-01 00:27:52.153200,0,1,2.0
1970-01-01 00:27:52.156800,0,1,2.0
1970-01-01 00:27:52.189200,0,1,2.0
1970-01-01 00:27:52.192800,0,1,2.0
1970-01-01 00:27:52.246800,0,1,2.0
1970-01-01 00:27:52.250400,0,1,2.0
1970-01-01 00:27:52.254000,0,1,2.0
1970-01-01 00:27:52.257600,0,1,2.0
1970-01-01 00:27:52.300800,1,0,2.0
1970-01-01 00:27:52.326000,0,1,2.0
1970-01-01 00:27:52.329600,0,1,2.0
1970-01-01 00:27:52.344000,1,0,2.0
1970-01-01 00:27:52.347600,1,0,2.0
1970-01-01 00:27:52.390800,1,0,2.0
1970-01-01 00:27:52.394400,1,0,2.0
1970-01-01 00:27:52.398000,1,0,2.0
1970-01-01 00:27:52.401600,1,0,2.0
1970-01-01 00:27:52.405200,1,0,2.0
1970-01-01 00:27:52.408800,1,0,2.0
1970-01-01 00:27:52.466400,1,0,2.0
1970-01-01 00:27:52.470000,1,0,2.0
1970-01-01 00:27:52.473600,1,0,2.0
1970-01-01 00:27:52.477200,1,0,2.0
1970-01-01 00:27:52.480800,1,0,2.0
1970-01-01 00:27:52.484400,1,0,2.0
1970-01-01 00:27:52.488000,1,0,2.0
1970-01-01 00:27:52.491600,0,1,2.0
1970-01-01 00:27:52.516800,0,1,2.0
1970-01-01 00:27:52.520400,0,1,2.0
1970-01-01 00:27:52.542000,1,0,2.0
1970-01-01 00:27:52.545600,1,0,2.0
1970-01-01 00:27:52.549200,1,0,2.0
1970-01-01 00:27:52.552800,1,0,2.0
1970-01-01 00:27:52.556400,1,0,2.0
1970-01-01 00:27:52.574400,1,0,2.0
1970-01-01 00:27:52.578000,1,0,2.0
1970-01-01 00:27:52.581600,1,0,2.0
1970-01-01 00:27:52.603200,0,1,2.0
1970-01-01 00:27:52.606800,0,1,2.0
1970-01-01 00:27:52.621200,1,0,2.0
1970-01-01 00:27:52.624800,1,0,2.0
1970-01-01 00:27:52.628400,1,0,2.0
1970-01-01 00:27:52.632000,1,0,2.0
1970-01-01 00:27:52.635600,1,0,2.0
1970-01-01 00:27:52.639200,1,0,2.0
1970-01-01 00:27:52.736400,0,1,2.0
1970-01-01 00:27:52.740000,0,1,2.0
1970-01-01 00:27:52.772400,1,0,2.0
1970-01-01 00:27:52.776000,1,0,2.0
1970-01-01 00:27:52.779600,1,0,2.0
1970-01-01 00:27:52.783200,1,0,2.0
1970-01-01 00:27:52.786800,1,0,2.0
1970-01-01 00:27:52.790400,1,0,2.0
1970-01-01 00:27:52.812000,0,1,2.0
1970-01-01 00:27:52.844400,0,1,2.0
1970-01-01 00:27:52.855200,0,1,2.0
1970-01-01 00:27:52.902000,0,1,2.0
1970-01-01 00:27:52.912800,0,1,2.0
1970-01-01 00:27:52.916400,0,1,2.0
1970-01-01 00:27:52.920000,0,1,2.0
1970-01-01 00:27:52.938000,1,0,2.0
1970-01-01 00:27:52.963200,0,1,2.0
1970-01-01 00:27:52.966800,0,1,2.0
1970-01-01 00:27:52.970400,0,1,2.0
1970-01-01 00:27:52.974000,0,1,2.0
1970-01-01 00:27:52.977600,0,1,2.0
1970-01-01 00:27:52.981200,0,1,2.0
1970-01-01 00:27:52.988400,1,0,2.0
1970-01-01 00:27:52.992000,1,0,2.0
1970-01-01 00:27:52.995600,1,0,2.0
1970-01-01 00:27:52.999200,1,0,2.0
1970-01-01 00:27:53.002800,1,0,2.0
1970-01-01 00:27:53.006400,1,0,2.0
1970-01-01 00:27:53.010000,1,0,2.0
1970-01-01 00:27:53.013600,1,0,2.0
1970-01-01 00:27:53.114400,0,1,2.0
1970-01-01 00:27:53.118000,0,1,2.0
1970-01-01 00:27:53.121600,0,1,2.0
1970-01-01 00:27:53.125200,0,1,2.0
1970-01-01 00:27:53.128800,0,1,2.0
1970-01-01 00:27:53.132400,0,1,2.0
1970-01-01 00:27:53.182800,1,0,2.0
1970-01-01 00:27:53.186400,0,1,2.0
1970-01-01 00:27:53.190000,0,1,2.0
1970-01-01 00:27:53.197200,1,0,2.0
1970-01-01 00:27:53.200800,1,0,2.0
1970-01-01 00:27:53.204400,1,0,2.0
1970-01-01 00:27:53.208000,1,0,2.0
1970-01-01 00:27:53.211600,1,0,2.0
1970-01-01 00:27:53.215200,1,0,2.0
1970-01-01 00:27:53.218800,1,0,2.0
1970-01-01 00:27:53.276400,0,1,2.0
1970-01-01 00:27:53.280000,0,1,2.0
1970-01-01 00:27:53.355600,1,0,2.0
1970-01-01 00:27:53.366400,1,0,2.0
1970-01-01 00:27:53.370000,1,0,2.0
1970-01-01 00:27:53.377200,0,1,2.0
1970-01-01 00:27:53.380800,0,1,2.0
1970-01-01 00:27:53.384400,0,1,2.0
1970-01-01 00:27:53.398800,1,0,2.0
1970-01-01 00:27:53.402400,1,0,2.0
1970-01-01 00:27:53.406000,1,0,2.0
1970-01-01 00:27:53.409600,1,0,2.0
1970-01-01 00:27:53.413200,1,0,2.0
1970-01-01 00:27:53.416800,0,1,2.0
1970-01-01 00:27:53.420400,0,1,2.0
1970-01-01 00:27:53.431200,0,1,2.0
1970-01-01 00:27:53.449200,1,0,2.0
1970-01-01 00:27:53.452800,1,0,2.0
1970-01-01 00:27:53.456400,1,0,2.0
1970-01-01 00:27:53.460000,1,0,2.0
1970-01-01 00:27:53.463600,1,0,2.0
1970-01-01 00:27:53.467200,1,0,2.0
1970-01-01 00:27:53.470800,1,0,2.0
1970-01-01 00:27:53.474400,1,0,2.0
1970-01-01 00:27:53.478000,1,0,2.0
1970-01-01 00:27:53.481600,0,1,2.0
1970-01-01 00:27:53.532000,1,0,2.0
1970-01-01 00:27:53.535600,1,0,2.0
1970-01-01 00:27:53.539200,1,0,2.0
1970-01-01 00:27:53.625600,1,0,2.0
1970-01-01 00:27:53.629200,1,0,2.0
1970-01-01 00:27:53.632800,1,0,2.0
1970-01-01 00:27:53.636400,1,0,2.0
1970-01-01 00:27:53.640000,1,0,2.0
1970-01-01 00:27:53.643600,1,0,2.0
1970-01-01 00:27:53.647200,1,0,2.0
1970-01-01 00:27:53.650800,1,0,2.0
1970-01-01 00:27:53.769600,1,0,2.0
1970-01-01 00:27:53.773200,1,0,2.0
1970-01-01 00:27:53.830800,0,1,2.0
1970-01-01 00:27:53.834400,0,1,2.0
1970-01-01 00:27:53.838000,0,1,2.0
1970-01-01 00:27:53.841600,0,1,2.0
1970-01-01 00:27:53.845200,0,1,2.0
1970-01-01 00:27:53.848800,0,1,2.0
1970-01-01 00:27:53.852400,0,1,2.0
1970-01-01 00:27:53.931600,1,0,2.0
1970-01-01 00:27:53.935200,1,0,2.0
1970-01-01 00:27:53.938800,1,0,2.0
1970-01-01 00:27:53.942400,1,0,2.0
1970-01-01 00:27:53.946000,1,0,2.0
1970-01-01 00:27:53.949600,1,0,2.0
1970-01-01 00:27:53.953200,0,1,2.0
1970-01-01 00:27:53.960400,0,1,2.0
1970-01-01 00:27:54.018000,0,1,2.0
1970-01-01 00:27:54.021600,0,1,2.0
1970-01-01 00:27:54.025200,0,1,2.0
1970-01-01 00:27:54.032400,0,1,2.0
1970-01-01 00:27:54.039600,0,1,2.0
1970-01-01 00:27:54.043200,0,1,2.0
1970-01-01 00:27:54.046800,0,1,2.0
1970-01-01 00:27:54.050400,0,1,2.0
1970-01-01 00:27:54.054000,0,1,2.0
1970-01-01 00:27:54.064800,0,1,2.0
1970-01-01 00:27:54.126000,1,0,2.0
1970-01-01 00:27:54.129600,1,0,2.0
1970-01-01 00:27:54.133200,1,0,2.0
1970-01-01 00:27:54.136800,1,0,2.0
1970-01-01 00:27:54.176400,0,1,2.0
1970-01-01 00:27:54.180000,0,1,2.0
1970-01-01 00:27:54.190800,1,0,2.0
1970-01-01 00:27:54.194400,1,0,2.0
1970-01-01 00:27:54.198000,1,0,2.0
1970-01-01 00:27:54.208800,1,0,2.0
1970-01-01 00:27:54.212400,1,0,2.0
1970-01-01 00:27:54.216000,1,0,2.0
1970-01-01 00:27:54.219600,1,0,2.0
1970-01-01 00:27:54.223200,1,0,2.0
1970-01-01 00:27:54.226800,1,0,2.0
1970-01-01 00:27:54.230400,1,0,2.0
1970-01-01 00:27:54.234000,1,0,2.0
1970-01-01 00:27:54.237600,1,0,2.0
1970-01-01 00:27:54.241200,1,0,2.0
1970-01-01 00:27:54.244800,1,0,2.0
1970-01-01 00:27:54.248400,1,0,2.0
1970-01-01 00:27:54.252000,1,0,2.0
1970-01-01 00:27:54.320400,0,1,2.0
1970-01-01 00:27:54.324000,0,1,2.0
1970-01-01 00:27:54.327600,0,1,2.0
1970-01-01 00:27:54.331200,0,1,2.0
1970-01-01 00:27:54.334800,0,1,2.0
1970-01-01 00:27:54.378000,1,0,2.0
1970-01-01 00:27:54.396000,0,1,2.0
1970-01-01 00:27:54.399600,0,1,2.0
1970-01-01 00:27:54.403200,0,1,2.0
1970-01-01 00:27:54.406800,0,1,2.0
1970-01-01 00:27:54.410400,0,1,2.0
1970-01-01 00:27:54.414000,0,1,2.0
1970-01-01 00:27:54.450000,1,0,2.0
1970-01-01 00:27:54.453600,1,0,2.0
1970-01-01 00:27:54.457200,1,0,2.0
1970-01-01 00:27:54.460800,1,0,2.0
1970-01-01 00:27:54.464400,1,0,2.0
1970-01-01 00:27:54.468000,1,0,2.0
1970-01-01 00:27:54.471600,0,1,2.0
1970-01-01 00:27:54.572400,0,1,2.0
1970-01-01 00:27:54.576000,0,1,2.0
1970-01-01 00:27:54.579600,0,1,2.0
1970-01-01 00:27:54.583200,0,1,2.0
1970-01-01 00:27:54.586800,0,1,2.0
1970-01-01 00:27:54.590400,0,1,2.0
1970-01-01 00:27:54.651600,0,1,2.0
1970-01-01 00:27:54.655200,1,0,2.0
1970-01-01 00:27:54.658800,1,0,2.0
1970-01-01 00:27:54.662400,1,0,2.0
1970-01-01 00:27:54.666000,1,0,2.0
1970-01-01 00:27:54.669600,1,0,2.0
1970-01-01 00:27:54.673200,1,0,2.0
1970-01-01 00:27:54.676800,1,0,2.0
1970-01-01 00:27:54.680400,0,1,2.0
1970-01-01 00:27:54.738000,0,1,2.0
1970-01-01 00:27:54.759600,0,1,2.0
1970-01-01 00:27:54.781200,1,0,2.0
1970-01-01 00:27:54.824400,1,0,2.0
1970-01-01 00:27:54.828000,1,0,2.0
1970-01-01 00:27:54.831600,1,0,2.0
1970-01-01 00:27:54.896400,0,1,2.0
1970-01-01 00:27:54.903600,0,1,2.0
1970-01-01 00:27:54.925200,1,0,2.0
1970-01-01 00:27:54.928800,1,0,2.0
1970-01-01 00:27:54.932400,1,0,2.0
1970-01-01 00:27:54.936000,1,0,2.0
1970-01-01 00:27:54.939600,1,0,2.0
1970-01-01 00:27:54.943200,1,0,2.0
1970-01-01 00:27:54.946800,1,0,2.0
1970-01-01 00:27:55.004400,1,0,2.0
1970-01-01 00:27:55.008000,1,0,2.0
1970-01-01 00:27:55.015200,0,1,2.0
1970-01-01 00:27:55.018800,0,1,2.0
1970-01-01 00:27:55.026000,0,1,2.0
1970-01-01 00:27:55.044000,0,1,2.0
1970-01-01 00:27:55.047600,0,1,2.0
1970-01-01 00:27:55.051200,0,1,2.0
1970-01-01 00:27:55.054800,0,1,2.0
1970-01-01 00:27:55.058400,0,1,2.0
1970-01-01 00:27:55.062000,0,1,2.0
1970-01-01 00:27:55.083600,0,1,2.0
1970-01-01 00:27:55.087200,0,1,2.0
1970-01-01 00:27:55.090800,0,1,2.0
1970-01-01 00:27:55.094400,0,1,2.0
1970-01-01 00:27:55.098000,0,1,2.0
1970-01-01 00:27:55.101600,0,1,2.0
1970-01-01 00:27:55.105200,1,0,2.0
1970-01-01 00:27:55.108800,1,0,2.0
1970-01-01 00:27:55.112400,1,0,2.0
1970-01-01 00:27:55.116000,1,0,2.0
1970-01-01 00:27:55.119600,1,0,2.0
1970-01-01 00:27:55.195200,1,0,2.0
1970-01-01 00:27:55.198800,1,0,2.0
1970-01-01 00:27:55.202400,1,0,2.0
1970-01-01 00:27:55.206000,1,0,2.0
1970-01-01 00:27:55.209600,1,0,2.0
1970-01-01 00:27:55.224000,0,1,2.0
1970-01-01 00:27:55.263600,1,0,2.0
1970-01-01 00:27:55.267200,1,0,2.0
1970-01-01 00:27:55.270800,1,0,2.0
1970-01-01 00:27:55.274400,1,0,2.0
1970-01-01 00:27:55.278000,1,0,2.0
1970-01-01 00:27:55.281600,1,0,2.0
1970-01-01 00:27:55.285200,1,0,2.0
1970-01-01 00:27:55.339200,0,0,2.0
1970-01-01 00:27:55.342800,1,0,2.0
1970-01-01 00:27:55.346400,1,0,2.0
1970-01-01 00:27:55.350000,0,1,2.0
1970-01-01 00:27:55.357200,0,1,2.0
1970-01-01 00:27:55.360800,0,1,2.0
1970-01-01 00:27:55.364400,0,1,2.0
1970-01-01 00:27:55.368000,0,1,2.0
1970-01-01 00:27:55.429200,1,0,2.0
1970-01-01 00:27:55.530000,0,1,2.0
1970-01-01 00:27:55.533600,0,1,2.0
1970-01-01 00:27:55.537200,0,1,2.0
1970-01-01 00:27:55.540800,0,1,2.0
1970-01-01 00:27:55.544400,0,1,2.0
1970-01-01 00:27:55.548000,0,1,2.0
1970-01-01 00:27:55.576800,0,1,2.0
1970-01-01 00:27:55.580400,0,1,2.0
1970-01-01 00:27:55.584000,0,1,2.0
1970-01-01 00:27:55.587600,0,1,2.0
1970-01-01 00:27:55.591200,0,1,2.0
1970-01-01 00:27:55.594800,0,1,2.0
1970-01-01 00:27:55.598400,0,1,2.0
1970-01-01 00:27:55.602000,0,1,2.0
1970-01-01 00:27:55.605600,0,1,2.0
1970-01-01 00:27:55.609200,0,1,2.0
1970-01-01 00:27:55.612800,0,1,2.0
1970-01-01 00:27:55.620000,1,0,2.0
1970-01-01 00:27:55.623600,1,0,2.0
1970-01-01 00:27:55.627200,1,0,2.0
1970-01-01 00:27:55.630800,1,0,2.0
1970-01-01 00:27:55.674000,1,0,2.0
1970-01-01 00:27:55.677600,1,0,2.0
1970-01-01 00:27:55.688400,1,0,2.0
1970-01-01 00:27:55.692000,1,0,2.0
1970-01-01 00:27:55.702800,0,1,2.0
1970-01-01 00:27:55.706400,0,1,2.0
1970-01-01 00:27:55.710000,0,1,2.0
1970-01-01 00:27:55.713600,0,1,2.0
1970-01-01 00:27:55.720800,1,0,2.0
1970-01-01 00:27:55.724400,1,0,2.0
1970-01-01 00:27:55.728000,1,0,2.0
1970-01-01 00:27:55.731600,1,0,2.0
1970-01-01 00:27:55.778400,1,0,2.0
1970-01-01 00:27:55.782000,1,0,2.0
1970-01-01 00:27:55.785600,1,0,2.0
1970-01-01 00:27:55.792800,1,0,2.0
1970-01-01 00:27:55.846800,0,1,2.0
1970-01-01 00:27:55.850400,0,1,2.0
1970-01-01 00:27:55.854000,0,1,2.0
1970-01-01 00:27:55.857600,0,1,2.0
1970-01-01 00:27:55.861200,0,1,2.0
1970-01-01 00:27:55.864800,0,1,2.0
1970-01-01 00:27:55.890000,0,1,2.0
1970-01-01 00:27:55.893600,0,1,2.0
1970-01-01 00:27:55.897200,0,1,2.0
1970-01-01 00:27:55.900800,0,1,2.0
1970-01-01 00:27:55.904400,0,1,2.0
1970-01-01 00:27:55.947600,0,1,2.0
1970-01-01 00:27:55.951200,0,1,2.0
1970-01-01 00:27:55.954800,0,1,2.0
1970-01-01 00:27:55.958400,0,1,2.0
1970-01-01 00:27:55.962000,0,1,2.0
1970-01-01 00:27:55.965600,0,1,2.0
1970-01-01 00:27:56.034000,1,0,2.0
1970-01-01 00:27:56.037600,1,0,2.0
1970-01-01 00:27:56.041200,1,0,2.0
1970-01-01 00:27:56.044800,1,0,2.0
1970-01-01 00:27:56.048400,1,0,2.0
1970-01-01 00:27:56.066400,1,0,2.0
1970-01-01 00:27:56.134800,1,0,2.0
1970-01-01 00:27:56.149200,0,1,2.0
1970-01-01 00:27:56.152800,0,1,2.0
1970-01-01 00:27:56.206800,1,0,2.0
1970-01-01 00:27:56.214000,0,1,2.0
1970-01-01 00:27:56.217600,0,1,2.0
1970-01-01 00:27:56.221200,0,1,2.0
1970-01-01 00:27:56.224800,0,1,2.0
1970-01-01 00:27:56.228400,0,1,2.0
1970-01-01 00:27:56.232000,0,1,2.0
1970-01-01 00:27:56.235600,1,0,2.0
1970-01-01 00:27:56.239200,1,0,2.0
1970-01-01 00:27:56.257200,0,1,2.0
1970-01-01 00:27:56.260800,0,1,2.0
1970-01-01 00:27:56.264400,0,1,2.0
1970-01-01 00:27:56.268000,0,1,2.0
1970-01-01 00:27:56.271600,0,1,2.0
1970-01-01 00:27:56.286000,0,1,2.0
1970-01-01 00:27:56.289600,0,1,2.0
1970-01-01 00:27:56.293200,0,1,2.0
1970-01-01 00:27:56.296800,0,1,2.0
1970-01-01 00:27:56.300400,0,1,2.0
1970-01-01 00:27:56.304000,0,1,2.0
1970-01-01 00:27:56.307600,1,0,2.0
1970-01-01 00:27:56.361600,1,0,2.0
1970-01-01 00:27:56.365200,1,0,2.0
1970-01-01 00:27:56.368800,1,0,2.0
1970-01-01 00:27:56.372400,1,0,2.0
1970-01-01 00:27:56.376000,1,0,2.0
1970-01-01 00:27:56.379600,1,0,2.0
1970-01-01 00:27:56.440800,1,0,2.0
1970-01-01 00:27:56.444400,1,0,2.0
1970-01-01 00:27:56.448000,1,0,2.0
1970-01-01 00:27:56.451600,1,0,2.0
1970-01-01 00:27:56.455200,1,0,2.0
1970-01-01 00:27:56.466000,1,0,2.0
1970-01-01 00:27:56.469600,1,0,2.0
1970-01-01 00:27:56.473200,1,0,2.0
1970-01-01 00:27:56.476800,1,0,2.0
1970-01-01 00:27:56.480400,1,0,2.0
1970-01-01 00:27:56.484000,1,0,2.0
1970-01-01 00:27:56.487600,1,0,2.0
1970-01-01 00:27:56.538000,1,0,2.0
1970-01-01 00:27:56.541600,1,0,2.0
1970-01-01 00:27:56.545200,1,0,2.0
1970-01-01 00:27:56.548800,1,0,2.0
1970-01-01 00:27:56.552400,1,0,2.0
1970-01-01 00:27:56.556000,1,0,2.0
1970-01-01 00:27:56.559600,0,1,2.0
1970-01-01 00:27:56.563200,0,1,2.0
1970-01-01 00:27:56.566800,0,1,2.0
1970-01-01 00:27:56.570400,0,1,2.0
1970-01-01 00:27:56.574000,0,1,2.0
1970-01-01 00:27:56.577600,0,1,2.0
1970-01-01 00:27:56.581200,0,1,2.0
1970-01-01 00:27:56.638800,1,0,2.0
1970-01-01 00:27:56.642400,1,0,2.0
1970-01-01 00:27:56.646000,1,0,2.0
1970-01-01 00:27:56.649600,1,0,2.0
1970-01-01 00:27:56.696400,0,1,2.0
1970-01-01 00:27:56.700000,0,1,2.0
1970-01-01 00:27:56.703600,0,1,2.0
1970-01-01 00:27:56.779200,0,1,2.0
1970-01-01 00:27:56.782800,0,1,2.0
1970-01-01 00:27:56.793600,1,0,2.0
1970-01-01 00:27:56.797200,1,0,2.0
1970-01-01 00:27:56.800800,1,0,2.0
1970-01-01 00:27:56.815200,0,1,2.0
1970-01-01 00:27:56.818800,0,1,2.0
1970-01-01 00:27:56.822400,0,1,2.0
1970-01-01 00:27:56.872800,0,1,2.0
1970-01-01 00:27:56.876400,0,1,2.0
1970-01-01 00:27:56.880000,0,1,2.0
1970-01-01 00:27:56.883600,0,1,2.0
1970-01-01 00:27:56.887200,0,1,2.0
1970-01-01 00:27:56.890800,0,1,2.0
1970-01-01 00:27:56.898000,0,1,2.0
1970-01-01 00:27:56.901600,0,1,2.0
1970-01-01 00:27:56.905200,0,1,2.0
1970-01-01 00:27:56.944800,0,1,2.0
1970-01-01 00:27:56.948400,0,1,2.0
1970-01-01 00:27:56.952000,0,1,2.0
1970-01-01 00:27:56.955600,0,1,2.0
1970-01-01 00:27:56.959200,0,1,2.0
1970-01-01 00:27:56.962800,0,1,2.0
1970-01-01 00:27:56.970000,0,1,2.0
1970-01-01 00:27:57.013200,1,0,2.0
1970-01-01 00:27:57.016800,1,0,2.0
1970-01-01 00:27:57.056400,0,1,2.0
1970-01-01 00:27:57.060000,0,1,2.0
1970-01-01 00:27:57.063600,0,1,2.0
1970-01-01 00:27:57.067200,0,1,2.0
1970-01-01 00:27:57.070800,0,1,2.0
1970-01-01 00:27:57.078000,1,0,2.0
1970-01-01 00:27:57.085200,1,0,2.0
1970-01-01 00:27:57.088800,1,0,2.0
1970-01-01 00:27:57.096000,1,0,2.0
1970-01-01 00:27:57.099600,1,0,2.0
1970-01-01 00:27:57.103200,1,0,2.0
1970-01-01 00:27:57.128400,0,1,2.0
1970-01-01 00:27:57.135600,0,1,2.0
1970-01-01 00:27:57.142800,0,1,2.0
1970-01-01 00:27:57.146400,0,1,2.0
1970-01-01 00:27:57.222000,0,1,2.0
1970-01-01 00:27:57.225600,0,1,2.0
1970-01-01 00:27:57.229200,0,1,2.0
1970-01-01 00:27:57.232800,0,1,2.0
1970-01-01 00:27:57.236400,0,1,2.0
1970-01-01 00:27:57.240000,0,1,2.0
1970-01-01 00:27:57.243600,0,1,2.0
1970-01-01 00:27:57.247200,0,1,2.0
1970-01-01 00:27:57.340800,1,0,2.0
1970-01-01 00:27:57.351600,1,0,2.0
1970-01-01 00:27:57.355200,1,0,2.0
1970-01-01 00:27:57.358800,1,0,2.0
1970-01-01 00:27:57.412800,1,0,2.0
1970-01-01 00:27:57.416400,1,0,2.0
1970-01-01 00:27:57.420000,1,0,2.0
1970-01-01 00:27:57.423600,1,0,2.0
1970-01-01 00:27:57.427200,1,0,2.0
1970-01-01 00:27:57.430800,1,0,2.0
1970-01-01 00:27:57.459600,0,1,2.0
1970-01-01 00:27:57.463200,0,1,2.0
1970-01-01 00:27:57.481200,1,0,2.0
1970-01-01 00:27:57.484800,1,0,2.0
1970-01-01 00:27:57.488400,1,0,2.0
1970-01-01 00:27:57.492000,1,0,2.0
1970-01-01 00:27:57.502800,0,1,2.0
1970-01-01 00:27:57.506400,0,1,2.0
1970-01-01 00:27:57.510000,0,1,2.0
1970-01-01 00:27:57.560400,1,0,2.0
1970-01-01 00:27:57.564000,1,0,2.0
1970-01-01 00:27:57.567600,1,0,2.0
1970-01-01 00:27:57.571200,1,0,2.0
1970-01-01 00:27:57.574800,1,0,2.0
1970-01-01 00:27:57.578400,1,0,2.0
1970-01-01 00:27:57.589200,1,0,2.0
1970-01-01 00:27:57.592800,0,0,2.0
1970-01-01 00:27:57.596400,0,1,2.0
1970-01-01 00:27:57.600000,0,1,2.0
1970-01-01 00:27:57.603600,0,1,2.0
1970-01-01 00:27:57.607200,0,1,2.0
1970-01-01 00:27:57.618000,1,0,2.0
1970-01-01 00:27:57.621600,1,0,2.0
1970-01-01 00:27:57.625200,1,0,2.0
1970-01-01 00:27:57.628800,1,0,2.0
1970-01-01 00:27:57.632400,1,0,2.0
1970-01-01 00:27:57.636000,1,0,2.0
1970-01-01 00:27:57.639600,1,0,2.0
1970-01-01 00:27:57.736800,0,1,2.0
1970-01-01 00:27:57.740400,0,1,2.0
1970-01-01 00:27:57.744000,0,1,2.0
1970-01-01 00:27:57.747600,0,1,2.0
1970-01-01 00:27:57.751200,0,1,2.0
1970-01-01 00:27:57.754800,0,1,2.0
1970-01-01 00:27:57.758400,0,1,2.0
1970-01-01 00:27:57.762000,0,1,2.0
1970-01-01 00:27:57.783600,0,1,2.0
1970-01-01 00:27:57.787200,0,1,2.0
1970-01-01 00:27:57.790800,0,1,2.0
1970-01-01 00:27:57.794400,0,1,2.0
1970-01-01 00:27:57.798000,0,1,2.0
1970-01-01 00:27:57.801600,0,1,2.0
1970-01-01 00:27:57.855600,1,0,2.0
1970-01-01 00:27:57.859200,1,0,2.0
1970-01-01 00:27:57.877200,1,0,2.0
1970-01-01 00:27:57.934800,0,1,2.0
1970-01-01 00:27:57.938400,0,1,2.0
1970-01-01 00:27:57.942000,0,1,2.0
1970-01-01 00:27:57.945600,0,1,2.0
1970-01-01 00:27:57.949200,0,1,2.0
1970-01-01 00:27:57.952800,0,1,2.0
1970-01-01 00:27:57.960000,1,0,2.0
1970-01-01 00:27:57.963600,1,0,2.0
1970-01-01 00:27:57.967200,1,0,2.0
1970-01-01 00:27:57.970800,1,0,2.0
1970-01-01 00:27:57.974400,1,0,2.0
1970-01-01 00:27:58.042800,0,1,2.0
1970-01-01 00:27:58.046400,0,1,2.0
1970-01-01 00:27:58.050000,0,1,2.0
1970-01-01 00:27:58.053600,0,1,2.0
1970-01-01 00:27:58.057200,0,1,2.0
1970-01-01 00:27:58.060800,0,1,2.0
1970-01-01 00:27:58.064400,0,1,2.0
1970-01-01 00:27:58.078800,0,1,2.0
1970-01-01 00:27:58.104000,1,0,2.0
1970-01-01 00:27:58.114800,0,1,2.0
1970-01-01 00:27:58.118400,0,1,2.0
1970-01-01 00:27:58.122000,0,1,2.0
1970-01-01 00:27:58.158000,0,1,2.0
1970-01-01 00:27:58.161600,0,1,2.0
1970-01-01 00:27:58.165200,0,1,2.0
1970-01-01 00:27:58.168800,0,1,2.0
1970-01-01 00:27:58.172400,0,1,2.0
1970-01-01 00:27:58.176000,0,1,2.0
1970-01-01 00:27:58.194000,1,0,2.0
1970-01-01 00:27:58.262400,0,1,2.0
1970-01-01 00:27:58.266000,0,1,2.0
1970-01-01 00:27:58.269600,0,1,2.0
1970-01-01 00:27:58.273200,0,1,2.0
1970-01-01 00:27:58.276800,0,1,2.0
1970-01-01 00:27:58.280400,0,1,2.0
1970-01-01 00:27:58.284000,1,0,2.0
1970-01-01 00:27:58.287600,0,1,2.0
1970-01-01 00:27:58.291200,0,1,2.0
1970-01-01 00:27:58.305600,0,1,2.0
1970-01-01 00:27:58.345200,1,0,2.0
1970-01-01 00:27:58.348800,1,0,2.0
1970-01-01 00:27:58.352400,1,0,2.0
1970-01-01 00:27:58.366800,0,1,2.0
1970-01-01 00:27:58.370400,0,1,2.0
1970-01-01 00:27:58.374000,0,1,2.0
1970-01-01 00:27:58.377600,0,1,2.0
1970-01-01 00:27:58.381200,0,1,2.0
1970-01-01 00:27:58.384800,0,1,2.0
1970-01-01 00:27:58.388400,0,1,2.0
1970-01-01 00:27:58.417200,0,1,2.0
1970-01-01 00:27:58.420800,0,1,2.0
1970-01-01 00:27:58.424400,0,1,2.0
1970-01-01 00:27:58.428000,0,1,2.0
1970-01-01 00:27:58.431600,0,1,2.0
1970-01-01 00:27:58.435200,0,1,2.0
1970-01-01 00:27:58.442400,1,0,2.0
1970-01-01 00:27:58.446000,1,0,2.0
1970-01-01 00:27:58.496400,0,1,2.0
1970-01-01 00:27:58.500000,0,1,2.0
1970-01-01 00:27:58.503600,0,1,2.0
1970-01-01 00:27:58.507200,0,1,2.0
1970-01-01 00:27:58.510800,0,1,2.0
1970-01-01 00:27:58.514400,0,1,2.0
1970-01-01 00:27:58.618800,1,0,2.0
1970-01-01 00:27:58.622400,1,0,2.0
1970-01-01 00:27:58.626000,1,0,2.0
1970-01-01 00:27:58.629600,1,0,2.0
1970-01-01 00:27:58.633200,1,0,2.0
1970-01-01 00:27:58.636800,1,0,2.0
1970-01-01 00:27:58.640400,1,0,2.0
1970-01-01 00:27:58.644000,1,0,2.0
1970-01-01 00:27:58.647600,1,0,2.0
1970-01-01 00:27:58.651200,1,0,2.0
1970-01-01 00:27:58.654800,1,0,2.0
1970-01-01 00:27:58.658400,1,0,2.0
1970-01-01 00:27:58.687200,0,1,2.0
1970-01-01 00:27:58.690800,0,1,2.0
1970-01-01 00:27:58.694400,1,0,2.0
1970-01-01 00:27:58.698000,1,0,2.0
1970-01-01 00:27:58.701600,1,0,2.0
1970-01-01 00:27:58.705200,1,0,2.0
1970-01-01 00:27:58.708800,1,0,2.0
1970-01-01 00:27:58.712400,1,0,2.0
1970-01-01 00:27:58.716000,1,0,2.0
1970-01-01 00:27:58.773600,1,0,2.0
1970-01-01 00:27:58.777200,1,0,2.0
1970-01-01 00:27:58.780800,1,0,2.0
1970-01-01 00:27:58.784400,1,0,2.0
1970-01-01 00:27:58.788000,1,0,2.0
1970-01-01 00:27:58.791600,1,0,2.0
1970-01-01 00:27:58.802400,0,1,2.0
1970-01-01 00:27:58.806000,0,1,2.0
1970-01-01 00:27:58.809600,0,1,2.0
1970-01-01 00:27:58.813200,0,1,2.0
1970-01-01 00:27:58.852800,0,1,2.0
1970-01-01 00:27:58.863600,0,1,2.0
1970-01-01 00:27:58.867200,0,1,2.0
1970-01-01 00:27:58.870800,0,1,2.0
1970-01-01 00:27:58.874400,0,1,2.0
1970-01-01 00:27:58.878000,0,1,2.0
1970-01-01 00:27:58.881600,0,1,2.0
1970-01-01 00:27:58.885200,0,1,2.0
1970-01-01 00:27:58.888800,0,1,2.0
1970-01-01 00:27:58.892400,0,1,2.0
1970-01-01 00:27:58.993200,0,0,2.0
1970-01-01 00:27:58.996800,1,0,2.0
1970-01-01 00:27:59.000400,1,0,2.0
1970-01-01 00:27:59.004000,1,0,2.0
1970-01-01 00:27:59.007600,1,0,2.0
1970-01-01 00:27:59.011200,1,0,2.0
1970-01-01 00:27:59.014800,1,0,2.0
1970-01-01 00:27:59.018400,1,0,2.0
1970-01-01 00:27:59.025600,1,0,2.0
1970-01-01 00:27:59.029200,1,0,2.0
1970-01-01 00:27:59.032800,1,0,2.0
1970-01-01 00:27:59.036400,1,0,2.0
1970-01-01 00:27:59.040000,1,0,2.0
1970-01-01 00:27:59.043600,1,0,2.0
1970-01-01 00:27:59.047200,0,1,2.0
1970-01-01 00:27:59.050800,0,1,2.0
1970-01-01 00:27:59.068800,1,0,2.0
1970-01-01 00:27:59.072400,1,0,2.0
1970-01-01 00:27:59.076000,1,0,2.0
1970-01-01 00:27:59.079600,1,0,2.0
1970-01-01 00:27:59.083200,1,0,2.0
1970-01-01 00:27:59.086800,1,0,2.0
1970-01-01 00:27:59.090400,1,0,2.0
1970-01-01 00:27:59.130000,0,1,2.0
1970-01-01 00:27:59.133600,0,1,2.0
1970-01-01 00:27:59.137200,0,1,2.0
1970-01-01 00:27:59.140800,0,1,2.0
1970-01-01 00:27:59.144400,0,1,2.0
1970-01-01 00:27:59.148000,0,1,2.0
1970-01-01 00:27:59.212800,1,0,2.0
1970-01-01 00:27:59.216400,1,0,2.0
1970-01-01 00:27:59.220000,1,0,2.0
1970-01-01 00:27:59.223600,1,0,2.0
1970-01-01 00:27:59.227200,1,0,2.0
1970-01-01 00:27:59.230800,1,0,2.0
1970-01-01 00:27:59.248800,0,1,2.0
1970-01-01 00:27:59.252400,0,1,2.0
1970-01-01 00:27:59.259600,0,1,2.0
1970-01-01 00:27:59.263200,0,1,2.0
1970-01-01 00:27:59.266800,0,1,2.0
1970-01-01 00:27:59.274000,0,1,2.0
1970-01-01 00:27:59.313600,0,1,2.0
1970-01-01 00:27:59.320800,0,1,2.0
1970-01-01 00:27:59.335200,0,1,2.0
1970-01-01 00:27:59.342400,0,1,2.0
1970-01-01 00:27:59.346000,0,1,2.0
1970-01-01 00:27:59.378400,1,0,2.0
1970-01-01 00:27:59.382000,1,0,2.0
1970-01-01 00:27:59.385600,1,0,2.0
1970-01-01 00:27:59.389200,1,0,2.0
1970-01-01 00:27:59.392800,1,0,2.0
1970-01-01 00:27:59.396400,1,0,2.0
1970-01-01 00:27:59.403600,0,1,2.0
1970-01-01 00:27:59.490000,1,0,2.0
1970-01-01 00:27:59.493600,1,0,2.0
1970-01-01 00:27:59.497200,1,0,2.0
1970-01-01 00:27:59.500800,1,0,2.0
1970-01-01 00:27:59.504400,1,0,2.0
1970-01-01 00:27:59.508000,1,0,2.0
1970-01-01 00:27:59.511600,1,0,2.0
1970-01-01 00:27:59.544000,1,0,2.0
1970-01-01 00:27:59.558400,1,0,2.0
1970-01-01 00:27:59.565600,1,0,2.0
1970-01-01 00:27:59.569200,1,0,2.0
1970-01-01 00:27:59.572800,1,0,2.0
1970-01-01 00:27:59.576400,1,0,2.0
1970-01-01 00:27:59.580000,1,0,2.0
1970-01-01 00:27:59.616000,1,0,2.0
1970-01-01 00:27:59.634000,0,1,2.0
1970-01-01 00:27:59.637600,0,1,2.0
1970-01-01 00:27:59.641200,0,1,2.0
1970-01-01 00:27:59.644800,0,1,2.0
1970-01-01 00:27:59.652000,0,1,2.0
1970-01-01 00:27:59.745600,0,1,2.0
1970-01-01 00:27:59.749200,0,1,2.0
1970-01-01 00:27:59.752800,0,1,2.0
1970-01-01 00:27:59.756400,0,1,2.0
1970-01-01 00:27:59.760000,0,1,2.0
1970-01-01 00:27:59.763600,0,1,2.0
1970-01-01 00:27:59.770800,1,0,2.0
1970-01-01 00:27:59.774400,1,0,2.0
1970-01-01 00:27:59.778000,1,0,2.0
1970-01-01 00:27:59.781600,1,0,2.0
1970-01-01 00:27:59.785200,1,0,2.0
1970-01-01 00:27:59.788800,1,0,2.0
1970-01-01 00:27:59.835600,0,1,2.0
1970-01-01 00:27:59.846400,1,0,2.0
1970-01-01 00:27:59.868000,0,1,2.0
1970-01-01 00:27:59.871600,0,1,2.0
1970-01-01 00:27:59.875200,0,1,2.0
1970-01-01 00:27:59.904000,0,1,2.0
1970-01-01 00:27:59.907600,0,1,2.0
1970-01-01 00:27:59.911200,0,1,2.0
1970-01-01 00:27:59.914800,0,1,2.0
1970-01-01 00:27:59.918400,0,1,2.0
1970-01-01 00:27:59.922000,0,1,2.0
1970-01-01 00:27:59.950800,0,1,2.0
1970-01-01 00:27:59.958000,0,1,2.0
1970-01-01 00:28:00.004800,1,0,2.0
1970-01-01 00:28:00.008400,1,0,2.0
1970-01-01 00:28:00.012000,1,0,2.0
1970-01-01 00:28:00.019200,1,0,2.0
1970-01-01 00:28:00.022800,1,0,2.0
1970-01-01 00:28:00.040800,1,0,2.0
1970-01-01 00:28:00.048000,1,0,2.0
1970-01-01 00:28:00.051600,1,0,2.0
1970-01-01 00:28:00.055200,1,0,2.0
1970-01-01 00:28:00.058800,1,0,2.0
1970-01-01 00:28:00.062400,1,0,2.0
1970-01-01 00:28:00.066000,1,0,2.0
1970-01-01 00:28:00.076800,0,1,2.0
1970-01-01 00:28:00.098400,1,0,2.0
1970-01-01 00:28:00.112800,0,1,2.0
1970-01-01 00:28:00.116400,0,1,2.0
1970-01-01 00:28:00.120000,0,1,2.0
1970-01-01 00:28:00.123600,0,1,2.0
1970-01-01 00:28:00.134400,1,0,2.0
1970-01-01 00:28:00.138000,1,0,2.0
1970-01-01 00:28:00.141600,0,1,2.0
1970-01-01 00:28:00.174000,0,1,2.0
1970-01-01 00:28:00.177600,0,1,2.0
1970-01-01 00:28:00.181200,0,1,2.0
1970-01-01 00:28:00.184800,0,1,2.0
1970-01-01 00:28:00.188400,0,1,2.0
1970-01-01 00:28:00.192000,0,1,2.0
1970-01-01 00:28:00.195600,1,0,2.0
1970-01-01 00:28:00.199200,1,0,2.0
1970-01-01 00:28:00.213600,1,0,2.0
1970-01-01 00:28:00.231600,0,1,2.0
1970-01-01 00:28:00.235200,0,1,2.0
1970-01-01 00:28:00.249600,1,0,2.0
1970-01-01 00:28:00.253200,1,0,2.0
1970-01-01 00:28:00.256800,1,0,2.0
1970-01-01 00:28:00.260400,1,0,2.0
1970-01-01 00:28:00.289200,1,0,2.0
1970-01-01 00:28:00.292800,1,0,2.0
1970-01-01 00:28:00.296400,1,0,2.0
1970-01-01 00:28:00.300000,1,0,2.0
1970-01-01 00:28:00.303600,1,0,2.0
1970-01-01 00:28:00.307200,1,0,2.0
1970-01-01 00:28:00.393600,1,0,2.0
1970-01-01 00:28:00.400800,1,0,2.0
1970-01-01 00:28:00.404400,1,0,2.0
1970-01-01 00:28:00.408000,1,0,2.0
1970-01-01 00:28:00.411600,1,0,2.0
1970-01-01 00:28:00.426000,0,1,2.0
1970-01-01 00:28:00.436800,0,1,2.0
1970-01-01 00:28:00.440400,0,1,2.0
1970-01-01 00:28:00.444000,0,1,2.0
1970-01-01 00:28:00.447600,0,1,2.0
1970-01-01 00:28:00.451200,0,1,2.0
1970-01-01 00:28:00.462000,1,0,2.0
1970-01-01 00:28:00.472800,0,1,2.0
1970-01-01 00:28:00.476400,0,1,2.0
1970-01-01 00:28:00.480000,0,1,2.0
1970-01-01 00:28:00.490800,1,0,2.0
1970-01-01 00:28:00.498000,1,0,2.0
1970-01-01 00:28:00.501600,1,0,2.0
1970-01-01 00:28:00.530400,1,0,2.0
1970-01-01 00:28:00.534000,1,0,2.0
1970-01-01 00:28:00.537600,1,0,2.0
1970-01-01 00:28:00.541200,1,0,2.0
1970-01-01 00:28:00.544800,0,1,2.0
1970-01-01 00:28:00.548400,0,1,2.0
1970-01-01 00:28:00.645600,1,0,2.0
1970-01-01 00:28:00.649200,1,0,2.0
1970-01-01 00:28:00.656400,1,0,2.0
1970-01-01 00:28:00.660000,1,0,2.0
1970-01-01 00:28:00.667200,1,0,2.0
1970-01-01 00:28:00.678000,0,1,2.0
1970-01-01 00:28:00.681600,0,1,2.0
1970-01-01 00:28:00.685200,0,1,2.0
1970-01-01 00:28:00.688800,0,1,2.0
1970-01-01 00:28:00.692400,0,1,2.0
1970-01-01 00:28:00.696000,0,1,2.0
1970-01-01 00:28:00.699600,0,1,2.0
1970-01-01 00:28:00.750000,0,1,2.0
1970-01-01 00:28:00.753600,0,1,2.0
1970-01-01 00:28:00.757200,0,1,2.0
1970-01-01 00:28:00.760800,0,1,2.0
1970-01-01 00:28:00.829200,0,1,2.0
1970-01-01 00:28:00.832800,0,1,2.0
1970-01-01 00:28:00.836400,0,1,2.0
1970-01-01 00:28:00.840000,0,1,2.0
1970-01-01 00:28:00.843600,0,1,2.0
1970-01-01 00:28:00.912000,1,0,2.0
1970-01-01 00:28:00.915600,1,0,2.0
1970-01-01 00:28:00.955200,0,1,2.0
1970-01-01 00:28:00.958800,0,1,2.0
1970-01-01 00:28:00.962400,0,1,2.0
1970-01-01 00:28:00.966000,0,1,2.0
1970-01-01 00:28:00.969600,0,1,2.0
1970-01-01 00:28:00.976800,1,0,2.0
1970-01-01 00:28:00.980400,1,0,2.0
1970-01-01 00:28:00.984000,1,0,2.0
1970-01-01 00:28:00.987600,1,0,2.0
1970-01-01 00:28:00.991200,1,0,2.0
1970-01-01 00:28:00.994800,1,0,2.0
1970-01-01 00:28:01.009200,0,1,2.0
1970-01-01 00:28:01.012800,0,1,2.0
1970-01-01 00:28:01.038000,0,1,2.0
1970-01-01 00:28:01.041600,0,1,2.0
1970-01-01 00:28:01.048800,1,0,2.0
1970-01-01 00:28:01.052400,1,0,2.0
1970-01-01 00:28:01.056000,1,0,2.0
1970-01-01 00:28:01.059600,1,0,2.0
1970-01-01 00:28:01.070400,1,0,2.0
1970-01-01 00:28:01.074000,0,1,2.0
1970-01-01 00:28:01.077600,0,1,2.0
1970-01-01 00:28:01.113600,1,0,2.0
1970-01-01 00:28:01.117200,1,0,2.0
1970-01-01 00:28:01.120800,1,0,2.0
1970-01-01 00:28:01.124400,1,0,2.0
1970-01-01 00:28:01.128000,1,0,2.0
1970-01-01 00:28:01.131600,1,0,2.0
1970-01-01 00:28:01.146000,1,0,2.0
1970-01-01 00:28:01.153200,1,0,2.0
1970-01-01 00:28:01.156800,1,0,2.0
1970-01-01 00:28:01.160400,1,0,2.0
1970-01-01 00:28:01.164000,1,0,2.0
1970-01-01 00:28:01.167600,1,0,2.0
1970-01-01 00:28:01.171200,1,0,2.0
1970-01-01 00:28:01.174800,1,0,2.0
1970-01-01 00:28:01.182000,1,0,2.0
1970-01-01 00:28:01.239600,0,1,2.0
1970-01-01 00:28:01.243200,0,1,2.0
1970-01-01 00:28:01.246800,0,1,2.0
1970-01-01 00:28:01.250400,0,1,2.0
1970-01-01 00:28:01.254000,0,1,2.0
1970-01-01 00:28:01.257600,0,1,2.0
1970-01-01 00:28:01.261200,0,1,2.0
1970-01-01 00:28:01.354800,1,0,2.0
1970-01-01 00:28:01.358400,1,0,2.0
1970-01-01 00:28:01.362000,1,0,2.0
1970-01-01 00:28:01.365600,1,0,2.0
1970-01-01 00:28:01.369200,1,0,2.0
1970-01-01 00:28:01.408800,1,0,2.0
1970-01-01 00:28:01.412400,1,0,2.0
1970-01-01 00:28:01.416000,1,0,2.0
1970-01-01 00:28:01.419600,1,0,2.0
1970-01-01 00:28:01.423200,1,0,2.0
1970-01-01 00:28:01.426800,1,0,2.0
1970-01-01 00:28:01.452000,0,1,2.0
1970-01-01 00:28:01.462800,0,1,2.0
1970-01-01 00:28:01.466400,0,1,2.0
1970-01-01 00:28:01.470000,0,1,2.0
1970-01-01 00:28:01.477200,0,1,2.0
1970-01-01 00:28:01.480800,0,1,2.0
1970-01-01 00:28:01.484400,1,0,2.0
1970-01-01 00:28:01.488000,1,0,2.0
1970-01-01 00:28:01.624800,1,0,2.0
1970-01-01 00:28:01.628400,1,0,2.0
1970-01-01 00:28:01.632000,1,0,2.0
1970-01-01 00:28:01.635600,1,0,2.0
1970-01-01 00:28:01.639200,1,0,2.0
1970-01-01 00:28:01.642800,1,0,2.0
1970-01-01 00:28:01.646400,1,0,2.0
1970-01-01 00:28:01.650000,1,0,2.0
1970-01-01 00:28:01.653600,1,0,2.0
1970-01-01 00:28:01.668000,0,1,2.0
1970-01-01 00:28:01.671600,0,1,2.0
1970-01-01 00:28:01.675200,0,1,2.0
1970-01-01 00:28:01.678800,0,1,2.0
1970-01-01 00:28:01.682400,0,1,2.0
1970-01-01 00:28:01.686000,0,1,2.0
1970-01-01 00:28:01.761600,1,0,2.0
1970-01-01 00:28:01.765200,1,0,2.0
1970-01-01 00:28:01.768800,1,0,2.0
1970-01-01 00:28:01.772400,1,0,2.0
1970-01-01 00:28:01.776000,1,0,2.0
1970-01-01 00:28:01.779600,1,0,2.0
1970-01-01 00:28:01.815600,0,1,2.0
1970-01-01 00:28:01.866000,0,1,2.0
1970-01-01 00:28:01.869600,0,1,2.0
1970-01-01 00:28:01.873200,0,1,2.0
1970-01-01 00:28:01.876800,0,1,2.0
1970-01-01 00:28:01.880400,0,1,2.0
1970-01-01 00:28:01.884000,0,1,2.0
1970-01-01 00:28:01.887600,0,1,2.0
1970-01-01 00:28:01.905600,0,1,2.0
1970-01-01 00:28:01.909200,0,1,2.0
1970-01-01 00:28:01.912800,0,1,2.0
1970-01-01 00:28:01.923600,0,1,2.0
1970-01-01 00:28:01.927200,0,1,2.0
1970-01-01 00:28:01.930800,0,1,2.0
1970-01-01 00:28:01.934400,0,1,2.0
1970-01-01 00:28:01.938000,0,1,2.0
1970-01-01 00:28:01.941600,0,1,2.0
1970-01-01 00:28:01.988400,0,0,2.0
1970-01-01 00:28:01.992000,0,1,2.0
1970-01-01 00:28:01.995600,0,1,2.0
1970-01-01 00:28:01.999200,0,1,2.0
1970-01-01 00:28:02.010000,1,0,2.0
1970-01-01 00:28:02.013600,1,0,2.0
1970-01-01 00:28:02.017200,1,0,2.0
1970-01-01 00:28:02.020800,1,0,2.0
1970-01-01 00:28:02.056800,1,0,2.0
1970-01-01 00:28:02.082000,0,1,2.0
1970-01-01 00:28:02.085600,0,1,2.0
1970-01-01 00:28:02.089200,0,1,2.0
1970-01-01 00:28:02.092800,0,1,2.0
1970-01-01 00:28:02.096400,0,1,2.0
1970-01-01 00:28:02.100000,0,1,2.0
1970-01-01 00:28:02.154000,1,0,2.0
1970-01-01 00:28:02.161200,1,0,2.0
1970-01-01 00:28:02.168400,1,0,2.0
1970-01-01 00:28:02.197200,0,1,2.0
1970-01-01 00:28:02.200800,0,1,2.0
1970-01-01 00:28:02.204400,0,1,2.0
1970-01-01 00:28:02.236800,0,1,2.0
1970-01-01 00:28:02.240400,0,1,2.0
1970-01-01 00:28:02.247600,0,1,2.0
1970-01-01 00:28:02.251200,0,1,2.0
1970-01-01 00:28:02.254800,0,1,2.0
1970-01-01 00:28:02.258400,0,1,2.0
1970-01-01 00:28:02.262000,0,1,2.0
1970-01-01 00:28:02.265600,0,1,2.0
1970-01-01 00:28:02.272800,1,0,2.0
1970-01-01 00:28:02.276400,1,0,2.0
1970-01-01 00:28:02.280000,1,0,2.0
1970-01-01 00:28:02.283600,1,0,2.0
1970-01-01 00:28:02.323200,1,0,2.0
1970-01-01 00:28:02.334000,0,1,2.0
1970-01-01 00:28:02.341200,0,1,2.0
1970-01-01 00:28:02.352000,1,0,2.0
1970-01-01 00:28:02.391600,1,0,2.0
1970-01-01 00:28:02.395200,1,0,2.0
1970-01-01 00:28:02.402400,1,0,2.0
1970-01-01 00:28:02.406000,1,0,2.0
1970-01-01 00:28:02.431200,1,0,2.0
1970-01-01 00:28:02.434800,1,0,2.0
1970-01-01 00:28:02.438400,1,0,2.0
1970-01-01 00:28:02.442000,1,0,2.0
1970-01-01 00:28:02.488800,1,0,2.0
1970-01-01 00:28:02.492400,1,0,2.0
1970-01-01 00:28:02.496000,1,0,2.0
1970-01-01 00:28:02.499600,1,0,2.0
1970-01-01 00:28:02.503200,1,0,2.0
1970-01-01 00:28:02.506800,1,0,2.0
1970-01-01 00:28:02.510400,0,1,2.0
1970-01-01 00:28:02.514000,0,1,2.0
1970-01-01 00:28:02.517600,0,1,2.0
1970-01-01 00:28:02.521200,0,1,2.0
1970-01-01 00:28:02.524800,0,1,2.0
1970-01-01 00:28:02.528400,0,1,2.0
1970-01-01 00:28:02.532000,0,1,2.0
1970-01-01 00:28:02.535600,1,0,2.0
1970-01-01 00:28:02.596800,1,0,2.0
1970-01-01 00:28:02.665200,0,1,2.0
1970-01-01 00:28:02.668800,0,1,2.0
1970-01-01 00:28:02.672400,0,1,2.0
1970-01-01 00:28:02.676000,0,1,2.0
1970-01-01 00:28:02.686800,1,0,2.0
1970-01-01 00:28:02.751600,1,0,2.0
1970-01-01 00:28:02.755200,1,0,2.0
1970-01-01 00:28:02.758800,1,0,2.0
1970-01-01 00:28:02.762400,1,0,2.0
1970-01-01 00:28:02.766000,1,0,2.0
1970-01-01 00:28:02.769600,1,0,2.0
1970-01-01 00:28:02.787600,1,0,2.0
1970-01-01 00:28:02.859600,0,1,2.0
1970-01-01 00:28:02.863200,0,1,2.0
1970-01-01 00:28:02.866800,0,1,2.0
1970-01-01 00:28:02.870400,0,1,2.0
1970-01-01 00:28:02.874000,0,1,2.0
1970-01-01 00:28:02.877600,0,1,2.0
1970-01-01 00:28:02.881200,0,1,2.0
1970-01-01 00:28:02.884800,0,1,2.0
1970-01-01 00:28:02.888400,0,1,2.0
1970-01-01 00:28:02.892000,0,1,2.0
1970-01-01 00:28:02.895600,0,1,2.0
1970-01-01 00:28:02.899200,0,1,2.0
1970-01-01 00:28:02.946000,0,1,2.0
1970-01-01 00:28:02.949600,0,1,2.0
1970-01-01 00:28:02.992800,1,0,2.0
1970-01-01 00:28:03.000000,1,0,2.0
1970-01-01 00:28:03.003600,1,0,2.0
1970-01-01 00:28:03.007200,1,0,2.0
1970-01-01 00:28:03.093600,0,1,2.0
1970-01-01 00:28:03.097200,0,1,2.0
1970-01-01 00:28:03.100800,0,1,2.0
1970-01-01 00:28:03.104400,0,1,2.0
1970-01-01 00:28:03.108000,0,1,2.0
1970-01-01 00:28:03.111600,0,1,2.0
1970-01-01 00:28:03.122400,1,0,2.0
1970-01-01 00:28:03.126000,1,0,2.0
1970-01-01 00:28:03.129600,1,0,2.0
1970-01-01 00:28:03.133200,1,0,2.0
1970-01-01 00:28:03.136800,1,0,2.0
1970-01-01 00:28:03.140400,1,0,2.0
1970-01-01 00:28:03.144000,1,0,2.0
1970-01-01 00:28:03.226800,1,0,2.0
1970-01-01 00:28:03.230400,1,0,2.0
1970-01-01 00:28:03.234000,1,0,2.0
1970-01-01 00:28:03.248400,0,1,2.0
1970-01-01 00:28:03.266400,0,1,2.0
1970-01-01 00:28:03.288000,1,0,2.0
1970-01-01 00:28:03.291600,1,0,2.0
1970-01-01 00:28:03.316800,0,1,2.0
1970-01-01 00:28:03.320400,0,1,2.0
1970-01-01 00:28:03.324000,0,1,2.0
1970-01-01 00:28:03.327600,0,1,2.0
1970-01-01 00:28:03.331200,0,1,2.0
1970-01-01 00:28:03.349200,0,1,2.0
1970-01-01 00:28:03.352800,0,1,2.0
1970-01-01 00:28:03.356400,0,1,2.0
1970-01-01 00:28:03.360000,0,1,2.0
1970-01-01 00:28:03.363600,0,1,2.0
1970-01-01 00:28:03.367200,0,1,2.0
1970-01-01 00:28:03.370800,0,1,2.0
1970-01-01 00:28:03.374400,0,1,2.0
1970-01-01 00:28:03.378000,0,1,2.0
1970-01-01 00:28:03.385200,1,0,2.0
1970-01-01 00:28:03.486000,0,1,2.0
1970-01-01 00:28:03.489600,0,1,2.0
1970-01-01 00:28:03.493200,0,1,2.0
1970-01-01 00:28:03.496800,0,1,2.0
1970-01-01 00:28:03.504000,0,1,2.0
1970-01-01 00:28:03.543600,0,1,2.0
1970-01-01 00:28:03.547200,0,1,2.0
1970-01-01 00:28:03.550800,0,1,2.0
1970-01-01 00:28:03.554400,0,1,2.0
1970-01-01 00:28:03.558000,0,1,2.0
1970-01-01 00:28:03.561600,0,1,2.0
1970-01-01 00:28:03.640800,1,0,2.0
1970-01-01 00:28:03.644400,1,0,2.0
1970-01-01 00:28:03.680400,0,1,2.0
1970-01-01 00:28:03.698400,1,0,2.0
1970-01-01 00:28:03.702000,1,0,2.0
1970-01-01 00:28:03.705600,1,0,2.0
1970-01-01 00:28:03.709200,1,0,2.0
1970-01-01 00:28:03.712800,1,0,2.0
1970-01-01 00:28:03.716400,1,0,2.0
1970-01-01 00:28:03.720000,0,1,2.0
1970-01-01 00:28:03.723600,0,1,2.0
1970-01-01 00:28:03.727200,0,1,2.0
1970-01-01 00:28:03.730800,0,1,2.0
1970-01-01 00:28:03.734400,0,1,2.0
1970-01-01 00:28:03.738000,1,0,2.0
1970-01-01 00:28:03.741600,1,0,2.0
1970-01-01 00:28:03.748800,0,1,2.0
1970-01-01 00:28:03.792000,1,0,2.0
1970-01-01 00:28:03.802800,0,1,2.0
1970-01-01 00:28:03.806400,0,1,2.0
1970-01-01 00:28:03.810000,0,1,2.0
1970-01-01 00:28:03.817200,0,1,2.0
1970-01-01 00:28:03.824400,1,0,2.0
1970-01-01 00:28:03.828000,1,0,2.0
1970-01-01 00:28:03.831600,1,0,2.0
1970-01-01 00:28:03.838800,0,1,2.0
1970-01-01 00:28:03.842400,0,1,2.0
1970-01-01 00:28:03.846000,0,1,2.0
1970-01-01 00:28:03.849600,0,1,2.0
1970-01-01 00:28:03.853200,0,1,2.0
1970-01-01 00:28:03.903600,1,0,2.0
1970-01-01 00:28:03.907200,1,0,2.0
1970-01-01 00:28:03.910800,1,0,2.0
1970-01-01 00:28:03.914400,1,0,2.0
1970-01-01 00:28:03.918000,1,0,2.0
1970-01-01 00:28:04.022400,1,0,2.0
1970-01-01 00:28:04.026000,1,0,2.0
1970-01-01 00:28:04.047600,1,0,2.0
1970-01-01 00:28:04.051200,1,0,2.0
1970-01-01 00:28:04.054800,1,0,2.0
1970-01-01 00:28:04.058400,1,0,2.0
1970-01-01 00:28:04.062000,1,0,2.0
1970-01-01 00:28:04.065600,1,0,2.0
1970-01-01 00:28:04.069200,1,0,2.0
1970-01-01 00:28:04.072800,1,0,2.0
1970-01-01 00:28:04.076400,0,1,2.0
1970-01-01 00:28:04.090800,1,0,2.0
1970-01-01 00:28:04.094400,1,0,2.0
1970-01-01 00:28:04.098000,1,0,2.0
1970-01-01 00:28:04.101600,1,0,2.0
1970-01-01 00:28:04.105200,1,0,2.0
1970-01-01 00:28:04.108800,1,0,2.0
1970-01-01 00:28:04.112400,1,0,2.0
1970-01-01 00:28:04.116000,1,0,2.0
1970-01-01 00:28:04.119600,1,0,2.0
1970-01-01 00:28:04.206000,1,0,2.0
1970-01-01 00:28:04.213200,1,0,2.0
1970-01-01 00:28:04.216800,1,0,2.0
1970-01-01 00:28:04.260000,1,0,2.0
1970-01-01 00:28:04.263600,1,0,2.0
1970-01-01 00:28:04.267200,1,0,2.0
1970-01-01 00:28:04.270800,1,0,2.0
1970-01-01 00:28:04.274400,1,0,2.0
1970-01-01 00:28:04.278000,1,0,2.0
1970-01-01 00:28:04.296000,0,1,2.0
1970-01-01 00:28:04.310400,1,0,2.0
1970-01-01 00:28:04.328400,1,0,2.0
1970-01-01 00:28:04.332000,1,0,2.0
1970-01-01 00:28:04.335600,1,0,2.0
1970-01-01 00:28:04.400400,0,1,2.0
1970-01-01 00:28:04.404000,0,1,2.0
1970-01-01 00:28:04.407600,0,1,2.0
1970-01-01 00:28:04.411200,0,1,2.0
1970-01-01 00:28:04.414800,0,1,2.0
1970-01-01 00:28:04.418400,0,1,2.0
1970-01-01 00:28:04.422000,0,1,2.0
1970-01-01 00:28:04.425600,0,1,2.0
1970-01-01 00:28:04.432800,1,0,2.0
1970-01-01 00:28:04.450800,1,0,2.0
1970-01-01 00:28:04.454400,1,0,2.0
1970-01-01 00:28:04.458000,1,0,2.0
1970-01-01 00:28:04.494000,1,0,2.0
1970-01-01 00:28:04.501200,1,0,2.0
1970-01-01 00:28:04.504800,1,0,2.0
1970-01-01 00:28:04.515600,0,1,2.0
1970-01-01 00:28:04.519200,0,1,2.0
1970-01-01 00:28:04.573200,1,0,2.0
1970-01-01 00:28:04.576800,1,0,2.0
1970-01-01 00:28:04.580400,1,0,2.0
1970-01-01 00:28:04.584000,1,0,2.0
1970-01-01 00:28:04.587600,1,0,2.0
1970-01-01 00:28:04.591200,1,0,2.0
1970-01-01 00:28:04.598400,1,0,2.0
1970-01-01 00:28:04.602000,0,1,2.0
1970-01-01 00:28:04.620000,1,0,2.0
1970-01-01 00:28:04.627200,0,1,2.0
1970-01-01 00:28:04.630800,1,0,2.0
1970-01-01 00:28:04.641600,1,0,2.0
1970-01-01 00:28:04.645200,1,0,2.0
1970-01-01 00:28:04.656000,0,1,2.0
1970-01-01 00:28:04.659600,0,1,2.0
1970-01-01 00:28:04.663200,0,1,2.0
1970-01-01 00:28:04.670400,0,1,2.0
1970-01-01 00:28:04.695600,0,1,2.0
1970-01-01 00:28:04.699200,0,1,2.0
1970-01-01 00:28:04.702800,0,1,2.0
1970-01-01 00:28:04.706400,0,1,2.0
1970-01-01 00:28:04.710000,0,1,2.0
1970-01-01 00:28:04.713600,0,1,2.0
1970-01-01 00:28:04.789200,1,0,2.0
1970-01-01 00:28:04.792800,1,0,2.0
1970-01-01 00:28:04.796400,1,0,2.0
1970-01-01 00:28:04.800000,1,0,2.0
1970-01-01 00:28:04.803600,1,0,2.0
1970-01-01 00:28:04.807200,1,0,2.0
1970-01-01 00:28:04.810800,0,1,2.0
1970-01-01 00:28:04.872000,1,0,2.0
1970-01-01 00:28:04.879200,0,1,2.0
1970-01-01 00:28:04.882800,0,1,2.0
1970-01-01 00:28:04.886400,0,1,2.0
1970-01-01 00:28:04.890000,0,1,2.0
1970-01-01 00:28:04.893600,0,1,2.0
1970-01-01 00:28:04.897200,0,1,2.0
1970-01-01 00:28:04.900800,0,1,2.0
1970-01-01 00:28:04.904400,0,1,2.0
1970-01-01 00:28:04.958400,0,1,2.0
1970-01-01 00:28:04.962000,0,1,2.0
1970-01-01 00:28:04.965600,0,1,2.0
1970-01-01 00:28:04.969200,0,1,2.0
1970-01-01 00:28:05.026800,1,0,2.0
1970-01-01 00:28:05.030400,1,0,2.0
1970-01-01 00:28:05.034000,1,0,2.0
1970-01-01 00:28:05.037600,1,0,2.0
1970-01-01 00:28:05.041200,1,0,2.0
1970-01-01 00:28:05.044800,1,0,2.0
1970-01-01 00:28:05.048400,1,0,2.0
1970-01-01 00:28:05.052000,1,0,2.0
1970-01-01 00:28:05.145600,1,0,2.0
1970-01-01 00:28:05.196000,1,0,2.0
1970-01-01 00:28:05.199600,1,0,2.0
1970-01-01 00:28:05.203200,1,0,2.0
1970-01-01 00:28:05.210400,1,0,2.0
1970-01-01 00:28:05.214000,1,0,2.0
1970-01-01 00:28:05.217600,1,0,2.0
1970-01-01 00:28:05.221200,1,0,2.0
1970-01-01 00:28:05.224800,1,0,2.0
1970-01-01 00:28:05.228400,1,0,2.0
1970-01-01 00:28:05.282400,1,0,2.0
1970-01-01 00:28:05.286000,1,0,2.0
1970-01-01 00:28:05.289600,1,0,2.0
1970-01-01 00:28:05.293200,1,0,2.0
1970-01-01 00:28:05.296800,1,0,2.0
1970-01-01 00:28:05.300400,1,0,2.0
1970-01-01 00:28:05.304000,1,0,2.0
1970-01-01 00:28:05.311200,0,1,2.0
1970-01-01 00:28:05.329200,1,0,2.0
1970-01-01 00:28:05.358000,0,1,2.0
1970-01-01 00:28:05.365200,0,1,2.0
1970-01-01 00:28:05.419200,1,0,2.0
1970-01-01 00:28:05.422800,1,0,2.0
1970-01-01 00:28:05.426400,1,0,2.0
1970-01-01 00:28:05.430000,1,0,2.0
1970-01-01 00:28:05.433600,1,0,2.0
1970-01-01 00:28:05.437200,1,0,2.0
1970-01-01 00:28:05.440800,0,1,2.0
1970-01-01 00:28:05.444400,0,1,2.0
1970-01-01 00:28:05.448000,0,1,2.0
1970-01-01 00:28:05.484000,0,1,2.0
1970-01-01 00:28:05.487600,0,1,2.0
1970-01-01 00:28:05.491200,0,1,2.0
1970-01-01 00:28:05.494800,0,1,2.0
1970-01-01 00:28:05.498400,0,1,2.0
1970-01-01 00:28:05.502000,0,1,2.0
1970-01-01 00:28:05.556000,1,0,2.0
1970-01-01 00:28:05.559600,1,0,2.0
1970-01-01 00:28:05.563200,1,0,2.0
1970-01-01 00:28:05.566800,1,0,2.0
1970-01-01 00:28:05.570400,1,0,2.0
1970-01-01 00:28:05.574000,1,0,2.0
1970-01-01 00:28:05.577600,1,0,2.0
1970-01-01 00:28:05.584800,1,0,2.0
1970-01-01 00:28:05.588400,1,0,2.0
1970-01-01 00:28:05.592000,1,0,2.0
1970-01-01 00:28:05.610000,1,0,2.0
1970-01-01 00:28:05.613600,1,0,2.0
1970-01-01 00:28:05.617200,1,0,2.0
1970-01-01 00:28:05.620800,1,0,2.0
1970-01-01 00:28:05.624400,1,0,2.0
1970-01-01 00:28:05.692800,0,1,2.0
1970-01-01 00:28:05.700000,0,1,2.0
1970-01-01 00:28:05.703600,0,1,2.0
1970-01-01 00:28:05.710800,1,0,2.0
1970-01-01 00:28:05.714400,1,0,2.0
1970-01-01 00:28:05.725200,1,0,2.0
1970-01-01 00:28:05.746800,0,1,2.0
1970-01-01 00:28:05.764800,1,0,2.0
1970-01-01 00:28:05.768400,1,0,2.0
1970-01-01 00:28:05.772000,1,0,2.0
1970-01-01 00:28:05.775600,1,0,2.0
1970-01-01 00:28:05.779200,1,0,2.0
1970-01-01 00:28:05.782800,1,0,2.0
1970-01-01 00:28:05.815200,0,1,2.0
1970-01-01 00:28:05.818800,0,1,2.0
1970-01-01 00:28:05.829600,0,1,2.0
1970-01-01 00:28:05.851200,1,0,2.0
1970-01-01 00:28:05.854800,1,0,2.0
1970-01-01 00:28:05.898000,0,1,2.0
1970-01-01 00:28:05.901600,0,1,2.0
1970-01-01 00:28:05.905200,0,1,2.0
1970-01-01 00:28:05.908800,0,1,2.0
1970-01-01 00:28:05.912400,0,1,2.0
1970-01-01 00:28:05.916000,0,1,2.0
1970-01-01 00:28:05.919600,0,1,2.0
1970-01-01 00:28:05.955600,0,1,2.0
1970-01-01 00:28:05.959200,0,1,2.0
1970-01-01 00:28:05.962800,0,1,2.0
1970-01-01 00:28:05.966400,0,1,2.0
1970-01-01 00:28:05.970000,0,1,2.0
1970-01-01 00:28:05.973600,0,1,2.0
1970-01-01 00:28:06.038400,0,0,2.0
1970-01-01 00:28:06.042000,0,1,2.0
1970-01-01 00:28:06.052800,1,0,2.0
1970-01-01 00:28:06.056400,1,0,2.0
1970-01-01 00:28:06.060000,1,0,2.0
1970-01-01 00:28:06.063600,1,0,2.0
1970-01-01 00:28:06.067200,1,0,2.0
1970-01-01 00:28:06.110400,0,1,2.0
1970-01-01 00:28:06.114000,0,1,2.0
1970-01-01 00:28:06.124800,0,1,2.0
1970-01-01 00:28:06.132000,0,1,2.0
1970-01-01 00:28:06.135600,0,1,2.0
1970-01-01 00:28:06.139200,0,1,2.0
1970-01-01 00:28:06.142800,0,1,2.0
1970-01-01 00:28:06.214800,1,0,2.0
1970-01-01 00:28:06.258000,0,1,2.0
1970-01-01 00:28:06.261600,0,1,2.0
1970-01-01 00:28:06.265200,0,1,2.0
1970-01-01 00:28:06.290400,1,0,2.0
1970-01-01 00:28:06.294000,1,0,2.0
1970-01-01 00:28:06.297600,1,0,2.0
1970-01-01 00:28:06.301200,1,0,2.0
1970-01-01 00:28:06.304800,1,0,2.0
1970-01-01 00:28:06.308400,1,0,2.0
1970-01-01 00:28:06.330000,0,1,2.0
1970-01-01 00:28:06.340800,0,1,2.0
1970-01-01 00:28:06.344400,0,1,2.0
1970-01-01 00:28:06.348000,0,1,2.0
1970-01-01 00:28:06.351600,0,1,2.0
1970-01-01 00:28:06.355200,0,1,2.0
1970-01-01 00:28:06.358800,0,1,2.0
1970-01-01 00:28:06.362400,0,1,2.0
1970-01-01 00:28:06.366000,0,1,2.0
1970-01-01 00:28:06.477600,0,1,2.0
1970-01-01 00:28:06.488400,1,0,2.0
1970-01-01 00:28:06.513600,0,1,2.0
1970-01-01 00:28:06.517200,0,1,2.0
1970-01-01 00:28:06.520800,0,1,2.0
1970-01-01 00:28:06.524400,0,1,2.0
1970-01-01 00:28:06.528000,0,1,2.0
1970-01-01 00:28:06.531600,0,1,2.0
1970-01-01 00:28:06.553200,1,0,2.0
1970-01-01 00:28:06.600000,1,0,2.0
1970-01-01 00:28:06.607200,1,0,2.0
1970-01-01 00:28:06.614400,1,0,2.0
1970-01-01 00:28:06.643200,0,1,2.0
1970-01-01 00:28:06.646800,0,1,2.0
1970-01-01 00:28:06.650400,0,1,2.0
1970-01-01 00:28:06.654000,0,1,2.0
1970-01-01 00:28:06.657600,0,1,2.0
1970-01-01 00:28:06.747600,0,1,2.0
1970-01-01 00:28:06.751200,0,1,2.0
1970-01-01 00:28:06.754800,0,1,2.0
1970-01-01 00:28:06.758400,0,1,2.0
1970-01-01 00:28:06.762000,0,1,2.0
1970-01-01 00:28:06.765600,0,1,2.0
1970-01-01 00:28:06.769200,0,1,2.0
1970-01-01 00:28:06.772800,1,0,2.0
1970-01-01 00:28:06.830400,1,0,2.0
1970-01-01 00:28:06.913200,1,0,2.0
1970-01-01 00:28:06.916800,1,0,2.0
1970-01-01 00:28:06.920400,1,0,2.0
1970-01-01 00:28:06.924000,1,0,2.0
1970-01-01 00:28:06.956400,1,0,2.0
1970-01-01 00:28:06.960000,1,0,2.0
1970-01-01 00:28:06.963600,1,0,2.0
1970-01-01 00:28:06.967200,1,0,2.0
1970-01-01 00:28:06.970800,1,0,2.0
1970-01-01 00:28:06.974400,1,0,2.0
1970-01-01 00:28:07.082400,1,0,2.0
1970-01-01 00:28:07.086000,1,0,2.0
1970-01-01 00:28:07.089600,1,0,2.0
1970-01-01 00:28:07.093200,1,0,2.0
1970-01-01 00:28:07.096800,1,0,2.0
1970-01-01 00:28:07.100400,1,0,2.0
1970-01-01 00:28:07.104000,0,1,2.0
1970-01-01 00:28:07.107600,0,1,2.0
1970-01-01 00:28:07.111200,0,1,2.0
1970-01-01 00:28:07.114800,0,1,2.0
1970-01-01 00:28:07.176000,0,1,2.0
1970-01-01 00:28:07.179600,0,1,2.0
1970-01-01 00:28:07.183200,1,0,2.0
1970-01-01 00:28:07.186800,1,0,2.0
1970-01-01 00:28:07.190400,1,0,2.0
1970-01-01 00:28:07.197600,1,0,2.0
1970-01-01 00:28:07.201200,1,0,2.0
1970-01-01 00:28:07.219200,0,1,2.0
1970-01-01 00:28:07.251600,0,1,2.0
1970-01-01 00:28:07.255200,0,1,2.0
1970-01-01 00:28:07.266000,1,0,2.0
1970-01-01 00:28:07.269600,1,0,2.0
1970-01-01 00:28:07.273200,1,0,2.0
1970-01-01 00:28:07.276800,1,0,2.0
1970-01-01 00:28:07.280400,1,0,2.0
1970-01-01 00:28:07.284000,1,0,2.0
1970-01-01 00:28:07.287600,1,0,2.0
1970-01-01 00:28:07.291200,1,0,2.0
1970-01-01 00:28:07.294800,1,0,2.0
1970-01-01 00:28:07.298400,1,0,2.0
1970-01-01 00:28:07.302000,1,0,2.0
1970-01-01 00:28:07.305600,1,0,2.0
1970-01-01 00:28:07.309200,1,0,2.0
1970-01-01 00:28:07.312800,1,0,2.0
1970-01-01 00:28:07.316400,1,0,2.0
1970-01-01 00:28:07.320000,1,0,2.0
1970-01-01 00:28:07.341600,1,0,2.0
1970-01-01 00:28:07.374000,1,0,2.0
1970-01-01 00:28:07.377600,1,0,2.0
1970-01-01 00:28:07.381200,1,0,2.0
1970-01-01 00:28:07.384800,1,0,2.0
1970-01-01 00:28:07.388400,1,0,2.0
1970-01-01 00:28:07.399200,0,1,2.0
1970-01-01 00:28:07.424400,0,1,2.0
1970-01-01 00:28:07.428000,0,1,2.0
1970-01-01 00:28:07.514400,1,0,2.0
1970-01-01 00:28:07.518000,1,0,2.0
1970-01-01 00:28:07.521600,1,0,2.0
1970-01-01 00:28:07.525200,1,0,2.0
1970-01-01 00:28:07.528800,1,0,2.0
1970-01-01 00:28:07.532400,1,0,2.0
1970-01-01 00:28:07.536000,1,0,2.0
1970-01-01 00:28:07.597200,0,1,2.0
1970-01-01 00:28:07.600800,0,1,2.0
1970-01-01 00:28:07.604400,0,1,2.0
1970-01-01 00:28:07.608000,0,1,2.0
1970-01-01 00:28:07.611600,0,1,2.0
1970-01-01 00:28:07.615200,0,1,2.0
1970-01-01 00:28:07.669200,0,1,2.0
1970-01-01 00:28:07.680000,0,1,2.0
1970-01-01 00:28:07.690800,0,1,2.0
1970-01-01 00:28:07.762800,1,0,2.0
1970-01-01 00:28:07.766400,1,0,2.0
1970-01-01 00:28:07.770000,1,0,2.0
1970-01-01 00:28:07.773600,1,0,2.0
1970-01-01 00:28:07.784400,0,1,2.0
1970-01-01 00:28:07.791600,0,1,2.0
1970-01-01 00:28:07.813200,1,0,2.0
1970-01-01 00:28:07.860000,0,1,2.0
1970-01-01 00:28:07.863600,0,1,2.0
1970-01-01 00:28:07.867200,0,1,2.0
1970-01-01 00:28:07.870800,0,1,2.0
1970-01-01 00:28:07.896000,0,1,2.0
1970-01-01 00:28:07.899600,0,1,2.0
1970-01-01 00:28:07.914000,0,1,2.0
1970-01-01 00:28:07.917600,0,1,2.0
1970-01-01 00:28:07.921200,0,1,2.0
1970-01-01 00:28:07.924800,0,1,2.0
1970-01-01 00:28:07.928400,0,1,2.0
1970-01-01 00:28:07.932000,0,1,2.0
1970-01-01 00:28:07.935600,1,0,2.0
1970-01-01 00:28:07.957200,0,1,2.0
1970-01-01 00:28:07.960800,0,1,2.0
1970-01-01 00:28:07.964400,0,1,2.0
1970-01-01 00:28:07.968000,0,1,2.0
1970-01-01 00:28:07.971600,0,1,2.0
1970-01-01 00:28:07.975200,0,1,2.0
1970-01-01 00:28:08.014800,1,0,2.0
1970-01-01 00:28:08.018400,1,0,2.0
1970-01-01 00:28:08.022000,1,0,2.0
1970-01-01 00:28:08.025600,1,0,2.0
1970-01-01 00:28:08.029200,1,0,2.0
1970-01-01 00:28:08.032800,0,1,2.0
1970-01-01 00:28:08.036400,0,1,2.0
1970-01-01 00:28:08.068800,1,0,2.0
1970-01-01 00:28:08.072400,1,0,2.0
1970-01-01 00:28:08.076000,1,0,2.0
1970-01-01 00:28:08.079600,1,0,2.0
1970-01-01 00:28:08.083200,1,0,2.0
1970-01-01 00:28:08.086800,1,0,2.0
1970-01-01 00:28:08.090400,1,0,2.0
1970-01-01 00:28:08.094000,1,0,2.0
1970-01-01 00:28:08.097600,1,0,2.0
1970-01-01 00:28:08.101200,1,0,2.0
1970-01-01 00:28:08.104800,1,0,2.0
1970-01-01 00:28:08.108400,1,0,2.0
1970-01-01 00:28:08.112000,1,0,2.0
1970-01-01 00:28:08.115600,0,1,2.0
1970-01-01 00:28:08.130000,1,0,2.0
1970-01-01 00:28:08.133600,1,0,2.0
1970-01-01 00:28:08.137200,1,0,2.0
1970-01-01 00:28:08.198400,0,1,2.0
1970-01-01 00:28:08.202000,0,1,2.0
1970-01-01 00:28:08.248800,1,0,2.0
1970-01-01 00:28:08.252400,1,0,2.0
1970-01-01 00:28:08.256000,1,0,2.0
1970-01-01 00:28:08.259600,1,0,2.0
1970-01-01 00:28:08.263200,1,0,2.0
1970-01-01 00:28:08.266800,1,0,2.0
1970-01-01 00:28:08.360400,0,1,2.0
1970-01-01 00:28:08.364000,0,1,2.0
1970-01-01 00:28:08.367600,0,1,2.0
1970-01-01 00:28:08.378400,0,1,2.0
1970-01-01 00:28:08.382000,0,1,2.0
1970-01-01 00:28:08.385600,0,1,2.0
1970-01-01 00:28:08.389200,0,1,2.0
1970-01-01 00:28:08.392800,0,1,2.0
1970-01-01 00:28:08.396400,0,1,2.0
1970-01-01 00:28:08.475600,0,1,2.0
1970-01-01 00:28:08.479200,0,1,2.0
1970-01-01 00:28:08.490000,0,1,2.0
1970-01-01 00:28:08.493600,0,1,2.0
1970-01-01 00:28:08.500800,0,1,2.0
1970-01-01 00:28:08.533200,0,1,2.0
1970-01-01 00:28:08.536800,0,1,2.0
1970-01-01 00:28:08.540400,0,1,2.0
1970-01-01 00:28:08.544000,0,1,2.0
1970-01-01 00:28:08.547600,0,1,2.0
1970-01-01 00:28:08.551200,0,1,2.0
1970-01-01 00:28:08.562000,0,1,2.0
1970-01-01 00:28:08.601600,1,0,2.0
1970-01-01 00:28:08.619600,0,1,2.0
1970-01-01 00:28:08.623200,0,1,2.0
1970-01-01 00:28:08.626800,0,1,2.0
1970-01-01 00:28:08.630400,0,1,2.0
1970-01-01 00:28:08.634000,0,1,2.0
1970-01-01 00:28:08.637600,0,1,2.0
1970-01-01 00:28:08.641200,0,1,2.0
1970-01-01 00:28:08.644800,0,1,2.0
1970-01-01 00:28:08.666400,0,1,2.0
1970-01-01 00:28:08.727600,1,0,2.0
1970-01-01 00:28:08.864400,0,1,2.0
1970-01-01 00:28:08.918400,0,1,2.0
1970-01-01 00:28:08.922000,0,1,2.0
1970-01-01 00:28:08.925600,0,1,2.0
1970-01-01 00:28:08.929200,0,1,2.0
1970-01-01 00:28:08.932800,0,1,2.0
1970-01-01 00:28:08.936400,0,1,2.0
1970-01-01 00:28:08.940000,0,1,2.0
1970-01-01 00:28:08.943600,0,1,2.0
1970-01-01 00:28:08.965200,1,0,2.0
1970-01-01 00:28:08.968800,1,0,2.0
1970-01-01 00:28:08.994000,1,0,2.0
1970-01-01 00:28:08.997600,1,0,2.0
1970-01-01 00:28:09.001200,1,0,2.0
1970-01-01 00:28:09.004800,1,0,2.0
1970-01-01 00:28:09.008400,1,0,2.0
1970-01-01 00:28:09.076800,0,1,2.0
1970-01-01 00:28:09.080400,0,1,2.0
1970-01-01 00:28:09.084000,0,1,2.0
1970-01-01 00:28:09.152400,0,1,2.0
1970-01-01 00:28:09.156000,0,1,2.0
1970-01-01 00:28:09.159600,0,1,2.0
1970-01-01 00:28:09.163200,0,1,2.0
1970-01-01 00:28:09.166800,0,1,2.0
1970-01-01 00:28:09.170400,0,1,2.0
1970-01-01 00:28:09.202800,1,0,2.0
1970-01-01 00:28:09.206400,1,0,2.0
1970-01-01 00:28:09.210000,1,0,2.0
1970-01-01 00:28:09.213600,1,0,2.0
1970-01-01 00:28:09.217200,1,0,2.0
1970-01-01 00:28:09.220800,1,0,2.0
1970-01-01 00:28:09.224400,1,0,2.0
1970-01-01 00:28:09.238800,0,0,2.0
1970-01-01 00:28:09.249600,1,0,2.0
1970-01-01 00:28:09.253200,1,0,2.0
1970-01-01 00:28:09.256800,1,0,2.0
1970-01-01 00:28:09.260400,0,1,2.0
1970-01-01 00:28:09.267600,0,1,2.0
1970-01-01 00:28:09.282000,1,0,2.0
1970-01-01 00:28:09.332400,0,1,2.0
1970-01-01 00:28:09.336000,0,1,2.0
1970-01-01 00:28:09.339600,0,1,2.0
1970-01-01 00:28:09.343200,0,1,2.0
1970-01-01 00:28:09.346800,0,1,2.0
1970-01-01 00:28:09.350400,0,1,2.0
1970-01-01 00:28:09.354000,0,1,2.0
1970-01-01 00:28:09.516000,0,1,2.0
1970-01-01 00:28:09.519600,0,1,2.0
1970-01-01 00:28:09.523200,0,1,2.0
1970-01-01 00:28:09.526800,0,1,2.0
1970-01-01 00:28:09.530400,0,1,2.0
1970-01-01 00:28:09.534000,0,1,2.0
1970-01-01 00:28:09.537600,0,1,2.0
1970-01-01 00:28:09.541200,0,1,2.0
1970-01-01 00:28:09.544800,0,1,2.0
1970-01-01 00:28:09.566400,0,1,2.0
1970-01-01 00:28:09.570000,0,1,2.0
1970-01-01 00:28:09.573600,0,1,2.0
1970-01-01 00:28:09.577200,0,1,2.0
1970-01-01 00:28:09.580800,0,1,2.0
1970-01-01 00:28:09.613200,1,0,2.0
1970-01-01 00:28:09.642000,0,1,2.0
1970-01-01 00:28:09.674400,0,1,2.0
1970-01-01 00:28:09.703200,1,0,2.0
1970-01-01 00:28:09.706800,1,0,2.0
1970-01-01 00:28:09.710400,1,0,2.0
1970-01-01 00:28:09.714000,1,0,2.0
1970-01-01 00:28:09.717600,1,0,2.0
1970-01-01 00:28:09.721200,1,0,2.0
1970-01-01 00:28:09.818400,1,0,2.0
1970-01-01 00:28:09.822000,1,0,2.0
1970-01-01 00:28:09.825600,1,0,2.0
1970-01-01 00:28:09.829200,1,0,2.0
1970-01-01 00:28:09.832800,1,0,2.0
1970-01-01 00:28:09.836400,1,0,2.0
1970-01-01 00:28:09.840000,0,1,2.0
1970-01-01 00:28:09.843600,0,1,2.0
1970-01-01 00:28:09.847200,0,1,2.0
1970-01-01 00:28:09.850800,0,1,2.0
1970-01-01 00:28:09.854400,0,1,2.0
1970-01-01 00:28:09.858000,0,1,2.0
1970-01-01 00:28:09.933600,1,0,2.0
1970-01-01 00:28:09.937200,1,0,2.0
1970-01-01 00:28:09.940800,1,0,2.0
1970-01-01 00:28:09.944400,1,0,2.0
1970-01-01 00:28:09.948000,1,0,2.0
1970-01-01 00:28:09.951600,1,0,2.0
1970-01-01 00:28:09.955200,1,0,2.0
1970-01-01 00:28:09.958800,1,0,2.0
1970-01-01 00:28:09.966000,1,0,2.0
1970-01-01 00:28:09.969600,1,0,2.0
1970-01-01 00:28:09.973200,1,0,2.0
1970-01-01 00:28:09.980400,1,0,2.0
1970-01-01 00:28:10.041600,0,1,2.0
1970-01-01 00:28:10.045200,0,1,2.0
1970-01-01 00:28:10.048800,0,1,2.0
1970-01-01 00:28:10.052400,0,1,2.0
1970-01-01 00:28:10.056000,0,1,2.0
1970-01-01 00:28:10.059600,0,1,2.0
1970-01-01 00:28:10.063200,0,1,2.0
1970-01-01 00:28:10.070400,1,0,2.0
1970-01-01 00:28:10.074000,1,0,2.0
1970-01-01 00:28:10.117200,1,0,2.0
1970-01-01 00:28:10.120800,1,0,2.0
1970-01-01 00:28:10.124400,1,0,2.0
1970-01-01 00:28:10.128000,1,0,2.0
1970-01-01 00:28:10.131600,0,1,2.0
1970-01-01 00:28:10.135200,0,1,2.0
1970-01-01 00:28:10.142400,0,1,2.0
1970-01-01 00:28:10.153200,0,1,2.0
1970-01-01 00:28:10.167600,0,1,2.0
1970-01-01 00:28:10.171200,0,1,2.0
1970-01-01 00:28:10.174800,0,1,2.0
1970-01-01 00:28:10.178400,0,1,2.0
1970-01-01 00:28:10.182000,0,1,2.0
1970-01-01 00:28:10.185600,0,1,2.0
1970-01-01 00:28:10.290000,0,1,2.0
1970-01-01 00:28:10.376400,0,1,2.0
1970-01-01 00:28:10.387200,1,0,2.0
1970-01-01 00:28:10.390800,1,0,2.0
1970-01-01 00:28:10.394400,1,0,2.0
1970-01-01 00:28:10.398000,1,0,2.0
1970-01-01 00:28:10.401600,0,0,2.0
1970-01-01 00:28:10.405200,1,0,2.0
1970-01-01 00:28:10.408800,1,0,2.0
1970-01-01 00:28:10.459200,0,1,2.0
1970-01-01 00:28:10.462800,0,1,2.0
1970-01-01 00:28:10.480800,1,0,2.0
1970-01-01 00:28:10.495200,1,0,2.0
1970-01-01 00:28:10.639200,1,0,2.0
1970-01-01 00:28:10.642800,1,0,2.0
1970-01-01 00:28:10.646400,1,0,2.0
1970-01-01 00:28:10.650000,1,0,2.0
1970-01-01 00:28:10.653600,1,0,2.0
1970-01-01 00:28:10.657200,1,0,2.0
1970-01-01 00:28:10.660800,1,0,2.0
1970-01-01 00:28:10.664400,1,0,2.0
1970-01-01 00:28:10.668000,1,0,2.0
1970-01-01 00:28:10.671600,1,0,2.0
1970-01-01 00:28:10.675200,0,1,2.0
1970-01-01 00:28:10.725600,0,1,2.0
1970-01-01 00:28:10.732800,0,1,2.0
1970-01-01 00:28:10.736400,0,1,2.0
1970-01-01 00:28:10.740000,0,1,2.0
1970-01-01 00:28:10.743600,1,0,2.0
1970-01-01 00:28:10.794000,0,1,2.0
1970-01-01 00:28:10.797600,0,1,2.0
1970-01-01 00:28:10.801200,0,1,2.0
1970-01-01 00:28:10.804800,0,1,2.0
1970-01-01 00:28:10.833600,0,1,2.0
1970-01-01 00:28:10.837200,0,1,2.0
1970-01-01 00:28:10.840800,0,1,2.0
1970-01-01 00:28:10.844400,0,1,2.0
1970-01-01 00:28:10.848000,0,1,2.0
1970-01-01 00:28:10.851600,0,1,2.0
1970-01-01 00:28:10.876800,1,0,2.0
1970-01-01 00:28:10.880400,1,0,2.0
1970-01-01 00:28:10.884000,1,0,2.0
1970-01-01 00:28:10.887600,1,0,2.0
1970-01-01 00:28:10.891200,1,0,2.0
1970-01-01 00:28:10.894800,1,0,2.0
1970-01-01 00:28:10.934400,0,1,2.0
1970-01-01 00:28:10.941600,0,1,2.0
1970-01-01 00:28:10.945200,0,1,2.0
1970-01-01 00:28:10.952400,0,1,2.0
1970-01-01 00:28:10.963200,0,1,2.0
1970-01-01 00:28:10.966800,0,1,2.0
1970-01-01 00:28:10.970400,0,1,2.0
1970-01-01 00:28:10.974000,0,1,2.0
1970-01-01 00:28:10.977600,0,1,2.0
1970-01-01 00:28:10.981200,0,1,2.0
1970-01-01 00:28:10.984800,0,1,2.0
1970-01-01 00:28:10.988400,0,1,2.0
1970-01-01 00:28:11.024400,0,1,2.0
1970-01-01 00:28:11.028000,0,1,2.0
1970-01-01 00:28:11.078400,0,1,2.0
1970-01-01 00:28:11.082000,0,1,2.0
1970-01-01 00:28:11.085600,0,1,2.0
1970-01-01 00:28:11.089200,0,1,2.0
1970-01-01 00:28:11.092800,0,1,2.0
1970-01-01 00:28:11.096400,0,1,2.0
1970-01-01 00:28:11.150400,0,1,2.0
1970-01-01 00:28:11.154000,0,1,2.0
1970-01-01 00:28:11.157600,0,1,2.0
1970-01-01 00:28:11.161200,0,1,2.0
1970-01-01 00:28:11.164800,0,1,2.0
1970-01-01 00:28:11.168400,0,1,2.0
1970-01-01 00:28:11.251200,1,0,2.0
1970-01-01 00:28:11.308800,0,1,2.0
1970-01-01 00:28:11.312400,0,1,2.0
1970-01-01 00:28:11.316000,0,1,2.0
1970-01-01 00:28:11.319600,0,1,2.0
1970-01-01 00:28:11.323200,0,1,2.0
1970-01-01 00:28:11.326800,0,1,2.0
1970-01-01 00:28:11.330400,0,1,2.0
1970-01-01 00:28:11.334000,1,0,2.0
1970-01-01 00:28:11.366400,1,0,2.0
1970-01-01 00:28:11.373600,0,1,2.0
1970-01-01 00:28:11.388000,1,0,2.0
1970-01-01 00:28:11.398800,0,1,2.0
1970-01-01 00:28:11.402400,0,1,2.0
1970-01-01 00:28:11.406000,0,1,2.0
1970-01-01 00:28:11.409600,0,1,2.0
1970-01-01 00:28:11.413200,0,1,2.0
1970-01-01 00:28:11.416800,0,1,2.0
1970-01-01 00:28:11.420400,0,1,2.0
1970-01-01 00:28:11.424000,1,0,2.0
1970-01-01 00:28:11.427600,1,0,2.0
1970-01-01 00:28:11.474400,1,0,2.0
1970-01-01 00:28:11.478000,1,0,2.0
1970-01-01 00:28:11.481600,1,0,2.0
1970-01-01 00:28:11.485200,1,0,2.0
1970-01-01 00:28:11.488800,1,0,2.0
1970-01-01 00:28:11.492400,1,0,2.0
1970-01-01 00:28:11.499600,1,0,2.0
1970-01-01 00:28:11.503200,1,0,2.0
1970-01-01 00:28:11.575200,0,1,2.0
1970-01-01 00:28:11.582400,0,1,2.0
1970-01-01 00:28:11.661600,0,1,2.0
1970-01-01 00:28:11.668800,0,1,2.0
1970-01-01 00:28:11.672400,0,1,2.0
1970-01-01 00:28:11.733600,0,1,2.0
1970-01-01 00:28:11.740800,1,0,2.0
1970-01-01 00:28:11.744400,1,0,2.0
1970-01-01 00:28:11.748000,1,0,2.0
1970-01-01 00:28:11.762400,0,1,2.0
1970-01-01 00:28:11.776800,1,0,2.0
1970-01-01 00:28:11.780400,1,0,2.0
1970-01-01 00:28:11.784000,1,0,2.0
1970-01-01 00:28:11.791200,1,0,2.0
1970-01-01 00:28:11.856000,0,1,2.0
1970-01-01 00:28:11.877600,0,1,2.0
1970-01-01 00:28:11.881200,0,1,2.0
1970-01-01 00:28:11.884800,0,1,2.0
1970-01-01 00:28:11.888400,0,1,2.0
1970-01-01 00:28:11.938800,1,0,2.0
1970-01-01 00:28:11.946000,0,1,2.0
1970-01-01 00:28:11.949600,0,1,2.0
1970-01-01 00:28:11.953200,0,1,2.0
1970-01-01 00:28:11.956800,0,1,2.0
1970-01-01 00:28:11.960400,0,1,2.0
1970-01-01 00:28:12.010800,1,0,2.0
1970-01-01 00:28:12.014400,1,0,2.0
1970-01-01 00:28:12.018000,1,0,2.0
1970-01-01 00:28:12.021600,1,0,2.0
1970-01-01 00:28:12.025200,0,1,2.0
1970-01-01 00:28:12.028800,0,1,2.0
1970-01-01 00:28:12.046800,0,1,2.0
1970-01-01 00:28:12.090000,0,1,2.0
1970-01-01 00:28:12.093600,0,1,2.0
1970-01-01 00:28:12.100800,0,1,2.0
1970-01-01 00:28:12.104400,0,1,2.0
1970-01-01 00:28:12.108000,0,1,2.0
1970-01-01 00:28:12.111600,0,1,2.0
1970-01-01 00:28:12.115200,0,1,2.0
1970-01-01 00:28:12.118800,0,1,2.0
1970-01-01 00:28:12.122400,0,1,2.0
1970-01-01 00:28:12.172800,0,1,2.0
1970-01-01 00:28:12.176400,0,1,2.0
1970-01-01 00:28:12.180000,0,1,2.0
1970-01-01 00:28:12.183600,0,1,2.0
1970-01-01 00:28:12.187200,0,1,2.0
1970-01-01 00:28:12.194400,0,1,2.0
1970-01-01 00:28:12.198000,0,1,2.0
1970-01-01 00:28:12.201600,0,1,2.0
1970-01-01 00:28:12.205200,0,1,2.0
1970-01-01 00:28:12.208800,0,1,2.0
1970-01-01 00:28:12.212400,0,1,2.0
1970-01-01 00:28:12.262800,0,1,2.0
1970-01-01 00:28:12.266400,0,1,2.0
1970-01-01 00:28:12.270000,0,1,2.0
1970-01-01 00:28:12.273600,0,1,2.0
1970-01-01 00:28:12.277200,0,1,2.0
1970-01-01 00:28:12.280800,0,1,2.0
1970-01-01 00:28:12.288000,0,1,2.0
1970-01-01 00:28:12.291600,0,1,2.0
1970-01-01 00:28:12.295200,0,1,2.0
1970-01-01 00:28:12.298800,0,1,2.0
1970-01-01 00:28:12.302400,0,1,2.0
1970-01-01 00:28:12.439200,1,0,2.0
1970-01-01 00:28:12.442800,1,0,2.0
1970-01-01 00:28:12.446400,1,0,2.0
1970-01-01 00:28:12.450000,1,0,2.0
1970-01-01 00:28:12.453600,1,0,2.0
1970-01-01 00:28:12.457200,0,1,2.0
1970-01-01 00:28:12.460800,0,1,2.0
1970-01-01 00:28:12.507600,1,0,2.0
1970-01-01 00:28:12.511200,1,0,2.0
1970-01-01 00:28:12.514800,1,0,2.0
1970-01-01 00:28:12.518400,1,0,2.0
1970-01-01 00:28:12.525600,0,1,2.0
1970-01-01 00:28:12.529200,0,1,2.0
1970-01-01 00:28:12.532800,0,1,2.0
1970-01-01 00:28:12.540000,1,0,2.0
1970-01-01 00:28:12.543600,1,0,2.0
1970-01-01 00:28:12.547200,1,0,2.0
1970-01-01 00:28:12.550800,1,0,2.0
1970-01-01 00:28:12.554400,1,0,2.0
1970-01-01 00:28:12.558000,1,0,2.0
1970-01-01 00:28:12.565200,1,0,2.0
1970-01-01 00:28:12.568800,1,0,2.0
1970-01-01 00:28:12.572400,1,0,2.0
1970-01-01 00:28:12.579600,0,1,2.0
1970-01-01 00:28:12.594000,0,1,2.0
1970-01-01 00:28:12.622800,0,1,2.0
1970-01-01 00:28:12.626400,0,1,2.0
1970-01-01 00:28:12.630000,1,0,2.0
1970-01-01 00:28:12.633600,1,0,2.0
1970-01-01 00:28:12.702000,0,1,2.0
1970-01-01 00:28:12.705600,0,1,2.0
1970-01-01 00:28:12.709200,0,1,2.0
1970-01-01 00:28:12.712800,0,1,2.0
1970-01-01 00:28:12.716400,0,1,2.0
1970-01-01 00:28:12.720000,0,1,2.0
1970-01-01 00:28:12.723600,0,1,2.0
1970-01-01 00:28:12.727200,0,1,2.0
1970-01-01 00:28:12.734400,0,1,2.0
1970-01-01 00:28:12.738000,1,0,2.0
1970-01-01 00:28:12.784800,1,0,2.0
1970-01-01 00:28:12.788400,1,0,2.0
1970-01-01 00:28:12.792000,1,0,2.0
1970-01-01 00:28:12.795600,1,0,2.0
1970-01-01 00:28:12.799200,1,0,2.0
1970-01-01 00:28:12.802800,1,0,2.0
1970-01-01 00:28:12.806400,0,1,2.0
1970-01-01 00:28:12.817200,0,1,2.0
1970-01-01 00:28:12.864000,0,1,2.0
1970-01-01 00:28:12.867600,0,1,2.0
1970-01-01 00:28:12.871200,0,1,2.0
1970-01-01 00:28:12.874800,0,1,2.0
1970-01-01 00:28:12.878400,0,1,2.0
1970-01-01 00:28:12.882000,0,1,2.0
1970-01-01 00:28:12.892800,0,1,2.0
1970-01-01 00:28:12.914400,0,1,2.0
1970-01-01 00:28:12.918000,0,1,2.0
1970-01-01 00:28:12.925200,0,1,2.0
1970-01-01 00:28:12.972000,1,0,2.0
1970-01-01 00:28:13.044000,0,1,2.0
1970-01-01 00:28:13.047600,0,1,2.0
1970-01-01 00:28:13.051200,0,1,2.0
1970-01-01 00:28:13.101600,1,0,2.0
1970-01-01 00:28:13.123200,1,0,2.0
1970-01-01 00:28:13.126800,1,0,2.0
1970-01-01 00:28:13.130400,1,0,2.0
1970-01-01 00:28:13.134000,1,0,2.0
1970-01-01 00:28:13.137600,1,0,2.0
1970-01-01 00:28:13.141200,1,0,2.0
1970-01-01 00:28:13.144800,0,1,2.0
1970-01-01 00:28:13.148400,0,1,2.0
1970-01-01 00:28:13.152000,0,1,2.0
1970-01-01 00:28:13.159200,0,1,2.0
1970-01-01 00:28:13.162800,0,1,2.0
1970-01-01 00:28:13.177200,0,1,2.0
1970-01-01 00:28:13.206000,1,0,2.0
1970-01-01 00:28:13.209600,1,0,2.0
1970-01-01 00:28:13.213200,1,0,2.0
1970-01-01 00:28:13.216800,1,0,2.0
1970-01-01 00:28:13.220400,1,0,2.0
1970-01-01 00:28:13.285200,0,1,2.0
1970-01-01 00:28:13.296000,1,0,2.0
1970-01-01 00:28:13.299600,1,0,2.0
1970-01-01 00:28:13.303200,1,0,2.0
1970-01-01 00:28:13.306800,1,0,2.0
1970-01-01 00:28:13.310400,1,0,2.0
1970-01-01 00:28:13.314000,1,0,2.0
1970-01-01 00:28:13.317600,0,1,2.0
1970-01-01 00:28:13.321200,1,0,2.0
1970-01-01 00:28:13.382400,0,1,2.0
1970-01-01 00:28:13.386000,0,1,2.0
1970-01-01 00:28:13.389600,0,1,2.0
1970-01-01 00:28:13.400400,0,1,2.0
1970-01-01 00:28:13.465200,0,1,2.0
1970-01-01 00:28:13.468800,0,1,2.0
1970-01-01 00:28:13.472400,0,1,2.0
1970-01-01 00:28:13.479600,0,1,2.0
1970-01-01 00:28:13.483200,0,1,2.0
1970-01-01 00:28:13.486800,0,1,2.0
1970-01-01 00:28:13.490400,0,1,2.0
1970-01-01 00:28:13.494000,0,1,2.0
1970-01-01 00:28:13.558800,0,1,2.0
1970-01-01 00:28:13.562400,0,1,2.0
1970-01-01 00:28:13.566000,0,1,2.0
1970-01-01 00:28:13.569600,0,1,2.0
1970-01-01 00:28:13.573200,0,1,2.0
1970-01-01 00:28:13.580400,0,1,2.0
1970-01-01 00:28:13.630800,1,0,2.0
1970-01-01 00:28:13.634400,1,0,2.0
1970-01-01 00:28:13.638000,1,0,2.0
1970-01-01 00:28:13.641600,1,0,2.0
1970-01-01 00:28:13.720800,0,1,2.0
1970-01-01 00:28:13.731600,0,1,2.0
1970-01-01 00:28:13.774800,1,0,2.0
1970-01-01 00:28:13.778400,1,0,2.0
1970-01-01 00:28:13.782000,1,0,2.0
1970-01-01 00:28:13.814400,0,1,2.0
1970-01-01 00:28:13.818000,0,1,2.0
1970-01-01 00:28:13.821600,0,1,2.0
1970-01-01 00:28:13.846800,0,1,2.0
1970-01-01 00:28:13.850400,0,1,2.0
1970-01-01 00:28:13.965600,0,1,2.0
1970-01-01 00:28:14.001600,0,1,2.0
1970-01-01 00:28:14.005200,0,1,2.0
1970-01-01 00:28:14.008800,0,1,2.0
1970-01-01 00:28:14.019600,0,1,2.0
1970-01-01 00:28:14.070000,0,1,2.0
1970-01-01 00:28:14.073600,0,1,2.0
1970-01-01 00:28:14.091600,1,0,2.0
1970-01-01 00:28:14.098800,1,0,2.0
1970-01-01 00:28:14.102400,1,0,2.0
1970-01-01 00:28:14.106000,1,0,2.0
1970-01-01 00:28:14.109600,1,0,2.0
1970-01-01 00:28:14.113200,1,0,2.0
1970-01-01 00:28:14.116800,1,0,2.0
1970-01-01 00:28:14.145600,0,1,2.0
1970-01-01 00:28:14.152800,0,1,2.0
1970-01-01 00:28:14.156400,0,1,2.0
1970-01-01 00:28:14.160000,0,1,2.0
1970-01-01 00:28:14.246400,1,0,2.0
1970-01-01 00:28:14.250000,1,0,2.0
1970-01-01 00:28:14.253600,1,0,2.0
1970-01-01 00:28:14.257200,1,0,2.0
1970-01-01 00:28:14.260800,1,0,2.0
1970-01-01 00:28:14.264400,1,0,2.0
1970-01-01 00:28:14.286000,0,1,2.0
1970-01-01 00:28:14.289600,0,1,2.0
1970-01-01 00:28:14.293200,0,1,2.0
1970-01-01 00:28:14.296800,0,1,2.0
1970-01-01 00:28:14.300400,0,1,2.0
1970-01-01 00:28:14.304000,0,1,2.0
1970-01-01 00:28:14.307600,0,1,2.0
1970-01-01 00:28:14.311200,0,1,2.0
1970-01-01 00:28:14.314800,0,1,2.0
1970-01-01 00:28:14.322000,0,1,2.0
1970-01-01 00:28:14.347200,0,1,2.0
1970-01-01 00:28:14.350800,0,1,2.0
1970-01-01 00:28:14.404800,0,1,2.0
1970-01-01 00:28:14.408400,0,1,2.0
1970-01-01 00:28:14.412000,0,1,2.0
1970-01-01 00:28:14.415600,0,1,2.0
1970-01-01 00:28:14.419200,0,1,2.0
1970-01-01 00:28:14.422800,0,1,2.0
1970-01-01 00:28:14.433600,0,1,2.0
1970-01-01 00:28:14.437200,0,1,2.0
1970-01-01 00:28:14.440800,0,1,2.0
1970-01-01 00:28:14.444400,0,1,2.0
1970-01-01 00:28:14.448000,0,1,2.0
1970-01-01 00:28:14.451600,0,1,2.0
1970-01-01 00:28:14.466000,1,0,2.0
1970-01-01 00:28:14.469600,1,0,2.0
1970-01-01 00:28:14.473200,1,0,2.0
1970-01-01 00:28:14.476800,1,0,2.0
1970-01-01 00:28:14.480400,1,0,2.0
1970-01-01 00:28:14.484000,1,0,2.0
1970-01-01 00:28:14.491200,1,0,2.0
1970-01-01 00:28:14.494800,1,0,2.0
1970-01-01 00:28:14.498400,1,0,2.0
1970-01-01 00:28:14.502000,1,0,2.0
1970-01-01 00:28:14.505600,1,0,2.0
1970-01-01 00:28:14.574000,1,0,2.0
1970-01-01 00:28:14.577600,1,0,2.0
1970-01-01 00:28:14.581200,1,0,2.0
1970-01-01 00:28:14.584800,1,0,2.0
1970-01-01 00:28:14.588400,1,0,2.0
1970-01-01 00:28:14.599200,1,0,2.0
1970-01-01 00:28:14.628000,1,0,2.0
1970-01-01 00:28:14.631600,1,0,2.0
1970-01-01 00:28:14.638800,1,0,2.0
1970-01-01 00:28:14.642400,1,0,2.0
1970-01-01 00:28:14.646000,1,0,2.0
1970-01-01 00:28:14.649600,0,1,2.0
1970-01-01 00:28:14.678400,1,0,2.0
1970-01-01 00:28:14.682000,1,0,2.0
1970-01-01 00:28:14.768400,1,0,2.0
1970-01-01 00:28:14.772000,1,0,2.0
1970-01-01 00:28:14.775600,1,0,2.0
1970-01-01 00:28:14.779200,1,0,2.0
1970-01-01 00:28:14.782800,1,0,2.0
1970-01-01 00:28:14.786400,1,0,2.0
1970-01-01 00:28:14.790000,1,0,2.0
1970-01-01 00:28:14.793600,1,0,2.0
1970-01-01 00:28:14.797200,1,0,2.0
1970-01-01 00:28:14.800800,1,0,2.0
1970-01-01 00:28:14.804400,1,0,2.0
1970-01-01 00:28:14.808000,1,0,2.0
1970-01-01 00:28:14.811600,1,0,2.0
1970-01-01 00:28:14.829600,0,1,2.0
1970-01-01 00:28:14.898000,0,1,2.0
1970-01-01 00:28:14.901600,0,1,2.0
1970-01-01 00:28:14.905200,0,1,2.0
1970-01-01 00:28:14.908800,0,1,2.0
1970-01-01 00:28:14.959200,0,1,2.0
1970-01-01 00:28:14.962800,0,1,2.0
1970-01-01 00:28:14.966400,0,1,2.0
1970-01-01 00:28:14.970000,0,1,2.0
1970-01-01 00:28:14.973600,0,1,2.0
1970-01-01 00:28:14.977200,0,1,2.0
1970-01-01 00:28:14.980800,1,0,2.0
1970-01-01 00:28:14.984400,1,0,2.0
1970-01-01 00:28:14.988000,1,0,2.0
1970-01-01 00:28:14.991600,1,0,2.0
1970-01-01 00:28:14.995200,1,0,2.0
1970-01-01 00:28:14.998800,1,0,2.0
1970-01-01 00:28:15.009600,1,0,2.0
1970-01-01 00:28:15.013200,1,0,2.0
1970-01-01 00:28:15.016800,1,0,2.0
1970-01-01 00:28:15.020400,1,0,2.0
1970-01-01 00:28:15.024000,1,0,2.0
1970-01-01 00:28:15.027600,1,0,2.0
1970-01-01 00:28:15.031200,1,0,2.0
1970-01-01 00:28:15.034800,1,0,2.0
1970-01-01 00:28:15.038400,0,1,2.0
1970-01-01 00:28:15.052800,0,1,2.0
1970-01-01 00:28:15.092400,1,0,2.0
1970-01-01 00:28:15.106800,1,0,2.0
1970-01-01 00:28:15.128400,1,0,2.0
1970-01-01 00:28:15.171600,0,1,2.0
1970-01-01 00:28:15.178800,0,1,2.0
1970-01-01 00:28:15.182400,0,1,2.0
1970-01-01 00:28:15.186000,0,1,2.0
1970-01-01 00:28:15.189600,0,1,2.0
1970-01-01 00:28:15.193200,0,1,2.0
1970-01-01 00:28:15.196800,0,1,2.0
1970-01-01 00:28:15.200400,0,1,2.0
1970-01-01 00:28:15.204000,0,1,2.0
1970-01-01 00:28:15.207600,0,1,2.0
1970-01-01 00:28:15.229200,0,1,2.0
1970-01-01 00:28:15.232800,0,1,2.0
1970-01-01 00:28:15.265200,0,1,2.0
1970-01-01 00:28:15.268800,0,1,2.0
1970-01-01 00:28:15.272400,0,1,2.0
1970-01-01 00:28:15.276000,0,1,2.0
1970-01-01 00:28:15.279600,0,1,2.0
1970-01-01 00:28:15.283200,0,1,2.0
1970-01-01 00:28:15.290400,1,0,2.0
1970-01-01 00:28:15.294000,1,0,2.0
1970-01-01 00:28:15.297600,1,0,2.0
1970-01-01 00:28:15.301200,1,0,2.0
1970-01-01 00:28:15.510000,0,1,2.0
1970-01-01 00:28:15.560400,0,1,2.0
1970-01-01 00:28:15.564000,0,1,2.0
1970-01-01 00:28:15.567600,0,1,2.0
1970-01-01 00:28:15.571200,0,1,2.0
1970-01-01 00:28:15.574800,0,1,2.0
1970-01-01 00:28:15.578400,0,1,2.0
1970-01-01 00:28:15.582000,0,1,2.0
1970-01-01 00:28:15.585600,0,1,2.0
1970-01-01 00:28:15.589200,0,1,2.0
1970-01-01 00:28:15.592800,0,1,2.0
1970-01-01 00:28:15.596400,1,0,2.0
1970-01-01 00:28:15.718800,0,1,2.0
1970-01-01 00:28:15.726000,0,1,2.0
1970-01-01 00:28:15.744000,0,1,2.0
1970-01-01 00:28:15.754800,0,1,2.0
1970-01-01 00:28:15.765600,1,0,2.0
1970-01-01 00:28:15.787200,1,0,2.0
1970-01-01 00:28:15.790800,1,0,2.0
1970-01-01 00:28:15.794400,1,0,2.0
1970-01-01 00:28:15.798000,1,0,2.0
1970-01-01 00:28:15.812400,0,1,2.0
1970-01-01 00:28:15.816000,0,1,2.0
1970-01-01 00:28:15.819600,0,1,2.0
1970-01-01 00:28:15.873600,1,0,2.0
1970-01-01 00:28:15.877200,1,0,2.0
1970-01-01 00:28:15.888000,1,0,2.0
1970-01-01 00:28:15.891600,1,0,2.0
1970-01-01 00:28:15.895200,1,0,2.0
1970-01-01 00:28:15.898800,1,0,2.0
1970-01-01 00:28:15.902400,1,0,2.0
1970-01-01 00:28:15.906000,1,0,2.0
1970-01-01 00:28:15.949200,1,0,2.0
1970-01-01 00:28:15.952800,1,0,2.0
1970-01-01 00:28:15.956400,1,0,2.0
1970-01-01 00:28:15.960000,1,0,2.0
1970-01-01 00:28:15.963600,1,0,2.0
1970-01-01 00:28:15.967200,1,0,2.0
1970-01-01 00:28:15.970800,0,1,2.0
1970-01-01 00:28:15.992400,1,0,2.0
1970-01-01 00:28:16.064400,1,0,2.0
1970-01-01 00:28:16.068000,1,0,2.0
1970-01-01 00:28:16.071600,1,0,2.0
1970-01-01 00:28:16.075200,1,0,2.0
1970-01-01 00:28:16.078800,1,0,2.0
1970-01-01 00:28:16.082400,1,0,2.0
1970-01-01 00:28:16.093200,0,1,2.0
1970-01-01 00:28:16.129200,1,0,2.0
1970-01-01 00:28:16.132800,1,0,2.0
1970-01-01 00:28:16.136400,1,0,2.0
1970-01-01 00:28:16.140000,1,0,2.0
1970-01-01 00:28:16.143600,1,0,2.0
1970-01-01 00:28:16.147200,1,0,2.0
1970-01-01 00:28:16.150800,1,0,2.0
1970-01-01 00:28:16.154400,0,1,2.0
1970-01-01 00:28:16.158000,0,1,2.0
1970-01-01 00:28:16.161600,0,1,2.0
1970-01-01 00:28:16.165200,0,1,2.0
1970-01-01 00:28:16.172400,0,1,2.0
1970-01-01 00:28:16.176000,1,0,2.0
1970-01-01 00:28:16.179600,1,0,2.0
1970-01-01 00:28:16.183200,1,0,2.0
1970-01-01 00:28:16.186800,1,0,2.0
1970-01-01 00:28:16.190400,1,0,2.0
1970-01-01 00:28:16.194000,1,0,2.0
1970-01-01 00:28:16.197600,0,1,2.0
1970-01-01 00:28:16.237200,0,1,2.0
1970-01-01 00:28:16.240800,0,1,2.0
1970-01-01 00:28:16.248000,0,1,2.0
1970-01-01 00:28:16.251600,0,1,2.0
1970-01-01 00:28:16.255200,0,1,2.0
1970-01-01 00:28:16.258800,0,1,2.0
1970-01-01 00:28:16.262400,0,1,2.0
1970-01-01 00:28:16.266000,0,1,2.0
1970-01-01 00:28:16.320000,0,1,2.0
1970-01-01 00:28:16.356000,0,1,2.0
1970-01-01 00:28:16.359600,0,1,2.0
1970-01-01 00:28:16.363200,0,1,2.0
1970-01-01 00:28:16.366800,0,1,2.0
1970-01-01 00:28:16.370400,0,1,2.0
1970-01-01 00:28:16.374000,0,1,2.0
1970-01-01 00:28:16.442400,1,0,2.0
1970-01-01 00:28:16.446000,1,0,2.0
1970-01-01 00:28:16.449600,1,0,2.0
1970-01-01 00:28:16.453200,1,0,2.0
1970-01-01 00:28:16.496400,0,1,2.0
1970-01-01 00:28:16.500000,0,1,2.0
1970-01-01 00:28:16.503600,0,1,2.0
1970-01-01 00:28:16.507200,1,0,2.0
1970-01-01 00:28:16.510800,0,1,2.0
1970-01-01 00:28:16.518000,1,0,2.0
1970-01-01 00:28:16.521600,1,0,2.0
1970-01-01 00:28:16.525200,1,0,2.0
1970-01-01 00:28:16.572000,0,1,2.0
1970-01-01 00:28:16.575600,0,1,2.0
1970-01-01 00:28:16.579200,0,1,2.0
1970-01-01 00:28:16.593600,1,0,2.0
1970-01-01 00:28:16.597200,1,0,2.0
1970-01-01 00:28:16.600800,1,0,2.0
1970-01-01 00:28:16.665600,0,1,2.0
1970-01-01 00:28:16.672800,0,1,2.0
1970-01-01 00:28:16.676400,0,1,2.0
1970-01-01 00:28:16.680000,0,1,2.0
1970-01-01 00:28:16.683600,0,1,2.0
1970-01-01 00:28:16.687200,0,1,2.0
1970-01-01 00:28:16.690800,0,1,2.0
1970-01-01 00:28:16.701600,1,0,2.0
1970-01-01 00:28:16.705200,1,0,2.0
1970-01-01 00:28:16.708800,1,0,2.0
1970-01-01 00:28:16.712400,1,0,2.0
1970-01-01 00:28:16.716000,1,0,2.0
1970-01-01 00:28:16.719600,1,0,2.0
1970-01-01 00:28:16.734000,0,1,2.0
1970-01-01 00:28:16.737600,0,1,2.0
1970-01-01 00:28:16.741200,0,1,2.0
1970-01-01 00:28:16.748400,0,1,2.0
1970-01-01 00:28:16.752000,0,1,2.0
1970-01-01 00:28:16.806000,0,1,2.0
1970-01-01 00:28:16.813200,0,1,2.0
1970-01-01 00:28:16.816800,0,1,2.0
1970-01-01 00:28:16.820400,0,1,2.0
1970-01-01 00:28:16.824000,0,1,2.0
1970-01-01 00:28:16.827600,0,1,2.0
1970-01-01 00:28:16.831200,0,1,2.0
1970-01-01 00:28:16.834800,0,1,2.0
1970-01-01 00:28:16.838400,0,1,2.0
1970-01-01 00:28:16.842000,0,1,2.0
1970-01-01 00:28:16.845600,0,1,2.0
1970-01-01 00:28:16.849200,0,1,2.0
1970-01-01 00:28:16.852800,0,1,2.0
1970-01-01 00:28:16.856400,0,1,2.0
1970-01-01 00:28:16.860000,0,1,2.0
1970-01-01 00:28:16.917600,0,1,2.0
1970-01-01 00:28:16.921200,0,1,2.0
1970-01-01 00:28:16.924800,0,1,2.0
1970-01-01 00:28:16.928400,0,1,2.0
1970-01-01 00:28:16.935600,1,0,2.0
1970-01-01 00:28:16.939200,1,0,2.0
1970-01-01 00:28:16.942800,1,0,2.0
1970-01-01 00:28:16.946400,1,0,2.0
1970-01-01 00:28:16.953600,1,0,2.0
1970-01-01 00:28:16.957200,1,0,2.0
1970-01-01 00:28:16.971600,0,1,2.0
1970-01-01 00:28:16.975200,0,1,2.0
1970-01-01 00:28:16.978800,0,1,2.0
1970-01-01 00:28:16.982400,0,1,2.0
1970-01-01 00:28:16.986000,0,1,2.0
1970-01-01 00:28:17.004000,0,1,2.0
1970-01-01 00:28:17.007600,0,1,2.0
1970-01-01 00:28:17.011200,0,1,2.0
1970-01-01 00:28:17.014800,0,1,2.0
1970-01-01 00:28:17.018400,0,1,2.0
1970-01-01 00:28:17.022000,0,1,2.0
1970-01-01 00:28:17.025600,0,1,2.0
1970-01-01 00:28:17.029200,0,1,2.0
1970-01-01 00:28:17.032800,0,1,2.0
1970-01-01 00:28:17.065200,0,1,2.0
1970-01-01 00:28:17.086800,0,1,2.0
1970-01-01 00:28:17.094000,0,1,2.0
1970-01-01 00:28:17.097600,0,1,2.0
1970-01-01 00:28:17.187600,1,0,2.0
1970-01-01 00:28:17.198400,0,1,2.0
1970-01-01 00:28:17.209200,1,0,2.0
1970-01-01 00:28:17.216400,1,0,2.0
1970-01-01 00:28:17.220000,1,0,2.0
1970-01-01 00:28:17.223600,1,0,2.0
1970-01-01 00:28:17.281200,1,0,2.0
1970-01-01 00:28:17.284800,1,0,2.0
1970-01-01 00:28:17.288400,1,0,2.0
1970-01-01 00:28:17.292000,1,0,2.0
1970-01-01 00:28:17.306400,0,1,2.0
1970-01-01 00:28:17.310000,0,1,2.0
1970-01-01 00:28:17.313600,0,1,2.0
1970-01-01 00:28:17.328000,1,0,2.0
1970-01-01 00:28:17.367600,1,0,2.0
1970-01-01 00:28:17.371200,1,0,2.0
1970-01-01 00:28:17.374800,1,0,2.0
1970-01-01 00:28:17.378400,1,0,2.0
1970-01-01 00:28:17.382000,1,0,2.0
1970-01-01 00:28:17.392800,0,1,2.0
1970-01-01 00:28:17.396400,0,1,2.0
1970-01-01 00:28:17.400000,0,1,2.0
1970-01-01 00:28:17.410800,1,0,2.0
1970-01-01 00:28:17.414400,1,0,2.0
1970-01-01 00:28:17.418000,1,0,2.0
1970-01-01 00:28:17.421600,1,0,2.0
1970-01-01 00:28:17.425200,1,0,2.0
1970-01-01 00:28:17.428800,1,0,2.0
1970-01-01 00:28:17.436000,1,0,2.0
1970-01-01 00:28:17.439600,1,0,2.0
1970-01-01 00:28:17.443200,1,0,2.0
1970-01-01 00:28:17.446800,1,0,2.0
1970-01-01 00:28:17.450400,1,0,2.0
1970-01-01 00:28:17.454000,1,0,2.0
1970-01-01 00:28:17.479200,0,1,2.0
1970-01-01 00:28:17.482800,0,1,2.0
1970-01-01 00:28:17.486400,0,1,2.0
1970-01-01 00:28:17.522400,0,1,2.0
1970-01-01 00:28:17.526000,0,1,2.0
1970-01-01 00:28:17.529600,0,1,2.0
1970-01-01 00:28:17.533200,0,1,2.0
1970-01-01 00:28:17.536800,0,1,2.0
1970-01-01 00:28:17.540400,0,1,2.0
1970-01-01 00:28:17.544000,0,1,2.0
1970-01-01 00:28:17.551200,0,1,2.0
1970-01-01 00:28:17.554800,0,1,2.0
1970-01-01 00:28:17.558400,0,1,2.0
1970-01-01 00:28:17.601600,0,1,2.0
1970-01-01 00:28:17.605200,0,1,2.0
1970-01-01 00:28:17.616000,0,1,2.0
1970-01-01 00:28:17.623200,0,1,2.0
1970-01-01 00:28:17.630400,0,1,2.0
1970-01-01 00:28:17.634000,0,1,2.0
1970-01-01 00:28:17.637600,0,1,2.0
1970-01-01 00:28:17.641200,0,1,2.0
1970-01-01 00:28:17.644800,0,1,2.0
1970-01-01 00:28:17.648400,0,1,2.0
1970-01-01 00:28:17.652000,0,1,2.0
1970-01-01 00:28:17.655600,0,1,2.0
1970-01-01 00:28:17.659200,0,1,2.0
1970-01-01 00:28:17.662800,0,1,2.0
1970-01-01 00:28:17.695200,1,0,2.0
1970-01-01 00:28:17.706000,1,0,2.0
1970-01-01 00:28:17.734800,1,0,2.0
1970-01-01 00:28:17.738400,1,0,2.0
1970-01-01 00:28:17.745600,1,0,2.0
1970-01-01 00:28:17.749200,1,0,2.0
1970-01-01 00:28:17.752800,1,0,2.0
1970-01-01 00:28:17.756400,1,0,2.0
1970-01-01 00:28:17.760000,1,0,2.0
1970-01-01 00:28:17.763600,1,0,2.0
1970-01-01 00:28:17.767200,1,0,2.0
1970-01-01 00:28:17.770800,1,0,2.0
1970-01-01 00:28:17.774400,1,0,2.0
1970-01-01 00:28:17.778000,1,0,2.0
1970-01-01 00:28:17.781600,1,0,2.0
1970-01-01 00:28:17.785200,1,0,2.0
1970-01-01 00:28:17.846400,1,0,2.0
1970-01-01 00:28:17.850000,1,0,2.0
1970-01-01 00:28:17.864400,1,0,2.0
1970-01-01 00:28:17.871600,1,0,2.0
1970-01-01 00:28:17.875200,1,0,2.0
1970-01-01 00:28:17.878800,1,0,2.0
1970-01-01 00:28:17.882400,1,0,2.0
1970-01-01 00:28:17.886000,1,0,2.0
1970-01-01 00:28:17.889600,1,0,2.0
1970-01-01 00:28:17.896800,0,1,2.0
1970-01-01 00:28:17.904000,1,0,2.0
1970-01-01 00:28:17.940000,0,1,2.0
1970-01-01 00:28:17.943600,0,1,2.0
1970-01-01 00:28:17.947200,0,1,2.0
1970-01-01 00:28:17.950800,0,1,2.0
1970-01-01 00:28:17.954400,0,1,2.0
1970-01-01 00:28:17.965200,1,0,2.0
1970-01-01 00:28:17.968800,1,0,2.0
1970-01-01 00:28:17.972400,1,0,2.0
1970-01-01 00:28:17.976000,1,0,2.0
1970-01-01 00:28:17.979600,1,0,2.0
1970-01-01 00:28:17.983200,1,0,2.0
1970-01-01 00:28:17.986800,0,0,2.0
1970-01-01 00:28:17.990400,0,1,2.0
1970-01-01 00:28:17.994000,0,1,2.0
1970-01-01 00:28:18.004800,1,0,2.0
1970-01-01 00:28:18.008400,1,0,2.0
1970-01-01 00:28:18.012000,1,0,2.0
1970-01-01 00:28:18.015600,1,0,2.0
1970-01-01 00:28:18.019200,1,0,2.0
1970-01-01 00:28:18.066000,1,0,2.0
1970-01-01 00:28:18.069600,1,0,2.0
1970-01-01 00:28:18.073200,1,0,2.0
1970-01-01 00:28:18.076800,1,0,2.0
1970-01-01 00:28:18.080400,1,0,2.0
1970-01-01 00:28:18.084000,1,0,2.0
1970-01-01 00:28:18.087600,1,0,2.0
1970-01-01 00:28:18.091200,1,0,2.0
1970-01-01 00:28:18.094800,1,0,2.0
1970-01-01 00:28:18.098400,1,0,2.0
1970-01-01 00:28:18.102000,1,0,2.0
1970-01-01 00:28:18.105600,1,0,2.0
1970-01-01 00:28:18.109200,1,0,2.0
1970-01-01 00:28:18.112800,0,1,2.0
1970-01-01 00:28:18.145200,0,1,2.0
1970-01-01 00:28:18.148800,0,1,2.0
1970-01-01 00:28:18.152400,0,1,2.0
1970-01-01 00:28:18.156000,0,1,2.0
1970-01-01 00:28:18.177600,1,0,2.0
1970-01-01 00:28:18.195600,0,1,2.0
1970-01-01 00:28:18.213600,0,1,2.0
1970-01-01 00:28:18.220800,1,0,2.0
1970-01-01 00:28:18.242400,0,1,2.0
1970-01-01 00:28:18.246000,0,1,2.0
1970-01-01 00:28:18.267600,1,0,2.0
1970-01-01 00:28:18.271200,1,0,2.0
1970-01-01 00:28:18.274800,1,0,2.0
1970-01-01 00:28:18.296400,1,0,2.0
1970-01-01 00:28:18.307200,0,1,2.0
1970-01-01 00:28:18.310800,0,1,2.0
1970-01-01 00:28:18.314400,0,1,2.0
1970-01-01 00:28:18.318000,0,1,2.0
1970-01-01 00:28:18.321600,0,1,2.0
1970-01-01 00:28:18.325200,0,1,2.0
1970-01-01 00:28:18.390000,1,0,2.0
1970-01-01 00:28:18.400800,0,1,2.0
1970-01-01 00:28:18.408000,0,1,2.0
1970-01-01 00:28:18.411600,0,1,2.0
1970-01-01 00:28:18.415200,0,1,2.0
1970-01-01 00:28:18.418800,0,1,2.0
1970-01-01 00:28:18.429600,1,0,2.0
1970-01-01 00:28:18.440400,1,0,2.0
1970-01-01 00:28:18.444000,1,0,2.0
1970-01-01 00:28:18.447600,1,0,2.0
1970-01-01 00:28:18.526800,0,1,2.0
1970-01-01 00:28:18.548400,1,0,2.0
1970-01-01 00:28:18.559200,1,0,2.0
1970-01-01 00:28:18.562800,1,0,2.0
1970-01-01 00:28:18.566400,1,0,2.0
1970-01-01 00:28:18.570000,1,0,2.0
1970-01-01 00:28:18.573600,1,0,2.0
1970-01-01 00:28:18.577200,1,0,2.0
1970-01-01 00:28:18.584400,1,0,2.0
1970-01-01 00:28:18.616800,0,1,2.0
1970-01-01 00:28:18.624000,0,1,2.0
1970-01-01 00:28:18.642000,1,0,2.0
1970-01-01 00:28:18.645600,1,0,2.0
1970-01-01 00:28:18.649200,1,0,2.0
1970-01-01 00:28:18.721200,1,0,2.0
1970-01-01 00:28:18.724800,1,0,2.0
1970-01-01 00:28:18.728400,1,0,2.0
1970-01-01 00:28:18.732000,1,0,2.0
1970-01-01 00:28:18.735600,1,0,2.0
1970-01-01 00:28:18.742800,0,1,2.0
1970-01-01 00:28:18.750000,0,1,2.0
1970-01-01 00:28:18.825600,0,1,2.0
1970-01-01 00:28:18.829200,0,1,2.0
1970-01-01 00:28:18.836400,0,1,2.0
1970-01-01 00:28:18.840000,0,1,2.0
1970-01-01 00:28:18.847200,1,0,2.0
1970-01-01 00:28:18.850800,1,0,2.0
1970-01-01 00:28:18.854400,1,0,2.0
1970-01-01 00:28:18.858000,1,0,2.0
1970-01-01 00:28:18.861600,1,0,2.0
1970-01-01 00:28:18.865200,1,0,2.0
1970-01-01 00:28:18.915600,0,1,2.0
1970-01-01 00:28:18.919200,0,1,2.0
1970-01-01 00:28:18.922800,0,1,2.0
1970-01-01 00:28:18.926400,0,1,2.0
1970-01-01 00:28:18.930000,0,1,2.0
1970-01-01 00:28:18.933600,0,1,2.0
1970-01-01 00:28:19.095600,0,1,2.0
1970-01-01 00:28:19.099200,0,1,2.0
1970-01-01 00:28:19.113600,1,0,2.0
1970-01-01 00:28:19.117200,1,0,2.0
1970-01-01 00:28:19.120800,1,0,2.0
1970-01-01 00:28:19.124400,1,0,2.0
1970-01-01 00:28:19.128000,1,0,2.0
1970-01-01 00:28:19.131600,1,0,2.0
1970-01-01 00:28:19.135200,1,0,2.0
1970-01-01 00:28:19.138800,1,0,2.0
1970-01-01 00:28:19.142400,1,0,2.0
1970-01-01 00:28:19.146000,1,0,2.0
1970-01-01 00:28:19.149600,1,0,2.0
1970-01-01 00:28:19.178400,0,1,2.0
1970-01-01 00:28:19.185600,0,1,2.0
1970-01-01 00:28:19.189200,1,0,2.0
1970-01-01 00:28:19.192800,1,0,2.0
1970-01-01 00:28:19.196400,1,0,2.0
1970-01-01 00:28:19.243200,1,0,2.0
1970-01-01 00:28:19.246800,1,0,2.0
1970-01-01 00:28:19.250400,1,0,2.0
1970-01-01 00:28:19.257600,1,0,2.0
1970-01-01 00:28:19.268400,1,0,2.0
1970-01-01 00:28:19.272000,1,0,2.0
1970-01-01 00:28:19.275600,1,0,2.0
1970-01-01 00:28:19.290000,1,0,2.0
1970-01-01 00:28:19.293600,1,0,2.0
1970-01-01 00:28:19.300800,0,1,2.0
1970-01-01 00:28:19.304400,0,1,2.0
1970-01-01 00:28:19.308000,0,1,2.0
1970-01-01 00:28:19.311600,0,1,2.0
1970-01-01 00:28:19.322400,1,0,2.0
1970-01-01 00:28:19.344000,0,1,2.0
1970-01-01 00:28:19.365600,0,0,2.0
1970-01-01 00:28:19.369200,1,0,2.0
1970-01-01 00:28:19.372800,1,0,2.0
1970-01-01 00:28:19.419600,1,0,2.0
1970-01-01 00:28:19.423200,1,0,2.0
1970-01-01 00:28:19.477200,1,0,2.0
1970-01-01 00:28:19.480800,1,0,2.0
1970-01-01 00:28:19.484400,1,0,2.0
1970-01-01 00:28:19.488000,1,0,2.0
1970-01-01 00:28:19.491600,1,0,2.0
1970-01-01 00:28:19.506000,1,0,2.0
1970-01-01 00:28:19.516800,1,0,2.0
1970-01-01 00:28:19.538400,0,1,2.0
1970-01-01 00:28:19.542000,0,1,2.0
1970-01-01 00:28:19.552800,1,0,2.0
1970-01-01 00:28:19.556400,1,0,2.0
1970-01-01 00:28:19.560000,1,0,2.0
1970-01-01 00:28:19.563600,1,0,2.0
1970-01-01 00:28:19.610400,0,1,2.0
1970-01-01 00:28:19.614000,0,1,2.0
1970-01-01 00:28:19.653600,0,1,2.0
1970-01-01 00:28:19.657200,0,1,2.0
1970-01-01 00:28:19.660800,0,1,2.0
1970-01-01 00:28:19.671600,1,0,2.0
1970-01-01 00:28:19.675200,1,0,2.0
1970-01-01 00:28:19.678800,1,0,2.0
1970-01-01 00:28:19.682400,1,0,2.0
1970-01-01 00:28:19.686000,1,0,2.0
1970-01-01 00:28:19.689600,1,0,2.0
1970-01-01 00:28:19.693200,1,0,2.0
1970-01-01 00:28:19.696800,1,0,2.0
1970-01-01 00:28:19.700400,1,0,2.0
1970-01-01 00:28:19.729200,0,1,2.0
1970-01-01 00:28:19.732800,0,1,2.0
1970-01-01 00:28:19.736400,0,1,2.0
1970-01-01 00:28:19.740000,0,1,2.0
1970-01-01 00:28:19.743600,0,1,2.0
1970-01-01 00:28:19.754400,1,0,2.0
1970-01-01 00:28:19.761600,1,0,2.0
1970-01-01 00:28:19.765200,1,0,2.0
1970-01-01 00:28:19.826400,0,1,2.0
1970-01-01 00:28:19.830000,0,1,2.0
1970-01-01 00:28:19.833600,0,1,2.0
1970-01-01 00:28:19.837200,0,1,2.0
1970-01-01 00:28:19.840800,0,1,2.0
1970-01-01 00:28:19.887600,0,1,2.0
1970-01-01 00:28:19.891200,0,1,2.0
1970-01-01 00:28:19.898400,0,1,2.0
1970-01-01 00:28:19.902000,0,1,2.0
1970-01-01 00:28:19.905600,0,1,2.0
1970-01-01 00:28:19.938000,0,1,2.0
1970-01-01 00:28:19.941600,0,1,2.0
1970-01-01 00:28:19.945200,0,1,2.0
1970-01-01 00:28:19.948800,0,1,2.0
1970-01-01 00:28:19.959600,1,0,2.0
1970-01-01 00:28:19.966800,0,1,2.0
1970-01-01 00:28:19.970400,0,1,2.0
1970-01-01 00:28:19.974000,0,1,2.0
1970-01-01 00:28:19.977600,0,1,2.0
1970-01-01 00:28:19.981200,0,1,2.0
1970-01-01 00:28:19.984800,1,0,2.0
1970-01-01 00:28:19.992000,1,0,2.0
1970-01-01 00:28:20.049600,1,0,2.0
1970-01-01 00:28:20.053200,1,0,2.0
1970-01-01 00:28:20.056800,1,0,2.0
1970-01-01 00:28:20.060400,1,0,2.0
1970-01-01 00:28:20.064000,1,0,2.0
1970-01-01 00:28:20.067600,1,0,2.0
1970-01-01 00:28:20.071200,1,0,2.0
1970-01-01 00:28:20.074800,1,0,2.0
1970-01-01 00:28:20.114400,0,1,2.0
1970-01-01 00:28:20.118000,0,1,2.0
1970-01-01 00:28:20.121600,0,1,2.0
1970-01-01 00:28:20.125200,0,1,2.0
1970-01-01 00:28:20.128800,0,1,2.0
1970-01-01 00:28:20.132400,0,1,2.0
1970-01-01 00:28:20.136000,0,1,2.0
1970-01-01 00:28:20.139600,0,1,2.0
1970-01-01 00:28:20.143200,0,1,2.0
1970-01-01 00:28:20.150400,0,1,2.0
1970-01-01 00:28:20.179200,0,1,2.0
1970-01-01 00:28:20.182800,0,1,2.0
1970-01-01 00:28:20.193600,1,0,2.0
1970-01-01 00:28:20.211600,0,1,2.0
1970-01-01 00:28:20.215200,0,1,2.0
1970-01-01 00:28:20.218800,0,1,2.0
1970-01-01 00:28:20.222400,0,1,2.0
1970-01-01 00:28:20.226000,0,1,2.0
1970-01-01 00:28:20.236800,1,0,2.0
1970-01-01 00:28:20.262000,0,1,2.0
1970-01-01 00:28:20.265600,0,1,2.0
1970-01-01 00:28:20.269200,0,1,2.0
1970-01-01 00:28:20.272800,0,1,2.0
1970-01-01 00:28:20.280000,0,1,2.0
1970-01-01 00:28:20.287200,1,0,2.0
1970-01-01 00:28:20.312400,1,0,2.0
1970-01-01 00:28:20.334000,0,1,2.0
1970-01-01 00:28:20.337600,0,1,2.0
1970-01-01 00:28:20.341200,0,1,2.0
1970-01-01 00:28:20.348400,0,1,2.0
1970-01-01 00:28:20.355600,1,0,2.0
1970-01-01 00:28:20.373600,0,1,2.0
1970-01-01 00:28:20.377200,0,1,2.0
1970-01-01 00:28:20.380800,0,1,2.0
1970-01-01 00:28:20.384400,0,1,2.0
1970-01-01 00:28:20.395200,1,0,2.0
1970-01-01 00:28:20.398800,1,0,2.0
1970-01-01 00:28:20.402400,1,0,2.0
1970-01-01 00:28:20.406000,1,0,2.0
1970-01-01 00:28:20.409600,1,0,2.0
1970-01-01 00:28:20.413200,1,0,2.0
1970-01-01 00:28:20.456400,1,0,2.0
1970-01-01 00:28:20.460000,1,0,2.0
1970-01-01 00:28:20.470800,0,1,2.0
1970-01-01 00:28:20.474400,0,1,2.0
1970-01-01 00:28:20.478000,0,1,2.0
1970-01-01 00:28:20.488800,0,1,2.0
1970-01-01 00:28:20.492400,0,1,2.0
1970-01-01 00:28:20.496000,1,0,2.0
1970-01-01 00:28:20.499600,0,1,2.0
1970-01-01 00:28:20.546400,1,0,2.0
1970-01-01 00:28:20.550000,1,0,2.0
1970-01-01 00:28:20.553600,1,0,2.0
1970-01-01 00:28:20.557200,1,0,2.0
1970-01-01 00:28:20.568000,0,1,2.0
1970-01-01 00:28:20.571600,0,1,2.0
1970-01-01 00:28:20.575200,0,1,2.0
1970-01-01 00:28:20.578800,0,1,2.0
1970-01-01 00:28:20.582400,0,1,2.0
1970-01-01 00:28:20.586000,0,1,2.0
1970-01-01 00:28:20.589600,0,1,2.0
1970-01-01 00:28:20.593200,0,1,2.0
1970-01-01 00:28:20.596800,0,1,2.0
1970-01-01 00:28:20.600400,0,1,2.0
1970-01-01 00:28:20.661600,1,0,2.0
1970-01-01 00:28:20.665200,1,0,2.0
1970-01-01 00:28:20.668800,1,0,2.0
1970-01-01 00:28:20.672400,1,0,2.0
1970-01-01 00:28:20.697600,1,0,2.0
1970-01-01 00:28:20.701200,1,0,2.0
1970-01-01 00:28:20.704800,1,0,2.0
1970-01-01 00:28:20.708400,1,0,2.0
1970-01-01 00:28:20.712000,1,0,2.0
1970-01-01 00:28:20.715600,1,0,2.0
1970-01-01 00:28:20.719200,0,1,2.0
1970-01-01 00:28:20.722800,0,1,2.0
1970-01-01 00:28:20.726400,0,1,2.0
1970-01-01 00:28:20.730000,0,1,2.0
1970-01-01 00:28:20.733600,0,1,2.0
1970-01-01 00:28:20.751600,1,0,2.0
1970-01-01 00:28:20.805600,1,0,2.0
1970-01-01 00:28:20.809200,1,0,2.0
1970-01-01 00:28:20.812800,1,0,2.0
1970-01-01 00:28:20.816400,1,0,2.0
1970-01-01 00:28:20.820000,1,0,2.0
1970-01-01 00:28:20.823600,1,0,2.0
1970-01-01 00:28:20.827200,1,0,2.0
1970-01-01 00:28:20.830800,1,0,2.0
1970-01-01 00:28:20.856000,1,0,2.0
1970-01-01 00:28:20.859600,1,0,2.0
1970-01-01 00:28:20.863200,1,0,2.0
1970-01-01 00:28:20.866800,1,0,2.0
1970-01-01 00:28:20.870400,1,0,2.0
1970-01-01 00:28:20.953200,0,1,2.0
1970-01-01 00:28:20.964000,0,1,2.0
1970-01-01 00:28:20.971200,0,1,2.0
1970-01-01 00:28:20.974800,0,1,2.0
1970-01-01 00:28:20.985600,0,1,2.0
1970-01-01 00:28:20.989200,0,1,2.0
1970-01-01 00:28:20.992800,0,1,2.0
1970-01-01 00:28:20.996400,0,1,2.0
1970-01-01 00:28:21.000000,0,1,2.0
1970-01-01 00:28:21.003600,0,1,2.0
1970-01-01 00:28:21.007200,0,1,2.0
1970-01-01 00:28:21.010800,0,1,2.0
1970-01-01 00:28:21.021600,1,0,2.0
1970-01-01 00:28:21.036000,0,1,2.0
1970-01-01 00:28:21.043200,0,1,2.0
1970-01-01 00:28:21.057600,0,1,2.0
1970-01-01 00:28:21.061200,0,1,2.0
1970-01-01 00:28:21.064800,0,1,2.0
1970-01-01 00:28:21.068400,0,1,2.0
1970-01-01 00:28:21.072000,0,1,2.0
1970-01-01 00:28:21.075600,0,1,2.0
1970-01-01 00:28:21.126000,0,1,2.0
1970-01-01 00:28:21.129600,0,1,2.0
1970-01-01 00:28:21.147600,1,0,2.0
1970-01-01 00:28:21.151200,1,0,2.0
1970-01-01 00:28:21.154800,1,0,2.0
1970-01-01 00:28:21.158400,1,0,2.0
1970-01-01 00:28:21.165600,1,0,2.0
1970-01-01 00:28:21.169200,1,0,2.0
1970-01-01 00:28:21.172800,1,0,2.0
1970-01-01 00:28:21.176400,1,0,2.0
1970-01-01 00:28:21.180000,1,0,2.0
1970-01-01 00:28:21.183600,1,0,2.0
1970-01-01 00:28:21.244800,0,1,2.0
1970-01-01 00:28:21.248400,0,1,2.0
1970-01-01 00:28:21.313200,0,1,2.0
1970-01-01 00:28:21.324000,0,1,2.0
1970-01-01 00:28:21.370800,1,0,2.0
1970-01-01 00:28:21.374400,1,0,2.0
1970-01-01 00:28:21.378000,1,0,2.0
1970-01-01 00:28:21.381600,1,0,2.0
1970-01-01 00:28:21.385200,1,0,2.0
1970-01-01 00:28:21.388800,1,0,2.0
1970-01-01 00:28:21.399600,1,0,2.0
1970-01-01 00:28:21.403200,1,0,2.0
1970-01-01 00:28:21.406800,1,0,2.0
1970-01-01 00:28:21.410400,1,0,2.0
1970-01-01 00:28:21.414000,1,0,2.0
1970-01-01 00:28:21.417600,1,0,2.0
1970-01-01 00:28:21.424800,1,0,2.0
1970-01-01 00:28:21.428400,1,0,2.0
1970-01-01 00:28:21.432000,1,0,2.0
1970-01-01 00:28:21.439200,1,0,2.0
1970-01-01 00:28:21.442800,1,0,2.0
1970-01-01 00:28:21.496800,0,1,2.0
1970-01-01 00:28:21.507600,0,1,2.0
1970-01-01 00:28:21.522000,1,0,2.0
1970-01-01 00:28:21.525600,1,0,2.0
1970-01-01 00:28:21.529200,1,0,2.0
1970-01-01 00:28:21.532800,1,0,2.0
1970-01-01 00:28:21.536400,1,0,2.0
1970-01-01 00:28:21.540000,1,0,2.0
1970-01-01 00:28:21.561600,0,1,2.0
1970-01-01 00:28:21.565200,0,1,2.0
1970-01-01 00:28:21.576000,1,0,2.0
1970-01-01 00:28:21.579600,1,0,2.0
1970-01-01 00:28:21.583200,1,0,2.0
1970-01-01 00:28:21.590400,1,0,2.0
1970-01-01 00:28:21.597600,0,1,2.0
1970-01-01 00:28:21.601200,0,1,2.0
1970-01-01 00:28:21.619200,1,0,2.0
1970-01-01 00:28:21.622800,1,0,2.0
1970-01-01 00:28:21.626400,1,0,2.0
1970-01-01 00:28:21.630000,1,0,2.0
1970-01-01 00:28:21.633600,1,0,2.0
1970-01-01 00:28:21.637200,1,0,2.0
1970-01-01 00:28:21.640800,1,0,2.0
1970-01-01 00:28:21.644400,1,0,2.0
1970-01-01 00:28:21.648000,1,0,2.0
1970-01-01 00:28:21.676800,0,1,2.0
1970-01-01 00:28:21.680400,0,1,2.0
1970-01-01 00:28:21.684000,0,1,2.0
1970-01-01 00:28:21.720000,1,0,2.0
1970-01-01 00:28:21.774000,1,0,2.0
1970-01-01 00:28:21.777600,1,0,2.0
1970-01-01 00:28:21.781200,1,0,2.0
1970-01-01 00:28:21.784800,1,0,2.0
1970-01-01 00:28:21.788400,1,0,2.0
1970-01-01 00:28:21.799200,1,0,2.0
1970-01-01 00:28:21.802800,1,0,2.0
1970-01-01 00:28:21.806400,1,0,2.0
1970-01-01 00:28:21.810000,1,0,2.0
1970-01-01 00:28:21.813600,1,0,2.0
1970-01-01 00:28:21.817200,0,1,2.0
1970-01-01 00:28:21.820800,0,1,2.0
1970-01-01 00:28:21.838800,1,0,2.0
1970-01-01 00:28:21.849600,0,1,2.0
1970-01-01 00:28:21.885600,0,1,2.0
1970-01-01 00:28:21.889200,0,1,2.0
1970-01-01 00:28:21.900000,1,0,2.0
1970-01-01 00:28:21.903600,1,0,2.0
1970-01-01 00:28:21.907200,1,0,2.0
1970-01-01 00:28:21.910800,1,0,2.0
1970-01-01 00:28:21.914400,1,0,2.0
1970-01-01 00:28:21.918000,1,0,2.0
1970-01-01 00:28:21.921600,0,1,2.0
1970-01-01 00:28:21.925200,0,1,2.0
1970-01-01 00:28:21.928800,0,1,2.0
1970-01-01 00:28:21.932400,0,1,2.0
1970-01-01 00:28:21.943200,1,0,2.0
1970-01-01 00:28:21.946800,1,0,2.0
1970-01-01 00:28:21.950400,1,0,2.0
1970-01-01 00:28:21.954000,1,0,2.0
1970-01-01 00:28:21.957600,1,0,2.0
1970-01-01 00:28:21.993600,1,0,2.0
1970-01-01 00:28:22.018800,1,0,2.0
1970-01-01 00:28:22.022400,1,0,2.0
1970-01-01 00:28:22.026000,1,0,2.0
1970-01-01 00:28:22.029600,1,0,2.0
1970-01-01 00:28:22.033200,1,0,2.0
1970-01-01 00:28:22.036800,1,0,2.0
1970-01-01 00:28:22.040400,1,0,2.0
1970-01-01 00:28:22.044000,1,0,2.0
1970-01-01 00:28:22.047600,1,0,2.0
1970-01-01 00:28:22.094400,0,1,2.0
1970-01-01 00:28:22.101600,0,1,2.0
1970-01-01 00:28:22.105200,0,1,2.0
1970-01-01 00:28:22.126800,0,1,2.0
1970-01-01 00:28:22.162800,1,0,2.0
1970-01-01 00:28:22.188000,0,1,2.0
1970-01-01 00:28:22.191600,0,1,2.0
1970-01-01 00:28:22.195200,0,1,2.0
1970-01-01 00:28:22.238400,0,1,2.0
1970-01-01 00:28:22.242000,0,1,2.0
1970-01-01 00:28:22.245600,0,1,2.0
1970-01-01 00:28:22.249200,0,1,2.0
1970-01-01 00:28:22.252800,0,1,2.0
1970-01-01 00:28:22.256400,0,1,2.0
1970-01-01 00:28:22.310400,0,1,2.0
1970-01-01 00:28:22.314000,0,1,2.0
1970-01-01 00:28:22.328400,1,0,2.0
1970-01-01 00:28:22.371600,0,1,2.0
1970-01-01 00:28:22.375200,0,1,2.0
1970-01-01 00:28:22.378800,0,1,2.0
1970-01-01 00:28:22.382400,0,1,2.0
1970-01-01 00:28:22.386000,0,1,2.0
1970-01-01 00:28:22.389600,0,1,2.0
1970-01-01 00:28:22.396800,0,1,2.0
1970-01-01 00:28:22.400400,1,0,2.0
1970-01-01 00:28:22.425600,0,1,2.0
1970-01-01 00:28:22.465200,1,0,2.0
1970-01-01 00:28:22.476000,1,0,2.0
1970-01-01 00:28:22.483200,1,0,2.0
1970-01-01 00:28:22.486800,1,0,2.0
1970-01-01 00:28:22.490400,1,0,2.0
1970-01-01 00:28:22.540800,0,1,2.0
1970-01-01 00:28:22.544400,0,1,2.0
1970-01-01 00:28:22.548000,0,1,2.0
1970-01-01 00:28:22.551600,0,1,2.0
1970-01-01 00:28:22.555200,0,1,2.0
1970-01-01 00:28:22.630800,0,1,2.0
1970-01-01 00:28:22.634400,0,1,2.0
1970-01-01 00:28:22.638000,0,1,2.0
1970-01-01 00:28:22.663200,0,1,2.0
1970-01-01 00:28:22.666800,0,1,2.0
1970-01-01 00:28:22.670400,0,1,2.0
1970-01-01 00:28:22.674000,0,1,2.0
1970-01-01 00:28:22.681200,1,0,2.0
1970-01-01 00:28:22.753200,1,0,2.0
1970-01-01 00:28:22.760400,1,0,2.0
1970-01-01 00:28:22.771200,1,0,2.0
1970-01-01 00:28:22.778400,1,0,2.0
1970-01-01 00:28:22.782000,1,0,2.0
1970-01-01 00:28:22.785600,1,0,2.0
1970-01-01 00:28:22.789200,1,0,2.0
1970-01-01 00:28:22.800000,0,1,2.0
1970-01-01 00:28:22.828800,0,1,2.0
1970-01-01 00:28:22.832400,0,1,2.0
1970-01-01 00:28:22.836000,0,1,2.0
1970-01-01 00:28:22.839600,0,1,2.0
1970-01-01 00:28:22.843200,0,1,2.0
1970-01-01 00:28:22.846800,0,1,2.0
1970-01-01 00:28:22.850400,0,1,2.0
1970-01-01 00:28:22.854000,0,1,2.0
1970-01-01 00:28:22.857600,0,1,2.0
1970-01-01 00:28:22.872000,0,1,2.0
1970-01-01 00:28:22.875600,0,1,2.0
1970-01-01 00:28:22.879200,0,1,2.0
1970-01-01 00:28:22.882800,0,1,2.0
1970-01-01 00:28:22.886400,0,1,2.0
1970-01-01 00:28:22.890000,0,1,2.0
1970-01-01 00:28:22.900800,1,0,2.0
1970-01-01 00:28:22.911600,1,0,2.0
1970-01-01 00:28:22.926000,1,0,2.0
1970-01-01 00:28:22.983600,0,1,2.0
1970-01-01 00:28:22.987200,0,1,2.0
1970-01-01 00:28:22.990800,0,1,2.0
1970-01-01 00:28:22.994400,0,1,2.0
1970-01-01 00:28:22.998000,0,1,2.0
1970-01-01 00:28:23.001600,0,1,2.0
1970-01-01 00:28:23.005200,1,0,2.0
1970-01-01 00:28:23.073600,1,0,2.0
1970-01-01 00:28:23.077200,0,1,2.0
1970-01-01 00:28:23.080800,0,1,2.0
1970-01-01 00:28:23.084400,0,1,2.0
1970-01-01 00:28:23.095200,0,1,2.0
1970-01-01 00:28:23.098800,0,1,2.0
1970-01-01 00:28:23.160000,0,1,2.0
1970-01-01 00:28:23.163600,0,1,2.0
1970-01-01 00:28:23.167200,1,0,2.0
1970-01-01 00:28:23.170800,1,0,2.0
1970-01-01 00:28:23.181600,1,0,2.0
1970-01-01 00:28:23.185200,1,0,2.0
1970-01-01 00:28:23.228400,1,0,2.0
1970-01-01 00:28:23.242800,1,0,2.0
1970-01-01 00:28:23.246400,1,0,2.0
1970-01-01 00:28:23.250000,1,0,2.0
1970-01-01 00:28:23.253600,1,0,2.0
1970-01-01 00:28:23.257200,1,0,2.0
1970-01-01 00:28:23.260800,1,0,2.0
1970-01-01 00:28:23.275200,0,1,2.0
1970-01-01 00:28:23.278800,0,1,2.0
1970-01-01 00:28:23.282400,0,1,2.0
1970-01-01 00:28:23.286000,0,1,2.0
1970-01-01 00:28:23.289600,0,1,2.0
1970-01-01 00:28:23.368800,1,0,2.0
1970-01-01 00:28:23.433600,0,1,2.0
1970-01-01 00:28:23.437200,0,1,2.0
1970-01-01 00:28:23.440800,0,1,2.0
1970-01-01 00:28:23.444400,0,1,2.0
1970-01-01 00:28:23.448000,0,1,2.0
1970-01-01 00:28:23.451600,0,1,2.0
1970-01-01 00:28:23.491200,1,0,2.0
1970-01-01 00:28:23.545200,0,1,2.0
1970-01-01 00:28:23.552400,0,1,2.0
1970-01-01 00:28:23.556000,0,1,2.0
1970-01-01 00:28:23.559600,0,1,2.0
1970-01-01 00:28:23.563200,0,1,2.0
1970-01-01 00:28:23.566800,1,0,2.0
1970-01-01 00:28:23.570400,1,0,2.0
1970-01-01 00:28:23.574000,1,0,2.0
1970-01-01 00:28:23.577600,1,0,2.0
1970-01-01 00:28:23.581200,1,0,2.0
1970-01-01 00:28:23.584800,1,0,2.0
1970-01-01 00:28:23.592000,0,1,2.0
1970-01-01 00:28:23.595600,0,1,2.0
1970-01-01 00:28:23.606400,0,1,2.0
1970-01-01 00:28:23.646000,1,0,2.0
1970-01-01 00:28:23.649600,1,0,2.0
1970-01-01 00:28:23.653200,1,0,2.0
1970-01-01 00:28:23.656800,1,0,2.0
1970-01-01 00:28:23.660400,1,0,2.0
1970-01-01 00:28:23.664000,1,0,2.0
1970-01-01 00:28:23.667600,1,0,2.0
1970-01-01 00:28:23.671200,1,0,2.0
1970-01-01 00:28:23.674800,1,0,2.0
1970-01-01 00:28:23.736000,1,0,2.0
1970-01-01 00:28:23.757600,0,1,2.0
1970-01-01 00:28:23.761200,0,1,2.0
1970-01-01 00:28:23.811600,1,0,2.0
1970-01-01 00:28:23.815200,0,1,2.0
1970-01-01 00:28:23.822400,0,1,2.0
1970-01-01 00:28:23.847600,0,1,2.0
1970-01-01 00:28:23.851200,0,1,2.0
1970-01-01 00:28:23.854800,0,1,2.0
1970-01-01 00:28:23.858400,0,1,2.0
1970-01-01 00:28:23.865600,0,1,2.0
1970-01-01 00:28:23.872800,0,1,2.0
1970-01-01 00:28:23.876400,0,1,2.0
1970-01-01 00:28:23.880000,0,1,2.0
1970-01-01 00:28:23.883600,0,1,2.0
1970-01-01 00:28:23.991600,1,0,2.0
1970-01-01 00:28:23.995200,1,0,2.0
1970-01-01 00:28:23.998800,1,0,2.0
1970-01-01 00:28:24.002400,1,0,2.0
1970-01-01 00:28:24.009600,1,0,2.0
1970-01-01 00:28:24.038400,0,1,2.0
1970-01-01 00:28:24.042000,0,1,2.0
1970-01-01 00:28:24.045600,0,1,2.0
1970-01-01 00:28:24.049200,0,1,2.0
1970-01-01 00:28:24.052800,0,1,2.0
1970-01-01 00:28:24.056400,0,1,2.0
1970-01-01 00:28:24.060000,1,0,2.0
1970-01-01 00:28:24.067200,0,1,2.0
1970-01-01 00:28:24.070800,0,1,2.0
1970-01-01 00:28:24.074400,0,1,2.0
1970-01-01 00:28:24.085200,1,0,2.0
1970-01-01 00:28:24.117600,1,0,2.0
1970-01-01 00:28:24.124800,1,0,2.0
1970-01-01 00:28:24.128400,1,0,2.0
1970-01-01 00:28:24.132000,1,0,2.0
1970-01-01 00:28:24.135600,1,0,2.0
1970-01-01 00:28:24.139200,1,0,2.0
1970-01-01 00:28:24.142800,1,0,2.0
1970-01-01 00:28:24.146400,1,0,2.0
1970-01-01 00:28:24.150000,1,0,2.0
1970-01-01 00:28:24.153600,0,1,2.0
1970-01-01 00:28:24.182400,0,1,2.0
1970-01-01 00:28:24.186000,0,1,2.0
1970-01-01 00:28:24.189600,0,1,2.0
1970-01-01 00:28:24.193200,0,1,2.0
1970-01-01 00:28:24.196800,0,1,2.0
1970-01-01 00:28:24.200400,0,1,2.0
1970-01-01 00:28:24.258000,0,1,2.0
1970-01-01 00:28:24.261600,0,1,2.0
1970-01-01 00:28:24.265200,0,1,2.0
1970-01-01 00:28:24.268800,0,1,2.0
1970-01-01 00:28:24.272400,0,1,2.0
1970-01-01 00:28:24.276000,0,1,2.0
1970-01-01 00:28:24.279600,0,1,2.0
1970-01-01 00:28:24.355200,1,0,2.0
1970-01-01 00:28:24.358800,1,0,2.0
1970-01-01 00:28:24.362400,1,0,2.0
1970-01-01 00:28:24.366000,1,0,2.0
1970-01-01 00:28:24.398400,0,1,2.0
1970-01-01 00:28:24.402000,0,1,2.0
1970-01-01 00:28:24.405600,0,1,2.0
1970-01-01 00:28:24.409200,0,1,2.0
1970-01-01 00:28:24.412800,0,1,2.0
1970-01-01 00:28:24.445200,0,1,2.0
1970-01-01 00:28:24.470400,1,0,2.0
1970-01-01 00:28:24.495600,0,1,2.0
1970-01-01 00:28:24.499200,0,1,2.0
1970-01-01 00:28:24.502800,0,1,2.0
1970-01-01 00:28:24.506400,0,1,2.0
1970-01-01 00:28:24.510000,0,1,2.0
1970-01-01 00:28:24.513600,0,1,2.0
1970-01-01 00:28:24.520800,1,0,2.0
1970-01-01 00:28:24.592800,1,0,2.0
1970-01-01 00:28:24.607200,0,1,2.0
1970-01-01 00:28:24.621600,0,1,2.0
1970-01-01 00:28:24.625200,0,1,2.0
1970-01-01 00:28:24.628800,0,1,2.0
1970-01-01 00:28:24.632400,0,1,2.0
1970-01-01 00:28:24.636000,0,1,2.0
1970-01-01 00:28:24.646800,0,1,2.0
1970-01-01 00:28:24.650400,0,1,2.0
1970-01-01 00:28:24.654000,0,1,2.0
1970-01-01 00:28:24.657600,0,1,2.0
1970-01-01 00:28:24.661200,0,1,2.0
1970-01-01 00:28:24.664800,0,1,2.0
1970-01-01 00:28:24.668400,0,1,2.0
1970-01-01 00:28:24.672000,0,1,2.0
1970-01-01 00:28:24.679200,1,0,2.0
1970-01-01 00:28:24.682800,1,0,2.0
1970-01-01 00:28:24.686400,1,0,2.0
1970-01-01 00:28:24.704400,1,0,2.0
1970-01-01 00:28:24.708000,1,0,2.0
1970-01-01 00:28:24.718800,1,0,2.0
1970-01-01 00:28:24.722400,1,0,2.0
1970-01-01 00:28:24.726000,1,0,2.0
1970-01-01 00:28:24.729600,1,0,2.0
1970-01-01 00:28:24.733200,1,0,2.0
1970-01-01 00:28:24.736800,1,0,2.0
1970-01-01 00:28:24.772800,0,1,2.0
1970-01-01 00:28:24.780000,0,1,2.0
1970-01-01 00:28:24.783600,0,1,2.0
1970-01-01 00:28:24.787200,0,1,2.0
1970-01-01 00:28:24.790800,0,1,2.0
1970-01-01 00:28:24.794400,0,1,2.0
1970-01-01 00:28:24.798000,0,1,2.0
1970-01-01 00:28:24.819600,1,0,2.0
1970-01-01 00:28:24.826800,1,0,2.0
1970-01-01 00:28:24.830400,1,0,2.0
1970-01-01 00:28:24.834000,1,0,2.0
1970-01-01 00:28:24.877200,0,1,2.0
1970-01-01 00:28:24.880800,0,1,2.0
1970-01-01 00:28:24.884400,0,1,2.0
1970-01-01 00:28:24.888000,1,0,2.0
1970-01-01 00:28:24.891600,1,0,2.0
1970-01-01 00:28:24.895200,1,0,2.0
1970-01-01 00:28:24.898800,1,0,2.0
1970-01-01 00:28:24.902400,1,0,2.0
1970-01-01 00:28:24.906000,1,0,2.0
1970-01-01 00:28:24.909600,1,0,2.0
1970-01-01 00:28:24.913200,1,0,2.0
1970-01-01 00:28:24.916800,1,0,2.0
1970-01-01 00:28:24.920400,1,0,2.0
1970-01-01 00:28:24.949200,1,0,2.0
1970-01-01 00:28:24.952800,1,0,2.0
1970-01-01 00:28:24.956400,1,0,2.0
1970-01-01 00:28:24.960000,1,0,2.0
1970-01-01 00:28:24.963600,1,0,2.0
1970-01-01 00:28:24.967200,1,0,2.0
1970-01-01 00:28:24.974400,0,1,2.0
1970-01-01 00:28:24.978000,0,0,2.0
1970-01-01 00:28:24.981600,0,1,2.0
1970-01-01 00:28:25.021200,1,0,2.0
1970-01-01 00:28:25.028400,1,0,2.0
1970-01-01 00:28:25.032000,1,0,2.0
1970-01-01 00:28:25.039200,1,0,2.0
1970-01-01 00:28:25.042800,1,0,2.0
1970-01-01 00:28:25.046400,1,0,2.0
1970-01-01 00:28:25.057200,0,0,2.0
1970-01-01 00:28:25.060800,1,0,2.0
1970-01-01 00:28:25.064400,0,1,2.0
1970-01-01 00:28:25.068000,0,1,2.0
1970-01-01 00:28:25.183200,0,1,2.0
1970-01-01 00:28:25.204800,1,0,2.0
1970-01-01 00:28:25.219200,0,1,2.0
1970-01-01 00:28:25.222800,0,1,2.0
1970-01-01 00:28:25.237200,0,1,2.0
1970-01-01 00:28:25.240800,0,1,2.0
1970-01-01 00:28:25.244400,0,1,2.0
1970-01-01 00:28:25.248000,0,1,2.0
1970-01-01 00:28:25.251600,0,1,2.0
1970-01-01 00:28:25.255200,0,1,2.0
1970-01-01 00:28:25.266000,0,1,2.0
1970-01-01 00:28:25.273200,1,0,2.0
1970-01-01 00:28:25.305600,0,1,2.0
1970-01-01 00:28:25.309200,0,1,2.0
1970-01-01 00:28:25.312800,0,1,2.0
1970-01-01 00:28:25.316400,0,1,2.0
1970-01-01 00:28:25.320000,0,1,2.0
1970-01-01 00:28:25.323600,0,1,2.0
1970-01-01 00:28:25.338000,0,1,2.0
1970-01-01 00:28:25.341600,0,1,2.0
1970-01-01 00:28:25.345200,0,1,2.0
1970-01-01 00:28:25.406400,0,1,2.0
1970-01-01 00:28:25.410000,1,0,2.0
1970-01-01 00:28:25.417200,0,1,2.0
1970-01-01 00:28:25.492800,0,1,2.0
1970-01-01 00:28:25.503600,1,0,2.0
1970-01-01 00:28:25.546800,1,0,2.0
1970-01-01 00:28:25.550400,1,0,2.0
1970-01-01 00:28:25.554000,1,0,2.0
1970-01-01 00:28:25.557600,0,1,2.0
1970-01-01 00:28:25.561200,0,1,2.0
1970-01-01 00:28:25.564800,0,1,2.0
1970-01-01 00:28:25.568400,0,1,2.0
1970-01-01 00:28:25.572000,0,1,2.0
1970-01-01 00:28:25.575600,1,0,2.0
1970-01-01 00:28:25.579200,1,0,2.0
1970-01-01 00:28:25.586400,0,1,2.0
1970-01-01 00:28:25.590000,0,1,2.0
1970-01-01 00:28:25.593600,0,1,2.0
1970-01-01 00:28:25.597200,0,1,2.0
1970-01-01 00:28:25.600800,0,1,2.0
1970-01-01 00:28:25.604400,1,0,2.0
1970-01-01 00:28:25.608000,1,0,2.0
1970-01-01 00:28:25.647600,1,0,2.0
1970-01-01 00:28:25.651200,1,0,2.0
1970-01-01 00:28:25.654800,1,0,2.0
1970-01-01 00:28:25.669200,0,1,2.0
1970-01-01 00:28:25.672800,0,1,2.0
1970-01-01 00:28:25.676400,0,1,2.0
1970-01-01 00:28:25.680000,1,0,2.0
1970-01-01 00:28:25.734000,0,1,2.0
1970-01-01 00:28:25.831200,0,1,2.0
1970-01-01 00:28:25.842000,0,1,2.0
1970-01-01 00:28:25.845600,0,1,2.0
1970-01-01 00:28:25.849200,1,0,2.0
1970-01-01 00:28:25.852800,1,0,2.0
1970-01-01 00:28:25.856400,1,0,2.0
1970-01-01 00:28:25.860000,1,0,2.0
1970-01-01 00:28:25.863600,1,0,2.0
1970-01-01 00:28:25.867200,1,0,2.0
1970-01-01 00:28:25.870800,1,0,2.0
1970-01-01 00:28:25.874400,0,1,2.0
1970-01-01 00:28:25.878000,1,0,2.0
1970-01-01 00:28:25.881600,0,1,2.0
1970-01-01 00:28:25.892400,0,1,2.0
1970-01-01 00:28:25.899600,0,1,2.0
1970-01-01 00:28:25.903200,0,1,2.0
1970-01-01 00:28:25.906800,0,1,2.0
1970-01-01 00:28:25.910400,0,1,2.0
1970-01-01 00:28:25.978800,0,1,2.0
1970-01-01 00:28:25.982400,0,1,2.0
1970-01-01 00:28:25.986000,0,1,2.0
1970-01-01 00:28:25.989600,0,1,2.0
1970-01-01 00:28:25.993200,0,1,2.0
1970-01-01 00:28:25.996800,0,1,2.0
1970-01-01 00:28:26.068800,1,0,2.0
1970-01-01 00:28:26.090400,0,1,2.0
1970-01-01 00:28:26.104800,1,0,2.0
1970-01-01 00:28:26.173200,0,1,2.0
1970-01-01 00:28:26.176800,0,1,2.0
1970-01-01 00:28:26.180400,0,1,2.0
1970-01-01 00:28:26.194800,1,0,2.0
1970-01-01 00:28:26.198400,1,0,2.0
1970-01-01 00:28:26.245200,1,0,2.0
1970-01-01 00:28:26.248800,1,0,2.0
1970-01-01 00:28:26.252400,1,0,2.0
1970-01-01 00:28:26.256000,1,0,2.0
1970-01-01 00:28:26.259600,1,0,2.0
1970-01-01 00:28:26.263200,1,0,2.0
1970-01-01 00:28:26.270400,1,0,2.0
1970-01-01 00:28:26.274000,1,0,2.0
1970-01-01 00:28:26.317200,0,1,2.0
1970-01-01 00:28:26.320800,0,1,2.0
1970-01-01 00:28:26.324400,0,1,2.0
1970-01-01 00:28:26.328000,0,1,2.0
1970-01-01 00:28:26.342400,1,0,2.0
1970-01-01 00:28:26.349600,1,0,2.0
1970-01-01 00:28:26.353200,1,0,2.0
1970-01-01 00:28:26.356800,1,0,2.0
1970-01-01 00:28:26.360400,1,0,2.0
1970-01-01 00:28:26.364000,1,0,2.0
1970-01-01 00:28:26.367600,1,0,2.0
1970-01-01 00:28:26.371200,1,0,2.0
1970-01-01 00:28:26.374800,1,0,2.0
1970-01-01 00:28:26.432400,0,1,2.0
1970-01-01 00:28:26.436000,0,1,2.0
1970-01-01 00:28:26.450400,1,0,2.0
1970-01-01 00:28:26.518800,0,1,2.0
1970-01-01 00:28:26.522400,0,1,2.0
1970-01-01 00:28:26.529600,1,0,2.0
1970-01-01 00:28:26.533200,1,0,2.0
1970-01-01 00:28:26.536800,1,0,2.0
1970-01-01 00:28:26.540400,1,0,2.0
1970-01-01 00:28:26.612400,0,1,2.0
1970-01-01 00:28:26.616000,1,0,2.0
1970-01-01 00:28:26.619600,1,0,2.0
1970-01-01 00:28:26.634000,0,1,2.0
1970-01-01 00:28:26.637600,0,1,2.0
1970-01-01 00:28:26.641200,0,1,2.0
1970-01-01 00:28:26.644800,0,1,2.0
1970-01-01 00:28:26.648400,0,1,2.0
1970-01-01 00:28:26.666400,1,0,2.0
1970-01-01 00:28:26.670000,1,0,2.0
1970-01-01 00:28:26.673600,1,0,2.0
1970-01-01 00:28:26.677200,1,0,2.0
1970-01-01 00:28:26.680800,1,0,2.0
1970-01-01 00:28:26.684400,1,0,2.0
1970-01-01 00:28:26.688000,0,1,2.0
1970-01-01 00:28:26.691600,0,1,2.0
1970-01-01 00:28:26.713200,0,1,2.0
1970-01-01 00:28:26.716800,0,1,2.0
1970-01-01 00:28:26.720400,0,1,2.0
1970-01-01 00:28:26.724000,0,1,2.0
1970-01-01 00:28:26.727600,0,1,2.0
1970-01-01 00:28:26.785200,1,0,2.0
1970-01-01 00:28:26.788800,1,0,2.0
1970-01-01 00:28:26.792400,1,0,2.0
1970-01-01 00:28:26.796000,1,0,2.0
1970-01-01 00:28:26.799600,1,0,2.0
1970-01-01 00:28:26.803200,1,0,2.0
1970-01-01 00:28:26.806800,1,0,2.0
1970-01-01 00:28:26.810400,1,0,2.0
1970-01-01 00:28:26.875200,1,0,2.0
1970-01-01 00:28:26.878800,1,0,2.0
1970-01-01 00:28:26.882400,1,0,2.0
1970-01-01 00:28:26.886000,0,1,2.0
1970-01-01 00:28:26.947200,1,0,2.0
1970-01-01 00:28:26.950800,1,0,2.0
1970-01-01 00:28:26.958000,1,0,2.0
1970-01-01 00:28:26.976000,1,0,2.0
1970-01-01 00:28:26.979600,1,0,2.0
1970-01-01 00:28:26.983200,1,0,2.0
1970-01-01 00:28:26.986800,1,0,2.0
1970-01-01 00:28:26.994000,0,1,2.0
1970-01-01 00:28:26.997600,0,1,2.0
1970-01-01 00:28:27.001200,0,1,2.0
1970-01-01 00:28:27.004800,0,1,2.0
1970-01-01 00:28:27.008400,0,1,2.0
1970-01-01 00:28:27.044400,0,1,2.0
1970-01-01 00:28:27.048000,0,1,2.0
1970-01-01 00:28:27.051600,0,1,2.0
1970-01-01 00:28:27.055200,0,1,2.0
1970-01-01 00:28:27.058800,0,1,2.0
1970-01-01 00:28:27.062400,0,1,2.0
1970-01-01 00:28:27.066000,0,1,2.0
1970-01-01 00:28:27.098400,1,0,2.0
1970-01-01 00:28:27.102000,1,0,2.0
1970-01-01 00:28:27.105600,1,0,2.0
1970-01-01 00:28:27.109200,1,0,2.0
1970-01-01 00:28:27.112800,1,0,2.0
1970-01-01 00:28:27.138000,0,1,2.0
1970-01-01 00:28:27.166800,1,0,2.0
1970-01-01 00:28:27.224400,1,0,2.0
1970-01-01 00:28:27.228000,1,0,2.0
1970-01-01 00:28:27.231600,1,0,2.0
1970-01-01 00:28:27.235200,1,0,2.0
1970-01-01 00:28:27.238800,1,0,2.0
1970-01-01 00:28:27.253200,0,1,2.0
1970-01-01 00:28:27.300000,1,0,2.0
1970-01-01 00:28:27.303600,1,0,2.0
1970-01-01 00:28:27.307200,1,0,2.0
1970-01-01 00:28:27.310800,1,0,2.0
1970-01-01 00:28:27.314400,1,0,2.0
1970-01-01 00:28:27.318000,1,0,2.0
1970-01-01 00:28:27.328800,1,0,2.0
1970-01-01 00:28:27.332400,1,0,2.0
1970-01-01 00:28:27.390000,1,0,2.0
1970-01-01 00:28:27.393600,1,0,2.0
1970-01-01 00:28:27.397200,1,0,2.0
1970-01-01 00:28:27.404400,0,1,2.0
1970-01-01 00:28:27.411600,1,0,2.0
1970-01-01 00:28:27.415200,1,0,2.0
1970-01-01 00:28:27.418800,1,0,2.0
1970-01-01 00:28:27.422400,1,0,2.0
1970-01-01 00:28:27.426000,1,0,2.0
1970-01-01 00:28:27.429600,1,0,2.0
1970-01-01 00:28:27.433200,1,0,2.0
1970-01-01 00:28:27.436800,1,0,2.0
1970-01-01 00:28:27.444000,0,1,2.0
1970-01-01 00:28:27.548400,0,1,2.0
1970-01-01 00:28:27.598800,1,0,2.0
1970-01-01 00:28:27.602400,1,0,2.0
1970-01-01 00:28:27.606000,1,0,2.0
1970-01-01 00:28:27.609600,1,0,2.0
1970-01-01 00:28:27.613200,1,0,2.0
1970-01-01 00:28:27.616800,1,0,2.0
1970-01-01 00:28:27.670800,0,1,2.0
1970-01-01 00:28:27.674400,0,1,2.0
1970-01-01 00:28:27.678000,0,1,2.0
1970-01-01 00:28:27.696000,0,1,2.0
1970-01-01 00:28:27.699600,0,1,2.0
1970-01-01 00:28:27.728400,1,0,2.0
1970-01-01 00:28:27.732000,1,0,2.0
1970-01-01 00:28:27.735600,1,0,2.0
1970-01-01 00:28:27.739200,1,0,2.0
1970-01-01 00:28:27.742800,1,0,2.0
1970-01-01 00:28:27.746400,1,0,2.0
1970-01-01 00:28:27.750000,1,0,2.0
1970-01-01 00:28:27.753600,1,0,2.0
1970-01-01 00:28:27.764400,1,0,2.0
1970-01-01 00:28:27.771600,0,1,2.0
1970-01-01 00:28:27.775200,0,1,2.0
1970-01-01 00:28:27.782400,0,1,2.0
1970-01-01 00:28:27.800400,1,0,2.0
1970-01-01 00:28:27.804000,1,0,2.0
1970-01-01 00:28:27.807600,0,1,2.0
1970-01-01 00:28:27.811200,0,1,2.0
1970-01-01 00:28:27.814800,0,1,2.0
1970-01-01 00:28:27.818400,0,1,2.0
1970-01-01 00:28:27.822000,0,1,2.0
1970-01-01 00:28:27.825600,0,1,2.0
1970-01-01 00:28:27.829200,0,1,2.0
1970-01-01 00:28:27.832800,0,1,2.0
1970-01-01 00:28:27.876000,1,0,2.0
1970-01-01 00:28:27.879600,1,0,2.0
1970-01-01 00:28:27.883200,1,0,2.0
1970-01-01 00:28:27.886800,1,0,2.0
1970-01-01 00:28:27.890400,1,0,2.0
1970-01-01 00:28:27.894000,1,0,2.0
1970-01-01 00:28:27.901200,0,1,2.0
1970-01-01 00:28:27.904800,0,1,2.0
1970-01-01 00:28:27.908400,0,1,2.0
1970-01-01 00:28:27.912000,0,1,2.0
1970-01-01 00:28:27.915600,0,1,2.0
1970-01-01 00:28:27.933600,1,0,2.0
1970-01-01 00:28:27.994800,0,0,2.0
1970-01-01 00:28:27.998400,0,0,2.0
1970-01-01 00:28:28.002000,0,1,2.0
1970-01-01 00:28:28.005600,0,1,2.0
1970-01-01 00:28:28.030800,1,0,2.0
1970-01-01 00:28:28.063200,1,0,2.0
1970-01-01 00:28:28.066800,1,0,2.0
1970-01-01 00:28:28.070400,1,0,2.0
1970-01-01 00:28:28.077600,0,1,2.0
1970-01-01 00:28:28.081200,0,1,2.0
1970-01-01 00:28:28.084800,0,1,2.0
1970-01-01 00:28:28.088400,0,1,2.0
1970-01-01 00:28:28.153200,0,1,2.0
1970-01-01 00:28:28.156800,0,1,2.0
1970-01-01 00:28:28.160400,0,1,2.0
1970-01-01 00:28:28.164000,0,1,2.0
1970-01-01 00:28:28.167600,0,1,2.0
1970-01-01 00:28:28.171200,0,1,2.0
1970-01-01 00:28:28.174800,0,0,2.0
1970-01-01 00:28:28.178400,1,0,2.0
1970-01-01 00:28:28.182000,1,0,2.0
1970-01-01 00:28:28.272000,1,0,2.0
1970-01-01 00:28:28.286400,1,0,2.0
1970-01-01 00:28:28.290000,1,0,2.0
1970-01-01 00:28:28.308000,0,1,2.0
1970-01-01 00:28:28.376400,0,1,2.0
1970-01-01 00:28:28.380000,0,1,2.0
1970-01-01 00:28:28.383600,0,1,2.0
1970-01-01 00:28:28.408800,0,1,2.0
1970-01-01 00:28:28.423200,0,1,2.0
1970-01-01 00:28:28.426800,0,1,2.0
1970-01-01 00:28:28.430400,0,1,2.0
1970-01-01 00:28:28.434000,0,1,2.0
1970-01-01 00:28:28.437600,0,1,2.0
1970-01-01 00:28:28.491600,0,1,2.0
1970-01-01 00:28:28.495200,0,1,2.0
1970-01-01 00:28:28.498800,0,1,2.0
1970-01-01 00:28:28.502400,0,1,2.0
1970-01-01 00:28:28.563600,1,0,2.0
1970-01-01 00:28:28.574400,1,0,2.0
1970-01-01 00:28:28.578000,1,0,2.0
1970-01-01 00:28:28.581600,1,0,2.0
1970-01-01 00:28:28.632000,0,1,2.0
1970-01-01 00:28:28.635600,0,1,2.0
1970-01-01 00:28:28.700400,1,0,2.0
1970-01-01 00:28:28.725600,1,0,2.0
1970-01-01 00:28:28.736400,1,0,2.0
1970-01-01 00:28:28.754400,1,0,2.0
1970-01-01 00:28:28.761600,1,0,2.0
1970-01-01 00:28:28.765200,1,0,2.0
1970-01-01 00:28:28.768800,1,0,2.0
1970-01-01 00:28:28.812000,0,1,2.0
1970-01-01 00:28:28.916400,0,1,2.0
1970-01-01 00:28:28.920000,0,1,2.0
1970-01-01 00:28:28.923600,0,1,2.0
1970-01-01 00:28:28.927200,0,1,2.0
1970-01-01 00:28:28.930800,0,1,2.0
1970-01-01 00:28:28.938000,1,0,2.0
1970-01-01 00:28:28.941600,1,0,2.0
1970-01-01 00:28:28.945200,1,0,2.0
1970-01-01 00:28:28.948800,1,0,2.0
1970-01-01 00:28:28.952400,1,0,2.0
1970-01-01 00:28:28.956000,1,0,2.0
1970-01-01 00:28:28.959600,1,0,2.0
1970-01-01 00:28:28.963200,1,0,2.0
1970-01-01 00:28:28.966800,1,0,2.0
1970-01-01 00:28:28.970400,1,0,2.0
1970-01-01 00:28:28.974000,1,0,2.0
1970-01-01 00:28:28.977600,1,0,2.0
1970-01-01 00:28:28.981200,1,0,2.0
1970-01-01 00:28:28.984800,1,0,2.0
1970-01-01 00:28:28.988400,1,0,2.0
1970-01-01 00:28:28.992000,1,0,2.0
1970-01-01 00:28:28.995600,1,0,2.0
1970-01-01 00:28:29.024400,0,1,2.0
1970-01-01 00:28:29.028000,0,1,2.0
1970-01-01 00:28:29.031600,0,1,2.0
1970-01-01 00:28:29.035200,0,1,2.0
1970-01-01 00:28:29.038800,0,1,2.0
1970-01-01 00:28:29.089200,1,0,2.0
1970-01-01 00:28:29.092800,1,0,2.0
1970-01-01 00:28:29.096400,1,0,2.0
1970-01-01 00:28:29.100000,1,0,2.0
1970-01-01 00:28:29.103600,1,0,2.0
1970-01-01 00:28:29.118000,1,0,2.0
1970-01-01 00:28:29.136000,0,1,2.0
1970-01-01 00:28:29.146800,1,0,2.0
1970-01-01 00:28:29.154000,1,0,2.0
1970-01-01 00:28:29.157600,1,0,2.0
1970-01-01 00:28:29.161200,1,0,2.0
1970-01-01 00:28:29.164800,1,0,2.0
1970-01-01 00:28:29.168400,1,0,2.0
1970-01-01 00:28:29.172000,1,0,2.0
1970-01-01 00:28:29.175600,1,0,2.0
1970-01-01 00:28:29.222400,0,1,2.0
1970-01-01 00:28:29.226000,0,1,2.0
1970-01-01 00:28:29.229600,0,1,2.0
1970-01-01 00:28:29.233200,0,1,2.0
1970-01-01 00:28:29.236800,0,1,2.0
1970-01-01 00:28:29.240400,1,0,2.0
1970-01-01 00:28:29.244000,1,0,2.0
1970-01-01 00:28:29.247600,1,0,2.0
1970-01-01 00:28:29.251200,1,0,2.0
1970-01-01 00:28:29.316000,1,0,2.0
1970-01-01 00:28:29.319600,1,0,2.0
1970-01-01 00:28:29.323200,1,0,2.0
1970-01-01 00:28:29.326800,1,0,2.0
1970-01-01 00:28:29.330400,1,0,2.0
1970-01-01 00:28:29.334000,1,0,2.0
1970-01-01 00:28:29.337600,1,0,2.0
1970-01-01 00:28:29.341200,1,0,2.0
1970-01-01 00:28:29.344800,1,0,2.0
1970-01-01 00:28:29.373600,1,0,2.0
1970-01-01 00:28:29.398800,1,0,2.0
1970-01-01 00:28:29.402400,1,0,2.0
1970-01-01 00:28:29.406000,1,0,2.0
1970-01-01 00:28:29.409600,1,0,2.0
1970-01-01 00:28:29.416800,1,0,2.0
1970-01-01 00:28:29.420400,0,1,2.0
1970-01-01 00:28:29.427600,0,1,2.0
1970-01-01 00:28:29.431200,0,1,2.0
1970-01-01 00:28:29.434800,0,1,2.0
1970-01-01 00:28:29.438400,0,1,2.0
1970-01-01 00:28:29.442000,0,1,2.0
1970-01-01 00:28:29.445600,0,1,2.0
1970-01-01 00:28:29.514000,1,0,2.0
1970-01-01 00:28:29.517600,1,0,2.0
1970-01-01 00:28:29.521200,1,0,2.0
1970-01-01 00:28:29.524800,1,0,2.0
1970-01-01 00:28:29.528400,1,0,2.0
1970-01-01 00:28:29.535600,1,0,2.0
1970-01-01 00:28:29.539200,0,1,2.0
1970-01-01 00:28:29.542800,0,1,2.0
1970-01-01 00:28:29.632800,0,1,2.0
1970-01-01 00:28:29.640000,0,1,2.0
1970-01-01 00:28:29.643600,0,1,2.0
1970-01-01 00:28:29.647200,0,1,2.0
1970-01-01 00:28:29.650800,0,1,2.0
1970-01-01 00:28:29.654400,0,1,2.0
1970-01-01 00:28:29.658000,0,1,2.0
1970-01-01 00:28:29.661600,0,1,2.0
1970-01-01 00:28:29.686800,1,0,2.0
1970-01-01 00:28:29.690400,1,0,2.0
1970-01-01 00:28:29.751600,1,0,2.0
1970-01-01 00:28:29.766000,0,1,2.0
1970-01-01 00:28:29.769600,0,1,2.0
1970-01-01 00:28:29.773200,0,1,2.0
1970-01-01 00:28:29.776800,0,1,2.0
1970-01-01 00:28:29.787600,1,0,2.0
1970-01-01 00:28:29.791200,1,0,2.0
1970-01-01 00:28:29.812800,1,0,2.0
1970-01-01 00:28:29.816400,1,0,2.0
1970-01-01 00:28:29.820000,1,0,2.0
1970-01-01 00:28:29.823600,1,0,2.0
1970-01-01 00:28:29.827200,1,0,2.0
1970-01-01 00:28:29.830800,1,0,2.0
1970-01-01 00:28:29.906400,0,1,2.0
1970-01-01 00:28:29.978400,1,0,2.0
1970-01-01 00:28:29.982000,1,0,2.0
1970-01-01 00:28:29.985600,1,0,2.0
1970-01-01 00:28:29.989200,1,0,2.0
1970-01-01 00:28:29.992800,1,0,2.0
1970-01-01 00:28:30.003600,1,0,2.0
1970-01-01 00:28:30.007200,1,0,2.0
1970-01-01 00:28:30.010800,1,0,2.0
1970-01-01 00:28:30.014400,1,0,2.0
1970-01-01 00:28:30.025200,0,1,2.0
1970-01-01 00:28:30.054000,0,1,2.0
1970-01-01 00:28:30.057600,0,1,2.0
1970-01-01 00:28:30.086400,0,1,2.0
1970-01-01 00:28:30.090000,0,1,2.0
1970-01-01 00:28:30.093600,0,1,2.0
1970-01-01 00:28:30.097200,0,1,2.0
1970-01-01 00:28:30.100800,0,1,2.0
1970-01-01 00:28:30.104400,0,1,2.0
1970-01-01 00:28:30.111600,0,1,2.0
1970-01-01 00:28:30.118800,1,0,2.0
1970-01-01 00:28:30.122400,1,0,2.0
1970-01-01 00:28:30.126000,1,0,2.0
1970-01-01 00:28:30.129600,1,0,2.0
1970-01-01 00:28:30.133200,1,0,2.0
1970-01-01 00:28:30.136800,1,0,2.0
1970-01-01 00:28:30.140400,1,0,2.0
1970-01-01 00:28:30.144000,1,0,2.0
1970-01-01 00:28:30.147600,1,0,2.0
1970-01-01 00:28:30.151200,1,0,2.0
1970-01-01 00:28:30.154800,1,0,2.0
1970-01-01 00:28:30.158400,1,0,2.0
1970-01-01 00:28:30.162000,1,0,2.0
1970-01-01 00:28:30.165600,1,0,2.0
1970-01-01 00:28:30.169200,1,0,2.0
1970-01-01 00:28:30.187200,0,1,2.0
1970-01-01 00:28:30.190800,0,1,2.0
1970-01-01 00:28:30.194400,0,1,2.0
1970-01-01 00:28:30.198000,0,1,2.0
1970-01-01 00:28:30.205200,0,1,2.0
1970-01-01 00:28:30.313200,0,1,2.0
1970-01-01 00:28:30.316800,0,1,2.0
1970-01-01 00:28:30.320400,0,1,2.0
1970-01-01 00:28:30.324000,0,1,2.0
1970-01-01 00:28:30.327600,0,1,2.0
1970-01-01 00:28:30.331200,0,1,2.0
1970-01-01 00:28:30.370800,0,1,2.0
1970-01-01 00:28:30.385200,1,0,2.0
1970-01-01 00:28:30.388800,1,0,2.0
1970-01-01 00:28:30.392400,1,0,2.0
1970-01-01 00:28:30.396000,1,0,2.0
1970-01-01 00:28:30.406800,0,1,2.0
1970-01-01 00:28:30.410400,0,1,2.0
1970-01-01 00:28:30.414000,0,1,2.0
1970-01-01 00:28:30.417600,0,1,2.0
1970-01-01 00:28:30.424800,0,1,2.0
1970-01-01 00:28:30.432000,0,1,2.0
1970-01-01 00:28:30.435600,0,1,2.0
1970-01-01 00:28:30.450000,0,1,2.0
1970-01-01 00:28:30.453600,0,1,2.0
1970-01-01 00:28:30.457200,0,1,2.0
1970-01-01 00:28:30.460800,0,1,2.0
1970-01-01 00:28:30.464400,0,1,2.0
1970-01-01 00:28:30.468000,0,1,2.0
1970-01-01 00:28:30.471600,0,1,2.0
1970-01-01 00:28:30.525600,0,1,2.0
1970-01-01 00:28:30.572400,0,1,2.0
1970-01-01 00:28:30.576000,0,1,2.0
1970-01-01 00:28:30.579600,0,1,2.0
1970-01-01 00:28:30.583200,0,1,2.0
1970-01-01 00:28:30.586800,0,1,2.0
1970-01-01 00:28:30.590400,0,1,2.0
1970-01-01 00:28:30.597600,0,1,2.0
1970-01-01 00:28:30.601200,0,1,2.0
1970-01-01 00:28:30.604800,0,1,2.0
1970-01-01 00:28:30.608400,0,1,2.0
1970-01-01 00:28:30.640800,0,1,2.0
1970-01-01 00:28:30.644400,0,1,2.0
1970-01-01 00:28:30.648000,0,1,2.0
1970-01-01 00:28:30.655200,1,0,2.0
1970-01-01 00:28:30.702000,0,1,2.0
1970-01-01 00:28:30.705600,0,1,2.0
1970-01-01 00:28:30.709200,0,1,2.0
1970-01-01 00:28:30.712800,0,1,2.0
1970-01-01 00:28:30.716400,0,1,2.0
1970-01-01 00:28:30.720000,1,0,2.0
1970-01-01 00:28:30.734400,0,1,2.0
1970-01-01 00:28:30.738000,0,1,2.0
1970-01-01 00:28:30.741600,0,1,2.0
1970-01-01 00:28:30.745200,0,1,2.0
1970-01-01 00:28:30.748800,0,1,2.0
1970-01-01 00:28:30.756000,0,1,2.0
1970-01-01 00:28:30.759600,0,1,2.0
1970-01-01 00:28:30.763200,0,1,2.0
1970-01-01 00:28:30.777600,1,0,2.0
1970-01-01 00:28:30.781200,1,0,2.0
1970-01-01 00:28:30.784800,1,0,2.0
1970-01-01 00:28:30.788400,1,0,2.0
1970-01-01 00:28:30.792000,1,0,2.0
1970-01-01 00:28:30.795600,1,0,2.0
1970-01-01 00:28:30.799200,0,1,2.0
1970-01-01 00:28:30.802800,0,1,2.0
1970-01-01 00:28:30.806400,0,1,2.0
1970-01-01 00:28:30.813600,0,1,2.0
1970-01-01 00:28:30.817200,0,1,2.0
1970-01-01 00:28:30.867600,0,1,2.0
1970-01-01 00:28:30.874800,0,1,2.0
1970-01-01 00:28:30.910800,1,0,2.0
1970-01-01 00:28:30.939600,1,0,2.0
1970-01-01 00:28:30.943200,1,0,2.0
1970-01-01 00:28:30.946800,1,0,2.0
1970-01-01 00:28:30.950400,1,0,2.0
1970-01-01 00:28:30.954000,1,0,2.0
1970-01-01 00:28:31.044000,1,0,2.0
1970-01-01 00:28:31.047600,0,1,2.0
1970-01-01 00:28:31.054800,0,1,2.0
1970-01-01 00:28:31.080000,0,1,2.0
1970-01-01 00:28:31.083600,0,1,2.0
1970-01-01 00:28:31.087200,0,1,2.0
1970-01-01 00:28:31.090800,0,1,2.0
1970-01-01 00:28:31.094400,0,1,2.0
1970-01-01 00:28:31.098000,0,1,2.0
1970-01-01 00:28:31.101600,0,1,2.0
1970-01-01 00:28:31.137600,1,0,2.0
1970-01-01 00:28:31.141200,1,0,2.0
1970-01-01 00:28:31.144800,1,0,2.0
1970-01-01 00:28:31.162800,1,0,2.0
1970-01-01 00:28:31.166400,1,0,2.0
1970-01-01 00:28:31.170000,1,0,2.0
1970-01-01 00:28:31.173600,1,0,2.0
1970-01-01 00:28:31.177200,1,0,2.0
1970-01-01 00:28:31.180800,1,0,2.0
1970-01-01 00:28:31.216800,0,1,2.0
1970-01-01 00:28:31.220400,0,1,2.0
1970-01-01 00:28:31.224000,0,1,2.0
1970-01-01 00:28:31.227600,0,1,2.0
1970-01-01 00:28:31.234800,1,0,2.0
1970-01-01 00:28:31.263600,1,0,2.0
1970-01-01 00:28:31.267200,1,0,2.0
1970-01-01 00:28:31.270800,1,0,2.0
1970-01-01 00:28:31.274400,1,0,2.0
1970-01-01 00:28:31.278000,1,0,2.0
1970-01-01 00:28:31.281600,1,0,2.0
1970-01-01 00:28:31.353600,1,0,2.0
1970-01-01 00:28:31.357200,1,0,2.0
1970-01-01 00:28:31.360800,1,0,2.0
1970-01-01 00:28:31.364400,1,0,2.0
1970-01-01 00:28:31.368000,1,0,2.0
1970-01-01 00:28:31.440000,0,1,2.0
1970-01-01 00:28:31.443600,0,1,2.0
1970-01-01 00:28:31.447200,0,1,2.0
1970-01-01 00:28:31.450800,0,1,2.0
1970-01-01 00:28:31.465200,1,0,2.0
1970-01-01 00:28:31.468800,1,0,2.0
1970-01-01 00:28:31.472400,1,0,2.0
1970-01-01 00:28:31.476000,1,0,2.0
1970-01-01 00:28:31.530000,1,0,2.0
1970-01-01 00:28:31.533600,0,1,2.0
1970-01-01 00:28:31.537200,0,1,2.0
1970-01-01 00:28:31.540800,0,1,2.0
1970-01-01 00:28:31.677600,1,0,2.0
1970-01-01 00:28:31.684800,1,0,2.0
1970-01-01 00:28:31.688400,1,0,2.0
1970-01-01 00:28:31.695600,1,0,2.0
1970-01-01 00:28:31.699200,1,0,2.0
1970-01-01 00:28:31.702800,1,0,2.0
1970-01-01 00:28:31.706400,1,0,2.0
1970-01-01 00:28:31.710000,1,0,2.0
1970-01-01 00:28:31.746000,1,0,2.0
1970-01-01 00:28:31.753200,0,1,2.0
1970-01-01 00:28:31.821600,1,0,2.0
1970-01-01 00:28:31.825200,1,0,2.0
1970-01-01 00:28:31.828800,1,0,2.0
1970-01-01 00:28:31.832400,1,0,2.0
1970-01-01 00:28:31.836000,1,0,2.0
1970-01-01 00:28:31.886400,1,0,2.0
1970-01-01 00:28:31.890000,1,0,2.0
1970-01-01 00:28:31.893600,1,0,2.0
1970-01-01 00:28:31.897200,1,0,2.0
1970-01-01 00:28:31.900800,1,0,2.0
1970-01-01 00:28:31.904400,1,0,2.0
1970-01-01 00:28:31.908000,1,0,2.0
1970-01-01 00:28:31.911600,1,0,2.0
1970-01-01 00:28:31.915200,1,0,2.0
1970-01-01 00:28:31.918800,1,0,2.0
1970-01-01 00:28:31.922400,1,0,2.0
1970-01-01 00:28:31.926000,1,0,2.0
1970-01-01 00:28:31.933200,0,1,2.0
1970-01-01 00:28:31.936800,0,1,2.0
1970-01-01 00:28:31.940400,0,1,2.0
1970-01-01 00:28:31.944000,0,1,2.0
1970-01-01 00:28:31.954800,0,1,2.0
1970-01-01 00:28:31.958400,0,1,2.0
1970-01-01 00:28:31.962000,0,1,2.0
1970-01-01 00:28:31.965600,0,1,2.0
1970-01-01 00:28:31.969200,0,1,2.0
1970-01-01 00:28:31.972800,0,1,2.0
1970-01-01 00:28:31.976400,0,1,2.0
1970-01-01 00:28:32.001600,0,1,2.0
1970-01-01 00:28:32.005200,0,1,2.0
1970-01-01 00:28:32.008800,0,1,2.0
1970-01-01 00:28:32.012400,0,1,2.0
1970-01-01 00:28:32.019600,0,1,2.0
1970-01-01 00:28:32.023200,1,0,2.0
1970-01-01 00:28:32.026800,1,0,2.0
1970-01-01 00:28:32.030400,1,0,2.0
1970-01-01 00:28:32.034000,1,0,2.0
1970-01-01 00:28:32.037600,1,0,2.0
1970-01-01 00:28:32.041200,1,0,2.0
1970-01-01 00:28:32.044800,1,0,2.0
1970-01-01 00:28:32.048400,1,0,2.0
1970-01-01 00:28:32.052000,1,0,2.0
1970-01-01 00:28:32.055600,1,0,2.0
1970-01-01 00:28:32.059200,1,0,2.0
1970-01-01 00:28:32.062800,1,0,2.0
1970-01-01 00:28:32.095200,0,1,2.0
1970-01-01 00:28:32.152800,0,1,2.0
1970-01-01 00:28:32.174400,1,0,2.0
1970-01-01 00:28:32.178000,1,0,2.0
1970-01-01 00:28:32.181600,1,0,2.0
1970-01-01 00:28:32.185200,1,0,2.0
1970-01-01 00:28:32.199600,1,0,2.0
1970-01-01 00:28:32.203200,1,0,2.0
1970-01-01 00:28:32.210400,1,0,2.0
1970-01-01 00:28:32.217600,0,1,2.0
1970-01-01 00:28:32.221200,0,1,2.0
1970-01-01 00:28:32.246400,0,1,2.0
1970-01-01 00:28:32.250000,0,1,2.0
1970-01-01 00:28:32.253600,0,1,2.0
1970-01-01 00:28:32.304000,0,1,2.0
1970-01-01 00:28:32.307600,0,1,2.0
1970-01-01 00:28:32.372400,1,0,2.0
1970-01-01 00:28:32.376000,1,0,2.0
1970-01-01 00:28:32.379600,1,0,2.0
1970-01-01 00:28:32.383200,1,0,2.0
1970-01-01 00:28:32.386800,1,0,2.0
1970-01-01 00:28:32.394000,1,0,2.0
1970-01-01 00:28:32.404800,0,1,2.0
1970-01-01 00:28:32.430000,1,0,2.0
1970-01-01 00:28:32.433600,1,0,2.0
1970-01-01 00:28:32.437200,1,0,2.0
1970-01-01 00:28:32.440800,1,0,2.0
1970-01-01 00:28:32.444400,1,0,2.0
1970-01-01 00:28:32.448000,1,0,2.0
1970-01-01 00:28:32.455200,0,1,2.0
1970-01-01 00:28:32.494800,0,1,2.0
1970-01-01 00:28:32.498400,0,1,2.0
1970-01-01 00:28:32.502000,0,1,2.0
1970-01-01 00:28:32.505600,0,1,2.0
1970-01-01 00:28:32.541600,1,0,2.0
1970-01-01 00:28:32.545200,1,0,2.0
1970-01-01 00:28:32.548800,1,0,2.0
1970-01-01 00:28:32.552400,1,0,2.0
1970-01-01 00:28:32.556000,1,0,2.0
1970-01-01 00:28:32.559600,1,0,2.0
1970-01-01 00:28:32.566800,0,1,2.0
1970-01-01 00:28:32.570400,0,1,2.0
1970-01-01 00:28:32.610000,0,1,2.0
1970-01-01 00:28:32.613600,0,1,2.0
1970-01-01 00:28:32.624400,0,1,2.0
1970-01-01 00:28:32.628000,0,1,2.0
1970-01-01 00:28:32.631600,0,1,2.0
1970-01-01 00:28:32.635200,0,1,2.0
1970-01-01 00:28:32.638800,0,1,2.0
1970-01-01 00:28:32.649600,0,1,2.0
1970-01-01 00:28:32.653200,0,1,2.0
1970-01-01 00:28:32.656800,0,1,2.0
1970-01-01 00:28:32.660400,0,1,2.0
1970-01-01 00:28:32.664000,0,1,2.0
1970-01-01 00:28:32.692800,0,1,2.0
1970-01-01 00:28:32.700000,0,1,2.0
1970-01-01 00:28:32.728800,0,1,2.0
1970-01-01 00:28:32.732400,0,1,2.0
1970-01-01 00:28:32.736000,0,1,2.0
1970-01-01 00:28:32.815200,0,1,2.0
1970-01-01 00:28:32.818800,0,1,2.0
1970-01-01 00:28:32.822400,0,1,2.0
1970-01-01 00:28:32.826000,0,1,2.0
1970-01-01 00:28:32.833200,1,0,2.0
1970-01-01 00:28:32.840400,1,0,2.0
1970-01-01 00:28:32.844000,1,0,2.0
1970-01-01 00:28:32.847600,1,0,2.0
1970-01-01 00:28:32.851200,1,0,2.0
1970-01-01 00:28:32.854800,1,0,2.0
1970-01-01 00:28:32.901600,0,1,2.0
1970-01-01 00:28:32.905200,0,1,2.0
1970-01-01 00:28:32.908800,0,1,2.0
1970-01-01 00:28:32.912400,0,1,2.0
1970-01-01 00:28:32.916000,0,1,2.0
1970-01-01 00:28:32.919600,0,1,2.0
1970-01-01 00:28:32.923200,0,1,2.0
1970-01-01 00:28:32.926800,0,1,2.0
1970-01-01 00:28:32.930400,0,1,2.0
1970-01-01 00:28:32.934000,0,1,2.0
1970-01-01 00:28:32.937600,0,1,2.0
1970-01-01 00:28:32.941200,0,1,2.0
1970-01-01 00:28:33.006000,0,1,2.0
1970-01-01 00:28:33.009600,0,1,2.0
1970-01-01 00:28:33.013200,0,1,2.0
1970-01-01 00:28:33.016800,0,1,2.0
1970-01-01 00:28:33.020400,0,1,2.0
1970-01-01 00:28:33.024000,0,1,2.0
1970-01-01 00:28:33.027600,0,1,2.0
1970-01-01 00:28:33.031200,0,1,2.0
1970-01-01 00:28:33.034800,0,1,2.0
1970-01-01 00:28:33.038400,1,0,2.0
1970-01-01 00:28:33.124800,1,0,2.0
1970-01-01 00:28:33.128400,1,0,2.0
1970-01-01 00:28:33.139200,1,0,2.0
1970-01-01 00:28:33.142800,1,0,2.0
1970-01-01 00:28:33.146400,1,0,2.0
1970-01-01 00:28:33.150000,1,0,2.0
1970-01-01 00:28:33.153600,1,0,2.0
1970-01-01 00:28:33.168000,0,1,2.0
1970-01-01 00:28:33.171600,0,1,2.0
1970-01-01 00:28:33.175200,0,1,2.0
1970-01-01 00:28:33.178800,0,1,2.0
1970-01-01 00:28:33.182400,0,1,2.0
1970-01-01 00:28:33.186000,0,1,2.0
1970-01-01 00:28:33.193200,0,1,2.0
1970-01-01 00:28:33.240000,1,0,2.0
1970-01-01 00:28:33.279600,1,0,2.0
1970-01-01 00:28:33.326400,0,1,2.0
1970-01-01 00:28:33.330000,0,1,2.0
1970-01-01 00:28:33.333600,0,1,2.0
1970-01-01 00:28:33.344400,0,1,2.0
1970-01-01 00:28:33.351600,1,0,2.0
1970-01-01 00:28:33.355200,1,0,2.0
1970-01-01 00:28:33.358800,1,0,2.0
1970-01-01 00:28:33.362400,1,0,2.0
1970-01-01 00:28:33.366000,1,0,2.0
1970-01-01 00:28:33.369600,1,0,2.0
1970-01-01 00:28:33.412800,1,0,2.0
1970-01-01 00:28:33.416400,1,0,2.0
1970-01-01 00:28:33.420000,1,0,2.0
1970-01-01 00:28:33.423600,1,0,2.0
1970-01-01 00:28:33.466800,0,1,2.0
1970-01-01 00:28:33.470400,0,1,2.0
1970-01-01 00:28:33.474000,0,1,2.0
1970-01-01 00:28:33.477600,0,1,2.0
1970-01-01 00:28:33.481200,0,1,2.0
1970-01-01 00:28:33.488400,1,0,2.0
1970-01-01 00:28:33.492000,1,0,2.0
1970-01-01 00:28:33.495600,1,0,2.0
1970-01-01 00:28:33.502800,1,0,2.0
1970-01-01 00:28:33.567600,1,0,2.0
1970-01-01 00:28:33.571200,1,0,2.0
1970-01-01 00:28:33.578400,1,0,2.0
1970-01-01 00:28:33.607200,1,0,2.0
1970-01-01 00:28:33.610800,1,0,2.0
1970-01-01 00:28:33.614400,1,0,2.0
1970-01-01 00:28:33.618000,1,0,2.0
1970-01-01 00:28:33.621600,1,0,2.0
1970-01-01 00:28:33.625200,1,0,2.0
1970-01-01 00:28:33.628800,1,0,2.0
1970-01-01 00:28:33.682800,0,1,2.0
1970-01-01 00:28:33.686400,0,1,2.0
1970-01-01 00:28:33.690000,0,1,2.0
1970-01-01 00:28:33.693600,0,1,2.0
1970-01-01 00:28:33.697200,0,1,2.0
1970-01-01 00:28:33.700800,0,1,2.0
1970-01-01 00:28:33.740400,1,0,2.0
1970-01-01 00:28:33.744000,1,0,2.0
1970-01-01 00:28:33.794400,1,0,2.0
1970-01-01 00:28:33.798000,1,0,2.0
1970-01-01 00:28:33.801600,1,0,2.0
1970-01-01 00:28:33.819600,0,1,2.0
1970-01-01 00:28:33.823200,0,1,2.0
1970-01-01 00:28:33.830400,0,1,2.0
1970-01-01 00:28:33.870000,1,0,2.0
1970-01-01 00:28:33.877200,1,0,2.0
1970-01-01 00:28:33.880800,1,0,2.0
1970-01-01 00:28:33.884400,1,0,2.0
1970-01-01 00:28:33.895200,1,0,2.0
1970-01-01 00:28:33.898800,0,1,2.0
1970-01-01 00:28:33.902400,1,0,2.0
1970-01-01 00:28:33.906000,1,0,2.0
1970-01-01 00:28:33.909600,1,0,2.0
1970-01-01 00:28:33.913200,1,0,2.0
1970-01-01 00:28:33.927600,1,0,2.0
1970-01-01 00:28:33.945600,0,1,2.0
1970-01-01 00:28:33.949200,0,1,2.0
1970-01-01 00:28:33.952800,0,1,2.0
1970-01-01 00:28:33.956400,0,1,2.0
1970-01-01 00:28:33.960000,0,1,2.0
1970-01-01 00:28:33.963600,0,1,2.0
1970-01-01 00:28:33.974400,1,0,2.0
1970-01-01 00:28:33.978000,0,1,2.0
1970-01-01 00:28:33.981600,0,1,2.0
1970-01-01 00:28:33.985200,0,1,2.0
1970-01-01 00:28:34.086000,1,0,2.0
1970-01-01 00:28:34.089600,1,0,2.0
1970-01-01 00:28:34.111200,1,0,2.0
1970-01-01 00:28:34.114800,1,0,2.0
1970-01-01 00:28:34.118400,1,0,2.0
1970-01-01 00:28:34.122000,1,0,2.0
1970-01-01 00:28:34.125600,1,0,2.0
1970-01-01 00:28:34.129200,1,0,2.0
1970-01-01 00:28:34.147200,1,0,2.0
1970-01-01 00:28:34.161600,0,1,2.0
1970-01-01 00:28:34.165200,0,1,2.0
1970-01-01 00:28:34.186800,0,1,2.0
1970-01-01 00:28:34.190400,0,1,2.0
1970-01-01 00:28:34.194000,0,1,2.0
1970-01-01 00:28:34.197600,0,1,2.0
1970-01-01 00:28:34.201200,0,1,2.0
1970-01-01 00:28:34.204800,0,1,2.0
1970-01-01 00:28:34.212000,0,1,2.0
1970-01-01 00:28:34.215600,0,1,2.0
1970-01-01 00:28:34.230000,0,1,2.0
1970-01-01 00:28:34.248000,1,0,2.0
1970-01-01 00:28:34.323600,0,1,2.0
1970-01-01 00:28:34.327200,0,1,2.0
1970-01-01 00:28:34.330800,0,1,2.0
1970-01-01 00:28:34.334400,0,1,2.0
1970-01-01 00:28:34.338000,0,1,2.0
1970-01-01 00:28:34.341600,0,1,2.0
1970-01-01 00:28:34.348800,0,1,2.0
1970-01-01 00:28:34.352400,0,1,2.0
1970-01-01 00:28:34.356000,0,1,2.0
1970-01-01 00:28:34.363200,0,1,2.0
1970-01-01 00:28:34.366800,0,1,2.0
1970-01-01 00:28:34.370400,1,0,2.0
1970-01-01 00:28:34.417200,1,0,2.0
1970-01-01 00:28:34.420800,1,0,2.0
1970-01-01 00:28:34.424400,1,0,2.0
1970-01-01 00:28:34.435200,0,1,2.0
1970-01-01 00:28:34.442400,0,1,2.0
1970-01-01 00:28:34.446000,0,1,2.0
1970-01-01 00:28:34.449600,0,1,2.0
1970-01-01 00:28:34.453200,0,1,2.0
1970-01-01 00:28:34.456800,0,1,2.0
1970-01-01 00:28:34.460400,0,1,2.0
1970-01-01 00:28:34.464000,0,1,2.0
1970-01-01 00:28:34.467600,0,1,2.0
1970-01-01 00:28:34.471200,0,1,2.0
1970-01-01 00:28:34.525200,0,1,2.0
1970-01-01 00:28:34.528800,0,1,2.0
1970-01-01 00:28:34.532400,0,1,2.0
1970-01-01 00:28:34.536000,0,1,2.0
1970-01-01 00:28:34.539600,0,1,2.0
1970-01-01 00:28:34.543200,0,1,2.0
1970-01-01 00:28:34.564800,1,0,2.0
1970-01-01 00:28:34.568400,1,0,2.0
1970-01-01 00:28:34.572000,1,0,2.0
1970-01-01 00:28:34.575600,1,0,2.0
1970-01-01 00:28:34.579200,1,0,2.0
1970-01-01 00:28:34.582800,1,0,2.0
1970-01-01 00:28:34.636800,1,0,2.0
1970-01-01 00:28:34.640400,1,0,2.0
1970-01-01 00:28:34.701600,0,1,2.0
1970-01-01 00:28:34.705200,0,1,2.0
1970-01-01 00:28:34.708800,0,1,2.0
1970-01-01 00:28:34.716000,1,0,2.0
1970-01-01 00:28:34.719600,1,0,2.0
1970-01-01 00:28:34.723200,1,0,2.0
1970-01-01 00:28:34.726800,1,0,2.0
1970-01-01 00:28:34.730400,1,0,2.0
1970-01-01 00:28:34.734000,1,0,2.0
1970-01-01 00:28:34.798800,1,0,2.0
1970-01-01 00:28:34.802400,1,0,2.0
1970-01-01 00:28:34.806000,1,0,2.0
1970-01-01 00:28:34.809600,1,0,2.0
1970-01-01 00:28:34.813200,1,0,2.0
1970-01-01 00:28:34.849200,0,1,2.0
1970-01-01 00:28:34.852800,0,1,2.0
1970-01-01 00:28:34.856400,0,1,2.0
1970-01-01 00:28:34.910400,1,0,2.0
1970-01-01 00:28:34.942800,0,1,2.0
1970-01-01 00:28:34.957200,1,0,2.0
1970-01-01 00:28:34.960800,1,0,2.0
1970-01-01 00:28:34.964400,1,0,2.0
1970-01-01 00:28:34.968000,1,0,2.0
1970-01-01 00:28:34.971600,1,0,2.0
1970-01-01 00:28:34.978800,0,1,2.0
1970-01-01 00:28:34.982400,0,1,2.0
1970-01-01 00:28:34.986000,0,1,2.0
1970-01-01 00:28:34.989600,0,1,2.0
1970-01-01 00:28:34.993200,0,1,2.0
1970-01-01 00:28:35.058000,1,0,2.0
1970-01-01 00:28:35.061600,1,0,2.0
1970-01-01 00:28:35.065200,1,0,2.0
1970-01-01 00:28:35.079600,1,0,2.0
1970-01-01 00:28:35.101200,0,1,2.0
1970-01-01 00:28:35.104800,0,1,2.0
1970-01-01 00:28:35.108400,0,1,2.0
1970-01-01 00:28:35.112000,0,1,2.0
1970-01-01 00:28:35.151600,1,0,2.0
1970-01-01 00:28:35.155200,1,0,2.0
1970-01-01 00:28:35.158800,1,0,2.0
1970-01-01 00:28:35.162400,1,0,2.0
1970-01-01 00:28:35.166000,1,0,2.0
1970-01-01 00:28:35.169600,1,0,2.0
1970-01-01 00:28:35.198400,1,0,2.0
1970-01-01 00:28:35.245200,0,1,2.0
1970-01-01 00:28:35.259600,1,0,2.0
1970-01-01 00:28:35.263200,1,0,2.0
1970-01-01 00:28:35.270400,1,0,2.0
1970-01-01 00:28:35.277600,1,0,2.0
1970-01-01 00:28:35.328000,0,1,2.0
1970-01-01 00:28:35.331600,0,1,2.0
1970-01-01 00:28:35.335200,0,1,2.0
1970-01-01 00:28:35.338800,0,1,2.0
1970-01-01 00:28:35.342400,0,1,2.0
1970-01-01 00:28:35.346000,0,1,2.0
1970-01-01 00:28:35.356800,0,1,2.0
1970-01-01 00:28:35.407200,1,0,2.0
1970-01-01 00:28:35.410800,1,0,2.0
1970-01-01 00:28:35.414400,1,0,2.0
1970-01-01 00:28:35.418000,1,0,2.0
1970-01-01 00:28:35.421600,1,0,2.0
1970-01-01 00:28:35.428800,0,1,2.0
1970-01-01 00:28:35.511600,1,0,2.0
1970-01-01 00:28:35.533200,0,1,2.0
1970-01-01 00:28:35.540400,0,1,2.0
1970-01-01 00:28:35.544000,0,1,2.0
1970-01-01 00:28:35.547600,0,1,2.0
1970-01-01 00:28:35.551200,0,1,2.0
1970-01-01 00:28:35.554800,0,1,2.0
1970-01-01 00:28:35.558400,0,1,2.0
1970-01-01 00:28:35.562000,0,1,2.0
1970-01-01 00:28:35.565600,1,0,2.0
1970-01-01 00:28:35.569200,1,0,2.0
1970-01-01 00:28:35.572800,1,0,2.0
1970-01-01 00:28:35.576400,1,0,2.0
1970-01-01 00:28:35.580000,1,0,2.0
1970-01-01 00:28:35.616000,0,1,2.0
1970-01-01 00:28:35.652000,1,0,2.0
1970-01-01 00:28:35.655600,1,0,2.0
1970-01-01 00:28:35.659200,1,0,2.0
1970-01-01 00:28:35.662800,1,0,2.0
1970-01-01 00:28:35.666400,1,0,2.0
1970-01-01 00:28:35.670000,0,1,2.0
1970-01-01 00:28:35.673600,0,1,2.0
1970-01-01 00:28:35.677200,0,1,2.0
1970-01-01 00:28:35.680800,0,1,2.0
1970-01-01 00:28:35.684400,0,1,2.0
1970-01-01 00:28:35.752800,1,0,2.0
1970-01-01 00:28:35.756400,1,0,2.0
1970-01-01 00:28:35.760000,1,0,2.0
1970-01-01 00:28:35.763600,1,0,2.0
1970-01-01 00:28:35.767200,1,0,2.0
1970-01-01 00:28:35.770800,1,0,2.0
1970-01-01 00:28:35.774400,1,0,2.0
1970-01-01 00:28:35.778000,1,0,2.0
1970-01-01 00:28:35.781600,1,0,2.0
1970-01-01 00:28:35.785200,1,0,2.0
1970-01-01 00:28:35.788800,1,0,2.0
1970-01-01 00:28:35.792400,1,0,2.0
1970-01-01 00:28:35.846400,0,1,2.0
1970-01-01 00:28:35.850000,0,1,2.0
1970-01-01 00:28:35.860800,1,0,2.0
1970-01-01 00:28:35.868000,1,0,2.0
1970-01-01 00:28:35.875200,0,1,2.0
1970-01-01 00:28:35.911200,1,0,2.0
1970-01-01 00:28:35.914800,1,0,2.0
1970-01-01 00:28:35.918400,1,0,2.0
1970-01-01 00:28:35.922000,1,0,2.0
1970-01-01 00:28:35.925600,1,0,2.0
1970-01-01 00:28:35.936400,1,0,2.0
1970-01-01 00:28:35.943600,1,0,2.0
1970-01-01 00:28:35.950800,1,0,2.0
1970-01-01 00:28:35.965200,1,0,2.0
1970-01-01 00:28:36.019200,0,1,2.0
1970-01-01 00:28:36.022800,0,1,2.0
1970-01-01 00:28:36.026400,0,1,2.0
1970-01-01 00:28:36.066000,1,0,2.0
1970-01-01 00:28:36.069600,1,0,2.0
1970-01-01 00:28:36.073200,1,0,2.0
1970-01-01 00:28:36.084000,0,1,2.0
1970-01-01 00:28:36.087600,0,1,2.0
1970-01-01 00:28:36.091200,0,1,2.0
1970-01-01 00:28:36.094800,0,1,2.0
1970-01-01 00:28:36.098400,0,1,2.0
1970-01-01 00:28:36.102000,0,1,2.0
1970-01-01 00:28:36.105600,0,1,2.0
1970-01-01 00:28:36.109200,0,1,2.0
1970-01-01 00:28:36.112800,0,1,2.0
1970-01-01 00:28:36.116400,0,1,2.0
1970-01-01 00:28:36.145200,1,0,2.0
1970-01-01 00:28:36.148800,1,0,2.0
1970-01-01 00:28:36.152400,1,0,2.0
1970-01-01 00:28:36.156000,1,0,2.0
1970-01-01 00:28:36.159600,1,0,2.0
1970-01-01 00:28:36.163200,1,0,2.0
1970-01-01 00:28:36.174000,1,0,2.0
1970-01-01 00:28:36.177600,0,1,2.0
1970-01-01 00:28:36.181200,0,1,2.0
1970-01-01 00:28:36.210000,1,0,2.0
1970-01-01 00:28:36.213600,1,0,2.0
1970-01-01 00:28:36.217200,1,0,2.0
1970-01-01 00:28:36.220800,1,0,2.0
1970-01-01 00:28:36.224400,1,0,2.0
1970-01-01 00:28:36.228000,1,0,2.0
1970-01-01 00:28:36.231600,1,0,2.0
1970-01-01 00:28:36.235200,1,0,2.0
1970-01-01 00:28:36.238800,1,0,2.0
1970-01-01 00:28:36.249600,0,1,2.0
1970-01-01 00:28:36.328800,0,1,2.0
1970-01-01 00:28:36.332400,0,1,2.0
1970-01-01 00:28:36.339600,0,1,2.0
1970-01-01 00:28:36.357600,0,1,2.0
1970-01-01 00:28:36.361200,0,1,2.0
1970-01-01 00:28:36.364800,0,1,2.0
1970-01-01 00:28:36.372000,0,1,2.0
1970-01-01 00:28:36.375600,1,0,2.0
1970-01-01 00:28:36.379200,1,0,2.0
1970-01-01 00:28:36.390000,0,1,2.0
1970-01-01 00:28:36.440400,1,0,2.0
1970-01-01 00:28:36.444000,1,0,2.0
1970-01-01 00:28:36.447600,0,0,2.0
1970-01-01 00:28:36.462000,0,1,2.0
1970-01-01 00:28:36.465600,0,1,2.0
1970-01-01 00:28:36.469200,0,1,2.0
1970-01-01 00:28:36.472800,0,1,2.0
1970-01-01 00:28:36.476400,0,1,2.0
1970-01-01 00:28:36.487200,1,0,2.0
1970-01-01 00:28:36.490800,1,0,2.0
1970-01-01 00:28:36.494400,1,0,2.0
1970-01-01 00:28:36.544800,0,1,2.0
1970-01-01 00:28:36.588000,1,0,2.0
1970-01-01 00:28:36.620400,0,1,2.0
1970-01-01 00:28:36.624000,0,1,2.0
1970-01-01 00:28:36.627600,0,1,2.0
1970-01-01 00:28:36.631200,0,1,2.0
1970-01-01 00:28:36.717600,0,1,2.0
1970-01-01 00:28:36.721200,0,1,2.0
1970-01-01 00:28:36.724800,0,1,2.0
1970-01-01 00:28:36.732000,0,1,2.0
1970-01-01 00:28:36.796800,1,0,2.0
1970-01-01 00:28:36.800400,1,0,2.0
1970-01-01 00:28:36.804000,1,0,2.0
1970-01-01 00:28:36.807600,1,0,2.0
1970-01-01 00:28:36.811200,1,0,2.0
1970-01-01 00:28:36.814800,1,0,2.0
1970-01-01 00:28:36.822000,0,1,2.0
1970-01-01 00:28:36.825600,0,1,2.0
1970-01-01 00:28:36.829200,0,1,2.0
1970-01-01 00:28:36.832800,0,1,2.0
1970-01-01 00:28:36.840000,0,1,2.0
1970-01-01 00:28:36.843600,0,1,2.0
1970-01-01 00:28:36.847200,0,1,2.0
1970-01-01 00:28:36.850800,0,1,2.0
1970-01-01 00:28:36.854400,0,1,2.0
1970-01-01 00:28:36.858000,0,1,2.0
1970-01-01 00:28:36.861600,0,1,2.0
1970-01-01 00:28:36.865200,0,1,2.0
1970-01-01 00:28:37.030800,0,1,2.0
1970-01-01 00:28:37.034400,0,1,2.0
1970-01-01 00:28:37.038000,0,1,2.0
1970-01-01 00:28:37.041600,0,1,2.0
1970-01-01 00:28:37.045200,0,1,2.0
1970-01-01 00:28:37.052400,1,0,2.0
1970-01-01 00:28:37.056000,1,0,2.0
1970-01-01 00:28:37.059600,1,0,2.0
1970-01-01 00:28:37.063200,1,0,2.0
1970-01-01 00:28:37.066800,1,0,2.0
1970-01-01 00:28:37.070400,1,0,2.0
1970-01-01 00:28:37.081200,0,1,2.0
1970-01-01 00:28:37.149600,0,1,2.0
1970-01-01 00:28:37.153200,0,1,2.0
1970-01-01 00:28:37.156800,0,1,2.0
1970-01-01 00:28:37.160400,0,1,2.0
1970-01-01 00:28:37.167600,1,0,2.0
1970-01-01 00:28:37.290000,0,1,2.0
1970-01-01 00:28:37.293600,0,1,2.0
1970-01-01 00:28:37.297200,0,1,2.0
1970-01-01 00:28:37.300800,0,1,2.0
1970-01-01 00:28:37.304400,0,1,2.0
1970-01-01 00:28:37.308000,0,1,2.0
1970-01-01 00:28:37.311600,0,1,2.0
1970-01-01 00:28:37.318800,1,0,2.0
1970-01-01 00:28:37.322400,1,0,2.0
1970-01-01 00:28:37.329600,1,0,2.0
1970-01-01 00:28:37.354800,1,0,2.0
1970-01-01 00:28:37.369200,1,0,2.0
1970-01-01 00:28:37.372800,1,0,2.0
1970-01-01 00:28:37.401600,0,1,2.0
1970-01-01 00:28:37.416000,0,1,2.0
1970-01-01 00:28:37.452000,0,1,2.0
1970-01-01 00:28:37.455600,0,1,2.0
1970-01-01 00:28:37.459200,0,1,2.0
1970-01-01 00:28:37.462800,0,1,2.0
1970-01-01 00:28:37.466400,0,1,2.0
1970-01-01 00:28:37.470000,0,1,2.0
1970-01-01 00:28:37.473600,0,1,2.0
1970-01-01 00:28:37.477200,0,1,2.0
1970-01-01 00:28:37.480800,0,1,2.0
1970-01-01 00:28:37.484400,0,1,2.0
1970-01-01 00:28:37.488000,1,0,2.0
1970-01-01 00:28:37.491600,1,0,2.0
1970-01-01 00:28:37.495200,1,0,2.0
1970-01-01 00:28:37.498800,1,0,2.0
1970-01-01 00:28:37.502400,1,0,2.0
1970-01-01 00:28:37.506000,1,0,2.0
1970-01-01 00:28:37.509600,1,0,2.0
1970-01-01 00:28:37.585200,1,0,2.0
1970-01-01 00:28:37.588800,1,0,2.0
1970-01-01 00:28:37.592400,1,0,2.0
1970-01-01 00:28:37.596000,1,0,2.0
1970-01-01 00:28:37.628400,0,1,2.0
1970-01-01 00:28:37.650000,1,0,2.0
1970-01-01 00:28:37.653600,1,0,2.0
1970-01-01 00:28:37.675200,1,0,2.0
1970-01-01 00:28:37.686000,0,1,2.0
1970-01-01 00:28:37.689600,0,1,2.0
1970-01-01 00:28:37.693200,0,1,2.0
1970-01-01 00:28:37.696800,0,1,2.0
1970-01-01 00:28:37.700400,0,1,2.0
1970-01-01 00:28:37.704000,0,1,2.0
1970-01-01 00:28:37.754400,0,1,2.0
1970-01-01 00:28:37.758000,0,1,2.0
1970-01-01 00:28:37.761600,0,1,2.0
1970-01-01 00:28:37.765200,0,1,2.0
1970-01-01 00:28:37.768800,0,1,2.0
1970-01-01 00:28:37.772400,0,1,2.0
1970-01-01 00:28:37.776000,0,1,2.0
1970-01-01 00:28:37.779600,0,1,2.0
1970-01-01 00:28:37.837200,0,1,2.0
1970-01-01 00:28:37.840800,0,1,2.0
1970-01-01 00:28:37.916400,1,0,2.0
1970-01-01 00:28:37.920000,1,0,2.0
1970-01-01 00:28:37.923600,1,0,2.0
1970-01-01 00:28:37.927200,1,0,2.0
1970-01-01 00:28:37.930800,1,0,2.0
1970-01-01 00:28:37.963200,0,1,2.0
1970-01-01 00:28:37.966800,0,1,2.0
1970-01-01 00:28:37.970400,0,1,2.0
1970-01-01 00:28:37.974000,0,1,2.0
1970-01-01 00:28:37.977600,0,1,2.0
1970-01-01 00:28:37.981200,0,1,2.0
1970-01-01 00:28:37.984800,0,1,2.0
1970-01-01 00:28:37.988400,0,1,2.0
1970-01-01 00:28:37.992000,0,1,2.0
1970-01-01 00:28:37.995600,0,1,2.0
1970-01-01 00:28:38.010000,1,0,2.0
1970-01-01 00:28:38.013600,1,0,2.0
1970-01-01 00:28:38.017200,1,0,2.0
1970-01-01 00:28:38.020800,1,0,2.0
1970-01-01 00:28:38.024400,1,0,2.0
1970-01-01 00:28:38.028000,1,0,2.0
1970-01-01 00:28:38.031600,0,1,2.0
1970-01-01 00:28:38.046000,0,1,2.0
1970-01-01 00:28:38.049600,0,1,2.0
1970-01-01 00:28:38.053200,0,1,2.0
1970-01-01 00:28:38.056800,0,1,2.0
1970-01-01 00:28:38.060400,0,1,2.0
1970-01-01 00:28:38.064000,0,1,2.0
1970-01-01 00:28:38.078400,1,0,2.0
1970-01-01 00:28:38.082000,1,0,2.0
1970-01-01 00:28:38.085600,1,0,2.0
1970-01-01 00:28:38.096400,0,1,2.0
1970-01-01 00:28:38.100000,0,1,2.0
1970-01-01 00:28:38.103600,0,1,2.0
1970-01-01 00:28:38.107200,0,1,2.0
1970-01-01 00:28:38.172000,1,0,2.0
1970-01-01 00:28:38.190000,1,0,2.0
1970-01-01 00:28:38.197200,0,0,2.0
1970-01-01 00:28:38.200800,0,1,2.0
1970-01-01 00:28:38.204400,0,1,2.0
1970-01-01 00:28:38.208000,0,1,2.0
1970-01-01 00:28:38.211600,0,1,2.0
1970-01-01 00:28:38.258400,1,0,2.0
1970-01-01 00:28:38.272800,0,1,2.0
1970-01-01 00:28:38.276400,0,1,2.0
1970-01-01 00:28:38.280000,0,1,2.0
1970-01-01 00:28:38.283600,0,0,2.0
1970-01-01 00:28:38.290800,1,0,2.0
1970-01-01 00:28:38.355600,1,0,2.0
1970-01-01 00:28:38.359200,0,1,2.0
1970-01-01 00:28:38.362800,0,1,2.0
1970-01-01 00:28:38.366400,0,1,2.0
1970-01-01 00:28:38.370000,0,1,2.0
1970-01-01 00:28:38.373600,0,1,2.0
1970-01-01 00:28:38.377200,0,1,2.0
1970-01-01 00:28:38.413200,1,0,2.0
1970-01-01 00:28:38.460000,1,0,2.0
1970-01-01 00:28:38.463600,1,0,2.0
1970-01-01 00:28:38.481600,1,0,2.0
1970-01-01 00:28:38.485200,1,0,2.0
1970-01-01 00:28:38.488800,1,0,2.0
1970-01-01 00:28:38.492400,1,0,2.0
1970-01-01 00:28:38.496000,1,0,2.0
1970-01-01 00:28:38.528400,0,1,2.0
1970-01-01 00:28:38.532000,0,1,2.0
1970-01-01 00:28:38.571600,0,0,2.0
1970-01-01 00:28:38.575200,0,1,2.0
1970-01-01 00:28:38.578800,0,1,2.0
1970-01-01 00:28:38.582400,0,1,2.0
1970-01-01 00:28:38.586000,0,1,2.0
1970-01-01 00:28:38.589600,0,1,2.0
1970-01-01 00:28:38.593200,0,1,2.0
1970-01-01 00:28:38.596800,0,1,2.0
1970-01-01 00:28:38.600400,0,1,2.0
1970-01-01 00:28:38.604000,0,0,2.0
1970-01-01 00:28:38.607600,0,1,2.0
1970-01-01 00:28:38.611200,0,1,2.0
1970-01-01 00:28:38.614800,0,1,2.0
1970-01-01 00:28:38.618400,0,1,2.0
1970-01-01 00:28:38.625600,0,1,2.0
1970-01-01 00:28:38.629200,1,0,2.0
1970-01-01 00:28:38.636400,1,0,2.0
1970-01-01 00:28:38.647200,0,1,2.0
1970-01-01 00:28:38.650800,0,1,2.0
1970-01-01 00:28:38.654400,0,1,2.0
1970-01-01 00:28:38.658000,0,1,2.0
1970-01-01 00:28:38.661600,0,1,2.0
1970-01-01 00:28:38.665200,0,1,2.0
1970-01-01 00:28:38.668800,0,1,2.0
1970-01-01 00:28:38.694000,0,1,2.0
1970-01-01 00:28:38.697600,0,1,2.0
1970-01-01 00:28:38.701200,0,1,2.0
1970-01-01 00:28:38.730000,1,0,2.0
1970-01-01 00:28:38.733600,1,0,2.0
1970-01-01 00:28:38.737200,1,0,2.0
1970-01-01 00:28:38.740800,1,0,2.0
1970-01-01 00:28:38.744400,1,0,2.0
1970-01-01 00:28:38.748000,1,0,2.0
1970-01-01 00:28:38.751600,1,0,2.0
1970-01-01 00:28:38.755200,1,0,2.0
1970-01-01 00:28:38.848800,1,0,2.0
1970-01-01 00:28:38.859600,1,0,2.0
1970-01-01 00:28:38.863200,1,0,2.0
1970-01-01 00:28:38.866800,0,0,2.0
1970-01-01 00:28:38.870400,1,0,2.0
1970-01-01 00:28:38.874000,1,0,2.0
1970-01-01 00:28:38.877600,0,1,2.0
1970-01-01 00:28:38.881200,0,1,2.0
1970-01-01 00:28:38.884800,0,1,2.0
1970-01-01 00:28:38.888400,0,1,2.0
1970-01-01 00:28:38.895600,1,0,2.0
1970-01-01 00:28:38.899200,1,0,2.0
1970-01-01 00:28:38.931600,0,1,2.0
